t_s,mode,u_cmd,theta_rad,theta_dot_rad_s,enc,freq_hz,amp,segment,step_duty
0.000000,coast,0.000000,0.000100,0.029087,-2,0.000000,0.000000,1,0.000000
0.002278,coast,0.000000,0.000154,0.028821,-2,0.000000,0.000000,1,0.000000
0.004446,coast,0.000000,0.000197,0.024024,-2,0.000000,0.000000,1,0.000000
0.006816,coast,0.000000,0.000247,0.025623,-2,0.000000,0.000000,1,0.000000
0.009433,coast,0.000000,0.000292,0.022159,-2,0.000000,0.000000,1,0.000000
0.011823,coast,0.000000,0.000321,0.022692,-2,0.000000,0.000000,1,0.000000
0.014158,coast,0.000000,0.000367,0.018961,-2,0.000000,0.000000,1,0.000000
0.016551,coast,0.000000,0.000438,0.023225,-2,0.000000,0.000000,1,0.000000
0.019255,coast,0.000000,0.000505,0.018695,-2,0.000000,0.000000,1,0.000000
0.021955,coast,0.000000,0.000540,0.017363,-2,0.000000,0.000000,1,0.000000
0.024669,coast,0.000000,0.000576,0.017629,-2,0.000000,0.000000,1,0.000000
0.027415,coast,0.000000,0.000640,0.018695,-2,0.000000,0.000000,1,0.000000
0.030309,coast,0.000000,0.000675,0.012033,-2,0.000000,0.000000,1,0.000000
0.033181,coast,0.000000,0.000701,0.016830,-2,0.000000,0.000000,1,0.000000
0.036144,coast,0.000000,0.000739,0.012300,-2,0.000000,0.000000,1,0.000000
0.039230,coast,0.000000,0.000749,0.010968,-2,0.000000,0.000000,1,0.000000
0.042726,coast,0.000000,0.000778,0.010168,-2,0.000000,0.000000,1,0.000000
0.045901,coast,0.000000,0.000835,0.006704,-2,0.000000,0.000000,1,0.000000
0.048861,coast,0.000000,0.000877,0.004839,-2,0.000000,0.000000,1,0.000000
0.051466,coast,0.000000,0.000898,0.005905,-2,0.000000,0.000000,1,0.000000
0.054120,coast,0.000000,0.000880,0.004040,-2,0.000000,0.000000,1,0.000000
0.056917,coast,0.000000,0.000890,0.004839,-2,0.000000,0.000000,1,0.000000
0.059888,coast,0.000000,0.000908,0.002441,-2,0.000000,0.000000,1,0.000000
0.062643,coast,0.000000,0.000920,-0.001023,-2,0.000000,0.000000,1,0.000000
0.065550,coast,0.000000,0.000888,-0.000757,-2,0.000000,0.000000,1,0.000000
0.068370,coast,0.000000,0.000886,-0.000224,-2,0.000000,0.000000,1,0.000000
0.071299,coast,0.000000,0.000889,-0.004754,-2,0.000000,0.000000,1,0.000000
0.074236,coast,0.000000,0.000897,-0.004487,-2,0.000000,0.000000,1,0.000000
0.077198,coast,0.000000,0.000879,-0.002089,-2,0.000000,0.000000,1,0.000000
0.080203,coast,0.000000,0.000872,-0.007685,-2,0.000000,0.000000,1,0.000000
0.083541,coast,0.000000,0.000781,-0.011948,-2,0.000000,0.000000,1,0.000000
0.086513,coast,0.000000,0.000744,-0.008484,-2,0.000000,0.000000,1,0.000000
0.089817,coast,0.000000,0.000688,-0.013280,-2,0.000000,0.000000,1,0.000000
0.093150,coast,0.000000,0.000686,-0.010349,-2,0.000000,0.000000,1,0.000000
0.096346,coast,0.000000,0.000649,-0.012748,-2,0.000000,0.000000,1,0.000000
0.099463,coast,0.000000,0.000618,-0.013014,-2,0.000000,0.000000,1,0.000000
0.102447,coast,0.000000,0.000567,-0.017011,-2,0.000000,0.000000,1,0.000000
0.105199,coast,0.000000,0.000549,-0.014613,-2,0.000000,0.000000,1,0.000000
0.108156,coast,0.000000,0.000522,-0.016212,-2,0.000000,0.000000,1,0.000000
0.111178,coast,0.000000,0.000468,-0.017544,-2,0.000000,0.000000,1,0.000000
0.114281,coast,0.000000,0.000420,-0.019942,-2,0.000000,0.000000,1,0.000000
0.117284,coast,0.000000,0.000390,-0.019143,-2,0.000000,0.000000,1,0.000000
0.120288,coast,0.000000,0.000348,-0.022340,-2,0.000000,0.000000,1,0.000000
0.123218,coast,0.000000,0.000318,-0.022607,-2,0.000000,0.000000,1,0.000000
0.126164,coast,0.000000,0.000278,-0.021807,-2,0.000000,0.000000,1,0.000000
0.129117,coast,0.000000,0.000240,-0.023406,-2,0.000000,0.000000,1,0.000000
0.132088,coast,0.000000,0.000197,-0.023140,-2,0.000000,0.000000,1,0.000000
0.135067,coast,0.000000,0.000133,-0.023673,-2,0.000000,0.000000,1,0.000000
0.138055,coast,0.000000,0.000061,-0.027137,-2,0.000000,0.000000,1,0.000000
0.141095,coast,0.000000,0.000006,-0.026071,-2,0.000000,0.000000,1,0.000000
0.144335,coast,0.000000,-0.000057,-0.022873,-2,0.000000,0.000000,1,0.000000
0.147497,coast,0.000000,-0.000128,-0.025538,-2,0.000000,0.000000,1,0.000000
0.150678,coast,0.000000,-0.000217,-0.029801,-2,0.000000,0.000000,1,0.000000
0.153860,coast,0.000000,-0.000292,-0.026870,-2,0.000000,0.000000,1,0.000000
0.157078,coast,0.000000,-0.000375,-0.030867,-2,0.000000,0.000000,1,0.000000
0.160352,coast,0.000000,-0.000478,-0.029535,-2,0.000000,0.000000,1,0.000000
0.163318,coast,0.000000,-0.000505,-0.027669,-2,0.000000,0.000000,1,0.000000
0.166560,coast,0.000000,-0.000576,-0.027936,-2,0.000000,0.000000,1,0.000000
0.169500,coast,0.000000,-0.000672,-0.032466,-2,0.000000,0.000000,1,0.000000
0.172565,coast,0.000000,-0.000712,-0.030867,-2,0.000000,0.000000,1,0.000000
0.175342,coast,0.000000,-0.000781,-0.030601,-2,0.000000,0.000000,1,0.000000
0.178412,coast,0.000000,-0.000805,-0.025804,-2,0.000000,0.000000,1,0.000000
0.181203,coast,0.000000,-0.000870,-0.030867,-2,0.000000,0.000000,1,0.000000
0.184201,coast,0.000000,-0.000944,-0.028202,-2,0.000000,0.000000,1,0.000000
0.187149,coast,0.000000,-0.000989,-0.028735,-2,0.000000,0.000000,1,0.000000
0.190319,coast,0.000000,-0.001061,-0.030867,-2,0.000000,0.000000,1,0.000000
0.193301,coast,0.000000,-0.001105,-0.028202,-2,0.000000,0.000000,1,0.000000
0.196238,coast,0.000000,-0.001134,-0.028202,-2,0.000000,0.000000,1,0.000000
0.199204,coast,0.000000,-0.001177,-0.030068,-2,0.000000,0.000000,1,0.000000
0.202320,coast,0.000000,-0.001217,-0.027936,-2,0.000000,0.000000,1,0.000000
0.205494,coast,0.000000,-0.001282,-0.028735,-2,0.000000,0.000000,1,0.000000
0.209114,coast,0.000000,-0.001327,-0.031133,-2,0.000000,0.000000,1,0.000000
0.212540,coast,0.000000,-0.001389,-0.029268,-2,0.000000,0.000000,1,0.000000
0.215903,coast,0.000000,-0.001465,-0.029002,-2,0.000000,0.000000,1,0.000000
0.218866,coast,0.000000,-0.001508,-0.027137,-2,0.000000,0.000000,1,0.000000
0.221834,coast,0.000000,-0.001556,-0.028202,-2,0.000000,0.000000,1,0.000000
0.224781,coast,0.000000,-0.001568,-0.026337,-2,0.000000,0.000000,1,0.000000
0.227934,coast,0.000000,-0.001612,-0.026071,-2,0.000000,0.000000,1,0.000000
0.230866,coast,0.000000,-0.001647,-0.028469,-2,0.000000,0.000000,1,0.000000
0.233678,coast,0.000000,-0.001658,-0.026604,-2,0.000000,0.000000,1,0.000000
0.236497,coast,0.000000,-0.001706,-0.025804,-2,0.000000,0.000000,1,0.000000
0.239216,coast,0.000000,-0.001740,-0.024205,-2,0.000000,0.000000,1,0.000000
0.242205,coast,0.000000,-0.001755,-0.023673,-2,0.000000,0.000000,1,0.000000
0.245400,coast,0.000000,-0.001786,-0.024472,-2,0.000000,0.000000,1,0.000000
0.248609,coast,0.000000,-0.001856,-0.024472,-2,0.000000,0.000000,1,0.000000
0.251792,coast,0.000000,-0.001925,-0.022340,-2,0.000000,0.000000,1,0.000000
0.254990,coast,0.000000,-0.001933,-0.023140,-2,0.000000,0.000000,1,0.000000
0.258266,coast,0.000000,-0.001974,-0.026604,-2,0.000000,0.000000,1,0.000000
0.261418,coast,0.000000,-0.002012,-0.023406,-2,0.000000,0.000000,1,0.000000
0.264361,coast,0.000000,-0.002017,-0.021541,-2,0.000000,0.000000,1,0.000000
0.267321,coast,0.000000,-0.002030,-0.022074,-2,0.000000,0.000000,1,0.000000
0.270310,coast,0.000000,-0.002046,-0.021807,-2,0.000000,0.000000,1,0.000000
0.273274,coast,0.000000,-0.002044,-0.022873,-2,0.000000,0.000000,1,0.000000
0.276531,coast,0.000000,-0.002067,-0.019143,-2,0.000000,0.000000,1,0.000000
0.279468,coast,0.000000,-0.002102,-0.022074,-2,0.000000,0.000000,1,0.000000
0.282409,coast,0.000000,-0.002132,-0.019409,-2,0.000000,0.000000,1,0.000000
0.285584,coast,0.000000,-0.002156,-0.017544,-2,0.000000,0.000000,1,0.000000
0.288773,coast,0.000000,-0.002191,-0.018610,-2,0.000000,0.000000,1,0.000000
0.291973,coast,0.000000,-0.002191,-0.017277,-2,0.000000,0.000000,1,0.000000
0.294984,coast,0.000000,-0.002197,-0.017810,-2,0.000000,0.000000,1,0.000000
0.298188,coast,0.000000,-0.002210,-0.014613,-2,0.000000,0.000000,1,0.000000
0.301135,coast,0.000000,-0.002198,-0.015945,-2,0.000000,0.000000,1,0.000000
0.304272,coast,0.000000,-0.002195,-0.015146,-2,0.000000,0.000000,1,0.000000
0.307199,coast,0.000000,-0.002226,-0.016745,-2,0.000000,0.000000,1,0.000000
0.310321,coast,0.000000,-0.002242,-0.016212,-2,0.000000,0.000000,1,0.000000
0.313304,coast,0.000000,-0.002217,-0.011682,-2,0.000000,0.000000,1,0.000000
0.316238,coast,0.000000,-0.002201,-0.014879,-2,0.000000,0.000000,1,0.000000
0.319186,coast,0.000000,-0.002202,-0.011149,-2,0.000000,0.000000,1,0.000000
0.322128,coast,0.000000,-0.002202,-0.014879,-2,0.000000,0.000000,1,0.000000
0.325087,coast,0.000000,-0.002186,-0.011682,-2,0.000000,0.000000,1,0.000000
0.328084,coast,0.000000,-0.002164,-0.011415,-2,0.000000,0.000000,1,0.000000
0.331014,coast,0.000000,-0.002132,-0.006885,-2,0.000000,0.000000,1,0.000000
0.334191,coast,0.000000,-0.002123,-0.009017,-2,0.000000,0.000000,1,0.000000
0.337387,coast,0.000000,-0.002085,-0.007152,-2,0.000000,0.000000,1,0.000000
0.340551,coast,0.000000,-0.002073,-0.008751,-2,0.000000,0.000000,1,0.000000
0.343542,coast,0.000000,-0.002036,-0.007152,-2,0.000000,0.000000,1,0.000000
0.346310,coast,0.000000,-0.002013,-0.008484,-2,0.000000,0.000000,1,0.000000
0.349039,coast,0.000000,-0.001983,-0.004221,-2,0.000000,0.000000,1,0.000000
0.351807,coast,0.000000,-0.001947,-0.002888,-2,0.000000,0.000000,1,0.000000
0.354741,coast,0.000000,-0.001910,-0.005020,-2,0.000000,0.000000,1,0.000000
0.357678,coast,0.000000,-0.001884,-0.003688,-2,0.000000,0.000000,1,0.000000
0.360687,coast,0.000000,-0.001879,-0.002888,-2,0.000000,0.000000,1,0.000000
0.363772,coast,0.000000,-0.001859,-0.002888,-2,0.000000,0.000000,1,0.000000
0.366932,coast,0.000000,-0.001802,-0.002622,-2,0.000000,0.000000,1,0.000000
0.370107,coast,0.000000,-0.001763,-0.001556,-2,0.000000,0.000000,1,0.000000
0.373287,coast,0.000000,-0.001742,0.001108,-2,0.000000,0.000000,1,0.000000
0.376227,coast,0.000000,-0.001698,0.001375,-2,0.000000,0.000000,1,0.000000
0.379208,coast,0.000000,-0.001657,-0.001023,-2,0.000000,0.000000,1,0.000000
0.382227,coast,0.000000,-0.001623,0.000576,-2,0.000000,0.000000,1,0.000000
0.385210,coast,0.000000,-0.001590,-0.000490,-2,0.000000,0.000000,1,0.000000
0.388463,coast,0.000000,-0.001568,0.000309,-2,0.000000,0.000000,1,0.000000
0.391384,coast,0.000000,-0.001518,0.002707,-2,0.000000,0.000000,1,0.000000
0.394390,coast,0.000000,-0.001424,0.003507,-2,0.000000,0.000000,1,0.000000
0.397586,coast,0.000000,-0.001377,0.002707,-2,0.000000,0.000000,1,0.000000
0.400829,coast,0.000000,-0.001343,0.002174,-2,0.000000,0.000000,1,0.000000
0.404003,coast,0.000000,-0.001316,0.001108,-2,0.000000,0.000000,1,0.000000
0.406961,coast,0.000000,-0.001251,0.004572,-2,0.000000,0.000000,1,0.000000
0.410076,coast,0.000000,-0.001210,0.003240,-2,0.000000,0.000000,1,0.000000
0.413040,coast,0.000000,-0.001166,0.003507,-2,0.000000,0.000000,1,0.000000
0.415990,coast,0.000000,-0.001127,0.003773,-2,0.000000,0.000000,1,0.000000
0.418894,coast,0.000000,-0.001089,0.005372,-2,0.000000,0.000000,1,0.000000
0.421850,coast,0.000000,-0.001024,0.003507,-2,0.000000,0.000000,1,0.000000
0.424885,coast,0.000000,-0.000978,0.005105,-2,0.000000,0.000000,1,0.000000
0.428106,coast,0.000000,-0.000916,0.005372,-2,0.000000,0.000000,1,0.000000
0.431284,coast,0.000000,-0.000873,0.007504,-2,0.000000,0.000000,1,0.000000
0.434445,coast,0.000000,-0.000806,0.008303,-2,0.000000,0.000000,1,0.000000
0.437867,coast,0.000000,-0.000728,0.007237,-2,0.000000,0.000000,1,0.000000
0.441087,coast,0.000000,-0.000684,0.005638,-2,0.000000,0.000000,1,0.000000
0.444306,coast,0.000000,-0.000607,0.006438,-2,0.000000,0.000000,1,0.000000
0.447259,coast,0.000000,-0.000550,0.005905,-2,0.000000,0.000000,1,0.000000
0.450263,coast,0.000000,-0.000501,0.006971,-2,0.000000,0.000000,1,0.000000
0.453220,coast,0.000000,-0.000469,0.007770,-2,0.000000,0.000000,1,0.000000
0.456195,coast,0.000000,-0.000407,0.006971,-2,0.000000,0.000000,1,0.000000
0.459153,coast,0.000000,-0.000377,0.007504,-2,0.000000,0.000000,1,0.000000
0.462135,coast,0.000000,-0.000304,0.007504,-2,0.000000,0.000000,1,0.000000
0.465141,coast,0.000000,-0.000246,0.008836,-2,0.000000,0.000000,1,0.000000
0.468717,coast,0.000000,-0.000183,0.008836,-2,0.000000,0.000000,1,0.000000
0.472176,coast,0.000000,-0.000126,0.006438,-2,0.000000,0.000000,1,0.000000
0.475904,coast,0.000000,-0.000080,0.006971,-2,0.000000,0.000000,1,0.000000
0.478844,coast,0.000000,-0.000033,0.006438,-2,0.000000,0.000000,1,0.000000
0.481757,coast,0.000000,0.000031,0.007770,-2,0.000000,0.000000,1,0.000000
0.484675,coast,0.000000,0.000091,0.006438,-2,0.000000,0.000000,1,0.000000
0.487606,coast,0.000000,0.000138,0.005372,-2,0.000000,0.000000,1,0.000000
0.490700,coast,0.000000,0.000171,0.007504,-2,0.000000,0.000000,1,0.000000
0.493687,coast,0.000000,0.000233,0.011234,-2,0.000000,0.000000,1,0.000000
0.496634,coast,0.000000,0.000270,0.005105,-2,0.000000,0.000000,1,0.000000
0.499608,coast,0.000000,0.000278,0.004572,-2,0.000000,0.000000,1,0.000000
0.502572,coast,0.000000,0.000313,0.005638,-2,0.000000,0.000000,1,0.000000
0.505914,coast,0.000000,0.000351,0.005638,-2,0.000000,0.000000,1,0.000000
0.508883,coast,0.000000,0.000402,0.005905,-2,0.000000,0.000000,1,0.000000
0.511852,coast,0.000000,0.000430,0.003773,-2,0.000000,0.000000,1,0.000000
0.514773,coast,0.000000,0.000446,0.003773,-2,0.000000,0.000000,1,0.000000
0.517868,coast,0.000000,0.000470,0.005905,-2,0.000000,0.000000,1,0.000000
0.521012,coast,0.000000,0.000512,0.002974,-2,0.000000,0.000000,1,0.000000
0.524217,coast,0.000000,0.000547,0.005638,-2,0.000000,0.000000,1,0.000000
0.527411,coast,0.000000,0.000554,0.003507,-2,0.000000,0.000000,1,0.000000
0.530572,coast,0.000000,0.000599,0.002707,-2,0.000000,0.000000,1,0.000000
0.533774,coast,0.000000,0.000605,0.001908,-2,0.000000,0.000000,1,0.000000
0.536917,coast,0.000000,0.000643,0.001908,-2,0.000000,0.000000,1,0.000000
0.539882,coast,0.000000,0.000644,0.001908,-2,0.000000,0.000000,1,0.000000
0.542842,coast,0.000000,0.000694,0.006171,-2,0.000000,0.000000,1,0.000000
0.545835,coast,0.000000,0.000711,-0.000224,-2,0.000000,0.000000,1,0.000000
0.548767,coast,0.000000,0.000737,0.002174,-2,0.000000,0.000000,1,0.000000
0.551783,coast,0.000000,0.000751,0.003773,-2,0.000000,0.000000,1,0.000000
0.554723,coast,0.000000,0.000790,0.002441,-2,0.000000,0.000000,1,0.000000
0.558177,coast,0.000000,0.000785,0.002441,-2,0.000000,0.000000,1,0.000000
0.561160,coast,0.000000,0.000812,0.003507,-2,0.000000,0.000000,1,0.000000
0.564283,coast,0.000000,0.000822,0.001108,-2,0.000000,0.000000,1,0.000000
0.567157,coast,0.000000,0.000846,0.002974,-2,0.000000,0.000000,1,0.000000
0.570080,coast,0.000000,0.000877,-0.000757,-2,0.000000,0.000000,1,0.000000
0.572873,coast,0.000000,0.000880,0.000309,-2,0.000000,0.000000,1,0.000000
0.575735,coast,0.000000,0.000909,-0.000490,-2,0.000000,0.000000,1,0.000000
0.578872,coast,0.000000,0.000925,-0.000224,-2,0.000000,0.000000,1,0.000000
0.582120,coast,0.000000,0.000934,-0.000757,-2,0.000000,0.000000,1,0.000000
0.585398,coast,0.000000,0.000941,-0.002622,-2,0.000000,0.000000,1,0.000000
0.588538,coast,0.000000,0.000971,0.001108,-2,0.000000,0.000000,1,0.000000
0.591526,coast,0.000000,0.000998,-0.004221,-2,0.000000,0.000000,1,0.000000
0.594503,coast,0.000000,0.001013,-0.000757,-2,0.000000,0.000000,1,0.000000
0.597443,coast,0.000000,0.001018,-0.002089,-2,0.000000,0.000000,1,0.000000
0.600312,coast,0.000000,0.001034,-0.001823,-2,0.000000,0.000000,1,0.000000
0.602884,coast,0.000000,0.001024,-0.006086,-2,0.000000,0.000000,1,0.000000
0.605409,coast,0.000000,0.001039,-0.001290,-2,0.000000,0.000000,1,0.000000
0.608040,coast,0.000000,0.001030,-0.006086,-2,0.000000,0.000000,1,0.000000
0.611284,coast,0.000000,0.001048,-0.002356,-2,0.000000,0.000000,1,0.000000
0.614474,coast,0.000000,0.001054,-0.004754,-2,0.000000,0.000000,1,0.000000
0.617693,coast,0.000000,0.001043,-0.002888,-2,0.000000,0.000000,1,0.000000
0.620705,coast,0.000000,0.001017,-0.005020,-2,0.000000,0.000000,1,0.000000
0.623663,coast,0.000000,0.001013,-0.006619,-2,0.000000,0.000000,1,0.000000
0.626620,coast,0.000000,0.000986,-0.003688,-2,0.000000,0.000000,1,0.000000
0.629890,coast,0.000000,0.000991,-0.006086,-2,0.000000,0.000000,1,0.000000
0.632643,coast,0.000000,0.001003,-0.008751,-2,0.000000,0.000000,1,0.000000
0.635584,coast,0.000000,0.000972,-0.008751,-2,0.000000,0.000000,1,0.000000
0.638388,coast,0.000000,0.000986,-0.005820,-2,0.000000,0.000000,1,0.000000
0.641122,coast,0.000000,0.000991,-0.007951,-2,0.000000,0.000000,1,0.000000
0.643894,coast,0.000000,0.000997,-0.005020,-2,0.000000,0.000000,1,0.000000
0.646646,coast,0.000000,0.001005,-0.007152,-2,0.000000,0.000000,1,0.000000
0.649504,coast,0.000000,0.001006,-0.007418,-2,0.000000,0.000000,1,0.000000
0.652539,coast,0.000000,0.000995,-0.009550,-2,0.000000,0.000000,1,0.000000
0.655875,coast,0.000000,0.000990,-0.007418,-2,0.000000,0.000000,1,0.000000
0.658840,coast,0.000000,0.000974,-0.008484,-2,0.000000,0.000000,1,0.000000
0.661791,coast,0.000000,0.000990,-0.006086,-2,0.000000,0.000000,1,0.000000
0.664717,coast,0.000000,0.000974,-0.008218,-2,0.000000,0.000000,1,0.000000
0.667674,coast,0.000000,0.000952,-0.009284,-2,0.000000,0.000000,1,0.000000
0.670477,coast,0.000000,0.000947,-0.009284,-2,0.000000,0.000000,1,0.000000
0.673266,coast,0.000000,0.000952,-0.009550,-2,0.000000,0.000000,1,0.000000
0.676006,coast,0.000000,0.000963,-0.007152,-2,0.000000,0.000000,1,0.000000
0.678845,coast,0.000000,0.000940,-0.010083,-2,0.000000,0.000000,1,0.000000
0.682015,coast,0.000000,0.000925,-0.010616,-2,0.000000,0.000000,1,0.000000
0.685269,coast,0.000000,0.000929,-0.010083,-2,0.000000,0.000000,1,0.000000
0.688464,coast,0.000000,0.000907,-0.007951,-2,0.000000,0.000000,1,0.000000
0.691801,coast,0.000000,0.000860,-0.010349,-2,0.000000,0.000000,1,0.000000
0.695142,coast,0.000000,0.000809,-0.009284,-2,0.000000,0.000000,1,0.000000
0.698803,coast,0.000000,0.000793,-0.009550,-2,0.000000,0.000000,1,0.000000
0.701800,coast,0.000000,0.000768,-0.011415,-2,0.000000,0.000000,1,0.000000
0.704163,coast,0.000000,0.000766,-0.011948,-2,0.000000,0.000000,1,0.000000
0.706557,coast,0.000000,0.000740,-0.011682,-2,0.000000,0.000000,1,0.000000
0.709114,coast,0.000000,0.000724,-0.012215,-2,0.000000,0.000000,1,0.000000
0.711839,coast,0.000000,0.000681,-0.011948,-2,0.000000,0.000000,1,0.000000
0.714388,coast,0.000000,0.000703,-0.009550,-2,0.000000,0.000000,1,0.000000
0.716868,coast,0.000000,0.000702,-0.010616,-2,0.000000,0.000000,1,0.000000
0.719915,coast,0.000000,0.000673,-0.011948,-2,0.000000,0.000000,1,0.000000
0.722334,coast,0.000000,0.000654,-0.011682,-2,0.000000,0.000000,1,0.000000
0.725138,coast,0.000000,0.000624,-0.013280,-2,0.000000,0.000000,1,0.000000
0.727338,coast,0.000000,0.000622,-0.014613,-2,0.000000,0.000000,1,0.000000
0.730143,coast,0.000000,0.000609,-0.009017,-2,0.000000,0.000000,1,0.000000
0.732164,coast,0.000000,0.000613,-0.014346,-2,0.000000,0.000000,1,0.000000
0.734497,coast,0.000000,0.000619,-0.011948,-2,0.000000,0.000000,1,0.000000
0.736547,coast,0.000000,0.000609,-0.012748,-2,0.000000,0.000000,1,0.000000
0.738578,coast,0.000000,0.000566,-0.012748,-2,0.000000,0.000000,1,0.000000
0.740572,coast,0.000000,0.000583,-0.012481,-2,0.000000,0.000000,1,0.000000
0.742790,coast,0.000000,0.000589,-0.012748,-2,0.000000,0.000000,1,0.000000
0.745111,coast,0.000000,0.000603,-0.009284,-2,0.000000,0.000000,1,0.000000
0.747635,coast,0.000000,0.000599,-0.013014,-2,0.000000,0.000000,1,0.000000
0.749790,coast,0.000000,0.000584,-0.012748,-2,0.000000,0.000000,1,0.000000
0.751931,coast,0.000000,0.000579,-0.016478,-2,0.000000,0.000000,1,0.000000
0.754167,coast,0.000000,0.000557,-0.012215,-2,0.000000,0.000000,1,0.000000
0.756264,coast,0.000000,0.000547,-0.011682,-2,0.000000,0.000000,1,0.000000
0.758338,coast,0.000000,0.000555,-0.012215,-2,0.000000,0.000000,1,0.000000
0.760330,coast,0.000000,0.000555,-0.009550,-2,0.000000,0.000000,1,0.000000
0.762349,coast,0.000000,0.000536,-0.015146,-2,0.000000,0.000000,1,0.000000
0.764655,coast,0.000000,0.000526,-0.011149,-2,0.000000,0.000000,1,0.000000
0.766902,coast,0.000000,0.000521,-0.012215,-2,0.000000,0.000000,1,0.000000
0.769292,coast,0.000000,0.000509,-0.013813,-2,0.000000,0.000000,1,0.000000
0.771431,coast,0.000000,0.000491,-0.013547,-2,0.000000,0.000000,1,0.000000
0.773601,coast,0.000000,0.000509,-0.010616,-2,0.000000,0.000000,1,0.000000
0.775704,coast,0.000000,0.000518,-0.012215,-2,0.000000,0.000000,1,0.000000
0.777779,coast,0.000000,0.000499,-0.011948,-2,0.000000,0.000000,1,0.000000
0.779945,coast,0.000000,0.000504,-0.010616,-2,0.000000,0.000000,1,0.000000
0.781973,coast,0.000000,0.000490,-0.009284,-2,0.000000,0.000000,1,0.000000
0.784228,coast,0.000000,0.000515,-0.007418,-2,0.000000,0.000000,1,0.000000
0.786441,coast,0.000000,0.000494,-0.011415,-2,0.000000,0.000000,1,0.000000
0.788554,coast,0.000000,0.000492,-0.010083,-2,0.000000,0.000000,1,0.000000
0.790688,coast,0.000000,0.000486,-0.010349,-2,0.000000,0.000000,1,0.000000
0.793339,coast,0.000000,0.000492,-0.010083,-2,0.000000,0.000000,1,0.000000
0.795653,coast,0.000000,0.000486,-0.010083,-2,0.000000,0.000000,1,0.000000
0.798064,coast,0.000000,0.000480,-0.011415,-2,0.000000,0.000000,1,0.000000
0.800463,coast,0.000000,0.000474,-0.011948,-2,0.000000,0.000000,1,0.000000
0.802583,coast,0.000000,0.000457,-0.012748,-2,0.000000,0.000000,1,0.000000
0.804832,coast,0.000000,0.000443,-0.010083,-2,0.000000,0.000000,1,0.000000
0.807013,coast,0.000000,0.000464,-0.011149,-2,0.000000,0.000000,1,0.000000
0.809935,coast,0.000000,0.000474,-0.009017,-2,0.000000,0.000000,1,0.000000
0.812466,coast,0.000000,0.000475,-0.010083,-2,0.000000,0.000000,1,0.000000
0.814951,coast,0.000000,0.000471,-0.009816,-2,0.000000,0.000000,1,0.000000
0.817476,coast,0.000000,0.000481,-0.009284,-2,0.000000,0.000000,1,0.000000
0.819993,coast,0.000000,0.000477,-0.007951,-2,0.000000,0.000000,1,0.000000
0.822399,coast,0.000000,0.000501,-0.008484,-2,0.000000,0.000000,1,0.000000
0.825071,coast,0.000000,0.000529,-0.009816,-2,0.000000,0.000000,1,0.000000
0.827695,coast,0.000000,0.000541,-0.007152,-2,0.000000,0.000000,1,0.000000
0.830363,coast,0.000000,0.000537,-0.009816,-2,0.000000,0.000000,1,0.000000
0.832895,coast,0.000000,0.000529,-0.008484,-2,0.000000,0.000000,1,0.000000
0.835090,coast,0.000000,0.000515,-0.008218,-2,0.000000,0.000000,1,0.000000
0.838107,coast,0.000000,0.000495,-0.010083,-2,0.000000,0.000000,1,0.000000
0.840411,coast,0.000000,0.000489,-0.009816,-2,0.000000,0.000000,1,0.000000
0.842790,coast,0.000000,0.000466,-0.009550,-2,0.000000,0.000000,1,0.000000
0.845125,coast,0.000000,0.000490,-0.008218,-2,0.000000,0.000000,1,0.000000
0.847617,coast,0.000000,0.000483,-0.009816,-2,0.000000,0.000000,1,0.000000
0.850344,coast,0.000000,0.000516,-0.007951,-2,0.000000,0.000000,1,0.000000
0.852938,coast,0.000000,0.000530,-0.010083,-2,0.000000,0.000000,1,0.000000
0.855534,coast,0.000000,0.000558,-0.010083,-2,0.000000,0.000000,1,0.000000
0.858093,coast,0.000000,0.000557,-0.008218,-2,0.000000,0.000000,1,0.000000
0.860836,coast,0.000000,0.000584,-0.006086,-2,0.000000,0.000000,1,0.000000
0.864715,coast,0.000000,0.000576,-0.009816,-2,0.000000,0.000000,1,0.000000
0.867953,coast,0.000000,0.000606,-0.007418,-2,0.000000,0.000000,1,0.000000
0.871055,coast,0.000000,0.000607,-0.008218,-2,0.000000,0.000000,1,0.000000
0.874112,coast,0.000000,0.000595,-0.008751,-2,0.000000,0.000000,1,0.000000
0.876874,coast,0.000000,0.000640,-0.007152,-2,0.000000,0.000000,1,0.000000
0.879640,coast,0.000000,0.000667,-0.006619,-2,0.000000,0.000000,1,0.000000
0.882553,coast,0.000000,0.000682,-0.007951,-2,0.000000,0.000000,1,0.000000
0.885506,coast,0.000000,0.000719,-0.007951,-2,0.000000,0.000000,1,0.000000
0.888744,coast,0.000000,0.000719,-0.005287,-2,0.000000,0.000000,1,0.000000
0.892096,coast,0.000000,0.000731,-0.005020,-2,0.000000,0.000000,1,0.000000
0.895311,coast,0.000000,0.000768,-0.005553,-2,0.000000,0.000000,1,0.000000
0.898848,coast,0.000000,0.000794,-0.003954,-2,0.000000,0.000000,1,0.000000
0.902010,coast,0.000000,0.000800,-0.005020,-2,0.000000,0.000000,1,0.000000
0.904950,coast,0.000000,0.000794,-0.003954,-2,0.000000,0.000000,1,0.000000
0.907910,coast,0.000000,0.000812,-0.001823,-2,0.000000,0.000000,1,0.000000
0.910869,coast,0.000000,0.000815,-0.004754,-2,0.000000,0.000000,1,0.000000
0.913878,coast,0.000000,0.000819,-0.002622,-2,0.000000,0.000000,1,0.000000
0.916867,coast,0.000000,0.000849,-0.005553,-2,0.000000,0.000000,1,0.000000
0.919860,coast,0.000000,0.000836,-0.003954,-2,0.000000,0.000000,1,0.000000
0.922913,coast,0.000000,0.000840,-0.004754,-2,0.000000,0.000000,1,0.000000
0.926520,coast,0.000000,0.000855,-0.003954,-2,0.000000,0.000000,1,0.000000
0.929678,coast,0.000000,0.000847,-0.003688,-2,0.000000,0.000000,1,0.000000
0.933124,coast,0.000000,0.000825,-0.002356,-2,0.000000,0.000000,1,0.000000
0.936098,coast,0.000000,0.000813,-0.004754,-2,0.000000,0.000000,1,0.000000
0.939059,coast,0.000000,0.000817,-0.002356,-2,0.000000,0.000000,1,0.000000
0.942371,coast,0.000000,0.000819,-0.002622,-2,0.000000,0.000000,1,0.000000
0.945600,coast,0.000000,0.000874,-0.006352,-2,0.000000,0.000000,1,0.000000
0.948802,coast,0.000000,0.000878,-0.003954,-2,0.000000,0.000000,1,0.000000
0.951987,coast,0.000000,0.000872,-0.003688,-2,0.000000,0.000000,1,0.000000
0.955002,coast,0.000000,0.000865,-0.003155,-2,0.000000,0.000000,1,0.000000
0.958080,coast,0.000000,0.000870,-0.003688,-2,0.000000,0.000000,1,0.000000
0.960854,coast,0.000000,0.000876,-0.003421,-2,0.000000,0.000000,1,0.000000
0.963754,coast,0.000000,0.000854,-0.001556,-2,0.000000,0.000000,1,0.000000
0.966704,coast,0.000000,0.000856,-0.004221,-2,0.000000,0.000000,1,0.000000
0.969652,coast,0.000000,0.000858,-0.002622,-2,0.000000,0.000000,1,0.000000
0.972646,coast,0.000000,0.000851,-0.002089,-2,0.000000,0.000000,1,0.000000
0.976014,coast,0.000000,0.000863,-0.003421,-2,0.000000,0.000000,1,0.000000
0.979192,coast,0.000000,0.000877,-0.001556,-2,0.000000,0.000000,1,0.000000
0.982748,coast,0.000000,0.000911,-0.004487,-2,0.000000,0.000000,1,0.000000
0.986097,coast,0.000000,0.000912,-0.004221,-2,0.000000,0.000000,1,0.000000
0.989130,coast,0.000000,0.000927,0.000842,-2,0.000000,0.000000,1,0.000000
0.992500,coast,0.000000,0.000970,-0.002089,-2,0.000000,0.000000,1,0.000000
0.995509,coast,0.000000,0.000989,-0.000490,-2,0.000000,0.000000,1,0.000000
0.998956,coast,0.000000,0.000999,-0.002622,-2,0.000000,0.000000,1,0.000000
1.002194,coast,0.000000,0.001014,-0.000224,-2,0.000000,0.000000,1,0.000000
1.005012,coast,0.000000,0.001024,0.000043,-2,0.000000,0.000000,1,0.000000
1.007863,coast,0.000000,0.001039,-0.001290,-2,0.000000,0.000000,1,0.000000
1.010662,coast,0.000000,0.001075,-0.001823,-2,0.000000,0.000000,1,0.000000
1.013458,coast,0.000000,0.001103,-0.000757,-2,0.000000,0.000000,1,0.000000
1.016285,coast,0.000000,0.001106,-0.001290,-2,0.000000,0.000000,1,0.000000
1.019037,coast,0.000000,0.001111,-0.002356,-2,0.000000,0.000000,1,0.000000
1.021809,coast,0.000000,0.001141,-0.002356,-2,0.000000,0.000000,1,0.000000
1.024735,coast,0.000000,0.001148,-0.000757,-2,0.000000,0.000000,1,0.000000
1.027699,coast,0.000000,0.001166,-0.001823,-2,0.000000,0.000000,1,0.000000
1.030700,coast,0.000000,0.001170,-0.002622,-2,0.000000,0.000000,1,0.000000
1.033652,coast,0.000000,0.001199,-0.000757,-2,0.000000,0.000000,1,0.000000
1.036619,coast,0.000000,0.001215,-0.001823,-2,0.000000,0.000000,1,0.000000
1.039634,coast,0.000000,0.001207,-0.001556,-2,0.000000,0.000000,1,0.000000
1.042649,coast,0.000000,0.001244,-0.000490,-2,0.000000,0.000000,1,0.000000
1.045956,coast,0.000000,0.001240,-0.002622,-2,0.000000,0.000000,1,0.000000
1.048879,coast,0.000000,0.001253,0.000576,-2,0.000000,0.000000,1,0.000000
1.052303,coast,0.000000,0.001260,-0.001823,-2,0.000000,0.000000,1,0.000000
1.055237,coast,0.000000,0.001289,-0.001823,-2,0.000000,0.000000,1,0.000000
1.058488,coast,0.000000,0.001294,-0.001023,-2,0.000000,0.000000,1,0.000000
1.061473,coast,0.000000,0.001279,-0.003688,-2,0.000000,0.000000,1,0.000000
1.064652,coast,0.000000,0.001289,-0.002356,-2,0.000000,0.000000,1,0.000000
1.067413,coast,0.000000,0.001266,-0.003954,-2,0.000000,0.000000,1,0.000000
1.070448,coast,0.000000,0.001271,-0.002089,-2,0.000000,0.000000,1,0.000000
1.073190,coast,0.000000,0.001285,-0.001290,-2,0.000000,0.000000,1,0.000000
1.076310,coast,0.000000,0.001265,-0.002089,-2,0.000000,0.000000,1,0.000000
1.079272,coast,0.000000,0.001288,-0.002888,-2,0.000000,0.000000,1,0.000000
1.082579,coast,0.000000,0.001303,-0.003421,-2,0.000000,0.000000,1,0.000000
1.085930,coast,0.000000,0.001335,-0.001290,-2,0.000000,0.000000,1,0.000000
1.089204,coast,0.000000,0.001321,-0.003688,-2,0.000000,0.000000,1,0.000000
1.092492,coast,0.000000,0.001339,-0.003155,-2,0.000000,0.000000,1,0.000000
1.095774,coast,0.000000,0.001358,-0.002622,-2,0.000000,0.000000,1,0.000000
1.098543,coast,0.000000,0.001357,-0.001556,-2,0.000000,0.000000,1,0.000000
1.101297,coast,0.000000,0.001361,-0.003954,-2,0.000000,0.000000,1,0.000000
1.104195,coast,0.000000,0.001386,-0.003421,-2,0.000000,0.000000,1,0.000000
1.107805,coast,0.000000,0.001406,-0.003155,-2,0.000000,0.000000,1,0.000000
1.111126,coast,0.000000,0.001450,-0.002089,-2,0.000000,0.000000,1,0.000000
1.114939,coast,0.000000,0.001433,-0.003688,-2,0.000000,0.000000,1,0.000000
1.118909,coast,0.000000,0.001461,-0.003421,-2,0.000000,0.000000,1,0.000000
1.121919,coast,0.000000,0.001435,-0.003954,-2,0.000000,0.000000,1,0.000000
1.124866,coast,0.000000,0.001425,-0.005820,-2,0.000000,0.000000,1,0.000000
1.127314,coast,0.000000,0.001400,-0.004487,-2,0.000000,0.000000,1,0.000000
1.129804,coast,0.000000,0.001400,-0.003155,-2,0.000000,0.000000,1,0.000000
1.132307,coast,0.000000,0.001423,-0.001556,-2,0.000000,0.000000,1,0.000000
1.134898,coast,0.000000,0.001416,-0.003421,-2,0.000000,0.000000,1,0.000000
1.137783,coast,0.000000,0.001420,-0.005287,-2,0.000000,0.000000,1,0.000000
1.140589,coast,0.000000,0.001417,-0.003421,-2,0.000000,0.000000,1,0.000000
1.143356,coast,0.000000,0.001390,-0.004754,-2,0.000000,0.000000,1,0.000000
1.146108,coast,0.000000,0.001402,-0.004754,-2,0.000000,0.000000,1,0.000000
1.148896,coast,0.000000,0.001396,-0.002888,-2,0.000000,0.000000,1,0.000000
1.151738,coast,0.000000,0.001400,-0.006086,-2,0.000000,0.000000,1,0.000000
1.154565,coast,0.000000,0.001432,-0.006619,-2,0.000000,0.000000,1,0.000000
1.157734,coast,0.000000,0.001436,-0.006086,-2,0.000000,0.000000,1,0.000000
1.160920,coast,0.000000,0.001420,-0.004221,-2,0.000000,0.000000,1,0.000000
1.164112,coast,0.000000,0.001422,-0.005820,-2,0.000000,0.000000,1,0.000000
1.166893,coast,0.000000,0.001456,-0.002356,-2,0.000000,0.000000,1,0.000000
1.169698,coast,0.000000,0.001463,-0.005020,-2,0.000000,0.000000,1,0.000000
1.172447,coast,0.000000,0.001453,-0.004487,-2,0.000000,0.000000,1,0.000000
1.175698,coast,0.000000,0.001461,-0.005553,-2,0.000000,0.000000,1,0.000000
1.178921,coast,0.000000,0.001460,-0.004754,-2,0.000000,0.000000,1,0.000000
1.182130,coast,0.000000,0.001435,-0.007418,-2,0.000000,0.000000,1,0.000000
1.185354,coast,0.000000,0.001460,-0.005553,-2,0.000000,0.000000,1,0.000000
1.188849,coast,0.000000,0.001468,-0.005020,-2,0.000000,0.000000,1,0.000000
1.192059,coast,0.000000,0.001456,-0.006885,-2,0.000000,0.000000,1,0.000000
1.195236,coast,0.000000,0.001467,-0.007152,-2,0.000000,0.000000,1,0.000000
1.198227,coast,0.000000,0.001437,-0.007152,-2,0.000000,0.000000,1,0.000000
1.201173,coast,0.000000,0.001421,-0.004221,-2,0.000000,0.000000,1,0.000000
1.204269,coast,0.000000,0.001383,-0.010083,-2,0.000000,0.000000,1,0.000000
1.207356,coast,0.000000,0.001394,-0.007951,-2,0.000000,0.000000,1,0.000000
1.210568,coast,0.000000,0.001390,-0.007152,-2,0.000000,0.000000,1,0.000000
1.213755,coast,0.000000,0.001383,-0.008751,-2,0.000000,0.000000,1,0.000000
1.217142,coast,0.000000,0.001388,-0.005287,-2,0.000000,0.000000,1,0.000000
1.220288,coast,0.000000,0.001380,-0.006352,-2,0.000000,0.000000,1,0.000000
1.223269,coast,0.000000,0.001384,-0.006352,-2,0.000000,0.000000,1,0.000000
1.226265,coast,0.000000,0.001380,-0.007951,-2,0.000000,0.000000,1,0.000000
1.229229,coast,0.000000,0.001396,-0.004487,-2,0.000000,0.000000,1,0.000000
1.232281,coast,0.000000,0.001414,-0.007152,-2,0.000000,0.000000,1,0.000000
1.235223,coast,0.000000,0.001402,-0.007152,-2,0.000000,0.000000,1,0.000000
1.238440,coast,0.000000,0.001397,-0.005553,-2,0.000000,0.000000,1,0.000000
1.241681,coast,0.000000,0.001389,-0.006619,-2,0.000000,0.000000,1,0.000000
1.244893,coast,0.000000,0.001383,-0.008751,-2,0.000000,0.000000,1,0.000000
1.248121,coast,0.000000,0.001375,-0.007418,-2,0.000000,0.000000,1,0.000000
1.251591,coast,0.000000,0.001384,-0.006352,-2,0.000000,0.000000,1,0.000000
1.254932,coast,0.000000,0.001370,-0.005287,-2,0.000000,0.000000,1,0.000000
1.258343,coast,0.000000,0.001373,-0.006619,-2,0.000000,0.000000,1,0.000000
1.261291,coast,0.000000,0.001407,-0.004754,-2,0.000000,0.000000,1,0.000000
1.264561,coast,0.000000,0.001395,-0.010083,-2,0.000000,0.000000,1,0.000000
1.267487,coast,0.000000,0.001410,-0.005553,-2,0.000000,0.000000,1,0.000000
1.270419,coast,0.000000,0.001416,-0.006086,-2,0.000000,0.000000,1,0.000000
1.273360,coast,0.000000,0.001407,-0.007152,-2,0.000000,0.000000,1,0.000000
1.276484,coast,0.000000,0.001422,-0.005820,-2,0.000000,0.000000,1,0.000000
1.279473,coast,0.000000,0.001395,-0.009550,-2,0.000000,0.000000,1,0.000000
1.282736,coast,0.000000,0.001405,-0.009284,-2,0.000000,0.000000,1,0.000000
1.286037,coast,0.000000,0.001427,-0.006619,-2,0.000000,0.000000,1,0.000000
1.289018,coast,0.000000,0.001415,-0.007152,-2,0.000000,0.000000,1,0.000000
1.291997,coast,0.000000,0.001426,-0.006885,-2,0.000000,0.000000,1,0.000000
1.294936,coast,0.000000,0.001412,-0.010083,-2,0.000000,0.000000,1,0.000000
1.297902,coast,0.000000,0.001398,-0.007951,-2,0.000000,0.000000,1,0.000000
1.300840,coast,0.000000,0.001407,-0.006619,-2,0.000000,0.000000,1,0.000000
1.303776,coast,0.000000,0.001426,-0.006086,-2,0.000000,0.000000,1,0.000000
1.306711,coast,0.000000,0.001391,-0.009816,-2,0.000000,0.000000,1,0.000000
1.309665,coast,0.000000,0.001408,-0.007685,-2,0.000000,0.000000,1,0.000000
1.312655,coast,0.000000,0.001421,-0.004487,-2,0.000000,0.000000,1,0.000000
1.315642,coast,0.000000,0.001447,-0.007418,-2,0.000000,0.000000,1,0.000000
1.318414,coast,0.000000,0.001452,-0.006619,-2,0.000000,0.000000,1,0.000000
1.321141,coast,0.000000,0.001469,-0.006619,-2,0.000000,0.000000,1,0.000000
1.324094,coast,0.000000,0.001456,-0.005287,-2,0.000000,0.000000,1,0.000000
1.326982,coast,0.000000,0.001443,-0.009284,-2,0.000000,0.000000,1,0.000000
1.330525,coast,0.000000,0.001463,-0.005820,-2,0.000000,0.000000,1,0.000000
1.333712,coast,0.000000,0.001452,-0.008218,-2,0.000000,0.000000,1,0.000000
1.336847,coast,0.000000,0.001454,-0.007152,-2,0.000000,0.000000,1,0.000000
1.339789,coast,0.000000,0.001446,-0.007951,-2,0.000000,0.000000,1,0.000000
1.343014,coast,0.000000,0.001473,-0.005287,-2,0.000000,0.000000,1,0.000000
1.345940,coast,0.000000,0.001500,-0.006619,-2,0.000000,0.000000,1,0.000000
1.349085,coast,0.000000,0.001496,-0.006619,-2,0.000000,0.000000,1,0.000000
1.352349,coast,0.000000,0.001501,-0.007951,-2,0.000000,0.000000,1,0.000000
1.355568,coast,0.000000,0.001505,-0.006885,-2,0.000000,0.000000,1,0.000000
1.359076,coast,0.000000,0.001499,-0.008484,-2,0.000000,0.000000,1,0.000000
1.362316,coast,0.000000,0.001498,-0.006619,-2,0.000000,0.000000,1,0.000000
1.365479,coast,0.000000,0.001497,-0.007685,-2,0.000000,0.000000,1,0.000000
1.368678,coast,0.000000,0.001492,-0.008751,-2,0.000000,0.000000,1,0.000000
1.371906,coast,0.000000,0.001502,-0.006619,-2,0.000000,0.000000,1,0.000000
1.375358,coast,0.000000,0.001505,-0.007685,-2,0.000000,0.000000,1,0.000000
1.378660,coast,0.000000,0.001490,-0.008218,-2,0.000000,0.000000,1,0.000000
1.381617,coast,0.000000,0.001495,-0.006885,-2,0.000000,0.000000,1,0.000000
1.384537,coast,0.000000,0.001488,-0.007152,-2,0.000000,0.000000,1,0.000000
1.387742,coast,0.000000,0.001452,-0.007418,-2,0.000000,0.000000,1,0.000000
1.390676,coast,0.000000,0.001454,-0.005553,-2,0.000000,0.000000,1,0.000000
1.393879,coast,0.000000,0.001439,-0.007685,-2,0.000000,0.000000,1,0.000000
1.396813,coast,0.000000,0.001443,-0.005820,-2,0.000000,0.000000,1,0.000000
1.400212,coast,0.000000,0.001457,-0.007418,-2,0.000000,0.000000,1,0.000000
1.403692,coast,0.000000,0.001462,-0.005553,-2,0.000000,0.000000,1,0.000000
1.406864,coast,0.000000,0.001458,-0.007418,-2,0.000000,0.000000,1,0.000000
1.409961,coast,0.000000,0.001459,-0.005553,-2,0.000000,0.000000,1,0.000000
1.412902,coast,0.000000,0.001461,-0.007418,-2,0.000000,0.000000,1,0.000000
1.415853,coast,0.000000,0.001459,-0.005020,-2,0.000000,0.000000,1,0.000000
1.418834,coast,0.000000,0.001474,-0.006885,-2,0.000000,0.000000,1,0.000000
1.421591,coast,0.000000,0.001481,-0.004754,-2,0.000000,0.000000,1,0.000000
1.424342,coast,0.000000,0.001486,-0.005287,-2,0.000000,0.000000,1,0.000000
1.427095,coast,0.000000,0.001478,-0.007152,-2,0.000000,0.000000,1,0.000000
1.430057,coast,0.000000,0.001483,-0.004487,-2,0.000000,0.000000,1,0.000000
1.433058,coast,0.000000,0.001483,-0.005820,-2,0.000000,0.000000,1,0.000000
1.436067,coast,0.000000,0.001489,-0.006352,-2,0.000000,0.000000,1,0.000000
1.439141,coast,0.000000,0.001487,-0.004221,-2,0.000000,0.000000,1,0.000000
1.442636,coast,0.000000,0.001483,-0.004754,-2,0.000000,0.000000,1,0.000000
1.446259,coast,0.000000,0.001480,-0.006352,-2,0.000000,0.000000,1,0.000000
1.449473,coast,0.000000,0.001467,-0.004487,-2,0.000000,0.000000,1,0.000000
1.452992,coast,0.000000,0.001451,-0.005820,-2,0.000000,0.000000,1,0.000000
1.456553,coast,0.000000,0.001424,-0.002622,-2,0.000000,0.000000,1,0.000000
1.459969,coast,0.000000,0.001413,-0.006086,-2,0.000000,0.000000,1,0.000000
1.462751,coast,0.000000,0.001419,-0.006352,-2,0.000000,0.000000,1,0.000000
1.465521,coast,0.000000,0.001433,-0.004221,-2,0.000000,0.000000,1,0.000000
1.468318,coast,0.000000,0.001455,-0.004221,-2,0.000000,0.000000,1,0.000000
1.471128,coast,0.000000,0.001464,-0.003155,-2,0.000000,0.000000,1,0.000000
1.474289,coast,0.000000,0.001458,-0.005820,-2,0.000000,0.000000,1,0.000000
1.477272,coast,0.000000,0.001443,-0.006885,-2,0.000000,0.000000,1,0.000000
1.480342,coast,0.000000,0.001441,-0.005020,-2,0.000000,0.000000,1,0.000000
1.483590,coast,0.000000,0.001450,-0.006086,-2,0.000000,0.000000,1,0.000000
1.487117,coast,0.000000,0.001441,-0.005820,-2,0.000000,0.000000,1,0.000000
1.490325,coast,0.000000,0.001454,-0.002622,-2,0.000000,0.000000,1,0.000000
1.493317,coast,0.000000,0.001448,-0.002888,-2,0.000000,0.000000,1,0.000000
1.496286,coast,0.000000,0.001446,-0.006885,-2,0.000000,0.000000,1,0.000000
1.499260,coast,0.000000,0.001471,-0.005820,-2,0.000000,0.000000,1,0.000000
1.502352,coast,0.000000,0.001479,-0.004221,-2,0.000000,0.000000,1,0.000000
1.505301,coast,0.000000,0.001490,-0.003421,-2,0.000000,0.000000,1,0.000000
1.508539,coast,0.000000,0.001486,-0.002888,-2,0.000000,0.000000,1,0.000000
1.511621,coast,0.000000,0.001489,-0.006086,-2,0.000000,0.000000,1,0.000000
1.514809,coast,0.000000,0.001499,-0.002089,-2,0.000000,0.000000,1,0.000000
1.518007,coast,0.000000,0.001513,-0.001556,-2,0.000000,0.000000,1,0.000000
1.521235,coast,0.000000,0.001487,-0.006619,-2,0.000000,0.000000,1,0.000000
1.524397,coast,0.000000,0.001488,-0.001290,-2,0.000000,0.000000,1,0.000000
1.527340,coast,0.000000,0.001497,-0.002888,-2,0.000000,0.000000,1,0.000000
1.530638,coast,0.000000,0.001467,-0.008218,-2,0.000000,0.000000,1,0.000000
1.533847,coast,0.000000,0.001439,-0.004487,-2,0.000000,0.000000,1,0.000000
1.537100,coast,0.000000,0.001434,-0.004221,-2,0.000000,0.000000,1,0.000000
1.540319,coast,0.000000,0.001449,-0.005020,-2,0.000000,0.000000,1,0.000000
1.543117,coast,0.000000,0.001443,-0.003954,-2,0.000000,0.000000,1,0.000000
1.545895,coast,0.000000,0.001442,-0.002089,-2,0.000000,0.000000,1,0.000000
1.548669,coast,0.000000,0.001454,-0.004754,-2,0.000000,0.000000,1,0.000000
1.551850,coast,0.000000,0.001456,-0.003421,-2,0.000000,0.000000,1,0.000000
1.554841,coast,0.000000,0.001440,-0.006086,-2,0.000000,0.000000,1,0.000000
1.558359,coast,0.000000,0.001443,-0.005287,-2,0.000000,0.000000,1,0.000000
1.562040,coast,0.000000,0.001428,-0.003155,-2,0.000000,0.000000,1,0.000000
1.565070,coast,0.000000,0.001440,-0.004221,-2,0.000000,0.000000,1,0.000000
1.568223,coast,0.000000,0.001432,-0.006352,-2,0.000000,0.000000,1,0.000000
1.570957,coast,0.000000,0.001432,-0.003954,-2,0.000000,0.000000,1,0.000000
1.573700,coast,0.000000,0.001425,-0.003155,-2,0.000000,0.000000,1,0.000000
1.576069,coast,0.000000,0.001419,-0.004487,-2,0.000000,0.000000,1,0.000000
1.578426,coast,0.000000,0.001428,-0.005820,-2,0.000000,0.000000,1,0.000000
1.580551,coast,0.000000,0.001430,-0.004487,-2,0.000000,0.000000,1,0.000000
1.582836,coast,0.000000,0.001428,-0.006086,-2,0.000000,0.000000,1,0.000000
1.585493,coast,0.000000,0.001435,-0.002356,-2,0.000000,0.000000,1,0.000000
1.588080,coast,0.000000,0.001439,-0.002089,-2,0.000000,0.000000,1,0.000000
1.590161,coast,0.000000,0.001469,-0.003954,-2,0.000000,0.000000,1,0.000000
1.592360,coast,0.000000,0.001492,-0.003421,-2,0.000000,0.000000,1,0.000000
1.594904,coast,0.000000,0.001526,-0.004487,-2,0.000000,0.000000,1,0.000000
1.597450,coast,0.000000,0.001548,-0.003954,-2,0.000000,0.000000,1,0.000000
1.600021,coast,0.000000,0.001549,-0.005020,-2,0.000000,0.000000,1,0.000000
1.602191,coast,0.000000,0.001535,-0.001290,-2,0.000000,0.000000,1,0.000000
1.604292,coast,0.000000,0.001553,-0.003954,-2,0.000000,0.000000,1,0.000000
1.606373,coast,0.000000,0.001552,-0.004221,-2,0.000000,0.000000,1,0.000000
1.608663,coast,0.000000,0.001575,-0.004221,-2,0.000000,0.000000,1,0.000000
1.610730,coast,0.000000,0.001593,-0.004221,-2,0.000000,0.000000,1,0.000000
1.612738,coast,0.000000,0.001582,-0.007685,-2,0.000000,0.000000,1,0.000000
1.615064,coast,0.000000,0.001570,-0.003954,-2,0.000000,0.000000,1,0.000000
1.617110,coast,0.000000,0.001593,-0.002888,-2,0.000000,0.000000,1,0.000000
1.619121,coast,0.000000,0.001560,-0.005820,-2,0.000000,0.000000,1,0.000000
1.621553,coast,0.000000,0.001532,-0.005287,-2,0.000000,0.000000,1,0.000000
1.624776,coast,0.000000,0.001538,-0.005820,-2,0.000000,0.000000,1,0.000000
1.627763,coast,0.000000,0.001518,-0.004221,-2,0.000000,0.000000,1,0.000000
1.630719,coast,0.000000,0.001481,-0.005287,-2,0.000000,0.000000,1,0.000000
1.633670,coast,0.000000,0.001462,-0.004754,-2,0.000000,0.000000,1,0.000000
1.637094,coast,0.000000,0.001444,-0.006086,-2,0.000000,0.000000,1,0.000000
1.640138,coast,0.000000,0.001427,-0.005820,-2,0.000000,0.000000,1,0.000000
1.642959,coast,0.000000,0.001408,-0.002622,-2,0.000000,0.000000,1,0.000000
1.645714,coast,0.000000,0.001421,-0.005020,-2,0.000000,0.000000,1,0.000000
1.648457,coast,0.000000,0.001446,-0.003155,-2,0.000000,0.000000,1,0.000000
1.651206,coast,0.000000,0.001430,-0.005287,-2,0.000000,0.000000,1,0.000000
1.654429,coast,0.000000,0.001406,-0.003954,-2,0.000000,0.000000,1,0.000000
1.657631,coast,0.000000,0.001379,-0.003421,-2,0.000000,0.000000,1,0.000000
1.660972,coast,0.000000,0.001387,-0.005287,-2,0.000000,0.000000,1,0.000000
1.664180,coast,0.000000,0.001408,-0.002888,-2,0.000000,0.000000,1,0.000000
1.667414,coast,0.000000,0.001433,-0.005553,-2,0.000000,0.000000,1,0.000000
1.671202,coast,0.000000,0.001418,-0.004754,-2,0.000000,0.000000,1,0.000000
1.674389,coast,0.000000,0.001429,-0.002622,-2,0.000000,0.000000,1,0.000000
1.677152,coast,0.000000,0.001427,-0.001290,-2,0.000000,0.000000,1,0.000000
1.680056,coast,0.000000,0.001427,-0.005820,-2,0.000000,0.000000,1,0.000000
1.682918,coast,0.000000,0.001436,-0.005553,-2,0.000000,0.000000,1,0.000000
1.686156,coast,0.000000,0.001450,-0.004487,-2,0.000000,0.000000,1,0.000000
1.689125,coast,0.000000,0.001433,-0.003155,-2,0.000000,0.000000,1,0.000000
1.692536,coast,0.000000,0.001433,-0.006086,-2,0.000000,0.000000,1,0.000000
1.695850,coast,0.000000,0.001453,-0.005553,-2,0.000000,0.000000,1,0.000000
1.698775,coast,0.000000,0.001450,-0.005287,-2,0.000000,0.000000,1,0.000000
1.701824,coast,0.000000,0.001443,-0.003954,-2,0.000000,0.000000,1,0.000000
1.705027,coast,0.000000,0.001468,-0.004754,-2,0.000000,0.000000,1,0.000000
1.708278,coast,0.000000,0.001462,-0.005020,-2,0.000000,0.000000,1,0.000000
1.711449,coast,0.000000,0.001482,-0.007418,-2,0.000000,0.000000,1,0.000000
1.714760,coast,0.000000,0.001491,-0.006086,-2,0.000000,0.000000,1,0.000000
1.717702,coast,0.000000,0.001490,-0.005020,-2,0.000000,0.000000,1,0.000000
1.720693,coast,0.000000,0.001487,-0.005287,-2,0.000000,0.000000,1,0.000000
1.723771,coast,0.000000,0.001501,-0.007951,-2,0.000000,0.000000,1,0.000000
1.726956,coast,0.000000,0.001483,-0.006619,-2,0.000000,0.000000,1,0.000000
1.730141,coast,0.000000,0.001509,-0.007685,-2,0.000000,0.000000,1,0.000000
1.733454,coast,0.000000,0.001501,-0.004754,-2,0.000000,0.000000,1,0.000000
1.736302,coast,0.000000,0.001489,-0.007951,-2,0.000000,0.000000,1,0.000000
1.739280,coast,0.000000,0.001478,-0.002888,-2,0.000000,0.000000,1,0.000000
1.742043,coast,0.000000,0.001490,-0.006352,-2,0.000000,0.000000,1,0.000000
1.744999,coast,0.000000,0.001523,-0.006619,-2,0.000000,0.000000,1,0.000000
1.747978,coast,0.000000,0.001517,-0.007152,-2,0.000000,0.000000,1,0.000000
1.750921,coast,0.000000,0.001497,-0.005820,-2,0.000000,0.000000,1,0.000000
1.753906,coast,0.000000,0.001507,-0.006086,-2,0.000000,0.000000,1,0.000000
1.756869,coast,0.000000,0.001497,-0.005820,-2,0.000000,0.000000,1,0.000000
1.759868,coast,0.000000,0.001496,-0.004754,-2,0.000000,0.000000,1,0.000000
1.762837,coast,0.000000,0.001502,-0.006619,-2,0.000000,0.000000,1,0.000000
1.766080,coast,0.000000,0.001473,-0.005287,-2,0.000000,0.000000,1,0.000000
1.769052,coast,0.000000,0.001454,-0.005820,-2,0.000000,0.000000,1,0.000000
1.772031,coast,0.000000,0.001438,-0.005020,-2,0.000000,0.000000,1,0.000000
1.775081,coast,0.000000,0.001432,-0.005553,-2,0.000000,0.000000,1,0.000000
1.778672,coast,0.000000,0.001440,-0.004221,-2,0.000000,0.000000,1,0.000000
1.781859,coast,0.000000,0.001441,-0.005287,-2,0.000000,0.000000,1,0.000000
1.784984,coast,0.000000,0.001437,-0.005020,-2,0.000000,0.000000,1,0.000000
1.787980,coast,0.000000,0.001421,-0.005553,-2,0.000000,0.000000,1,0.000000
1.790903,coast,0.000000,0.001453,-0.006086,-2,0.000000,0.000000,1,0.000000
1.793884,coast,0.000000,0.001451,-0.007685,-2,0.000000,0.000000,1,0.000000
1.796858,coast,0.000000,0.001433,-0.005553,-2,0.000000,0.000000,1,0.000000
1.799797,coast,0.000000,0.001453,-0.005020,-2,0.000000,0.000000,1,0.000000
1.802756,coast,0.000000,0.001446,-0.008218,-2,0.000000,0.000000,1,0.000000
1.806038,coast,0.000000,0.001453,-0.007418,-2,0.000000,0.000000,1,0.000000
1.808970,coast,0.000000,0.001429,-0.006086,-2,0.000000,0.000000,1,0.000000
1.812187,coast,0.000000,0.001455,-0.005553,-2,0.000000,0.000000,1,0.000000
1.815271,step,-0.100000,0.001450,-0.006885,-2,0.000000,0.000000,2,-0.100000
1.818774,step,-0.100000,0.001435,-0.005820,-2,0.000000,0.000000,2,-0.100000
1.821959,step,-0.100000,0.001455,-0.006619,-2,0.000000,0.000000,2,-0.100000
1.825036,step,-0.100000,0.001444,-0.006086,-2,0.000000,0.000000,2,-0.100000
1.827997,step,-0.100000,0.001442,-0.007685,-1,0.000000,0.000000,2,-0.100000
1.831007,step,-0.100000,0.001437,-0.007418,-1,0.000000,0.000000,2,-0.100000
1.834107,step,-0.100000,0.001457,-0.006352,-1,0.000000,0.000000,2,-0.100000
1.836859,step,-0.100000,0.001440,-0.006885,-1,0.000000,0.000000,2,-0.100000
1.839605,step,-0.100000,0.001447,-0.006086,0,0.000000,0.000000,2,-0.100000
1.842366,step,-0.100000,0.001419,-0.004487,0,0.000000,0.000000,2,-0.100000
1.845323,step,-0.100000,0.001415,-0.005020,2,0.000000,0.000000,2,-0.100000
1.848688,step,-0.100000,0.002210,-0.032732,2,0.000000,0.000000,2,-0.100000
1.852171,step,-0.100000,0.000373,-0.072968,2,0.000000,0.000000,2,-0.100000
1.855512,step,-0.100000,-0.001428,-0.067905,3,0.000000,0.000000,2,-0.100000
1.858022,step,-0.100000,-0.001215,-0.032999,3,0.000000,0.000000,2,-0.100000
1.860445,step,-0.100000,-0.000513,-0.110806,3,0.000000,0.000000,2,-0.100000
1.862731,step,-0.100000,-0.001224,-0.116934,3,0.000000,0.000000,2,-0.100000
1.865517,step,-0.100000,-0.002476,-0.094019,3,0.000000,0.000000,2,-0.100000
1.868090,step,-0.100000,-0.002554,-0.079896,3,0.000000,0.000000,2,-0.100000
1.870583,step,-0.100000,-0.002259,-0.119865,3,0.000000,0.000000,2,-0.100000
1.873451,step,-0.100000,-0.002923,-0.136386,3,0.000000,0.000000,2,-0.100000
1.875906,step,-0.100000,-0.003845,-0.117201,3,0.000000,0.000000,2,-0.100000
1.878496,step,-0.100000,-0.004497,-0.112671,3,0.000000,0.000000,2,-0.100000
1.880879,step,-0.100000,-0.004439,-0.145446,3,0.000000,0.000000,2,-0.100000
1.883404,step,-0.100000,-0.005231,-0.161967,3,0.000000,0.000000,2,-0.100000
1.885720,step,-0.100000,-0.006058,-0.149176,3,0.000000,0.000000,2,-0.100000
1.888030,step,-0.100000,-0.006899,-0.144114,3,0.000000,0.000000,2,-0.100000
1.890319,step,-0.100000,-0.006995,-0.160901,3,0.000000,0.000000,2,-0.100000
1.892589,step,-0.100000,-0.007339,-0.186215,3,0.000000,0.000000,2,-0.100000
1.895179,step,-0.100000,-0.008233,-0.180885,3,0.000000,0.000000,2,-0.100000
1.897807,step,-0.100000,-0.009161,-0.173691,3,0.000000,0.000000,2,-0.100000
1.899964,step,-0.100000,-0.009661,-0.183550,3,0.000000,0.000000,2,-0.100000
1.902145,step,-0.100000,-0.009857,-0.200071,3,0.000000,0.000000,2,-0.100000
1.904347,step,-0.100000,-0.010570,-0.205133,3,0.000000,0.000000,2,-0.100000
1.907137,step,-0.100000,-0.011523,-0.200870,3,0.000000,0.000000,2,-0.100000
1.910086,step,-0.100000,-0.012199,-0.205400,4,0.000000,0.000000,2,-0.100000
1.912871,step,-0.100000,-0.012791,-0.226184,4,0.000000,0.000000,2,-0.100000
1.915584,step,-0.100000,-0.013618,-0.225651,4,0.000000,0.000000,2,-0.100000
1.918348,step,-0.100000,-0.014548,-0.220322,4,0.000000,0.000000,2,-0.100000
1.921079,step,-0.100000,-0.015089,-0.232046,4,0.000000,0.000000,2,-0.100000
1.923842,step,-0.100000,-0.015911,-0.245103,4,0.000000,0.000000,2,-0.100000
1.926741,step,-0.100000,-0.016834,-0.245636,4,0.000000,0.000000,2,-0.100000
1.929971,step,-0.100000,-0.017849,-0.243504,4,0.000000,0.000000,2,-0.100000
1.933165,step,-0.100000,-0.018641,-0.258959,4,0.000000,0.000000,2,-0.100000
1.936479,step,-0.100000,-0.019634,-0.262423,4,0.000000,0.000000,2,-0.100000
1.939450,step,-0.100000,-0.020609,-0.262423,4,0.000000,0.000000,2,-0.100000
1.942721,step,-0.100000,-0.021557,-0.273348,4,0.000000,0.000000,2,-0.100000
1.945707,step,-0.100000,-0.022466,-0.283473,4,0.000000,0.000000,2,-0.100000
1.948916,step,-0.100000,-0.023632,-0.284539,4,0.000000,0.000000,2,-0.100000
1.951918,step,-0.100000,-0.024551,-0.290135,4,0.000000,0.000000,2,-0.100000
1.954999,step,-0.100000,-0.025474,-0.298662,4,0.000000,0.000000,2,-0.100000
1.957943,step,-0.100000,-0.026555,-0.301326,4,0.000000,0.000000,2,-0.100000
1.960914,step,-0.100000,-0.027526,-0.299461,4,0.000000,0.000000,2,-0.100000
1.963906,step,-0.100000,-0.028404,-0.310919,4,0.000000,0.000000,2,-0.100000
1.966955,step,-0.100000,-0.029470,-0.311452,4,0.000000,0.000000,2,-0.100000
1.970569,step,-0.100000,-0.030611,-0.311186,5,0.000000,0.000000,2,-0.100000
1.974275,step,-0.100000,-0.031639,-0.310919,5,0.000000,0.000000,2,-0.100000
1.977332,step,-0.100000,-0.032574,-0.313317,5,0.000000,0.000000,2,-0.100000
1.980204,step,-0.100000,-0.033443,-0.308521,5,0.000000,0.000000,2,-0.100000
1.982974,step,-0.100000,-0.034213,-0.310386,5,0.000000,0.000000,2,-0.100000
1.985718,step,-0.100000,-0.034966,-0.313051,5,0.000000,0.000000,2,-0.100000
1.988442,step,-0.100000,-0.035767,-0.310120,5,0.000000,0.000000,2,-0.100000
1.991214,step,-0.100000,-0.036590,-0.306123,5,0.000000,0.000000,2,-0.100000
1.994082,step,-0.100000,-0.037331,-0.309587,5,0.000000,0.000000,2,-0.100000
1.996917,step,-0.100000,-0.038117,-0.306922,5,0.000000,0.000000,2,-0.100000
1.999883,step,-0.100000,-0.038958,-0.302925,5,0.000000,0.000000,2,-0.100000
2.002869,step,-0.100000,-0.039766,-0.300261,5,0.000000,0.000000,2,-0.100000
2.005800,step,-0.100000,-0.040512,-0.305057,5,0.000000,0.000000,2,-0.100000
2.008729,step,-0.100000,-0.041281,-0.302392,5,0.000000,0.000000,2,-0.100000
2.011698,step,-0.100000,-0.042111,-0.298395,5,0.000000,0.000000,2,-0.100000
2.014666,step,-0.100000,-0.042850,-0.298662,6,0.000000,0.000000,2,-0.100000
2.017814,step,-0.100000,-0.043740,-0.299728,6,0.000000,0.000000,2,-0.100000
2.020553,step,-0.100000,-0.044502,-0.301060,6,0.000000,0.000000,2,-0.100000
2.023311,step,-0.100000,-0.045332,-0.299994,6,0.000000,0.000000,2,-0.100000
2.026360,step,-0.100000,-0.046180,-0.300527,6,0.000000,0.000000,2,-0.100000
2.029329,step,-0.100000,-0.047085,-0.301593,6,0.000000,0.000000,2,-0.100000
2.032453,step,-0.100000,-0.047967,-0.298662,6,0.000000,0.000000,2,-0.100000
2.035744,step,-0.100000,-0.048878,-0.298928,6,0.000000,0.000000,2,-0.100000
2.038703,step,-0.100000,-0.049668,-0.300527,6,0.000000,0.000000,2,-0.100000
2.041659,step,-0.100000,-0.050494,-0.296797,6,0.000000,0.000000,2,-0.100000
2.044613,step,-0.100000,-0.051339,-0.294931,6,0.000000,0.000000,2,-0.100000
2.047587,step,-0.100000,-0.052137,-0.299461,6,0.000000,0.000000,2,-0.100000
2.050682,step,-0.100000,-0.053019,-0.297329,6,0.000000,0.000000,2,-0.100000
2.053690,step,-0.100000,-0.053838,-0.295464,6,0.000000,0.000000,2,-0.100000
2.056710,step,-0.100000,-0.054643,-0.301326,6,0.000000,0.000000,2,-0.100000
2.059573,step,-0.100000,-0.055537,-0.296264,7,0.000000,0.000000,2,-0.100000
2.062334,step,-0.100000,-0.056295,-0.295464,7,0.000000,0.000000,2,-0.100000
2.065087,step,-0.100000,-0.057083,-0.298395,7,0.000000,0.000000,2,-0.100000
2.067918,step,-0.100000,-0.057851,-0.298928,7,0.000000,0.000000,2,-0.100000
2.070684,step,-0.100000,-0.058686,-0.298129,7,0.000000,0.000000,2,-0.100000
2.073420,step,-0.100000,-0.059471,-0.297596,7,0.000000,0.000000,2,-0.100000
2.076459,step,-0.100000,-0.060313,-0.297596,7,0.000000,0.000000,2,-0.100000
2.079373,step,-0.100000,-0.061210,-0.300527,7,0.000000,0.000000,2,-0.100000
2.082352,step,-0.100000,-0.062074,-0.298395,7,0.000000,0.000000,2,-0.100000
2.085291,step,-0.100000,-0.062951,-0.301326,7,0.000000,0.000000,2,-0.100000
2.088375,step,-0.100000,-0.063891,-0.306656,8,0.000000,0.000000,2,-0.100000
2.091616,step,-0.100000,-0.064935,-0.307988,8,0.000000,0.000000,2,-0.100000
2.094910,step,-0.100000,-0.065908,-0.309054,8,0.000000,0.000000,2,-0.100000
2.098211,step,-0.100000,-0.066910,-0.307189,8,0.000000,0.000000,2,-0.100000
2.101288,step,-0.100000,-0.067740,-0.307722,8,0.000000,0.000000,2,-0.100000
2.104784,step,-0.100000,-0.068777,-0.301326,8,0.000000,0.000000,2,-0.100000
2.107738,step,-0.100000,-0.069481,-0.298395,8,0.000000,0.000000,2,-0.100000
2.110534,step,-0.100000,-0.070176,-0.295731,8,0.000000,0.000000,2,-0.100000
2.113775,step,-0.100000,-0.071002,-0.289602,8,0.000000,0.000000,2,-0.100000
2.116538,step,-0.100000,-0.071625,-0.283740,8,0.000000,0.000000,2,-0.100000
2.119546,step,-0.100000,-0.072294,-0.280542,8,0.000000,0.000000,2,-0.100000
2.122584,step,-0.100000,-0.072948,-0.273881,8,0.000000,0.000000,2,-0.100000
2.125349,step,-0.100000,-0.073481,-0.266153,8,0.000000,0.000000,2,-0.100000
2.128561,step,-0.100000,-0.074191,-0.262956,8,0.000000,0.000000,2,-0.100000
2.131740,step,-0.100000,-0.074759,-0.256294,8,0.000000,0.000000,2,-0.100000
2.135099,step,-0.100000,-0.075420,-0.249366,8,0.000000,0.000000,2,-0.100000
2.138679,step,-0.100000,-0.076078,-0.239507,8,0.000000,0.000000,2,-0.100000
2.141716,step,-0.100000,-0.076543,-0.232846,8,0.000000,0.000000,2,-0.100000
2.144519,step,-0.100000,-0.076952,-0.223786,8,0.000000,0.000000,2,-0.100000
2.147270,step,-0.100000,-0.077346,-0.218723,8,0.000000,0.000000,2,-0.100000
2.150186,step,-0.100000,-0.077733,-0.212861,8,0.000000,0.000000,2,-0.100000
2.152961,step,-0.100000,-0.078081,-0.207532,8,0.000000,0.000000,2,-0.100000
2.156129,step,-0.100000,-0.078513,-0.197939,8,0.000000,0.000000,2,-0.100000
2.159010,step,-0.100000,-0.078865,-0.190478,9,0.000000,0.000000,2,-0.100000
2.162585,step,-0.100000,-0.079340,-0.186481,9,0.000000,0.000000,2,-0.100000
2.166173,step,-0.100000,-0.079800,-0.179020,9,0.000000,0.000000,2,-0.100000
2.169312,step,-0.100000,-0.080192,-0.169960,9,0.000000,0.000000,2,-0.100000
2.172653,step,-0.100000,-0.080467,-0.161967,9,0.000000,0.000000,2,-0.100000
2.175993,step,-0.100000,-0.080833,-0.154772,9,0.000000,0.000000,2,-0.100000
2.178956,step,-0.100000,-0.081080,-0.146512,9,0.000000,0.000000,2,-0.100000
2.181909,step,-0.100000,-0.081309,-0.140650,9,0.000000,0.000000,2,-0.100000
2.184879,step,-0.100000,-0.081539,-0.135054,9,0.000000,0.000000,2,-0.100000
2.188051,step,-0.100000,-0.081704,-0.129458,9,0.000000,0.000000,2,-0.100000
2.190997,step,-0.100000,-0.081891,-0.124129,9,0.000000,0.000000,2,-0.100000
2.193933,step,-0.100000,-0.082037,-0.117467,9,0.000000,0.000000,2,-0.100000
2.196874,step,-0.100000,-0.082196,-0.109473,9,0.000000,0.000000,2,-0.100000
2.199878,step,-0.100000,-0.082307,-0.106809,9,0.000000,0.000000,2,-0.100000
2.202867,step,-0.100000,-0.082403,-0.098815,9,0.000000,0.000000,2,-0.100000
2.206115,step,-0.100000,-0.082488,-0.092953,9,0.000000,0.000000,2,-0.100000
2.209131,step,-0.100000,-0.082544,-0.086558,9,0.000000,0.000000,2,-0.100000
2.212763,step,-0.100000,-0.082647,-0.078031,9,0.000000,0.000000,2,-0.100000
2.216339,step,-0.100000,-0.082760,-0.071369,9,0.000000,0.000000,2,-0.100000
2.219519,step,-0.100000,-0.082784,-0.067905,9,0.000000,0.000000,2,-0.100000
2.222484,step,-0.100000,-0.082790,-0.059911,9,0.000000,0.000000,2,-0.100000
2.225735,step,-0.100000,-0.082776,-0.054849,9,0.000000,0.000000,2,-0.100000
2.228700,step,-0.100000,-0.082766,-0.048720,9,0.000000,0.000000,2,-0.100000
2.231514,step,-0.100000,-0.082729,-0.043657,9,0.000000,0.000000,2,-0.100000
2.234318,step,-0.100000,-0.082682,-0.040193,9,0.000000,0.000000,2,-0.100000
2.237124,step,-0.100000,-0.082610,-0.036196,9,0.000000,0.000000,2,-0.100000
2.240042,step,-0.100000,-0.082606,-0.031666,9,0.000000,0.000000,2,-0.100000
2.242978,step,-0.100000,-0.082579,-0.023939,9,0.000000,0.000000,2,-0.100000
2.245920,step,-0.100000,-0.082528,-0.020209,9,0.000000,0.000000,2,-0.100000
2.248878,step,-0.100000,-0.082464,-0.016212,9,0.000000,0.000000,2,-0.100000
2.252045,step,-0.100000,-0.082372,-0.014613,9,0.000000,0.000000,2,-0.100000
2.255296,step,-0.100000,-0.082309,-0.009816,9,0.000000,0.000000,2,-0.100000
2.258870,step,-0.100000,-0.082208,-0.001823,9,0.000000,0.000000,2,-0.100000
2.261936,step,-0.100000,-0.082098,0.002174,9,0.000000,0.000000,2,-0.100000
2.264905,step,-0.100000,-0.082007,0.005638,9,0.000000,0.000000,2,-0.100000
2.267913,step,-0.100000,-0.081932,0.008303,9,0.000000,0.000000,2,-0.100000
2.270884,step,-0.100000,-0.081828,0.008836,9,0.000000,0.000000,2,-0.100000
2.273882,step,-0.100000,-0.081700,0.013632,10,0.000000,0.000000,2,-0.100000
2.276840,step,-0.100000,-0.081587,0.016297,10,0.000000,0.000000,2,-0.100000
2.279769,step,-0.100000,-0.081492,0.018162,10,0.000000,0.000000,2,-0.100000
2.282729,step,-0.100000,-0.081348,0.020827,10,0.000000,0.000000,2,-0.100000
2.285712,step,-0.100000,-0.081229,0.022159,10,0.000000,0.000000,2,-0.100000
2.288658,step,-0.100000,-0.081151,0.019761,10,0.000000,0.000000,2,-0.100000
2.291739,step,-0.100000,-0.081052,0.025889,10,0.000000,0.000000,2,-0.100000
2.294926,step,-0.100000,-0.081007,0.026156,10,0.000000,0.000000,2,-0.100000
2.298135,step,-0.100000,-0.080943,0.026422,10,0.000000,0.000000,2,-0.100000
2.301263,step,-0.100000,-0.080877,0.029354,10,0.000000,0.000000,2,-0.100000
2.304338,step,-0.100000,-0.080869,0.025357,10,0.000000,0.000000,2,-0.100000
2.307285,step,-0.100000,-0.080843,0.024824,10,0.000000,0.000000,2,-0.100000
2.310302,step,-0.100000,-0.080843,0.023225,10,0.000000,0.000000,2,-0.100000
2.313509,step,-0.100000,-0.080856,0.021626,10,0.000000,0.000000,2,-0.100000
2.316696,step,-0.100000,-0.080900,0.021360,10,0.000000,0.000000,2,-0.100000
2.319867,step,-0.100000,-0.080927,0.017096,10,0.000000,0.000000,2,-0.100000
2.322867,step,-0.100000,-0.081018,0.010168,10,0.000000,0.000000,2,-0.100000
2.326125,step,-0.100000,-0.081123,0.009102,10,0.000000,0.000000,2,-0.100000
2.329093,step,-0.100000,-0.081252,0.002441,10,0.000000,0.000000,2,-0.100000
2.332324,step,-0.100000,-0.081425,-0.003155,10,0.000000,0.000000,2,-0.100000
2.335498,step,-0.100000,-0.081569,-0.006619,10,0.000000,0.000000,2,-0.100000
2.338692,step,-0.100000,-0.081774,-0.013813,10,0.000000,0.000000,2,-0.100000
2.341773,step,-0.100000,-0.081877,-0.015945,10,0.000000,0.000000,2,-0.100000
2.344724,step,-0.100000,-0.082045,-0.019409,10,0.000000,0.000000,2,-0.100000
2.347700,step,-0.100000,-0.082194,-0.022873,10,0.000000,0.000000,2,-0.100000
2.350963,step,-0.100000,-0.082362,-0.025538,10,0.000000,0.000000,2,-0.100000
2.354214,step,-0.100000,-0.082500,-0.031400,10,0.000000,0.000000,2,-0.100000
2.357165,step,-0.100000,-0.082637,-0.031666,10,0.000000,0.000000,2,-0.100000
2.360153,step,-0.100000,-0.082778,-0.034331,10,0.000000,0.000000,2,-0.100000
2.363138,step,-0.100000,-0.082910,-0.034065,10,0.000000,0.000000,2,-0.100000
2.366133,step,-0.100000,-0.083022,-0.033265,10,0.000000,0.000000,2,-0.100000
2.369087,step,-0.100000,-0.083121,-0.031666,10,0.000000,0.000000,2,-0.100000
2.372286,step,-0.100000,-0.083230,-0.033532,10,0.000000,0.000000,2,-0.100000
2.375452,step,-0.100000,-0.083281,-0.031666,10,0.000000,0.000000,2,-0.100000
2.378925,step,-0.100000,-0.083372,-0.030068,10,0.000000,0.000000,2,-0.100000
2.381981,step,-0.100000,-0.083378,-0.026337,10,0.000000,0.000000,2,-0.100000
2.384916,step,-0.100000,-0.083413,-0.026071,10,0.000000,0.000000,2,-0.100000
2.387870,step,-0.100000,-0.083391,-0.022074,10,0.000000,0.000000,2,-0.100000
2.390829,step,-0.100000,-0.083359,-0.019942,10,0.000000,0.000000,2,-0.100000
2.393831,step,-0.100000,-0.083304,-0.015146,10,0.000000,0.000000,2,-0.100000
2.396552,step,-0.100000,-0.083243,-0.010616,10,0.000000,0.000000,2,-0.100000
2.399313,step,-0.100000,-0.083184,-0.013014,10,0.000000,0.000000,2,-0.100000
2.402229,step,-0.100000,-0.083126,-0.005553,10,0.000000,0.000000,2,-0.100000
2.404987,step,-0.100000,-0.083036,-0.002622,10,0.000000,0.000000,2,-0.100000
2.407748,step,-0.100000,-0.082989,-0.001023,10,0.000000,0.000000,2,-0.100000
2.410981,step,-0.100000,-0.082888,0.003773,10,0.000000,0.000000,2,-0.100000
2.414232,step,-0.100000,-0.082830,0.004040,10,0.000000,0.000000,2,-0.100000
2.417488,step,-0.100000,-0.082779,0.008836,10,0.000000,0.000000,2,-0.100000
2.421071,step,-0.100000,-0.082753,0.007237,10,0.000000,0.000000,2,-0.100000
2.424349,step,-0.100000,-0.082688,0.012300,10,0.000000,0.000000,2,-0.100000
2.427906,step,-0.100000,-0.082654,0.012033,10,0.000000,0.000000,2,-0.100000
2.430860,step,-0.100000,-0.082658,0.013366,10,0.000000,0.000000,2,-0.100000
2.433895,step,-0.100000,-0.082666,0.009902,10,0.000000,0.000000,2,-0.100000
2.436861,step,-0.100000,-0.082665,0.011501,10,0.000000,0.000000,2,-0.100000
2.439802,step,-0.100000,-0.082666,0.009369,10,0.000000,0.000000,2,-0.100000
2.443022,step,-0.100000,-0.082694,0.007504,10,0.000000,0.000000,2,-0.100000
2.445969,step,-0.100000,-0.082686,0.005638,10,0.000000,0.000000,2,-0.100000
2.448922,step,-0.100000,-0.082744,0.005105,10,0.000000,0.000000,2,-0.100000
2.451948,step,-0.100000,-0.082792,0.001375,10,0.000000,0.000000,2,-0.100000
2.455124,step,-0.100000,-0.082868,-0.001823,10,0.000000,0.000000,2,-0.100000
2.458690,step,-0.100000,-0.082974,-0.003954,10,0.000000,0.000000,2,-0.100000
2.461840,step,-0.100000,-0.083045,-0.003954,10,0.000000,0.000000,2,-0.100000
2.464776,step,-0.100000,-0.083137,-0.007685,10,0.000000,0.000000,2,-0.100000
2.467739,step,-0.100000,-0.083229,-0.011149,10,0.000000,0.000000,2,-0.100000
2.470719,step,-0.100000,-0.083304,-0.012748,10,0.000000,0.000000,2,-0.100000
2.473673,step,-0.100000,-0.083404,-0.012215,10,0.000000,0.000000,2,-0.100000
2.476611,step,-0.100000,-0.083452,-0.013280,10,0.000000,0.000000,2,-0.100000
2.479566,step,-0.100000,-0.083509,-0.014080,10,0.000000,0.000000,2,-0.100000
2.482937,step,-0.100000,-0.083618,-0.017544,10,0.000000,0.000000,2,-0.100000
2.486126,step,-0.100000,-0.083676,-0.017544,10,0.000000,0.000000,2,-0.100000
2.489639,step,-0.100000,-0.083737,-0.016478,10,0.000000,0.000000,2,-0.100000
2.493114,step,-0.100000,-0.083778,-0.014613,10,0.000000,0.000000,2,-0.100000
2.496092,step,-0.100000,-0.083784,-0.016478,10,0.000000,0.000000,2,-0.100000
2.499065,step,-0.100000,-0.083784,-0.011948,10,0.000000,0.000000,2,-0.100000
2.502118,step,-0.100000,-0.083770,-0.010083,10,0.000000,0.000000,2,-0.100000
2.505108,step,-0.100000,-0.083736,-0.009550,10,0.000000,0.000000,2,-0.100000
2.508138,step,-0.100000,-0.083727,-0.007951,10,0.000000,0.000000,2,-0.100000
2.511094,step,-0.100000,-0.083717,-0.007152,10,0.000000,0.000000,2,-0.100000
2.514064,step,-0.100000,-0.083695,-0.006352,10,0.000000,0.000000,2,-0.100000
2.517016,step,-0.100000,-0.083663,-0.003421,10,0.000000,0.000000,2,-0.100000
2.520311,step,-0.100000,-0.083633,-0.002356,10,0.000000,0.000000,2,-0.100000
2.523371,step,-0.100000,-0.083586,0.000043,10,0.000000,0.000000,2,-0.100000
2.526521,step,-0.100000,-0.083570,0.000842,10,0.000000,0.000000,2,-0.100000
2.529712,step,-0.100000,-0.083542,0.001908,10,0.000000,0.000000,2,-0.100000
2.532876,step,-0.100000,-0.083511,0.000043,10,0.000000,0.000000,2,-0.100000
2.535792,step,-0.100000,-0.083497,0.004306,10,0.000000,0.000000,2,-0.100000
2.538719,step,-0.100000,-0.083482,0.002974,10,0.000000,0.000000,2,-0.100000
2.541682,step,-0.100000,-0.083474,0.003773,10,0.000000,0.000000,2,-0.100000
2.544909,step,-0.100000,-0.083466,0.002441,10,0.000000,0.000000,2,-0.100000
2.547880,step,-0.100000,-0.083492,0.000043,10,0.000000,0.000000,2,-0.100000
2.550794,step,-0.100000,-0.083535,0.002174,10,0.000000,0.000000,2,-0.100000
2.553779,step,-0.100000,-0.083580,-0.002622,10,0.000000,0.000000,2,-0.100000
2.557912,step,-0.100000,-0.083619,-0.002356,10,0.000000,0.000000,2,-0.100000
2.560895,step,-0.100000,-0.083655,-0.000224,10,0.000000,0.000000,2,-0.100000
2.563686,step,-0.100000,-0.083712,-0.004754,10,0.000000,0.000000,2,-0.100000
2.566276,step,-0.100000,-0.083757,-0.004221,10,0.000000,0.000000,2,-0.100000
2.568863,step,-0.100000,-0.083802,-0.005553,10,0.000000,0.000000,2,-0.100000
2.571500,step,-0.100000,-0.083844,-0.005820,10,0.000000,0.000000,2,-0.100000
2.574318,step,-0.100000,-0.083879,-0.006352,10,0.000000,0.000000,2,-0.100000
2.577295,step,-0.100000,-0.083932,-0.006352,10,0.000000,0.000000,2,-0.100000
2.580660,step,-0.100000,-0.083999,-0.011415,10,0.000000,0.000000,2,-0.100000
2.583651,step,-0.100000,-0.084058,-0.011149,10,0.000000,0.000000,2,-0.100000
2.586863,step,-0.100000,-0.084107,-0.013014,10,0.000000,0.000000,2,-0.100000
2.590115,step,-0.100000,-0.084142,-0.010882,10,0.000000,0.000000,2,-0.100000
2.593368,step,-0.100000,-0.084210,-0.012748,10,0.000000,0.000000,2,-0.100000
2.596320,step,-0.100000,-0.084246,-0.013014,10,0.000000,0.000000,2,-0.100000
2.599041,step,-0.100000,-0.084286,-0.011948,10,0.000000,0.000000,2,-0.100000
2.601819,step,-0.100000,-0.084305,-0.010349,10,0.000000,0.000000,2,-0.100000
2.604621,step,-0.100000,-0.084339,-0.012215,10,0.000000,0.000000,2,-0.100000
2.607607,step,-0.100000,-0.084359,-0.010349,10,0.000000,0.000000,2,-0.100000
2.610565,step,-0.100000,-0.084354,-0.008751,10,0.000000,0.000000,2,-0.100000
2.613651,step,-0.100000,-0.084358,-0.007951,10,0.000000,0.000000,2,-0.100000
2.616433,step,-0.100000,-0.084350,-0.009017,10,0.000000,0.000000,2,-0.100000
2.619192,step,-0.100000,-0.084369,-0.004221,10,0.000000,0.000000,2,-0.100000
2.622085,step,-0.100000,-0.084388,-0.005820,10,0.000000,0.000000,2,-0.100000
2.624929,step,-0.100000,-0.084345,-0.003421,10,0.000000,0.000000,2,-0.100000
2.628108,step,-0.100000,-0.084315,-0.001023,10,0.000000,0.000000,2,-0.100000
2.631055,step,-0.100000,-0.084287,-0.000224,10,0.000000,0.000000,2,-0.100000
2.634106,step,-0.100000,-0.084269,-0.000224,10,0.000000,0.000000,2,-0.100000
2.637425,step,-0.100000,-0.084282,-0.001290,10,0.000000,0.000000,2,-0.100000
2.640628,step,-0.100000,-0.084265,0.000043,10,0.000000,0.000000,2,-0.100000
2.643848,step,-0.100000,-0.084254,-0.001290,10,0.000000,0.000000,2,-0.100000
2.646646,step,-0.100000,-0.084256,-0.002356,10,0.000000,0.000000,2,-0.100000
2.649384,step,-0.100000,-0.084281,0.000576,10,0.000000,0.000000,2,-0.100000
2.652414,step,-0.100000,-0.084289,-0.000490,10,0.000000,0.000000,2,-0.100000
2.655845,step,-0.100000,-0.084317,-0.002089,10,0.000000,0.000000,2,-0.100000
2.658812,step,-0.100000,-0.084336,0.000309,10,0.000000,0.000000,2,-0.100000
2.661855,step,-0.100000,-0.084381,-0.002622,10,0.000000,0.000000,2,-0.100000
2.664759,step,-0.100000,-0.084412,-0.003954,10,0.000000,0.000000,2,-0.100000
2.667778,step,-0.100000,-0.084406,-0.004754,10,0.000000,0.000000,2,-0.100000
2.670510,step,-0.100000,-0.084441,-0.007418,10,0.000000,0.000000,2,-0.100000
2.673270,step,-0.100000,-0.084487,-0.004487,10,0.000000,0.000000,2,-0.100000
2.676469,step,-0.100000,-0.084526,-0.004754,10,0.000000,0.000000,2,-0.100000
2.679697,step,-0.100000,-0.084589,-0.008484,10,0.000000,0.000000,2,-0.100000
2.682896,step,-0.100000,-0.084617,-0.008218,10,0.000000,0.000000,2,-0.100000
2.685944,step,-0.100000,-0.084661,-0.006885,10,0.000000,0.000000,2,-0.100000
2.688897,step,-0.100000,-0.084708,-0.009017,10,0.000000,0.000000,2,-0.100000
2.691893,step,-0.100000,-0.084740,-0.009284,10,0.000000,0.000000,2,-0.100000
2.694864,step,-0.100000,-0.084754,-0.010083,10,0.000000,0.000000,2,-0.100000
2.697852,step,-0.100000,-0.084769,-0.011149,10,0.000000,0.000000,2,-0.100000
2.700757,step,-0.100000,-0.084792,-0.009017,10,0.000000,0.000000,2,-0.100000
2.703731,step,-0.100000,-0.084808,-0.006619,10,0.000000,0.000000,2,-0.100000
2.706665,step,-0.100000,-0.084840,-0.007418,10,0.000000,0.000000,2,-0.100000
2.709595,step,-0.100000,-0.084849,-0.010349,10,0.000000,0.000000,2,-0.100000
2.712630,step,-0.100000,-0.084848,-0.005820,10,0.000000,0.000000,2,-0.100000
2.715864,step,-0.100000,-0.084867,-0.009284,10,0.000000,0.000000,2,-0.100000
2.719067,step,-0.100000,-0.084873,-0.007951,10,0.000000,0.000000,2,-0.100000
2.722268,step,-0.100000,-0.084860,-0.007152,10,0.000000,0.000000,2,-0.100000
2.725742,step,-0.100000,-0.084855,-0.006885,10,0.000000,0.000000,2,-0.100000
2.728682,step,-0.100000,-0.084865,-0.006086,10,0.000000,0.000000,2,-0.100000
2.731637,step,-0.100000,-0.084824,-0.002888,10,0.000000,0.000000,2,-0.100000
2.734604,step,-0.100000,-0.084817,-0.003688,10,0.000000,0.000000,2,-0.100000
2.737742,step,-0.100000,-0.084816,-0.002888,10,0.000000,0.000000,2,-0.100000
2.740945,step,-0.100000,-0.084791,-0.003155,10,0.000000,0.000000,2,-0.100000
2.744190,step,-0.100000,-0.084778,-0.000224,10,0.000000,0.000000,2,-0.100000
2.747285,step,-0.100000,-0.084796,-0.002089,10,0.000000,0.000000,2,-0.100000
2.750632,step,-0.100000,-0.084778,-0.000224,10,0.000000,0.000000,2,-0.100000
2.753576,step,-0.100000,-0.084794,-0.001023,10,0.000000,0.000000,2,-0.100000
2.756483,step,-0.100000,-0.084802,-0.001023,10,0.000000,0.000000,2,-0.100000
2.759227,step,-0.100000,-0.084782,-0.005287,10,0.000000,0.000000,2,-0.100000
2.762080,step,-0.100000,-0.084790,-0.002888,10,0.000000,0.000000,2,-0.100000
2.764827,step,-0.100000,-0.084814,-0.002356,10,0.000000,0.000000,2,-0.100000
2.767736,step,-0.100000,-0.084842,-0.003954,10,0.000000,0.000000,2,-0.100000
2.770688,step,-0.100000,-0.084863,-0.005020,10,0.000000,0.000000,2,-0.100000
2.773654,step,-0.100000,-0.084894,-0.003688,10,0.000000,0.000000,2,-0.100000
2.776581,step,-0.100000,-0.084951,-0.006352,10,0.000000,0.000000,2,-0.100000
2.779342,step,-0.100000,-0.084957,-0.005287,10,0.000000,0.000000,2,-0.100000
2.782086,step,-0.100000,-0.084967,-0.007152,10,0.000000,0.000000,2,-0.100000
2.784831,step,-0.100000,-0.084981,-0.005820,10,0.000000,0.000000,2,-0.100000
2.787860,step,-0.100000,-0.084986,-0.006352,10,0.000000,0.000000,2,-0.100000
2.791032,step,-0.100000,-0.084999,-0.004754,10,0.000000,0.000000,2,-0.100000
2.794263,step,-0.100000,-0.085048,-0.008751,10,0.000000,0.000000,2,-0.100000
2.797451,step,-0.100000,-0.085070,-0.008751,10,0.000000,0.000000,2,-0.100000
2.800985,step,-0.100000,-0.085094,-0.008484,10,0.000000,0.000000,2,-0.100000
2.804107,step,-0.100000,-0.085140,-0.008484,10,0.000000,0.000000,2,-0.100000
2.807219,step,-0.100000,-0.085173,-0.009550,10,0.000000,0.000000,2,-0.100000
2.810195,step,-0.100000,-0.085199,-0.008751,10,0.000000,0.000000,2,-0.100000
2.813169,step,-0.100000,-0.085203,-0.007152,10,0.000000,0.000000,2,-0.100000
2.816471,coast,0.000000,-0.085204,-0.006885,10,0.000000,0.000000,2,0.000000
2.819395,coast,0.000000,-0.085195,-0.006086,10,0.000000,0.000000,2,0.000000
2.822660,coast,0.000000,-0.084931,-0.009284,10,0.000000,0.000000,2,0.000000
2.825623,coast,0.000000,-0.084942,0.007770,10,0.000000,0.000000,2,0.000000
2.828780,coast,0.000000,-0.084728,0.012300,10,0.000000,0.000000,2,0.000000
2.832000,coast,0.000000,-0.084160,0.015497,10,0.000000,0.000000,2,0.000000
2.835217,coast,0.000000,-0.083873,0.032285,10,0.000000,0.000000,2,0.000000
2.838446,coast,0.000000,-0.083758,0.034416,10,0.000000,0.000000,2,0.000000
2.841850,coast,0.000000,-0.083217,0.038680,10,0.000000,0.000000,2,0.000000
2.845048,coast,0.000000,-0.083025,0.047739,10,0.000000,0.000000,2,0.000000
2.848567,coast,0.000000,-0.082870,0.055733,10,0.000000,0.000000,2,0.000000
2.851723,coast,0.000000,-0.082327,0.056266,10,0.000000,0.000000,2,0.000000
2.854889,coast,0.000000,-0.082028,0.066658,9,0.000000,0.000000,2,0.000000
2.858127,coast,0.000000,-0.081669,0.072520,9,0.000000,0.000000,2,0.000000
2.861100,coast,0.000000,-0.081222,0.076251,9,0.000000,0.000000,2,0.000000
2.864415,coast,0.000000,-0.080775,0.083179,9,0.000000,0.000000,2,0.000000
2.867355,coast,0.000000,-0.080402,0.092505,9,0.000000,0.000000,2,0.000000
2.870526,coast,0.000000,-0.079845,0.099700,9,0.000000,0.000000,2,0.000000
2.873747,coast,0.000000,-0.079372,0.101565,9,0.000000,0.000000,2,0.000000
2.876968,coast,0.000000,-0.078829,0.112223,9,0.000000,0.000000,2,0.000000
2.880305,coast,0.000000,-0.078262,0.123948,9,0.000000,0.000000,2,0.000000
2.883270,coast,0.000000,-0.077634,0.130876,9,0.000000,0.000000,2,0.000000
2.886234,coast,0.000000,-0.076997,0.140468,9,0.000000,0.000000,2,0.000000
2.889262,coast,0.000000,-0.076394,0.149262,9,0.000000,0.000000,2,0.000000
2.892290,coast,0.000000,-0.075605,0.156456,9,0.000000,0.000000,2,0.000000
2.895267,coast,0.000000,-0.074820,0.162318,8,0.000000,0.000000,2,0.000000
2.898221,coast,0.000000,-0.074096,0.168447,8,0.000000,0.000000,2,0.000000
2.901170,coast,0.000000,-0.073381,0.180704,8,0.000000,0.000000,2,0.000000
2.904496,coast,0.000000,-0.072510,0.190830,8,0.000000,0.000000,2,0.000000
2.907450,coast,0.000000,-0.071625,0.194294,8,0.000000,0.000000,2,0.000000
2.910741,coast,0.000000,-0.070745,0.205485,8,0.000000,0.000000,2,0.000000
2.913707,coast,0.000000,-0.069888,0.210548,8,0.000000,0.000000,2,0.000000
2.916652,coast,0.000000,-0.069062,0.223871,8,0.000000,0.000000,2,0.000000
2.919619,coast,0.000000,-0.068034,0.224404,8,0.000000,0.000000,2,0.000000
2.922579,coast,0.000000,-0.067317,0.222006,8,0.000000,0.000000,2,0.000000
2.925593,coast,0.000000,-0.066519,0.228401,8,0.000000,0.000000,2,0.000000
2.928852,coast,0.000000,-0.065713,0.233730,8,0.000000,0.000000,2,0.000000
2.931829,coast,0.000000,-0.064959,0.233730,8,0.000000,0.000000,2,0.000000
2.934754,coast,0.000000,-0.064193,0.235862,8,0.000000,0.000000,2,0.000000
2.937720,coast,0.000000,-0.063558,0.236928,8,0.000000,0.000000,2,0.000000
2.940690,coast,0.000000,-0.062766,0.237194,8,0.000000,0.000000,2,0.000000
2.943669,coast,0.000000,-0.062057,0.236928,8,0.000000,0.000000,2,0.000000
2.946678,coast,0.000000,-0.061349,0.234796,8,0.000000,0.000000,2,0.000000
2.949682,coast,0.000000,-0.060682,0.236128,8,0.000000,0.000000,2,0.000000
2.952902,coast,0.000000,-0.059954,0.232931,8,0.000000,0.000000,2,0.000000
2.956431,coast,0.000000,-0.059184,0.232398,8,0.000000,0.000000,2,0.000000
2.959670,coast,0.000000,-0.058464,0.231332,8,0.000000,0.000000,2,0.000000
2.962745,coast,0.000000,-0.057809,0.231066,8,0.000000,0.000000,2,0.000000
2.965707,coast,0.000000,-0.057168,0.227069,8,0.000000,0.000000,2,0.000000
2.968657,coast,0.000000,-0.056637,0.231332,8,0.000000,0.000000,2,0.000000
2.971583,coast,0.000000,-0.056086,0.227868,8,0.000000,0.000000,2,0.000000
2.974514,coast,0.000000,-0.055514,0.225470,8,0.000000,0.000000,2,0.000000
2.977470,coast,0.000000,-0.054969,0.223338,8,0.000000,0.000000,2,0.000000
2.980784,coast,0.000000,-0.054329,0.219608,8,0.000000,0.000000,2,0.000000
2.983734,coast,0.000000,-0.053808,0.217476,8,0.000000,0.000000,2,0.000000
2.986684,coast,0.000000,-0.053286,0.213479,8,0.000000,0.000000,2,0.000000
2.989679,coast,0.000000,-0.052803,0.210015,8,0.000000,0.000000,2,0.000000
2.992623,coast,0.000000,-0.052341,0.206285,7,0.000000,0.000000,2,0.000000
2.995615,coast,0.000000,-0.051853,0.203886,7,0.000000,0.000000,2,0.000000
2.998546,coast,0.000000,-0.051363,0.200156,7,0.000000,0.000000,2,0.000000
3.001471,coast,0.000000,-0.050916,0.195360,7,0.000000,0.000000,2,0.000000
3.004394,coast,0.000000,-0.050489,0.189764,7,0.000000,0.000000,2,0.000000
3.007317,coast,0.000000,-0.050079,0.188432,7,0.000000,0.000000,2,0.000000
3.010634,coast,0.000000,-0.049518,0.183635,7,0.000000,0.000000,2,0.000000
3.013877,coast,0.000000,-0.048984,0.182037,7,0.000000,0.000000,2,0.000000
3.017317,coast,0.000000,-0.048429,0.184701,7,0.000000,0.000000,2,0.000000
3.020549,coast,0.000000,-0.047876,0.179372,7,0.000000,0.000000,2,0.000000
3.023325,coast,0.000000,-0.047386,0.179372,7,0.000000,0.000000,2,0.000000
3.026356,coast,0.000000,-0.046925,0.179638,7,0.000000,0.000000,2,0.000000
3.029094,coast,0.000000,-0.046441,0.179905,7,0.000000,0.000000,2,0.000000
3.032022,coast,0.000000,-0.045917,0.178040,7,0.000000,0.000000,2,0.000000
3.034980,coast,0.000000,-0.045393,0.177773,7,0.000000,0.000000,2,0.000000
3.038229,coast,0.000000,-0.044818,0.178839,7,0.000000,0.000000,2,0.000000
3.041265,coast,0.000000,-0.044274,0.181237,7,0.000000,0.000000,2,0.000000
3.044805,coast,0.000000,-0.043649,0.178839,7,0.000000,0.000000,2,0.000000
3.048003,coast,0.000000,-0.043112,0.180171,7,0.000000,0.000000,2,0.000000
3.051137,coast,0.000000,-0.042562,0.176707,7,0.000000,0.000000,2,0.000000
3.054296,coast,0.000000,-0.042001,0.175375,6,0.000000,0.000000,2,0.000000
3.057144,coast,0.000000,-0.041476,0.178306,6,0.000000,0.000000,2,0.000000
3.060020,coast,0.000000,-0.040918,0.178572,6,0.000000,0.000000,2,0.000000
3.062621,coast,0.000000,-0.040448,0.179105,6,0.000000,0.000000,2,0.000000
3.065212,coast,0.000000,-0.039947,0.183902,6,0.000000,0.000000,2,0.000000
3.067866,coast,0.000000,-0.039469,0.180438,6,0.000000,0.000000,2,0.000000
3.070468,coast,0.000000,-0.038960,0.182836,6,0.000000,0.000000,2,0.000000
3.073449,coast,0.000000,-0.038388,0.186033,6,0.000000,0.000000,2,0.000000
3.076707,coast,0.000000,-0.037764,0.188965,6,0.000000,0.000000,2,0.000000
3.079925,coast,0.000000,-0.037102,0.189231,6,0.000000,0.000000,2,0.000000
3.082992,coast,0.000000,-0.036503,0.189497,6,0.000000,0.000000,2,0.000000
3.086063,coast,0.000000,-0.035937,0.190830,6,0.000000,0.000000,2,0.000000
3.088808,coast,0.000000,-0.035432,0.193494,6,0.000000,0.000000,2,0.000000
3.091672,coast,0.000000,-0.034859,0.193228,6,0.000000,0.000000,2,0.000000
3.094912,coast,0.000000,-0.034189,0.193494,6,0.000000,0.000000,2,0.000000
3.097932,coast,0.000000,-0.033507,0.196159,5,0.000000,0.000000,2,0.000000
3.100899,coast,0.000000,-0.032722,0.198291,5,0.000000,0.000000,2,0.000000
3.103856,coast,0.000000,-0.031992,0.195093,5,0.000000,0.000000,2,0.000000
3.106806,coast,0.000000,-0.031277,0.198291,5,0.000000,0.000000,2,0.000000
3.109758,coast,0.000000,-0.030643,0.206018,5,0.000000,0.000000,2,0.000000
3.112707,coast,0.000000,-0.029951,0.202821,5,0.000000,0.000000,2,0.000000
3.115663,coast,0.000000,-0.029220,0.207084,5,0.000000,0.000000,2,0.000000
3.118581,coast,0.000000,-0.028541,0.209216,5,0.000000,0.000000,2,0.000000
3.121525,coast,0.000000,-0.027804,0.214278,5,0.000000,0.000000,2,0.000000
3.124529,coast,0.000000,-0.027100,0.216943,5,0.000000,0.000000,2,0.000000
3.127501,coast,0.000000,-0.026341,0.217476,5,0.000000,0.000000,2,0.000000
3.130475,coast,0.000000,-0.025900,0.210015,5,0.000000,0.000000,2,0.000000
3.133467,coast,0.000000,-0.025065,0.205752,5,0.000000,0.000000,2,0.000000
3.136491,coast,0.000000,-0.024756,0.207617,5,0.000000,0.000000,2,0.000000
3.139483,coast,0.000000,-0.024170,0.206551,5,0.000000,0.000000,2,0.000000
3.142453,coast,0.000000,-0.023599,0.202021,5,0.000000,0.000000,2,0.000000
3.145829,coast,0.000000,-0.023085,0.197491,5,0.000000,0.000000,2,0.000000
3.148872,coast,0.000000,-0.022509,0.194027,5,0.000000,0.000000,2,0.000000
3.151819,coast,0.000000,-0.022054,0.193228,5,0.000000,0.000000,2,0.000000
3.154813,coast,0.000000,-0.021526,0.184968,5,0.000000,0.000000,2,0.000000
3.157686,coast,0.000000,-0.021138,0.184701,5,0.000000,0.000000,2,0.000000
3.160522,coast,0.000000,-0.020811,0.181504,5,0.000000,0.000000,2,0.000000
3.163522,coast,0.000000,-0.020311,0.177507,5,0.000000,0.000000,2,0.000000
3.166756,coast,0.000000,-0.019961,0.169779,5,0.000000,0.000000,2,0.000000
3.169963,coast,0.000000,-0.019590,0.169246,5,0.000000,0.000000,2,0.000000
3.173288,coast,0.000000,-0.019148,0.163384,4,0.000000,0.000000,2,0.000000
3.176039,coast,0.000000,-0.018885,0.160187,4,0.000000,0.000000,2,0.000000
3.178797,coast,0.000000,-0.018619,0.154058,4,0.000000,0.000000,2,0.000000
3.181540,coast,0.000000,-0.018433,0.148196,4,0.000000,0.000000,2,0.000000
3.184497,coast,0.000000,-0.018204,0.139935,4,0.000000,0.000000,2,0.000000
3.187447,coast,0.000000,-0.018053,0.132208,4,0.000000,0.000000,2,0.000000
3.190417,coast,0.000000,-0.017927,0.124214,4,0.000000,0.000000,2,0.000000
3.193367,coast,0.000000,-0.017805,0.113289,4,0.000000,0.000000,2,0.000000
3.196287,coast,0.000000,-0.017760,0.101565,4,0.000000,0.000000,2,0.000000
3.199204,coast,0.000000,-0.017725,0.101032,4,0.000000,0.000000,2,0.000000
3.202147,coast,0.000000,-0.017710,0.092505,4,0.000000,0.000000,2,0.000000
3.205065,coast,0.000000,-0.017682,0.079448,4,0.000000,0.000000,2,0.000000
3.208002,coast,0.000000,-0.017744,0.071988,4,0.000000,0.000000,2,0.000000
3.210960,coast,0.000000,-0.017822,0.063994,4,0.000000,0.000000,2,0.000000
3.214262,coast,0.000000,-0.017905,0.053069,4,0.000000,0.000000,2,0.000000
3.217183,coast,0.000000,-0.018012,0.046141,4,0.000000,0.000000,2,0.000000
3.220155,coast,0.000000,-0.018183,0.036548,4,0.000000,0.000000,2,0.000000
3.223171,coast,0.000000,-0.018357,0.026955,4,0.000000,0.000000,2,0.000000
3.226139,coast,0.000000,-0.018522,0.020827,4,0.000000,0.000000,2,0.000000
3.229110,coast,0.000000,-0.018731,0.012033,4,0.000000,0.000000,2,0.000000
3.232071,coast,0.000000,-0.018956,0.000576,4,0.000000,0.000000,2,0.000000
3.235127,coast,0.000000,-0.019216,-0.004221,4,0.000000,0.000000,2,0.000000
3.238711,coast,0.000000,-0.019481,-0.019676,4,0.000000,0.000000,2,0.000000
3.241884,coast,0.000000,-0.019771,-0.025538,4,0.000000,0.000000,2,0.000000
3.245293,coast,0.000000,-0.020077,-0.037529,4,0.000000,0.000000,2,0.000000
3.248303,coast,0.000000,-0.020378,-0.044457,4,0.000000,0.000000,2,0.000000
3.251221,coast,0.000000,-0.020668,-0.051918,4,0.000000,0.000000,2,0.000000
3.254192,coast,0.000000,-0.021003,-0.059378,4,0.000000,0.000000,2,0.000000
3.256977,coast,0.000000,-0.021324,-0.066839,4,0.000000,0.000000,2,0.000000
3.260021,coast,0.000000,-0.021645,-0.070303,4,0.000000,0.000000,2,0.000000
3.263012,coast,0.000000,-0.021983,-0.075899,4,0.000000,0.000000,2,0.000000
3.265866,coast,0.000000,-0.022286,-0.078297,4,0.000000,0.000000,2,0.000000
3.268787,coast,0.000000,-0.022597,-0.084426,4,0.000000,0.000000,2,0.000000
3.271810,coast,0.000000,-0.022913,-0.086025,4,0.000000,0.000000,2,0.000000
3.274788,coast,0.000000,-0.023247,-0.091354,4,0.000000,0.000000,2,0.000000
3.278015,coast,0.000000,-0.023587,-0.090821,4,0.000000,0.000000,2,0.000000
3.281215,coast,0.000000,-0.023884,-0.093486,4,0.000000,0.000000,2,0.000000
3.284451,coast,0.000000,-0.024207,-0.095084,4,0.000000,0.000000,2,0.000000
3.287471,coast,0.000000,-0.024517,-0.096683,4,0.000000,0.000000,2,0.000000
3.290416,coast,0.000000,-0.024775,-0.096417,4,0.000000,0.000000,2,0.000000
3.293646,coast,0.000000,-0.025048,-0.097483,4,0.000000,0.000000,2,0.000000
3.296616,coast,0.000000,-0.025307,-0.096950,4,0.000000,0.000000,2,0.000000
3.299553,coast,0.000000,-0.025563,-0.094552,4,0.000000,0.000000,2,0.000000
3.302538,coast,0.000000,-0.025823,-0.096683,4,0.000000,0.000000,2,0.000000
3.305509,coast,0.000000,-0.026087,-0.097749,4,0.000000,0.000000,2,0.000000
3.308737,coast,0.000000,-0.026363,-0.097749,4,0.000000,0.000000,2,0.000000
3.311943,coast,0.000000,-0.026618,-0.096417,4,0.000000,0.000000,2,0.000000
3.315103,coast,0.000000,-0.026873,-0.098016,4,0.000000,0.000000,2,0.000000
3.318559,coast,0.000000,-0.027135,-0.097483,4,0.000000,0.000000,2,0.000000
3.321481,coast,0.000000,-0.027350,-0.095084,4,0.000000,0.000000,2,0.000000
3.324407,coast,0.000000,-0.027558,-0.098548,4,0.000000,0.000000,2,0.000000
3.327329,coast,0.000000,-0.027766,-0.095884,4,0.000000,0.000000,2,0.000000
3.330320,coast,0.000000,-0.027930,-0.093486,4,0.000000,0.000000,2,0.000000
3.333298,coast,0.000000,-0.028102,-0.093486,4,0.000000,0.000000,2,0.000000
3.336574,coast,0.000000,-0.028294,-0.088423,4,0.000000,0.000000,2,0.000000
3.339516,coast,0.000000,-0.028454,-0.088423,4,0.000000,0.000000,2,0.000000
3.342516,coast,0.000000,-0.028577,-0.084692,4,0.000000,0.000000,2,0.000000
3.345840,coast,0.000000,-0.028701,-0.082028,4,0.000000,0.000000,2,0.000000
3.349091,coast,0.000000,-0.028792,-0.079097,4,0.000000,0.000000,2,0.000000
3.352321,coast,0.000000,-0.028901,-0.077498,4,0.000000,0.000000,2,0.000000
3.355524,coast,0.000000,-0.029000,-0.072435,4,0.000000,0.000000,2,0.000000
3.358510,coast,0.000000,-0.029059,-0.070836,4,0.000000,0.000000,2,0.000000
3.361918,coast,0.000000,-0.029136,-0.064974,4,0.000000,0.000000,2,0.000000
3.365028,coast,0.000000,-0.029182,-0.060711,4,0.000000,0.000000,2,0.000000
3.367876,coast,0.000000,-0.029216,-0.058579,4,0.000000,0.000000,2,0.000000
3.370598,coast,0.000000,-0.029225,-0.055115,4,0.000000,0.000000,2,0.000000
3.373434,coast,0.000000,-0.029255,-0.052450,4,0.000000,0.000000,2,0.000000
3.376264,coast,0.000000,-0.029276,-0.048187,4,0.000000,0.000000,2,0.000000
3.379480,coast,0.000000,-0.029296,-0.045522,4,0.000000,0.000000,2,0.000000
3.382690,coast,0.000000,-0.029269,-0.044723,4,0.000000,0.000000,2,0.000000
3.386274,coast,0.000000,-0.029283,-0.035930,4,0.000000,0.000000,2,0.000000
3.389203,coast,0.000000,-0.029217,-0.034331,4,0.000000,0.000000,2,0.000000
3.392515,coast,0.000000,-0.029199,-0.029535,4,0.000000,0.000000,2,0.000000
3.395473,coast,0.000000,-0.029134,-0.024205,4,0.000000,0.000000,2,0.000000
3.398453,coast,0.000000,-0.029059,-0.023406,4,0.000000,0.000000,2,0.000000
3.401374,coast,0.000000,-0.028987,-0.018077,4,0.000000,0.000000,2,0.000000
3.404299,coast,0.000000,-0.028900,-0.015146,4,0.000000,0.000000,2,0.000000
3.407365,coast,0.000000,-0.028806,-0.011415,4,0.000000,0.000000,2,0.000000
3.410875,coast,0.000000,-0.028725,-0.009284,4,0.000000,0.000000,2,0.000000
3.414093,coast,0.000000,-0.028599,-0.003954,4,0.000000,0.000000,2,0.000000
3.417771,coast,0.000000,-0.028478,-0.001023,4,0.000000,0.000000,2,0.000000
3.420917,coast,0.000000,-0.028364,0.003240,4,0.000000,0.000000,2,0.000000
3.424591,coast,0.000000,-0.028218,0.009102,4,0.000000,0.000000,2,0.000000
3.428315,coast,0.000000,-0.028089,0.012566,4,0.000000,0.000000,2,0.000000
3.430411,coast,0.000000,-0.027962,0.015231,4,0.000000,0.000000,2,0.000000
3.432601,coast,0.000000,-0.027834,0.019228,4,0.000000,0.000000,2,0.000000
3.435163,coast,0.000000,-0.027692,0.018961,4,0.000000,0.000000,2,0.000000
3.438264,coast,0.000000,-0.027539,0.019228,4,0.000000,0.000000,2,0.000000
3.440830,coast,0.000000,-0.027394,0.024557,4,0.000000,0.000000,2,0.000000
3.444427,coast,0.000000,-0.027230,0.025090,4,0.000000,0.000000,2,0.000000
3.446941,coast,0.000000,-0.027123,0.025889,4,0.000000,0.000000,2,0.000000
3.449394,coast,0.000000,-0.027020,0.026689,4,0.000000,0.000000,2,0.000000
3.451954,coast,0.000000,-0.026882,0.028821,4,0.000000,0.000000,2,0.000000
3.454279,coast,0.000000,-0.026781,0.029087,4,0.000000,0.000000,2,0.000000
3.456545,coast,0.000000,-0.026659,0.030419,4,0.000000,0.000000,2,0.000000
3.458679,coast,0.000000,-0.026533,0.031219,4,0.000000,0.000000,2,0.000000
3.460706,coast,0.000000,-0.026406,0.033883,4,0.000000,0.000000,2,0.000000
3.462737,coast,0.000000,-0.026299,0.032818,4,0.000000,0.000000,2,0.000000
3.464804,coast,0.000000,-0.026181,0.033350,4,0.000000,0.000000,2,0.000000
3.467042,coast,0.000000,-0.026075,0.034416,4,0.000000,0.000000,2,0.000000
3.469419,coast,0.000000,-0.025957,0.033883,4,0.000000,0.000000,2,0.000000
3.471740,coast,0.000000,-0.025857,0.034150,4,0.000000,0.000000,2,0.000000
3.473747,coast,0.000000,-0.025743,0.032285,4,0.000000,0.000000,2,0.000000
3.475740,coast,0.000000,-0.025624,0.036015,4,0.000000,0.000000,2,0.000000
3.477736,coast,0.000000,-0.025509,0.033350,4,0.000000,0.000000,2,0.000000
3.479868,coast,0.000000,-0.025407,0.034683,4,0.000000,0.000000,2,0.000000
3.481931,coast,0.000000,-0.025309,0.034150,4,0.000000,0.000000,2,0.000000
3.484157,coast,0.000000,-0.025234,0.032818,4,0.000000,0.000000,2,0.000000
3.486191,coast,0.000000,-0.025153,0.030419,4,0.000000,0.000000,2,0.000000
3.488304,coast,0.000000,-0.025100,0.033084,4,0.000000,0.000000,2,0.000000
3.490314,coast,0.000000,-0.025029,0.029886,4,0.000000,0.000000,2,0.000000
3.492337,coast,0.000000,-0.024967,0.030419,4,0.000000,0.000000,2,0.000000
3.494385,coast,0.000000,-0.024917,0.029886,4,0.000000,0.000000,2,0.000000
3.496440,coast,0.000000,-0.024880,0.026689,4,0.000000,0.000000,2,0.000000
3.498470,coast,0.000000,-0.024814,0.029087,4,0.000000,0.000000,2,0.000000
3.500473,coast,0.000000,-0.024725,0.027755,4,0.000000,0.000000,2,0.000000
3.502500,coast,0.000000,-0.024691,0.026422,4,0.000000,0.000000,2,0.000000
3.504834,coast,0.000000,-0.024634,0.022159,4,0.000000,0.000000,2,0.000000
3.506896,coast,0.000000,-0.024631,0.023225,4,0.000000,0.000000,2,0.000000
3.508964,coast,0.000000,-0.024601,0.023225,4,0.000000,0.000000,2,0.000000
3.511014,coast,0.000000,-0.024574,0.021893,4,0.000000,0.000000,2,0.000000
3.513429,coast,0.000000,-0.024546,0.019494,4,0.000000,0.000000,2,0.000000
3.515540,coast,0.000000,-0.024522,0.020294,4,0.000000,0.000000,2,0.000000
3.517914,coast,0.000000,-0.024520,0.019494,4,0.000000,0.000000,2,0.000000
3.520043,coast,0.000000,-0.024542,0.018429,4,0.000000,0.000000,2,0.000000
3.522187,coast,0.000000,-0.024528,0.014698,4,0.000000,0.000000,2,0.000000
3.524612,coast,0.000000,-0.024516,0.015497,4,0.000000,0.000000,2,0.000000
3.526883,coast,0.000000,-0.024518,0.011234,4,0.000000,0.000000,2,0.000000
3.529306,coast,0.000000,-0.024531,0.012566,4,0.000000,0.000000,2,0.000000
3.532301,coast,0.000000,-0.024517,0.012300,4,0.000000,0.000000,2,0.000000
3.535084,coast,0.000000,-0.024526,0.009102,4,0.000000,0.000000,2,0.000000
3.537771,coast,0.000000,-0.024516,0.010701,4,0.000000,0.000000,2,0.000000
3.540350,coast,0.000000,-0.024558,0.007237,4,0.000000,0.000000,2,0.000000
3.542648,coast,0.000000,-0.024587,0.007504,4,0.000000,0.000000,2,0.000000
3.545303,coast,0.000000,-0.024584,0.004306,4,0.000000,0.000000,2,0.000000
3.547901,coast,0.000000,-0.024627,0.005905,4,0.000000,0.000000,2,0.000000
3.550449,coast,0.000000,-0.024639,0.003240,4,0.000000,0.000000,2,0.000000
3.553288,coast,0.000000,-0.024692,0.000842,4,0.000000,0.000000,2,0.000000
3.556080,coast,0.000000,-0.024693,0.001641,4,0.000000,0.000000,2,0.000000
3.558756,coast,0.000000,-0.024740,-0.001556,4,0.000000,0.000000,2,0.000000
3.561791,coast,0.000000,-0.024755,-0.002356,4,0.000000,0.000000,2,0.000000
3.564274,coast,0.000000,-0.024791,-0.003155,4,0.000000,0.000000,2,0.000000
3.566639,coast,0.000000,-0.024824,-0.002356,4,0.000000,0.000000,2,0.000000
3.569313,coast,0.000000,-0.024823,-0.006352,4,0.000000,0.000000,2,0.000000
3.571999,coast,0.000000,-0.024840,-0.006352,4,0.000000,0.000000,2,0.000000
3.574462,coast,0.000000,-0.024867,-0.009284,4,0.000000,0.000000,2,0.000000
3.576573,coast,0.000000,-0.024898,-0.007685,4,0.000000,0.000000,2,0.000000
3.578787,coast,0.000000,-0.024908,-0.008484,4,0.000000,0.000000,2,0.000000
3.582325,coast,0.000000,-0.024928,-0.008751,4,0.000000,0.000000,2,0.000000
3.584908,coast,0.000000,-0.024972,-0.010616,4,0.000000,0.000000,2,0.000000
3.587704,coast,0.000000,-0.025001,-0.012215,4,0.000000,0.000000,2,0.000000
3.591130,coast,0.000000,-0.025029,-0.012748,4,0.000000,0.000000,2,0.000000
3.593704,coast,0.000000,-0.025052,-0.015412,4,0.000000,0.000000,2,0.000000
3.596146,coast,0.000000,-0.025076,-0.013014,4,0.000000,0.000000,2,0.000000
3.598541,coast,0.000000,-0.025125,-0.014613,4,0.000000,0.000000,2,0.000000
3.601113,coast,0.000000,-0.025161,-0.016212,4,0.000000,0.000000,2,0.000000
3.603936,coast,0.000000,-0.025203,-0.017544,4,0.000000,0.000000,2,0.000000
3.606379,coast,0.000000,-0.025203,-0.014613,4,0.000000,0.000000,2,0.000000
3.608789,coast,0.000000,-0.025187,-0.016478,4,0.000000,0.000000,2,0.000000
3.611358,coast,0.000000,-0.025218,-0.017011,4,0.000000,0.000000,2,0.000000
3.613911,coast,0.000000,-0.025231,-0.016478,4,0.000000,0.000000,2,0.000000
3.616492,coast,0.000000,-0.025271,-0.016745,4,0.000000,0.000000,2,0.000000
3.619077,coast,0.000000,-0.025272,-0.016745,4,0.000000,0.000000,2,0.000000
3.622381,coast,0.000000,-0.025298,-0.015146,4,0.000000,0.000000,2,0.000000
3.625340,coast,0.000000,-0.025277,-0.013813,4,0.000000,0.000000,2,0.000000
3.628481,coast,0.000000,-0.025332,-0.015412,4,0.000000,0.000000,2,0.000000
3.631456,coast,0.000000,-0.025347,-0.015412,4,0.000000,0.000000,2,0.000000
3.634571,coast,0.000000,-0.025351,-0.014080,4,0.000000,0.000000,2,0.000000
3.637620,coast,0.000000,-0.025347,-0.012481,4,0.000000,0.000000,2,0.000000
3.640544,coast,0.000000,-0.025320,-0.010616,4,0.000000,0.000000,2,0.000000
3.643113,coast,0.000000,-0.025317,-0.011149,4,0.000000,0.000000,2,0.000000
3.645723,coast,0.000000,-0.025314,-0.008751,4,0.000000,0.000000,2,0.000000
3.648307,coast,0.000000,-0.025322,-0.012748,4,0.000000,0.000000,2,0.000000
3.651014,coast,0.000000,-0.025273,-0.009017,4,0.000000,0.000000,2,0.000000
3.654351,coast,0.000000,-0.025243,-0.010083,4,0.000000,0.000000,2,0.000000
3.657307,coast,0.000000,-0.025186,-0.009017,4,0.000000,0.000000,2,0.000000
3.660402,coast,0.000000,-0.025160,-0.005553,4,0.000000,0.000000,2,0.000000
3.663361,coast,0.000000,-0.025144,-0.005287,4,0.000000,0.000000,2,0.000000
3.666325,coast,0.000000,-0.025134,-0.007152,4,0.000000,0.000000,2,0.000000
3.669297,coast,0.000000,-0.025114,-0.006352,4,0.000000,0.000000,2,0.000000
3.672275,coast,0.000000,-0.025085,-0.003954,4,0.000000,0.000000,2,0.000000
3.675200,coast,0.000000,-0.025072,-0.002622,4,0.000000,0.000000,2,0.000000
3.678231,coast,0.000000,-0.025056,-0.001823,4,0.000000,0.000000,2,0.000000
3.681300,coast,0.000000,-0.025055,-0.001290,4,0.000000,0.000000,2,0.000000
3.684516,coast,0.000000,-0.025021,-0.002089,4,0.000000,0.000000,2,0.000000
3.687707,coast,0.000000,-0.024983,-0.001023,4,0.000000,0.000000,2,0.000000
3.690897,coast,0.000000,-0.024960,0.000043,4,0.000000,0.000000,2,0.000000
3.693883,coast,0.000000,-0.024928,-0.000757,4,0.000000,0.000000,2,0.000000
3.696868,coast,0.000000,-0.024882,0.000576,4,0.000000,0.000000,2,0.000000
3.699861,coast,0.000000,-0.024847,0.000576,4,0.000000,0.000000,2,0.000000
3.702652,coast,0.000000,-0.024794,-0.000490,4,0.000000,0.000000,2,0.000000
3.705407,coast,0.000000,-0.024771,-0.001023,4,0.000000,0.000000,2,0.000000
3.708137,coast,0.000000,-0.024743,-0.002089,4,0.000000,0.000000,2,0.000000
3.711008,coast,0.000000,-0.024727,-0.001823,4,0.000000,0.000000,2,0.000000
3.714227,coast,0.000000,-0.024734,-0.000757,4,0.000000,0.000000,2,0.000000
3.717461,coast,0.000000,-0.024741,-0.005553,4,0.000000,0.000000,2,0.000000
3.720642,coast,0.000000,-0.024765,-0.006086,4,0.000000,0.000000,2,0.000000
3.723815,coast,0.000000,-0.024780,-0.005287,4,0.000000,0.000000,2,0.000000
3.726983,coast,0.000000,-0.024807,-0.007418,4,0.000000,0.000000,2,0.000000
3.730512,coast,0.000000,-0.024830,-0.005553,4,0.000000,0.000000,2,0.000000
3.733280,coast,0.000000,-0.024850,-0.008751,4,0.000000,0.000000,2,0.000000
3.736022,coast,0.000000,-0.024874,-0.006885,4,0.000000,0.000000,2,0.000000
3.738798,coast,0.000000,-0.024880,-0.010616,4,0.000000,0.000000,2,0.000000
3.741555,coast,0.000000,-0.024895,-0.007951,4,0.000000,0.000000,2,0.000000
3.744323,coast,0.000000,-0.024907,-0.007418,4,0.000000,0.000000,2,0.000000
3.747063,coast,0.000000,-0.024912,-0.008484,4,0.000000,0.000000,2,0.000000
3.749854,coast,0.000000,-0.024908,-0.010349,4,0.000000,0.000000,2,0.000000
3.752984,coast,0.000000,-0.024914,-0.008751,4,0.000000,0.000000,2,0.000000
3.756134,coast,0.000000,-0.024898,-0.007951,4,0.000000,0.000000,2,0.000000
3.759312,coast,0.000000,-0.024911,-0.005820,4,0.000000,0.000000,2,0.000000
3.762375,coast,0.000000,-0.024929,-0.010349,4,0.000000,0.000000,2,0.000000
3.765350,coast,0.000000,-0.024924,-0.007951,4,0.000000,0.000000,2,0.000000
3.768324,coast,0.000000,-0.024895,-0.005287,4,0.000000,0.000000,2,0.000000
3.771308,coast,0.000000,-0.024871,-0.006352,4,0.000000,0.000000,2,0.000000
3.774820,coast,0.000000,-0.024840,-0.004487,4,0.000000,0.000000,2,0.000000
3.778019,coast,0.000000,-0.024811,-0.004754,4,0.000000,0.000000,2,0.000000
3.781231,coast,0.000000,-0.024818,-0.003954,4,0.000000,0.000000,2,0.000000
3.784117,coast,0.000000,-0.024795,-0.003954,4,0.000000,0.000000,2,0.000000
3.786872,coast,0.000000,-0.024767,-0.004754,4,0.000000,0.000000,2,0.000000
3.789654,coast,0.000000,-0.024727,-0.002089,4,0.000000,0.000000,2,0.000000
3.792645,coast,0.000000,-0.024666,-0.003954,4,0.000000,0.000000,2,0.000000
3.795856,coast,0.000000,-0.024677,-0.002356,4,0.000000,0.000000,2,0.000000
3.799146,coast,0.000000,-0.024639,-0.001823,4,0.000000,0.000000,2,0.000000
3.802356,coast,0.000000,-0.024632,-0.002089,4,0.000000,0.000000,2,0.000000
3.805302,coast,0.000000,-0.024615,-0.002356,4,0.000000,0.000000,2,0.000000
3.808529,coast,0.000000,-0.024604,-0.001556,4,0.000000,0.000000,2,0.000000
3.811477,coast,0.000000,-0.024615,-0.003688,4,0.000000,0.000000,2,0.000000
3.814738,coast,0.000000,-0.024581,-0.003155,4,0.000000,0.000000,2,0.000000
3.817687,coast,0.000000,-0.024583,-0.001290,4,0.000000,0.000000,2,0.000000
3.820935,coast,0.000000,-0.024569,-0.003688,4,0.000000,0.000000,2,0.000000
3.824062,coast,0.000000,-0.024578,-0.006352,4,0.000000,0.000000,2,0.000000
3.827303,coast,0.000000,-0.024569,-0.004754,4,0.000000,0.000000,2,0.000000
3.830930,coast,0.000000,-0.024573,-0.005553,4,0.000000,0.000000,2,0.000000
3.833950,coast,0.000000,-0.024579,-0.006352,4,0.000000,0.000000,2,0.000000
3.836896,coast,0.000000,-0.024580,-0.005820,4,0.000000,0.000000,2,0.000000
3.839848,coast,0.000000,-0.024598,-0.006086,4,0.000000,0.000000,2,0.000000
3.842844,coast,0.000000,-0.024591,-0.007152,4,0.000000,0.000000,2,0.000000
3.846004,coast,0.000000,-0.024598,-0.005553,4,0.000000,0.000000,2,0.000000
3.849210,coast,0.000000,-0.024606,-0.009816,4,0.000000,0.000000,2,0.000000
3.852488,coast,0.000000,-0.024630,-0.007685,4,0.000000,0.000000,2,0.000000
3.855701,coast,0.000000,-0.024602,-0.007418,4,0.000000,0.000000,2,0.000000
3.858882,coast,0.000000,-0.024619,-0.009816,4,0.000000,0.000000,2,0.000000
3.862103,coast,0.000000,-0.024600,-0.006885,4,0.000000,0.000000,2,0.000000
3.865103,coast,0.000000,-0.024597,-0.008751,4,0.000000,0.000000,2,0.000000
3.868102,coast,0.000000,-0.024573,-0.006352,4,0.000000,0.000000,2,0.000000
3.871046,coast,0.000000,-0.024573,-0.006352,4,0.000000,0.000000,2,0.000000
3.874199,coast,0.000000,-0.024560,-0.006352,4,0.000000,0.000000,2,0.000000
3.877406,coast,0.000000,-0.024572,-0.007152,4,0.000000,0.000000,2,0.000000
3.880564,coast,0.000000,-0.024561,-0.005020,4,0.000000,0.000000,2,0.000000
3.883746,coast,0.000000,-0.024586,-0.007418,4,0.000000,0.000000,2,0.000000
3.886775,coast,0.000000,-0.024581,-0.003954,4,0.000000,0.000000,2,0.000000
3.889770,coast,0.000000,-0.024550,-0.002888,4,0.000000,0.000000,2,0.000000
3.892734,coast,0.000000,-0.024524,-0.003155,4,0.000000,0.000000,2,0.000000
3.895734,coast,0.000000,-0.024491,-0.001556,4,0.000000,0.000000,2,0.000000
3.898699,coast,0.000000,-0.024477,-0.002089,4,0.000000,0.000000,2,0.000000
3.901648,coast,0.000000,-0.024482,-0.003688,4,0.000000,0.000000,2,0.000000
3.904581,coast,0.000000,-0.024432,0.000043,4,0.000000,0.000000,2,0.000000
3.907519,coast,0.000000,-0.024446,-0.003954,4,0.000000,0.000000,2,0.000000
3.910484,coast,0.000000,-0.024421,-0.000490,4,0.000000,0.000000,2,0.000000
3.913543,coast,0.000000,-0.024444,-0.006352,4,0.000000,0.000000,2,0.000000
3.917056,coast,0.000000,-0.024414,0.000842,4,0.000000,0.000000,2,0.000000
3.920588,coast,0.000000,-0.024428,-0.005820,4,0.000000,0.000000,2,0.000000
3.923766,coast,0.000000,-0.024428,-0.002356,4,0.000000,0.000000,2,0.000000
3.926744,coast,0.000000,-0.024419,-0.005553,4,0.000000,0.000000,2,0.000000
3.929721,coast,0.000000,-0.024417,-0.006086,4,0.000000,0.000000,2,0.000000
3.932955,coast,0.000000,-0.024438,-0.008751,4,0.000000,0.000000,2,0.000000
3.935918,coast,0.000000,-0.024435,-0.006619,4,0.000000,0.000000,2,0.000000
3.938876,coast,0.000000,-0.024442,-0.008218,4,0.000000,0.000000,2,0.000000
3.941832,coast,0.000000,-0.024434,-0.009550,4,0.000000,0.000000,2,0.000000
3.944864,coast,0.000000,-0.024440,-0.006885,4,0.000000,0.000000,2,0.000000
3.948115,coast,0.000000,-0.024452,-0.008484,4,0.000000,0.000000,2,0.000000
3.951396,coast,0.000000,-0.024509,-0.010349,4,0.000000,0.000000,2,0.000000
3.954512,coast,0.000000,-0.024527,-0.006619,4,0.000000,0.000000,2,0.000000
3.957468,coast,0.000000,-0.024541,-0.010349,4,0.000000,0.000000,2,0.000000
3.960362,coast,0.000000,-0.024571,-0.005820,4,0.000000,0.000000,2,0.000000
3.963341,coast,0.000000,-0.024609,-0.009284,4,0.000000,0.000000,2,0.000000
3.966117,coast,0.000000,-0.024608,-0.007152,4,0.000000,0.000000,2,0.000000
3.968874,coast,0.000000,-0.024607,-0.006352,4,0.000000,0.000000,2,0.000000
3.971647,coast,0.000000,-0.024581,-0.005287,4,0.000000,0.000000,2,0.000000
3.974476,coast,0.000000,-0.024580,-0.008218,4,0.000000,0.000000,2,0.000000
3.977666,coast,0.000000,-0.024560,-0.006619,4,0.000000,0.000000,2,0.000000
3.980846,coast,0.000000,-0.024583,-0.005553,4,0.000000,0.000000,2,0.000000
3.984024,coast,0.000000,-0.024564,-0.008218,4,0.000000,0.000000,2,0.000000
3.986995,coast,0.000000,-0.024535,-0.002888,4,0.000000,0.000000,2,0.000000
3.989936,coast,0.000000,-0.024501,-0.003421,4,0.000000,0.000000,2,0.000000
3.992873,coast,0.000000,-0.024484,-0.006619,4,0.000000,0.000000,2,0.000000
3.995656,coast,0.000000,-0.024455,-0.004487,4,0.000000,0.000000,2,0.000000
3.998386,coast,0.000000,-0.024431,-0.002089,4,0.000000,0.000000,2,0.000000
4.001095,coast,0.000000,-0.024410,-0.007152,4,0.000000,0.000000,2,0.000000
4.003946,coast,0.000000,-0.024384,-0.005020,4,0.000000,0.000000,2,0.000000
4.006701,coast,0.000000,-0.024361,-0.004487,4,0.000000,0.000000,2,0.000000
4.009423,coast,0.000000,-0.024314,-0.002089,4,0.000000,0.000000,2,0.000000
4.012178,coast,0.000000,-0.024300,-0.005287,4,0.000000,0.000000,2,0.000000
4.014971,coast,0.000000,-0.024305,-0.005020,4,0.000000,0.000000,2,0.000000
4.018312,coast,0.000000,-0.024289,-0.002622,4,0.000000,0.000000,2,0.000000
4.021238,coast,0.000000,-0.024261,-0.005287,4,0.000000,0.000000,2,0.000000
4.024366,coast,0.000000,-0.024258,-0.003954,4,0.000000,0.000000,2,0.000000
4.027310,coast,0.000000,-0.024231,-0.003155,4,0.000000,0.000000,2,0.000000
4.030335,coast,0.000000,-0.024218,-0.007685,4,0.000000,0.000000,2,0.000000
4.033315,coast,0.000000,-0.024206,-0.005553,4,0.000000,0.000000,2,0.000000
4.036452,coast,0.000000,-0.024212,-0.004487,4,0.000000,0.000000,2,0.000000
4.039378,coast,0.000000,-0.024201,-0.002089,4,0.000000,0.000000,2,0.000000
4.042310,coast,0.000000,-0.024235,-0.004754,4,0.000000,0.000000,2,0.000000
4.045294,coast,0.000000,-0.024253,-0.006086,4,0.000000,0.000000,2,0.000000
4.048555,coast,0.000000,-0.024258,-0.003421,4,0.000000,0.000000,2,0.000000
4.051519,coast,0.000000,-0.024248,-0.005820,4,0.000000,0.000000,2,0.000000
4.054533,coast,0.000000,-0.024252,-0.003155,4,0.000000,0.000000,2,0.000000
4.057577,coast,0.000000,-0.024300,-0.007685,4,0.000000,0.000000,2,0.000000
4.060611,coast,0.000000,-0.024303,-0.004221,4,0.000000,0.000000,2,0.000000
4.063581,coast,0.000000,-0.024300,-0.005820,4,0.000000,0.000000,2,0.000000
4.066472,coast,0.000000,-0.024303,-0.002356,4,0.000000,0.000000,2,0.000000
4.069280,coast,0.000000,-0.024268,-0.004754,4,0.000000,0.000000,2,0.000000
4.072054,coast,0.000000,-0.024265,-0.003155,4,0.000000,0.000000,2,0.000000
4.074794,coast,0.000000,-0.024255,-0.006086,4,0.000000,0.000000,2,0.000000
4.078104,coast,0.000000,-0.024262,-0.005553,4,0.000000,0.000000,2,0.000000
4.081117,coast,0.000000,-0.024278,-0.005553,4,0.000000,0.000000,2,0.000000
4.084081,coast,0.000000,-0.024273,-0.004487,4,0.000000,0.000000,2,0.000000
4.087058,coast,0.000000,-0.024289,-0.006086,4,0.000000,0.000000,2,0.000000
4.090211,coast,0.000000,-0.024320,-0.006619,4,0.000000,0.000000,2,0.000000
4.093496,coast,0.000000,-0.024331,-0.007152,4,0.000000,0.000000,2,0.000000
4.096445,coast,0.000000,-0.024359,-0.006619,4,0.000000,0.000000,2,0.000000
4.099406,coast,0.000000,-0.024359,-0.004487,4,0.000000,0.000000,2,0.000000
4.102358,coast,0.000000,-0.024365,-0.007685,4,0.000000,0.000000,2,0.000000
4.105292,coast,0.000000,-0.024372,-0.004487,4,0.000000,0.000000,2,0.000000
4.108074,coast,0.000000,-0.024368,-0.007951,4,0.000000,0.000000,2,0.000000
4.110821,coast,0.000000,-0.024363,-0.008751,4,0.000000,0.000000,2,0.000000
4.113585,coast,0.000000,-0.024350,-0.009550,4,0.000000,0.000000,2,0.000000
4.116402,coast,0.000000,-0.024329,-0.006086,4,0.000000,0.000000,2,0.000000
4.119638,coast,0.000000,-0.024331,-0.008484,4,0.000000,0.000000,2,0.000000
4.122599,coast,0.000000,-0.024303,-0.006619,4,0.000000,0.000000,2,0.000000
4.125989,coast,0.000000,-0.024276,-0.006086,4,0.000000,0.000000,2,0.000000
4.128563,coast,0.000000,-0.024265,-0.007152,4,0.000000,0.000000,2,0.000000
4.131129,coast,0.000000,-0.024249,-0.008218,4,0.000000,0.000000,2,0.000000
4.134033,coast,0.000000,-0.024229,-0.008751,4,0.000000,0.000000,2,0.000000
4.136736,coast,0.000000,-0.024224,-0.007951,4,0.000000,0.000000,2,0.000000
4.139749,coast,0.000000,-0.024212,-0.006885,4,0.000000,0.000000,2,0.000000
4.142745,coast,0.000000,-0.024200,-0.005287,4,0.000000,0.000000,2,0.000000
4.145729,coast,0.000000,-0.024220,-0.003155,4,0.000000,0.000000,2,0.000000
4.148512,coast,0.000000,-0.024198,-0.003688,4,0.000000,0.000000,2,0.000000
4.151227,coast,0.000000,-0.024179,-0.002622,4,0.000000,0.000000,2,0.000000
4.154133,coast,0.000000,-0.024146,-0.002888,4,0.000000,0.000000,2,0.000000
4.156925,coast,0.000000,-0.024111,-0.002888,4,0.000000,0.000000,2,0.000000
4.159904,coast,0.000000,-0.024111,-0.002622,4,0.000000,0.000000,2,0.000000
4.162898,coast,0.000000,-0.024108,-0.001556,4,0.000000,0.000000,2,0.000000
4.165845,coast,0.000000,-0.024083,0.000309,4,0.000000,0.000000,2,0.000000
4.168852,coast,0.000000,-0.024088,-0.001290,4,0.000000,0.000000,2,0.000000
4.172085,coast,0.000000,-0.024114,-0.003421,4,0.000000,0.000000,2,0.000000
4.175299,coast,0.000000,-0.024076,-0.000224,4,0.000000,0.000000,2,0.000000
4.178853,coast,0.000000,-0.024074,-0.001290,4,0.000000,0.000000,2,0.000000
4.182040,coast,0.000000,-0.024065,-0.003688,4,0.000000,0.000000,2,0.000000
4.185224,coast,0.000000,-0.024061,-0.002622,4,0.000000,0.000000,2,0.000000
4.188728,coast,0.000000,-0.024081,-0.005287,4,0.000000,0.000000,2,0.000000
4.191930,coast,0.000000,-0.024120,-0.003155,4,0.000000,0.000000,2,0.000000
4.194871,coast,0.000000,-0.024099,-0.004754,4,0.000000,0.000000,2,0.000000
4.197894,coast,0.000000,-0.024108,-0.007951,4,0.000000,0.000000,2,0.000000
4.200814,coast,0.000000,-0.024119,-0.004221,4,0.000000,0.000000,2,0.000000
4.203756,coast,0.000000,-0.024172,-0.009017,4,0.000000,0.000000,2,0.000000
4.206691,coast,0.000000,-0.024177,-0.006352,4,0.000000,0.000000,2,0.000000
4.209757,coast,0.000000,-0.024167,-0.009017,4,0.000000,0.000000,2,0.000000
4.212941,coast,0.000000,-0.024170,-0.009550,4,0.000000,0.000000,2,0.000000
4.216225,coast,0.000000,-0.024177,-0.010083,4,0.000000,0.000000,2,0.000000
4.219361,coast,0.000000,-0.024232,-0.012215,4,0.000000,0.000000,2,0.000000
4.222600,coast,0.000000,-0.024250,-0.010083,4,0.000000,0.000000,2,0.000000
4.225533,coast,0.000000,-0.024250,-0.008484,4,0.000000,0.000000,2,0.000000
4.228474,coast,0.000000,-0.024246,-0.008218,4,0.000000,0.000000,2,0.000000
4.231448,coast,0.000000,-0.024244,-0.012748,4,0.000000,0.000000,2,0.000000
4.234565,coast,0.000000,-0.024217,-0.008484,4,0.000000,0.000000,2,0.000000
4.237520,coast,0.000000,-0.024224,-0.007418,4,0.000000,0.000000,2,0.000000
4.240535,coast,0.000000,-0.024256,-0.010083,4,0.000000,0.000000,2,0.000000
4.243725,coast,0.000000,-0.024234,-0.009550,4,0.000000,0.000000,2,0.000000
4.246898,coast,0.000000,-0.024218,-0.005820,4,0.000000,0.000000,2,0.000000
4.250122,coast,0.000000,-0.024177,-0.004221,4,0.000000,0.000000,2,0.000000
4.253108,coast,0.000000,-0.024149,-0.005287,4,0.000000,0.000000,2,0.000000
4.256095,coast,0.000000,-0.024158,-0.005820,4,0.000000,0.000000,2,0.000000
4.259037,coast,0.000000,-0.024144,-0.002622,4,0.000000,0.000000,2,0.000000
4.262152,coast,0.000000,-0.024126,-0.006086,4,0.000000,0.000000,2,0.000000
4.265347,coast,0.000000,-0.024117,-0.006619,4,0.000000,0.000000,2,0.000000
4.268491,coast,0.000000,-0.024100,-0.002888,4,0.000000,0.000000,2,0.000000
4.271690,coast,0.000000,-0.024094,-0.002622,4,0.000000,0.000000,2,0.000000
4.274871,coast,0.000000,-0.024081,-0.001556,4,0.000000,0.000000,2,0.000000
4.278108,coast,0.000000,-0.024056,-0.002888,4,0.000000,0.000000,2,0.000000
4.281279,coast,0.000000,-0.023995,0.000576,4,0.000000,0.000000,2,0.000000
4.284561,coast,0.000000,-0.023964,-0.000757,4,0.000000,0.000000,2,0.000000
4.287478,coast,0.000000,-0.023972,-0.002356,4,0.000000,0.000000,2,0.000000
4.290480,coast,0.000000,-0.023975,-0.002356,4,0.000000,0.000000,2,0.000000
4.293444,coast,0.000000,-0.024003,0.000043,4,0.000000,0.000000,2,0.000000
4.296401,coast,0.000000,-0.024009,-0.003688,4,0.000000,0.000000,2,0.000000
4.299362,coast,0.000000,-0.024005,-0.002888,4,0.000000,0.000000,2,0.000000
4.302328,coast,0.000000,-0.023986,-0.003688,4,0.000000,0.000000,2,0.000000
4.305075,coast,0.000000,-0.024044,-0.006086,4,0.000000,0.000000,2,0.000000
4.307884,coast,0.000000,-0.024026,-0.000757,4,0.000000,0.000000,2,0.000000
4.310672,coast,0.000000,-0.024032,-0.005020,4,0.000000,0.000000,2,0.000000
4.313870,coast,0.000000,-0.024023,-0.002089,4,0.000000,0.000000,2,0.000000
4.317055,coast,0.000000,-0.024034,-0.003954,4,0.000000,0.000000,2,0.000000
4.320289,coast,0.000000,-0.024009,-0.003954,4,0.000000,0.000000,2,0.000000
4.323289,coast,0.000000,-0.023986,-0.005020,4,0.000000,0.000000,2,0.000000
4.326588,coast,0.000000,-0.024012,-0.008484,4,0.000000,0.000000,2,0.000000
4.329514,coast,0.000000,-0.024011,-0.007951,4,0.000000,0.000000,2,0.000000
4.332647,coast,0.000000,-0.024043,-0.007152,4,0.000000,0.000000,2,0.000000
4.336271,coast,0.000000,-0.024058,-0.007152,4,0.000000,0.000000,2,0.000000
4.339442,coast,0.000000,-0.024063,-0.008484,4,0.000000,0.000000,2,0.000000
4.342510,coast,0.000000,-0.024083,-0.008218,4,0.000000,0.000000,2,0.000000
4.345485,coast,0.000000,-0.024118,-0.007685,4,0.000000,0.000000,2,0.000000
4.348527,coast,0.000000,-0.024138,-0.009017,4,0.000000,0.000000,2,0.000000
4.351515,coast,0.000000,-0.024126,-0.005820,4,0.000000,0.000000,2,0.000000
4.354702,coast,0.000000,-0.024136,-0.005287,4,0.000000,0.000000,2,0.000000
4.357862,coast,0.000000,-0.024175,-0.006885,4,0.000000,0.000000,2,0.000000
4.360999,coast,0.000000,-0.024166,-0.009284,4,0.000000,0.000000,2,0.000000
4.364095,coast,0.000000,-0.024171,-0.010349,4,0.000000,0.000000,2,0.000000
4.367076,coast,0.000000,-0.024161,-0.005820,4,0.000000,0.000000,2,0.000000
4.370366,coast,0.000000,-0.024168,-0.007152,4,0.000000,0.000000,2,0.000000
4.373303,coast,0.000000,-0.024154,-0.006885,4,0.000000,0.000000,2,0.000000
4.376227,coast,0.000000,-0.024137,-0.006352,4,0.000000,0.000000,2,0.000000
4.379180,coast,0.000000,-0.024127,-0.006086,4,0.000000,0.000000,2,0.000000
4.382265,coast,0.000000,-0.024137,-0.007152,4,0.000000,0.000000,2,0.000000
4.384989,coast,0.000000,-0.024127,-0.006352,4,0.000000,0.000000,2,0.000000
4.387775,coast,0.000000,-0.024154,-0.005287,4,0.000000,0.000000,2,0.000000
4.390504,coast,0.000000,-0.024140,-0.004221,4,0.000000,0.000000,2,0.000000
4.393337,coast,0.000000,-0.024114,-0.004754,4,0.000000,0.000000,2,0.000000
4.396575,coast,0.000000,-0.024084,-0.002888,4,0.000000,0.000000,2,0.000000
4.399536,coast,0.000000,-0.024058,-0.004487,4,0.000000,0.000000,2,0.000000
4.402499,coast,0.000000,-0.024050,-0.002888,4,0.000000,0.000000,2,0.000000
4.405750,coast,0.000000,-0.024010,-0.002089,4,0.000000,0.000000,2,0.000000
4.408675,coast,0.000000,-0.023988,-0.000490,4,0.000000,0.000000,2,0.000000
4.411781,coast,0.000000,-0.023956,-0.001823,4,0.000000,0.000000,2,0.000000
4.414930,coast,0.000000,-0.023953,-0.000490,4,0.000000,0.000000,2,0.000000
4.418121,coast,0.000000,-0.023945,-0.002622,4,0.000000,0.000000,2,0.000000
4.421306,coast,0.000000,-0.023953,-0.002888,4,0.000000,0.000000,2,0.000000
4.424161,coast,0.000000,-0.023949,-0.002356,4,0.000000,0.000000,2,0.000000
4.426932,coast,0.000000,-0.023957,-0.001823,4,0.000000,0.000000,2,0.000000
4.429709,coast,0.000000,-0.023958,-0.002356,4,0.000000,0.000000,2,0.000000
4.432483,coast,0.000000,-0.023961,-0.002888,4,0.000000,0.000000,2,0.000000
4.435469,coast,0.000000,-0.023937,-0.001556,4,0.000000,0.000000,2,0.000000
4.438453,coast,0.000000,-0.023933,-0.005020,4,0.000000,0.000000,2,0.000000
4.441379,coast,0.000000,-0.023935,-0.005020,4,0.000000,0.000000,2,0.000000
4.444308,coast,0.000000,-0.023916,-0.003954,4,0.000000,0.000000,2,0.000000
4.447281,coast,0.000000,-0.023959,-0.008218,4,0.000000,0.000000,2,0.000000
4.450436,coast,0.000000,-0.023987,-0.007152,4,0.000000,0.000000,2,0.000000
4.453508,coast,0.000000,-0.023997,-0.005820,4,0.000000,0.000000,2,0.000000
4.456718,coast,0.000000,-0.024010,-0.006885,4,0.000000,0.000000,2,0.000000
4.459943,coast,0.000000,-0.023992,-0.007418,4,0.000000,0.000000,2,0.000000
4.463449,coast,0.000000,-0.023999,-0.008484,4,0.000000,0.000000,2,0.000000
4.466234,coast,0.000000,-0.024019,-0.010083,4,0.000000,0.000000,2,0.000000
4.469009,coast,0.000000,-0.024036,-0.008218,4,0.000000,0.000000,2,0.000000
4.471805,coast,0.000000,-0.024071,-0.007685,4,0.000000,0.000000,2,0.000000
4.474679,coast,0.000000,-0.024104,-0.010349,4,0.000000,0.000000,2,0.000000
4.477894,coast,0.000000,-0.024118,-0.009816,4,0.000000,0.000000,2,0.000000
4.481048,coast,0.000000,-0.024138,-0.008751,4,0.000000,0.000000,2,0.000000
4.484287,coast,0.000000,-0.024150,-0.007951,4,0.000000,0.000000,2,0.000000
4.487219,coast,0.000000,-0.024162,-0.009284,4,0.000000,0.000000,2,0.000000
4.490546,coast,0.000000,-0.024177,-0.007951,4,0.000000,0.000000,2,0.000000
4.493549,coast,0.000000,-0.024146,-0.006086,4,0.000000,0.000000,2,0.000000
4.496514,coast,0.000000,-0.024126,-0.007152,4,0.000000,0.000000,2,0.000000
4.499474,coast,0.000000,-0.024103,-0.006352,4,0.000000,0.000000,2,0.000000
4.502588,coast,0.000000,-0.024069,-0.004754,4,0.000000,0.000000,2,0.000000
4.505824,coast,0.000000,-0.024092,-0.006619,4,0.000000,0.000000,2,0.000000
4.508548,coast,0.000000,-0.024100,-0.006086,4,0.000000,0.000000,2,0.000000
4.511283,coast,0.000000,-0.024080,-0.006086,4,0.000000,0.000000,2,0.000000
4.514164,coast,0.000000,-0.024048,-0.005020,4,0.000000,0.000000,2,0.000000
4.517109,coast,0.000000,-0.024015,-0.004754,4,0.000000,0.000000,2,0.000000
4.520052,coast,0.000000,-0.024001,-0.006352,4,0.000000,0.000000,2,0.000000
4.523038,coast,0.000000,-0.023968,-0.005020,4,0.000000,0.000000,2,0.000000
4.526168,coast,0.000000,-0.023971,-0.006619,4,0.000000,0.000000,2,0.000000
4.529363,coast,0.000000,-0.023953,-0.004221,4,0.000000,0.000000,2,0.000000
4.532540,coast,0.000000,-0.023938,-0.001290,4,0.000000,0.000000,2,0.000000
4.536130,coast,0.000000,-0.023935,-0.003954,4,0.000000,0.000000,2,0.000000
4.539098,coast,0.000000,-0.023934,-0.003688,4,0.000000,0.000000,2,0.000000
4.542044,coast,0.000000,-0.023907,0.000309,4,0.000000,0.000000,2,0.000000
4.545026,coast,0.000000,-0.023879,-0.003954,4,0.000000,0.000000,2,0.000000
4.548026,coast,0.000000,-0.023860,-0.001556,4,0.000000,0.000000,2,0.000000
4.550961,coast,0.000000,-0.023865,-0.002622,4,0.000000,0.000000,2,0.000000
4.554132,coast,0.000000,-0.023865,-0.002888,4,0.000000,0.000000,2,0.000000
4.557513,coast,0.000000,-0.023869,-0.005553,4,0.000000,0.000000,2,0.000000
4.560502,coast,0.000000,-0.023849,-0.002888,4,0.000000,0.000000,2,0.000000
4.563487,coast,0.000000,-0.023847,-0.001556,4,0.000000,0.000000,2,0.000000
4.566457,coast,0.000000,-0.023868,-0.003688,4,0.000000,0.000000,2,0.000000
4.569484,coast,0.000000,-0.023865,-0.003155,4,0.000000,0.000000,2,0.000000
4.573087,coast,0.000000,-0.023869,-0.003688,4,0.000000,0.000000,2,0.000000
4.576036,coast,0.000000,-0.023879,-0.004487,4,0.000000,0.000000,2,0.000000
4.578981,coast,0.000000,-0.023876,-0.004221,4,0.000000,0.000000,2,0.000000
4.581914,coast,0.000000,-0.023890,-0.007951,4,0.000000,0.000000,2,0.000000
4.584872,coast,0.000000,-0.023903,-0.005820,4,0.000000,0.000000,2,0.000000
4.587921,coast,0.000000,-0.023907,-0.006352,4,0.000000,0.000000,2,0.000000
4.590874,coast,0.000000,-0.023926,-0.004754,4,0.000000,0.000000,2,0.000000
4.593840,coast,0.000000,-0.023930,-0.007152,4,0.000000,0.000000,2,0.000000
4.597007,coast,0.000000,-0.023943,-0.006086,4,0.000000,0.000000,2,0.000000
4.599992,coast,0.000000,-0.023941,-0.007418,4,0.000000,0.000000,2,0.000000
4.602925,coast,0.000000,-0.023969,-0.007685,4,0.000000,0.000000,2,0.000000
4.606201,coast,0.000000,-0.023965,-0.009816,4,0.000000,0.000000,2,0.000000
4.609070,coast,0.000000,-0.023989,-0.007152,4,0.000000,0.000000,2,0.000000
4.612177,coast,0.000000,-0.023984,-0.006885,4,0.000000,0.000000,2,0.000000
4.615177,coast,0.000000,-0.024005,-0.008484,4,0.000000,0.000000,2,0.000000
4.617653,coast,0.000000,-0.024006,-0.008218,4,0.000000,0.000000,2,0.000000
4.620042,coast,0.000000,-0.024013,-0.010882,4,0.000000,0.000000,2,0.000000
4.622144,coast,0.000000,-0.023999,-0.005820,4,0.000000,0.000000,2,0.000000
4.624267,coast,0.000000,-0.023982,-0.006352,4,0.000000,0.000000,2,0.000000
4.626650,coast,0.000000,-0.023967,-0.006086,4,0.000000,0.000000,2,0.000000
4.629525,coast,0.000000,-0.023961,-0.006086,4,0.000000,0.000000,2,0.000000
4.631844,coast,0.000000,-0.023907,-0.007418,4,0.000000,0.000000,2,0.000000
4.634632,coast,0.000000,-0.023911,-0.006352,4,0.000000,0.000000,2,0.000000
4.637265,coast,0.000000,-0.023903,-0.006619,4,0.000000,0.000000,2,0.000000
4.639900,coast,0.000000,-0.023867,-0.002888,4,0.000000,0.000000,2,0.000000
4.642373,coast,0.000000,-0.023870,-0.005820,4,0.000000,0.000000,2,0.000000
4.644959,coast,0.000000,-0.023853,-0.003155,4,0.000000,0.000000,2,0.000000
4.647403,coast,0.000000,-0.023836,-0.002888,4,0.000000,0.000000,2,0.000000
4.650012,coast,0.000000,-0.023809,-0.003954,4,0.000000,0.000000,2,0.000000
4.652450,coast,0.000000,-0.023801,-0.003688,4,0.000000,0.000000,2,0.000000
4.655233,coast,0.000000,-0.023783,-0.000224,4,0.000000,0.000000,2,0.000000
4.657570,coast,0.000000,-0.023779,-0.000224,4,0.000000,0.000000,2,0.000000
4.659716,coast,0.000000,-0.023766,0.000576,4,0.000000,0.000000,2,0.000000
4.661988,coast,0.000000,-0.023738,-0.002356,4,0.000000,0.000000,2,0.000000
4.664216,coast,0.000000,-0.023745,-0.003421,4,0.000000,0.000000,2,0.000000
4.666449,coast,0.000000,-0.023713,-0.002356,4,0.000000,0.000000,2,0.000000
4.668705,coast,0.000000,-0.023690,-0.000490,4,0.000000,0.000000,2,0.000000
4.671075,coast,0.000000,-0.023671,-0.002888,4,0.000000,0.000000,2,0.000000
4.673388,coast,0.000000,-0.023679,-0.003155,4,0.000000,0.000000,2,0.000000
4.675739,coast,0.000000,-0.023664,-0.000490,4,0.000000,0.000000,2,0.000000
4.678066,coast,0.000000,-0.023659,-0.001023,4,0.000000,0.000000,2,0.000000
4.680665,coast,0.000000,-0.023662,-0.002356,4,0.000000,0.000000,2,0.000000
4.683194,coast,0.000000,-0.023674,-0.001823,4,0.000000,0.000000,2,0.000000
4.685551,coast,0.000000,-0.023672,-0.003421,4,0.000000,0.000000,2,0.000000
4.688306,coast,0.000000,-0.023670,-0.004221,4,0.000000,0.000000,2,0.000000
4.690471,coast,0.000000,-0.023674,-0.004487,4,0.000000,0.000000,2,0.000000
4.692601,coast,0.000000,-0.023683,-0.007152,4,0.000000,0.000000,2,0.000000
4.694931,coast,0.000000,-0.023691,-0.004487,4,0.000000,0.000000,2,0.000000
4.697418,coast,0.000000,-0.023691,-0.004487,4,0.000000,0.000000,2,0.000000
4.700326,coast,0.000000,-0.023726,-0.004754,4,0.000000,0.000000,2,0.000000
4.702901,coast,0.000000,-0.023737,-0.007951,4,0.000000,0.000000,2,0.000000
4.705441,coast,0.000000,-0.023766,-0.007685,4,0.000000,0.000000,2,0.000000
4.708173,coast,0.000000,-0.023761,-0.010083,4,0.000000,0.000000,2,0.000000
4.711121,coast,0.000000,-0.023752,-0.007152,4,0.000000,0.000000,2,0.000000
4.714399,coast,0.000000,-0.023770,-0.009017,4,0.000000,0.000000,2,0.000000
4.717311,coast,0.000000,-0.023767,-0.010882,4,0.000000,0.000000,2,0.000000
4.720276,coast,0.000000,-0.023777,-0.008484,4,0.000000,0.000000,2,0.000000
4.723224,coast,0.000000,-0.023775,-0.007951,4,0.000000,0.000000,2,0.000000
4.726200,coast,0.000000,-0.023767,-0.008751,4,0.000000,0.000000,2,0.000000
4.729186,coast,0.000000,-0.023768,-0.010616,4,0.000000,0.000000,2,0.000000
4.732323,coast,0.000000,-0.023789,-0.008484,4,0.000000,0.000000,2,0.000000
4.735333,coast,0.000000,-0.023794,-0.010083,4,0.000000,0.000000,2,0.000000
4.738329,coast,0.000000,-0.023788,-0.008484,4,0.000000,0.000000,2,0.000000
4.741497,coast,0.000000,-0.023793,-0.008218,4,0.000000,0.000000,2,0.000000
4.744956,coast,0.000000,-0.023799,-0.007685,4,0.000000,0.000000,2,0.000000
4.748144,coast,0.000000,-0.023806,-0.006619,4,0.000000,0.000000,2,0.000000
4.751108,coast,0.000000,-0.023781,-0.007951,4,0.000000,0.000000,2,0.000000
4.754074,coast,0.000000,-0.023772,-0.007418,4,0.000000,0.000000,2,0.000000
4.757022,coast,0.000000,-0.023750,-0.003421,4,0.000000,0.000000,2,0.000000
4.760319,coast,0.000000,-0.023745,-0.003421,4,0.000000,0.000000,2,0.000000
4.763319,coast,0.000000,-0.023725,-0.003688,4,0.000000,0.000000,2,0.000000
4.766448,coast,0.000000,-0.023742,-0.004221,4,0.000000,0.000000,2,0.000000
4.769387,coast,0.000000,-0.023736,-0.005820,4,0.000000,0.000000,2,0.000000
4.772325,coast,0.000000,-0.023710,-0.001023,4,0.000000,0.000000,2,0.000000
4.775298,coast,0.000000,-0.023699,-0.003155,4,0.000000,0.000000,2,0.000000
4.778286,coast,0.000000,-0.023690,-0.002622,4,0.000000,0.000000,2,0.000000
4.781206,coast,0.000000,-0.023695,-0.000490,4,0.000000,0.000000,2,0.000000
4.784156,coast,0.000000,-0.023688,-0.003688,4,0.000000,0.000000,2,0.000000
4.787136,coast,0.000000,-0.023700,-0.003421,4,0.000000,0.000000,2,0.000000
4.790503,coast,0.000000,-0.023727,-0.000490,4,0.000000,0.000000,2,0.000000
4.793471,coast,0.000000,-0.023713,-0.003421,4,0.000000,0.000000,2,0.000000
4.796462,coast,0.000000,-0.023677,-0.003155,4,0.000000,0.000000,2,0.000000
4.799406,coast,0.000000,-0.023704,-0.005287,4,0.000000,0.000000,2,0.000000
4.802338,coast,0.000000,-0.023704,-0.004221,4,0.000000,0.000000,2,0.000000
4.805293,coast,0.000000,-0.023730,-0.006352,4,0.000000,0.000000,2,0.000000
4.808276,coast,0.000000,-0.023760,-0.005287,4,0.000000,0.000000,2,0.000000
4.811365,coast,0.000000,-0.023795,-0.006086,4,0.000000,0.000000,2,0.000000
4.814510,coast,0.000000,-0.023781,-0.005287,4,0.000000,0.000000,2,0.000000
4.817686,coast,0.000000,-0.023788,-0.005020,4,0.000000,0.000000,2,0.000000
4.820687,coast,0.000000,-0.023786,-0.009550,4,0.000000,0.000000,2,0.000000
4.823701,coast,0.000000,-0.023812,-0.005553,4,0.000000,0.000000,2,0.000000
4.826653,coast,0.000000,-0.023834,-0.006619,4,0.000000,0.000000,2,0.000000
4.829648,coast,0.000000,-0.023838,-0.009284,4,0.000000,0.000000,2,0.000000
4.832621,coast,0.000000,-0.023858,-0.007685,4,0.000000,0.000000,2,0.000000
4.835971,coast,0.000000,-0.023884,-0.010083,4,0.000000,0.000000,2,0.000000
4.839181,coast,0.000000,-0.023909,-0.007685,4,0.000000,0.000000,2,0.000000
4.842161,coast,0.000000,-0.023895,-0.007418,4,0.000000,0.000000,2,0.000000
4.845131,coast,0.000000,-0.023878,-0.007685,4,0.000000,0.000000,2,0.000000
4.848404,coast,0.000000,-0.023885,-0.009284,4,0.000000,0.000000,2,0.000000
4.851317,coast,0.000000,-0.023904,-0.007685,4,0.000000,0.000000,2,0.000000
4.854388,coast,0.000000,-0.023925,-0.009816,4,0.000000,0.000000,2,0.000000
4.857320,coast,0.000000,-0.023915,-0.010083,4,0.000000,0.000000,2,0.000000
4.860636,coast,0.000000,-0.023889,-0.007685,4,0.000000,0.000000,2,0.000000
4.863865,coast,0.000000,-0.023886,-0.007951,4,0.000000,0.000000,2,0.000000
4.867081,coast,0.000000,-0.023878,-0.009284,4,0.000000,0.000000,2,0.000000
4.870393,coast,0.000000,-0.023842,-0.006352,4,0.000000,0.000000,2,0.000000
4.873583,coast,0.000000,-0.023845,-0.007418,4,0.000000,0.000000,2,0.000000
4.877127,coast,0.000000,-0.023836,-0.004754,4,0.000000,0.000000,2,0.000000
4.880593,coast,0.000000,-0.023819,-0.005287,4,0.000000,0.000000,2,0.000000
4.883604,coast,0.000000,-0.023795,-0.004754,4,0.000000,0.000000,2,0.000000
4.886902,coast,0.000000,-0.023775,-0.003688,4,0.000000,0.000000,2,0.000000
4.890074,coast,0.000000,-0.023742,-0.003421,4,0.000000,0.000000,2,0.000000
4.892483,coast,0.000000,-0.023689,-0.001290,4,0.000000,0.000000,2,0.000000
4.894885,coast,0.000000,-0.023680,-0.002622,4,0.000000,0.000000,2,0.000000
4.897491,coast,0.000000,-0.023676,-0.001823,4,0.000000,0.000000,2,0.000000
4.899823,coast,0.000000,-0.023664,-0.001556,4,0.000000,0.000000,2,0.000000
4.901913,coast,0.000000,-0.023660,-0.003421,4,0.000000,0.000000,2,0.000000
4.903998,coast,0.000000,-0.023643,-0.002622,4,0.000000,0.000000,2,0.000000
4.906090,coast,0.000000,-0.023625,-0.000224,4,0.000000,0.000000,2,0.000000
4.908091,coast,0.000000,-0.023617,0.000043,4,0.000000,0.000000,2,0.000000
4.910064,coast,0.000000,-0.023619,-0.002888,4,0.000000,0.000000,2,0.000000
4.912174,coast,0.000000,-0.023616,-0.003421,4,0.000000,0.000000,2,0.000000
4.914352,coast,0.000000,-0.023616,-0.003155,4,0.000000,0.000000,2,0.000000
4.916495,coast,0.000000,-0.023632,0.000043,4,0.000000,0.000000,2,0.000000
4.918632,coast,0.000000,-0.023647,-0.005020,4,0.000000,0.000000,2,0.000000
4.921111,coast,0.000000,-0.023656,-0.001823,4,0.000000,0.000000,2,0.000000
4.923915,coast,0.000000,-0.023682,-0.004754,4,0.000000,0.000000,2,0.000000
4.926682,coast,0.000000,-0.023686,-0.001823,4,0.000000,0.000000,2,0.000000
4.929420,coast,0.000000,-0.023728,-0.005553,4,0.000000,0.000000,2,0.000000
4.932857,coast,0.000000,-0.023738,-0.002356,4,0.000000,0.000000,2,0.000000
4.936374,coast,0.000000,-0.023737,-0.008484,4,0.000000,0.000000,2,0.000000
4.939543,coast,0.000000,-0.023728,-0.004754,4,0.000000,0.000000,2,0.000000
4.943059,coast,0.000000,-0.023772,-0.005020,4,0.000000,0.000000,2,0.000000
4.946319,coast,0.000000,-0.023772,-0.009550,4,0.000000,0.000000,2,0.000000
4.949509,coast,0.000000,-0.023781,-0.005820,4,0.000000,0.000000,2,0.000000
4.952532,coast,0.000000,-0.023814,-0.009550,4,0.000000,0.000000,2,0.000000
4.955505,coast,0.000000,-0.023841,-0.006619,4,0.000000,0.000000,2,0.000000
4.958477,coast,0.000000,-0.023866,-0.009816,4,0.000000,0.000000,2,0.000000
4.961387,coast,0.000000,-0.023886,-0.008751,4,0.000000,0.000000,2,0.000000
4.964303,coast,0.000000,-0.023911,-0.009284,4,0.000000,0.000000,2,0.000000
4.967268,coast,0.000000,-0.023930,-0.009816,4,0.000000,0.000000,2,0.000000
4.970385,coast,0.000000,-0.023938,-0.009017,4,0.000000,0.000000,2,0.000000
4.973406,coast,0.000000,-0.023916,-0.009017,4,0.000000,0.000000,2,0.000000
4.976342,coast,0.000000,-0.023878,-0.010349,4,0.000000,0.000000,2,0.000000
4.979303,coast,0.000000,-0.023863,-0.006619,4,0.000000,0.000000,2,0.000000
4.982824,coast,0.000000,-0.023866,-0.007951,4,0.000000,0.000000,2,0.000000
4.986041,coast,0.000000,-0.023852,-0.003421,4,0.000000,0.000000,2,0.000000
4.989226,coast,0.000000,-0.023870,-0.007152,4,0.000000,0.000000,2,0.000000
4.992367,coast,0.000000,-0.023820,-0.004754,4,0.000000,0.000000,2,0.000000
4.995305,coast,0.000000,-0.023771,-0.002888,4,0.000000,0.000000,2,0.000000
4.998303,coast,0.000000,-0.023757,-0.003688,4,0.000000,0.000000,2,0.000000
5.001301,coast,0.000000,-0.023746,-0.001023,4,0.000000,0.000000,2,0.000000
5.004708,coast,0.000000,-0.023727,-0.004754,4,0.000000,0.000000,2,0.000000
5.007905,coast,0.000000,-0.023702,-0.002622,4,0.000000,0.000000,2,0.000000
5.011074,coast,0.000000,-0.023701,-0.004221,4,0.000000,0.000000,2,0.000000
5.014065,coast,0.000000,-0.023677,-0.002356,4,0.000000,0.000000,2,0.000000
5.017040,coast,0.000000,-0.023653,-0.003155,4,0.000000,0.000000,2,0.000000
5.020007,coast,0.000000,-0.023635,-0.001023,4,0.000000,0.000000,2,0.000000
5.022832,coast,0.000000,-0.023620,-0.002089,4,0.000000,0.000000,2,0.000000
5.025617,coast,0.000000,-0.023638,-0.003421,4,0.000000,0.000000,2,0.000000
5.028367,coast,0.000000,-0.023609,-0.001823,4,0.000000,0.000000,2,0.000000
5.031096,coast,0.000000,-0.023607,-0.004221,4,0.000000,0.000000,2,0.000000
5.034102,coast,0.000000,-0.023616,-0.005553,4,0.000000,0.000000,2,0.000000
5.037077,coast,0.000000,-0.023615,-0.002888,4,0.000000,0.000000,2,0.000000
5.040342,coast,0.000000,-0.023665,-0.005020,4,0.000000,0.000000,2,0.000000
5.043410,coast,0.000000,-0.023661,-0.003688,4,0.000000,0.000000,2,0.000000
5.046573,coast,0.000000,-0.023628,-0.002622,4,0.000000,0.000000,2,0.000000
5.049788,coast,0.000000,-0.023672,-0.005820,4,0.000000,0.000000,2,0.000000
5.052852,coast,0.000000,-0.023667,-0.007418,4,0.000000,0.000000,2,0.000000
5.055615,coast,0.000000,-0.023683,-0.002622,4,0.000000,0.000000,2,0.000000
5.058445,coast,0.000000,-0.023694,-0.006619,4,0.000000,0.000000,2,0.000000
5.061449,coast,0.000000,-0.023726,-0.005020,4,0.000000,0.000000,2,0.000000
5.064210,coast,0.000000,-0.023763,-0.007152,4,0.000000,0.000000,2,0.000000
5.066987,coast,0.000000,-0.023782,-0.005553,4,0.000000,0.000000,2,0.000000
5.069741,coast,0.000000,-0.023768,-0.006352,4,0.000000,0.000000,2,0.000000
5.072592,coast,0.000000,-0.023783,-0.006352,4,0.000000,0.000000,2,0.000000
5.075766,coast,0.000000,-0.023810,-0.007685,4,0.000000,0.000000,2,0.000000
5.078926,coast,0.000000,-0.023799,-0.007418,4,0.000000,0.000000,2,0.000000
5.082875,coast,0.000000,-0.023829,-0.007418,4,0.000000,0.000000,2,0.000000
5.085973,coast,0.000000,-0.023829,-0.006086,4,0.000000,0.000000,2,0.000000
5.088998,coast,0.000000,-0.023843,-0.008751,4,0.000000,0.000000,2,0.000000
5.091748,coast,0.000000,-0.023846,-0.006885,4,0.000000,0.000000,2,0.000000
5.094757,coast,0.000000,-0.023843,-0.010083,4,0.000000,0.000000,2,0.000000
5.097736,coast,0.000000,-0.023825,-0.005820,4,0.000000,0.000000,2,0.000000
5.100746,coast,0.000000,-0.023802,-0.006352,4,0.000000,0.000000,2,0.000000
5.103691,coast,0.000000,-0.023783,-0.006086,4,0.000000,0.000000,2,0.000000
5.106636,coast,0.000000,-0.023782,-0.005020,4,0.000000,0.000000,2,0.000000
5.109588,coast,0.000000,-0.023765,-0.007951,4,0.000000,0.000000,2,0.000000
5.112548,coast,0.000000,-0.023764,-0.007685,4,0.000000,0.000000,2,0.000000
5.115546,coast,0.000000,-0.023744,-0.007152,4,0.000000,0.000000,2,0.000000
5.118500,coast,0.000000,-0.023755,-0.005020,4,0.000000,0.000000,2,0.000000
5.121436,coast,0.000000,-0.023729,-0.003954,4,0.000000,0.000000,2,0.000000
5.124355,coast,0.000000,-0.023732,-0.005553,4,0.000000,0.000000,2,0.000000
5.127302,coast,0.000000,-0.023707,-0.002888,4,0.000000,0.000000,2,0.000000
5.130371,coast,0.000000,-0.023716,-0.003954,4,0.000000,0.000000,2,0.000000
5.133329,coast,0.000000,-0.023741,-0.004487,4,0.000000,0.000000,2,0.000000
5.135984,coast,0.000000,-0.023734,-0.006086,4,0.000000,0.000000,2,0.000000
5.138562,coast,0.000000,-0.023703,-0.001823,4,0.000000,0.000000,2,0.000000
5.141109,coast,0.000000,-0.023705,-0.004221,4,0.000000,0.000000,2,0.000000
5.143702,coast,0.000000,-0.023683,-0.002888,4,0.000000,0.000000,2,0.000000
5.147531,coast,0.000000,-0.023745,-0.005287,4,0.000000,0.000000,2,0.000000
5.150755,coast,0.000000,-0.023757,-0.003688,4,0.000000,0.000000,2,0.000000
5.153939,coast,0.000000,-0.023766,-0.006086,4,0.000000,0.000000,2,0.000000
5.156922,coast,0.000000,-0.023750,-0.001556,4,0.000000,0.000000,2,0.000000
5.159922,coast,0.000000,-0.023760,-0.003155,4,0.000000,0.000000,2,0.000000
5.162928,coast,0.000000,-0.023729,-0.001556,4,0.000000,0.000000,2,0.000000
5.165903,coast,0.000000,-0.023754,-0.002888,4,0.000000,0.000000,2,0.000000
5.168827,coast,0.000000,-0.023787,-0.004221,4,0.000000,0.000000,2,0.000000
5.171808,coast,0.000000,-0.023830,-0.002622,4,0.000000,0.000000,2,0.000000
5.174747,coast,0.000000,-0.023821,-0.003421,4,0.000000,0.000000,2,0.000000
5.177734,coast,0.000000,-0.023816,-0.003155,4,0.000000,0.000000,2,0.000000
5.180688,coast,0.000000,-0.023843,-0.005820,4,0.000000,0.000000,2,0.000000
5.183633,coast,0.000000,-0.023850,-0.007152,4,0.000000,0.000000,2,0.000000
5.186734,coast,0.000000,-0.023872,-0.005020,4,0.000000,0.000000,2,0.000000
5.190059,coast,0.000000,-0.023867,-0.003954,4,0.000000,0.000000,2,0.000000
5.193293,coast,0.000000,-0.023925,-0.007685,4,0.000000,0.000000,2,0.000000
5.196795,coast,0.000000,-0.023940,-0.005820,4,0.000000,0.000000,2,0.000000
5.200018,coast,0.000000,-0.023934,-0.007418,4,0.000000,0.000000,2,0.000000
5.203222,coast,0.000000,-0.023934,-0.005553,4,0.000000,0.000000,2,0.000000
5.206506,coast,0.000000,-0.023971,-0.007951,4,0.000000,0.000000,2,0.000000
5.209450,coast,0.000000,-0.024002,-0.007418,4,0.000000,0.000000,2,0.000000
5.212365,coast,0.000000,-0.023997,-0.006885,4,0.000000,0.000000,2,0.000000
5.215317,coast,0.000000,-0.023994,-0.008218,4,0.000000,0.000000,2,0.000000
5.218067,coast,0.000000,-0.023985,-0.006885,4,0.000000,0.000000,2,0.000000
5.220808,coast,0.000000,-0.023988,-0.006619,4,0.000000,0.000000,2,0.000000
5.223627,coast,0.000000,-0.023968,-0.005553,4,0.000000,0.000000,2,0.000000
5.226544,coast,0.000000,-0.023955,-0.007152,4,0.000000,0.000000,2,0.000000
5.229757,coast,0.000000,-0.023945,-0.005553,4,0.000000,0.000000,2,0.000000
5.232947,coast,0.000000,-0.023939,-0.006352,4,0.000000,0.000000,2,0.000000
5.236089,coast,0.000000,-0.023935,-0.007685,4,0.000000,0.000000,2,0.000000
5.238835,coast,0.000000,-0.023958,-0.006352,4,0.000000,0.000000,2,0.000000
5.241605,coast,0.000000,-0.023922,-0.004487,4,0.000000,0.000000,2,0.000000
5.244348,coast,0.000000,-0.023921,-0.005820,4,0.000000,0.000000,2,0.000000
5.247459,coast,0.000000,-0.023893,-0.003688,4,0.000000,0.000000,2,0.000000
5.250391,coast,0.000000,-0.023893,-0.006352,4,0.000000,0.000000,2,0.000000
5.253327,coast,0.000000,-0.023893,-0.006619,4,0.000000,0.000000,2,0.000000
5.256586,coast,0.000000,-0.023889,-0.003155,4,0.000000,0.000000,2,0.000000
5.259548,coast,0.000000,-0.023874,-0.005020,4,0.000000,0.000000,2,0.000000
5.262493,coast,0.000000,-0.023844,-0.005287,4,0.000000,0.000000,2,0.000000
5.265411,coast,0.000000,-0.023828,-0.002356,4,0.000000,0.000000,2,0.000000
5.268363,coast,0.000000,-0.023839,-0.006086,4,0.000000,0.000000,2,0.000000
5.271284,coast,0.000000,-0.023829,-0.006086,4,0.000000,0.000000,2,0.000000
5.274198,coast,0.000000,-0.023846,-0.006086,4,0.000000,0.000000,2,0.000000
5.277131,coast,0.000000,-0.023829,-0.005287,4,0.000000,0.000000,2,0.000000
5.280456,coast,0.000000,-0.023824,-0.003155,4,0.000000,0.000000,2,0.000000
5.283384,coast,0.000000,-0.023809,-0.005287,4,0.000000,0.000000,2,0.000000
5.286317,coast,0.000000,-0.023825,-0.003155,4,0.000000,0.000000,2,0.000000
5.289294,coast,0.000000,-0.023852,-0.003954,4,0.000000,0.000000,2,0.000000
5.292596,coast,0.000000,-0.023850,-0.005020,4,0.000000,0.000000,2,0.000000
5.295919,coast,0.000000,-0.023845,-0.003954,4,0.000000,0.000000,2,0.000000
5.298873,coast,0.000000,-0.023860,-0.006885,4,0.000000,0.000000,2,0.000000
5.301854,coast,0.000000,-0.023849,-0.005287,4,0.000000,0.000000,2,0.000000
5.304787,coast,0.000000,-0.023861,-0.004487,4,0.000000,0.000000,2,0.000000
5.307743,coast,0.000000,-0.023867,-0.005287,4,0.000000,0.000000,2,0.000000
5.310703,coast,0.000000,-0.023866,-0.006352,4,0.000000,0.000000,2,0.000000
5.313653,coast,0.000000,-0.023876,-0.006885,4,0.000000,0.000000,2,0.000000
5.316600,coast,0.000000,-0.023875,-0.004221,4,0.000000,0.000000,2,0.000000
5.319534,step,0.150000,-0.023902,-0.007418,4,0.000000,0.000000,3,0.150000
5.322516,step,0.150000,-0.023887,-0.006086,4,0.000000,0.000000,3,0.150000
5.325918,step,0.150000,-0.024012,-0.000490,4,0.000000,0.000000,3,0.150000
5.328753,step,0.150000,-0.023740,-0.003155,4,0.000000,0.000000,3,0.150000
5.331511,step,0.150000,-0.023680,0.004572,4,0.000000,0.000000,3,0.150000
5.334334,step,0.150000,-0.023573,0.006438,2,0.000000,0.000000,3,0.150000
5.337326,step,0.150000,-0.023396,0.007237,1,0.000000,0.000000,3,0.150000
5.340373,step,0.150000,-0.023305,0.010701,1,0.000000,0.000000,3,0.150000
5.343129,step,0.150000,-0.022936,0.002441,0,0.000000,0.000000,3,0.150000
5.345893,step,0.150000,-0.022145,-0.011415,0,0.000000,0.000000,3,0.150000
5.348784,step,0.150000,-0.022004,0.077583,-1,0.000000,0.000000,3,0.150000
5.351740,step,0.150000,-0.019063,0.128744,-1,0.000000,0.000000,3,0.150000
5.354665,step,0.150000,-0.019167,0.111424,-1,0.000000,0.000000,3,0.150000
5.358063,step,0.150000,-0.017846,0.165516,-1,0.000000,0.000000,3,0.150000
5.360837,step,0.150000,-0.016683,0.182037,-1,0.000000,0.000000,3,0.150000
5.364043,step,0.150000,-0.015608,0.182037,-1,0.000000,0.000000,3,0.150000
5.367371,step,0.150000,-0.014551,0.218542,-1,0.000000,0.000000,3,0.150000
5.370750,step,0.150000,-0.012975,0.229467,-1,0.000000,0.000000,3,0.150000
5.373345,step,0.150000,-0.012193,0.230799,-1,0.000000,0.000000,3,0.150000
5.375919,step,0.150000,-0.011146,0.253182,-1,0.000000,0.000000,3,0.150000
5.378569,step,0.150000,-0.010504,0.271301,-1,0.000000,0.000000,3,0.150000
5.381316,step,0.150000,-0.008956,0.273966,-1,0.000000,0.000000,3,0.150000
5.384167,step,0.150000,-0.008006,0.288622,-1,0.000000,0.000000,3,0.150000
5.386915,step,0.150000,-0.006789,0.300879,-1,0.000000,0.000000,3,0.150000
5.389864,step,0.150000,-0.005536,0.321929,-1,0.000000,0.000000,3,0.150000
5.392848,step,0.150000,-0.004264,0.318199,-2,0.000000,0.000000,3,0.150000
5.395859,step,0.150000,-0.002862,0.336052,-2,0.000000,0.000000,3,0.150000
5.398753,step,0.150000,-0.001818,0.350974,-2,0.000000,0.000000,3,0.150000
5.401502,step,0.150000,-0.000392,0.352040,-2,0.000000,0.000000,3,0.150000
5.404298,step,0.150000,0.000854,0.360566,-2,0.000000,0.000000,3,0.150000
5.407025,step,0.150000,0.002039,0.368827,-2,0.000000,0.000000,3,0.150000
5.410301,step,0.150000,0.003575,0.385880,-2,0.000000,0.000000,3,0.150000
5.413297,step,0.150000,0.004911,0.390410,-2,0.000000,0.000000,3,0.150000
5.416296,step,0.150000,0.006275,0.391476,-2,0.000000,0.000000,3,0.150000
5.419280,step,0.150000,0.007630,0.400269,-2,0.000000,0.000000,3,0.150000
5.422230,step,0.150000,0.008906,0.401602,-2,0.000000,0.000000,3,0.150000
5.425190,step,0.150000,0.010336,0.405599,-2,0.000000,0.000000,3,0.150000
5.428733,step,0.150000,0.011874,0.416257,-3,0.000000,0.000000,3,0.150000
5.431962,step,0.150000,0.013411,0.417323,-3,0.000000,0.000000,3,0.150000
5.434926,step,0.150000,0.014891,0.426383,-3,0.000000,0.000000,3,0.150000
5.437900,step,0.150000,0.016369,0.440772,-3,0.000000,0.000000,3,0.150000
5.440661,step,0.150000,0.017869,0.453562,-3,0.000000,0.000000,3,0.150000
5.443407,step,0.150000,0.019336,0.457559,-3,0.000000,0.000000,3,0.150000
5.446169,step,0.150000,0.020864,0.462888,-3,0.000000,0.000000,3,0.150000
5.449108,step,0.150000,0.022462,0.471948,-4,0.000000,0.000000,3,0.150000
5.453112,step,0.150000,0.024557,0.482606,-4,0.000000,0.000000,3,0.150000
5.456307,step,0.150000,0.026344,0.495929,-4,0.000000,0.000000,3,0.150000
5.459386,step,0.150000,0.028155,0.500992,-4,0.000000,0.000000,3,0.150000
5.462633,step,0.150000,0.029949,0.514315,-4,0.000000,0.000000,3,0.150000
5.465612,step,0.150000,0.031779,0.520177,-4,0.000000,0.000000,3,0.150000
5.468544,step,0.150000,0.033465,0.528171,-4,0.000000,0.000000,3,0.150000
5.471504,step,0.150000,0.035279,0.532435,-4,0.000000,0.000000,3,0.150000
5.474544,step,0.150000,0.037102,0.542827,-4,0.000000,0.000000,3,0.150000
5.477744,step,0.150000,0.038994,0.555084,-5,0.000000,0.000000,3,0.150000
5.480444,step,0.150000,0.040654,0.559880,-5,0.000000,0.000000,3,0.150000
5.483012,step,0.150000,0.042235,0.565743,-5,0.000000,0.000000,3,0.150000
5.485582,step,0.150000,0.043799,0.569206,-5,0.000000,0.000000,3,0.150000
5.488180,step,0.150000,0.045386,0.574802,-5,0.000000,0.000000,3,0.150000
5.490936,step,0.150000,0.046974,0.574802,-5,0.000000,0.000000,3,0.150000
5.493705,step,0.150000,0.048622,0.577467,-5,0.000000,0.000000,3,0.150000
5.496466,step,0.150000,0.050202,0.576667,-5,0.000000,0.000000,3,0.150000
5.499793,step,0.150000,0.052148,0.578533,-6,0.000000,0.000000,3,0.150000
5.503086,step,0.150000,0.054030,0.579066,-6,0.000000,0.000000,3,0.150000
5.506046,step,0.150000,0.055728,0.580131,-6,0.000000,0.000000,3,0.150000
5.508965,step,0.150000,0.057363,0.577733,-6,0.000000,0.000000,3,0.150000
5.511937,step,0.150000,0.059098,0.576934,-6,0.000000,0.000000,3,0.150000
5.514552,step,0.150000,0.060615,0.575602,-6,0.000000,0.000000,3,0.150000
5.517129,step,0.150000,0.062173,0.578266,-6,0.000000,0.000000,3,0.150000
5.519837,step,0.150000,0.063781,0.590257,-6,0.000000,0.000000,3,0.150000
5.522419,step,0.150000,0.065367,0.595320,-6,0.000000,0.000000,3,0.150000
5.525166,step,0.150000,0.067127,0.596919,-7,0.000000,0.000000,3,0.150000
5.527851,step,0.150000,0.068732,0.595586,-7,0.000000,0.000000,3,0.150000
5.530512,step,0.150000,0.070391,0.599583,-7,0.000000,0.000000,3,0.150000
5.533504,step,0.150000,0.072153,0.604380,-7,0.000000,0.000000,3,0.150000
5.536768,step,0.150000,0.074253,0.606778,-7,0.000000,0.000000,3,0.150000
5.540122,step,0.150000,0.076329,0.609442,-8,0.000000,0.000000,3,0.150000
5.542904,step,0.150000,0.077972,0.611308,-8,0.000000,0.000000,3,0.150000
5.545675,step,0.150000,0.079664,0.618236,-8,0.000000,0.000000,3,0.150000
5.548438,step,0.150000,0.081432,0.614772,-8,0.000000,0.000000,3,0.150000
5.551283,step,0.150000,0.083239,0.618769,-8,0.000000,0.000000,3,0.150000
5.554717,step,0.150000,0.085262,0.619834,-8,0.000000,0.000000,3,0.150000
5.558106,step,0.150000,0.087426,0.623565,-8,0.000000,0.000000,3,0.150000
5.560943,step,0.150000,0.089127,0.622499,-8,0.000000,0.000000,3,0.150000
5.563867,step,0.150000,0.090813,0.620101,-8,0.000000,0.000000,3,0.150000
5.566518,step,0.150000,0.092404,0.616370,-8,0.000000,0.000000,3,0.150000
5.569126,step,0.150000,0.093847,0.618502,-9,0.000000,0.000000,3,0.150000
5.572308,step,0.150000,0.095603,0.615837,-9,0.000000,0.000000,3,0.150000
5.575029,step,0.150000,0.097173,0.608909,-9,0.000000,0.000000,3,0.150000
5.578158,step,0.150000,0.098827,0.596119,-9,0.000000,0.000000,3,0.150000
5.581055,step,0.150000,0.100487,0.592389,-9,0.000000,0.000000,3,0.150000
5.584144,step,0.150000,0.102158,0.586793,-10,0.000000,0.000000,3,0.150000
5.587114,step,0.150000,0.103855,0.591589,-10,0.000000,0.000000,3,0.150000
5.590453,step,0.150000,0.105742,0.599050,-10,0.000000,0.000000,3,0.150000
5.593832,step,0.150000,0.107717,0.586793,-10,0.000000,0.000000,3,0.150000
5.596597,step,0.150000,0.109222,0.583329,-10,0.000000,0.000000,3,0.150000
5.599329,step,0.150000,0.110708,0.586793,-10,0.000000,0.000000,3,0.150000
5.602386,step,0.150000,0.112393,0.588392,-10,0.000000,0.000000,3,0.150000
5.605122,step,0.150000,0.114022,0.587060,-11,0.000000,0.000000,3,0.150000
5.607934,step,0.150000,0.115571,0.582796,-11,0.000000,0.000000,3,0.150000
5.610748,step,0.150000,0.117176,0.579599,-11,0.000000,0.000000,3,0.150000
5.613905,step,0.150000,0.118926,0.582530,-11,0.000000,0.000000,3,0.150000
5.617153,step,0.150000,0.120728,0.581197,-11,0.000000,0.000000,3,0.150000
5.620152,step,0.150000,0.122383,0.580664,-12,0.000000,0.000000,3,0.150000
5.623342,step,0.150000,0.124134,0.571072,-12,0.000000,0.000000,3,0.150000
5.626493,step,0.150000,0.125705,0.567874,-12,0.000000,0.000000,3,0.150000
5.629736,step,0.150000,0.127352,0.564943,-12,0.000000,0.000000,3,0.150000
5.632724,step,0.150000,0.128815,0.552952,-12,0.000000,0.000000,3,0.150000
5.635728,step,0.150000,0.130217,0.544958,-12,0.000000,0.000000,3,0.150000
5.638533,step,0.150000,0.131500,0.539629,-12,0.000000,0.000000,3,0.150000
5.641302,step,0.150000,0.132723,0.533234,-12,0.000000,0.000000,3,0.150000
5.644205,step,0.150000,0.133936,0.522576,-12,0.000000,0.000000,3,0.150000
5.646791,step,0.150000,0.135025,0.511118,-12,0.000000,0.000000,3,0.150000
5.649378,step,0.150000,0.136049,0.502058,-13,0.000000,0.000000,3,0.150000
5.652399,step,0.150000,0.137318,0.492199,-13,0.000000,0.000000,3,0.150000
5.655338,step,0.150000,0.138539,0.491133,-13,0.000000,0.000000,3,0.150000
5.658291,step,0.150000,0.139773,0.484738,-13,0.000000,0.000000,3,0.150000
5.661210,step,0.150000,0.140965,0.481007,-13,0.000000,0.000000,3,0.150000
5.664656,step,0.150000,0.142451,0.470615,-13,0.000000,0.000000,3,0.150000
5.667863,step,0.150000,0.143688,0.462355,-14,0.000000,0.000000,3,0.150000
5.671004,step,0.150000,0.144974,0.458625,-14,0.000000,0.000000,3,0.150000
5.674018,step,0.150000,0.146129,0.453029,-14,0.000000,0.000000,3,0.150000
5.676994,step,0.150000,0.147255,0.444236,-14,0.000000,0.000000,3,0.150000
5.679960,step,0.150000,0.148372,0.435975,-14,0.000000,0.000000,3,0.150000
5.682828,step,0.150000,0.149415,0.429314,-14,0.000000,0.000000,3,0.150000
5.685568,step,0.150000,0.150395,0.425317,-14,0.000000,0.000000,3,0.150000
5.688605,step,0.150000,0.151412,0.417589,-14,0.000000,0.000000,3,0.150000
5.691347,step,0.150000,0.152428,0.411194,-14,0.000000,0.000000,3,0.150000
5.694619,step,0.150000,0.153513,0.401335,-14,0.000000,0.000000,3,0.150000
5.697933,step,0.150000,0.154598,0.395473,-14,0.000000,0.000000,3,0.150000
5.701535,step,0.150000,0.155882,0.386680,-14,0.000000,0.000000,3,0.150000
5.704110,step,0.150000,0.156566,0.378153,-14,0.000000,0.000000,3,0.150000
5.706469,step,0.150000,0.157304,0.370425,-14,0.000000,0.000000,3,0.150000
5.708837,step,0.150000,0.157889,0.364563,-15,0.000000,0.000000,3,0.150000
5.711389,step,0.150000,0.158677,0.355770,-15,0.000000,0.000000,3,0.150000
5.713982,step,0.150000,0.159249,0.352573,-15,0.000000,0.000000,3,0.150000
5.716267,step,0.150000,0.159820,0.341914,-15,0.000000,0.000000,3,0.150000
5.718537,step,0.150000,0.160246,0.335252,-15,0.000000,0.000000,3,0.150000
5.720780,step,0.150000,0.160752,0.325660,-15,0.000000,0.000000,3,0.150000
5.723150,step,0.150000,0.161149,0.318199,-15,0.000000,0.000000,3,0.150000
5.725892,step,0.150000,0.161725,0.303277,-15,0.000000,0.000000,3,0.150000
5.728309,step,0.150000,0.162119,0.294750,-15,0.000000,0.000000,3,0.150000
5.730691,step,0.150000,0.162507,0.285957,-15,0.000000,0.000000,3,0.150000
5.733068,step,0.150000,0.162807,0.279562,-15,0.000000,0.000000,3,0.150000
5.735347,step,0.150000,0.163088,0.269969,-15,0.000000,0.000000,3,0.150000
5.737490,step,0.150000,0.163366,0.259311,-15,0.000000,0.000000,3,0.150000
5.739622,step,0.150000,0.163530,0.245455,-16,0.000000,0.000000,3,0.150000
5.741682,step,0.150000,0.163654,0.236395,-16,0.000000,0.000000,3,0.150000
5.743703,step,0.150000,0.163760,0.230000,-16,0.000000,0.000000,3,0.150000
5.745741,step,0.150000,0.163819,0.222272,-16,0.000000,0.000000,3,0.150000
5.747869,step,0.150000,0.163986,0.211081,-16,0.000000,0.000000,3,0.150000
5.750086,step,0.150000,0.164031,0.192695,-16,0.000000,0.000000,3,0.150000
5.752134,step,0.150000,0.164034,0.186300,-16,0.000000,0.000000,3,0.150000
5.754161,step,0.150000,0.164009,0.175375,-16,0.000000,0.000000,3,0.150000
5.756175,step,0.150000,0.163903,0.164450,-16,0.000000,0.000000,3,0.150000
5.758188,step,0.150000,0.163862,0.158321,-16,0.000000,0.000000,3,0.150000
5.760182,step,0.150000,0.163809,0.143932,-16,0.000000,0.000000,3,0.150000
5.762217,step,0.150000,0.163729,0.134340,-16,0.000000,0.000000,3,0.150000
5.764269,step,0.150000,0.163614,0.124214,-16,0.000000,0.000000,3,0.150000
5.766356,step,0.150000,0.163483,0.112756,-16,0.000000,0.000000,3,0.150000
5.768376,step,0.150000,0.163384,0.105562,-16,0.000000,0.000000,3,0.150000
5.770413,step,0.150000,0.163228,0.093038,-16,0.000000,0.000000,3,0.150000
5.772464,step,0.150000,0.163066,0.086643,-16,0.000000,0.000000,3,0.150000
5.774517,step,0.150000,0.162885,0.075452,-16,0.000000,0.000000,3,0.150000
5.776554,step,0.150000,0.162729,0.066392,-16,0.000000,0.000000,3,0.150000
5.778582,step,0.150000,0.162536,0.057332,-16,0.000000,0.000000,3,0.150000
5.780617,step,0.150000,0.162339,0.048805,-16,0.000000,0.000000,3,0.150000
5.782748,step,0.150000,0.162107,0.039479,-16,0.000000,0.000000,3,0.150000
5.784935,step,0.150000,0.161904,0.030153,-16,0.000000,0.000000,3,0.150000
5.787364,step,0.150000,0.161665,0.017896,-16,0.000000,0.000000,3,0.150000
5.790014,step,0.150000,0.161389,0.007237,-16,0.000000,0.000000,3,0.150000
5.792138,step,0.150000,0.161099,-0.000490,-16,0.000000,0.000000,3,0.150000
5.794340,step,0.150000,0.160830,-0.011149,-16,0.000000,0.000000,3,0.150000
5.796624,step,0.150000,0.160540,-0.022607,-16,0.000000,0.000000,3,0.150000
5.799103,step,0.150000,0.160222,-0.033532,-16,0.000000,0.000000,3,0.150000
5.801442,step,0.150000,0.159885,-0.040993,-16,0.000000,0.000000,3,0.150000
5.803891,step,0.150000,0.159506,-0.052983,-16,0.000000,0.000000,3,0.150000
5.806271,step,0.150000,0.159152,-0.060711,-16,0.000000,0.000000,3,0.150000
5.808899,step,0.150000,0.158774,-0.066040,-16,0.000000,0.000000,3,0.150000
5.811981,step,0.150000,0.158382,-0.081228,-16,0.000000,0.000000,3,0.150000
5.814456,step,0.150000,0.158031,-0.087357,-16,0.000000,0.000000,3,0.150000
5.816736,step,0.150000,0.157741,-0.092153,-16,0.000000,0.000000,3,0.150000
5.819050,step,0.150000,0.157437,-0.099081,-16,0.000000,0.000000,3,0.150000
5.821704,step,0.150000,0.157114,-0.104944,-16,0.000000,0.000000,3,0.150000
5.823939,step,0.150000,0.156831,-0.107342,-16,0.000000,0.000000,3,0.150000
5.826345,step,0.150000,0.156562,-0.114536,-16,0.000000,0.000000,3,0.150000
5.828638,step,0.150000,0.156311,-0.114003,-16,0.000000,0.000000,3,0.150000
5.830912,step,0.150000,0.156102,-0.117467,-16,0.000000,0.000000,3,0.150000
5.833312,step,0.150000,0.155908,-0.115869,-16,0.000000,0.000000,3,0.150000
5.835733,step,0.150000,0.155692,-0.119066,-16,0.000000,0.000000,3,0.150000
5.837911,step,0.150000,0.155531,-0.119333,-16,0.000000,0.000000,3,0.150000
5.840217,step,0.150000,0.155382,-0.117734,-16,0.000000,0.000000,3,0.150000
5.842449,step,0.150000,0.155267,-0.116135,-16,0.000000,0.000000,3,0.150000
5.845089,step,0.150000,0.155125,-0.112138,-16,0.000000,0.000000,3,0.150000
5.847519,step,0.150000,0.155024,-0.111605,-16,0.000000,0.000000,3,0.150000
5.849863,step,0.150000,0.154926,-0.111072,-16,0.000000,0.000000,3,0.150000
5.852560,step,0.150000,0.154803,-0.106009,-16,0.000000,0.000000,3,0.150000
5.855101,step,0.150000,0.154715,-0.106276,-16,0.000000,0.000000,3,0.150000
5.858095,step,0.150000,0.154583,-0.103078,-16,0.000000,0.000000,3,0.150000
5.860667,step,0.150000,0.154507,-0.100680,-16,0.000000,0.000000,3,0.150000
5.863291,step,0.150000,0.154367,-0.101213,-16,0.000000,0.000000,3,0.150000
5.866485,step,0.150000,0.154233,-0.096683,-16,0.000000,0.000000,3,0.150000
5.869413,step,0.150000,0.154181,-0.093486,-16,0.000000,0.000000,3,0.150000
5.872340,step,0.150000,0.154124,-0.089222,-16,0.000000,0.000000,3,0.150000
5.875365,step,0.150000,0.154081,-0.084959,-16,0.000000,0.000000,3,0.150000
5.878515,step,0.150000,0.154014,-0.080962,-16,0.000000,0.000000,3,0.150000
5.881715,step,0.150000,0.153943,-0.078031,-16,0.000000,0.000000,3,0.150000
5.884879,step,0.150000,0.153914,-0.075366,-16,0.000000,0.000000,3,0.150000
5.887710,step,0.150000,0.153874,-0.074034,-16,0.000000,0.000000,3,0.150000
5.890796,step,0.150000,0.153852,-0.070836,-16,0.000000,0.000000,3,0.150000
5.893679,step,0.150000,0.153859,-0.070037,-16,0.000000,0.000000,3,0.150000
5.896499,step,0.150000,0.153868,-0.063375,-16,0.000000,0.000000,3,0.150000
5.899457,step,0.150000,0.153900,-0.063375,-16,0.000000,0.000000,3,0.150000
5.902392,step,0.150000,0.153915,-0.059911,-16,0.000000,0.000000,3,0.150000
5.905357,step,0.150000,0.153940,-0.057513,-16,0.000000,0.000000,3,0.150000
5.908292,step,0.150000,0.153929,-0.054316,-16,0.000000,0.000000,3,0.150000
5.911214,step,0.150000,0.153952,-0.054049,-16,0.000000,0.000000,3,0.150000
5.914191,step,0.150000,0.154039,-0.048720,-16,0.000000,0.000000,3,0.150000
5.917175,step,0.150000,0.154103,-0.043657,-16,0.000000,0.000000,3,0.150000
5.920159,step,0.150000,0.154184,-0.043657,-16,0.000000,0.000000,3,0.150000
5.923160,step,0.150000,0.154228,-0.043124,-16,0.000000,0.000000,3,0.150000
5.926311,step,0.150000,0.154302,-0.035130,-16,0.000000,0.000000,3,0.150000
5.929486,step,0.150000,0.154429,-0.030068,-16,0.000000,0.000000,3,0.150000
5.932688,step,0.150000,0.154522,-0.029801,-16,0.000000,0.000000,3,0.150000
5.936259,step,0.150000,0.154638,-0.021541,-16,0.000000,0.000000,3,0.150000
5.939306,step,0.150000,0.154781,-0.019942,-16,0.000000,0.000000,3,0.150000
5.942269,step,0.150000,0.154913,-0.018876,-16,0.000000,0.000000,3,0.150000
5.945223,step,0.150000,0.155040,-0.011149,-16,0.000000,0.000000,3,0.150000
5.948272,step,0.150000,0.155203,-0.009284,-16,0.000000,0.000000,3,0.150000
5.951196,step,0.150000,0.155392,-0.007951,-16,0.000000,0.000000,3,0.150000
5.954298,step,0.150000,0.155503,-0.005287,-16,0.000000,0.000000,3,0.150000
5.957314,step,0.150000,0.155700,-0.001556,-16,0.000000,0.000000,3,0.150000
5.960480,step,0.150000,0.155875,0.004040,-16,0.000000,0.000000,3,0.150000
5.963682,step,0.150000,0.156010,0.002707,-16,0.000000,0.000000,3,0.150000
5.966816,step,0.150000,0.156202,0.004839,-16,0.000000,0.000000,3,0.150000
5.969777,step,0.150000,0.156317,0.007504,-16,0.000000,0.000000,3,0.150000
5.972724,step,0.150000,0.156430,0.007504,-16,0.000000,0.000000,3,0.150000
5.975691,step,0.150000,0.156546,0.008303,-16,0.000000,0.000000,3,0.150000
5.978650,step,0.150000,0.156631,0.007770,-16,0.000000,0.000000,3,0.150000
5.981632,step,0.150000,0.156720,0.007770,-16,0.000000,0.000000,3,0.150000
5.984580,step,0.150000,0.156785,0.007504,-16,0.000000,0.000000,3,0.150000
5.987515,step,0.150000,0.156875,0.007504,-16,0.000000,0.000000,3,0.150000
5.990772,step,0.150000,0.156948,0.007237,-16,0.000000,0.000000,3,0.150000
5.993765,step,0.150000,0.157004,0.003773,-16,0.000000,0.000000,3,0.150000
5.996705,step,0.150000,0.157044,0.007504,-16,0.000000,0.000000,3,0.150000
5.999641,step,0.150000,0.157076,0.000309,-16,0.000000,0.000000,3,0.150000
6.002576,step,0.150000,0.157096,0.001641,-16,0.000000,0.000000,3,0.150000
6.005560,step,0.150000,0.157086,-0.002888,-16,0.000000,0.000000,3,0.150000
6.008698,step,0.150000,0.157078,-0.005020,-16,0.000000,0.000000,3,0.150000
6.011884,step,0.150000,0.157073,-0.006885,-16,0.000000,0.000000,3,0.150000
6.015375,step,0.150000,0.157080,-0.009284,-16,0.000000,0.000000,3,0.150000
6.018431,step,0.150000,0.157084,-0.009284,-16,0.000000,0.000000,3,0.150000
6.021359,step,0.150000,0.157066,-0.013813,-16,0.000000,0.000000,3,0.150000
6.024386,step,0.150000,0.157032,-0.011149,-16,0.000000,0.000000,3,0.150000
6.027377,step,0.150000,0.157020,-0.016212,-16,0.000000,0.000000,3,0.150000
6.030597,step,0.150000,0.157009,-0.015679,-16,0.000000,0.000000,3,0.150000
6.033814,step,0.150000,0.157021,-0.015679,-16,0.000000,0.000000,3,0.150000
6.036977,step,0.150000,0.157038,-0.017277,-16,0.000000,0.000000,3,0.150000
6.039925,step,0.150000,0.157093,-0.015146,-16,0.000000,0.000000,3,0.150000
6.042921,step,0.150000,0.157139,-0.013280,-16,0.000000,0.000000,3,0.150000
6.046698,step,0.150000,0.157190,-0.016478,-16,0.000000,0.000000,3,0.150000
6.049326,step,0.150000,0.157269,-0.013813,-16,0.000000,0.000000,3,0.150000
6.051973,step,0.150000,0.157370,-0.013813,-16,0.000000,0.000000,3,0.150000
6.054649,step,0.150000,0.157443,-0.010616,-16,0.000000,0.000000,3,0.150000
6.057814,step,0.150000,0.157549,-0.009816,-16,0.000000,0.000000,3,0.150000
6.060564,step,0.150000,0.157647,-0.006352,-16,0.000000,0.000000,3,0.150000
6.063338,step,0.150000,0.157723,-0.008484,-16,0.000000,0.000000,3,0.150000
6.066078,step,0.150000,0.157822,-0.004754,-16,0.000000,0.000000,3,0.150000
6.068905,step,0.150000,0.157931,-0.002622,-16,0.000000,0.000000,3,0.150000
6.071888,step,0.150000,0.158040,-0.001290,-16,0.000000,0.000000,3,0.150000
6.075297,step,0.150000,0.158150,-0.001023,-16,0.000000,0.000000,3,0.150000
6.078652,step,0.150000,0.158260,0.001641,-16,0.000000,0.000000,3,0.150000
6.081423,step,0.150000,0.158370,0.004040,-16,0.000000,0.000000,3,0.150000
6.084173,step,0.150000,0.158453,0.003507,-16,0.000000,0.000000,3,0.150000
6.086947,step,0.150000,0.158519,0.001908,-16,0.000000,0.000000,3,0.150000
6.089863,step,0.150000,0.158610,0.002707,-16,0.000000,0.000000,3,0.150000
6.092894,step,0.150000,0.158672,0.004040,-16,0.000000,0.000000,3,0.150000
6.095904,step,0.150000,0.158724,0.000576,-16,0.000000,0.000000,3,0.150000
6.098993,step,0.150000,0.158767,0.002441,-16,0.000000,0.000000,3,0.150000
6.101701,step,0.150000,0.158808,0.000576,-16,0.000000,0.000000,3,0.150000
6.104436,step,0.150000,0.158810,0.001908,-16,0.000000,0.000000,3,0.150000
6.107236,step,0.150000,0.158848,-0.000490,-16,0.000000,0.000000,3,0.150000
6.110101,step,0.150000,0.158879,-0.004221,-16,0.000000,0.000000,3,0.150000
6.112859,step,0.150000,0.158884,-0.004221,-16,0.000000,0.000000,3,0.150000
6.115626,step,0.150000,0.158901,-0.005020,-16,0.000000,0.000000,3,0.150000
6.118522,step,0.150000,0.158916,-0.006619,-16,0.000000,0.000000,3,0.150000
6.121290,step,0.150000,0.158909,-0.006619,-16,0.000000,0.000000,3,0.150000
6.124024,step,0.150000,0.158885,-0.009284,-16,0.000000,0.000000,3,0.150000
6.126810,step,0.150000,0.158869,-0.009017,-16,0.000000,0.000000,3,0.150000
6.129604,step,0.150000,0.158864,-0.010616,-16,0.000000,0.000000,3,0.150000
6.133094,step,0.150000,0.158886,-0.012215,-16,0.000000,0.000000,3,0.150000
6.136625,step,0.150000,0.158892,-0.013014,-16,0.000000,0.000000,3,0.150000
6.139542,step,0.150000,0.158944,-0.012215,-16,0.000000,0.000000,3,0.150000
6.141884,step,0.150000,0.158974,-0.016478,-16,0.000000,0.000000,3,0.150000
6.144303,step,0.150000,0.158979,-0.013547,-16,0.000000,0.000000,3,0.150000
6.146608,step,0.150000,0.159005,-0.011415,-16,0.000000,0.000000,3,0.150000
6.148907,step,0.150000,0.159051,-0.012481,-16,0.000000,0.000000,3,0.150000
6.151686,step,0.150000,0.159124,-0.011682,-16,0.000000,0.000000,3,0.150000
6.154440,step,0.150000,0.159191,-0.008751,-16,0.000000,0.000000,3,0.150000
6.157257,step,0.150000,0.159261,-0.009816,-16,0.000000,0.000000,3,0.150000
6.160083,step,0.150000,0.159324,-0.007951,-16,0.000000,0.000000,3,0.150000
6.163397,step,0.150000,0.159383,-0.006352,-16,0.000000,0.000000,3,0.150000
6.166936,step,0.150000,0.159442,-0.004754,-16,0.000000,0.000000,3,0.150000
6.170133,step,0.150000,0.159501,-0.005287,-16,0.000000,0.000000,3,0.150000
6.173171,step,0.150000,0.159585,-0.002089,-16,0.000000,0.000000,3,0.150000
6.176162,step,0.150000,0.159660,-0.003954,-16,0.000000,0.000000,3,0.150000
6.179135,step,0.150000,0.159767,-0.000757,-16,0.000000,0.000000,3,0.150000
6.181959,step,0.150000,0.159847,0.000576,-16,0.000000,0.000000,3,0.150000
6.184714,step,0.150000,0.159909,-0.000757,-16,0.000000,0.000000,3,0.150000
6.187488,step,0.150000,0.160007,0.000043,-16,0.000000,0.000000,3,0.150000
6.190629,step,0.150000,0.160099,0.002174,-16,0.000000,0.000000,3,0.150000
6.194041,step,0.150000,0.160125,0.000309,-16,0.000000,0.000000,3,0.150000
6.197018,step,0.150000,0.160159,-0.000757,-16,0.000000,0.000000,3,0.150000
6.200353,step,0.150000,0.160178,0.000043,-16,0.000000,0.000000,3,0.150000
6.203302,step,0.150000,0.160224,-0.000224,-16,0.000000,0.000000,3,0.150000
6.206269,step,0.150000,0.160250,-0.001556,-16,0.000000,0.000000,3,0.150000
6.209202,step,0.150000,0.160272,-0.003155,-16,0.000000,0.000000,3,0.150000
6.212812,step,0.150000,0.160284,-0.001023,-16,0.000000,0.000000,3,0.150000
6.216055,step,0.150000,0.160304,-0.003688,-16,0.000000,0.000000,3,0.150000
6.219516,step,0.150000,0.160335,-0.007685,-16,0.000000,0.000000,3,0.150000
6.222836,step,0.150000,0.160341,-0.007152,-16,0.000000,0.000000,3,0.150000
6.226121,step,0.150000,0.160372,-0.007685,-16,0.000000,0.000000,3,0.150000
6.229118,step,0.150000,0.160367,-0.010882,-16,0.000000,0.000000,3,0.150000
6.232443,step,0.150000,0.160357,-0.010083,-16,0.000000,0.000000,3,0.150000
6.235760,step,0.150000,0.160389,-0.006086,-16,0.000000,0.000000,3,0.150000
6.238714,step,0.150000,0.160402,-0.012481,-16,0.000000,0.000000,3,0.150000
6.241680,step,0.150000,0.160415,-0.009550,-16,0.000000,0.000000,3,0.150000
6.244620,step,0.150000,0.160417,-0.011415,-16,0.000000,0.000000,3,0.150000
6.247560,step,0.150000,0.160448,-0.009550,-16,0.000000,0.000000,3,0.150000
6.250545,step,0.150000,0.160468,-0.010882,-16,0.000000,0.000000,3,0.150000
6.253486,step,0.150000,0.160515,-0.007152,-16,0.000000,0.000000,3,0.150000
6.256608,step,0.150000,0.160578,-0.009816,-16,0.000000,0.000000,3,0.150000
6.259568,step,0.150000,0.160620,-0.008751,-16,0.000000,0.000000,3,0.150000
6.262378,step,0.150000,0.160664,-0.007951,-16,0.000000,0.000000,3,0.150000
6.265109,step,0.150000,0.160746,-0.007152,-16,0.000000,0.000000,3,0.150000
6.268185,step,0.150000,0.160802,-0.006086,-16,0.000000,0.000000,3,0.150000
6.271020,step,0.150000,0.160849,-0.006352,-16,0.000000,0.000000,3,0.150000
6.274215,step,0.150000,0.160915,-0.003421,-16,0.000000,0.000000,3,0.150000
6.277444,step,0.150000,0.160971,-0.003954,-16,0.000000,0.000000,3,0.150000
6.281126,step,0.150000,0.161028,-0.005287,-16,0.000000,0.000000,3,0.150000
6.284106,step,0.150000,0.161085,-0.002888,-16,0.000000,0.000000,3,0.150000
6.287044,step,0.150000,0.161132,-0.001823,-16,0.000000,0.000000,3,0.150000
6.290009,step,0.150000,0.161215,-0.002089,-16,0.000000,0.000000,3,0.150000
6.293191,step,0.150000,0.161293,0.001908,-16,0.000000,0.000000,3,0.150000
6.296409,step,0.150000,0.161351,-0.002888,-16,0.000000,0.000000,3,0.150000
6.299617,step,0.150000,0.161396,-0.000757,-16,0.000000,0.000000,3,0.150000
6.302966,step,0.150000,0.161445,-0.001556,-16,0.000000,0.000000,3,0.150000
6.305929,step,0.150000,0.161468,-0.001556,-16,0.000000,0.000000,3,0.150000
6.308947,step,0.150000,0.161491,-0.004221,-16,0.000000,0.000000,3,0.150000
6.311944,step,0.150000,0.161533,-0.002356,-16,0.000000,0.000000,3,0.150000
6.315143,step,0.150000,0.161562,-0.002356,-16,0.000000,0.000000,3,0.150000
6.318493,coast,0.000000,0.161553,-0.006086,-16,0.000000,0.000000,3,0.000000
6.321666,coast,0.000000,0.161558,-0.004221,-16,0.000000,0.000000,3,0.000000
6.324640,coast,0.000000,0.160727,0.021093,-16,0.000000,0.000000,3,0.000000
6.327592,coast,0.000000,0.161039,-0.038062,-15,0.000000,0.000000,3,0.000000
6.330568,coast,0.000000,0.159843,-0.051385,-15,0.000000,0.000000,3,0.000000
6.333544,coast,0.000000,0.159152,-0.067905,-15,0.000000,0.000000,3,0.000000
6.336489,coast,0.000000,0.158457,-0.083360,-15,0.000000,0.000000,3,0.000000
6.339471,coast,0.000000,0.157524,-0.106542,-15,0.000000,0.000000,3,0.000000
6.342450,coast,0.000000,0.156879,-0.131856,-15,0.000000,0.000000,3,0.000000
6.345409,coast,0.000000,0.155880,-0.145446,-15,0.000000,0.000000,3,0.000000
6.348350,coast,0.000000,0.155124,-0.156904,-15,0.000000,0.000000,3,0.000000
6.351285,coast,0.000000,0.154172,-0.176089,-15,0.000000,0.000000,3,0.000000
6.354390,coast,0.000000,0.153431,-0.191277,-15,0.000000,0.000000,3,0.000000
6.357316,coast,0.000000,0.152485,-0.189679,-15,0.000000,0.000000,3,0.000000
6.360402,coast,0.000000,0.151648,-0.205133,-15,0.000000,0.000000,3,0.000000
6.363750,coast,0.000000,0.150772,-0.216591,-15,0.000000,0.000000,3,0.000000
6.367282,coast,0.000000,0.149730,-0.225118,-15,0.000000,0.000000,3,0.000000
6.370504,coast,0.000000,0.148757,-0.238708,-15,0.000000,0.000000,3,0.000000
6.373958,coast,0.000000,0.147693,-0.246968,-15,0.000000,0.000000,3,0.000000
6.377142,coast,0.000000,0.146688,-0.248567,-15,0.000000,0.000000,3,0.000000
6.380737,coast,0.000000,0.145568,-0.261357,-15,0.000000,0.000000,3,0.000000
6.383933,coast,0.000000,0.144507,-0.269351,-14,0.000000,0.000000,3,0.000000
6.387114,coast,0.000000,0.143396,-0.276279,-14,0.000000,0.000000,3,0.000000
6.390755,coast,0.000000,0.142147,-0.301859,-14,0.000000,0.000000,3,0.000000
6.394071,coast,0.000000,0.140772,-0.319979,-14,0.000000,0.000000,3,0.000000
6.397043,coast,0.000000,0.139501,-0.333035,-14,0.000000,0.000000,3,0.000000
6.400215,coast,0.000000,0.138155,-0.341296,-14,0.000000,0.000000,3,0.000000
6.403165,coast,0.000000,0.136894,-0.355418,-14,0.000000,0.000000,3,0.000000
6.406288,coast,0.000000,0.135513,-0.363679,-14,0.000000,0.000000,3,0.000000
6.409219,coast,0.000000,0.134175,-0.372738,-14,0.000000,0.000000,3,0.000000
6.412207,coast,0.000000,0.132804,-0.384729,-14,0.000000,0.000000,3,0.000000
6.415193,coast,0.000000,0.131376,-0.395921,-14,0.000000,0.000000,3,0.000000
6.418190,coast,0.000000,0.129907,-0.407645,-14,0.000000,0.000000,3,0.000000
6.421139,coast,0.000000,0.128392,-0.419369,-14,0.000000,0.000000,3,0.000000
6.424108,coast,0.000000,0.126842,-0.430827,-13,0.000000,0.000000,3,0.000000
6.427065,coast,0.000000,0.125290,-0.446282,-13,0.000000,0.000000,3,0.000000
6.430182,coast,0.000000,0.123573,-0.458273,-13,0.000000,0.000000,3,0.000000
6.433141,coast,0.000000,0.121889,-0.471862,-13,0.000000,0.000000,3,0.000000
6.436096,coast,0.000000,0.120178,-0.481722,-13,0.000000,0.000000,3,0.000000
6.439064,coast,0.000000,0.118407,-0.496377,-13,0.000000,0.000000,3,0.000000
6.442048,coast,0.000000,0.116589,-0.510499,-13,0.000000,0.000000,3,0.000000
6.445081,coast,0.000000,0.114722,-0.528086,-12,0.000000,0.000000,3,0.000000
6.448692,coast,0.000000,0.112401,-0.546205,-12,0.000000,0.000000,3,0.000000
6.451900,coast,0.000000,0.110261,-0.559795,-12,0.000000,0.000000,3,0.000000
6.455034,coast,0.000000,0.108171,-0.576849,-12,0.000000,0.000000,3,0.000000
6.458332,coast,0.000000,0.105878,-0.592303,-12,0.000000,0.000000,3,0.000000
6.461262,coast,0.000000,0.104261,-0.618683,-12,0.000000,0.000000,3,0.000000
6.464553,coast,0.000000,0.101743,-0.610689,-12,0.000000,0.000000,3,0.000000
6.467744,coast,0.000000,0.100068,-0.628809,-12,0.000000,0.000000,3,0.000000
6.470926,coast,0.000000,0.098251,-0.626944,-12,0.000000,0.000000,3,0.000000
6.474112,coast,0.000000,0.095922,-0.614953,-11,0.000000,0.000000,3,0.000000
6.477336,coast,0.000000,0.094163,-0.618950,-11,0.000000,0.000000,3,0.000000
6.480832,coast,0.000000,0.092134,-0.623480,-11,0.000000,0.000000,3,0.000000
6.484048,coast,0.000000,0.089817,-0.619216,-11,0.000000,0.000000,3,0.000000
6.487053,coast,0.000000,0.087928,-0.617884,-11,0.000000,0.000000,3,0.000000
6.490040,coast,0.000000,0.086077,-0.622147,-10,0.000000,0.000000,3,0.000000
6.493025,coast,0.000000,0.084028,-0.638668,-10,0.000000,0.000000,3,0.000000
6.496143,coast,0.000000,0.082001,-0.658120,-10,0.000000,0.000000,3,0.000000
6.499335,coast,0.000000,0.079655,-0.667446,-10,0.000000,0.000000,3,0.000000
6.502861,coast,0.000000,0.077147,-0.677838,-10,0.000000,0.000000,3,0.000000
6.506446,coast,0.000000,0.074639,-0.684500,-10,0.000000,0.000000,3,0.000000
6.509668,coast,0.000000,0.072277,-0.686098,-9,0.000000,0.000000,3,0.000000
6.512975,coast,0.000000,0.069918,-0.699954,-9,0.000000,0.000000,3,0.000000
6.516465,coast,0.000000,0.067040,-0.710879,-9,0.000000,0.000000,3,0.000000
6.519444,coast,0.000000,0.064879,-0.720472,-8,0.000000,0.000000,3,0.000000
6.522390,coast,0.000000,0.062611,-0.729265,-8,0.000000,0.000000,3,0.000000
6.525335,coast,0.000000,0.060636,-0.758576,-8,0.000000,0.000000,3,0.000000
6.528052,coast,0.000000,0.058984,-0.732463,-8,0.000000,0.000000,3,0.000000
6.530812,coast,0.000000,0.057241,-0.731930,-8,0.000000,0.000000,3,0.000000
6.533577,coast,0.000000,0.055651,-0.720205,-8,0.000000,0.000000,3,0.000000
6.536402,coast,0.000000,0.053203,-0.698356,-8,0.000000,0.000000,3,0.000000
6.539330,coast,0.000000,0.051386,-0.694359,-8,0.000000,0.000000,3,0.000000
6.542481,coast,0.000000,0.049450,-0.711412,-8,0.000000,0.000000,3,0.000000
6.545419,coast,0.000000,0.047230,-0.735927,-7,0.000000,0.000000,3,0.000000
6.548500,coast,0.000000,0.044963,-0.738325,-7,0.000000,0.000000,3,0.000000
6.551446,coast,0.000000,0.042634,-0.727933,-7,0.000000,0.000000,3,0.000000
6.554411,coast,0.000000,0.040772,-0.730597,-7,0.000000,0.000000,3,0.000000
6.557472,coast,0.000000,0.038583,-0.730864,-7,0.000000,0.000000,3,0.000000
6.560610,coast,0.000000,0.036328,-0.733262,-6,0.000000,0.000000,3,0.000000
6.563605,coast,0.000000,0.034125,-0.729532,-6,0.000000,0.000000,3,0.000000
6.566577,coast,0.000000,0.032059,-0.736193,-6,0.000000,0.000000,3,0.000000
6.569190,coast,0.000000,0.030075,-0.744187,-6,0.000000,0.000000,3,0.000000
6.571831,coast,0.000000,0.028108,-0.745519,-6,0.000000,0.000000,3,0.000000
6.574410,coast,0.000000,0.026113,-0.751648,-5,0.000000,0.000000,3,0.000000
6.577156,coast,0.000000,0.024058,-0.752181,-5,0.000000,0.000000,3,0.000000
6.580308,coast,0.000000,0.021626,-0.759375,-5,0.000000,0.000000,3,0.000000
6.583308,coast,0.000000,0.019672,-0.776429,-5,0.000000,0.000000,3,0.000000
6.586440,coast,0.000000,0.017590,-0.755112,-5,0.000000,0.000000,3,0.000000
6.589204,coast,0.000000,0.015773,-0.745519,-5,0.000000,0.000000,3,0.000000
6.592312,coast,0.000000,0.013965,-0.736460,-5,0.000000,0.000000,3,0.000000
6.595123,coast,0.000000,0.011880,-0.709813,-4,0.000000,0.000000,3,0.000000
6.598464,coast,0.000000,0.009804,-0.702352,-4,0.000000,0.000000,3,0.000000
6.601199,coast,0.000000,0.008279,-0.699688,-4,0.000000,0.000000,3,0.000000
6.604065,coast,0.000000,0.006377,-0.705816,-4,0.000000,0.000000,3,0.000000
6.607146,coast,0.000000,0.004334,-0.709280,-4,0.000000,0.000000,3,0.000000
6.610271,coast,0.000000,0.002270,-0.708748,-4,0.000000,0.000000,3,0.000000
6.613233,coast,0.000000,0.000296,-0.710346,-3,0.000000,0.000000,3,0.000000
6.616495,coast,0.000000,-0.001807,-0.701553,-3,0.000000,0.000000,3,0.000000
6.619412,coast,0.000000,-0.003701,-0.698888,-3,0.000000,0.000000,3,0.000000
6.622322,coast,0.000000,-0.005496,-0.694625,-3,0.000000,0.000000,3,0.000000
6.625234,coast,0.000000,-0.007437,-0.687697,-2,0.000000,0.000000,3,0.000000
6.628225,coast,0.000000,-0.009205,-0.696224,-2,0.000000,0.000000,3,0.000000
6.631210,coast,0.000000,-0.011210,-0.688763,-2,0.000000,0.000000,3,0.000000
6.634270,coast,0.000000,-0.013306,-0.693293,-2,0.000000,0.000000,3,0.000000
6.637571,coast,0.000000,-0.015336,-0.686898,-2,0.000000,0.000000,3,0.000000
6.640644,coast,0.000000,-0.016806,-0.701820,-2,0.000000,0.000000,3,0.000000
6.643403,coast,0.000000,-0.018899,-0.684233,-2,0.000000,0.000000,3,0.000000
6.646419,coast,0.000000,-0.020037,-0.660784,-2,0.000000,0.000000,3,0.000000
6.649281,coast,0.000000,-0.021610,-0.638934,-2,0.000000,0.000000,3,0.000000
6.652455,coast,0.000000,-0.023195,-0.624012,-2,0.000000,0.000000,3,0.000000
6.655380,coast,0.000000,-0.024412,-0.598166,-1,0.000000,0.000000,3,0.000000
6.658592,coast,0.000000,-0.026084,-0.593902,-1,0.000000,0.000000,3,0.000000
6.661781,coast,0.000000,-0.027412,-0.597100,-1,0.000000,0.000000,3,0.000000
6.664978,coast,0.000000,-0.029160,-0.587774,0,0.000000,0.000000,3,0.000000
6.668183,coast,0.000000,-0.030895,-0.581379,0,0.000000,0.000000,3,0.000000
6.671165,coast,0.000000,-0.032090,-0.578980,0,0.000000,0.000000,3,0.000000
6.674134,coast,0.000000,-0.033665,-0.564058,0,0.000000,0.000000,3,0.000000
6.677077,coast,0.000000,-0.034910,-0.550735,0,0.000000,0.000000,3,0.000000
6.680498,coast,0.000000,-0.036416,-0.540077,0,0.000000,0.000000,3,0.000000
6.683724,coast,0.000000,-0.037860,-0.535014,0,0.000000,0.000000,3,0.000000
6.687037,coast,0.000000,-0.039456,-0.530218,0,0.000000,0.000000,3,0.000000
6.690085,coast,0.000000,-0.040770,-0.524089,1,0.000000,0.000000,3,0.000000
6.693047,coast,0.000000,-0.042137,-0.518227,1,0.000000,0.000000,3,0.000000
6.696007,coast,0.000000,-0.043466,-0.516628,1,0.000000,0.000000,3,0.000000
6.698983,coast,0.000000,-0.044728,-0.501973,1,0.000000,0.000000,3,0.000000
6.701900,coast,0.000000,-0.045986,-0.503039,1,0.000000,0.000000,3,0.000000
6.704877,coast,0.000000,-0.047261,-0.492646,2,0.000000,0.000000,3,0.000000
6.708086,coast,0.000000,-0.048586,-0.487317,2,0.000000,0.000000,3,0.000000
6.711031,coast,0.000000,-0.049458,-0.490248,2,0.000000,0.000000,3,0.000000
6.714014,coast,0.000000,-0.050796,-0.465467,2,0.000000,0.000000,3,0.000000
6.716997,coast,0.000000,-0.051720,-0.452144,2,0.000000,0.000000,3,0.000000
6.720296,coast,0.000000,-0.052515,-0.431094,2,0.000000,0.000000,3,0.000000
6.723270,coast,0.000000,-0.053556,-0.423899,2,0.000000,0.000000,3,0.000000
6.726208,coast,0.000000,-0.054183,-0.410576,2,0.000000,0.000000,3,0.000000
6.729160,coast,0.000000,-0.054926,-0.392723,2,0.000000,0.000000,3,0.000000
6.732320,coast,0.000000,-0.055725,-0.380199,2,0.000000,0.000000,3,0.000000
6.735277,coast,0.000000,-0.056166,-0.354619,2,0.000000,0.000000,3,0.000000
6.738228,coast,0.000000,-0.056809,-0.339164,2,0.000000,0.000000,3,0.000000
6.741192,coast,0.000000,-0.057239,-0.326107,2,0.000000,0.000000,3,0.000000
6.744334,coast,0.000000,-0.057816,-0.310120,2,0.000000,0.000000,3,0.000000
6.747301,coast,0.000000,-0.058431,-0.305590,2,0.000000,0.000000,3,0.000000
6.750289,coast,0.000000,-0.058890,-0.294665,2,0.000000,0.000000,3,0.000000
6.753271,coast,0.000000,-0.059437,-0.280809,2,0.000000,0.000000,3,0.000000
6.756445,coast,0.000000,-0.059864,-0.263755,2,0.000000,0.000000,3,0.000000
6.759377,coast,0.000000,-0.060155,-0.248833,3,0.000000,0.000000,3,0.000000
6.762331,coast,0.000000,-0.060459,-0.234444,3,0.000000,0.000000,3,0.000000
6.765606,coast,0.000000,-0.060819,-0.223253,3,0.000000,0.000000,3,0.000000
6.768547,coast,0.000000,-0.061120,-0.213927,3,0.000000,0.000000,3,0.000000
6.771494,coast,0.000000,-0.061393,-0.201403,3,0.000000,0.000000,3,0.000000
6.774461,coast,0.000000,-0.061626,-0.188613,3,0.000000,0.000000,3,0.000000
6.777424,coast,0.000000,-0.061812,-0.171826,3,0.000000,0.000000,3,0.000000
6.780952,coast,0.000000,-0.061972,-0.156904,3,0.000000,0.000000,3,0.000000
6.783731,coast,0.000000,-0.062032,-0.143581,3,0.000000,0.000000,3,0.000000
6.786465,coast,0.000000,-0.062059,-0.132656,3,0.000000,0.000000,3,0.000000
6.789196,coast,0.000000,-0.062029,-0.123063,3,0.000000,0.000000,3,0.000000
6.792142,coast,0.000000,-0.062023,-0.110006,3,0.000000,0.000000,3,0.000000
6.795083,coast,0.000000,-0.061948,-0.099081,3,0.000000,0.000000,3,0.000000
6.798075,coast,0.000000,-0.061822,-0.078031,3,0.000000,0.000000,3,0.000000
6.801097,coast,0.000000,-0.061665,-0.067372,3,0.000000,0.000000,3,0.000000
6.804342,coast,0.000000,-0.061478,-0.050052,3,0.000000,0.000000,3,0.000000
6.807528,coast,0.000000,-0.061245,-0.037529,3,0.000000,0.000000,3,0.000000
6.810715,coast,0.000000,-0.060996,-0.026870,3,0.000000,0.000000,3,0.000000
6.813941,coast,0.000000,-0.060718,-0.009017,3,0.000000,0.000000,3,0.000000
6.816881,coast,0.000000,-0.060375,0.002974,3,0.000000,0.000000,3,0.000000
6.820145,coast,0.000000,-0.060039,0.013899,3,0.000000,0.000000,3,0.000000
6.823356,coast,0.000000,-0.059692,0.027488,3,0.000000,0.000000,3,0.000000
6.826894,coast,0.000000,-0.059281,0.041344,3,0.000000,0.000000,3,0.000000
6.830475,coast,0.000000,-0.058835,0.055467,3,0.000000,0.000000,3,0.000000
6.833450,coast,0.000000,-0.058411,0.067991,3,0.000000,0.000000,3,0.000000
6.836379,coast,0.000000,-0.057967,0.076251,3,0.000000,0.000000,3,0.000000
6.839299,coast,0.000000,-0.057521,0.082113,3,0.000000,0.000000,3,0.000000
6.842291,coast,0.000000,-0.057076,0.094637,3,0.000000,0.000000,3,0.000000
6.845225,coast,0.000000,-0.056560,0.099700,3,0.000000,0.000000,3,0.000000
6.848670,coast,0.000000,-0.055986,0.108226,3,0.000000,0.000000,3,0.000000
6.851678,coast,0.000000,-0.055488,0.118352,3,0.000000,0.000000,3,0.000000
6.854941,coast,0.000000,-0.054916,0.126346,3,0.000000,0.000000,3,0.000000
6.858021,coast,0.000000,-0.054334,0.135406,3,0.000000,0.000000,3,0.000000
6.861170,coast,0.000000,-0.053761,0.141268,3,0.000000,0.000000,3,0.000000
6.863700,coast,0.000000,-0.053237,0.147396,3,0.000000,0.000000,3,0.000000
6.866024,coast,0.000000,-0.052721,0.155923,3,0.000000,0.000000,3,0.000000
6.868095,coast,0.000000,-0.052209,0.159387,3,0.000000,0.000000,3,0.000000
6.870317,coast,0.000000,-0.051692,0.166848,3,0.000000,0.000000,3,0.000000
6.872982,coast,0.000000,-0.051105,0.172977,3,0.000000,0.000000,3,0.000000
6.875705,coast,0.000000,-0.050463,0.178839,3,0.000000,0.000000,3,0.000000
6.878076,coast,0.000000,-0.049891,0.182569,3,0.000000,0.000000,3,0.000000
6.880458,coast,0.000000,-0.049273,0.190830,3,0.000000,0.000000,3,0.000000
6.882848,coast,0.000000,-0.048666,0.194560,3,0.000000,0.000000,3,0.000000
6.885515,coast,0.000000,-0.047975,0.205752,3,0.000000,0.000000,3,0.000000
6.887957,coast,0.000000,-0.047324,0.205485,3,0.000000,0.000000,3,0.000000
6.890328,coast,0.000000,-0.046678,0.213746,3,0.000000,0.000000,3,0.000000
6.892832,coast,0.000000,-0.046006,0.220674,3,0.000000,0.000000,3,0.000000
6.895302,coast,0.000000,-0.045319,0.223072,3,0.000000,0.000000,3,0.000000
6.898349,coast,0.000000,-0.044449,0.234530,3,0.000000,0.000000,3,0.000000
6.900633,coast,0.000000,-0.043785,0.237461,3,0.000000,0.000000,3,0.000000
6.903413,coast,0.000000,-0.042989,0.241724,3,0.000000,0.000000,3,0.000000
6.906139,coast,0.000000,-0.042220,0.248919,3,0.000000,0.000000,3,0.000000
6.909118,coast,0.000000,-0.041340,0.254514,3,0.000000,0.000000,3,0.000000
6.912416,coast,0.000000,-0.040383,0.263574,3,0.000000,0.000000,3,0.000000
6.915358,coast,0.000000,-0.039475,0.267038,3,0.000000,0.000000,3,0.000000
6.918308,coast,0.000000,-0.038566,0.272101,3,0.000000,0.000000,3,0.000000
6.921236,coast,0.000000,-0.037585,0.279828,3,0.000000,0.000000,3,0.000000
6.924221,coast,0.000000,-0.036639,0.286756,3,0.000000,0.000000,3,0.000000
6.927172,coast,0.000000,-0.035698,0.291020,3,0.000000,0.000000,3,0.000000
6.930150,coast,0.000000,-0.034747,0.298481,3,0.000000,0.000000,3,0.000000
6.933274,coast,0.000000,-0.033703,0.301678,3,0.000000,0.000000,3,0.000000
6.936589,coast,0.000000,-0.032630,0.307007,3,0.000000,0.000000,3,0.000000
6.939751,coast,0.000000,-0.031530,0.314735,3,0.000000,0.000000,3,0.000000
6.942881,coast,0.000000,-0.030456,0.319531,3,0.000000,0.000000,3,0.000000
6.945791,coast,0.000000,-0.029421,0.326193,3,0.000000,0.000000,3,0.000000
6.948984,coast,0.000000,-0.028284,0.331255,3,0.000000,0.000000,3,0.000000
6.952218,coast,0.000000,-0.027138,0.336318,3,0.000000,0.000000,3,0.000000
6.955206,coast,0.000000,-0.026065,0.341381,3,0.000000,0.000000,3,0.000000
6.958193,coast,0.000000,-0.025002,0.345644,3,0.000000,0.000000,3,0.000000
6.961173,coast,0.000000,-0.023905,0.348043,3,0.000000,0.000000,3,0.000000
6.964199,coast,0.000000,-0.022794,0.356836,3,0.000000,0.000000,3,0.000000
6.967402,coast,0.000000,-0.021595,0.359501,3,0.000000,0.000000,3,0.000000
6.970674,coast,0.000000,-0.020367,0.362165,3,0.000000,0.000000,3,0.000000
6.973632,coast,0.000000,-0.019259,0.364830,3,0.000000,0.000000,3,0.000000
6.976606,coast,0.000000,-0.018134,0.371225,3,0.000000,0.000000,3,0.000000
6.979623,coast,0.000000,-0.016947,0.375488,3,0.000000,0.000000,3,0.000000
6.982676,coast,0.000000,-0.015741,0.377886,3,0.000000,0.000000,3,0.000000
6.985780,coast,0.000000,-0.014519,0.381350,3,0.000000,0.000000,3,0.000000
6.988493,coast,0.000000,-0.013444,0.384814,3,0.000000,0.000000,3,0.000000
6.991188,coast,0.000000,-0.012421,0.387479,3,0.000000,0.000000,3,0.000000
6.994180,coast,0.000000,-0.011233,0.389344,3,0.000000,0.000000,3,0.000000
6.997390,coast,0.000000,-0.009949,0.393341,3,0.000000,0.000000,3,0.000000
7.000533,coast,0.000000,-0.008692,0.396539,3,0.000000,0.000000,3,0.000000
7.003690,coast,0.000000,-0.007412,0.397871,3,0.000000,0.000000,3,0.000000
7.006655,coast,0.000000,-0.006212,0.399470,3,0.000000,0.000000,3,0.000000
7.009624,coast,0.000000,-0.005060,0.402135,3,0.000000,0.000000,3,0.000000
7.012599,coast,0.000000,-0.003823,0.401069,3,0.000000,0.000000,3,0.000000
7.015515,coast,0.000000,-0.002868,0.401069,3,0.000000,0.000000,3,0.000000
7.018279,coast,0.000000,-0.001609,0.400802,3,0.000000,0.000000,3,0.000000
7.021061,coast,0.000000,-0.000574,0.396805,3,0.000000,0.000000,3,0.000000
7.023880,coast,0.000000,0.000389,0.396006,3,0.000000,0.000000,3,0.000000
7.026896,coast,0.000000,0.001531,0.398404,3,0.000000,0.000000,3,0.000000
7.029932,coast,0.000000,0.002565,0.393874,3,0.000000,0.000000,3,0.000000
7.032893,coast,0.000000,0.003587,0.393341,3,0.000000,0.000000,3,0.000000
7.035725,coast,0.000000,0.004411,0.396805,3,0.000000,0.000000,3,0.000000
7.038450,coast,0.000000,0.005369,0.392542,3,0.000000,0.000000,3,0.000000
7.041151,coast,0.000000,0.006303,0.390410,3,0.000000,0.000000,3,0.000000
7.043928,coast,0.000000,0.007155,0.386946,3,0.000000,0.000000,3,0.000000
7.047131,coast,0.000000,0.008160,0.385347,3,0.000000,0.000000,3,0.000000
7.050721,coast,0.000000,0.009406,0.381617,3,0.000000,0.000000,3,0.000000
7.053961,coast,0.000000,0.010495,0.375488,3,0.000000,0.000000,3,0.000000
7.057195,coast,0.000000,0.011547,0.374156,3,0.000000,0.000000,3,0.000000
7.060394,coast,0.000000,0.012561,0.367761,3,0.000000,0.000000,3,0.000000
7.063348,coast,0.000000,0.013490,0.363231,2,0.000000,0.000000,3,0.000000
7.066418,coast,0.000000,0.014412,0.365896,2,0.000000,0.000000,3,0.000000
7.069188,coast,0.000000,0.015283,0.361632,2,0.000000,0.000000,3,0.000000
7.071979,coast,0.000000,0.016140,0.356037,2,0.000000,0.000000,3,0.000000
7.074822,coast,0.000000,0.017043,0.356303,2,0.000000,0.000000,3,0.000000
7.078164,coast,0.000000,0.018021,0.357102,2,0.000000,0.000000,3,0.000000
7.081780,coast,0.000000,0.019283,0.354704,2,0.000000,0.000000,3,0.000000
7.084865,coast,0.000000,0.020331,0.351507,2,0.000000,0.000000,3,0.000000
7.087923,coast,0.000000,0.021228,0.352040,2,0.000000,0.000000,3,0.000000
7.090673,coast,0.000000,0.022119,0.348842,2,0.000000,0.000000,3,0.000000
7.093404,coast,0.000000,0.022982,0.349908,2,0.000000,0.000000,3,0.000000
7.096340,coast,0.000000,0.023941,0.346177,2,0.000000,0.000000,3,0.000000
7.099294,coast,0.000000,0.025101,0.331788,2,0.000000,0.000000,3,0.000000
7.102407,coast,0.000000,0.025604,0.323795,2,0.000000,0.000000,3,0.000000
7.105343,coast,0.000000,0.026458,0.318998,2,0.000000,0.000000,3,0.000000
7.108280,coast,0.000000,0.026903,0.321929,2,0.000000,0.000000,3,0.000000
7.111195,coast,0.000000,0.027554,0.301678,2,0.000000,0.000000,3,0.000000
7.114552,coast,0.000000,0.028240,0.303010,1,0.000000,0.000000,3,0.000000
7.117792,coast,0.000000,0.028815,0.295017,1,0.000000,0.000000,3,0.000000
7.121093,coast,0.000000,0.029502,0.276098,1,0.000000,0.000000,3,0.000000
7.124205,coast,0.000000,0.030054,0.268104,1,0.000000,0.000000,3,0.000000
7.127022,coast,0.000000,0.030315,0.256646,1,0.000000,0.000000,3,0.000000
7.130081,coast,0.000000,0.030831,0.239592,1,0.000000,0.000000,3,0.000000
7.132835,coast,0.000000,0.030946,0.227868,1,0.000000,0.000000,3,0.000000
7.135695,coast,0.000000,0.031128,0.215877,1,0.000000,0.000000,3,0.000000
7.138463,coast,0.000000,0.031209,0.204419,1,0.000000,0.000000,3,0.000000
7.141326,coast,0.000000,0.031319,0.188165,1,0.000000,0.000000,3,0.000000
7.144063,coast,0.000000,0.031389,0.178306,1,0.000000,0.000000,3,0.000000
7.147019,coast,0.000000,0.031447,0.168447,1,0.000000,0.000000,3,0.000000
7.150327,coast,0.000000,0.031645,0.148729,1,0.000000,0.000000,3,0.000000
7.153293,coast,0.000000,0.031637,0.135672,1,0.000000,0.000000,3,0.000000
7.156319,coast,0.000000,0.031558,0.126079,1,0.000000,0.000000,3,0.000000
7.159482,coast,0.000000,0.031531,0.110092,1,0.000000,0.000000,3,0.000000
7.162698,coast,0.000000,0.031443,0.098367,1,0.000000,0.000000,3,0.000000
7.166071,coast,0.000000,0.031275,0.078649,1,0.000000,0.000000,3,0.000000
7.169059,coast,0.000000,0.031076,0.066925,1,0.000000,0.000000,3,0.000000
7.172026,coast,0.000000,0.030873,0.052269,1,0.000000,0.000000,3,0.000000
7.174974,coast,0.000000,0.030652,0.040545,1,0.000000,0.000000,3,0.000000
7.178511,coast,0.000000,0.030366,0.024824,1,0.000000,0.000000,3,0.000000
7.181684,coast,0.000000,0.030065,0.012833,1,0.000000,0.000000,3,0.000000
7.184891,coast,0.000000,0.029713,-0.003421,1,0.000000,0.000000,3,0.000000
7.188123,coast,0.000000,0.029333,-0.014346,1,0.000000,0.000000,3,0.000000
7.191295,coast,0.000000,0.028916,-0.026870,1,0.000000,0.000000,3,0.000000
7.194671,coast,0.000000,0.028542,-0.035663,1,0.000000,0.000000,3,0.000000
7.197852,coast,0.000000,0.028139,-0.044723,1,0.000000,0.000000,3,0.000000
7.201036,coast,0.000000,0.027751,-0.055648,1,0.000000,0.000000,3,0.000000
7.204265,coast,0.000000,0.027374,-0.060711,1,0.000000,0.000000,3,0.000000
7.207299,coast,0.000000,0.026989,-0.067905,1,0.000000,0.000000,3,0.000000
7.210296,coast,0.000000,0.026641,-0.068438,1,0.000000,0.000000,3,0.000000
7.213283,coast,0.000000,0.026284,-0.078297,1,0.000000,0.000000,3,0.000000
7.216276,coast,0.000000,0.025946,-0.079630,1,0.000000,0.000000,3,0.000000
7.219233,coast,0.000000,0.025601,-0.082827,1,0.000000,0.000000,3,0.000000
7.222227,coast,0.000000,0.025208,-0.088423,1,0.000000,0.000000,3,0.000000
7.225229,coast,0.000000,0.024799,-0.093752,1,0.000000,0.000000,3,0.000000
7.228529,coast,0.000000,0.024391,-0.095617,1,0.000000,0.000000,3,0.000000
7.231496,coast,0.000000,0.023988,-0.098815,1,0.000000,0.000000,3,0.000000
7.234452,coast,0.000000,0.023591,-0.102812,1,0.000000,0.000000,3,0.000000
7.237379,coast,0.000000,0.023192,-0.104144,1,0.000000,0.000000,3,0.000000
7.240308,coast,0.000000,0.022757,-0.109473,1,0.000000,0.000000,3,0.000000
7.243219,coast,0.000000,0.022299,-0.116401,1,0.000000,0.000000,3,0.000000
7.246182,coast,0.000000,0.021813,-0.119333,1,0.000000,0.000000,3,0.000000
7.249470,coast,0.000000,0.021312,-0.125461,1,0.000000,0.000000,3,0.000000
7.252683,coast,0.000000,0.020761,-0.129991,1,0.000000,0.000000,3,0.000000
7.256276,coast,0.000000,0.020157,-0.138784,1,0.000000,0.000000,3,0.000000
7.259218,coast,0.000000,0.019676,-0.140650,1,0.000000,0.000000,3,0.000000
7.262200,coast,0.000000,0.019124,-0.144114,1,0.000000,0.000000,3,0.000000
7.265167,coast,0.000000,0.018616,-0.149709,1,0.000000,0.000000,3,0.000000
7.268498,coast,0.000000,0.018044,-0.152907,1,0.000000,0.000000,3,0.000000
7.271409,coast,0.000000,0.017536,-0.158769,1,0.000000,0.000000,3,0.000000
7.274614,coast,0.000000,0.017000,-0.159035,1,0.000000,0.000000,3,0.000000
7.277540,coast,0.000000,0.016541,-0.161434,1,0.000000,0.000000,3,0.000000
7.280782,coast,0.000000,0.016013,-0.168628,1,0.000000,0.000000,3,0.000000
7.283754,coast,0.000000,0.015497,-0.168095,1,0.000000,0.000000,3,0.000000
7.287048,coast,0.000000,0.014991,-0.169161,1,0.000000,0.000000,3,0.000000
7.290561,coast,0.000000,0.014356,-0.173424,1,0.000000,0.000000,3,0.000000
7.293764,coast,0.000000,0.013757,-0.176356,1,0.000000,0.000000,3,0.000000
7.296907,coast,0.000000,0.013197,-0.173957,1,0.000000,0.000000,3,0.000000
7.299890,coast,0.000000,0.012626,-0.172092,1,0.000000,0.000000,3,0.000000
7.302851,coast,0.000000,0.012140,-0.174224,1,0.000000,0.000000,3,0.000000
7.306079,coast,0.000000,0.011597,-0.174490,1,0.000000,0.000000,3,0.000000
7.309049,coast,0.000000,0.011083,-0.177688,1,0.000000,0.000000,3,0.000000
7.312041,coast,0.000000,0.010576,-0.177954,1,0.000000,0.000000,3,0.000000
7.315020,coast,0.000000,0.010013,-0.179820,1,0.000000,0.000000,3,0.000000
7.318114,coast,0.000000,0.009465,-0.181685,1,0.000000,0.000000,3,0.000000
7.321311,coast,0.000000,0.008893,-0.180885,1,0.000000,0.000000,3,0.000000
7.324502,coast,0.000000,0.008309,-0.182751,1,0.000000,0.000000,3,0.000000
7.327676,coast,0.000000,0.007735,-0.184616,1,0.000000,0.000000,3,0.000000
7.330861,coast,0.000000,0.007174,-0.184616,1,0.000000,0.000000,3,0.000000
7.334341,coast,0.000000,0.006534,-0.188080,1,0.000000,0.000000,3,0.000000
7.337491,coast,0.000000,0.005963,-0.190745,1,0.000000,0.000000,3,0.000000
7.340473,coast,0.000000,0.005358,-0.191544,1,0.000000,0.000000,3,0.000000
7.343465,coast,0.000000,0.004744,-0.190212,1,0.000000,0.000000,3,0.000000
7.346399,coast,0.000000,0.004149,-0.185415,1,0.000000,0.000000,3,0.000000
7.349334,coast,0.000000,0.003567,-0.191277,1,0.000000,0.000000,3,0.000000
7.352454,coast,0.000000,0.002970,-0.190212,1,0.000000,0.000000,3,0.000000
7.355386,coast,0.000000,0.002419,-0.190212,1,0.000000,0.000000,3,0.000000
7.358311,coast,0.000000,0.001898,-0.187547,1,0.000000,0.000000,3,0.000000
7.361268,coast,0.000000,0.001387,-0.187813,1,0.000000,0.000000,3,0.000000
7.364281,coast,0.000000,0.000880,-0.189945,1,0.000000,0.000000,3,0.000000
7.367228,coast,0.000000,0.000354,-0.190478,1,0.000000,0.000000,3,0.000000
7.370378,coast,0.000000,-0.000219,-0.190478,1,0.000000,0.000000,3,0.000000
7.373317,coast,0.000000,-0.000721,-0.191544,1,0.000000,0.000000,3,0.000000
7.376271,coast,0.000000,-0.001223,-0.190478,1,0.000000,0.000000,3,0.000000
7.379123,coast,0.000000,-0.001685,-0.191011,1,0.000000,0.000000,3,0.000000
7.382192,coast,0.000000,-0.002184,-0.190745,1,0.000000,0.000000,3,0.000000
7.384947,coast,0.000000,-0.002620,-0.190478,1,0.000000,0.000000,3,0.000000
7.387717,coast,0.000000,-0.003079,-0.189945,1,0.000000,0.000000,3,0.000000
7.390683,coast,0.000000,-0.003554,-0.185415,1,0.000000,0.000000,3,0.000000
7.393621,coast,0.000000,-0.004041,-0.186481,1,0.000000,0.000000,3,0.000000
7.396570,coast,0.000000,-0.004492,-0.183017,1,0.000000,0.000000,3,0.000000
7.399673,coast,0.000000,-0.004974,-0.183816,1,0.000000,0.000000,3,0.000000
7.402867,coast,0.000000,-0.005474,-0.180885,1,0.000000,0.000000,3,0.000000
7.406023,coast,0.000000,-0.005958,-0.180885,1,0.000000,0.000000,3,0.000000
7.409286,coast,0.000000,-0.006440,-0.176888,1,0.000000,0.000000,3,0.000000
7.412570,coast,0.000000,-0.006943,-0.176356,1,0.000000,0.000000,3,0.000000
7.416069,coast,0.000000,-0.007449,-0.175023,1,0.000000,0.000000,3,0.000000
7.419282,coast,0.000000,-0.007908,-0.169427,1,0.000000,0.000000,3,0.000000
7.422566,coast,0.000000,-0.008413,-0.171293,1,0.000000,0.000000,3,0.000000
7.425512,coast,0.000000,-0.008814,-0.166230,1,0.000000,0.000000,3,0.000000
7.428527,coast,0.000000,-0.009250,-0.164898,1,0.000000,0.000000,3,0.000000
7.431488,coast,0.000000,-0.009655,-0.164365,1,0.000000,0.000000,3,0.000000
7.434455,coast,0.000000,-0.010030,-0.161700,1,0.000000,0.000000,3,0.000000
7.437388,coast,0.000000,-0.010443,-0.161434,1,0.000000,0.000000,3,0.000000
7.440442,coast,0.000000,-0.010869,-0.159835,1,0.000000,0.000000,3,0.000000
7.443649,coast,0.000000,-0.011283,-0.157703,1,0.000000,0.000000,3,0.000000
7.446829,coast,0.000000,-0.011700,-0.155838,1,0.000000,0.000000,3,0.000000
7.450008,coast,0.000000,-0.012147,-0.156371,1,0.000000,0.000000,3,0.000000
7.452976,coast,0.000000,-0.012500,-0.153973,1,0.000000,0.000000,3,0.000000
7.455947,coast,0.000000,-0.012884,-0.152907,1,0.000000,0.000000,3,0.000000
7.458896,coast,0.000000,-0.013271,-0.150775,1,0.000000,0.000000,3,0.000000
7.461744,coast,0.000000,-0.013619,-0.147311,1,0.000000,0.000000,3,0.000000
7.464489,coast,0.000000,-0.013990,-0.147844,1,0.000000,0.000000,3,0.000000
7.467226,coast,0.000000,-0.014335,-0.145446,1,0.000000,0.000000,3,0.000000
7.470190,coast,0.000000,-0.014697,-0.139317,1,0.000000,0.000000,3,0.000000
7.473176,coast,0.000000,-0.015038,-0.141182,1,0.000000,0.000000,3,0.000000
7.476307,coast,0.000000,-0.015380,-0.136653,1,0.000000,0.000000,3,0.000000
7.479238,coast,0.000000,-0.015710,-0.135587,1,0.000000,0.000000,3,0.000000
7.482559,coast,0.000000,-0.016086,-0.132123,1,0.000000,0.000000,3,0.000000
7.485958,coast,0.000000,-0.016410,-0.125728,1,0.000000,0.000000,3,0.000000
7.489413,coast,0.000000,-0.016749,-0.126527,1,0.000000,0.000000,3,0.000000
7.492403,coast,0.000000,-0.017016,-0.124395,1,0.000000,0.000000,3,0.000000
7.495337,coast,0.000000,-0.017262,-0.121464,1,0.000000,0.000000,3,0.000000
7.498475,coast,0.000000,-0.017524,-0.117201,1,0.000000,0.000000,3,0.000000
7.501403,coast,0.000000,-0.017751,-0.116135,1,0.000000,0.000000,3,0.000000
7.504326,coast,0.000000,-0.017948,-0.111605,1,0.000000,0.000000,3,0.000000
7.507282,coast,0.000000,-0.018178,-0.109207,1,0.000000,0.000000,3,0.000000
7.510353,coast,0.000000,-0.018415,-0.104677,1,0.000000,0.000000,3,0.000000
7.513815,coast,0.000000,-0.018666,-0.099614,1,0.000000,0.000000,3,0.000000
7.517299,coast,0.000000,-0.018890,-0.095884,1,0.000000,0.000000,3,0.000000
7.520513,coast,0.000000,-0.019120,-0.092420,1,0.000000,0.000000,3,0.000000
7.523311,coast,0.000000,-0.019272,-0.089222,1,0.000000,0.000000,3,0.000000
7.526261,coast,0.000000,-0.019412,-0.084959,1,0.000000,0.000000,3,0.000000
7.528992,coast,0.000000,-0.019522,-0.082827,1,0.000000,0.000000,3,0.000000
7.532211,coast,0.000000,-0.019657,-0.079097,1,0.000000,0.000000,3,0.000000
7.535198,coast,0.000000,-0.019774,-0.076432,1,0.000000,0.000000,3,0.000000
7.538201,coast,0.000000,-0.019885,-0.071103,1,0.000000,0.000000,3,0.000000
7.541268,coast,0.000000,-0.019992,-0.068172,1,0.000000,0.000000,3,0.000000
7.544469,coast,0.000000,-0.020057,-0.064974,1,0.000000,0.000000,3,0.000000
7.547660,coast,0.000000,-0.020154,-0.061244,1,0.000000,0.000000,3,0.000000
7.550815,coast,0.000000,-0.020205,-0.059645,1,0.000000,0.000000,3,0.000000
7.553839,coast,0.000000,-0.020252,-0.053783,1,0.000000,0.000000,3,0.000000
7.556914,coast,0.000000,-0.020327,-0.051118,1,0.000000,0.000000,3,0.000000
7.560360,coast,0.000000,-0.020414,-0.049519,1,0.000000,0.000000,3,0.000000
7.563149,coast,0.000000,-0.020443,-0.046588,1,0.000000,0.000000,3,0.000000
7.565924,coast,0.000000,-0.020466,-0.040726,1,0.000000,0.000000,3,0.000000
7.568704,coast,0.000000,-0.020486,-0.040193,1,0.000000,0.000000,3,0.000000
7.571652,coast,0.000000,-0.020510,-0.035130,1,0.000000,0.000000,3,0.000000
7.574807,coast,0.000000,-0.020497,-0.030334,1,0.000000,0.000000,3,0.000000
7.578313,coast,0.000000,-0.020519,-0.031133,1,0.000000,0.000000,3,0.000000
7.581493,coast,0.000000,-0.020511,-0.024738,1,0.000000,0.000000,3,0.000000
7.584716,coast,0.000000,-0.020520,-0.022340,1,0.000000,0.000000,3,0.000000
7.587941,coast,0.000000,-0.020500,-0.017544,1,0.000000,0.000000,3,0.000000
7.591093,coast,0.000000,-0.020446,-0.014346,1,0.000000,0.000000,3,0.000000
7.594099,coast,0.000000,-0.020352,-0.009017,1,0.000000,0.000000,3,0.000000
7.597071,coast,0.000000,-0.020262,-0.007418,1,0.000000,0.000000,3,0.000000
7.600063,coast,0.000000,-0.020161,-0.003421,1,0.000000,0.000000,3,0.000000
7.603012,coast,0.000000,-0.020050,0.000043,1,0.000000,0.000000,3,0.000000
7.605941,coast,0.000000,-0.019959,0.005638,1,0.000000,0.000000,3,0.000000
7.608897,coast,0.000000,-0.019832,0.007504,1,0.000000,0.000000,3,0.000000
7.611896,coast,0.000000,-0.019689,0.013366,1,0.000000,0.000000,3,0.000000
7.614849,coast,0.000000,-0.019547,0.016297,1,0.000000,0.000000,3,0.000000
7.617843,coast,0.000000,-0.019419,0.017363,1,0.000000,0.000000,3,0.000000
7.621074,coast,0.000000,-0.019238,0.022958,1,0.000000,0.000000,3,0.000000
7.624284,coast,0.000000,-0.019053,0.023491,1,0.000000,0.000000,3,0.000000
7.627471,coast,0.000000,-0.018904,0.030153,1,0.000000,0.000000,3,0.000000
7.630673,coast,0.000000,-0.018691,0.032818,1,0.000000,0.000000,3,0.000000
7.633603,coast,0.000000,-0.018478,0.039213,1,0.000000,0.000000,3,0.000000
7.636396,coast,0.000000,-0.018291,0.041078,1,0.000000,0.000000,3,0.000000
7.639158,coast,0.000000,-0.018112,0.043210,1,0.000000,0.000000,3,0.000000
7.642117,coast,0.000000,-0.017869,0.047206,1,0.000000,0.000000,3,0.000000
7.645228,coast,0.000000,-0.017681,0.048805,1,0.000000,0.000000,3,0.000000
7.648327,coast,0.000000,-0.017463,0.051736,1,0.000000,0.000000,3,0.000000
7.651053,coast,0.000000,-0.017239,0.055733,1,0.000000,0.000000,3,0.000000
7.653829,coast,0.000000,-0.016988,0.058664,1,0.000000,0.000000,3,0.000000
7.656566,coast,0.000000,-0.016743,0.062395,1,0.000000,0.000000,3,0.000000
7.659303,coast,0.000000,-0.016526,0.061063,1,0.000000,0.000000,3,0.000000
7.662402,coast,0.000000,-0.016266,0.066125,1,0.000000,0.000000,3,0.000000
7.665359,coast,0.000000,-0.016020,0.064527,1,0.000000,0.000000,3,0.000000
7.668320,coast,0.000000,-0.015774,0.066125,1,0.000000,0.000000,3,0.000000
7.671266,coast,0.000000,-0.015525,0.067724,1,0.000000,0.000000,3,0.000000
7.674759,coast,0.000000,-0.015242,0.070655,1,0.000000,0.000000,3,0.000000
7.677940,coast,0.000000,-0.014978,0.070922,1,0.000000,0.000000,3,0.000000
7.681103,coast,0.000000,-0.014717,0.072787,1,0.000000,0.000000,3,0.000000
7.684307,coast,0.000000,-0.014398,0.074119,1,0.000000,0.000000,3,0.000000
7.687465,coast,0.000000,-0.014116,0.078649,1,0.000000,0.000000,3,0.000000
7.690699,coast,0.000000,-0.013831,0.078383,1,0.000000,0.000000,3,0.000000
7.694322,coast,0.000000,-0.013471,0.080514,1,0.000000,0.000000,3,0.000000
7.697272,coast,0.000000,-0.013191,0.083445,1,0.000000,0.000000,3,0.000000
7.700278,coast,0.000000,-0.012893,0.082113,1,0.000000,0.000000,3,0.000000
7.703292,coast,0.000000,-0.012597,0.089041,1,0.000000,0.000000,3,0.000000
7.706369,coast,0.000000,-0.012308,0.085044,1,0.000000,0.000000,3,0.000000
7.709298,coast,0.000000,-0.012011,0.087442,1,0.000000,0.000000,3,0.000000
7.712389,coast,0.000000,-0.011706,0.089308,1,0.000000,0.000000,3,0.000000
7.715122,coast,0.000000,-0.011404,0.091706,1,0.000000,0.000000,3,0.000000
7.717913,coast,0.000000,-0.011115,0.091706,1,0.000000,0.000000,3,0.000000
7.720705,coast,0.000000,-0.010842,0.090906,1,0.000000,0.000000,3,0.000000
7.723512,coast,0.000000,-0.010560,0.094104,1,0.000000,0.000000,3,0.000000
7.726730,coast,0.000000,-0.010250,0.094104,1,0.000000,0.000000,3,0.000000
7.729900,coast,0.000000,-0.009922,0.095436,1,0.000000,0.000000,3,0.000000
7.733130,coast,0.000000,-0.009586,0.096502,1,0.000000,0.000000,3,0.000000
7.735981,coast,0.000000,-0.009309,0.096769,1,0.000000,0.000000,3,0.000000
7.738736,coast,0.000000,-0.009002,0.101298,1,0.000000,0.000000,3,0.000000
7.741453,coast,0.000000,-0.008723,0.099966,1,0.000000,0.000000,3,0.000000
7.744263,coast,0.000000,-0.008456,0.099167,1,0.000000,0.000000,3,0.000000
7.747447,coast,0.000000,-0.008118,0.102364,1,0.000000,0.000000,3,0.000000
7.750987,coast,0.000000,-0.007736,0.101831,1,0.000000,0.000000,3,0.000000
7.754642,coast,0.000000,-0.007327,0.102364,1,0.000000,0.000000,3,0.000000
7.758030,coast,0.000000,-0.006975,0.107693,1,0.000000,0.000000,3,0.000000
7.760975,coast,0.000000,-0.006656,0.103963,1,0.000000,0.000000,3,0.000000
7.763994,coast,0.000000,-0.006361,0.104229,1,0.000000,0.000000,3,0.000000
7.767005,coast,0.000000,-0.006035,0.104496,1,0.000000,0.000000,3,0.000000
7.769711,coast,0.000000,-0.005734,0.105295,1,0.000000,0.000000,3,0.000000
7.772469,coast,0.000000,-0.005426,0.107427,1,0.000000,0.000000,3,0.000000
7.775622,coast,0.000000,-0.005087,0.106628,1,0.000000,0.000000,3,0.000000
7.778595,coast,0.000000,-0.004764,0.108226,1,0.000000,0.000000,3,0.000000
7.781600,coast,0.000000,-0.004440,0.105828,1,0.000000,0.000000,3,0.000000
7.784601,coast,0.000000,-0.004099,0.108493,1,0.000000,0.000000,3,0.000000
7.787822,coast,0.000000,-0.003765,0.107161,1,0.000000,0.000000,3,0.000000
7.791340,coast,0.000000,-0.003378,0.109292,1,0.000000,0.000000,3,0.000000
7.794804,coast,0.000000,-0.003009,0.109559,1,0.000000,0.000000,3,0.000000
7.797766,coast,0.000000,-0.002676,0.107693,1,0.000000,0.000000,3,0.000000
7.800695,coast,0.000000,-0.002344,0.109292,1,0.000000,0.000000,3,0.000000
7.803616,coast,0.000000,-0.001991,0.110625,1,0.000000,0.000000,3,0.000000
7.806549,coast,0.000000,-0.001686,0.109559,1,0.000000,0.000000,3,0.000000
7.809795,coast,0.000000,-0.001312,0.109026,1,0.000000,0.000000,3,0.000000
7.812768,coast,0.000000,-0.000991,0.109825,1,0.000000,0.000000,3,0.000000
7.815756,coast,0.000000,-0.000674,0.109292,1,0.000000,0.000000,3,0.000000
7.818685,coast,0.000000,-0.000382,0.109825,1,0.000000,0.000000,3,0.000000
7.821610,coast,0.000000,-0.000054,0.109292,1,0.000000,0.000000,3,0.000000
7.824538,coast,0.000000,0.000266,0.109559,1,0.000000,0.000000,3,0.000000
7.827482,coast,0.000000,0.000581,0.109026,1,0.000000,0.000000,3,0.000000
7.830489,coast,0.000000,0.000893,0.111957,1,0.000000,0.000000,3,0.000000
7.833471,coast,0.000000,0.001199,0.107960,1,0.000000,0.000000,3,0.000000
7.836551,coast,0.000000,0.001520,0.106095,1,0.000000,0.000000,3,0.000000
7.839311,coast,0.000000,0.001803,0.106628,1,0.000000,0.000000,3,0.000000
7.842080,coast,0.000000,0.002077,0.103697,1,0.000000,0.000000,3,0.000000
7.844906,coast,0.000000,0.002357,0.106095,1,0.000000,0.000000,3,0.000000
7.848121,coast,0.000000,0.002693,0.106095,1,0.000000,0.000000,3,0.000000
7.851303,coast,0.000000,0.003022,0.103430,1,0.000000,0.000000,3,0.000000
7.854492,coast,0.000000,0.003359,0.103430,1,0.000000,0.000000,3,0.000000
7.857473,coast,0.000000,0.003621,0.101831,1,0.000000,0.000000,3,0.000000
7.860419,coast,0.000000,0.003876,0.102098,1,0.000000,0.000000,3,0.000000
7.863362,coast,0.000000,0.004172,0.099433,1,0.000000,0.000000,3,0.000000
7.866390,coast,0.000000,0.004461,0.101831,1,0.000000,0.000000,3,0.000000
7.869554,coast,0.000000,0.004728,0.097834,1,0.000000,0.000000,3,0.000000
7.872839,coast,0.000000,0.005023,0.095703,1,0.000000,0.000000,3,0.000000
7.876023,coast,0.000000,0.005304,0.098900,1,0.000000,0.000000,3,0.000000
7.879001,coast,0.000000,0.005555,0.097568,1,0.000000,0.000000,3,0.000000
7.882313,coast,0.000000,0.005849,0.093305,1,0.000000,0.000000,3,0.000000
7.885299,coast,0.000000,0.006074,0.092505,1,0.000000,0.000000,3,0.000000
7.888590,coast,0.000000,0.006320,0.092772,1,0.000000,0.000000,3,0.000000
7.891539,coast,0.000000,0.006549,0.090373,1,0.000000,0.000000,3,0.000000
7.894501,coast,0.000000,0.006784,0.089574,1,0.000000,0.000000,3,0.000000
7.897453,coast,0.000000,0.007006,0.089041,1,0.000000,0.000000,3,0.000000
7.900380,coast,0.000000,0.007211,0.085044,1,0.000000,0.000000,3,0.000000
7.903332,coast,0.000000,0.007414,0.086376,1,0.000000,0.000000,3,0.000000
7.906290,coast,0.000000,0.007618,0.085577,1,0.000000,0.000000,3,0.000000
7.909216,coast,0.000000,0.007836,0.085577,1,0.000000,0.000000,3,0.000000
7.912524,coast,0.000000,0.008102,0.085044,1,0.000000,0.000000,3,0.000000
7.915864,coast,0.000000,0.008339,0.081580,1,0.000000,0.000000,3,0.000000
7.919069,coast,0.000000,0.008552,0.079448,1,0.000000,0.000000,3,0.000000
7.922307,coast,0.000000,0.008775,0.078916,1,0.000000,0.000000,3,0.000000
7.925579,coast,0.000000,0.009015,0.078916,1,0.000000,0.000000,3,0.000000
7.928533,coast,0.000000,0.009211,0.074119,1,0.000000,0.000000,3,0.000000
7.931498,coast,0.000000,0.009390,0.071988,1,0.000000,0.000000,3,0.000000
7.934477,coast,0.000000,0.009571,0.071188,1,0.000000,0.000000,3,0.000000
7.937448,coast,0.000000,0.009718,0.069323,1,0.000000,0.000000,3,0.000000
7.940738,coast,0.000000,0.009894,0.067458,1,0.000000,0.000000,3,0.000000
7.943680,coast,0.000000,0.010032,0.066658,1,0.000000,0.000000,3,0.000000
7.946687,coast,0.000000,0.010181,0.063194,1,0.000000,0.000000,3,0.000000
7.949866,coast,0.000000,0.010333,0.062928,1,0.000000,0.000000,3,0.000000
7.953073,coast,0.000000,0.010484,0.062395,1,0.000000,0.000000,3,0.000000
7.956311,coast,0.000000,0.010605,0.057066,1,0.000000,0.000000,3,0.000000
7.959518,coast,0.000000,0.010738,0.057332,1,0.000000,0.000000,3,0.000000
7.962741,coast,0.000000,0.010874,0.052536,1,0.000000,0.000000,3,0.000000
7.966108,coast,0.000000,0.011012,0.052802,1,0.000000,0.000000,3,0.000000
7.969110,coast,0.000000,0.011090,0.049072,1,0.000000,0.000000,3,0.000000
7.972090,coast,0.000000,0.011198,0.047473,1,0.000000,0.000000,3,0.000000
7.975026,coast,0.000000,0.011300,0.046407,1,0.000000,0.000000,3,0.000000
7.978439,coast,0.000000,0.011409,0.042677,1,0.000000,0.000000,3,0.000000
7.981594,coast,0.000000,0.011471,0.040811,1,0.000000,0.000000,3,0.000000
7.984791,coast,0.000000,0.011538,0.038413,1,0.000000,0.000000,3,0.000000
7.987981,coast,0.000000,0.011612,0.035749,1,0.000000,0.000000,3,0.000000
7.991160,coast,0.000000,0.011700,0.036282,1,0.000000,0.000000,3,0.000000
7.994506,coast,0.000000,0.011761,0.032551,1,0.000000,0.000000,3,0.000000
7.997612,coast,0.000000,0.011794,0.029087,1,0.000000,0.000000,3,0.000000
8.000576,coast,0.000000,0.011829,0.026955,1,0.000000,0.000000,3,0.000000
8.003510,coast,0.000000,0.011837,0.026156,1,0.000000,0.000000,3,0.000000
8.006772,coast,0.000000,0.011887,0.022159,1,0.000000,0.000000,3,0.000000
8.009719,coast,0.000000,0.011908,0.023225,1,0.000000,0.000000,3,0.000000
8.012698,coast,0.000000,0.011941,0.018961,1,0.000000,0.000000,3,0.000000
8.015673,coast,0.000000,0.011969,0.019228,1,0.000000,0.000000,3,0.000000
8.018626,coast,0.000000,0.011979,0.013366,1,0.000000,0.000000,3,0.000000
8.021554,coast,0.000000,0.011984,0.013366,1,0.000000,0.000000,3,0.000000
8.024494,coast,0.000000,0.011956,0.012300,1,0.000000,0.000000,3,0.000000
8.027412,coast,0.000000,0.011937,0.007504,1,0.000000,0.000000,3,0.000000
8.030391,coast,0.000000,0.011894,0.006971,1,0.000000,0.000000,3,0.000000
8.033345,coast,0.000000,0.011862,0.004572,1,0.000000,0.000000,3,0.000000
8.036299,coast,0.000000,0.011860,0.004306,1,0.000000,0.000000,3,0.000000
8.039235,coast,0.000000,0.011803,-0.000757,1,0.000000,0.000000,3,0.000000
8.042339,coast,0.000000,0.011740,-0.002089,1,0.000000,0.000000,3,0.000000
8.045267,coast,0.000000,0.011680,-0.003155,1,0.000000,0.000000,3,0.000000
8.048399,coast,0.000000,0.011597,-0.005820,1,0.000000,0.000000,3,0.000000
8.051309,coast,0.000000,0.011532,-0.008218,1,0.000000,0.000000,3,0.000000
8.054408,coast,0.000000,0.011491,-0.011149,1,0.000000,0.000000,3,0.000000
8.057463,coast,0.000000,0.011420,-0.011149,1,0.000000,0.000000,3,0.000000
8.061145,coast,0.000000,0.011324,-0.014879,1,0.000000,0.000000,3,0.000000
8.064384,coast,0.000000,0.011244,-0.017544,1,0.000000,0.000000,3,0.000000
8.067529,coast,0.000000,0.011162,-0.021541,1,0.000000,0.000000,3,0.000000
8.070311,coast,0.000000,0.011069,-0.021274,1,0.000000,0.000000,3,0.000000
8.073222,coast,0.000000,0.010958,-0.022873,1,0.000000,0.000000,3,0.000000
8.076158,coast,0.000000,0.010813,-0.027936,1,0.000000,0.000000,3,0.000000
8.078995,coast,0.000000,0.010712,-0.028735,1,0.000000,0.000000,3,0.000000
8.082229,coast,0.000000,0.010545,-0.027403,1,0.000000,0.000000,3,0.000000
8.085209,coast,0.000000,0.010433,-0.029002,1,0.000000,0.000000,3,0.000000
8.088216,coast,0.000000,0.010313,-0.034331,1,0.000000,0.000000,3,0.000000
8.091158,coast,0.000000,0.010187,-0.036729,1,0.000000,0.000000,3,0.000000
8.094480,coast,0.000000,0.010064,-0.037795,1,0.000000,0.000000,3,0.000000
8.097403,coast,0.000000,0.009935,-0.036729,1,0.000000,0.000000,3,0.000000
8.100157,coast,0.000000,0.009833,-0.035663,1,0.000000,0.000000,3,0.000000
8.102931,coast,0.000000,0.009700,-0.039127,1,0.000000,0.000000,3,0.000000
8.105668,coast,0.000000,0.009589,-0.041526,1,0.000000,0.000000,3,0.000000
8.108504,coast,0.000000,0.009447,-0.041526,1,0.000000,0.000000,3,0.000000
8.111687,coast,0.000000,0.009313,-0.043391,1,0.000000,0.000000,3,0.000000
8.114873,coast,0.000000,0.009150,-0.044190,1,0.000000,0.000000,3,0.000000
8.118116,coast,0.000000,0.009020,-0.045256,1,0.000000,0.000000,3,0.000000
8.121100,coast,0.000000,0.008866,-0.048454,1,0.000000,0.000000,3,0.000000
8.124423,coast,0.000000,0.008730,-0.046855,1,0.000000,0.000000,3,0.000000
8.127400,coast,0.000000,0.008598,-0.050052,1,0.000000,0.000000,3,0.000000
8.130670,coast,0.000000,0.008424,-0.050852,1,0.000000,0.000000,3,0.000000
8.133803,coast,0.000000,0.008275,-0.052983,1,0.000000,0.000000,3,0.000000
8.136639,coast,0.000000,0.008133,-0.051651,1,0.000000,0.000000,3,0.000000
8.139315,coast,0.000000,0.007999,-0.050852,1,0.000000,0.000000,3,0.000000
8.142069,coast,0.000000,0.007866,-0.052184,1,0.000000,0.000000,3,0.000000
8.144718,coast,0.000000,0.007744,-0.053516,1,0.000000,0.000000,3,0.000000
8.147290,coast,0.000000,0.007630,-0.055648,1,0.000000,0.000000,3,0.000000
8.149978,coast,0.000000,0.007481,-0.054849,1,0.000000,0.000000,3,0.000000
8.152922,coast,0.000000,0.007305,-0.051918,1,0.000000,0.000000,3,0.000000
8.155877,coast,0.000000,0.007144,-0.053783,1,0.000000,0.000000,3,0.000000
8.158867,coast,0.000000,0.006981,-0.054849,1,0.000000,0.000000,3,0.000000
8.161918,coast,0.000000,0.006821,-0.055648,1,0.000000,0.000000,3,0.000000
8.164852,coast,0.000000,0.006668,-0.056181,1,0.000000,0.000000,3,0.000000
8.167868,coast,0.000000,0.006548,-0.055914,1,0.000000,0.000000,3,0.000000
8.170860,coast,0.000000,0.006398,-0.057247,1,0.000000,0.000000,3,0.000000
8.174056,coast,0.000000,0.006250,-0.056980,1,0.000000,0.000000,3,0.000000
8.177266,coast,0.000000,0.006087,-0.055382,1,0.000000,0.000000,3,0.000000
8.180614,coast,0.000000,0.005863,-0.056181,1,0.000000,0.000000,3,0.000000
8.183696,coast,0.000000,0.005704,-0.056714,1,0.000000,0.000000,3,0.000000
8.186672,coast,0.000000,0.005553,-0.059378,1,0.000000,0.000000,3,0.000000
8.189623,coast,0.000000,0.005426,-0.055914,1,0.000000,0.000000,3,0.000000
8.192292,coast,0.000000,0.005304,-0.057247,1,0.000000,0.000000,3,0.000000
8.194881,coast,0.000000,0.005178,-0.055648,1,0.000000,0.000000,3,0.000000
8.197487,coast,0.000000,0.005069,-0.055648,1,0.000000,0.000000,3,0.000000
8.200103,coast,0.000000,0.004947,-0.054849,1,0.000000,0.000000,3,0.000000
8.203310,coast,0.000000,0.004761,-0.056980,1,0.000000,0.000000,3,0.000000
8.206266,coast,0.000000,0.004612,-0.057513,1,0.000000,0.000000,3,0.000000
8.209480,coast,0.000000,0.004483,-0.055115,1,0.000000,0.000000,3,0.000000
8.212638,coast,0.000000,0.004306,-0.056447,1,0.000000,0.000000,3,0.000000
8.216200,coast,0.000000,0.004138,-0.057780,1,0.000000,0.000000,3,0.000000
8.219673,coast,0.000000,0.003982,-0.057780,1,0.000000,0.000000,3,0.000000
8.222848,coast,0.000000,0.003806,-0.057247,1,0.000000,0.000000,3,0.000000
8.226022,coast,0.000000,0.003607,-0.058313,1,0.000000,0.000000,3,0.000000
8.229583,coast,0.000000,0.003406,-0.059911,1,0.000000,0.000000,3,0.000000
8.232601,coast,0.000000,0.003232,-0.057513,1,0.000000,0.000000,3,0.000000
8.235550,coast,0.000000,0.003068,-0.057780,1,0.000000,0.000000,3,0.000000
8.238534,coast,0.000000,0.002907,-0.056980,1,0.000000,0.000000,3,0.000000
8.241591,coast,0.000000,0.002768,-0.056714,1,0.000000,0.000000,3,0.000000
8.244778,coast,0.000000,0.002633,-0.057513,1,0.000000,0.000000,3,0.000000
8.248306,coast,0.000000,0.002463,-0.056447,1,0.000000,0.000000,3,0.000000
8.251421,coast,0.000000,0.002352,-0.055914,1,0.000000,0.000000,3,0.000000
8.254359,coast,0.000000,0.002223,-0.056980,1,0.000000,0.000000,3,0.000000
8.257296,coast,0.000000,0.002074,-0.053783,1,0.000000,0.000000,3,0.000000
8.260281,coast,0.000000,0.001950,-0.054316,1,0.000000,0.000000,3,0.000000
8.263260,coast,0.000000,0.001792,-0.056980,1,0.000000,0.000000,3,0.000000
8.266675,coast,0.000000,0.001626,-0.054582,1,0.000000,0.000000,3,0.000000
8.269638,coast,0.000000,0.001511,-0.054849,1,0.000000,0.000000,3,0.000000
8.272590,coast,0.000000,0.001380,-0.055115,1,0.000000,0.000000,3,0.000000
8.275888,coast,0.000000,0.001235,-0.053250,1,0.000000,0.000000,3,0.000000
8.278834,coast,0.000000,0.001101,-0.052983,1,0.000000,0.000000,3,0.000000
8.281905,coast,0.000000,0.000951,-0.053250,1,0.000000,0.000000,3,0.000000
8.285119,coast,0.000000,0.000831,-0.051385,1,0.000000,0.000000,3,0.000000
8.288348,coast,0.000000,0.000702,-0.052184,1,0.000000,0.000000,3,0.000000
8.291504,coast,0.000000,0.000598,-0.051651,1,0.000000,0.000000,3,0.000000
8.294453,coast,0.000000,0.000497,-0.051651,1,0.000000,0.000000,3,0.000000
8.297408,coast,0.000000,0.000417,-0.047121,1,0.000000,0.000000,3,0.000000
8.300359,coast,0.000000,0.000312,-0.047388,1,0.000000,0.000000,3,0.000000
8.303300,coast,0.000000,0.000233,-0.047388,1,0.000000,0.000000,3,0.000000
8.306222,coast,0.000000,0.000140,-0.047388,1,0.000000,0.000000,3,0.000000
8.309170,coast,0.000000,0.000054,-0.045522,1,0.000000,0.000000,3,0.000000
8.312563,coast,0.000000,-0.000057,-0.043924,1,0.000000,0.000000,3,0.000000
8.315743,coast,0.000000,-0.000152,-0.042591,1,0.000000,0.000000,3,0.000000
8.318921,coast,0.000000,-0.000243,-0.045256,1,0.000000,0.000000,3,0.000000
8.322085,coast,0.000000,-0.000336,-0.042058,1,0.000000,0.000000,3,0.000000
8.325031,coast,0.000000,-0.000421,-0.043924,1,0.000000,0.000000,3,0.000000
8.328036,coast,0.000000,-0.000504,-0.040193,1,0.000000,0.000000,3,0.000000
8.330983,coast,0.000000,-0.000598,-0.041792,1,0.000000,0.000000,3,0.000000
8.334077,coast,0.000000,-0.000670,-0.039927,1,0.000000,0.000000,3,0.000000
8.337297,coast,0.000000,-0.000768,-0.038861,1,0.000000,0.000000,3,0.000000
8.340530,coast,0.000000,-0.000879,-0.037795,1,0.000000,0.000000,3,0.000000
8.343619,coast,0.000000,-0.000932,-0.038594,1,0.000000,0.000000,3,0.000000
8.346581,coast,0.000000,-0.001006,-0.035663,1,0.000000,0.000000,3,0.000000
8.349531,coast,0.000000,-0.001097,-0.037262,1,0.000000,0.000000,3,0.000000
8.352475,coast,0.000000,-0.001180,-0.035130,1,0.000000,0.000000,3,0.000000
8.355488,coast,0.000000,-0.001255,-0.033265,1,0.000000,0.000000,3,0.000000
8.358467,coast,0.000000,-0.001300,-0.033265,1,0.000000,0.000000,3,0.000000
8.361398,coast,0.000000,-0.001350,-0.032999,1,0.000000,0.000000,3,0.000000
8.364567,coast,0.000000,-0.001401,-0.030068,1,0.000000,0.000000,3,0.000000
8.367769,coast,0.000000,-0.001465,-0.031133,1,0.000000,0.000000,3,0.000000
8.371310,coast,0.000000,-0.001506,-0.029002,1,0.000000,0.000000,3,0.000000
8.374188,coast,0.000000,-0.001521,-0.029801,1,0.000000,0.000000,3,0.000000
8.376946,coast,0.000000,-0.001579,-0.030068,1,0.000000,0.000000,3,0.000000
8.379722,coast,0.000000,-0.001609,-0.027936,1,0.000000,0.000000,3,0.000000
8.382791,coast,0.000000,-0.001684,-0.026604,1,0.000000,0.000000,3,0.000000
8.386363,coast,0.000000,-0.001716,-0.028735,1,0.000000,0.000000,3,0.000000
8.389524,coast,0.000000,-0.001723,-0.022340,1,0.000000,0.000000,3,0.000000
8.393059,coast,0.000000,-0.001753,-0.023140,1,0.000000,0.000000,3,0.000000
8.396270,coast,0.000000,-0.001762,-0.020209,1,0.000000,0.000000,3,0.000000
8.399443,coast,0.000000,-0.001799,-0.019409,1,0.000000,0.000000,3,0.000000
8.402630,coast,0.000000,-0.001809,-0.017810,1,0.000000,0.000000,3,0.000000
8.406020,coast,0.000000,-0.001785,-0.018077,1,0.000000,0.000000,3,0.000000
8.408975,coast,0.000000,-0.001788,-0.016745,1,0.000000,0.000000,3,0.000000
8.412214,coast,0.000000,-0.001825,-0.017011,1,0.000000,0.000000,3,0.000000
8.415378,coast,0.000000,-0.001830,-0.013547,1,0.000000,0.000000,3,0.000000
8.418804,coast,0.000000,-0.001812,-0.014879,1,0.000000,0.000000,3,0.000000
8.422080,coast,0.000000,-0.001821,-0.013014,1,0.000000,0.000000,3,0.000000
8.424682,coast,0.000000,-0.001804,-0.011415,1,0.000000,0.000000,3,0.000000
8.427701,coast,0.000000,-0.001786,-0.010882,1,0.000000,0.000000,3,0.000000
8.430365,coast,0.000000,-0.001766,-0.009816,1,0.000000,0.000000,3,0.000000
8.432778,coast,0.000000,-0.001765,-0.009284,1,0.000000,0.000000,3,0.000000
8.435115,coast,0.000000,-0.001712,-0.006352,1,0.000000,0.000000,3,0.000000
8.437590,coast,0.000000,-0.001726,-0.008218,1,0.000000,0.000000,3,0.000000
8.440221,coast,0.000000,-0.001692,-0.005820,1,0.000000,0.000000,3,0.000000
8.442557,coast,0.000000,-0.001681,-0.006086,1,0.000000,0.000000,3,0.000000
8.445169,coast,0.000000,-0.001683,-0.005020,1,0.000000,0.000000,3,0.000000
8.447758,coast,0.000000,-0.001635,-0.002356,1,0.000000,0.000000,3,0.000000
8.450526,coast,0.000000,-0.001614,-0.004754,1,0.000000,0.000000,3,0.000000
8.452958,coast,0.000000,-0.001590,-0.001823,1,0.000000,0.000000,3,0.000000
8.455371,coast,0.000000,-0.001538,-0.004487,1,0.000000,0.000000,3,0.000000
8.457700,coast,0.000000,-0.001521,-0.001023,1,0.000000,0.000000,3,0.000000
8.460326,coast,0.000000,-0.001482,0.001108,1,0.000000,0.000000,3,0.000000
8.462558,coast,0.000000,-0.001476,0.000842,1,0.000000,0.000000,3,0.000000
8.465462,coast,0.000000,-0.001436,0.001108,1,0.000000,0.000000,3,0.000000
8.467739,coast,0.000000,-0.001397,0.002174,1,0.000000,0.000000,3,0.000000
8.470134,coast,0.000000,-0.001391,0.004572,1,0.000000,0.000000,3,0.000000
8.472177,coast,0.000000,-0.001350,0.002974,1,0.000000,0.000000,3,0.000000
8.474193,coast,0.000000,-0.001317,0.002441,1,0.000000,0.000000,3,0.000000
8.476439,coast,0.000000,-0.001267,0.004040,1,0.000000,0.000000,3,0.000000
8.478455,coast,0.000000,-0.001212,0.007770,1,0.000000,0.000000,3,0.000000
8.480468,coast,0.000000,-0.001154,0.005638,1,0.000000,0.000000,3,0.000000
8.483006,coast,0.000000,-0.001123,0.008836,1,0.000000,0.000000,3,0.000000
8.485008,coast,0.000000,-0.001076,0.004040,1,0.000000,0.000000,3,0.000000
8.487320,coast,0.000000,-0.001003,0.009635,1,0.000000,0.000000,3,0.000000
8.489811,coast,0.000000,-0.000953,0.009102,1,0.000000,0.000000,3,0.000000
8.491829,coast,0.000000,-0.000905,0.009902,1,0.000000,0.000000,3,0.000000
8.493951,coast,0.000000,-0.000841,0.010168,1,0.000000,0.000000,3,0.000000
8.495979,coast,0.000000,-0.000800,0.010701,1,0.000000,0.000000,3,0.000000
8.498019,coast,0.000000,-0.000745,0.010435,1,0.000000,0.000000,3,0.000000
8.500021,coast,0.000000,-0.000721,0.012300,1,0.000000,0.000000,3,0.000000
8.502053,coast,0.000000,-0.000661,0.013632,1,0.000000,0.000000,3,0.000000
8.504081,coast,0.000000,-0.000605,0.012300,1,0.000000,0.000000,3,0.000000
8.506124,coast,0.000000,-0.000553,0.011501,1,0.000000,0.000000,3,0.000000
8.508179,coast,0.000000,-0.000527,0.009369,1,0.000000,0.000000,3,0.000000
8.510280,coast,0.000000,-0.000506,0.016297,1,0.000000,0.000000,3,0.000000
8.512421,coast,0.000000,-0.000452,0.014165,1,0.000000,0.000000,3,0.000000
8.514616,coast,0.000000,-0.000383,0.016830,1,0.000000,0.000000,3,0.000000
8.517086,coast,0.000000,-0.000315,0.011767,1,0.000000,0.000000,3,0.000000
8.519481,coast,0.000000,-0.000232,0.016030,1,0.000000,0.000000,3,0.000000
8.521881,coast,0.000000,-0.000169,0.017096,1,0.000000,0.000000,3,0.000000
8.524052,coast,0.000000,-0.000115,0.017629,1,0.000000,0.000000,3,0.000000
8.526637,coast,0.000000,-0.000050,0.016030,1,0.000000,0.000000,3,0.000000
8.528908,coast,0.000000,0.000003,0.015764,1,0.000000,0.000000,3,0.000000
8.531484,coast,0.000000,0.000055,0.017363,1,0.000000,0.000000,3,0.000000
8.533996,coast,0.000000,0.000144,0.016563,1,0.000000,0.000000,3,0.000000
8.536047,coast,0.000000,0.000213,0.017896,1,0.000000,0.000000,3,0.000000
8.538413,coast,0.000000,0.000288,0.019228,1,0.000000,0.000000,3,0.000000
8.540453,coast,0.000000,0.000342,0.016830,1,0.000000,0.000000,3,0.000000
8.542879,coast,0.000000,0.000414,0.017096,1,0.000000,0.000000,3,0.000000
8.545144,coast,0.000000,0.000474,0.020560,1,0.000000,0.000000,3,0.000000
8.547827,coast,0.000000,0.000500,0.019494,1,0.000000,0.000000,3,0.000000
8.550188,coast,0.000000,0.000586,0.017896,1,0.000000,0.000000,3,0.000000
8.552570,coast,0.000000,0.000622,0.016830,1,0.000000,0.000000,3,0.000000
8.555044,coast,0.000000,0.000663,0.019494,1,0.000000,0.000000,3,0.000000
8.558189,coast,0.000000,0.000724,0.018162,1,0.000000,0.000000,3,0.000000
8.560349,coast,0.000000,0.000806,0.017629,1,0.000000,0.000000,3,0.000000
8.562542,coast,0.000000,0.000868,0.020027,1,0.000000,0.000000,3,0.000000
8.565015,coast,0.000000,0.000940,0.017629,1,0.000000,0.000000,3,0.000000
8.567508,coast,0.000000,0.001004,0.019494,1,0.000000,0.000000,3,0.000000
8.569888,coast,0.000000,0.001047,0.017896,1,0.000000,0.000000,3,0.000000
8.572070,coast,0.000000,0.001094,0.019494,1,0.000000,0.000000,3,0.000000
8.574229,coast,0.000000,0.001114,0.016030,1,0.000000,0.000000,3,0.000000
8.576489,coast,0.000000,0.001176,0.020027,1,0.000000,0.000000,3,0.000000
8.578930,coast,0.000000,0.001219,0.015497,1,0.000000,0.000000,3,0.000000
8.581568,coast,0.000000,0.001273,0.019761,1,0.000000,0.000000,3,0.000000
8.583958,coast,0.000000,0.001304,0.017096,1,0.000000,0.000000,3,0.000000
8.586379,coast,0.000000,0.001363,0.018162,1,0.000000,0.000000,3,0.000000
8.588759,coast,0.000000,0.001431,0.019494,1,0.000000,0.000000,3,0.000000
8.591727,coast,0.000000,0.001508,0.016563,1,0.000000,0.000000,3,0.000000
8.594464,coast,0.000000,0.001557,0.015497,1,0.000000,0.000000,3,0.000000
8.596733,coast,0.000000,0.001613,0.016030,1,0.000000,0.000000,3,0.000000
8.599210,coast,0.000000,0.001655,0.017896,1,0.000000,0.000000,3,0.000000
8.601429,coast,0.000000,0.001730,0.015764,1,0.000000,0.000000,3,0.000000
8.603823,coast,0.000000,0.001807,0.018162,1,0.000000,0.000000,3,0.000000
8.606277,coast,0.000000,0.001824,0.015231,1,0.000000,0.000000,3,0.000000
8.608692,coast,0.000000,0.001901,0.016830,1,0.000000,0.000000,3,0.000000
8.611108,coast,0.000000,0.001942,0.016297,1,0.000000,0.000000,3,0.000000
8.613584,coast,0.000000,0.001986,0.014698,1,0.000000,0.000000,3,0.000000
8.616732,coast,0.000000,0.002019,0.014165,1,0.000000,0.000000,3,0.000000
8.620093,coast,0.000000,0.002032,0.013899,1,0.000000,0.000000,3,0.000000
8.623384,coast,0.000000,0.002085,0.013366,1,0.000000,0.000000,3,0.000000
8.627257,coast,0.000000,0.002144,0.016030,1,0.000000,0.000000,3,0.000000
8.630334,coast,0.000000,0.002178,0.013366,1,0.000000,0.000000,3,0.000000
8.633647,coast,0.000000,0.002227,0.012833,1,0.000000,0.000000,3,0.000000
8.636959,coast,0.000000,0.002259,0.012033,1,0.000000,0.000000,3,0.000000
8.640055,coast,0.000000,0.002264,0.011234,1,0.000000,0.000000,3,0.000000
8.642860,coast,0.000000,0.002277,0.010435,1,0.000000,0.000000,3,0.000000
8.645586,coast,0.000000,0.002285,0.010701,1,0.000000,0.000000,3,0.000000
8.648335,coast,0.000000,0.002260,0.008037,1,0.000000,0.000000,3,0.000000
8.651103,coast,0.000000,0.002254,0.006704,1,0.000000,0.000000,3,0.000000
8.653903,coast,0.000000,0.002276,0.008836,1,0.000000,0.000000,3,0.000000
8.656765,coast,0.000000,0.002300,0.005105,1,0.000000,0.000000,3,0.000000
8.659712,coast,0.000000,0.002321,0.006971,1,0.000000,0.000000,3,0.000000
8.662665,coast,0.000000,0.002333,0.004306,1,0.000000,0.000000,3,0.000000
8.666038,coast,0.000000,0.002344,0.003240,1,0.000000,0.000000,3,0.000000
8.669008,coast,0.000000,0.002365,0.003240,1,0.000000,0.000000,3,0.000000
8.671973,coast,0.000000,0.002355,0.001641,1,0.000000,0.000000,3,0.000000
8.674916,coast,0.000000,0.002349,0.002974,1,0.000000,0.000000,3,0.000000
8.677881,coast,0.000000,0.002343,-0.002356,1,0.000000,0.000000,3,0.000000
8.680832,coast,0.000000,0.002337,0.000309,1,0.000000,0.000000,3,0.000000
8.684084,coast,0.000000,0.002325,-0.001556,1,0.000000,0.000000,3,0.000000
8.687389,coast,0.000000,0.002320,-0.001290,1,0.000000,0.000000,3,0.000000
8.690391,coast,0.000000,0.002316,-0.002622,1,0.000000,0.000000,3,0.000000
8.693351,coast,0.000000,0.002303,-0.002622,1,0.000000,0.000000,3,0.000000
8.696323,coast,0.000000,0.002278,-0.003954,1,0.000000,0.000000,3,0.000000
8.699064,coast,0.000000,0.002245,-0.006086,1,0.000000,0.000000,3,0.000000
8.701826,coast,0.000000,0.002221,-0.006352,1,0.000000,0.000000,3,0.000000
8.704559,coast,0.000000,0.002198,-0.005820,1,0.000000,0.000000,3,0.000000
8.707435,coast,0.000000,0.002154,-0.008751,1,0.000000,0.000000,3,0.000000
8.710372,coast,0.000000,0.002154,-0.008484,1,0.000000,0.000000,3,0.000000
8.713345,coast,0.000000,0.002125,-0.009017,1,0.000000,0.000000,3,0.000000
8.716314,coast,0.000000,0.002098,-0.007951,1,0.000000,0.000000,3,0.000000
8.719273,coast,0.000000,0.002055,-0.008484,1,0.000000,0.000000,3,0.000000
8.722261,coast,0.000000,0.002020,-0.010349,1,0.000000,0.000000,3,0.000000
8.725209,coast,0.000000,0.001984,-0.012215,1,0.000000,0.000000,3,0.000000
8.728159,coast,0.000000,0.001941,-0.011948,1,0.000000,0.000000,3,0.000000
8.730887,coast,0.000000,0.001923,-0.009816,1,0.000000,0.000000,3,0.000000
8.733655,coast,0.000000,0.001854,-0.013014,1,0.000000,0.000000,3,0.000000
8.736515,coast,0.000000,0.001833,-0.014613,1,0.000000,0.000000,3,0.000000
8.739692,coast,0.000000,0.001774,-0.013280,1,0.000000,0.000000,3,0.000000
8.742841,coast,0.000000,0.001756,-0.013280,1,0.000000,0.000000,3,0.000000
8.746063,coast,0.000000,0.001720,-0.015412,1,0.000000,0.000000,3,0.000000
8.748839,coast,0.000000,0.001700,-0.015146,1,0.000000,0.000000,3,0.000000
8.751666,coast,0.000000,0.001656,-0.012481,1,0.000000,0.000000,3,0.000000
8.754423,coast,0.000000,0.001617,-0.015945,1,0.000000,0.000000,3,0.000000
8.757288,coast,0.000000,0.001592,-0.016478,1,0.000000,0.000000,3,0.000000
8.760557,coast,0.000000,0.001536,-0.017011,1,0.000000,0.000000,3,0.000000
8.764316,coast,0.000000,0.001465,-0.016478,1,0.000000,0.000000,3,0.000000
8.767285,coast,0.000000,0.001407,-0.017810,1,0.000000,0.000000,3,0.000000
8.770358,coast,0.000000,0.001333,-0.018343,1,0.000000,0.000000,3,0.000000
8.773336,coast,0.000000,0.001305,-0.017277,1,0.000000,0.000000,3,0.000000
8.776331,coast,0.000000,0.001260,-0.017277,1,0.000000,0.000000,3,0.000000
8.779516,coast,0.000000,0.001217,-0.019942,1,0.000000,0.000000,3,0.000000
8.782701,coast,0.000000,0.001189,-0.018343,1,0.000000,0.000000,3,0.000000
8.785898,coast,0.000000,0.001157,-0.018343,1,0.000000,0.000000,3,0.000000
8.788865,coast,0.000000,0.001095,-0.020209,1,0.000000,0.000000,3,0.000000
8.791823,coast,0.000000,0.001080,-0.019409,1,0.000000,0.000000,3,0.000000
8.794772,coast,0.000000,0.001032,-0.017810,1,0.000000,0.000000,3,0.000000
8.797863,coast,0.000000,0.000980,-0.018343,1,0.000000,0.000000,3,0.000000
8.801037,coast,0.000000,0.000893,-0.018876,1,0.000000,0.000000,3,0.000000
8.804276,coast,0.000000,0.000834,-0.020475,1,0.000000,0.000000,3,0.000000
8.807425,coast,0.000000,0.000780,-0.021274,1,0.000000,0.000000,3,0.000000
8.810678,coast,0.000000,0.000735,-0.019676,1,0.000000,0.000000,3,0.000000
8.813665,coast,0.000000,0.000693,-0.019143,1,0.000000,0.000000,3,0.000000
8.816602,coast,0.000000,0.000684,-0.018876,1,0.000000,0.000000,3,0.000000
8.819564,step,-0.150000,0.000634,-0.021541,1,0.000000,0.000000,4,-0.150000
8.822578,step,-0.150000,0.000588,-0.016745,1,0.000000,0.000000,4,-0.150000
8.825582,step,-0.150000,0.000532,-0.019409,1,0.000000,0.000000,4,-0.150000
8.828408,step,-0.150000,0.000509,-0.020209,2,0.000000,0.000000,4,-0.150000
8.831373,step,-0.150000,0.000484,-0.019942,2,0.000000,0.000000,4,-0.150000
8.834102,step,-0.150000,0.000471,-0.018343,2,0.000000,0.000000,4,-0.150000
8.836850,step,-0.150000,0.000377,-0.029535,2,0.000000,0.000000,4,-0.150000
8.839623,step,-0.150000,-0.000489,-0.093486,3,0.000000,0.000000,4,-0.150000
8.842375,step,-0.150000,-0.002365,-0.089222,3,0.000000,0.000000,4,-0.150000
8.845217,step,-0.150000,-0.005079,-0.052717,3,0.000000,0.000000,4,-0.150000
8.848385,step,-0.150000,-0.003566,-0.110539,3,0.000000,0.000000,4,-0.150000
8.851333,step,-0.150000,-0.004575,-0.144380,3,0.000000,0.000000,4,-0.150000
8.854311,step,-0.150000,-0.006273,-0.132922,3,0.000000,0.000000,4,-0.150000
8.857279,step,-0.150000,-0.006280,-0.107342,3,0.000000,0.000000,4,-0.150000
8.860319,step,-0.150000,-0.006589,-0.164631,3,0.000000,0.000000,4,-0.150000
8.863292,step,-0.150000,-0.007613,-0.173957,3,0.000000,0.000000,4,-0.150000
8.866907,step,-0.150000,-0.008808,-0.147311,3,0.000000,0.000000,4,-0.150000
8.870666,step,-0.150000,-0.009247,-0.197140,3,0.000000,0.000000,4,-0.150000
8.874488,step,-0.150000,-0.010759,-0.196074,3,0.000000,0.000000,4,-0.150000
8.877689,step,-0.150000,-0.011803,-0.190478,4,0.000000,0.000000,4,-0.150000
8.880357,step,-0.150000,-0.012056,-0.226983,4,0.000000,0.000000,4,-0.150000
8.882769,step,-0.150000,-0.013150,-0.238708,4,0.000000,0.000000,4,-0.150000
8.885446,step,-0.150000,-0.014370,-0.223519,4,0.000000,0.000000,4,-0.150000
8.887894,step,-0.150000,-0.015105,-0.230181,4,0.000000,0.000000,4,-0.150000
8.891113,step,-0.150000,-0.015733,-0.258959,4,0.000000,0.000000,4,-0.150000
8.894687,step,-0.150000,-0.017143,-0.259758,4,0.000000,0.000000,4,-0.150000
8.898117,step,-0.150000,-0.018361,-0.258692,4,0.000000,0.000000,4,-0.150000
8.901193,step,-0.150000,-0.019151,-0.285872,4,0.000000,0.000000,4,-0.150000
8.904217,step,-0.150000,-0.020391,-0.291734,4,0.000000,0.000000,4,-0.150000
8.907173,step,-0.150000,-0.021628,-0.291201,4,0.000000,0.000000,4,-0.150000
8.910039,step,-0.150000,-0.022588,-0.305057,4,0.000000,0.000000,4,-0.150000
8.913082,step,-0.150000,-0.023713,-0.325841,4,0.000000,0.000000,4,-0.150000
8.916329,step,-0.150000,-0.025198,-0.329571,4,0.000000,0.000000,4,-0.150000
8.919078,step,-0.150000,-0.026316,-0.330637,4,0.000000,0.000000,4,-0.150000
8.921849,step,-0.150000,-0.027211,-0.349290,4,0.000000,0.000000,4,-0.150000
8.924604,step,-0.150000,-0.028457,-0.356484,4,0.000000,0.000000,4,-0.150000
8.927345,step,-0.150000,-0.029679,-0.354885,4,0.000000,0.000000,4,-0.150000
8.930343,step,-0.150000,-0.030813,-0.365011,5,0.000000,0.000000,4,-0.150000
8.933535,step,-0.150000,-0.031891,-0.378334,5,0.000000,0.000000,4,-0.150000
8.936704,step,-0.150000,-0.033280,-0.364478,5,0.000000,0.000000,4,-0.150000
8.939731,step,-0.150000,-0.034394,-0.367942,5,0.000000,0.000000,4,-0.150000
8.942731,step,-0.150000,-0.035397,-0.380466,5,0.000000,0.000000,4,-0.150000
8.945487,step,-0.150000,-0.036580,-0.381265,5,0.000000,0.000000,4,-0.150000
8.948236,step,-0.150000,-0.037705,-0.375137,5,0.000000,0.000000,4,-0.150000
8.951042,step,-0.150000,-0.038657,-0.378334,5,0.000000,0.000000,4,-0.150000
8.954041,step,-0.150000,-0.039831,-0.388993,5,0.000000,0.000000,4,-0.150000
8.957015,step,-0.150000,-0.041112,-0.387127,5,0.000000,0.000000,4,-0.150000
8.960025,step,-0.150000,-0.042318,-0.385262,6,0.000000,0.000000,4,-0.150000
8.963014,step,-0.150000,-0.043432,-0.395654,6,0.000000,0.000000,4,-0.150000
8.966290,step,-0.150000,-0.044834,-0.396454,6,0.000000,0.000000,4,-0.150000
8.969231,step,-0.150000,-0.046125,-0.396187,6,0.000000,0.000000,4,-0.150000
8.972230,step,-0.150000,-0.047327,-0.404447,6,0.000000,0.000000,4,-0.150000
8.975216,step,-0.150000,-0.048539,-0.409244,6,0.000000,0.000000,4,-0.150000
8.978204,step,-0.150000,-0.049890,-0.410310,6,0.000000,0.000000,4,-0.150000
8.981285,step,-0.150000,-0.051110,-0.415106,6,0.000000,0.000000,4,-0.150000
8.984519,step,-0.150000,-0.052466,-0.419103,6,0.000000,0.000000,4,-0.150000
8.988303,step,-0.150000,-0.054106,-0.419902,6,0.000000,0.000000,4,-0.150000
8.991198,step,-0.150000,-0.055295,-0.426564,6,0.000000,0.000000,4,-0.150000
8.993873,step,-0.150000,-0.056428,-0.429761,6,0.000000,0.000000,4,-0.150000
8.996603,step,-0.150000,-0.057667,-0.431094,6,0.000000,0.000000,4,-0.150000
8.999216,step,-0.150000,-0.058842,-0.434291,7,0.000000,0.000000,4,-0.150000
9.002454,step,-0.150000,-0.060225,-0.436689,7,0.000000,0.000000,4,-0.150000
9.005482,step,-0.150000,-0.061554,-0.445483,7,0.000000,0.000000,4,-0.150000
9.008472,step,-0.150000,-0.062928,-0.444417,7,0.000000,0.000000,4,-0.150000
9.011322,step,-0.150000,-0.064264,-0.447614,7,0.000000,0.000000,4,-0.150000
9.014048,step,-0.150000,-0.065481,-0.448147,7,0.000000,0.000000,4,-0.150000
9.016807,step,-0.150000,-0.066758,-0.457207,7,0.000000,0.000000,4,-0.150000
9.019658,step,-0.150000,-0.068154,-0.456408,7,0.000000,0.000000,4,-0.150000
9.022805,step,-0.150000,-0.069625,-0.457740,8,0.000000,0.000000,4,-0.150000
9.026082,step,-0.150000,-0.071150,-0.468665,8,0.000000,0.000000,4,-0.150000
9.029453,step,-0.150000,-0.072747,-0.469731,8,0.000000,0.000000,4,-0.150000
9.032467,step,-0.150000,-0.074130,-0.471329,8,0.000000,0.000000,4,-0.150000
9.035451,step,-0.150000,-0.075515,-0.473994,8,0.000000,0.000000,4,-0.150000
9.038553,step,-0.150000,-0.076786,-0.462003,8,0.000000,0.000000,4,-0.150000
9.041885,step,-0.150000,-0.078153,-0.463069,8,0.000000,0.000000,4,-0.150000
9.044720,step,-0.150000,-0.079329,-0.464135,8,0.000000,0.000000,4,-0.150000
9.047588,step,-0.150000,-0.080574,-0.455342,8,0.000000,0.000000,4,-0.150000
9.050342,step,-0.150000,-0.081705,-0.449213,8,0.000000,0.000000,4,-0.150000
9.052644,step,-0.150000,-0.082446,-0.452411,8,0.000000,0.000000,4,-0.150000
9.054980,step,-0.150000,-0.083444,-0.447881,8,0.000000,0.000000,4,-0.150000
9.057394,step,-0.150000,-0.084339,-0.441219,8,0.000000,0.000000,4,-0.150000
9.059710,step,-0.150000,-0.085241,-0.439620,9,0.000000,0.000000,4,-0.150000
9.062575,step,-0.150000,-0.086394,-0.431893,9,0.000000,0.000000,4,-0.150000
9.065532,step,-0.150000,-0.087590,-0.436956,9,0.000000,0.000000,4,-0.150000
9.068495,step,-0.150000,-0.088773,-0.433758,9,0.000000,0.000000,4,-0.150000
9.071482,step,-0.150000,-0.089977,-0.429228,9,0.000000,0.000000,4,-0.150000
9.074700,step,-0.150000,-0.091283,-0.433758,9,0.000000,0.000000,4,-0.150000
9.077635,step,-0.150000,-0.092441,-0.432426,10,0.000000,0.000000,4,-0.150000
9.080767,step,-0.150000,-0.093733,-0.426830,10,0.000000,0.000000,4,-0.150000
9.084117,step,-0.150000,-0.095125,-0.429228,10,0.000000,0.000000,4,-0.150000
9.087330,step,-0.150000,-0.096397,-0.431893,10,0.000000,0.000000,4,-0.150000
9.090535,step,-0.150000,-0.097753,-0.431627,10,0.000000,0.000000,4,-0.150000
9.093337,step,-0.150000,-0.098854,-0.428429,10,0.000000,0.000000,4,-0.150000
9.096056,step,-0.150000,-0.099947,-0.428695,10,0.000000,0.000000,4,-0.150000
9.098866,step,-0.150000,-0.101047,-0.428695,10,0.000000,0.000000,4,-0.150000
9.101646,step,-0.150000,-0.102165,-0.424432,10,0.000000,0.000000,4,-0.150000
9.104589,step,-0.150000,-0.103293,-0.422300,10,0.000000,0.000000,4,-0.150000
9.107588,step,-0.150000,-0.104475,-0.421501,10,0.000000,0.000000,4,-0.150000
9.110565,step,-0.150000,-0.105650,-0.419369,10,0.000000,0.000000,4,-0.150000
9.113524,step,-0.150000,-0.106780,-0.418303,11,0.000000,0.000000,4,-0.150000
9.116775,step,-0.150000,-0.108120,-0.413241,11,0.000000,0.000000,4,-0.150000
9.119735,step,-0.150000,-0.109183,-0.419902,11,0.000000,0.000000,4,-0.150000
9.122682,step,-0.150000,-0.110402,-0.417238,11,0.000000,0.000000,4,-0.150000
9.125664,step,-0.150000,-0.111546,-0.413241,11,0.000000,0.000000,4,-0.150000
9.128613,step,-0.150000,-0.112542,-0.411109,11,0.000000,0.000000,4,-0.150000
9.131605,step,-0.150000,-0.113623,-0.408444,11,0.000000,0.000000,4,-0.150000
9.134382,step,-0.150000,-0.114574,-0.401783,11,0.000000,0.000000,4,-0.150000
9.137128,step,-0.150000,-0.115576,-0.386061,11,0.000000,0.000000,4,-0.150000
9.139933,step,-0.150000,-0.116240,-0.383663,12,0.000000,0.000000,4,-0.150000
9.143676,step,-0.150000,-0.117285,-0.372205,12,0.000000,0.000000,4,-0.150000
9.148154,step,-0.150000,-0.118671,-0.355951,12,0.000000,0.000000,4,-0.150000
9.151504,step,-0.150000,-0.119594,-0.350089,12,0.000000,0.000000,4,-0.150000
9.154716,step,-0.150000,-0.120348,-0.339431,12,0.000000,0.000000,4,-0.150000
9.156896,step,-0.150000,-0.120819,-0.329838,12,0.000000,0.000000,4,-0.150000
9.159056,step,-0.150000,-0.121167,-0.323443,12,0.000000,0.000000,4,-0.150000
9.161428,step,-0.150000,-0.121698,-0.320778,12,0.000000,0.000000,4,-0.150000
9.164339,step,-0.150000,-0.122319,-0.316515,12,0.000000,0.000000,4,-0.150000
9.167045,step,-0.150000,-0.123021,-0.306389,12,0.000000,0.000000,4,-0.150000
9.170101,step,-0.150000,-0.123687,-0.299728,12,0.000000,0.000000,4,-0.150000
9.172730,step,-0.150000,-0.124231,-0.297329,12,0.000000,0.000000,4,-0.150000
9.175329,step,-0.150000,-0.124761,-0.289869,12,0.000000,0.000000,4,-0.150000
9.177905,step,-0.150000,-0.125257,-0.282674,12,0.000000,0.000000,4,-0.150000
9.180512,step,-0.150000,-0.125738,-0.278677,12,0.000000,0.000000,4,-0.150000
9.183162,step,-0.150000,-0.126195,-0.273348,13,0.000000,0.000000,4,-0.150000
9.186310,step,-0.150000,-0.126846,-0.263489,13,0.000000,0.000000,4,-0.150000
9.189263,step,-0.150000,-0.127337,-0.259758,13,0.000000,0.000000,4,-0.150000
9.192360,step,-0.150000,-0.127960,-0.253363,13,0.000000,0.000000,4,-0.150000
9.195732,step,-0.150000,-0.128566,-0.243238,13,0.000000,0.000000,4,-0.150000
9.198727,step,-0.150000,-0.129048,-0.237375,13,0.000000,0.000000,4,-0.150000
9.201672,step,-0.150000,-0.129575,-0.229648,13,0.000000,0.000000,4,-0.150000
9.204564,step,-0.150000,-0.129980,-0.225385,13,0.000000,0.000000,4,-0.150000
9.207157,step,-0.150000,-0.130416,-0.217124,13,0.000000,0.000000,4,-0.150000
9.210061,step,-0.150000,-0.130853,-0.210463,13,0.000000,0.000000,4,-0.150000
9.212638,step,-0.150000,-0.131190,-0.209397,13,0.000000,0.000000,4,-0.150000
9.215795,step,-0.150000,-0.131626,-0.203801,13,0.000000,0.000000,4,-0.150000
9.218765,step,-0.150000,-0.132065,-0.192610,13,0.000000,0.000000,4,-0.150000
9.221726,step,-0.150000,-0.132428,-0.188613,13,0.000000,0.000000,4,-0.150000
9.224684,step,-0.150000,-0.132782,-0.183816,13,0.000000,0.000000,4,-0.150000
9.228206,step,-0.150000,-0.133164,-0.175556,13,0.000000,0.000000,4,-0.150000
9.231406,step,-0.150000,-0.133517,-0.165697,13,0.000000,0.000000,4,-0.150000
9.234557,step,-0.150000,-0.133841,-0.161700,14,0.000000,0.000000,4,-0.150000
9.237334,step,-0.150000,-0.134119,-0.155039,14,0.000000,0.000000,4,-0.150000
9.240084,step,-0.150000,-0.134365,-0.149443,14,0.000000,0.000000,4,-0.150000
9.242831,step,-0.150000,-0.134576,-0.147045,14,0.000000,0.000000,4,-0.150000
9.245668,step,-0.150000,-0.134796,-0.137985,14,0.000000,0.000000,4,-0.150000
9.248601,step,-0.150000,-0.135011,-0.132656,14,0.000000,0.000000,4,-0.150000
9.251567,step,-0.150000,-0.135219,-0.126794,14,0.000000,0.000000,4,-0.150000
9.254511,step,-0.150000,-0.135372,-0.121731,14,0.000000,0.000000,4,-0.150000
9.257495,step,-0.150000,-0.135547,-0.110539,14,0.000000,0.000000,4,-0.150000
9.260462,step,-0.150000,-0.135704,-0.103878,14,0.000000,0.000000,4,-0.150000
9.263390,step,-0.150000,-0.135768,-0.100147,14,0.000000,0.000000,4,-0.150000
9.266477,step,-0.150000,-0.135945,-0.092953,14,0.000000,0.000000,4,-0.150000
9.269206,step,-0.150000,-0.136023,-0.088423,14,0.000000,0.000000,4,-0.150000
9.272005,step,-0.150000,-0.136046,-0.081495,14,0.000000,0.000000,4,-0.150000
9.274806,step,-0.150000,-0.136084,-0.075366,14,0.000000,0.000000,4,-0.150000
9.277769,step,-0.150000,-0.136111,-0.067372,14,0.000000,0.000000,4,-0.150000
9.281047,step,-0.150000,-0.136106,-0.059911,14,0.000000,0.000000,4,-0.150000
9.284304,step,-0.150000,-0.136164,-0.054049,14,0.000000,0.000000,4,-0.150000
9.287232,step,-0.150000,-0.136121,-0.047654,14,0.000000,0.000000,4,-0.150000
9.290231,step,-0.150000,-0.136095,-0.042325,14,0.000000,0.000000,4,-0.150000
9.293226,step,-0.150000,-0.136069,-0.033265,14,0.000000,0.000000,4,-0.150000
9.296198,step,-0.150000,-0.135953,-0.026337,14,0.000000,0.000000,4,-0.150000
9.299131,step,-0.150000,-0.135864,-0.023939,14,0.000000,0.000000,4,-0.150000
9.302101,step,-0.150000,-0.135789,-0.016745,14,0.000000,0.000000,4,-0.150000
9.305067,step,-0.150000,-0.135679,-0.009550,14,0.000000,0.000000,4,-0.150000
9.308052,step,-0.150000,-0.135584,-0.006352,14,0.000000,0.000000,4,-0.150000
9.310994,step,-0.150000,-0.135452,0.002441,14,0.000000,0.000000,4,-0.150000
9.314217,step,-0.150000,-0.135365,0.001908,14,0.000000,0.000000,4,-0.150000
9.317667,step,-0.150000,-0.135237,0.011767,14,0.000000,0.000000,4,-0.150000
9.321048,step,-0.150000,-0.135077,0.017096,14,0.000000,0.000000,4,-0.150000
9.324217,step,-0.150000,-0.134948,0.018162,14,0.000000,0.000000,4,-0.150000
9.327406,step,-0.150000,-0.134841,0.023491,14,0.000000,0.000000,4,-0.150000
9.330357,step,-0.150000,-0.134726,0.023758,14,0.000000,0.000000,4,-0.150000
9.333311,step,-0.150000,-0.134650,0.026156,14,0.000000,0.000000,4,-0.150000
9.336269,step,-0.150000,-0.134611,0.026422,14,0.000000,0.000000,4,-0.150000
9.339189,step,-0.150000,-0.134574,0.026955,14,0.000000,0.000000,4,-0.150000
9.342138,step,-0.150000,-0.134583,0.024024,14,0.000000,0.000000,4,-0.150000
9.345104,step,-0.150000,-0.134601,0.021893,14,0.000000,0.000000,4,-0.150000
9.348457,step,-0.150000,-0.134630,0.019761,14,0.000000,0.000000,4,-0.150000
9.351377,step,-0.150000,-0.134702,0.014432,14,0.000000,0.000000,4,-0.150000
9.354593,step,-0.150000,-0.134777,0.010701,14,0.000000,0.000000,4,-0.150000
9.357685,step,-0.150000,-0.134877,0.005372,14,0.000000,0.000000,4,-0.150000
9.361269,step,-0.150000,-0.134985,0.002974,14,0.000000,0.000000,4,-0.150000
9.364525,step,-0.150000,-0.135115,-0.001556,14,0.000000,0.000000,4,-0.150000
9.367862,step,-0.150000,-0.135246,-0.002356,14,0.000000,0.000000,4,-0.150000
9.370781,step,-0.150000,-0.135384,-0.009550,14,0.000000,0.000000,4,-0.150000
9.373723,step,-0.150000,-0.135502,-0.009816,14,0.000000,0.000000,4,-0.150000
9.376637,step,-0.150000,-0.135632,-0.012748,14,0.000000,0.000000,4,-0.150000
9.379378,step,-0.150000,-0.135761,-0.015679,14,0.000000,0.000000,4,-0.150000
9.382112,step,-0.150000,-0.135877,-0.017011,14,0.000000,0.000000,4,-0.150000
9.384891,step,-0.150000,-0.135979,-0.015412,14,0.000000,0.000000,4,-0.150000
9.387828,step,-0.150000,-0.136109,-0.018610,14,0.000000,0.000000,4,-0.150000
9.390746,step,-0.150000,-0.136153,-0.017544,14,0.000000,0.000000,4,-0.150000
9.393717,step,-0.150000,-0.136219,-0.017011,14,0.000000,0.000000,4,-0.150000
9.396734,step,-0.150000,-0.136278,-0.018610,14,0.000000,0.000000,4,-0.150000
9.400131,step,-0.150000,-0.136358,-0.015679,14,0.000000,0.000000,4,-0.150000
9.403327,step,-0.150000,-0.136367,-0.014346,14,0.000000,0.000000,4,-0.150000
9.406457,step,-0.150000,-0.136383,-0.013813,14,0.000000,0.000000,4,-0.150000
9.409386,step,-0.150000,-0.136358,-0.009816,14,0.000000,0.000000,4,-0.150000
9.412350,step,-0.150000,-0.136326,-0.009284,14,0.000000,0.000000,4,-0.150000
9.415307,step,-0.150000,-0.136335,-0.006885,14,0.000000,0.000000,4,-0.150000
9.418439,step,-0.150000,-0.136296,-0.003954,14,0.000000,0.000000,4,-0.150000
9.421178,step,-0.150000,-0.136295,-0.001556,14,0.000000,0.000000,4,-0.150000
9.424314,step,-0.150000,-0.136279,-0.001556,14,0.000000,0.000000,4,-0.150000
9.427228,step,-0.150000,-0.136248,0.003507,14,0.000000,0.000000,4,-0.150000
9.430483,step,-0.150000,-0.136233,0.002174,14,0.000000,0.000000,4,-0.150000
9.433778,step,-0.150000,-0.136217,0.002974,14,0.000000,0.000000,4,-0.150000
9.436862,step,-0.150000,-0.136205,0.002974,14,0.000000,0.000000,4,-0.150000
9.439614,step,-0.150000,-0.136204,0.005105,14,0.000000,0.000000,4,-0.150000
9.442390,step,-0.150000,-0.136205,0.001375,14,0.000000,0.000000,4,-0.150000
9.445143,step,-0.150000,-0.136215,0.002441,14,0.000000,0.000000,4,-0.150000
9.448334,step,-0.150000,-0.136260,0.002974,14,0.000000,0.000000,4,-0.150000
9.451535,step,-0.150000,-0.136277,-0.000490,14,0.000000,0.000000,4,-0.150000
9.454748,step,-0.150000,-0.136333,0.000309,14,0.000000,0.000000,4,-0.150000
9.457873,step,-0.150000,-0.136384,-0.000490,14,0.000000,0.000000,4,-0.150000
9.460786,step,-0.150000,-0.136455,-0.003421,14,0.000000,0.000000,4,-0.150000
9.463725,step,-0.150000,-0.136546,-0.005287,14,0.000000,0.000000,4,-0.150000
9.467292,step,-0.150000,-0.136640,-0.006619,14,0.000000,0.000000,4,-0.150000
9.470275,step,-0.150000,-0.136722,-0.009816,14,0.000000,0.000000,4,-0.150000
9.473223,step,-0.150000,-0.136802,-0.007418,14,0.000000,0.000000,4,-0.150000
9.476234,step,-0.150000,-0.136857,-0.011948,14,0.000000,0.000000,4,-0.150000
9.479185,step,-0.150000,-0.136928,-0.011149,14,0.000000,0.000000,4,-0.150000
9.482322,step,-0.150000,-0.137026,-0.012215,14,0.000000,0.000000,4,-0.150000
9.485285,step,-0.150000,-0.137103,-0.011682,14,0.000000,0.000000,4,-0.150000
9.488331,step,-0.150000,-0.137165,-0.010616,14,0.000000,0.000000,4,-0.150000
9.491476,step,-0.150000,-0.137236,-0.011415,14,0.000000,0.000000,4,-0.150000
9.494745,step,-0.150000,-0.137259,-0.010616,14,0.000000,0.000000,4,-0.150000
9.497978,step,-0.150000,-0.137306,-0.012215,14,0.000000,0.000000,4,-0.150000
9.500936,step,-0.150000,-0.137311,-0.009550,14,0.000000,0.000000,4,-0.150000
9.503916,step,-0.150000,-0.137313,-0.010083,14,0.000000,0.000000,4,-0.150000
9.506871,step,-0.150000,-0.137340,-0.007685,14,0.000000,0.000000,4,-0.150000
9.509692,step,-0.150000,-0.137360,-0.006885,14,0.000000,0.000000,4,-0.150000
9.512438,step,-0.150000,-0.137348,-0.004754,14,0.000000,0.000000,4,-0.150000
9.515175,step,-0.150000,-0.137336,-0.003688,14,0.000000,0.000000,4,-0.150000
9.517990,step,-0.150000,-0.137322,-0.002356,14,0.000000,0.000000,4,-0.150000
9.520945,step,-0.150000,-0.137337,-0.003155,14,0.000000,0.000000,4,-0.150000
9.523923,step,-0.150000,-0.137333,-0.000490,14,0.000000,0.000000,4,-0.150000
9.526895,step,-0.150000,-0.137319,-0.001823,14,0.000000,0.000000,4,-0.150000
9.529866,step,-0.150000,-0.137341,0.001908,14,0.000000,0.000000,4,-0.150000
9.532830,step,-0.150000,-0.137339,0.000309,14,0.000000,0.000000,4,-0.150000
9.535795,step,-0.150000,-0.137342,0.002441,14,0.000000,0.000000,4,-0.150000
9.538742,step,-0.150000,-0.137344,0.002707,14,0.000000,0.000000,4,-0.150000
9.541665,step,-0.150000,-0.137345,0.003240,14,0.000000,0.000000,4,-0.150000
9.544593,step,-0.150000,-0.137363,0.005105,14,0.000000,0.000000,4,-0.150000
9.547563,step,-0.150000,-0.137382,0.000043,14,0.000000,0.000000,4,-0.150000
9.550549,step,-0.150000,-0.137433,-0.001023,14,0.000000,0.000000,4,-0.150000
9.553619,step,-0.150000,-0.137472,-0.001023,14,0.000000,0.000000,4,-0.150000
9.557363,step,-0.150000,-0.137531,-0.002622,14,0.000000,0.000000,4,-0.150000
9.560227,step,-0.150000,-0.137575,-0.003688,14,0.000000,0.000000,4,-0.150000
9.563041,step,-0.150000,-0.137631,-0.004221,14,0.000000,0.000000,4,-0.150000
9.565783,step,-0.150000,-0.137685,-0.005553,14,0.000000,0.000000,4,-0.150000
9.568502,step,-0.150000,-0.137761,-0.006885,14,0.000000,0.000000,4,-0.150000
9.571213,step,-0.150000,-0.137811,-0.006885,14,0.000000,0.000000,4,-0.150000
9.574024,step,-0.150000,-0.137884,-0.006885,14,0.000000,0.000000,4,-0.150000
9.576782,step,-0.150000,-0.137951,-0.011149,14,0.000000,0.000000,4,-0.150000
9.579756,step,-0.150000,-0.138020,-0.009550,14,0.000000,0.000000,4,-0.150000
9.582969,step,-0.150000,-0.138089,-0.011415,14,0.000000,0.000000,4,-0.150000
9.586224,step,-0.150000,-0.138151,-0.013014,14,0.000000,0.000000,4,-0.150000
9.589393,step,-0.150000,-0.138186,-0.012748,14,0.000000,0.000000,4,-0.150000
9.592358,step,-0.150000,-0.138214,-0.012481,14,0.000000,0.000000,4,-0.150000
9.595328,step,-0.150000,-0.138256,-0.011415,14,0.000000,0.000000,4,-0.150000
9.598614,step,-0.150000,-0.138309,-0.012481,14,0.000000,0.000000,4,-0.150000
9.601730,step,-0.150000,-0.138326,-0.010083,14,0.000000,0.000000,4,-0.150000
9.605137,step,-0.150000,-0.138344,-0.011149,14,0.000000,0.000000,4,-0.150000
9.608393,step,-0.150000,-0.138386,-0.009284,14,0.000000,0.000000,4,-0.150000
9.611433,step,-0.150000,-0.138355,-0.007418,14,0.000000,0.000000,4,-0.150000
9.613992,step,-0.150000,-0.138358,-0.005287,14,0.000000,0.000000,4,-0.150000
9.616389,step,-0.150000,-0.138347,-0.007418,14,0.000000,0.000000,4,-0.150000
9.618478,step,-0.150000,-0.138331,-0.005820,14,0.000000,0.000000,4,-0.150000
9.620593,step,-0.150000,-0.138329,-0.001556,14,0.000000,0.000000,4,-0.150000
9.622792,step,-0.150000,-0.138327,-0.000757,14,0.000000,0.000000,4,-0.150000
9.625189,step,-0.150000,-0.138331,-0.003954,14,0.000000,0.000000,4,-0.150000
9.627702,step,-0.150000,-0.138308,-0.003421,14,0.000000,0.000000,4,-0.150000
9.630938,step,-0.150000,-0.138301,0.000309,14,0.000000,0.000000,4,-0.150000
9.633465,step,-0.150000,-0.138296,0.001108,14,0.000000,0.000000,4,-0.150000
9.636148,step,-0.150000,-0.138302,-0.000757,14,0.000000,0.000000,4,-0.150000
9.638517,step,-0.150000,-0.138351,0.001641,14,0.000000,0.000000,4,-0.150000
9.640945,step,-0.150000,-0.138387,-0.001023,14,0.000000,0.000000,4,-0.150000
9.643310,step,-0.150000,-0.138404,0.001108,14,0.000000,0.000000,4,-0.150000
9.645651,step,-0.150000,-0.138433,0.000043,14,0.000000,0.000000,4,-0.150000
9.647969,step,-0.150000,-0.138455,0.000043,14,0.000000,0.000000,4,-0.150000
9.650606,step,-0.150000,-0.138460,-0.000224,14,0.000000,0.000000,4,-0.150000
9.653408,step,-0.150000,-0.138486,-0.000757,14,0.000000,0.000000,4,-0.150000
9.655883,step,-0.150000,-0.138531,0.000576,14,0.000000,0.000000,4,-0.150000
9.658276,step,-0.150000,-0.138557,-0.003155,14,0.000000,0.000000,4,-0.150000
9.660627,step,-0.150000,-0.138588,-0.005553,14,0.000000,0.000000,4,-0.150000
9.663226,step,-0.150000,-0.138672,-0.002888,14,0.000000,0.000000,4,-0.150000
9.665688,step,-0.150000,-0.138691,-0.003688,14,0.000000,0.000000,4,-0.150000
9.668120,step,-0.150000,-0.138747,-0.004754,14,0.000000,0.000000,4,-0.150000
9.670441,step,-0.150000,-0.138797,-0.005820,14,0.000000,0.000000,4,-0.150000
9.672769,step,-0.150000,-0.138869,-0.005553,14,0.000000,0.000000,4,-0.150000
9.675183,step,-0.150000,-0.138922,-0.009550,14,0.000000,0.000000,4,-0.150000
9.677946,step,-0.150000,-0.138975,-0.011682,14,0.000000,0.000000,4,-0.150000
9.680284,step,-0.150000,-0.139014,-0.007685,14,0.000000,0.000000,4,-0.150000
9.682641,step,-0.150000,-0.139045,-0.005553,14,0.000000,0.000000,4,-0.150000
9.685105,step,-0.150000,-0.139066,-0.010882,14,0.000000,0.000000,4,-0.150000
9.687607,step,-0.150000,-0.139120,-0.012748,14,0.000000,0.000000,4,-0.150000
9.690000,step,-0.150000,-0.139187,-0.011948,14,0.000000,0.000000,4,-0.150000
9.692409,step,-0.150000,-0.139238,-0.009816,14,0.000000,0.000000,4,-0.150000
9.694729,step,-0.150000,-0.139271,-0.009284,14,0.000000,0.000000,4,-0.150000
9.697011,step,-0.150000,-0.139304,-0.012215,14,0.000000,0.000000,4,-0.150000
9.699303,step,-0.150000,-0.139316,-0.010616,14,0.000000,0.000000,4,-0.150000
9.701989,step,-0.150000,-0.139328,-0.010349,14,0.000000,0.000000,4,-0.150000
9.704760,step,-0.150000,-0.139347,-0.010616,14,0.000000,0.000000,4,-0.150000
9.707509,step,-0.150000,-0.139345,-0.005820,14,0.000000,0.000000,4,-0.150000
9.710307,step,-0.150000,-0.139352,-0.009284,14,0.000000,0.000000,4,-0.150000
9.713504,step,-0.150000,-0.139358,-0.007951,14,0.000000,0.000000,4,-0.150000
9.716683,step,-0.150000,-0.139344,-0.007418,14,0.000000,0.000000,4,-0.150000
9.719859,step,-0.150000,-0.139356,-0.005020,14,0.000000,0.000000,4,-0.150000
9.722680,step,-0.150000,-0.139344,-0.003688,14,0.000000,0.000000,4,-0.150000
9.725442,step,-0.150000,-0.139333,-0.004487,14,0.000000,0.000000,4,-0.150000
9.728321,step,-0.150000,-0.139337,-0.002089,14,0.000000,0.000000,4,-0.150000
9.731096,step,-0.150000,-0.139341,-0.000757,14,0.000000,0.000000,4,-0.150000
9.734281,step,-0.150000,-0.139350,-0.001823,14,0.000000,0.000000,4,-0.150000
9.737498,step,-0.150000,-0.139329,0.000842,14,0.000000,0.000000,4,-0.150000
9.740638,step,-0.150000,-0.139323,0.000842,14,0.000000,0.000000,4,-0.150000
9.743847,step,-0.150000,-0.139324,-0.000490,14,0.000000,0.000000,4,-0.150000
9.747061,step,-0.150000,-0.139334,0.001908,14,0.000000,0.000000,4,-0.150000
9.750296,step,-0.150000,-0.139336,0.000043,14,0.000000,0.000000,4,-0.150000
9.753067,step,-0.150000,-0.139375,-0.001023,14,0.000000,0.000000,4,-0.150000
9.755839,step,-0.150000,-0.139403,-0.002622,14,0.000000,0.000000,4,-0.150000
9.758575,step,-0.150000,-0.139432,-0.001823,14,0.000000,0.000000,4,-0.150000
9.761461,step,-0.150000,-0.139458,-0.002089,14,0.000000,0.000000,4,-0.150000
9.764672,step,-0.150000,-0.139478,-0.001023,14,0.000000,0.000000,4,-0.150000
9.767876,step,-0.150000,-0.139489,-0.006086,14,0.000000,0.000000,4,-0.150000
9.771028,step,-0.150000,-0.139540,-0.003688,14,0.000000,0.000000,4,-0.150000
9.774025,step,-0.150000,-0.139599,-0.007418,14,0.000000,0.000000,4,-0.150000
9.776985,step,-0.150000,-0.139642,-0.009550,14,0.000000,0.000000,4,-0.150000
9.780342,step,-0.150000,-0.139700,-0.009284,14,0.000000,0.000000,4,-0.150000
9.783513,step,-0.150000,-0.139774,-0.009017,14,0.000000,0.000000,4,-0.150000
9.787045,step,-0.150000,-0.139790,-0.007418,14,0.000000,0.000000,4,-0.150000
9.790299,step,-0.150000,-0.139854,-0.009816,14,0.000000,0.000000,4,-0.150000
9.793356,step,-0.150000,-0.139915,-0.011948,14,0.000000,0.000000,4,-0.150000
9.796470,step,-0.150000,-0.139955,-0.008218,14,0.000000,0.000000,4,-0.150000
9.799393,step,-0.150000,-0.140013,-0.012481,14,0.000000,0.000000,4,-0.150000
9.802634,step,-0.150000,-0.140034,-0.008218,14,0.000000,0.000000,4,-0.150000
9.805596,step,-0.150000,-0.140073,-0.009550,14,0.000000,0.000000,4,-0.150000
9.808567,step,-0.150000,-0.140078,-0.007685,14,0.000000,0.000000,4,-0.150000
9.811504,step,-0.150000,-0.140080,-0.006885,14,0.000000,0.000000,4,-0.150000
9.814758,step,-0.150000,-0.140107,-0.008218,14,0.000000,0.000000,4,-0.150000
9.817705,step,-0.150000,-0.140110,-0.005820,14,0.000000,0.000000,4,-0.150000
9.821012,coast,0.000000,-0.140101,-0.004221,14,0.000000,0.000000,4,0.000000
9.824050,coast,0.000000,-0.140118,-0.007951,14,0.000000,0.000000,4,0.000000
9.827011,coast,0.000000,-0.139798,-0.012481,14,0.000000,0.000000,4,0.000000
9.830319,coast,0.000000,-0.139267,0.014432,14,0.000000,0.000000,4,0.000000
9.833284,coast,0.000000,-0.138947,0.027222,14,0.000000,0.000000,4,0.000000
9.836232,coast,0.000000,-0.138440,0.036282,14,0.000000,0.000000,4,0.000000
9.839184,coast,0.000000,-0.138182,0.049871,14,0.000000,0.000000,4,0.000000
9.842143,coast,0.000000,-0.137701,0.058131,14,0.000000,0.000000,4,0.000000
9.845112,coast,0.000000,-0.137167,0.062928,14,0.000000,0.000000,4,0.000000
9.848457,coast,0.000000,-0.136846,0.072520,14,0.000000,0.000000,4,0.000000
9.851388,coast,0.000000,-0.136352,0.083179,14,0.000000,0.000000,4,0.000000
9.854495,coast,0.000000,-0.135919,0.093571,14,0.000000,0.000000,4,0.000000
9.857681,coast,0.000000,-0.135423,0.095969,14,0.000000,0.000000,4,0.000000
9.861000,coast,0.000000,-0.134825,0.111957,14,0.000000,0.000000,4,0.000000
9.864417,coast,0.000000,-0.134175,0.121283,14,0.000000,0.000000,4,0.000000
9.867346,coast,0.000000,-0.133499,0.128478,14,0.000000,0.000000,4,0.000000
9.870554,coast,0.000000,-0.132823,0.142334,14,0.000000,0.000000,4,0.000000
9.873607,coast,0.000000,-0.132156,0.152992,14,0.000000,0.000000,4,0.000000
9.877135,coast,0.000000,-0.131262,0.160187,14,0.000000,0.000000,4,0.000000
9.880360,coast,0.000000,-0.130447,0.173243,14,0.000000,0.000000,4,0.000000
9.883504,coast,0.000000,-0.129599,0.190563,13,0.000000,0.000000,4,0.000000
9.886475,coast,0.000000,-0.128656,0.194827,13,0.000000,0.000000,4,0.000000
9.889447,coast,0.000000,-0.127719,0.207617,13,0.000000,0.000000,4,0.000000
9.892399,coast,0.000000,-0.126870,0.223338,13,0.000000,0.000000,4,0.000000
9.895351,coast,0.000000,-0.125863,0.226269,13,0.000000,0.000000,4,0.000000
9.898284,coast,0.000000,-0.124846,0.241458,13,0.000000,0.000000,4,0.000000
9.901210,coast,0.000000,-0.123881,0.250251,13,0.000000,0.000000,4,0.000000
9.904164,coast,0.000000,-0.122854,0.264107,13,0.000000,0.000000,4,0.000000
9.907112,coast,0.000000,-0.121742,0.268104,13,0.000000,0.000000,4,0.000000
9.910090,coast,0.000000,-0.120655,0.280628,13,0.000000,0.000000,4,0.000000
9.913054,coast,0.000000,-0.119566,0.292352,13,0.000000,0.000000,4,0.000000
9.916482,coast,0.000000,-0.118228,0.304076,13,0.000000,0.000000,4,0.000000
9.919676,coast,0.000000,-0.116942,0.315801,12,0.000000,0.000000,4,0.000000
9.923155,coast,0.000000,-0.115542,0.331255,12,0.000000,0.000000,4,0.000000
9.926162,coast,0.000000,-0.114208,0.338983,12,0.000000,0.000000,4,0.000000
9.929133,coast,0.000000,-0.112885,0.351507,12,0.000000,0.000000,4,0.000000
9.932123,coast,0.000000,-0.111560,0.363231,12,0.000000,0.000000,4,0.000000
9.935201,coast,0.000000,-0.110090,0.378419,12,0.000000,0.000000,4,0.000000
9.938790,coast,0.000000,-0.108332,0.392009,12,0.000000,0.000000,4,0.000000
9.941963,coast,0.000000,-0.106621,0.405332,12,0.000000,0.000000,4,0.000000
9.945152,coast,0.000000,-0.104929,0.419188,12,0.000000,0.000000,4,0.000000
9.948395,coast,0.000000,-0.103166,0.425317,12,0.000000,0.000000,4,0.000000
9.951931,coast,0.000000,-0.101326,0.431445,12,0.000000,0.000000,4,0.000000
9.955057,coast,0.000000,-0.099897,0.438107,12,0.000000,0.000000,4,0.000000
9.958069,coast,0.000000,-0.098554,0.441038,11,0.000000,0.000000,4,0.000000
9.961026,coast,0.000000,-0.097291,0.446101,11,0.000000,0.000000,4,0.000000
9.964354,coast,0.000000,-0.095967,0.448499,11,0.000000,0.000000,4,0.000000
9.967328,coast,0.000000,-0.094703,0.446101,11,0.000000,0.000000,4,0.000000
9.970322,coast,0.000000,-0.093512,0.446634,11,0.000000,0.000000,4,0.000000
9.973304,coast,0.000000,-0.092220,0.446367,11,0.000000,0.000000,4,0.000000
9.976273,coast,0.000000,-0.090875,0.443170,11,0.000000,0.000000,4,0.000000
9.979515,coast,0.000000,-0.089507,0.448233,10,0.000000,0.000000,4,0.000000
9.982491,coast,0.000000,-0.088127,0.453295,10,0.000000,0.000000,4,0.000000
9.985870,coast,0.000000,-0.086427,0.455960,10,0.000000,0.000000,4,0.000000
9.989059,coast,0.000000,-0.084787,0.465020,10,0.000000,0.000000,4,0.000000
9.992278,coast,0.000000,-0.083114,0.466885,10,0.000000,0.000000,4,0.000000
9.995455,coast,0.000000,-0.081497,0.473014,10,0.000000,0.000000,4,0.000000
9.998409,coast,0.000000,-0.080037,0.477277,10,0.000000,0.000000,4,0.000000
10.001341,coast,0.000000,-0.078569,0.484205,10,0.000000,0.000000,4,0.000000
10.004521,coast,0.000000,-0.077023,0.486337,10,0.000000,0.000000,4,0.000000
10.007322,coast,0.000000,-0.075578,0.487669,10,0.000000,0.000000,4,0.000000
10.010070,coast,0.000000,-0.074181,0.492465,9,0.000000,0.000000,4,0.000000
10.012914,coast,0.000000,-0.072697,0.497262,9,0.000000,0.000000,4,0.000000
10.015726,coast,0.000000,-0.071132,0.501259,9,0.000000,0.000000,4,0.000000
10.018670,coast,0.000000,-0.069463,0.509252,9,0.000000,0.000000,4,0.000000
10.021613,coast,0.000000,-0.067776,0.515115,9,0.000000,0.000000,4,0.000000
10.024549,coast,0.000000,-0.066072,0.526040,9,0.000000,0.000000,4,0.000000
10.027522,coast,0.000000,-0.064326,0.533501,9,0.000000,0.000000,4,0.000000
10.030510,coast,0.000000,-0.062442,0.540429,8,0.000000,0.000000,4,0.000000
10.033470,coast,0.000000,-0.060664,0.548689,8,0.000000,0.000000,4,0.000000
10.036333,coast,0.000000,-0.058943,0.555883,8,0.000000,0.000000,4,0.000000
10.039065,coast,0.000000,-0.057236,0.565476,8,0.000000,0.000000,4,0.000000
10.041801,coast,0.000000,-0.055758,0.579332,8,0.000000,0.000000,4,0.000000
10.044518,coast,0.000000,-0.053927,0.573203,8,0.000000,0.000000,4,0.000000
10.047378,coast,0.000000,-0.052727,0.560946,8,0.000000,0.000000,4,0.000000
10.050656,coast,0.000000,-0.051065,0.557482,8,0.000000,0.000000,4,0.000000
10.053873,coast,0.000000,-0.049327,0.563611,8,0.000000,0.000000,4,0.000000
10.057320,coast,0.000000,-0.047550,0.555350,8,0.000000,0.000000,4,0.000000
10.060764,coast,0.000000,-0.045842,0.555617,7,0.000000,0.000000,4,0.000000
10.063722,coast,0.000000,-0.044237,0.553485,7,0.000000,0.000000,4,0.000000
10.066667,coast,0.000000,-0.042746,0.535632,7,0.000000,0.000000,4,0.000000
10.069675,coast,0.000000,-0.041303,0.550021,7,0.000000,0.000000,4,0.000000
10.072627,coast,0.000000,-0.039675,0.556416,6,0.000000,0.000000,4,0.000000
10.075927,coast,0.000000,-0.037705,0.551886,6,0.000000,0.000000,4,0.000000
10.078890,coast,0.000000,-0.036101,0.552419,6,0.000000,0.000000,4,0.000000
10.082059,coast,0.000000,-0.034493,0.556416,6,0.000000,0.000000,4,0.000000
10.085047,coast,0.000000,-0.032730,0.557216,6,0.000000,0.000000,4,0.000000
10.088193,coast,0.000000,-0.031021,0.558282,6,0.000000,0.000000,4,0.000000
10.090951,coast,0.000000,-0.029547,0.558282,6,0.000000,0.000000,4,0.000000
10.093707,coast,0.000000,-0.028004,0.563877,6,0.000000,0.000000,4,0.000000
10.096567,coast,0.000000,-0.026352,0.559614,6,0.000000,0.000000,4,0.000000
10.099757,coast,0.000000,-0.024546,0.565210,5,0.000000,0.000000,4,0.000000
10.102932,coast,0.000000,-0.022802,0.572404,5,0.000000,0.000000,4,0.000000
10.106115,coast,0.000000,-0.020759,0.573736,5,0.000000,0.000000,4,0.000000
10.109099,coast,0.000000,-0.018969,0.565743,5,0.000000,0.000000,4,0.000000
10.112065,coast,0.000000,-0.017341,0.572138,5,0.000000,0.000000,4,0.000000
10.115090,coast,0.000000,-0.015411,0.553752,4,0.000000,0.000000,4,0.000000
10.118336,coast,0.000000,-0.013953,0.553752,4,0.000000,0.000000,4,0.000000
10.121504,coast,0.000000,-0.012723,0.548422,4,0.000000,0.000000,4,0.000000
10.124689,coast,0.000000,-0.011339,0.543626,4,0.000000,0.000000,4,0.000000
10.128050,coast,0.000000,-0.009939,0.526040,4,0.000000,0.000000,4,0.000000
10.131024,coast,0.000000,-0.008583,0.518046,4,0.000000,0.000000,4,0.000000
10.134010,coast,0.000000,-0.007514,0.522043,4,0.000000,0.000000,4,0.000000
10.136975,coast,0.000000,-0.005894,0.513782,4,0.000000,0.000000,4,0.000000
10.139917,coast,0.000000,-0.004499,0.506588,4,0.000000,0.000000,4,0.000000
10.142886,coast,0.000000,-0.003260,0.509785,3,0.000000,0.000000,4,0.000000
10.146171,coast,0.000000,-0.001468,0.503923,3,0.000000,0.000000,4,0.000000
10.149158,coast,0.000000,-0.000203,0.494863,3,0.000000,0.000000,4,0.000000
10.152168,coast,0.000000,0.001261,0.487935,3,0.000000,0.000000,4,0.000000
10.155119,coast,0.000000,0.002455,0.491932,3,0.000000,0.000000,4,0.000000
10.158130,coast,0.000000,0.003788,0.481007,3,0.000000,0.000000,4,0.000000
10.161088,coast,0.000000,0.005136,0.471948,3,0.000000,0.000000,4,0.000000
10.164141,coast,0.000000,0.006195,0.473280,3,0.000000,0.000000,4,0.000000
10.167103,coast,0.000000,0.007455,0.463421,3,0.000000,0.000000,4,0.000000
10.170276,coast,0.000000,0.008788,0.461822,2,0.000000,0.000000,4,0.000000
10.173222,coast,0.000000,0.009891,0.454095,2,0.000000,0.000000,4,0.000000
10.176173,coast,0.000000,0.011095,0.454095,2,0.000000,0.000000,4,0.000000
10.179152,coast,0.000000,0.012301,0.452229,2,0.000000,0.000000,4,0.000000
10.182499,coast,0.000000,0.013765,0.447167,2,0.000000,0.000000,4,0.000000
10.185721,coast,0.000000,0.015197,0.444502,2,0.000000,0.000000,4,0.000000
10.188679,coast,0.000000,0.016371,0.442104,2,0.000000,0.000000,4,0.000000
10.191699,coast,0.000000,0.017678,0.438906,2,0.000000,0.000000,4,0.000000
10.194657,coast,0.000000,0.018786,0.439173,2,0.000000,0.000000,4,0.000000
10.197634,coast,0.000000,0.020019,0.437041,2,0.000000,0.000000,4,0.000000
10.200686,coast,0.000000,0.021359,0.433311,2,0.000000,0.000000,4,0.000000
10.203296,coast,0.000000,0.022517,0.412793,1,0.000000,0.000000,4,0.000000
10.206169,coast,0.000000,0.023322,0.411461,1,0.000000,0.000000,4,0.000000
10.208838,coast,0.000000,0.023754,0.402401,1,0.000000,0.000000,4,0.000000
10.211859,coast,0.000000,0.024811,0.396006,1,0.000000,0.000000,4,0.000000
10.214778,coast,0.000000,0.025609,0.377354,1,0.000000,0.000000,4,0.000000
10.217729,coast,0.000000,0.026306,0.364830,1,0.000000,0.000000,4,0.000000
10.221029,coast,0.000000,0.027082,0.353638,1,0.000000,0.000000,4,0.000000
10.223995,coast,0.000000,0.027629,0.332055,1,0.000000,0.000000,4,0.000000
10.227223,coast,0.000000,0.028196,0.311804,1,0.000000,0.000000,4,0.000000
10.230482,coast,0.000000,0.028753,0.303810,1,0.000000,0.000000,4,0.000000
10.233710,coast,0.000000,0.029339,0.285157,0,0.000000,0.000000,4,0.000000
10.236915,coast,0.000000,0.029973,0.277164,0,0.000000,0.000000,4,0.000000
10.240137,coast,0.000000,0.030490,0.269436,0,0.000000,0.000000,4,0.000000
10.243144,coast,0.000000,0.031088,0.258778,0,0.000000,0.000000,4,0.000000
10.246115,coast,0.000000,0.031567,0.246254,0,0.000000,0.000000,4,0.000000
10.249072,coast,0.000000,0.031956,0.234796,0,0.000000,0.000000,4,0.000000
10.252055,coast,0.000000,0.032391,0.226536,0,0.000000,0.000000,4,0.000000
10.255013,coast,0.000000,0.032734,0.212147,0,0.000000,0.000000,4,0.000000
10.258304,coast,0.000000,0.033172,0.200156,0,0.000000,0.000000,4,0.000000
10.261338,coast,0.000000,0.033430,0.195093,0,0.000000,0.000000,4,0.000000
10.264671,coast,0.000000,0.033766,0.182569,0,0.000000,0.000000,4,0.000000
10.267882,coast,0.000000,0.034086,0.169779,0,0.000000,0.000000,4,0.000000
10.270993,coast,0.000000,0.034291,0.163384,0,0.000000,0.000000,4,0.000000
10.273941,coast,0.000000,0.034512,0.149528,0,0.000000,0.000000,4,0.000000
10.276904,coast,0.000000,0.034749,0.144199,0,0.000000,0.000000,4,0.000000
10.279883,coast,0.000000,0.034883,0.133540,0,0.000000,0.000000,4,0.000000
10.282882,coast,0.000000,0.035048,0.124214,0,0.000000,0.000000,4,0.000000
10.285833,coast,0.000000,0.035198,0.113556,0,0.000000,0.000000,4,0.000000
10.288759,coast,0.000000,0.035255,0.102897,0,0.000000,0.000000,4,0.000000
10.291864,coast,0.000000,0.035323,0.096502,0,0.000000,0.000000,4,0.000000
10.295045,coast,0.000000,0.035393,0.085844,0,0.000000,0.000000,4,0.000000
10.298543,coast,0.000000,0.035450,0.074652,0,0.000000,0.000000,4,0.000000
10.301927,coast,0.000000,0.035431,0.063994,0,0.000000,0.000000,4,0.000000
10.304887,coast,0.000000,0.035409,0.057066,0,0.000000,0.000000,4,0.000000
10.307867,coast,0.000000,0.035359,0.045874,0,0.000000,0.000000,4,0.000000
10.311124,coast,0.000000,0.035259,0.037347,0,0.000000,0.000000,4,0.000000
10.314412,coast,0.000000,0.035137,0.028821,0,0.000000,0.000000,4,0.000000
10.317335,coast,0.000000,0.035055,0.021093,0,0.000000,0.000000,4,0.000000
10.320284,coast,0.000000,0.034866,0.009635,-1,0.000000,0.000000,4,0.000000
10.323048,coast,0.000000,0.034659,0.001908,-1,0.000000,0.000000,4,0.000000
10.325831,coast,0.000000,0.034469,-0.004221,-1,0.000000,0.000000,4,0.000000
10.328562,coast,0.000000,0.034279,-0.010349,-1,0.000000,0.000000,4,0.000000
10.331368,coast,0.000000,0.034070,-0.019676,-1,0.000000,0.000000,4,0.000000
10.334336,coast,0.000000,0.033799,-0.028469,-1,0.000000,0.000000,4,0.000000
10.337295,coast,0.000000,0.033584,-0.036729,-1,0.000000,0.000000,4,0.000000
10.340556,coast,0.000000,0.033276,-0.045789,-1,0.000000,0.000000,4,0.000000
10.343540,coast,0.000000,0.032954,-0.051385,-1,0.000000,0.000000,4,0.000000
10.346493,coast,0.000000,0.032642,-0.058046,-1,0.000000,0.000000,4,0.000000
10.349470,coast,0.000000,0.032315,-0.066839,-1,0.000000,0.000000,4,0.000000
10.352599,coast,0.000000,0.031963,-0.073235,-1,0.000000,0.000000,4,0.000000
10.355807,coast,0.000000,0.031612,-0.077231,-1,0.000000,0.000000,4,0.000000
10.359009,coast,0.000000,0.031238,-0.084959,-1,0.000000,0.000000,4,0.000000
10.362238,coast,0.000000,0.030867,-0.088956,-1,0.000000,0.000000,4,0.000000
10.365447,coast,0.000000,0.030459,-0.096417,-1,0.000000,0.000000,4,0.000000
10.368644,coast,0.000000,0.030046,-0.104677,-1,0.000000,0.000000,4,0.000000
10.371826,coast,0.000000,0.029626,-0.109473,-1,0.000000,0.000000,4,0.000000
10.374776,coast,0.000000,0.029251,-0.116668,-1,0.000000,0.000000,4,0.000000
10.377733,coast,0.000000,0.028807,-0.120665,-1,0.000000,0.000000,4,0.000000
10.380685,coast,0.000000,0.028381,-0.122264,-1,0.000000,0.000000,4,0.000000
10.383772,coast,0.000000,0.028034,-0.128659,-1,0.000000,0.000000,4,0.000000
10.386933,coast,0.000000,0.027550,-0.131590,-1,0.000000,0.000000,4,0.000000
10.390114,coast,0.000000,0.027101,-0.139317,-1,0.000000,0.000000,4,0.000000
10.393206,coast,0.000000,0.026616,-0.143048,-1,0.000000,0.000000,4,0.000000
10.396319,coast,0.000000,0.026155,-0.142781,-1,0.000000,0.000000,4,0.000000
10.399287,coast,0.000000,0.025709,-0.149976,-1,0.000000,0.000000,4,0.000000
10.402481,coast,0.000000,0.025173,-0.153706,-1,0.000000,0.000000,4,0.000000
10.405706,coast,0.000000,0.024648,-0.158503,-1,0.000000,0.000000,4,0.000000
10.408663,coast,0.000000,0.024161,-0.161700,-1,0.000000,0.000000,4,0.000000
10.411607,coast,0.000000,0.023646,-0.162766,-1,0.000000,0.000000,4,0.000000
10.414549,coast,0.000000,0.023122,-0.167296,-1,0.000000,0.000000,4,0.000000
10.417489,coast,0.000000,0.022605,-0.172625,-1,0.000000,0.000000,4,0.000000
10.420465,coast,0.000000,0.022073,-0.175823,-1,0.000000,0.000000,4,0.000000
10.423447,coast,0.000000,0.021544,-0.178754,-1,0.000000,0.000000,4,0.000000
10.426416,coast,0.000000,0.020974,-0.181685,-1,0.000000,0.000000,4,0.000000
10.429378,coast,0.000000,0.020415,-0.187280,-1,0.000000,0.000000,4,0.000000
10.432347,coast,0.000000,0.019845,-0.189412,-1,0.000000,0.000000,4,0.000000
10.435301,coast,0.000000,0.019251,-0.191277,-1,0.000000,0.000000,4,0.000000
10.438238,coast,0.000000,0.018677,-0.195541,-1,0.000000,0.000000,4,0.000000
10.441180,coast,0.000000,0.018050,-0.198472,-1,0.000000,0.000000,4,0.000000
10.444147,coast,0.000000,0.017479,-0.198472,-1,0.000000,0.000000,4,0.000000
10.447099,coast,0.000000,0.016864,-0.204601,-1,0.000000,0.000000,4,0.000000
10.450076,coast,0.000000,0.016286,-0.204867,-1,0.000000,0.000000,4,0.000000
10.453334,coast,0.000000,0.015589,-0.208065,-1,0.000000,0.000000,4,0.000000
10.456836,coast,0.000000,0.014839,-0.214460,-1,0.000000,0.000000,4,0.000000
10.460075,coast,0.000000,0.014144,-0.214193,-1,0.000000,0.000000,4,0.000000
10.463293,coast,0.000000,0.013453,-0.220588,-1,0.000000,0.000000,4,0.000000
10.466260,coast,0.000000,0.012812,-0.217924,-1,0.000000,0.000000,4,0.000000
10.469186,coast,0.000000,0.012176,-0.224052,-1,0.000000,0.000000,4,0.000000
10.472207,coast,0.000000,0.011525,-0.224052,-1,0.000000,0.000000,4,0.000000
10.475392,coast,0.000000,0.010795,-0.225651,-1,0.000000,0.000000,4,0.000000
10.478543,coast,0.000000,0.010086,-0.233112,-1,0.000000,0.000000,4,0.000000
10.481700,coast,0.000000,0.009362,-0.232046,-1,0.000000,0.000000,4,0.000000
10.484878,coast,0.000000,0.008636,-0.234444,-1,0.000000,0.000000,4,0.000000
10.487837,coast,0.000000,0.007969,-0.236043,-1,0.000000,0.000000,4,0.000000
10.490765,coast,0.000000,0.007301,-0.236576,-1,0.000000,0.000000,4,0.000000
10.493739,coast,0.000000,0.006588,-0.240307,-1,0.000000,0.000000,4,0.000000
10.496957,coast,0.000000,0.005851,-0.241639,-1,0.000000,0.000000,4,0.000000
10.500165,coast,0.000000,0.005156,-0.240040,-1,0.000000,0.000000,4,0.000000
10.503394,coast,0.000000,0.004415,-0.245103,-1,0.000000,0.000000,4,0.000000
10.506344,coast,0.000000,0.003740,-0.247235,-1,0.000000,0.000000,4,0.000000
10.509293,coast,0.000000,0.003087,-0.248034,-1,0.000000,0.000000,4,0.000000
10.512400,coast,0.000000,0.002342,-0.248567,-1,0.000000,0.000000,4,0.000000
10.515485,coast,0.000000,0.001627,-0.248300,-1,0.000000,0.000000,4,0.000000
10.518994,coast,0.000000,0.000819,-0.248567,-1,0.000000,0.000000,4,0.000000
10.522577,coast,0.000000,0.000007,-0.249100,-1,0.000000,0.000000,4,0.000000
10.525651,coast,0.000000,-0.000716,-0.249633,-1,0.000000,0.000000,4,0.000000
10.528612,coast,0.000000,-0.001412,-0.250699,-1,0.000000,0.000000,4,0.000000
10.531566,coast,0.000000,-0.002082,-0.250699,-1,0.000000,0.000000,4,0.000000
10.534581,coast,0.000000,-0.002793,-0.251231,-1,0.000000,0.000000,4,0.000000
10.537794,coast,0.000000,-0.003555,-0.252297,-1,0.000000,0.000000,4,0.000000
10.540982,coast,0.000000,-0.004301,-0.253097,-1,0.000000,0.000000,4,0.000000
10.544463,coast,0.000000,-0.005087,-0.252564,-1,0.000000,0.000000,4,0.000000
10.547417,coast,0.000000,-0.005743,-0.253896,-1,0.000000,0.000000,4,0.000000
10.550333,coast,0.000000,-0.006420,-0.252031,-1,0.000000,0.000000,4,0.000000
10.553308,coast,0.000000,-0.007084,-0.251231,-1,0.000000,0.000000,4,0.000000
10.556348,coast,0.000000,-0.007777,-0.253097,-1,0.000000,0.000000,4,0.000000
10.559477,coast,0.000000,-0.008490,-0.250166,-1,0.000000,0.000000,4,0.000000
10.562229,coast,0.000000,-0.009076,-0.249899,-1,0.000000,0.000000,4,0.000000
10.565088,coast,0.000000,-0.009692,-0.251764,-1,0.000000,0.000000,4,0.000000
10.568359,coast,0.000000,-0.010411,-0.252297,-1,0.000000,0.000000,4,0.000000
10.571288,coast,0.000000,-0.011015,-0.248567,-1,0.000000,0.000000,4,0.000000
10.574281,coast,0.000000,-0.011662,-0.247501,-1,0.000000,0.000000,4,0.000000
10.577220,coast,0.000000,-0.012272,-0.247501,-1,0.000000,0.000000,4,0.000000
10.580473,coast,0.000000,-0.012963,-0.247235,-1,0.000000,0.000000,4,0.000000
10.583520,coast,0.000000,-0.013661,-0.243504,-1,0.000000,0.000000,4,0.000000
10.586347,coast,0.000000,-0.014229,-0.244037,-1,0.000000,0.000000,4,0.000000
10.589093,coast,0.000000,-0.014822,-0.240307,-1,0.000000,0.000000,4,0.000000
10.591864,coast,0.000000,-0.015382,-0.238441,-1,0.000000,0.000000,4,0.000000
10.594603,coast,0.000000,-0.015896,-0.236576,-1,0.000000,0.000000,4,0.000000
10.597554,coast,0.000000,-0.016450,-0.237109,-1,0.000000,0.000000,4,0.000000
10.600531,coast,0.000000,-0.017042,-0.234711,-1,0.000000,0.000000,4,0.000000
10.603520,coast,0.000000,-0.017645,-0.229914,-1,0.000000,0.000000,4,0.000000
10.606372,coast,0.000000,-0.018150,-0.232846,-1,0.000000,0.000000,4,0.000000
10.609100,coast,0.000000,-0.018657,-0.227250,-1,0.000000,0.000000,4,0.000000
10.611856,coast,0.000000,-0.019093,-0.225118,-1,0.000000,0.000000,4,0.000000
10.614590,coast,0.000000,-0.019563,-0.220588,-1,0.000000,0.000000,4,0.000000
10.617777,coast,0.000000,-0.020063,-0.221654,-1,0.000000,0.000000,4,0.000000
10.620969,coast,0.000000,-0.020612,-0.215526,-1,0.000000,0.000000,4,0.000000
10.624147,coast,0.000000,-0.021121,-0.213127,-1,0.000000,0.000000,4,0.000000
10.627339,coast,0.000000,-0.021580,-0.205933,-1,0.000000,0.000000,4,0.000000
10.630584,coast,0.000000,-0.022041,-0.205666,-1,0.000000,0.000000,4,0.000000
10.633766,coast,0.000000,-0.022484,-0.198738,-1,0.000000,0.000000,4,0.000000
10.636833,coast,0.000000,-0.022847,-0.189945,-1,0.000000,0.000000,4,0.000000
10.639869,coast,0.000000,-0.023144,-0.185948,-1,0.000000,0.000000,4,0.000000
10.642859,coast,0.000000,-0.023424,-0.176622,-1,0.000000,0.000000,4,0.000000
10.645780,coast,0.000000,-0.023639,-0.171293,-1,0.000000,0.000000,4,0.000000
10.648705,coast,0.000000,-0.023816,-0.159302,-1,0.000000,0.000000,4,0.000000
10.651878,coast,0.000000,-0.023998,-0.151042,-1,0.000000,0.000000,4,0.000000
10.654819,coast,0.000000,-0.024138,-0.143847,-1,0.000000,0.000000,4,0.000000
10.657834,coast,0.000000,-0.024279,-0.132922,-1,0.000000,0.000000,4,0.000000
10.660760,coast,0.000000,-0.024372,-0.127593,-1,0.000000,0.000000,4,0.000000
10.663726,coast,0.000000,-0.024454,-0.118267,-1,0.000000,0.000000,4,0.000000
10.666764,coast,0.000000,-0.024522,-0.111605,-1,0.000000,0.000000,4,0.000000
10.670059,coast,0.000000,-0.024590,-0.104144,-1,0.000000,0.000000,4,0.000000
10.673282,coast,0.000000,-0.024622,-0.095084,-1,0.000000,0.000000,4,0.000000
10.676763,coast,0.000000,-0.024676,-0.085492,-1,0.000000,0.000000,4,0.000000
10.679721,coast,0.000000,-0.024685,-0.078297,0,0.000000,0.000000,4,0.000000
10.682676,coast,0.000000,-0.024623,-0.071103,0,0.000000,0.000000,4,0.000000
10.685651,coast,0.000000,-0.024549,-0.061244,0,0.000000,0.000000,4,0.000000
10.688577,coast,0.000000,-0.024490,-0.056714,0,0.000000,0.000000,4,0.000000
10.691632,coast,0.000000,-0.024391,-0.049519,0,0.000000,0.000000,4,0.000000
10.694694,coast,0.000000,-0.024242,-0.040460,0,0.000000,0.000000,4,0.000000
10.698014,coast,0.000000,-0.024093,-0.031666,0,0.000000,0.000000,4,0.000000
10.700830,coast,0.000000,-0.023920,-0.025005,0,0.000000,0.000000,4,0.000000
10.703942,coast,0.000000,-0.023694,-0.017277,0,0.000000,0.000000,4,0.000000
10.706641,coast,0.000000,-0.023495,-0.010882,0,0.000000,0.000000,4,0.000000
10.708814,coast,0.000000,-0.023284,-0.005820,0,0.000000,0.000000,4,0.000000
10.711164,coast,0.000000,-0.023046,0.000842,0,0.000000,0.000000,4,0.000000
10.713425,coast,0.000000,-0.022779,0.010168,0,0.000000,0.000000,4,0.000000
10.716388,coast,0.000000,-0.022541,0.013366,0,0.000000,0.000000,4,0.000000
10.719039,coast,0.000000,-0.022288,0.022692,0,0.000000,0.000000,4,0.000000
10.721403,coast,0.000000,-0.022043,0.025889,0,0.000000,0.000000,4,0.000000
10.723940,coast,0.000000,-0.021781,0.030153,0,0.000000,0.000000,4,0.000000
10.726238,coast,0.000000,-0.021539,0.033883,0,0.000000,0.000000,4,0.000000
10.728329,coast,0.000000,-0.021287,0.036814,0,0.000000,0.000000,4,0.000000
10.730389,coast,0.000000,-0.021075,0.041611,0,0.000000,0.000000,4,0.000000
10.732544,coast,0.000000,-0.020869,0.046141,0,0.000000,0.000000,4,0.000000
10.734561,coast,0.000000,-0.020687,0.048805,0,0.000000,0.000000,4,0.000000
10.736593,coast,0.000000,-0.020437,0.049871,0,0.000000,0.000000,4,0.000000
10.738613,coast,0.000000,-0.020210,0.052802,0,0.000000,0.000000,4,0.000000
10.740615,coast,0.000000,-0.019995,0.053868,0,0.000000,0.000000,4,0.000000
10.742624,coast,0.000000,-0.019822,0.052003,0,0.000000,0.000000,4,0.000000
10.744652,coast,0.000000,-0.019649,0.056799,0,0.000000,0.000000,4,0.000000
10.746687,coast,0.000000,-0.019412,0.058664,0,0.000000,0.000000,4,0.000000
10.748725,coast,0.000000,-0.019246,0.062128,0,0.000000,0.000000,4,0.000000
10.750735,coast,0.000000,-0.019069,0.060796,0,0.000000,0.000000,4,0.000000
10.753209,coast,0.000000,-0.018852,0.062128,0,0.000000,0.000000,4,0.000000
10.755408,coast,0.000000,-0.018636,0.066658,0,0.000000,0.000000,4,0.000000
10.757361,coast,0.000000,-0.018463,0.067724,0,0.000000,0.000000,4,0.000000
10.759594,coast,0.000000,-0.018279,0.065592,0,0.000000,0.000000,4,0.000000
10.761619,coast,0.000000,-0.018085,0.069056,0,0.000000,0.000000,4,0.000000
10.763969,coast,0.000000,-0.017875,0.070922,0,0.000000,0.000000,4,0.000000
10.765982,coast,0.000000,-0.017653,0.072520,0,0.000000,0.000000,4,0.000000
10.767988,coast,0.000000,-0.017456,0.071188,0,0.000000,0.000000,4,0.000000
10.769974,coast,0.000000,-0.017244,0.072520,0,0.000000,0.000000,4,0.000000
10.771990,coast,0.000000,-0.017045,0.077050,0,0.000000,0.000000,4,0.000000
10.774096,coast,0.000000,-0.016847,0.074386,0,0.000000,0.000000,4,0.000000
10.776211,coast,0.000000,-0.016601,0.076784,0,0.000000,0.000000,4,0.000000
10.778308,coast,0.000000,-0.016382,0.078383,0,0.000000,0.000000,4,0.000000
10.780328,coast,0.000000,-0.016202,0.080514,0,0.000000,0.000000,4,0.000000
10.782359,coast,0.000000,-0.015994,0.080781,0,0.000000,0.000000,4,0.000000
10.784695,coast,0.000000,-0.015769,0.080248,0,0.000000,0.000000,4,0.000000
10.786818,coast,0.000000,-0.015530,0.080248,0,0.000000,0.000000,4,0.000000
10.788947,coast,0.000000,-0.015305,0.083978,0,0.000000,0.000000,4,0.000000
10.790998,coast,0.000000,-0.015084,0.082646,0,0.000000,0.000000,4,0.000000
10.793266,coast,0.000000,-0.014864,0.083179,0,0.000000,0.000000,4,0.000000
10.795321,coast,0.000000,-0.014660,0.086909,0,0.000000,0.000000,4,0.000000
10.797728,coast,0.000000,-0.014408,0.087176,0,0.000000,0.000000,4,0.000000
10.799974,coast,0.000000,-0.014196,0.086110,0,0.000000,0.000000,4,0.000000
10.802026,coast,0.000000,-0.013969,0.087442,0,0.000000,0.000000,4,0.000000
10.804234,coast,0.000000,-0.013752,0.087975,0,0.000000,0.000000,4,0.000000
10.806428,coast,0.000000,-0.013515,0.087709,0,0.000000,0.000000,4,0.000000
10.808814,coast,0.000000,-0.013259,0.091173,0,0.000000,0.000000,4,0.000000
10.811230,coast,0.000000,-0.013009,0.092505,0,0.000000,0.000000,4,0.000000
10.813782,coast,0.000000,-0.012732,0.093038,0,0.000000,0.000000,4,0.000000
10.816304,coast,0.000000,-0.012473,0.093038,0,0.000000,0.000000,4,0.000000
10.818585,coast,0.000000,-0.012217,0.093837,0,0.000000,0.000000,4,0.000000
10.820858,coast,0.000000,-0.011971,0.095436,0,0.000000,0.000000,4,0.000000
10.823539,coast,0.000000,-0.011718,0.096769,0,0.000000,0.000000,4,0.000000
10.825879,coast,0.000000,-0.011497,0.095969,0,0.000000,0.000000,4,0.000000
10.828416,coast,0.000000,-0.011240,0.096502,0,0.000000,0.000000,4,0.000000
10.831680,coast,0.000000,-0.010884,0.097834,0,0.000000,0.000000,4,0.000000
10.834501,coast,0.000000,-0.010541,0.099966,0,0.000000,0.000000,4,0.000000
10.836838,coast,0.000000,-0.010299,0.097301,0,0.000000,0.000000,4,0.000000
10.839299,coast,0.000000,-0.010013,0.102364,0,0.000000,0.000000,4,0.000000
10.841818,coast,0.000000,-0.009776,0.099966,0,0.000000,0.000000,4,0.000000
10.844184,coast,0.000000,-0.009495,0.099966,0,0.000000,0.000000,4,0.000000
10.846554,coast,0.000000,-0.009238,0.101565,0,0.000000,0.000000,4,0.000000
10.848967,coast,0.000000,-0.008985,0.100765,0,0.000000,0.000000,4,0.000000
10.851303,coast,0.000000,-0.008721,0.103697,0,0.000000,0.000000,4,0.000000
10.853631,coast,0.000000,-0.008473,0.102897,0,0.000000,0.000000,4,0.000000
10.855941,coast,0.000000,-0.008215,0.104762,0,0.000000,0.000000,4,0.000000
10.858339,coast,0.000000,-0.007939,0.101565,0,0.000000,0.000000,4,0.000000
10.860744,coast,0.000000,-0.007672,0.104229,0,0.000000,0.000000,4,0.000000
10.863291,coast,0.000000,-0.007395,0.105295,0,0.000000,0.000000,4,0.000000
10.865744,coast,0.000000,-0.007110,0.106628,0,0.000000,0.000000,4,0.000000
10.868198,coast,0.000000,-0.006834,0.106894,0,0.000000,0.000000,4,0.000000
10.870955,coast,0.000000,-0.006545,0.105562,0,0.000000,0.000000,4,0.000000
10.873720,coast,0.000000,-0.006223,0.106894,0,0.000000,0.000000,4,0.000000
10.876463,coast,0.000000,-0.005922,0.107960,0,0.000000,0.000000,4,0.000000
10.879522,coast,0.000000,-0.005579,0.109026,0,0.000000,0.000000,4,0.000000
10.882997,coast,0.000000,-0.005204,0.108759,0,0.000000,0.000000,4,0.000000
10.886442,coast,0.000000,-0.004819,0.108226,0,0.000000,0.000000,4,0.000000
10.889541,coast,0.000000,-0.004456,0.107960,0,0.000000,0.000000,4,0.000000
10.892513,coast,0.000000,-0.004126,0.106894,0,0.000000,0.000000,4,0.000000
10.895682,coast,0.000000,-0.003773,0.106095,0,0.000000,0.000000,4,0.000000
10.898623,coast,0.000000,-0.003470,0.108226,0,0.000000,0.000000,4,0.000000
10.901556,coast,0.000000,-0.003157,0.103963,0,0.000000,0.000000,4,0.000000
10.904503,coast,0.000000,-0.002843,0.108759,0,0.000000,0.000000,4,0.000000
10.907461,coast,0.000000,-0.002510,0.107161,0,0.000000,0.000000,4,0.000000
10.910604,coast,0.000000,-0.002164,0.106361,0,0.000000,0.000000,4,0.000000
10.913579,coast,0.000000,-0.001857,0.106894,0,0.000000,0.000000,4,0.000000
10.916547,coast,0.000000,-0.001561,0.106628,0,0.000000,0.000000,4,0.000000
10.919491,coast,0.000000,-0.001243,0.104229,0,0.000000,0.000000,4,0.000000
10.922465,coast,0.000000,-0.000936,0.107693,0,0.000000,0.000000,4,0.000000
10.925389,coast,0.000000,-0.000637,0.103697,0,0.000000,0.000000,4,0.000000
10.928593,coast,0.000000,-0.000316,0.105562,0,0.000000,0.000000,4,0.000000
10.931513,coast,0.000000,-0.000005,0.102897,0,0.000000,0.000000,4,0.000000
10.934479,coast,0.000000,0.000298,0.106628,0,0.000000,0.000000,4,0.000000
10.937417,coast,0.000000,0.000604,0.102364,0,0.000000,0.000000,4,0.000000
10.940338,coast,0.000000,0.000882,0.102364,0,0.000000,0.000000,4,0.000000
10.943288,coast,0.000000,0.001158,0.105562,0,0.000000,0.000000,4,0.000000
10.946583,coast,0.000000,0.001465,0.099700,0,0.000000,0.000000,4,0.000000
10.949703,coast,0.000000,0.001753,0.101565,0,0.000000,0.000000,4,0.000000
10.952931,coast,0.000000,0.002096,0.102364,0,0.000000,0.000000,4,0.000000
10.956348,coast,0.000000,0.002400,0.096236,0,0.000000,0.000000,4,0.000000
10.959534,coast,0.000000,0.002683,0.097834,0,0.000000,0.000000,4,0.000000
10.962734,coast,0.000000,0.002954,0.098101,0,0.000000,0.000000,4,0.000000
10.966110,coast,0.000000,0.003246,0.096769,0,0.000000,0.000000,4,0.000000
10.969348,coast,0.000000,0.003559,0.093305,0,0.000000,0.000000,4,0.000000
10.972394,coast,0.000000,0.003832,0.095703,0,0.000000,0.000000,4,0.000000
10.975334,coast,0.000000,0.004085,0.094370,0,0.000000,0.000000,4,0.000000
10.978274,coast,0.000000,0.004316,0.092505,0,0.000000,0.000000,4,0.000000
10.981194,coast,0.000000,0.004543,0.090373,0,0.000000,0.000000,4,0.000000
10.984176,coast,0.000000,0.004774,0.086909,0,0.000000,0.000000,4,0.000000
10.987126,coast,0.000000,0.004994,0.088508,0,0.000000,0.000000,4,0.000000
10.990590,coast,0.000000,0.005261,0.083712,0,0.000000,0.000000,4,0.000000
10.993809,coast,0.000000,0.005491,0.085044,0,0.000000,0.000000,4,0.000000
10.997004,coast,0.000000,0.005700,0.084245,0,0.000000,0.000000,4,0.000000
11.000271,coast,0.000000,0.005938,0.082646,0,0.000000,0.000000,4,0.000000
11.003489,coast,0.000000,0.006156,0.080248,0,0.000000,0.000000,4,0.000000
11.006735,coast,0.000000,0.006365,0.079715,0,0.000000,0.000000,4,0.000000
11.009915,coast,0.000000,0.006602,0.076784,0,0.000000,0.000000,4,0.000000
11.012905,coast,0.000000,0.006766,0.074119,0,0.000000,0.000000,4,0.000000
11.015848,coast,0.000000,0.006962,0.077317,0,0.000000,0.000000,4,0.000000
11.018817,coast,0.000000,0.007148,0.073053,0,0.000000,0.000000,4,0.000000
11.021780,coast,0.000000,0.007330,0.072254,0,0.000000,0.000000,4,0.000000
11.024706,coast,0.000000,0.007511,0.072520,0,0.000000,0.000000,4,0.000000
11.027647,coast,0.000000,0.007684,0.069323,0,0.000000,0.000000,4,0.000000
11.030662,coast,0.000000,0.007883,0.063461,0,0.000000,0.000000,4,0.000000
11.033645,coast,0.000000,0.008051,0.066925,0,0.000000,0.000000,4,0.000000
11.036607,coast,0.000000,0.008209,0.064793,0,0.000000,0.000000,4,0.000000
11.039550,coast,0.000000,0.008342,0.060796,0,0.000000,0.000000,4,0.000000
11.042503,coast,0.000000,0.008470,0.058664,0,0.000000,0.000000,4,0.000000
11.045892,coast,0.000000,0.008615,0.056266,0,0.000000,0.000000,4,0.000000
11.048835,coast,0.000000,0.008738,0.054401,0,0.000000,0.000000,4,0.000000
11.052012,coast,0.000000,0.008880,0.053069,0,0.000000,0.000000,4,0.000000
11.054972,coast,0.000000,0.008988,0.052802,0,0.000000,0.000000,4,0.000000
11.058036,coast,0.000000,0.009079,0.049072,0,0.000000,0.000000,4,0.000000
11.060911,coast,0.000000,0.009189,0.047739,0,0.000000,0.000000,4,0.000000
11.063550,coast,0.000000,0.009289,0.048006,0,0.000000,0.000000,4,0.000000
11.066129,coast,0.000000,0.009356,0.043210,0,0.000000,0.000000,4,0.000000
11.068704,coast,0.000000,0.009423,0.044542,0,0.000000,0.000000,4,0.000000
11.071452,coast,0.000000,0.009506,0.042943,0,0.000000,0.000000,4,0.000000
11.074381,coast,0.000000,0.009606,0.037081,0,0.000000,0.000000,4,0.000000
11.077323,coast,0.000000,0.009693,0.041078,0,0.000000,0.000000,4,0.000000
11.080691,coast,0.000000,0.009777,0.036282,0,0.000000,0.000000,4,0.000000
11.083711,coast,0.000000,0.009842,0.032818,0,0.000000,0.000000,4,0.000000
11.086655,coast,0.000000,0.009884,0.032551,0,0.000000,0.000000,4,0.000000
11.089624,coast,0.000000,0.009911,0.029087,0,0.000000,0.000000,4,0.000000
11.092460,coast,0.000000,0.009951,0.027755,0,0.000000,0.000000,4,0.000000
11.095496,coast,0.000000,0.010010,0.027488,0,0.000000,0.000000,4,0.000000
11.098272,coast,0.000000,0.010040,0.022159,0,0.000000,0.000000,4,0.000000
11.101521,coast,0.000000,0.010062,0.020827,0,0.000000,0.000000,4,0.000000
11.105079,coast,0.000000,0.010088,0.017629,0,0.000000,0.000000,4,0.000000
11.108589,coast,0.000000,0.010101,0.016030,0,0.000000,0.000000,4,0.000000
11.111793,coast,0.000000,0.010109,0.011767,0,0.000000,0.000000,4,0.000000
11.114784,coast,0.000000,0.010094,0.009635,0,0.000000,0.000000,4,0.000000
11.117766,coast,0.000000,0.010086,0.008569,0,0.000000,0.000000,4,0.000000
11.120697,coast,0.000000,0.010039,0.005905,0,0.000000,0.000000,4,0.000000
11.123539,coast,0.000000,0.010006,0.004306,0,0.000000,0.000000,4,0.000000
11.127086,coast,0.000000,0.009996,0.004572,0,0.000000,0.000000,4,0.000000
11.130210,coast,0.000000,0.009988,-0.000490,0,0.000000,0.000000,4,0.000000
11.132975,coast,0.000000,0.009954,-0.002356,0,0.000000,0.000000,4,0.000000
11.135741,coast,0.000000,0.009932,-0.005020,0,0.000000,0.000000,4,0.000000
11.138475,coast,0.000000,0.009875,-0.005287,0,0.000000,0.000000,4,0.000000
11.141223,coast,0.000000,0.009772,-0.011682,0,0.000000,0.000000,4,0.000000
11.144406,coast,0.000000,0.009690,-0.009017,0,0.000000,0.000000,4,0.000000
11.147596,coast,0.000000,0.009604,-0.013547,0,0.000000,0.000000,4,0.000000
11.150798,coast,0.000000,0.009517,-0.015679,0,0.000000,0.000000,4,0.000000
11.154032,coast,0.000000,0.009453,-0.016745,0,0.000000,0.000000,4,0.000000
11.157265,coast,0.000000,0.009372,-0.020209,0,0.000000,0.000000,4,0.000000
11.160665,coast,0.000000,0.009256,-0.021541,0,0.000000,0.000000,4,0.000000
11.163724,coast,0.000000,0.009155,-0.023406,0,0.000000,0.000000,4,0.000000
11.166683,coast,0.000000,0.009031,-0.024738,0,0.000000,0.000000,4,0.000000
11.169643,coast,0.000000,0.008955,-0.027137,0,0.000000,0.000000,4,0.000000
11.172590,coast,0.000000,0.008852,-0.031666,0,0.000000,0.000000,4,0.000000
11.175898,coast,0.000000,0.008724,-0.031400,0,0.000000,0.000000,4,0.000000
11.178882,coast,0.000000,0.008634,-0.033798,0,0.000000,0.000000,4,0.000000
11.181834,coast,0.000000,0.008537,-0.035130,0,0.000000,0.000000,4,0.000000
11.184596,coast,0.000000,0.008457,-0.033532,0,0.000000,0.000000,4,0.000000
11.187338,coast,0.000000,0.008332,-0.036996,0,0.000000,0.000000,4,0.000000
11.190053,coast,0.000000,0.008201,-0.038062,0,0.000000,0.000000,4,0.000000
11.192977,coast,0.000000,0.008072,-0.040726,0,0.000000,0.000000,4,0.000000
11.196169,coast,0.000000,0.007939,-0.040460,0,0.000000,0.000000,4,0.000000
11.199354,coast,0.000000,0.007803,-0.040726,0,0.000000,0.000000,4,0.000000
11.202515,coast,0.000000,0.007672,-0.043924,0,0.000000,0.000000,4,0.000000
11.205524,coast,0.000000,0.007562,-0.043391,0,0.000000,0.000000,4,0.000000
11.208280,coast,0.000000,0.007468,-0.043924,0,0.000000,0.000000,4,0.000000
11.211000,coast,0.000000,0.007352,-0.046055,0,0.000000,0.000000,4,0.000000
11.214009,coast,0.000000,0.007228,-0.046855,0,0.000000,0.000000,4,0.000000
11.217216,coast,0.000000,0.007063,-0.048454,0,0.000000,0.000000,4,0.000000
11.220482,coast,0.000000,0.006914,-0.047121,0,0.000000,0.000000,4,0.000000
11.223602,coast,0.000000,0.006771,-0.048187,0,0.000000,0.000000,4,0.000000
11.226556,coast,0.000000,0.006620,-0.050319,0,0.000000,0.000000,4,0.000000
11.229507,coast,0.000000,0.006482,-0.046855,0,0.000000,0.000000,4,0.000000
11.232522,coast,0.000000,0.006366,-0.051385,0,0.000000,0.000000,4,0.000000
11.235604,coast,0.000000,0.006203,-0.050319,0,0.000000,0.000000,4,0.000000
11.238488,coast,0.000000,0.006065,-0.052450,0,0.000000,0.000000,4,0.000000
11.242394,coast,0.000000,0.005900,-0.053250,0,0.000000,0.000000,4,0.000000
11.245021,coast,0.000000,0.005752,-0.053516,0,0.000000,0.000000,4,0.000000
11.247746,coast,0.000000,0.005632,-0.050852,0,0.000000,0.000000,4,0.000000
11.250810,coast,0.000000,0.005495,-0.053250,0,0.000000,0.000000,4,0.000000
11.253524,coast,0.000000,0.005380,-0.054049,0,0.000000,0.000000,4,0.000000
11.256482,coast,0.000000,0.005228,-0.054316,0,0.000000,0.000000,4,0.000000
11.259239,coast,0.000000,0.005104,-0.056181,0,0.000000,0.000000,4,0.000000
11.262044,coast,0.000000,0.004987,-0.056714,0,0.000000,0.000000,4,0.000000
11.264984,coast,0.000000,0.004858,-0.056447,0,0.000000,0.000000,4,0.000000
11.268309,coast,0.000000,0.004663,-0.055914,0,0.000000,0.000000,4,0.000000
11.271302,coast,0.000000,0.004520,-0.057247,0,0.000000,0.000000,4,0.000000
11.274297,coast,0.000000,0.004353,-0.056714,0,0.000000,0.000000,4,0.000000
11.277277,coast,0.000000,0.004209,-0.057247,0,0.000000,0.000000,4,0.000000
11.280281,coast,0.000000,0.004066,-0.056714,0,0.000000,0.000000,4,0.000000
11.283266,coast,0.000000,0.003923,-0.055648,0,0.000000,0.000000,4,0.000000
11.286222,coast,0.000000,0.003806,-0.056447,0,0.000000,0.000000,4,0.000000
11.289172,coast,0.000000,0.003667,-0.058313,0,0.000000,0.000000,4,0.000000
11.292514,coast,0.000000,0.003485,-0.056714,0,0.000000,0.000000,4,0.000000
11.295481,coast,0.000000,0.003315,-0.057780,0,0.000000,0.000000,4,0.000000
11.298444,coast,0.000000,0.003173,-0.056181,0,0.000000,0.000000,4,0.000000
11.301341,coast,0.000000,0.003064,-0.057780,0,0.000000,0.000000,4,0.000000
11.304460,coast,0.000000,0.002926,-0.057247,0,0.000000,0.000000,4,0.000000
11.307410,coast,0.000000,0.002799,-0.057247,0,0.000000,0.000000,4,0.000000
11.310328,coast,0.000000,0.002672,-0.055648,0,0.000000,0.000000,4,0.000000
11.313277,coast,0.000000,0.002533,-0.055115,0,0.000000,0.000000,4,0.000000
11.316400,coast,0.000000,0.002402,-0.057780,0,0.000000,0.000000,4,0.000000
11.319629,coast,0.000000,0.002239,-0.055382,0,0.000000,0.000000,4,0.000000
11.322813,coast,0.000000,0.002086,-0.057780,0,0.000000,0.000000,4,0.000000
11.325927,coast,0.000000,0.001940,-0.058313,0,0.000000,0.000000,4,0.000000
11.328885,coast,0.000000,0.001770,-0.060711,0,0.000000,0.000000,4,0.000000
11.331855,coast,0.000000,0.001623,-0.056447,0,0.000000,0.000000,4,0.000000
11.334781,coast,0.000000,0.001492,-0.054849,0,0.000000,0.000000,4,0.000000
11.337722,coast,0.000000,0.001352,-0.057780,0,0.000000,0.000000,4,0.000000
11.340703,coast,0.000000,0.001241,-0.057247,0,0.000000,0.000000,4,0.000000
11.343658,coast,0.000000,0.001133,-0.056447,0,0.000000,0.000000,4,0.000000
11.346595,coast,0.000000,0.001038,-0.054849,0,0.000000,0.000000,4,0.000000
11.349658,coast,0.000000,0.000888,-0.052983,0,0.000000,0.000000,4,0.000000
11.352912,coast,0.000000,0.000747,-0.051651,0,0.000000,0.000000,4,0.000000
11.355849,coast,0.000000,0.000663,-0.050319,0,0.000000,0.000000,4,0.000000
11.358760,coast,0.000000,0.000532,-0.051918,0,0.000000,0.000000,4,0.000000
11.361700,coast,0.000000,0.000408,-0.051918,0,0.000000,0.000000,4,0.000000
11.364685,coast,0.000000,0.000309,-0.050585,0,0.000000,0.000000,4,0.000000
11.367673,coast,0.000000,0.000191,-0.052983,0,0.000000,0.000000,4,0.000000
11.370980,coast,0.000000,0.000053,-0.050319,0,0.000000,0.000000,4,0.000000
11.374286,coast,0.000000,-0.000072,-0.050585,0,0.000000,0.000000,4,0.000000
11.377233,coast,0.000000,-0.000173,-0.048454,0,0.000000,0.000000,4,0.000000
11.380229,coast,0.000000,-0.000285,-0.049786,0,0.000000,0.000000,4,0.000000
11.383199,coast,0.000000,-0.000360,-0.047921,0,0.000000,0.000000,4,0.000000
11.386159,coast,0.000000,-0.000454,-0.047921,0,0.000000,0.000000,4,0.000000
11.388923,coast,0.000000,-0.000532,-0.048454,0,0.000000,0.000000,4,0.000000
11.391718,coast,0.000000,-0.000591,-0.046855,0,0.000000,0.000000,4,0.000000
11.394446,coast,0.000000,-0.000698,-0.047654,0,0.000000,0.000000,4,0.000000
11.397397,coast,0.000000,-0.000810,-0.045522,0,0.000000,0.000000,4,0.000000
11.400925,coast,0.000000,-0.000947,-0.043391,0,0.000000,0.000000,4,0.000000
11.404114,coast,0.000000,-0.001041,-0.046588,0,0.000000,0.000000,4,0.000000
11.407321,coast,0.000000,-0.001131,-0.044723,0,0.000000,0.000000,4,0.000000
11.410520,coast,0.000000,-0.001229,-0.046055,0,0.000000,0.000000,4,0.000000
11.413720,coast,0.000000,-0.001337,-0.041259,0,0.000000,0.000000,4,0.000000
11.416856,coast,0.000000,-0.001420,-0.040726,0,0.000000,0.000000,4,0.000000
11.419850,coast,0.000000,-0.001505,-0.040726,0,0.000000,0.000000,4,0.000000
11.422830,coast,0.000000,-0.001565,-0.040993,0,0.000000,0.000000,4,0.000000
11.425844,coast,0.000000,-0.001607,-0.036996,0,0.000000,0.000000,4,0.000000
11.428782,coast,0.000000,-0.001674,-0.040993,0,0.000000,0.000000,4,0.000000
11.431780,coast,0.000000,-0.001740,-0.037529,0,0.000000,0.000000,4,0.000000
11.434709,coast,0.000000,-0.001828,-0.038062,0,0.000000,0.000000,4,0.000000
11.437637,coast,0.000000,-0.001880,-0.034864,0,0.000000,0.000000,4,0.000000
11.440720,coast,0.000000,-0.001922,-0.035397,0,0.000000,0.000000,4,0.000000
11.443657,coast,0.000000,-0.001997,-0.034597,0,0.000000,0.000000,4,0.000000
11.446605,coast,0.000000,-0.002081,-0.036729,0,0.000000,0.000000,4,0.000000
11.449649,coast,0.000000,-0.002151,-0.033798,0,0.000000,0.000000,4,0.000000
11.452633,coast,0.000000,-0.002197,-0.032999,0,0.000000,0.000000,4,0.000000
11.455618,coast,0.000000,-0.002235,-0.032999,0,0.000000,0.000000,4,0.000000
11.458633,coast,0.000000,-0.002293,-0.031933,0,0.000000,0.000000,4,0.000000
11.461785,coast,0.000000,-0.002346,-0.031133,0,0.000000,0.000000,4,0.000000
11.464943,coast,0.000000,-0.002414,-0.028202,0,0.000000,0.000000,4,0.000000
11.468126,coast,0.000000,-0.002451,-0.028202,0,0.000000,0.000000,4,0.000000
11.471078,coast,0.000000,-0.002479,-0.027403,0,0.000000,0.000000,4,0.000000
11.474021,coast,0.000000,-0.002499,-0.023673,0,0.000000,0.000000,4,0.000000
11.477014,coast,0.000000,-0.002553,-0.028202,0,0.000000,0.000000,4,0.000000
11.479976,coast,0.000000,-0.002555,-0.023140,0,0.000000,0.000000,4,0.000000
11.482907,coast,0.000000,-0.002579,-0.023406,0,0.000000,0.000000,4,0.000000
11.485859,coast,0.000000,-0.002608,-0.021541,0,0.000000,0.000000,4,0.000000
11.488789,coast,0.000000,-0.002612,-0.021541,0,0.000000,0.000000,4,0.000000
11.492003,coast,0.000000,-0.002630,-0.022607,0,0.000000,0.000000,4,0.000000
11.494882,coast,0.000000,-0.002665,-0.017810,0,0.000000,0.000000,4,0.000000
11.497858,coast,0.000000,-0.002675,-0.018876,0,0.000000,0.000000,4,0.000000
11.500763,coast,0.000000,-0.002652,-0.016745,0,0.000000,0.000000,4,0.000000
11.503745,coast,0.000000,-0.002644,-0.015146,0,0.000000,0.000000,4,0.000000
11.506687,coast,0.000000,-0.002640,-0.015679,0,0.000000,0.000000,4,0.000000
11.509644,coast,0.000000,-0.002630,-0.014613,0,0.000000,0.000000,4,0.000000
11.512625,coast,0.000000,-0.002645,-0.012481,0,0.000000,0.000000,4,0.000000
11.515708,coast,0.000000,-0.002611,-0.010616,0,0.000000,0.000000,4,0.000000
11.518666,coast,0.000000,-0.002598,-0.012748,0,0.000000,0.000000,4,0.000000
11.521623,coast,0.000000,-0.002568,-0.009284,0,0.000000,0.000000,4,0.000000
11.524545,coast,0.000000,-0.002548,-0.010349,0,0.000000,0.000000,4,0.000000
11.527500,coast,0.000000,-0.002550,-0.005820,0,0.000000,0.000000,4,0.000000
11.530491,coast,0.000000,-0.002520,-0.010083,0,0.000000,0.000000,4,0.000000
11.533484,coast,0.000000,-0.002512,-0.006619,0,0.000000,0.000000,4,0.000000
11.536467,coast,0.000000,-0.002439,-0.005287,0,0.000000,0.000000,4,0.000000
11.539390,coast,0.000000,-0.002425,-0.002888,0,0.000000,0.000000,4,0.000000
11.542322,coast,0.000000,-0.002386,-0.003155,0,0.000000,0.000000,4,0.000000
11.545273,coast,0.000000,-0.002351,-0.001290,0,0.000000,0.000000,4,0.000000
11.548559,coast,0.000000,-0.002304,0.001375,0,0.000000,0.000000,4,0.000000
11.551604,coast,0.000000,-0.002242,0.000309,0,0.000000,0.000000,4,0.000000
11.554546,coast,0.000000,-0.002192,0.003773,0,0.000000,0.000000,4,0.000000
11.557601,coast,0.000000,-0.002131,0.000842,0,0.000000,0.000000,4,0.000000
11.561097,coast,0.000000,-0.002049,0.002707,0,0.000000,0.000000,4,0.000000
11.564379,coast,0.000000,-0.002002,0.004306,0,0.000000,0.000000,4,0.000000
11.567329,coast,0.000000,-0.001929,0.006171,0,0.000000,0.000000,4,0.000000
11.570700,coast,0.000000,-0.001856,0.004040,0,0.000000,0.000000,4,0.000000
11.573881,coast,0.000000,-0.001796,0.006704,0,0.000000,0.000000,4,0.000000
11.577087,coast,0.000000,-0.001775,0.004839,0,0.000000,0.000000,4,0.000000
11.580321,coast,0.000000,-0.001739,0.007770,0,0.000000,0.000000,4,0.000000
11.583283,coast,0.000000,-0.001671,0.008303,0,0.000000,0.000000,4,0.000000
11.586230,coast,0.000000,-0.001583,0.009102,0,0.000000,0.000000,4,0.000000
11.589202,coast,0.000000,-0.001489,0.012833,0,0.000000,0.000000,4,0.000000
11.592365,coast,0.000000,-0.001406,0.012300,0,0.000000,0.000000,4,0.000000
11.595315,coast,0.000000,-0.001360,0.010168,0,0.000000,0.000000,4,0.000000
11.598548,coast,0.000000,-0.001292,0.013899,0,0.000000,0.000000,4,0.000000
11.601615,coast,0.000000,-0.001248,0.011767,0,0.000000,0.000000,4,0.000000
11.604817,coast,0.000000,-0.001210,0.013366,0,0.000000,0.000000,4,0.000000
11.608092,coast,0.000000,-0.001151,0.012566,0,0.000000,0.000000,4,0.000000
11.611179,coast,0.000000,-0.001091,0.014432,0,0.000000,0.000000,4,0.000000
11.614291,coast,0.000000,-0.001011,0.015497,0,0.000000,0.000000,4,0.000000
11.617204,coast,0.000000,-0.000951,0.013366,0,0.000000,0.000000,4,0.000000
11.620258,coast,0.000000,-0.000913,0.014432,0,0.000000,0.000000,4,0.000000
11.623228,coast,0.000000,-0.000854,0.014965,0,0.000000,0.000000,4,0.000000
11.626197,coast,0.000000,-0.000810,0.016030,0,0.000000,0.000000,4,0.000000
11.629163,coast,0.000000,-0.000758,0.014965,0,0.000000,0.000000,4,0.000000
11.632559,coast,0.000000,-0.000664,0.017096,0,0.000000,0.000000,4,0.000000
11.635524,coast,0.000000,-0.000577,0.020294,0,0.000000,0.000000,4,0.000000
11.639128,coast,0.000000,-0.000511,0.016830,0,0.000000,0.000000,4,0.000000
11.641998,coast,0.000000,-0.000427,0.017896,0,0.000000,0.000000,4,0.000000
11.644754,coast,0.000000,-0.000337,0.015231,0,0.000000,0.000000,4,0.000000
11.647519,coast,0.000000,-0.000242,0.020294,0,0.000000,0.000000,4,0.000000
11.650986,coast,0.000000,-0.000173,0.017896,0,0.000000,0.000000,4,0.000000
11.654581,coast,0.000000,-0.000097,0.019228,0,0.000000,0.000000,4,0.000000
11.657768,coast,0.000000,0.000013,0.018429,0,0.000000,0.000000,4,0.000000
11.661130,coast,0.000000,0.000087,0.017629,0,0.000000,0.000000,4,0.000000
11.664505,coast,0.000000,0.000169,0.017096,0,0.000000,0.000000,4,0.000000
11.667454,coast,0.000000,0.000252,0.017896,0,0.000000,0.000000,4,0.000000
11.670819,coast,0.000000,0.000274,0.016830,0,0.000000,0.000000,4,0.000000
11.673801,coast,0.000000,0.000360,0.018162,0,0.000000,0.000000,4,0.000000
11.676741,coast,0.000000,0.000389,0.017363,0,0.000000,0.000000,4,0.000000
11.679708,coast,0.000000,0.000467,0.018695,0,0.000000,0.000000,4,0.000000
11.682665,coast,0.000000,0.000518,0.019494,0,0.000000,0.000000,4,0.000000
11.685790,coast,0.000000,0.000594,0.015497,0,0.000000,0.000000,4,0.000000
11.688721,coast,0.000000,0.000645,0.015764,0,0.000000,0.000000,4,0.000000
11.691703,coast,0.000000,0.000664,0.017363,0,0.000000,0.000000,4,0.000000
11.694620,coast,0.000000,0.000731,0.017896,0,0.000000,0.000000,4,0.000000
11.697565,coast,0.000000,0.000823,0.015231,0,0.000000,0.000000,4,0.000000
11.700531,coast,0.000000,0.000867,0.014965,0,0.000000,0.000000,4,0.000000
11.703502,coast,0.000000,0.000926,0.016030,0,0.000000,0.000000,4,0.000000
11.706474,coast,0.000000,0.000986,0.015764,0,0.000000,0.000000,4,0.000000
11.709418,coast,0.000000,0.001028,0.014165,0,0.000000,0.000000,4,0.000000
11.712361,coast,0.000000,0.001070,0.015764,0,0.000000,0.000000,4,0.000000
11.715294,coast,0.000000,0.001113,0.013099,0,0.000000,0.000000,4,0.000000
11.718269,coast,0.000000,0.001162,0.014698,0,0.000000,0.000000,4,0.000000
11.721284,coast,0.000000,0.001218,0.013366,0,0.000000,0.000000,4,0.000000
11.724465,coast,0.000000,0.001248,0.012033,0,0.000000,0.000000,4,0.000000
11.727657,coast,0.000000,0.001280,0.010701,0,0.000000,0.000000,4,0.000000
11.731294,coast,0.000000,0.001347,0.009902,0,0.000000,0.000000,4,0.000000
11.734287,coast,0.000000,0.001373,0.012833,0,0.000000,0.000000,4,0.000000
11.737222,coast,0.000000,0.001382,0.006704,0,0.000000,0.000000,4,0.000000
11.740354,coast,0.000000,0.001421,0.009369,0,0.000000,0.000000,4,0.000000
11.743453,coast,0.000000,0.001452,0.008569,0,0.000000,0.000000,4,0.000000
11.747002,coast,0.000000,0.001473,0.006438,0,0.000000,0.000000,4,0.000000
11.750214,coast,0.000000,0.001502,0.008569,0,0.000000,0.000000,4,0.000000
11.753319,coast,0.000000,0.001513,0.004572,0,0.000000,0.000000,4,0.000000
11.756285,coast,0.000000,0.001499,0.001908,0,0.000000,0.000000,4,0.000000
11.759228,coast,0.000000,0.001484,0.003773,0,0.000000,0.000000,4,0.000000
11.762335,coast,0.000000,0.001495,0.002707,0,0.000000,0.000000,4,0.000000
11.765155,coast,0.000000,0.001491,0.003240,0,0.000000,0.000000,4,0.000000
11.768264,coast,0.000000,0.001504,0.002174,0,0.000000,0.000000,4,0.000000
11.770977,coast,0.000000,0.001491,-0.000490,0,0.000000,0.000000,4,0.000000
11.774070,coast,0.000000,0.001450,0.001641,0,0.000000,0.000000,4,0.000000
11.776805,coast,0.000000,0.001448,0.000576,0,0.000000,0.000000,4,0.000000
11.779800,coast,0.000000,0.001410,-0.003421,0,0.000000,0.000000,4,0.000000
11.782609,coast,0.000000,0.001393,-0.002888,0,0.000000,0.000000,4,0.000000
11.785846,coast,0.000000,0.001391,-0.005287,0,0.000000,0.000000,4,0.000000
11.788773,coast,0.000000,0.001354,-0.004754,0,0.000000,0.000000,4,0.000000
11.791983,coast,0.000000,0.001318,-0.006352,0,0.000000,0.000000,4,0.000000
11.795182,coast,0.000000,0.001279,-0.008484,0,0.000000,0.000000,4,0.000000
11.798165,coast,0.000000,0.001261,-0.006086,0,0.000000,0.000000,4,0.000000
11.801120,coast,0.000000,0.001260,-0.007152,0,0.000000,0.000000,4,0.000000
11.804763,coast,0.000000,0.001203,-0.009017,0,0.000000,0.000000,4,0.000000
11.807742,coast,0.000000,0.001184,-0.008218,0,0.000000,0.000000,4,0.000000
11.810693,coast,0.000000,0.001156,-0.009550,0,0.000000,0.000000,4,0.000000
11.813621,coast,0.000000,0.001137,-0.008218,0,0.000000,0.000000,4,0.000000
11.816559,coast,0.000000,0.001127,-0.010616,0,0.000000,0.000000,4,0.000000
11.819530,coast,0.000000,0.001094,-0.010349,0,0.000000,0.000000,4,0.000000
11.822483,coast,0.000000,0.001039,-0.014080,0,0.000000,0.000000,4,0.000000
11.825413,coast,0.000000,0.001012,-0.012748,0,0.000000,0.000000,4,0.000000
11.828333,coast,0.000000,0.000934,-0.014613,0,0.000000,0.000000,4,0.000000
11.831280,coast,0.000000,0.000894,-0.016745,0,0.000000,0.000000,4,0.000000
11.834587,coast,0.000000,0.000879,-0.013813,0,0.000000,0.000000,4,0.000000
11.837526,coast,0.000000,0.000866,-0.014080,0,0.000000,0.000000,4,0.000000
11.840503,coast,0.000000,0.000817,-0.015412,0,0.000000,0.000000,4,0.000000
11.843474,coast,0.000000,0.000757,-0.016745,0,0.000000,0.000000,4,0.000000
11.846647,coast,0.000000,0.000726,-0.013813,0,0.000000,0.000000,4,0.000000
11.849799,coast,0.000000,0.000682,-0.017810,0,0.000000,0.000000,4,0.000000
11.853227,coast,0.000000,0.000624,-0.016745,0,0.000000,0.000000,4,0.000000
11.856367,coast,0.000000,0.000575,-0.016212,0,0.000000,0.000000,4,0.000000
11.859179,coast,0.000000,0.000548,-0.017277,0,0.000000,0.000000,4,0.000000
11.862189,coast,0.000000,0.000527,-0.016212,0,0.000000,0.000000,4,0.000000
11.864979,coast,0.000000,0.000487,-0.018610,0,0.000000,0.000000,4,0.000000
11.867419,coast,0.000000,0.000446,-0.018343,0,0.000000,0.000000,4,0.000000
11.869537,coast,0.000000,0.000406,-0.019143,0,0.000000,0.000000,4,0.000000
11.871861,coast,0.000000,0.000373,-0.016745,0,0.000000,0.000000,4,0.000000
11.873978,coast,0.000000,0.000339,-0.019942,0,0.000000,0.000000,4,0.000000
11.876709,coast,0.000000,0.000324,-0.021807,0,0.000000,0.000000,4,0.000000
11.879714,coast,0.000000,0.000263,-0.019676,0,0.000000,0.000000,4,0.000000
11.882118,coast,0.000000,0.000221,-0.018343,0,0.000000,0.000000,4,0.000000
11.884540,coast,0.000000,0.000185,-0.018610,0,0.000000,0.000000,4,0.000000
11.886884,coast,0.000000,0.000179,-0.018876,0,0.000000,0.000000,4,0.000000
11.889287,coast,0.000000,0.000153,-0.022074,0,0.000000,0.000000,4,0.000000
11.891732,coast,0.000000,0.000151,-0.019676,0,0.000000,0.000000,4,0.000000
11.894355,coast,0.000000,0.000123,-0.018343,0,0.000000,0.000000,4,0.000000
11.896667,coast,0.000000,0.000107,-0.016478,0,0.000000,0.000000,4,0.000000
11.898939,coast,0.000000,0.000091,-0.019676,0,0.000000,0.000000,4,0.000000
11.901147,coast,0.000000,0.000049,-0.021008,0,0.000000,0.000000,4,0.000000
11.903353,coast,0.000000,0.000027,-0.018343,0,0.000000,0.000000,4,0.000000
11.905889,coast,0.000000,-0.000002,-0.017544,0,0.000000,0.000000,4,0.000000
11.908470,coast,0.000000,-0.000032,-0.019143,0,0.000000,0.000000,4,0.000000
11.911029,coast,0.000000,-0.000032,-0.019676,0,0.000000,0.000000,4,0.000000
11.913609,coast,0.000000,-0.000114,-0.019942,0,0.000000,0.000000,4,0.000000
11.916708,coast,0.000000,-0.000131,-0.015945,0,0.000000,0.000000,4,0.000000
11.920214,coast,0.000000,-0.000183,-0.018876,0,0.000000,0.000000,4,0.000000
11.923419,coast,0.000000,-0.000244,-0.015146,0,0.000000,0.000000,4,0.000000
11.926465,coast,0.000000,-0.000269,-0.018876,0,0.000000,0.000000,4,0.000000
11.929392,coast,0.000000,-0.000315,-0.016478,0,0.000000,0.000000,4,0.000000
11.932300,coast,0.000000,-0.000366,-0.018343,0,0.000000,0.000000,4,0.000000
11.935292,coast,0.000000,-0.000404,-0.018343,0,0.000000,0.000000,4,0.000000
11.938504,coast,0.000000,-0.000438,-0.016478,0,0.000000,0.000000,4,0.000000
11.941712,coast,0.000000,-0.000479,-0.016478,0,0.000000,0.000000,4,0.000000
11.944969,coast,0.000000,-0.000498,-0.017011,0,0.000000,0.000000,4,0.000000
11.947918,coast,0.000000,-0.000507,-0.017011,0,0.000000,0.000000,4,0.000000
11.950794,coast,0.000000,-0.000553,-0.017277,0,0.000000,0.000000,4,0.000000
11.953754,coast,0.000000,-0.000563,-0.016478,0,0.000000,0.000000,4,0.000000
11.956678,coast,0.000000,-0.000599,-0.015945,0,0.000000,0.000000,4,0.000000
11.959613,coast,0.000000,-0.000607,-0.015412,0,0.000000,0.000000,4,0.000000
11.962563,coast,0.000000,-0.000637,-0.015412,0,0.000000,0.000000,4,0.000000
11.965581,coast,0.000000,-0.000665,-0.014080,0,0.000000,0.000000,4,0.000000
11.968579,coast,0.000000,-0.000670,-0.012481,0,0.000000,0.000000,4,0.000000
11.971524,coast,0.000000,-0.000670,-0.015945,0,0.000000,0.000000,4,0.000000
11.974757,coast,0.000000,-0.000698,-0.014879,0,0.000000,0.000000,4,0.000000
11.977705,coast,0.000000,-0.000697,-0.012215,0,0.000000,0.000000,4,0.000000
11.980680,coast,0.000000,-0.000706,-0.012215,0,0.000000,0.000000,4,0.000000
11.983626,coast,0.000000,-0.000740,-0.015146,0,0.000000,0.000000,4,0.000000
11.986885,coast,0.000000,-0.000762,-0.013813,0,0.000000,0.000000,4,0.000000
11.989866,coast,0.000000,-0.000763,-0.011415,0,0.000000,0.000000,4,0.000000
11.992863,coast,0.000000,-0.000793,-0.012748,0,0.000000,0.000000,4,0.000000
11.996116,coast,0.000000,-0.000787,-0.008484,0,0.000000,0.000000,4,0.000000
11.999093,coast,0.000000,-0.000790,-0.013014,0,0.000000,0.000000,4,0.000000
12.002082,coast,0.000000,-0.000766,-0.010083,0,0.000000,0.000000,4,0.000000
12.005048,coast,0.000000,-0.000734,-0.012481,0,0.000000,0.000000,4,0.000000
12.008025,coast,0.000000,-0.000747,-0.010616,0,0.000000,0.000000,4,0.000000
12.010979,coast,0.000000,-0.000736,-0.008484,0,0.000000,0.000000,4,0.000000
12.013933,coast,0.000000,-0.000763,-0.008484,0,0.000000,0.000000,4,0.000000
12.016970,coast,0.000000,-0.000761,-0.009816,0,0.000000,0.000000,4,0.000000
12.020528,coast,0.000000,-0.000745,-0.007418,0,0.000000,0.000000,4,0.000000
12.023702,coast,0.000000,-0.000735,-0.009017,0,0.000000,0.000000,4,0.000000
12.026823,coast,0.000000,-0.000734,-0.005553,0,0.000000,0.000000,4,0.000000
12.029776,coast,0.000000,-0.000725,-0.006619,0,0.000000,0.000000,4,0.000000
12.032747,coast,0.000000,-0.000705,-0.005553,0,0.000000,0.000000,4,0.000000
12.036061,coast,0.000000,-0.000688,-0.006352,0,0.000000,0.000000,4,0.000000
12.039064,coast,0.000000,-0.000655,-0.004221,0,0.000000,0.000000,4,0.000000
12.042039,coast,0.000000,-0.000652,-0.001023,0,0.000000,0.000000,4,0.000000
12.044989,coast,0.000000,-0.000650,-0.005553,0,0.000000,0.000000,4,0.000000
12.048162,coast,0.000000,-0.000640,-0.002356,0,0.000000,0.000000,4,0.000000
12.051361,coast,0.000000,-0.000626,-0.006086,0,0.000000,0.000000,4,0.000000
12.054563,coast,0.000000,-0.000609,-0.005553,0,0.000000,0.000000,4,0.000000
12.057791,coast,0.000000,-0.000600,-0.005287,0,0.000000,0.000000,4,0.000000
12.060864,coast,0.000000,-0.000604,-0.004221,0,0.000000,0.000000,4,0.000000
12.063879,coast,0.000000,-0.000604,-0.002888,0,0.000000,0.000000,4,0.000000
12.066837,coast,0.000000,-0.000586,-0.003688,0,0.000000,0.000000,4,0.000000
12.069657,coast,0.000000,-0.000550,-0.002622,0,0.000000,0.000000,4,0.000000
12.072402,coast,0.000000,-0.000514,-0.000490,0,0.000000,0.000000,4,0.000000
12.075157,coast,0.000000,-0.000515,-0.002089,0,0.000000,0.000000,4,0.000000
12.078238,coast,0.000000,-0.000487,-0.001556,0,0.000000,0.000000,4,0.000000
12.081309,coast,0.000000,-0.000440,-0.000490,0,0.000000,0.000000,4,0.000000
12.084403,coast,0.000000,-0.000434,-0.000757,0,0.000000,0.000000,4,0.000000
12.087154,coast,0.000000,-0.000401,-0.000224,0,0.000000,0.000000,4,0.000000
12.090040,coast,0.000000,-0.000383,-0.000224,0,0.000000,0.000000,4,0.000000
12.092793,coast,0.000000,-0.000355,0.001641,0,0.000000,0.000000,4,0.000000
12.095528,coast,0.000000,-0.000375,0.000576,0,0.000000,0.000000,4,0.000000
12.098520,coast,0.000000,-0.000342,0.000309,0,0.000000,0.000000,4,0.000000
12.101355,coast,0.000000,-0.000315,0.002174,0,0.000000,0.000000,4,0.000000
12.104290,coast,0.000000,-0.000314,0.000309,0,0.000000,0.000000,4,0.000000
12.107236,coast,0.000000,-0.000289,0.001108,0,0.000000,0.000000,4,0.000000
12.110609,coast,0.000000,-0.000271,-0.000224,0,0.000000,0.000000,4,0.000000
12.113940,coast,0.000000,-0.000278,0.002707,0,0.000000,0.000000,4,0.000000
12.116897,coast,0.000000,-0.000228,0.001108,0,0.000000,0.000000,4,0.000000
12.119919,coast,0.000000,-0.000216,0.002974,0,0.000000,0.000000,4,0.000000
12.122893,coast,0.000000,-0.000219,0.000842,0,0.000000,0.000000,4,0.000000
12.125856,coast,0.000000,-0.000199,0.003507,0,0.000000,0.000000,4,0.000000
12.128875,coast,0.000000,-0.000194,0.001375,0,0.000000,0.000000,4,0.000000
12.131885,coast,0.000000,-0.000167,0.004306,0,0.000000,0.000000,4,0.000000
12.134884,coast,0.000000,-0.000150,0.003240,0,0.000000,0.000000,4,0.000000
12.138283,coast,0.000000,-0.000120,0.003507,0,0.000000,0.000000,4,0.000000
12.141238,coast,0.000000,-0.000102,0.002174,0,0.000000,0.000000,4,0.000000
12.144361,coast,0.000000,-0.000079,0.005105,0,0.000000,0.000000,4,0.000000
12.147327,coast,0.000000,-0.000095,0.001641,0,0.000000,0.000000,4,0.000000
12.150631,coast,0.000000,-0.000062,0.002974,0,0.000000,0.000000,4,0.000000
12.153850,coast,0.000000,-0.000034,0.002974,0,0.000000,0.000000,4,0.000000
12.157046,coast,0.000000,-0.000004,0.001375,0,0.000000,0.000000,4,0.000000
12.160119,coast,0.000000,0.000017,0.002974,0,0.000000,0.000000,4,0.000000
12.163097,coast,0.000000,0.000017,0.003240,0,0.000000,0.000000,4,0.000000
12.166064,coast,0.000000,0.000041,0.005905,0,0.000000,0.000000,4,0.000000
12.169019,coast,0.000000,0.000079,0.003773,0,0.000000,0.000000,4,0.000000
12.171981,coast,0.000000,0.000105,0.001641,0,0.000000,0.000000,4,0.000000
12.174898,coast,0.000000,0.000105,0.001908,0,0.000000,0.000000,4,0.000000
12.177854,coast,0.000000,0.000117,0.002974,0,0.000000,0.000000,4,0.000000
12.180763,coast,0.000000,0.000152,0.000576,0,0.000000,0.000000,4,0.000000
12.183708,coast,0.000000,0.000204,0.005372,0,0.000000,0.000000,4,0.000000
12.186670,coast,0.000000,0.000225,0.003773,0,0.000000,0.000000,4,0.000000
12.189640,coast,0.000000,0.000259,0.003773,0,0.000000,0.000000,4,0.000000
12.192624,coast,0.000000,0.000302,0.003240,0,0.000000,0.000000,4,0.000000
12.195605,coast,0.000000,0.000335,0.002174,0,0.000000,0.000000,4,0.000000
12.198554,coast,0.000000,0.000361,0.001375,0,0.000000,0.000000,4,0.000000
12.201707,coast,0.000000,0.000425,0.004572,0,0.000000,0.000000,4,0.000000
12.204885,coast,0.000000,0.000450,0.005638,0,0.000000,0.000000,4,0.000000
12.208098,coast,0.000000,0.000484,0.001375,0,0.000000,0.000000,4,0.000000
12.211114,coast,0.000000,0.000505,0.002974,0,0.000000,0.000000,4,0.000000
12.214131,coast,0.000000,0.000543,-0.000224,0,0.000000,0.000000,4,0.000000
12.217128,coast,0.000000,0.000564,0.004306,0,0.000000,0.000000,4,0.000000
12.220457,coast,0.000000,0.000564,0.003240,0,0.000000,0.000000,4,0.000000
12.223387,coast,0.000000,0.000581,0.002441,0,0.000000,0.000000,4,0.000000
12.226681,coast,0.000000,0.000588,0.001908,0,0.000000,0.000000,4,0.000000
12.229691,coast,0.000000,0.000627,-0.001023,0,0.000000,0.000000,4,0.000000
12.232915,coast,0.000000,0.000621,-0.000757,0,0.000000,0.000000,4,0.000000
12.236157,coast,0.000000,0.000654,0.001908,0,0.000000,0.000000,4,0.000000
12.239374,coast,0.000000,0.000656,-0.000757,0,0.000000,0.000000,4,0.000000
12.242304,coast,0.000000,0.000668,0.002707,0,0.000000,0.000000,4,0.000000
12.245304,coast,0.000000,0.000672,-0.001290,0,0.000000,0.000000,4,0.000000
12.248288,coast,0.000000,0.000697,-0.000224,0,0.000000,0.000000,4,0.000000
12.251216,coast,0.000000,0.000694,0.000309,0,0.000000,0.000000,4,0.000000
12.254199,coast,0.000000,0.000691,-0.001290,0,0.000000,0.000000,4,0.000000
12.257148,coast,0.000000,0.000697,0.000043,0,0.000000,0.000000,4,0.000000
12.260459,coast,0.000000,0.000709,0.000309,0,0.000000,0.000000,4,0.000000
12.263405,coast,0.000000,0.000739,-0.002089,0,0.000000,0.000000,4,0.000000
12.266653,coast,0.000000,0.000732,-0.001556,0,0.000000,0.000000,4,0.000000
12.269896,coast,0.000000,0.000758,-0.000224,0,0.000000,0.000000,4,0.000000
12.273105,coast,0.000000,0.000775,-0.003954,0,0.000000,0.000000,4,0.000000
12.276320,coast,0.000000,0.000776,-0.001823,0,0.000000,0.000000,4,0.000000
12.279499,coast,0.000000,0.000773,-0.002888,0,0.000000,0.000000,4,0.000000
12.282503,coast,0.000000,0.000805,-0.003155,0,0.000000,0.000000,4,0.000000
12.285417,coast,0.000000,0.000795,-0.003155,0,0.000000,0.000000,4,0.000000
12.288340,coast,0.000000,0.000766,-0.003421,0,0.000000,0.000000,4,0.000000
12.291356,coast,0.000000,0.000786,-0.003421,0,0.000000,0.000000,4,0.000000
12.294835,coast,0.000000,0.000774,-0.003688,0,0.000000,0.000000,4,0.000000
12.298334,coast,0.000000,0.000778,-0.003954,0,0.000000,0.000000,4,0.000000
12.301450,coast,0.000000,0.000748,-0.006352,0,0.000000,0.000000,4,0.000000
12.304395,coast,0.000000,0.000754,-0.005020,0,0.000000,0.000000,4,0.000000
12.307345,coast,0.000000,0.000737,-0.008218,0,0.000000,0.000000,4,0.000000
12.310266,coast,0.000000,0.000735,-0.007152,0,0.000000,0.000000,4,0.000000
12.313193,coast,0.000000,0.000710,-0.007685,0,0.000000,0.000000,4,0.000000
12.316449,coast,0.000000,0.000687,-0.006352,0,0.000000,0.000000,4,0.000000
12.319379,coast,0.000000,0.000694,-0.008484,0,0.000000,0.000000,4,0.000000
12.322323,step,0.200000,0.000679,-0.005820,0,0.000000,0.000000,5,0.200000
12.325416,step,0.200000,0.000692,-0.007951,0,0.000000,0.000000,5,0.200000
12.328363,step,0.200000,0.000688,-0.010349,-1,0.000000,0.000000,5,0.200000
12.331475,step,0.200000,0.000666,-0.009284,-1,0.000000,0.000000,5,0.200000
12.334487,step,0.200000,0.000670,-0.007418,-2,0.000000,0.000000,5,0.200000
12.337449,step,0.200000,0.003295,-0.116401,-2,0.000000,0.000000,5,0.200000
12.340542,step,0.200000,0.000172,0.126079,-3,0.000000,0.000000,5,0.200000
12.343326,step,0.200000,0.004170,0.070122,-3,0.000000,0.000000,5,0.200000
12.346063,step,0.200000,0.003898,0.158588,-3,0.000000,0.000000,5,0.200000
12.348843,step,0.200000,0.003853,0.127145,-3,0.000000,0.000000,5,0.200000
12.351943,step,0.200000,0.007423,0.176174,-3,0.000000,0.000000,5,0.200000
12.355016,step,0.200000,0.006226,0.192429,-3,0.000000,0.000000,5,0.200000
12.358001,step,0.200000,0.008363,0.179638,-3,0.000000,0.000000,5,0.200000
12.360895,step,0.200000,0.009857,0.227069,-3,0.000000,0.000000,5,0.200000
12.363714,step,0.200000,0.009656,0.207617,-3,0.000000,0.000000,5,0.200000
12.366489,step,0.200000,0.011145,0.233464,-3,0.000000,0.000000,5,0.200000
12.369271,step,0.200000,0.010853,0.257712,-3,0.000000,0.000000,5,0.200000
12.372183,step,0.200000,0.013343,0.248919,-3,0.000000,0.000000,5,0.200000
12.374928,step,0.200000,0.014033,0.277430,-3,0.000000,0.000000,5,0.200000
12.377670,step,0.200000,0.015799,0.270236,-3,0.000000,0.000000,5,0.200000
12.380414,step,0.200000,0.016793,0.304343,-3,0.000000,0.000000,5,0.200000
12.383646,step,0.200000,0.017816,0.306208,-4,0.000000,0.000000,5,0.200000
12.386611,step,0.200000,0.019760,0.313935,-4,0.000000,0.000000,5,0.200000
12.389577,step,0.200000,0.020579,0.337917,-4,0.000000,0.000000,5,0.200000
12.392388,step,0.200000,0.022044,0.342980,-4,0.000000,0.000000,5,0.200000
12.395147,step,0.200000,0.023541,0.357902,-4,0.000000,0.000000,5,0.200000
12.397952,step,0.200000,0.025017,0.362165,-4,0.000000,0.000000,5,0.200000
12.400728,step,0.200000,0.026431,0.379219,-4,0.000000,0.000000,5,0.200000
12.403903,step,0.200000,0.027792,0.388811,-4,0.000000,0.000000,5,0.200000
12.406666,step,0.200000,0.029399,0.398937,-4,0.000000,0.000000,5,0.200000
12.409390,step,0.200000,0.030691,0.413326,-4,0.000000,0.000000,5,0.200000
12.412443,step,0.200000,0.032315,0.421053,-4,0.000000,0.000000,5,0.200000
12.415480,step,0.200000,0.033926,0.438373,-4,0.000000,0.000000,5,0.200000
12.418455,step,0.200000,0.035503,0.449298,-5,0.000000,0.000000,5,0.200000
12.421363,step,0.200000,0.037111,0.457292,-5,0.000000,0.000000,5,0.200000
12.424320,step,0.200000,0.038731,0.465553,-5,0.000000,0.000000,5,0.200000
12.427285,step,0.200000,0.040276,0.477810,-5,0.000000,0.000000,5,0.200000
12.430238,step,0.200000,0.041852,0.482873,-5,0.000000,0.000000,5,0.200000
12.433382,step,0.200000,0.043527,0.484738,-5,0.000000,0.000000,5,0.200000
12.436560,step,0.200000,0.045149,0.486070,-5,0.000000,0.000000,5,0.200000
12.439760,step,0.200000,0.046773,0.498061,-5,0.000000,0.000000,5,0.200000
12.442812,step,0.200000,0.048424,0.495663,-6,0.000000,0.000000,5,0.200000
12.445873,step,0.200000,0.050066,0.500726,-6,0.000000,0.000000,5,0.200000
12.448816,step,0.200000,0.051503,0.506321,-6,0.000000,0.000000,5,0.200000
12.451795,step,0.200000,0.053214,0.517779,-6,0.000000,0.000000,5,0.200000
12.454976,step,0.200000,0.054963,0.514582,-6,0.000000,0.000000,5,0.200000
12.458531,step,0.200000,0.056944,0.515648,-6,0.000000,0.000000,5,0.200000
12.461706,step,0.200000,0.058744,0.528438,-6,0.000000,0.000000,5,0.200000
12.464634,step,0.200000,0.060550,0.535632,-6,0.000000,0.000000,5,0.200000
12.467592,step,0.200000,0.062328,0.541228,-7,0.000000,0.000000,5,0.200000
12.470529,step,0.200000,0.064061,0.552686,-7,0.000000,0.000000,5,0.200000
12.473492,step,0.200000,0.065948,0.558548,-7,0.000000,0.000000,5,0.200000
12.476462,step,0.200000,0.067789,0.564943,-7,0.000000,0.000000,5,0.200000
12.479423,step,0.200000,0.069649,0.570539,-7,0.000000,0.000000,5,0.200000
12.482403,step,0.200000,0.071527,0.579865,-7,0.000000,0.000000,5,0.200000
12.485894,step,0.200000,0.073659,0.590257,-7,0.000000,0.000000,5,0.200000
12.489122,step,0.200000,0.075827,0.595320,-8,0.000000,0.000000,5,0.200000
12.492315,step,0.200000,0.077911,0.602248,-8,0.000000,0.000000,5,0.200000
12.495294,step,0.200000,0.079899,0.605712,-8,0.000000,0.000000,5,0.200000
12.498218,step,0.200000,0.081758,0.613439,-8,0.000000,0.000000,5,0.200000
12.501177,step,0.200000,0.083639,0.621167,-8,0.000000,0.000000,5,0.200000
12.504529,step,0.200000,0.085889,0.627029,-8,0.000000,0.000000,5,0.200000
12.507479,step,0.200000,0.087698,0.631825,-8,0.000000,0.000000,5,0.200000
12.510466,step,0.200000,0.089644,0.627828,-8,0.000000,0.000000,5,0.200000
12.513414,step,0.200000,0.091564,0.629427,-9,0.000000,0.000000,5,0.200000
12.516650,step,0.200000,0.093426,0.633424,-9,0.000000,0.000000,5,0.200000
12.519877,step,0.200000,0.095440,0.635289,-9,0.000000,0.000000,5,0.200000
12.522812,step,0.200000,0.097288,0.632092,-9,0.000000,0.000000,5,0.200000
12.526136,step,0.200000,0.099237,0.624631,-9,0.000000,0.000000,5,0.200000
12.529113,step,0.200000,0.101170,0.616903,-10,0.000000,0.000000,5,0.200000
12.532086,step,0.200000,0.102872,0.629960,-10,0.000000,0.000000,5,0.200000
12.535025,step,0.200000,0.104759,0.638487,-10,0.000000,0.000000,5,0.200000
12.538324,step,0.200000,0.107005,0.641418,-10,0.000000,0.000000,5,0.200000
12.541296,step,0.200000,0.108927,0.633157,-10,0.000000,0.000000,5,0.200000
12.544289,step,0.200000,0.110909,0.640086,-10,0.000000,0.000000,5,0.200000
12.547232,step,0.200000,0.112806,0.647280,-10,0.000000,0.000000,5,0.200000
12.550258,step,0.200000,0.114940,0.649412,-11,0.000000,0.000000,5,0.200000
12.553627,step,0.200000,0.117120,0.655807,-11,0.000000,0.000000,5,0.200000
12.556797,step,0.200000,0.119223,0.651277,-11,0.000000,0.000000,5,0.200000
12.559906,step,0.200000,0.121212,0.654475,-11,0.000000,0.000000,5,0.200000
12.562950,step,0.200000,0.123284,0.663001,-12,0.000000,0.000000,5,0.200000
12.565989,step,0.200000,0.125193,0.660603,-12,0.000000,0.000000,5,0.200000
12.568763,step,0.200000,0.126967,0.657406,-12,0.000000,0.000000,5,0.200000
12.571534,step,0.200000,0.128548,0.654475,-12,0.000000,0.000000,5,0.200000
12.574332,step,0.200000,0.130321,0.650478,-12,0.000000,0.000000,5,0.200000
12.577295,step,0.200000,0.132097,0.648346,-12,0.000000,0.000000,5,0.200000
12.580949,step,0.200000,0.134153,0.643017,-12,0.000000,0.000000,5,0.200000
12.584229,step,0.200000,0.136116,0.636355,-12,0.000000,0.000000,5,0.200000
12.587052,step,0.200000,0.137737,0.626762,-12,0.000000,0.000000,5,0.200000
12.589816,step,0.200000,0.139225,0.617969,-13,0.000000,0.000000,5,0.200000
12.592635,step,0.200000,0.140738,0.619301,-13,0.000000,0.000000,5,0.200000
12.595834,step,0.200000,0.142537,0.627029,-13,0.000000,0.000000,5,0.200000
12.599096,step,0.200000,0.144562,0.617436,-13,0.000000,0.000000,5,0.200000
12.602466,step,0.200000,0.146557,0.608110,-13,0.000000,0.000000,5,0.200000
12.605709,step,0.200000,0.148301,0.610775,-14,0.000000,0.000000,5,0.200000
12.608153,step,0.200000,0.149703,0.615305,-14,0.000000,0.000000,5,0.200000
12.610230,step,0.200000,0.150924,0.608376,-14,0.000000,0.000000,5,0.200000
12.612340,step,0.200000,0.152186,0.602781,-14,0.000000,0.000000,5,0.200000
12.614556,step,0.200000,0.153300,0.598784,-14,0.000000,0.000000,5,0.200000
12.616663,step,0.200000,0.154450,0.597718,-14,0.000000,0.000000,5,0.200000
12.618791,step,0.200000,0.155560,0.597451,-14,0.000000,0.000000,5,0.200000
12.620919,step,0.200000,0.156744,0.597185,-14,0.000000,0.000000,5,0.200000
12.622952,step,0.200000,0.157869,0.589991,-14,0.000000,0.000000,5,0.200000
12.625011,step,0.200000,0.158899,0.591589,-14,0.000000,0.000000,5,0.200000
12.627065,step,0.200000,0.160011,0.587060,-14,0.000000,0.000000,5,0.200000
12.629395,step,0.200000,0.161199,0.579599,-15,0.000000,0.000000,5,0.200000
12.631721,step,0.200000,0.162329,0.575868,-15,0.000000,0.000000,5,0.200000
12.633940,step,0.200000,0.163374,0.577467,-15,0.000000,0.000000,5,0.200000
12.636934,step,0.200000,0.164913,0.566808,-15,0.000000,0.000000,5,0.200000
12.640348,step,0.200000,0.166541,0.558548,-15,0.000000,0.000000,5,0.200000
12.643295,step,0.200000,0.167944,0.543626,-15,0.000000,0.000000,5,0.200000
12.646208,step,0.200000,0.169211,0.534033,-15,0.000000,0.000000,5,0.200000
12.648992,step,0.200000,0.170306,0.531369,-16,0.000000,0.000000,5,0.200000
12.651773,step,0.200000,0.171474,0.523108,-16,0.000000,0.000000,5,0.200000
12.654506,step,0.200000,0.172582,0.504989,-16,0.000000,0.000000,5,0.200000
12.657369,step,0.200000,0.173614,0.488735,-16,0.000000,0.000000,5,0.200000
12.660316,step,0.200000,0.174677,0.480208,-16,0.000000,0.000000,5,0.200000
12.663278,step,0.200000,0.175727,0.474612,-16,0.000000,0.000000,5,0.200000
12.666447,step,0.200000,0.177018,0.464220,-16,0.000000,0.000000,5,0.200000
12.669676,step,0.200000,0.178230,0.452496,-16,0.000000,0.000000,5,0.200000
12.672871,step,0.200000,0.179370,0.446900,-16,0.000000,0.000000,5,0.200000
12.675993,step,0.200000,0.180523,0.437840,-16,0.000000,0.000000,5,0.200000
12.678969,step,0.200000,0.181620,0.433844,-17,0.000000,0.000000,5,0.200000
12.681907,step,0.200000,0.182587,0.419987,-17,0.000000,0.000000,5,0.200000
12.684877,step,0.200000,0.183563,0.413592,-17,0.000000,0.000000,5,0.200000
12.687869,step,0.200000,0.184554,0.405066,-17,0.000000,0.000000,5,0.200000
12.690831,step,0.200000,0.185498,0.394141,-17,0.000000,0.000000,5,0.200000
12.693785,step,0.200000,0.186459,0.389078,-17,0.000000,0.000000,5,0.200000
12.696739,step,0.200000,0.187323,0.379485,-17,0.000000,0.000000,5,0.200000
12.699685,step,0.200000,0.188189,0.368560,-17,0.000000,0.000000,5,0.200000
12.702653,step,0.200000,0.189014,0.365629,-18,0.000000,0.000000,5,0.200000
12.705917,step,0.200000,0.189881,0.352573,-18,0.000000,0.000000,5,0.200000
12.708693,step,0.200000,0.190681,0.341648,-18,0.000000,0.000000,5,0.200000
12.711430,step,0.200000,0.191256,0.337917,-18,0.000000,0.000000,5,0.200000
12.714437,step,0.200000,0.192039,0.326459,-18,0.000000,0.000000,5,0.200000
12.717297,step,0.200000,0.192765,0.312870,-18,0.000000,0.000000,5,0.200000
12.720294,step,0.200000,0.193312,0.307807,-18,0.000000,0.000000,5,0.200000
12.723238,step,0.200000,0.193972,0.296082,-18,0.000000,0.000000,5,0.200000
12.726231,step,0.200000,0.194565,0.286223,-18,0.000000,0.000000,5,0.200000
12.729442,step,0.200000,0.195125,0.272101,-18,0.000000,0.000000,5,0.200000
12.732664,step,0.200000,0.195694,0.257445,-18,0.000000,0.000000,5,0.200000
12.735901,step,0.200000,0.196170,0.246787,-18,0.000000,0.000000,5,0.200000
12.738712,step,0.200000,0.196411,0.236395,-18,0.000000,0.000000,5,0.200000
12.741476,step,0.200000,0.196757,0.219874,-18,0.000000,0.000000,5,0.200000
12.744210,step,0.200000,0.196958,0.202821,-18,0.000000,0.000000,5,0.200000
12.747154,step,0.200000,0.197159,0.190830,-18,0.000000,0.000000,5,0.200000
12.750526,step,0.200000,0.197314,0.178040,-18,0.000000,0.000000,5,0.200000
12.753977,step,0.200000,0.197500,0.157788,-18,0.000000,0.000000,5,0.200000
12.757069,step,0.200000,0.197493,0.139136,-18,0.000000,0.000000,5,0.200000
12.760051,step,0.200000,0.197461,0.122349,-18,0.000000,0.000000,5,0.200000
12.762995,step,0.200000,0.197335,0.105562,-18,0.000000,0.000000,5,0.200000
12.765943,step,0.200000,0.197165,0.086909,-18,0.000000,0.000000,5,0.200000
12.768882,step,0.200000,0.197038,0.071188,-18,0.000000,0.000000,5,0.200000
12.771866,step,0.200000,0.196795,0.056266,-18,0.000000,0.000000,5,0.200000
12.774778,step,0.200000,0.196553,0.043476,-18,0.000000,0.000000,5,0.200000
12.777746,step,0.200000,0.196304,0.028554,-18,0.000000,0.000000,5,0.200000
12.780679,step,0.200000,0.195955,0.013099,-18,0.000000,0.000000,5,0.200000
12.783598,step,0.200000,0.195602,-0.003954,-18,0.000000,0.000000,5,0.200000
12.786532,step,0.200000,0.195192,-0.018343,-18,0.000000,0.000000,5,0.200000
12.789716,step,0.200000,0.194719,-0.034331,-18,0.000000,0.000000,5,0.200000
12.792898,step,0.200000,0.194267,-0.048454,-18,0.000000,0.000000,5,0.200000
12.796258,step,0.200000,0.193770,-0.064974,-18,0.000000,0.000000,5,0.200000
12.799264,step,0.200000,0.193300,-0.078031,-18,0.000000,0.000000,5,0.200000
12.802344,step,0.200000,0.192855,-0.087624,-18,0.000000,0.000000,5,0.200000
12.805306,step,0.200000,0.192418,-0.097216,-18,0.000000,0.000000,5,0.200000
12.808566,step,0.200000,0.191942,-0.106542,-18,0.000000,0.000000,5,0.200000
12.811491,step,0.200000,0.191517,-0.112405,-18,0.000000,0.000000,5,0.200000
12.814711,step,0.200000,0.191061,-0.117467,-18,0.000000,0.000000,5,0.200000
12.817676,step,0.200000,0.190732,-0.122797,-18,0.000000,0.000000,5,0.200000
12.820862,step,0.200000,0.190329,-0.121198,-18,0.000000,0.000000,5,0.200000
12.824115,step,0.200000,0.189961,-0.127060,-18,0.000000,0.000000,5,0.200000
12.827304,step,0.200000,0.189657,-0.125195,-18,0.000000,0.000000,5,0.200000
12.830318,step,0.200000,0.189364,-0.126261,-18,0.000000,0.000000,5,0.200000
12.833311,step,0.200000,0.189058,-0.125994,-18,0.000000,0.000000,5,0.200000
12.836316,step,0.200000,0.188854,-0.125994,-18,0.000000,0.000000,5,0.200000
12.839396,step,0.200000,0.188560,-0.125728,-18,0.000000,0.000000,5,0.200000
12.842594,step,0.200000,0.188351,-0.120398,-18,0.000000,0.000000,5,0.200000
12.846122,step,0.200000,0.188137,-0.117201,-18,0.000000,0.000000,5,0.200000
12.849192,step,0.200000,0.187989,-0.115869,-18,0.000000,0.000000,5,0.200000
12.852210,step,0.200000,0.187892,-0.112937,-18,0.000000,0.000000,5,0.200000
12.855175,step,0.200000,0.187779,-0.105477,-18,0.000000,0.000000,5,0.200000
12.858221,step,0.200000,0.187800,-0.102812,-18,0.000000,0.000000,5,0.200000
12.861170,step,0.200000,0.187771,-0.095617,-18,0.000000,0.000000,5,0.200000
12.864301,step,0.200000,0.187768,-0.090555,-18,0.000000,0.000000,5,0.200000
12.867260,step,0.200000,0.187843,-0.079630,-18,0.000000,0.000000,5,0.200000
12.870381,step,0.200000,0.187928,-0.073501,-18,0.000000,0.000000,5,0.200000
12.873324,step,0.200000,0.188079,-0.063908,-18,0.000000,0.000000,5,0.200000
12.876279,step,0.200000,0.188248,-0.056714,-18,0.000000,0.000000,5,0.200000
12.879212,step,0.200000,0.188498,-0.047654,-18,0.000000,0.000000,5,0.200000
12.882166,step,0.200000,0.188729,-0.036729,-18,0.000000,0.000000,5,0.200000
12.885132,step,0.200000,0.188975,-0.030867,-18,0.000000,0.000000,5,0.200000
12.888271,step,0.200000,0.189260,-0.019942,-18,0.000000,0.000000,5,0.200000
12.891207,step,0.200000,0.189554,-0.012481,-18,0.000000,0.000000,5,0.200000
12.894302,step,0.200000,0.189852,-0.002089,-18,0.000000,0.000000,5,0.200000
12.897238,step,0.200000,0.190216,0.005905,-18,0.000000,0.000000,5,0.200000
12.900234,step,0.200000,0.190541,0.015764,-18,0.000000,0.000000,5,0.200000
12.903213,step,0.200000,0.190873,0.020294,-18,0.000000,0.000000,5,0.200000
12.906164,step,0.200000,0.191187,0.025090,-18,0.000000,0.000000,5,0.200000
12.909189,step,0.200000,0.191488,0.031219,-18,0.000000,0.000000,5,0.200000
12.912433,step,0.200000,0.191785,0.036015,-18,0.000000,0.000000,5,0.200000
12.915639,step,0.200000,0.192076,0.039479,-18,0.000000,0.000000,5,0.200000
12.918803,step,0.200000,0.192296,0.040012,-18,0.000000,0.000000,5,0.200000
12.921901,step,0.200000,0.192493,0.039479,-18,0.000000,0.000000,5,0.200000
12.924862,step,0.200000,0.192678,0.042410,-18,0.000000,0.000000,5,0.200000
12.927806,step,0.200000,0.192819,0.037347,-18,0.000000,0.000000,5,0.200000
12.930755,step,0.200000,0.192930,0.036814,-18,0.000000,0.000000,5,0.200000
12.933694,step,0.200000,0.193003,0.033617,-18,0.000000,0.000000,5,0.200000
12.936726,step,0.200000,0.193046,0.030419,-18,0.000000,0.000000,5,0.200000
12.939725,step,0.200000,0.193085,0.025623,-18,0.000000,0.000000,5,0.200000
12.942680,step,0.200000,0.193073,0.019761,-18,0.000000,0.000000,5,0.200000
12.945978,step,0.200000,0.193049,0.016830,-18,0.000000,0.000000,5,0.200000
12.949212,step,0.200000,0.193007,0.010168,-18,0.000000,0.000000,5,0.200000
12.952399,step,0.200000,0.192932,0.004839,-18,0.000000,0.000000,5,0.200000
12.955967,step,0.200000,0.192821,-0.004487,-18,0.000000,0.000000,5,0.200000
12.959443,step,0.200000,0.192697,-0.009550,-18,0.000000,0.000000,5,0.200000
12.962471,step,0.200000,0.192567,-0.015945,-18,0.000000,0.000000,5,0.200000
12.965458,step,0.200000,0.192410,-0.020209,-18,0.000000,0.000000,5,0.200000
12.968416,step,0.200000,0.192278,-0.025271,-18,0.000000,0.000000,5,0.200000
12.971371,step,0.200000,0.192159,-0.030068,-18,0.000000,0.000000,5,0.200000
12.974317,step,0.200000,0.192038,-0.031666,-18,0.000000,0.000000,5,0.200000
12.977282,step,0.200000,0.191917,-0.037795,-18,0.000000,0.000000,5,0.200000
12.980588,step,0.200000,0.191784,-0.041792,-18,0.000000,0.000000,5,0.200000
12.983546,step,0.200000,0.191714,-0.039660,-18,0.000000,0.000000,5,0.200000
12.986510,step,0.200000,0.191671,-0.040193,-18,0.000000,0.000000,5,0.200000
12.989480,step,0.200000,0.191677,-0.040726,-18,0.000000,0.000000,5,0.200000
12.992457,step,0.200000,0.191716,-0.038594,-18,0.000000,0.000000,5,0.200000
12.995709,step,0.200000,0.191757,-0.034864,-18,0.000000,0.000000,5,0.200000
12.998639,step,0.200000,0.191809,-0.033265,-18,0.000000,0.000000,5,0.200000
13.001566,step,0.200000,0.191947,-0.027137,-18,0.000000,0.000000,5,0.200000
13.004547,step,0.200000,0.192022,-0.026870,-18,0.000000,0.000000,5,0.200000
13.007498,step,0.200000,0.192157,-0.021008,-18,0.000000,0.000000,5,0.200000
13.010864,step,0.200000,0.192340,-0.011948,-18,0.000000,0.000000,5,0.200000
13.014102,step,0.200000,0.192516,-0.006619,-18,0.000000,0.000000,5,0.200000
13.017075,step,0.200000,0.192711,-0.006086,-18,0.000000,0.000000,5,0.200000
13.020459,step,0.200000,0.192926,0.003240,-18,0.000000,0.000000,5,0.200000
13.023161,step,0.200000,0.193128,0.006438,-18,0.000000,0.000000,5,0.200000
13.025845,step,0.200000,0.193332,0.006171,-18,0.000000,0.000000,5,0.200000
13.028410,step,0.200000,0.193511,0.014165,-18,0.000000,0.000000,5,0.200000
13.031087,step,0.200000,0.193717,0.016563,-18,0.000000,0.000000,5,0.200000
13.034272,step,0.200000,0.193898,0.016563,-18,0.000000,0.000000,5,0.200000
13.037221,step,0.200000,0.194055,0.018162,-18,0.000000,0.000000,5,0.200000
13.040226,step,0.200000,0.194181,0.018429,-18,0.000000,0.000000,5,0.200000
13.043424,step,0.200000,0.194320,0.021093,-18,0.000000,0.000000,5,0.200000
13.046604,step,0.200000,0.194419,0.020027,-18,0.000000,0.000000,5,0.200000
13.049798,step,0.200000,0.194521,0.017629,-18,0.000000,0.000000,5,0.200000
13.052936,step,0.200000,0.194586,0.017096,-18,0.000000,0.000000,5,0.200000
13.055887,step,0.200000,0.194605,0.012833,-18,0.000000,0.000000,5,0.200000
13.059303,step,0.200000,0.194639,0.009635,-18,0.000000,0.000000,5,0.200000
13.062238,step,0.200000,0.194604,0.007504,-18,0.000000,0.000000,5,0.200000
13.065020,step,0.200000,0.194573,0.007770,-18,0.000000,0.000000,5,0.200000
13.068098,step,0.200000,0.194530,-0.001556,-18,0.000000,0.000000,5,0.200000
13.070827,step,0.200000,0.194497,-0.001290,-18,0.000000,0.000000,5,0.200000
13.073747,step,0.200000,0.194444,-0.007951,-18,0.000000,0.000000,5,0.200000
13.076732,step,0.200000,0.194348,-0.012481,-18,0.000000,0.000000,5,0.200000
13.079674,step,0.200000,0.194256,-0.010882,-18,0.000000,0.000000,5,0.200000
13.083073,step,0.200000,0.194159,-0.015945,-18,0.000000,0.000000,5,0.200000
13.086323,step,0.200000,0.194064,-0.021807,-18,0.000000,0.000000,5,0.200000
13.089506,step,0.200000,0.193985,-0.024205,-18,0.000000,0.000000,5,0.200000
13.092756,step,0.200000,0.193937,-0.028202,-18,0.000000,0.000000,5,0.200000
13.095720,step,0.200000,0.193877,-0.026870,-18,0.000000,0.000000,5,0.200000
13.098681,step,0.200000,0.193864,-0.026870,-18,0.000000,0.000000,5,0.200000
13.101613,step,0.200000,0.193879,-0.026337,-18,0.000000,0.000000,5,0.200000
13.104787,step,0.200000,0.193857,-0.024472,-18,0.000000,0.000000,5,0.200000
13.108011,step,0.200000,0.193881,-0.026604,-18,0.000000,0.000000,5,0.200000
13.111205,step,0.200000,0.193934,-0.022873,-18,0.000000,0.000000,5,0.200000
13.114742,step,0.200000,0.194016,-0.020209,-18,0.000000,0.000000,5,0.200000
13.118071,step,0.200000,0.194118,-0.015412,-18,0.000000,0.000000,5,0.200000
13.121039,step,0.200000,0.194224,-0.014080,-18,0.000000,0.000000,5,0.200000
13.123916,step,0.200000,0.194340,-0.009284,-18,0.000000,0.000000,5,0.200000
13.126677,step,0.200000,0.194496,-0.005553,-18,0.000000,0.000000,5,0.200000
13.129880,step,0.200000,0.194635,-0.002622,-18,0.000000,0.000000,5,0.200000
13.132707,step,0.200000,0.194776,-0.000490,-18,0.000000,0.000000,5,0.200000
13.135729,step,0.200000,0.194930,0.002707,-18,0.000000,0.000000,5,0.200000
13.138679,step,0.200000,0.195096,0.008037,-18,0.000000,0.000000,5,0.200000
13.141642,step,0.200000,0.195238,0.009635,-18,0.000000,0.000000,5,0.200000
13.144454,step,0.200000,0.195391,0.011767,-18,0.000000,0.000000,5,0.200000
13.147208,step,0.200000,0.195512,0.012566,-18,0.000000,0.000000,5,0.200000
13.149994,step,0.200000,0.195639,0.013099,-18,0.000000,0.000000,5,0.200000
13.152801,step,0.200000,0.195723,0.013899,-18,0.000000,0.000000,5,0.200000
13.156194,step,0.200000,0.195829,0.014165,-18,0.000000,0.000000,5,0.200000
13.159173,step,0.200000,0.195884,0.012033,-18,0.000000,0.000000,5,0.200000
13.162295,step,0.200000,0.195944,0.010168,-18,0.000000,0.000000,5,0.200000
13.165294,step,0.200000,0.195961,0.009635,-18,0.000000,0.000000,5,0.200000
13.168632,step,0.200000,0.195985,0.009369,-18,0.000000,0.000000,5,0.200000
13.171590,step,0.200000,0.195952,0.004040,-18,0.000000,0.000000,5,0.200000
13.174565,step,0.200000,0.195930,0.002974,-18,0.000000,0.000000,5,0.200000
13.177548,step,0.200000,0.195873,-0.001556,-18,0.000000,0.000000,5,0.200000
13.180517,step,0.200000,0.195813,-0.003688,-18,0.000000,0.000000,5,0.200000
13.183499,step,0.200000,0.195767,-0.007152,-18,0.000000,0.000000,5,0.200000
13.186326,step,0.200000,0.195710,-0.009284,-18,0.000000,0.000000,5,0.200000
13.189100,step,0.200000,0.195631,-0.010083,-18,0.000000,0.000000,5,0.200000
13.191881,step,0.200000,0.195573,-0.014346,-18,0.000000,0.000000,5,0.200000
13.194693,step,0.200000,0.195503,-0.018876,-18,0.000000,0.000000,5,0.200000
13.197642,step,0.200000,0.195438,-0.018876,-18,0.000000,0.000000,5,0.200000
13.200618,step,0.200000,0.195393,-0.019409,-18,0.000000,0.000000,5,0.200000
13.203884,step,0.200000,0.195320,-0.023406,-18,0.000000,0.000000,5,0.200000
13.206683,step,0.200000,0.195252,-0.021274,-18,0.000000,0.000000,5,0.200000
13.209432,step,0.200000,0.195244,-0.022607,-18,0.000000,0.000000,5,0.200000
13.212454,step,0.200000,0.195238,-0.022074,-18,0.000000,0.000000,5,0.200000
13.215615,step,0.200000,0.195262,-0.019143,-18,0.000000,0.000000,5,0.200000
13.218816,step,0.200000,0.195306,-0.018077,-18,0.000000,0.000000,5,0.200000
13.222226,step,0.200000,0.195360,-0.016212,-18,0.000000,0.000000,5,0.200000
13.225520,step,0.200000,0.195465,-0.013813,-18,0.000000,0.000000,5,0.200000
13.228540,step,0.200000,0.195533,-0.012215,-18,0.000000,0.000000,5,0.200000
13.231343,step,0.200000,0.195637,-0.009816,-18,0.000000,0.000000,5,0.200000
13.234129,step,0.200000,0.195739,-0.006619,-18,0.000000,0.000000,5,0.200000
13.237023,step,0.200000,0.195879,-0.002622,-18,0.000000,0.000000,5,0.200000
13.240008,step,0.200000,0.196009,-0.003155,-18,0.000000,0.000000,5,0.200000
13.243266,step,0.200000,0.196137,0.001908,-18,0.000000,0.000000,5,0.200000
13.246354,step,0.200000,0.196264,0.003240,-18,0.000000,0.000000,5,0.200000
13.249517,step,0.200000,0.196378,0.004839,-18,0.000000,0.000000,5,0.200000
13.253056,step,0.200000,0.196493,0.005372,-18,0.000000,0.000000,5,0.200000
13.256426,step,0.200000,0.196614,0.006438,-18,0.000000,0.000000,5,0.200000
13.259180,step,0.200000,0.196714,0.011234,-18,0.000000,0.000000,5,0.200000
13.261945,step,0.200000,0.196810,0.007237,-18,0.000000,0.000000,5,0.200000
13.264707,step,0.200000,0.196866,0.009102,-18,0.000000,0.000000,5,0.200000
13.267630,step,0.200000,0.196911,0.009369,-18,0.000000,0.000000,5,0.200000
13.270750,step,0.200000,0.196975,0.008569,-18,0.000000,0.000000,5,0.200000
13.273693,step,0.200000,0.197016,0.005905,-18,0.000000,0.000000,5,0.200000
13.276658,step,0.200000,0.197034,0.004040,-18,0.000000,0.000000,5,0.200000
13.279622,step,0.200000,0.197035,0.004040,-18,0.000000,0.000000,5,0.200000
13.282573,step,0.200000,0.197025,0.000309,-18,0.000000,0.000000,5,0.200000
13.285860,step,0.200000,0.196980,-0.000757,-18,0.000000,0.000000,5,0.200000
13.288603,step,0.200000,0.196941,-0.003954,-18,0.000000,0.000000,5,0.200000
13.291335,step,0.200000,0.196902,-0.004487,-18,0.000000,0.000000,5,0.200000
13.294064,step,0.200000,0.196880,-0.007951,-18,0.000000,0.000000,5,0.200000
13.296974,step,0.200000,0.196830,-0.009550,-18,0.000000,0.000000,5,0.200000
13.300154,step,0.200000,0.196783,-0.011682,-18,0.000000,0.000000,5,0.200000
13.303355,step,0.200000,0.196754,-0.014346,-18,0.000000,0.000000,5,0.200000
13.306654,step,0.200000,0.196690,-0.014879,-18,0.000000,0.000000,5,0.200000
13.309396,step,0.200000,0.196653,-0.017544,-18,0.000000,0.000000,5,0.200000
13.312141,step,0.200000,0.196627,-0.017810,-18,0.000000,0.000000,5,0.200000
13.314881,step,0.200000,0.196612,-0.019409,-18,0.000000,0.000000,5,0.200000
13.317940,step,0.200000,0.196622,-0.018077,-18,0.000000,0.000000,5,0.200000
13.320898,step,0.200000,0.196644,-0.019676,-18,0.000000,0.000000,5,0.200000
13.324099,coast,0.000000,0.196691,-0.014879,-18,0.000000,0.000000,5,0.000000
13.327073,coast,0.000000,0.196621,-0.006885,-18,0.000000,0.000000,5,0.000000
13.330323,coast,0.000000,0.196985,-0.005287,-18,0.000000,0.000000,5,0.000000
13.333499,coast,0.000000,0.196138,-0.047121,-18,0.000000,0.000000,5,0.000000
13.336687,coast,0.000000,0.195188,-0.088956,-18,0.000000,0.000000,5,0.000000
13.339861,coast,0.000000,0.194531,-0.095084,-18,0.000000,0.000000,5,0.000000
13.343054,coast,0.000000,0.193347,-0.114270,-18,0.000000,0.000000,5,0.000000
13.346232,coast,0.000000,0.192578,-0.144646,-18,0.000000,0.000000,5,0.000000
13.349257,coast,0.000000,0.191729,-0.157170,-18,0.000000,0.000000,5,0.000000
13.352010,coast,0.000000,0.190595,-0.165431,-18,0.000000,0.000000,5,0.000000
13.354987,coast,0.000000,0.190051,-0.185948,-18,0.000000,0.000000,5,0.000000
13.357728,coast,0.000000,0.188985,-0.191277,-18,0.000000,0.000000,5,0.000000
13.360707,coast,0.000000,0.188084,-0.203002,-18,0.000000,0.000000,5,0.000000
13.364079,coast,0.000000,0.187218,-0.215792,-18,0.000000,0.000000,5,0.000000
13.367104,coast,0.000000,0.186042,-0.229648,-18,0.000000,0.000000,5,0.000000
13.369972,coast,0.000000,0.185020,-0.247235,-18,0.000000,0.000000,5,0.000000
13.372724,coast,0.000000,0.183989,-0.260558,-18,0.000000,0.000000,5,0.000000
13.375806,coast,0.000000,0.182650,-0.277878,-18,0.000000,0.000000,5,0.000000
13.378583,coast,0.000000,0.181495,-0.291467,-18,0.000000,0.000000,5,0.000000
13.381531,coast,0.000000,0.180078,-0.303725,-18,0.000000,0.000000,5,0.000000
13.384493,coast,0.000000,0.178846,-0.324775,-17,0.000000,0.000000,5,0.000000
13.387694,coast,0.000000,0.177309,-0.341562,-17,0.000000,0.000000,5,0.000000
13.390817,coast,0.000000,0.175640,-0.356218,-17,0.000000,0.000000,5,0.000000
13.393733,coast,0.000000,0.174218,-0.376469,-17,0.000000,0.000000,5,0.000000
13.396456,coast,0.000000,0.172674,-0.394855,-17,0.000000,0.000000,5,0.000000
13.399361,coast,0.000000,0.171058,-0.409510,-17,0.000000,0.000000,5,0.000000
13.402682,coast,0.000000,0.169246,-0.424699,-16,0.000000,0.000000,5,0.000000
13.405927,coast,0.000000,0.167478,-0.445216,-16,0.000000,0.000000,5,0.000000
13.409059,coast,0.000000,0.165667,-0.460937,-16,0.000000,0.000000,5,0.000000
13.412356,coast,0.000000,0.163667,-0.472662,-16,0.000000,0.000000,5,0.000000
13.415311,coast,0.000000,0.161778,-0.484919,-16,0.000000,0.000000,5,0.000000
13.418638,coast,0.000000,0.159613,-0.498775,-16,0.000000,0.000000,5,0.000000
13.421489,coast,0.000000,0.157789,-0.527553,-16,0.000000,0.000000,5,0.000000
13.424395,coast,0.000000,0.155600,-0.554199,-15,0.000000,0.000000,5,0.000000
13.427840,coast,0.000000,0.153343,-0.579247,-15,0.000000,0.000000,5,0.000000
13.430377,coast,0.000000,0.151262,-0.598166,-15,0.000000,0.000000,5,0.000000
13.432644,coast,0.000000,0.149442,-0.618417,-15,0.000000,0.000000,5,0.000000
13.435158,coast,0.000000,0.147883,-0.643997,-15,0.000000,0.000000,5,0.000000
13.437703,coast,0.000000,0.145911,-0.633072,-15,0.000000,0.000000,5,0.000000
13.440195,coast,0.000000,0.144632,-0.646928,-15,0.000000,0.000000,5,0.000000
13.443118,coast,0.000000,0.142684,-0.645063,-15,0.000000,0.000000,5,0.000000
13.446077,coast,0.000000,0.140230,-0.649060,-15,0.000000,0.000000,5,0.000000
13.448996,coast,0.000000,0.138338,-0.643731,-14,0.000000,0.000000,5,0.000000
13.451682,coast,0.000000,0.136255,-0.661051,-14,0.000000,0.000000,5,0.000000
13.454075,coast,0.000000,0.134744,-0.689296,-14,0.000000,0.000000,5,0.000000
13.456306,coast,0.000000,0.132776,-0.702619,-14,0.000000,0.000000,5,0.000000
13.458527,coast,0.000000,0.130889,-0.708481,-14,0.000000,0.000000,5,0.000000
13.460812,coast,0.000000,0.128836,-0.713810,-14,0.000000,0.000000,5,0.000000
13.462832,coast,0.000000,0.127266,-0.718873,-14,0.000000,0.000000,5,0.000000
13.465022,coast,0.000000,0.125620,-0.729532,-14,0.000000,0.000000,5,0.000000
13.467357,coast,0.000000,0.123688,-0.734061,-14,0.000000,0.000000,5,0.000000
13.469474,coast,0.000000,0.121885,-0.737792,-13,0.000000,0.000000,5,0.000000
13.471475,coast,0.000000,0.120093,-0.746585,-13,0.000000,0.000000,5,0.000000
13.473590,coast,0.000000,0.118276,-0.759375,-13,0.000000,0.000000,5,0.000000
13.475921,coast,0.000000,0.116192,-0.773498,-13,0.000000,0.000000,5,0.000000
13.478060,coast,0.000000,0.114190,-0.782558,-13,0.000000,0.000000,5,0.000000
13.480313,coast,0.000000,0.112105,-0.792683,-13,0.000000,0.000000,5,0.000000
13.482425,coast,0.000000,0.110072,-0.798812,-12,0.000000,0.000000,5,0.000000
13.484505,coast,0.000000,0.108123,-0.815333,-12,0.000000,0.000000,5,0.000000
13.486526,coast,0.000000,0.106192,-0.825991,-12,0.000000,0.000000,5,0.000000
13.488528,coast,0.000000,0.104241,-0.832919,-12,0.000000,0.000000,5,0.000000
13.490506,coast,0.000000,0.102331,-0.847308,-12,0.000000,0.000000,5,0.000000
13.492530,coast,0.000000,0.100394,-0.853703,-12,0.000000,0.000000,5,0.000000
13.494863,coast,0.000000,0.098238,-0.863029,-12,0.000000,0.000000,5,0.000000
13.497174,coast,0.000000,0.096272,-0.865960,-12,0.000000,0.000000,5,0.000000
13.499379,coast,0.000000,0.094480,-0.871290,-12,0.000000,0.000000,5,0.000000
13.501484,coast,0.000000,0.092823,-0.876086,-12,0.000000,0.000000,5,0.000000
13.503571,coast,0.000000,0.091130,-0.877152,-11,0.000000,0.000000,5,0.000000
13.505846,coast,0.000000,0.089043,-0.868625,-11,0.000000,0.000000,5,0.000000
13.508087,coast,0.000000,0.086961,-0.862763,-11,0.000000,0.000000,5,0.000000
13.510111,coast,0.000000,0.085231,-0.860631,-11,0.000000,0.000000,5,0.000000
13.512351,coast,0.000000,0.083483,-0.858233,-11,0.000000,0.000000,5,0.000000
13.514758,coast,0.000000,0.081433,-0.872622,-10,0.000000,0.000000,5,0.000000
13.516894,coast,0.000000,0.079349,-0.869158,-10,0.000000,0.000000,5,0.000000
13.519554,coast,0.000000,0.076858,-0.876086,-10,0.000000,0.000000,5,0.000000
13.522294,coast,0.000000,0.074252,-0.886212,-10,0.000000,0.000000,5,0.000000
13.525159,coast,0.000000,0.071691,-0.906196,-9,0.000000,0.000000,5,0.000000
13.528104,coast,0.000000,0.068810,-0.914190,-9,0.000000,0.000000,5,0.000000
13.530377,coast,0.000000,0.066562,-0.926447,-9,0.000000,0.000000,5,0.000000
13.532559,coast,0.000000,0.064309,-0.929645,-8,0.000000,0.000000,5,0.000000
13.534897,coast,0.000000,0.062067,-0.941369,-8,0.000000,0.000000,5,0.000000
13.537074,coast,0.000000,0.059763,-0.948830,-8,0.000000,0.000000,5,0.000000
13.539302,coast,0.000000,0.057804,-0.965884,-8,0.000000,0.000000,5,0.000000
13.542055,coast,0.000000,0.054943,-0.961887,-8,0.000000,0.000000,5,0.000000
13.544544,coast,0.000000,0.052969,-0.958956,-8,0.000000,0.000000,5,0.000000
13.547373,coast,0.000000,0.050446,-0.959222,-8,0.000000,0.000000,5,0.000000
13.550008,coast,0.000000,0.048048,-0.945366,-8,0.000000,0.000000,5,0.000000
13.552685,coast,0.000000,0.045331,-0.918454,-7,0.000000,0.000000,5,0.000000
13.555750,coast,0.000000,0.042697,-0.914990,-7,0.000000,0.000000,5,0.000000
13.558627,coast,0.000000,0.040237,-0.932310,-7,0.000000,0.000000,5,0.000000
13.561002,coast,0.000000,0.038160,-0.955492,-7,0.000000,0.000000,5,0.000000
13.563922,coast,0.000000,0.035100,-0.957357,-6,0.000000,0.000000,5,0.000000
13.566507,coast,0.000000,0.032425,-0.958956,-6,0.000000,0.000000,5,0.000000
13.568790,coast,0.000000,0.029961,-0.957091,-6,0.000000,0.000000,5,0.000000
13.571090,coast,0.000000,0.027831,-0.969348,-6,0.000000,0.000000,5,0.000000
13.573695,coast,0.000000,0.025119,-0.963219,-6,0.000000,0.000000,5,0.000000
13.576077,coast,0.000000,0.022910,-0.967483,-6,0.000000,0.000000,5,0.000000
13.578591,coast,0.000000,0.020424,-0.965085,-5,0.000000,0.000000,5,0.000000
13.581042,coast,0.000000,0.018153,-0.971746,-5,0.000000,0.000000,5,0.000000
13.583771,coast,0.000000,0.015605,-0.977075,-5,0.000000,0.000000,5,0.000000
13.586214,coast,0.000000,0.013387,-0.980806,-5,0.000000,0.000000,5,0.000000
13.588617,coast,0.000000,0.011212,-0.970680,-5,0.000000,0.000000,5,0.000000
13.590996,coast,0.000000,0.009375,-0.964019,-5,0.000000,0.000000,5,0.000000
13.593332,coast,0.000000,0.007509,-0.952028,-4,0.000000,0.000000,5,0.000000
13.596041,coast,0.000000,0.005358,-0.933642,-4,0.000000,0.000000,5,0.000000
13.598193,coast,0.000000,0.003574,-0.924849,-4,0.000000,0.000000,5,0.000000
13.600336,coast,0.000000,0.001859,-0.920852,-4,0.000000,0.000000,5,0.000000
13.602574,coast,0.000000,0.000001,-0.927247,-4,0.000000,0.000000,5,0.000000
13.604993,coast,0.000000,-0.001973,-0.931244,-3,0.000000,0.000000,5,0.000000
13.607177,coast,0.000000,-0.003816,-0.936040,-3,0.000000,0.000000,5,0.000000
13.609387,coast,0.000000,-0.005839,-0.932310,-3,0.000000,0.000000,5,0.000000
13.612414,coast,0.000000,-0.008456,-0.933375,-3,0.000000,0.000000,5,0.000000
13.615356,coast,0.000000,-0.011049,-0.930444,-3,0.000000,0.000000,5,0.000000
13.618620,coast,0.000000,-0.013865,-0.920319,-2,0.000000,0.000000,5,0.000000
13.621648,coast,0.000000,-0.016380,-0.918720,-2,0.000000,0.000000,5,0.000000
13.624844,coast,0.000000,-0.019263,-0.916855,-2,0.000000,0.000000,5,0.000000
13.628317,coast,0.000000,-0.022261,-0.921918,-2,0.000000,0.000000,5,0.000000
13.631432,coast,0.000000,-0.024746,-0.920852,-2,0.000000,0.000000,5,0.000000
13.634517,coast,0.000000,-0.027172,-0.901400,-2,0.000000,0.000000,5,0.000000
13.637583,coast,0.000000,-0.029339,-0.887277,-1,0.000000,0.000000,5,0.000000
13.640567,coast,0.000000,-0.031461,-0.860631,-1,0.000000,0.000000,5,0.000000
13.643346,coast,0.000000,-0.033491,-0.835584,-1,0.000000,0.000000,5,0.000000
13.646073,coast,0.000000,-0.035136,-0.826258,-1,0.000000,0.000000,5,0.000000
13.648836,coast,0.000000,-0.037065,-0.810803,0,0.000000,0.000000,5,0.000000
13.651618,coast,0.000000,-0.038807,-0.815865,0,0.000000,0.000000,5,0.000000
13.654687,coast,0.000000,-0.040934,-0.811869,0,0.000000,0.000000,5,0.000000
13.657644,coast,0.000000,-0.043086,-0.813201,1,0.000000,0.000000,5,0.000000
13.660753,coast,0.000000,-0.045320,-0.807072,1,0.000000,0.000000,5,0.000000
13.663742,coast,0.000000,-0.047621,-0.799345,1,0.000000,0.000000,5,0.000000
13.666692,coast,0.000000,-0.049819,-0.791884,1,0.000000,0.000000,5,0.000000
13.669638,coast,0.000000,-0.051867,-0.788686,2,0.000000,0.000000,5,0.000000
13.672570,coast,0.000000,-0.053925,-0.786288,2,0.000000,0.000000,5,0.000000
13.675941,coast,0.000000,-0.056298,-0.776429,2,0.000000,0.000000,5,0.000000
13.678893,coast,0.000000,-0.058183,-0.772965,2,0.000000,0.000000,5,0.000000
13.681886,coast,0.000000,-0.060455,-0.755378,2,0.000000,0.000000,5,0.000000
13.684827,coast,0.000000,-0.061575,-0.730864,2,0.000000,0.000000,5,0.000000
13.687768,coast,0.000000,-0.063139,-0.710346,2,0.000000,0.000000,5,0.000000
13.691020,coast,0.000000,-0.064783,-0.707149,2,0.000000,0.000000,5,0.000000
13.694135,coast,0.000000,-0.066341,-0.673574,2,0.000000,0.000000,5,0.000000
13.697345,coast,0.000000,-0.068259,-0.656254,2,0.000000,0.000000,5,0.000000
13.700578,coast,0.000000,-0.069498,-0.665048,3,0.000000,0.000000,5,0.000000
13.703766,coast,0.000000,-0.071548,-0.648794,3,0.000000,0.000000,5,0.000000
13.706956,coast,0.000000,-0.073364,-0.637869,3,0.000000,0.000000,5,0.000000
13.710146,coast,0.000000,-0.074683,-0.622147,3,0.000000,0.000000,5,0.000000
13.713342,coast,0.000000,-0.076250,-0.602429,3,0.000000,0.000000,5,0.000000
13.716323,coast,0.000000,-0.077506,-0.582711,3,0.000000,0.000000,5,0.000000
13.719298,coast,0.000000,-0.078696,-0.563792,4,0.000000,0.000000,5,0.000000
13.722272,coast,0.000000,-0.079961,-0.561394,4,0.000000,0.000000,5,0.000000
13.725215,coast,0.000000,-0.081193,-0.550735,4,0.000000,0.000000,5,0.000000
13.728218,coast,0.000000,-0.082511,-0.535547,4,0.000000,0.000000,5,0.000000
13.731166,coast,0.000000,-0.083657,-0.524888,4,0.000000,0.000000,5,0.000000
13.734546,coast,0.000000,-0.085025,-0.510499,4,0.000000,0.000000,5,0.000000
13.737770,coast,0.000000,-0.086254,-0.496110,5,0.000000,0.000000,5,0.000000
13.741030,coast,0.000000,-0.087488,-0.484120,5,0.000000,0.000000,5,0.000000
13.743985,coast,0.000000,-0.088522,-0.479590,5,0.000000,0.000000,5,0.000000
13.746971,coast,0.000000,-0.089362,-0.464934,5,0.000000,0.000000,5,0.000000
13.749904,coast,0.000000,-0.090027,-0.431893,5,0.000000,0.000000,5,0.000000
13.752847,coast,0.000000,-0.090737,-0.408178,5,0.000000,0.000000,5,0.000000
13.755779,coast,0.000000,-0.090948,-0.392723,5,0.000000,0.000000,5,0.000000
13.758699,coast,0.000000,-0.091545,-0.368209,5,0.000000,0.000000,5,0.000000
13.761617,coast,0.000000,-0.091948,-0.352754,5,0.000000,0.000000,5,0.000000
13.764552,coast,0.000000,-0.092263,-0.325575,5,0.000000,0.000000,5,0.000000
13.767526,coast,0.000000,-0.092599,-0.309587,5,0.000000,0.000000,5,0.000000
13.770858,coast,0.000000,-0.092857,-0.285872,5,0.000000,0.000000,5,0.000000
13.773837,coast,0.000000,-0.093069,-0.262956,6,0.000000,0.000000,5,0.000000
13.776838,coast,0.000000,-0.093187,-0.238175,6,0.000000,0.000000,5,0.000000
13.779813,coast,0.000000,-0.093241,-0.217391,6,0.000000,0.000000,5,0.000000
13.782753,coast,0.000000,-0.093314,-0.198472,6,0.000000,0.000000,5,0.000000
13.785873,coast,0.000000,-0.093305,-0.179553,6,0.000000,0.000000,5,0.000000
13.789119,coast,0.000000,-0.093322,-0.161167,6,0.000000,0.000000,5,0.000000
13.792336,coast,0.000000,-0.093276,-0.139584,6,0.000000,0.000000,5,0.000000
13.795515,coast,0.000000,-0.093146,-0.121997,6,0.000000,0.000000,5,0.000000
13.799043,coast,0.000000,-0.092977,-0.099348,6,0.000000,0.000000,5,0.000000
13.802521,coast,0.000000,-0.092787,-0.080695,6,0.000000,0.000000,5,0.000000
13.805702,coast,0.000000,-0.092486,-0.058846,6,0.000000,0.000000,5,0.000000
13.808877,coast,0.000000,-0.092116,-0.037262,6,0.000000,0.000000,5,0.000000
13.812084,coast,0.000000,-0.091673,-0.017277,6,0.000000,0.000000,5,0.000000
13.815202,coast,0.000000,-0.091139,0.005105,6,0.000000,0.000000,5,0.000000
13.818554,coast,0.000000,-0.090564,0.024557,6,0.000000,0.000000,5,0.000000
13.821496,coast,0.000000,-0.089948,0.044275,6,0.000000,0.000000,5,0.000000
13.824499,coast,0.000000,-0.089291,0.062128,6,0.000000,0.000000,5,0.000000
13.827690,coast,0.000000,-0.088571,0.080514,6,0.000000,0.000000,5,0.000000
13.831045,coast,0.000000,-0.087825,0.097035,6,0.000000,0.000000,5,0.000000
13.834288,coast,0.000000,-0.087147,0.120484,6,0.000000,0.000000,5,0.000000
13.837473,coast,0.000000,-0.086386,0.134606,6,0.000000,0.000000,5,0.000000
13.841064,coast,0.000000,-0.085520,0.146863,6,0.000000,0.000000,5,0.000000
13.844735,coast,0.000000,-0.084779,0.167115,6,0.000000,0.000000,5,0.000000
13.847704,coast,0.000000,-0.083954,0.176441,6,0.000000,0.000000,5,0.000000
13.850699,coast,0.000000,-0.083102,0.188432,6,0.000000,0.000000,5,0.000000
13.853656,coast,0.000000,-0.082315,0.200955,6,0.000000,0.000000,5,0.000000
13.856460,coast,0.000000,-0.081390,0.211081,6,0.000000,0.000000,5,0.000000
13.859202,coast,0.000000,-0.080582,0.221739,6,0.000000,0.000000,5,0.000000
13.862199,coast,0.000000,-0.079633,0.232131,6,0.000000,0.000000,5,0.000000
13.865039,coast,0.000000,-0.078736,0.245188,6,0.000000,0.000000,5,0.000000
13.868561,coast,0.000000,-0.077658,0.253981,6,0.000000,0.000000,5,0.000000
13.871751,coast,0.000000,-0.076531,0.268104,6,0.000000,0.000000,5,0.000000
13.874916,coast,0.000000,-0.075472,0.277697,6,0.000000,0.000000,5,0.000000
13.877950,coast,0.000000,-0.074367,0.290753,6,0.000000,0.000000,5,0.000000
13.881134,coast,0.000000,-0.073162,0.301945,6,0.000000,0.000000,5,0.000000
13.884275,coast,0.000000,-0.071984,0.313403,6,0.000000,0.000000,5,0.000000
13.887437,coast,0.000000,-0.070739,0.322196,6,0.000000,0.000000,5,0.000000
13.890956,coast,0.000000,-0.069334,0.335785,6,0.000000,0.000000,5,0.000000
13.894141,coast,0.000000,-0.067994,0.345644,6,0.000000,0.000000,5,0.000000
13.897183,coast,0.000000,-0.066712,0.357902,6,0.000000,0.000000,5,0.000000
13.900148,coast,0.000000,-0.065404,0.365896,6,0.000000,0.000000,5,0.000000
13.903103,coast,0.000000,-0.064115,0.375488,6,0.000000,0.000000,5,0.000000
13.906132,coast,0.000000,-0.062735,0.388545,6,0.000000,0.000000,5,0.000000
13.909313,coast,0.000000,-0.061286,0.396805,6,0.000000,0.000000,5,0.000000
13.912541,coast,0.000000,-0.059794,0.405865,6,0.000000,0.000000,5,0.000000
13.915711,coast,0.000000,-0.058319,0.416790,6,0.000000,0.000000,5,0.000000
13.918460,coast,0.000000,-0.057013,0.424251,6,0.000000,0.000000,5,0.000000
13.921172,coast,0.000000,-0.055677,0.438107,6,0.000000,0.000000,5,0.000000
13.924220,coast,0.000000,-0.054208,0.444502,6,0.000000,0.000000,5,0.000000
13.927213,coast,0.000000,-0.052647,0.456493,6,0.000000,0.000000,5,0.000000
13.930797,coast,0.000000,-0.050874,0.464220,6,0.000000,0.000000,5,0.000000
13.934001,coast,0.000000,-0.049215,0.472481,6,0.000000,0.000000,5,0.000000
13.937230,coast,0.000000,-0.047497,0.484205,6,0.000000,0.000000,5,0.000000
13.940596,coast,0.000000,-0.045705,0.490867,6,0.000000,0.000000,5,0.000000
13.943804,coast,0.000000,-0.043981,0.501525,6,0.000000,0.000000,5,0.000000
13.946973,coast,0.000000,-0.042294,0.508719,6,0.000000,0.000000,5,0.000000
13.950357,coast,0.000000,-0.040435,0.516447,6,0.000000,0.000000,5,0.000000
13.953106,coast,0.000000,-0.038907,0.523641,6,0.000000,0.000000,5,0.000000
13.955899,coast,0.000000,-0.037369,0.529770,6,0.000000,0.000000,5,0.000000
13.958661,coast,0.000000,-0.035818,0.536698,6,0.000000,0.000000,5,0.000000
13.961383,coast,0.000000,-0.034030,0.538563,6,0.000000,0.000000,5,0.000000
13.964106,coast,0.000000,-0.032737,0.549755,6,0.000000,0.000000,5,0.000000
13.966908,coast,0.000000,-0.030866,0.549755,6,0.000000,0.000000,5,0.000000
13.969917,coast,0.000000,-0.029317,0.550554,6,0.000000,0.000000,5,0.000000
13.972873,coast,0.000000,-0.027745,0.548156,6,0.000000,0.000000,5,0.000000
13.975822,coast,0.000000,-0.026081,0.561746,6,0.000000,0.000000,5,0.000000
13.978767,coast,0.000000,-0.024686,0.565210,6,0.000000,0.000000,5,0.000000
13.981705,coast,0.000000,-0.022784,0.558548,6,0.000000,0.000000,5,0.000000
13.984672,coast,0.000000,-0.021395,0.571072,6,0.000000,0.000000,5,0.000000
13.988111,coast,0.000000,-0.019442,0.571871,6,0.000000,0.000000,5,0.000000
13.991348,coast,0.000000,-0.017507,0.575602,6,0.000000,0.000000,5,0.000000
13.994514,coast,0.000000,-0.015818,0.581997,5,0.000000,0.000000,5,0.000000
13.997594,coast,0.000000,-0.013918,0.585194,5,0.000000,0.000000,5,0.000000
14.000675,coast,0.000000,-0.012055,0.588658,5,0.000000,0.000000,5,0.000000
14.003629,coast,0.000000,-0.010351,0.589991,5,0.000000,0.000000,5,0.000000
14.006585,coast,0.000000,-0.008379,0.579599,5,0.000000,0.000000,5,0.000000
14.009550,coast,0.000000,-0.006715,0.569739,5,0.000000,0.000000,5,0.000000
14.012540,coast,0.000000,-0.005195,0.570805,5,0.000000,0.000000,5,0.000000
14.015814,coast,0.000000,-0.003620,0.581464,5,0.000000,0.000000,5,0.000000
14.018756,coast,0.000000,-0.002251,0.575602,4,0.000000,0.000000,5,0.000000
14.021705,coast,0.000000,-0.000805,0.568940,4,0.000000,0.000000,5,0.000000
14.024670,coast,0.000000,0.000445,0.566275,4,0.000000,0.000000,5,0.000000
14.027634,coast,0.000000,0.001822,0.564943,4,0.000000,0.000000,5,0.000000
14.030944,coast,0.000000,0.003510,0.553219,4,0.000000,0.000000,5,0.000000
14.033892,coast,0.000000,0.004847,0.548156,4,0.000000,0.000000,5,0.000000
14.036873,coast,0.000000,0.006178,0.544692,4,0.000000,0.000000,5,0.000000
14.040117,coast,0.000000,0.007766,0.542560,4,0.000000,0.000000,5,0.000000
14.043314,coast,0.000000,0.009281,0.538563,4,0.000000,0.000000,5,0.000000
14.046515,coast,0.000000,0.010839,0.536698,4,0.000000,0.000000,5,0.000000
14.049506,coast,0.000000,0.012272,0.530303,3,0.000000,0.000000,5,0.000000
14.052488,coast,0.000000,0.013703,0.524974,3,0.000000,0.000000,5,0.000000
14.055493,coast,0.000000,0.015046,0.523375,3,0.000000,0.000000,5,0.000000
14.058723,coast,0.000000,0.016458,0.520710,3,0.000000,0.000000,5,0.000000
14.061490,coast,0.000000,0.017730,0.516980,3,0.000000,0.000000,5,0.000000
14.064226,coast,0.000000,0.018848,0.511384,3,0.000000,0.000000,5,0.000000
14.066978,coast,0.000000,0.020056,0.507387,3,0.000000,0.000000,5,0.000000
14.070283,coast,0.000000,0.021521,0.506854,2,0.000000,0.000000,5,0.000000
14.073238,coast,0.000000,0.022834,0.500992,2,0.000000,0.000000,5,0.000000
14.076200,coast,0.000000,0.024130,0.497795,2,0.000000,0.000000,5,0.000000
14.079184,coast,0.000000,0.025412,0.497528,2,0.000000,0.000000,5,0.000000
14.082291,coast,0.000000,0.026724,0.499127,2,0.000000,0.000000,5,0.000000
14.085260,coast,0.000000,0.028252,0.493798,2,0.000000,0.000000,5,0.000000
14.088221,coast,0.000000,0.029521,0.489268,2,0.000000,0.000000,5,0.000000
14.091186,coast,0.000000,0.030872,0.489001,2,0.000000,0.000000,5,0.000000
14.094367,coast,0.000000,0.032267,0.489534,1,0.000000,0.000000,5,0.000000
14.097730,coast,0.000000,0.034017,0.475145,1,0.000000,0.000000,5,0.000000
14.100830,coast,0.000000,0.034902,0.454894,1,0.000000,0.000000,5,0.000000
14.103655,coast,0.000000,0.035651,0.450631,1,0.000000,0.000000,5,0.000000
14.106419,coast,0.000000,0.036341,0.454628,1,0.000000,0.000000,5,0.000000
14.109628,coast,0.000000,0.037558,0.428514,1,0.000000,0.000000,5,0.000000
14.112819,coast,0.000000,0.038582,0.414392,1,0.000000,0.000000,5,0.000000
14.115991,coast,0.000000,0.039115,0.409329,1,0.000000,0.000000,5,0.000000
14.119216,coast,0.000000,0.040161,0.385880,1,0.000000,0.000000,5,0.000000
14.122436,coast,0.000000,0.041040,0.371225,1,0.000000,0.000000,5,0.000000
14.125962,coast,0.000000,0.041708,0.370958,0,0.000000,0.000000,5,0.000000
14.129032,coast,0.000000,0.042642,0.354704,0,0.000000,0.000000,5,0.000000
14.132003,coast,0.000000,0.043532,0.344845,0,0.000000,0.000000,5,0.000000
14.134957,coast,0.000000,0.044067,0.337118,0,0.000000,0.000000,5,0.000000
14.138287,coast,0.000000,0.044953,0.332854,0,0.000000,0.000000,5,0.000000
14.141209,coast,0.000000,0.045658,0.318465,0,0.000000,0.000000,5,0.000000
14.144364,coast,0.000000,0.046304,0.305142,0,0.000000,0.000000,5,0.000000
14.147335,coast,0.000000,0.046779,0.299813,0,0.000000,0.000000,5,0.000000
14.150593,coast,0.000000,0.047474,0.290753,0,0.000000,0.000000,5,0.000000
14.153385,coast,0.000000,0.048047,0.276098,0,0.000000,0.000000,5,0.000000
14.156144,coast,0.000000,0.048424,0.276631,0,0.000000,0.000000,5,0.000000
14.158890,coast,0.000000,0.048886,0.267837,0,0.000000,0.000000,5,0.000000
14.161837,coast,0.000000,0.049404,0.258778,0,0.000000,0.000000,5,0.000000
14.164773,coast,0.000000,0.049921,0.247586,-1,0.000000,0.000000,5,0.000000
14.168005,coast,0.000000,0.050389,0.242790,-1,0.000000,0.000000,5,0.000000
14.170988,coast,0.000000,0.050828,0.234796,-1,0.000000,0.000000,5,0.000000
14.173946,coast,0.000000,0.051273,0.222272,-1,0.000000,0.000000,5,0.000000
14.176898,coast,0.000000,0.051617,0.215877,-1,0.000000,0.000000,5,0.000000
14.180078,coast,0.000000,0.052028,0.207883,-1,0.000000,0.000000,5,0.000000
14.183019,coast,0.000000,0.052411,0.199090,-1,0.000000,0.000000,5,0.000000
14.185996,coast,0.000000,0.052642,0.195626,-1,0.000000,0.000000,5,0.000000
14.188934,coast,0.000000,0.053005,0.188698,-1,0.000000,0.000000,5,0.000000
14.191993,coast,0.000000,0.053310,0.184701,-1,0.000000,0.000000,5,0.000000
14.195153,coast,0.000000,0.053689,0.173510,-1,0.000000,0.000000,5,0.000000
14.198744,coast,0.000000,0.054127,0.164983,-2,0.000000,0.000000,5,0.000000
14.201939,coast,0.000000,0.054422,0.160187,-2,0.000000,0.000000,5,0.000000
14.205167,coast,0.000000,0.054724,0.148462,-2,0.000000,0.000000,5,0.000000
14.208840,coast,0.000000,0.055059,0.139136,-2,0.000000,0.000000,5,0.000000
14.212007,coast,0.000000,0.055278,0.135406,-2,0.000000,0.000000,5,0.000000
14.215235,coast,0.000000,0.055471,0.123681,-2,0.000000,0.000000,5,0.000000
14.218223,coast,0.000000,0.055615,0.118086,-2,0.000000,0.000000,5,0.000000
14.221177,coast,0.000000,0.055711,0.108226,-2,0.000000,0.000000,5,0.000000
14.224150,coast,0.000000,0.055849,0.099966,-2,0.000000,0.000000,5,0.000000
14.227100,coast,0.000000,0.055825,0.100233,-2,0.000000,0.000000,5,0.000000
14.230288,coast,0.000000,0.055940,0.083445,-2,0.000000,0.000000,5,0.000000
14.233347,coast,0.000000,0.055841,0.077850,-2,0.000000,0.000000,5,0.000000
14.236555,coast,0.000000,0.055776,0.061595,-2,0.000000,0.000000,5,0.000000
14.239755,coast,0.000000,0.055724,0.053602,-2,0.000000,0.000000,5,0.000000
14.242892,coast,0.000000,0.055470,0.043476,-2,0.000000,0.000000,5,0.000000
14.245810,coast,0.000000,0.055344,0.029620,-2,0.000000,0.000000,5,0.000000
14.248758,coast,0.000000,0.055103,0.021093,-2,0.000000,0.000000,5,0.000000
14.251691,coast,0.000000,0.054824,0.010701,-2,0.000000,0.000000,5,0.000000
14.254643,coast,0.000000,0.054575,-0.003954,-2,0.000000,0.000000,5,0.000000
14.257594,coast,0.000000,0.054259,-0.010616,-2,0.000000,0.000000,5,0.000000
14.260534,coast,0.000000,0.053976,-0.021807,-2,0.000000,0.000000,5,0.000000
14.263484,coast,0.000000,0.053655,-0.028469,-2,0.000000,0.000000,5,0.000000
14.266450,coast,0.000000,0.053274,-0.041526,-2,0.000000,0.000000,5,0.000000
14.269381,coast,0.000000,0.052936,-0.046055,-2,0.000000,0.000000,5,0.000000
14.272335,coast,0.000000,0.052596,-0.053516,-2,0.000000,0.000000,5,0.000000
14.275563,coast,0.000000,0.052227,-0.062043,-2,0.000000,0.000000,5,0.000000
14.278746,coast,0.000000,0.051884,-0.069504,-2,0.000000,0.000000,5,0.000000
14.281944,coast,0.000000,0.051453,-0.076166,-2,0.000000,0.000000,5,0.000000
14.284918,coast,0.000000,0.051021,-0.083893,-2,0.000000,0.000000,5,0.000000
14.287907,coast,0.000000,0.050597,-0.087624,-2,0.000000,0.000000,5,0.000000
14.290835,coast,0.000000,0.050135,-0.098282,-2,0.000000,0.000000,5,0.000000
14.293895,coast,0.000000,0.049718,-0.102812,-2,0.000000,0.000000,5,0.000000
14.297084,coast,0.000000,0.049182,-0.107875,-2,0.000000,0.000000,5,0.000000
14.300646,coast,0.000000,0.048626,-0.114003,-2,0.000000,0.000000,5,0.000000
14.303721,coast,0.000000,0.048131,-0.120132,-2,0.000000,0.000000,5,0.000000
14.306646,coast,0.000000,0.047648,-0.126794,-2,0.000000,0.000000,5,0.000000
14.309563,coast,0.000000,0.047123,-0.130524,-2,0.000000,0.000000,5,0.000000
14.312527,coast,0.000000,0.046637,-0.139584,-2,0.000000,0.000000,5,0.000000
14.315792,coast,0.000000,0.046055,-0.143847,-2,0.000000,0.000000,5,0.000000
14.318715,coast,0.000000,0.045482,-0.149443,-2,0.000000,0.000000,5,0.000000
14.321647,coast,0.000000,0.044919,-0.156904,-2,0.000000,0.000000,5,0.000000
14.324600,coast,0.000000,0.044356,-0.159568,-2,0.000000,0.000000,5,0.000000
14.327564,coast,0.000000,0.043759,-0.166496,-2,0.000000,0.000000,5,0.000000
14.330555,coast,0.000000,0.043147,-0.170760,-2,0.000000,0.000000,5,0.000000
14.333495,coast,0.000000,0.042529,-0.177155,-2,0.000000,0.000000,5,0.000000
14.336462,coast,0.000000,0.041918,-0.181685,-2,0.000000,0.000000,5,0.000000
14.339423,coast,0.000000,0.041268,-0.187014,-2,0.000000,0.000000,5,0.000000
14.342352,coast,0.000000,0.040618,-0.189945,-2,0.000000,0.000000,5,0.000000
14.345308,coast,0.000000,0.039947,-0.195274,-2,0.000000,0.000000,5,0.000000
14.348552,coast,0.000000,0.039225,-0.199804,-2,0.000000,0.000000,5,0.000000
14.351714,coast,0.000000,0.038515,-0.204867,-2,0.000000,0.000000,5,0.000000
14.354649,coast,0.000000,0.037839,-0.208864,-2,0.000000,0.000000,5,0.000000
14.357624,coast,0.000000,0.037132,-0.212861,-2,0.000000,0.000000,5,0.000000
14.360713,coast,0.000000,0.036383,-0.219522,-2,0.000000,0.000000,5,0.000000
14.363662,coast,0.000000,0.035659,-0.221121,-2,0.000000,0.000000,5,0.000000
14.366597,coast,0.000000,0.034935,-0.223519,-2,0.000000,0.000000,5,0.000000
14.369921,coast,0.000000,0.034109,-0.227250,-2,0.000000,0.000000,5,0.000000
14.372929,coast,0.000000,0.033339,-0.232846,-2,0.000000,0.000000,5,0.000000
14.376099,coast,0.000000,0.032529,-0.238974,-2,0.000000,0.000000,5,0.000000
14.379052,coast,0.000000,0.031745,-0.240307,-2,0.000000,0.000000,5,0.000000
14.382036,coast,0.000000,0.030939,-0.246169,-2,0.000000,0.000000,5,0.000000
14.384973,coast,0.000000,0.030111,-0.251764,-2,0.000000,0.000000,5,0.000000
14.388222,coast,0.000000,0.029218,-0.253097,-2,0.000000,0.000000,5,0.000000
14.391185,coast,0.000000,0.028389,-0.262156,-2,0.000000,0.000000,5,0.000000
14.394500,coast,0.000000,0.027455,-0.263222,-2,0.000000,0.000000,5,0.000000
14.397476,coast,0.000000,0.026613,-0.269351,-2,0.000000,0.000000,5,0.000000
14.400456,coast,0.000000,0.025739,-0.272016,-2,0.000000,0.000000,5,0.000000
14.403398,coast,0.000000,0.024897,-0.272815,-2,0.000000,0.000000,5,0.000000
14.406226,coast,0.000000,0.024059,-0.276279,-2,0.000000,0.000000,5,0.000000
14.408986,coast,0.000000,0.023243,-0.278144,-2,0.000000,0.000000,5,0.000000
14.411789,coast,0.000000,0.022430,-0.285605,-2,0.000000,0.000000,5,0.000000
14.414612,coast,0.000000,0.021585,-0.286405,-2,0.000000,0.000000,5,0.000000
14.418119,coast,0.000000,0.020550,-0.289336,-2,0.000000,0.000000,5,0.000000
14.421656,coast,0.000000,0.019490,-0.293865,-2,0.000000,0.000000,5,0.000000
14.424803,coast,0.000000,0.018540,-0.295198,-2,0.000000,0.000000,5,0.000000
14.427881,coast,0.000000,0.017608,-0.299728,-2,0.000000,0.000000,5,0.000000
14.430794,coast,0.000000,0.016706,-0.301593,-2,0.000000,0.000000,5,0.000000
14.433737,coast,0.000000,0.015816,-0.302392,-2,0.000000,0.000000,5,0.000000
14.436703,coast,0.000000,0.014922,-0.304258,-2,0.000000,0.000000,5,0.000000
14.439645,coast,0.000000,0.014007,-0.307189,-2,0.000000,0.000000,5,0.000000
14.442603,coast,0.000000,0.013121,-0.308521,-2,0.000000,0.000000,5,0.000000
14.445691,coast,0.000000,0.012207,-0.307189,-2,0.000000,0.000000,5,0.000000
14.448888,coast,0.000000,0.011259,-0.311718,-2,0.000000,0.000000,5,0.000000
14.452116,coast,0.000000,0.010288,-0.313584,-2,0.000000,0.000000,5,0.000000
14.455301,coast,0.000000,0.009317,-0.314916,-2,0.000000,0.000000,5,0.000000
14.458236,coast,0.000000,0.008411,-0.314916,-2,0.000000,0.000000,5,0.000000
14.461180,coast,0.000000,0.007533,-0.316515,-2,0.000000,0.000000,5,0.000000
14.464482,coast,0.000000,0.006492,-0.316781,-2,0.000000,0.000000,5,0.000000
14.467451,coast,0.000000,0.005607,-0.316248,-2,0.000000,0.000000,5,0.000000
14.470408,coast,0.000000,0.004710,-0.317581,-2,0.000000,0.000000,5,0.000000
14.473357,coast,0.000000,0.003798,-0.319179,-2,0.000000,0.000000,5,0.000000
14.476296,coast,0.000000,0.002930,-0.319179,-2,0.000000,0.000000,5,0.000000
14.479222,coast,0.000000,0.002050,-0.319712,-2,0.000000,0.000000,5,0.000000
14.482504,coast,0.000000,0.001117,-0.317847,-2,0.000000,0.000000,5,0.000000
14.485716,coast,0.000000,0.000220,-0.316248,-2,0.000000,0.000000,5,0.000000
14.488659,coast,0.000000,-0.000795,-0.318114,-2,0.000000,0.000000,5,0.000000
14.491600,coast,0.000000,-0.001468,-0.317847,-2,0.000000,0.000000,5,0.000000
14.494568,coast,0.000000,-0.002465,-0.318380,-2,0.000000,0.000000,5,0.000000
14.497733,coast,0.000000,-0.003354,-0.315449,-2,0.000000,0.000000,5,0.000000
14.500960,coast,0.000000,-0.004231,-0.314650,-2,0.000000,0.000000,5,0.000000
14.504481,coast,0.000000,-0.005270,-0.314650,-2,0.000000,0.000000,5,0.000000
14.507405,coast,0.000000,-0.006054,-0.309587,-2,0.000000,0.000000,5,0.000000
14.510124,coast,0.000000,-0.006791,-0.306123,-2,0.000000,0.000000,5,0.000000
14.512896,coast,0.000000,-0.007494,-0.305590,-2,0.000000,0.000000,5,0.000000
14.515721,coast,0.000000,-0.008016,-0.298395,-2,0.000000,0.000000,5,0.000000
14.518687,coast,0.000000,-0.008788,-0.292533,-2,0.000000,0.000000,5,0.000000
14.521615,coast,0.000000,-0.009261,-0.288003,-2,0.000000,0.000000,5,0.000000
14.524535,coast,0.000000,-0.009854,-0.277878,-2,0.000000,0.000000,5,0.000000
14.527482,coast,0.000000,-0.010308,-0.270683,-2,0.000000,0.000000,5,0.000000
14.530769,coast,0.000000,-0.010832,-0.260558,-2,0.000000,0.000000,5,0.000000
14.533747,coast,0.000000,-0.011342,-0.253630,-2,0.000000,0.000000,5,0.000000
14.536691,coast,0.000000,-0.011707,-0.244836,-2,0.000000,0.000000,5,0.000000
14.539639,coast,0.000000,-0.012108,-0.236310,-2,0.000000,0.000000,5,0.000000
14.542585,coast,0.000000,-0.012442,-0.227250,-2,0.000000,0.000000,5,0.000000
14.545575,coast,0.000000,-0.012763,-0.214993,-2,0.000000,0.000000,5,0.000000
14.548361,coast,0.000000,-0.013002,-0.205933,-2,0.000000,0.000000,5,0.000000
14.551143,coast,0.000000,-0.013192,-0.195541,-2,0.000000,0.000000,5,0.000000
14.554196,coast,0.000000,-0.013407,-0.185149,-1,0.000000,0.000000,5,0.000000
14.557077,coast,0.000000,-0.013566,-0.172625,-1,0.000000,0.000000,5,0.000000
14.559941,coast,0.000000,-0.013667,-0.161700,-1,0.000000,0.000000,5,0.000000
14.562703,coast,0.000000,-0.013748,-0.154239,-1,0.000000,0.000000,5,0.000000
14.565441,coast,0.000000,-0.013806,-0.143048,-1,0.000000,0.000000,5,0.000000
14.568325,coast,0.000000,-0.013886,-0.134787,-1,0.000000,0.000000,5,0.000000
14.571292,coast,0.000000,-0.013943,-0.122797,-1,0.000000,0.000000,5,0.000000
14.574271,coast,0.000000,-0.013992,-0.116135,-1,0.000000,0.000000,5,0.000000
14.577262,coast,0.000000,-0.014016,-0.104144,-1,0.000000,0.000000,5,0.000000
14.580205,coast,0.000000,-0.013998,-0.093752,-1,0.000000,0.000000,5,0.000000
14.583182,coast,0.000000,-0.013951,-0.082827,-1,0.000000,0.000000,5,0.000000
14.586297,coast,0.000000,-0.013864,-0.075899,-1,0.000000,0.000000,5,0.000000
14.589274,coast,0.000000,-0.013749,-0.062043,-1,0.000000,0.000000,5,0.000000
14.592284,coast,0.000000,-0.013604,-0.052450,-1,0.000000,0.000000,5,0.000000
14.595265,coast,0.000000,-0.013406,-0.041526,-1,0.000000,0.000000,5,0.000000
14.598445,coast,0.000000,-0.013223,-0.032732,-1,0.000000,0.000000,5,0.000000
14.601361,coast,0.000000,-0.013022,-0.023406,-1,0.000000,0.000000,5,0.000000
14.604625,coast,0.000000,-0.012757,-0.008484,-1,0.000000,0.000000,5,0.000000
14.607744,coast,0.000000,-0.012469,0.000309,-1,0.000000,0.000000,5,0.000000
14.610681,coast,0.000000,-0.012163,0.006171,-1,0.000000,0.000000,5,0.000000
14.613835,coast,0.000000,-0.011830,0.021360,-1,0.000000,0.000000,5,0.000000
14.616729,coast,0.000000,-0.011493,0.029354,-1,0.000000,0.000000,5,0.000000
14.619485,coast,0.000000,-0.011180,0.038946,-1,0.000000,0.000000,5,0.000000
14.622097,coast,0.000000,-0.010850,0.041877,-1,0.000000,0.000000,5,0.000000
14.624520,coast,0.000000,-0.010566,0.049338,-1,0.000000,0.000000,5,0.000000
14.626870,coast,0.000000,-0.010289,0.054934,-1,0.000000,0.000000,5,0.000000
14.629100,coast,0.000000,-0.009997,0.058664,-1,0.000000,0.000000,5,0.000000
14.631316,coast,0.000000,-0.009731,0.061862,-1,0.000000,0.000000,5,0.000000
14.633651,coast,0.000000,-0.009468,0.068257,-1,0.000000,0.000000,5,0.000000
14.636105,coast,0.000000,-0.009201,0.070389,-1,0.000000,0.000000,5,0.000000
14.638721,coast,0.000000,-0.008945,0.075185,-1,0.000000,0.000000,5,0.000000
14.641437,coast,0.000000,-0.008693,0.074652,-1,0.000000,0.000000,5,0.000000
14.643799,coast,0.000000,-0.008446,0.078916,-1,0.000000,0.000000,5,0.000000
14.646407,coast,0.000000,-0.008201,0.077317,-1,0.000000,0.000000,5,0.000000
14.648711,coast,0.000000,-0.008023,0.078383,-1,0.000000,0.000000,5,0.000000
14.650980,coast,0.000000,-0.007849,0.078649,-1,0.000000,0.000000,5,0.000000
14.653645,coast,0.000000,-0.007619,0.078649,-1,0.000000,0.000000,5,0.000000
14.656046,coast,0.000000,-0.007414,0.080514,-1,0.000000,0.000000,5,0.000000
14.658462,coast,0.000000,-0.007201,0.081847,-1,0.000000,0.000000,5,0.000000
14.660626,coast,0.000000,-0.007005,0.082646,-1,0.000000,0.000000,5,0.000000
14.662798,coast,0.000000,-0.006807,0.081580,-1,0.000000,0.000000,5,0.000000
14.665056,coast,0.000000,-0.006588,0.083978,-1,0.000000,0.000000,5,0.000000
14.667328,coast,0.000000,-0.006374,0.085577,-1,0.000000,0.000000,5,0.000000
14.669874,coast,0.000000,-0.006170,0.087176,-1,0.000000,0.000000,5,0.000000
14.671996,coast,0.000000,-0.005959,0.085844,-1,0.000000,0.000000,5,0.000000
14.674076,coast,0.000000,-0.005806,0.084778,-1,0.000000,0.000000,5,0.000000
14.676263,coast,0.000000,-0.005623,0.084778,-1,0.000000,0.000000,5,0.000000
14.678745,coast,0.000000,-0.005428,0.084511,-1,0.000000,0.000000,5,0.000000
14.681717,coast,0.000000,-0.005146,0.086376,-1,0.000000,0.000000,5,0.000000
14.684088,coast,0.000000,-0.004946,0.087442,-1,0.000000,0.000000,5,0.000000
14.686499,coast,0.000000,-0.004719,0.087709,-1,0.000000,0.000000,5,0.000000
14.688899,coast,0.000000,-0.004542,0.088508,-1,0.000000,0.000000,5,0.000000
14.691325,coast,0.000000,-0.004351,0.090107,-1,0.000000,0.000000,5,0.000000
14.693849,coast,0.000000,-0.004109,0.088242,-1,0.000000,0.000000,5,0.000000
14.696138,coast,0.000000,-0.003904,0.087709,-1,0.000000,0.000000,5,0.000000
14.698469,coast,0.000000,-0.003689,0.089308,-1,0.000000,0.000000,5,0.000000
14.701300,coast,0.000000,-0.003422,0.090107,-1,0.000000,0.000000,5,0.000000
14.704033,coast,0.000000,-0.003183,0.088508,-1,0.000000,0.000000,5,0.000000
14.706858,coast,0.000000,-0.002961,0.089840,-1,0.000000,0.000000,5,0.000000
14.709664,coast,0.000000,-0.002691,0.092239,-1,0.000000,0.000000,5,0.000000
14.712641,coast,0.000000,-0.002403,0.091173,-1,0.000000,0.000000,5,0.000000
14.715591,coast,0.000000,-0.002164,0.092505,-1,0.000000,0.000000,5,0.000000
14.718518,coast,0.000000,-0.001894,0.090373,-1,0.000000,0.000000,5,0.000000
14.721923,coast,0.000000,-0.001598,0.091439,-1,0.000000,0.000000,5,0.000000
14.725113,coast,0.000000,-0.001314,0.091173,-1,0.000000,0.000000,5,0.000000
14.728560,coast,0.000000,-0.000994,0.090906,-1,0.000000,0.000000,5,0.000000
14.731723,coast,0.000000,-0.000722,0.093837,-1,0.000000,0.000000,5,0.000000
14.734890,coast,0.000000,-0.000453,0.091706,-1,0.000000,0.000000,5,0.000000
14.738394,coast,0.000000,-0.000138,0.093305,-1,0.000000,0.000000,5,0.000000
14.741456,coast,0.000000,0.000142,0.094370,-1,0.000000,0.000000,5,0.000000
14.744405,coast,0.000000,0.000411,0.092239,-1,0.000000,0.000000,5,0.000000
14.747340,coast,0.000000,0.000649,0.091173,-1,0.000000,0.000000,5,0.000000
14.750271,coast,0.000000,0.000940,0.093305,-1,0.000000,0.000000,5,0.000000
14.753211,coast,0.000000,0.001210,0.091972,-1,0.000000,0.000000,5,0.000000
14.756170,coast,0.000000,0.001457,0.094637,-1,0.000000,0.000000,5,0.000000
14.759122,coast,0.000000,0.001721,0.090906,-1,0.000000,0.000000,5,0.000000
14.762089,coast,0.000000,0.001960,0.092772,-1,0.000000,0.000000,5,0.000000
14.765074,coast,0.000000,0.002220,0.093837,-1,0.000000,0.000000,5,0.000000
14.768374,coast,0.000000,0.002516,0.092239,-1,0.000000,0.000000,5,0.000000
14.771485,coast,0.000000,0.002797,0.090373,-1,0.000000,0.000000,5,0.000000
14.774671,coast,0.000000,0.003061,0.090906,-1,0.000000,0.000000,5,0.000000
14.777866,coast,0.000000,0.003352,0.088242,-1,0.000000,0.000000,5,0.000000
14.781020,coast,0.000000,0.003617,0.090107,-1,0.000000,0.000000,5,0.000000
14.783977,coast,0.000000,0.003838,0.087442,-1,0.000000,0.000000,5,0.000000
14.786954,coast,0.000000,0.004076,0.087709,-1,0.000000,0.000000,5,0.000000
14.789910,coast,0.000000,0.004342,0.091173,-1,0.000000,0.000000,5,0.000000
14.792856,coast,0.000000,0.004559,0.086110,-1,0.000000,0.000000,5,0.000000
14.795881,coast,0.000000,0.004775,0.085844,-1,0.000000,0.000000,5,0.000000
14.798842,coast,0.000000,0.004999,0.084245,-1,0.000000,0.000000,5,0.000000
14.801936,coast,0.000000,0.005228,0.083978,-1,0.000000,0.000000,5,0.000000
14.805475,coast,0.000000,0.005463,0.085577,-1,0.000000,0.000000,5,0.000000
14.808688,coast,0.000000,0.005736,0.081047,-1,0.000000,0.000000,5,0.000000
14.812151,coast,0.000000,0.006014,0.080781,-1,0.000000,0.000000,5,0.000000
14.815118,coast,0.000000,0.006201,0.080248,-1,0.000000,0.000000,5,0.000000
14.818374,coast,0.000000,0.006429,0.078649,-1,0.000000,0.000000,5,0.000000
14.821403,coast,0.000000,0.006619,0.078649,-1,0.000000,0.000000,5,0.000000
14.824606,coast,0.000000,0.006844,0.078383,-1,0.000000,0.000000,5,0.000000
14.827821,coast,0.000000,0.007042,0.073853,-1,0.000000,0.000000,5,0.000000
14.831354,coast,0.000000,0.007286,0.074919,-1,0.000000,0.000000,5,0.000000
14.834301,coast,0.000000,0.007482,0.075718,-1,0.000000,0.000000,5,0.000000
14.837293,coast,0.000000,0.007651,0.070389,-1,0.000000,0.000000,5,0.000000
14.840598,coast,0.000000,0.007845,0.070389,-1,0.000000,0.000000,5,0.000000
14.843345,coast,0.000000,0.008019,0.069589,-1,0.000000,0.000000,5,0.000000
14.846216,coast,0.000000,0.008161,0.067191,-1,0.000000,0.000000,5,0.000000
14.849228,coast,0.000000,0.008325,0.066125,-1,0.000000,0.000000,5,0.000000
14.852110,coast,0.000000,0.008453,0.067724,-1,0.000000,0.000000,5,0.000000
14.855393,coast,0.000000,0.008624,0.064527,-1,0.000000,0.000000,5,0.000000
14.858628,coast,0.000000,0.008792,0.063461,-1,0.000000,0.000000,5,0.000000
14.861589,coast,0.000000,0.008915,0.062395,-1,0.000000,0.000000,5,0.000000
14.864543,coast,0.000000,0.009054,0.062395,-1,0.000000,0.000000,5,0.000000
14.867504,coast,0.000000,0.009192,0.061862,-1,0.000000,0.000000,5,0.000000
14.870835,coast,0.000000,0.009352,0.058931,-1,0.000000,0.000000,5,0.000000
14.873776,coast,0.000000,0.009472,0.056266,-1,0.000000,0.000000,5,0.000000
14.876715,coast,0.000000,0.009583,0.057599,-1,0.000000,0.000000,5,0.000000
14.879865,coast,0.000000,0.009723,0.054401,-1,0.000000,0.000000,5,0.000000
14.882915,coast,0.000000,0.009841,0.053602,-1,0.000000,0.000000,5,0.000000
14.886124,coast,0.000000,0.009987,0.051470,-1,0.000000,0.000000,5,0.000000
14.889307,coast,0.000000,0.010116,0.052536,-1,0.000000,0.000000,5,0.000000
14.892471,coast,0.000000,0.010220,0.046674,-1,0.000000,0.000000,5,0.000000
14.895459,coast,0.000000,0.010316,0.046940,-1,0.000000,0.000000,5,0.000000
14.898690,coast,0.000000,0.010385,0.044275,-1,0.000000,0.000000,5,0.000000
14.901619,coast,0.000000,0.010476,0.042410,-1,0.000000,0.000000,5,0.000000
14.904562,coast,0.000000,0.010532,0.042677,-1,0.000000,0.000000,5,0.000000
14.907541,coast,0.000000,0.010631,0.041078,-1,0.000000,0.000000,5,0.000000
14.910510,coast,0.000000,0.010679,0.034683,-1,0.000000,0.000000,5,0.000000
14.913504,coast,0.000000,0.010699,0.032818,-1,0.000000,0.000000,5,0.000000
14.916743,coast,0.000000,0.010780,0.036548,-1,0.000000,0.000000,5,0.000000
14.919679,coast,0.000000,0.010809,0.031752,-1,0.000000,0.000000,5,0.000000
14.922623,coast,0.000000,0.010866,0.030419,-1,0.000000,0.000000,5,0.000000
14.925586,coast,0.000000,0.010907,0.027488,-1,0.000000,0.000000,5,0.000000
14.928535,coast,0.000000,0.010958,0.025623,-1,0.000000,0.000000,5,0.000000
14.931476,coast,0.000000,0.011009,0.026955,-1,0.000000,0.000000,5,0.000000
14.934573,coast,0.000000,0.011012,0.020294,-1,0.000000,0.000000,5,0.000000
14.937745,coast,0.000000,0.011032,0.021093,-1,0.000000,0.000000,5,0.000000
14.940930,coast,0.000000,0.011067,0.018961,-1,0.000000,0.000000,5,0.000000
14.944159,coast,0.000000,0.011070,0.017896,-1,0.000000,0.000000,5,0.000000
14.947682,coast,0.000000,0.011068,0.015497,-1,0.000000,0.000000,5,0.000000
14.950889,coast,0.000000,0.011043,0.012300,-1,0.000000,0.000000,5,0.000000
14.954000,coast,0.000000,0.011040,0.009902,-1,0.000000,0.000000,5,0.000000
14.956928,coast,0.000000,0.011020,0.008569,-1,0.000000,0.000000,5,0.000000
14.959868,coast,0.000000,0.010982,0.007237,-1,0.000000,0.000000,5,0.000000
14.962788,coast,0.000000,0.010938,0.006971,-1,0.000000,0.000000,5,0.000000
14.965745,coast,0.000000,0.010894,0.002441,-1,0.000000,0.000000,5,0.000000
14.968678,coast,0.000000,0.010856,0.004839,-1,0.000000,0.000000,5,0.000000
14.971817,coast,0.000000,0.010822,-0.000224,-1,0.000000,0.000000,5,0.000000
14.974803,coast,0.000000,0.010763,-0.002356,-1,0.000000,0.000000,5,0.000000
14.978311,coast,0.000000,0.010695,-0.002089,-1,0.000000,0.000000,5,0.000000
14.981503,coast,0.000000,0.010625,-0.007685,-1,0.000000,0.000000,5,0.000000
14.985051,coast,0.000000,0.010542,-0.008218,-1,0.000000,0.000000,5,0.000000
14.988267,coast,0.000000,0.010462,-0.010882,-1,0.000000,0.000000,5,0.000000
14.991463,coast,0.000000,0.010387,-0.012748,-1,0.000000,0.000000,5,0.000000
14.994626,coast,0.000000,0.010307,-0.013813,-1,0.000000,0.000000,5,0.000000
14.997597,coast,0.000000,0.010202,-0.017011,-1,0.000000,0.000000,5,0.000000
15.000566,coast,0.000000,0.010094,-0.018610,-1,0.000000,0.000000,5,0.000000
15.003512,coast,0.000000,0.010011,-0.020209,-1,0.000000,0.000000,5,0.000000
15.006473,coast,0.000000,0.009936,-0.019942,-1,0.000000,0.000000,5,0.000000
15.009391,coast,0.000000,0.009845,-0.023140,-1,0.000000,0.000000,5,0.000000
15.012622,coast,0.000000,0.009733,-0.024205,-1,0.000000,0.000000,5,0.000000
15.015691,coast,0.000000,0.009665,-0.025271,-1,0.000000,0.000000,5,0.000000
15.018898,coast,0.000000,0.009545,-0.027936,-1,0.000000,0.000000,5,0.000000
15.022080,coast,0.000000,0.009428,-0.029535,-1,0.000000,0.000000,5,0.000000
15.025226,coast,0.000000,0.009287,-0.027936,-1,0.000000,0.000000,5,0.000000
15.028269,coast,0.000000,0.009174,-0.031133,-1,0.000000,0.000000,5,0.000000
15.031190,coast,0.000000,0.009059,-0.033265,-1,0.000000,0.000000,5,0.000000
15.034144,coast,0.000000,0.008934,-0.032466,-1,0.000000,0.000000,5,0.000000
15.037345,coast,0.000000,0.008849,-0.030601,-1,0.000000,0.000000,5,0.000000
15.040859,coast,0.000000,0.008730,-0.038062,-1,0.000000,0.000000,5,0.000000
15.044125,coast,0.000000,0.008584,-0.035930,-1,0.000000,0.000000,5,0.000000
15.047121,coast,0.000000,0.008469,-0.037795,-1,0.000000,0.000000,5,0.000000
15.050138,coast,0.000000,0.008339,-0.038861,-1,0.000000,0.000000,5,0.000000
15.053121,coast,0.000000,0.008227,-0.038062,-1,0.000000,0.000000,5,0.000000
15.056368,coast,0.000000,0.008088,-0.039660,-1,0.000000,0.000000,5,0.000000
15.059470,coast,0.000000,0.007937,-0.040193,-1,0.000000,0.000000,5,0.000000
15.062411,coast,0.000000,0.007829,-0.041526,-1,0.000000,0.000000,5,0.000000
15.065289,coast,0.000000,0.007719,-0.043124,-1,0.000000,0.000000,5,0.000000
15.068050,coast,0.000000,0.007605,-0.044990,-1,0.000000,0.000000,5,0.000000
15.070814,coast,0.000000,0.007492,-0.045522,-1,0.000000,0.000000,5,0.000000
15.073684,coast,0.000000,0.007368,-0.042058,-1,0.000000,0.000000,5,0.000000
15.076607,coast,0.000000,0.007232,-0.045256,-1,0.000000,0.000000,5,0.000000
15.079557,coast,0.000000,0.007098,-0.045789,-1,0.000000,0.000000,5,0.000000
15.082814,coast,0.000000,0.006950,-0.046588,-1,0.000000,0.000000,5,0.000000
15.085821,coast,0.000000,0.006801,-0.049786,-1,0.000000,0.000000,5,0.000000
15.088988,coast,0.000000,0.006652,-0.046055,-1,0.000000,0.000000,5,0.000000
15.092190,coast,0.000000,0.006526,-0.045256,-1,0.000000,0.000000,5,0.000000
15.095353,coast,0.000000,0.006362,-0.046055,-1,0.000000,0.000000,5,0.000000
15.098284,coast,0.000000,0.006236,-0.043924,-1,0.000000,0.000000,5,0.000000
15.101224,coast,0.000000,0.006136,-0.046055,-1,0.000000,0.000000,5,0.000000
15.104975,coast,0.000000,0.005978,-0.048187,-1,0.000000,0.000000,5,0.000000
15.107936,coast,0.000000,0.005865,-0.046588,-1,0.000000,0.000000,5,0.000000
15.110887,coast,0.000000,0.005730,-0.048454,-1,0.000000,0.000000,5,0.000000
15.113892,coast,0.000000,0.005624,-0.045256,-1,0.000000,0.000000,5,0.000000
15.116963,coast,0.000000,0.005496,-0.045522,-1,0.000000,0.000000,5,0.000000
15.120346,coast,0.000000,0.005346,-0.045256,-1,0.000000,0.000000,5,0.000000
15.123547,coast,0.000000,0.005220,-0.045256,-1,0.000000,0.000000,5,0.000000
15.126979,coast,0.000000,0.005086,-0.045522,-1,0.000000,0.000000,5,0.000000
15.129725,coast,0.000000,0.004990,-0.046588,-1,0.000000,0.000000,5,0.000000
15.132501,coast,0.000000,0.004868,-0.046055,-1,0.000000,0.000000,5,0.000000
15.135278,coast,0.000000,0.004750,-0.045256,-1,0.000000,0.000000,5,0.000000
15.138531,coast,0.000000,0.004629,-0.046322,-1,0.000000,0.000000,5,0.000000
15.141700,coast,0.000000,0.004529,-0.044723,-1,0.000000,0.000000,5,0.000000
15.144866,coast,0.000000,0.004436,-0.044723,-1,0.000000,0.000000,5,0.000000
15.147882,coast,0.000000,0.004319,-0.045522,-1,0.000000,0.000000,5,0.000000
15.150829,coast,0.000000,0.004204,-0.045256,-1,0.000000,0.000000,5,0.000000
15.153788,coast,0.000000,0.004120,-0.043391,-1,0.000000,0.000000,5,0.000000
15.156817,coast,0.000000,0.004000,-0.045522,-1,0.000000,0.000000,5,0.000000
15.160003,coast,0.000000,0.003862,-0.045522,-1,0.000000,0.000000,5,0.000000
15.163439,coast,0.000000,0.003721,-0.044990,-1,0.000000,0.000000,5,0.000000
15.166482,coast,0.000000,0.003574,-0.044457,-1,0.000000,0.000000,5,0.000000
15.169287,coast,0.000000,0.003453,-0.043924,-1,0.000000,0.000000,5,0.000000
15.172210,coast,0.000000,0.003353,-0.042058,-1,0.000000,0.000000,5,0.000000
15.174982,coast,0.000000,0.003267,-0.044723,-1,0.000000,0.000000,5,0.000000
15.177757,coast,0.000000,0.003183,-0.042591,-1,0.000000,0.000000,5,0.000000
15.180815,coast,0.000000,0.003057,-0.043657,-1,0.000000,0.000000,5,0.000000
15.183552,coast,0.000000,0.002967,-0.044190,-1,0.000000,0.000000,5,0.000000
15.186393,coast,0.000000,0.002888,-0.042858,-1,0.000000,0.000000,5,0.000000
15.189607,coast,0.000000,0.002795,-0.041526,-1,0.000000,0.000000,5,0.000000
15.192796,coast,0.000000,0.002663,-0.040993,-1,0.000000,0.000000,5,0.000000
15.196068,coast,0.000000,0.002554,-0.039394,-1,0.000000,0.000000,5,0.000000
15.198871,coast,0.000000,0.002492,-0.041792,-1,0.000000,0.000000,5,0.000000
15.201615,coast,0.000000,0.002385,-0.040726,-1,0.000000,0.000000,5,0.000000
15.204364,coast,0.000000,0.002304,-0.039660,-1,0.000000,0.000000,5,0.000000
15.207431,coast,0.000000,0.002213,-0.038328,-1,0.000000,0.000000,5,0.000000
15.210380,coast,0.000000,0.002142,-0.039927,-1,0.000000,0.000000,5,0.000000
15.213354,coast,0.000000,0.002049,-0.039394,-1,0.000000,0.000000,5,0.000000
15.216598,coast,0.000000,0.001973,-0.035663,-1,0.000000,0.000000,5,0.000000
15.219761,coast,0.000000,0.001891,-0.037262,-1,0.000000,0.000000,5,0.000000
15.222695,coast,0.000000,0.001803,-0.036996,-1,0.000000,0.000000,5,0.000000
15.225663,coast,0.000000,0.001737,-0.035130,-1,0.000000,0.000000,5,0.000000
15.228597,coast,0.000000,0.001658,-0.035663,-1,0.000000,0.000000,5,0.000000
15.231531,coast,0.000000,0.001569,-0.035930,-1,0.000000,0.000000,5,0.000000
15.234496,coast,0.000000,0.001511,-0.034864,-1,0.000000,0.000000,5,0.000000
15.237462,coast,0.000000,0.001440,-0.032466,-1,0.000000,0.000000,5,0.000000
15.240750,coast,0.000000,0.001383,-0.031666,-1,0.000000,0.000000,5,0.000000
15.243696,coast,0.000000,0.001348,-0.028735,-1,0.000000,0.000000,5,0.000000
15.246665,coast,0.000000,0.001294,-0.027936,-1,0.000000,0.000000,5,0.000000
15.249611,coast,0.000000,0.001262,-0.030334,-1,0.000000,0.000000,5,0.000000
15.252572,coast,0.000000,0.001192,-0.030334,-1,0.000000,0.000000,5,0.000000
15.255562,coast,0.000000,0.001153,-0.029268,-1,0.000000,0.000000,5,0.000000
15.258503,coast,0.000000,0.001111,-0.025804,-1,0.000000,0.000000,5,0.000000
15.261427,coast,0.000000,0.001072,-0.027137,-1,0.000000,0.000000,5,0.000000
15.264350,coast,0.000000,0.001016,-0.026604,-1,0.000000,0.000000,5,0.000000
15.267350,coast,0.000000,0.000972,-0.029268,-1,0.000000,0.000000,5,0.000000
15.270495,coast,0.000000,0.000921,-0.023406,-1,0.000000,0.000000,5,0.000000
15.273705,coast,0.000000,0.000893,-0.024738,-1,0.000000,0.000000,5,0.000000
15.276896,coast,0.000000,0.000860,-0.022074,-1,0.000000,0.000000,5,0.000000
15.279793,coast,0.000000,0.000847,-0.024738,-1,0.000000,0.000000,5,0.000000
15.282521,coast,0.000000,0.000835,-0.021274,-1,0.000000,0.000000,5,0.000000
15.285262,coast,0.000000,0.000814,-0.021807,-1,0.000000,0.000000,5,0.000000
15.288440,coast,0.000000,0.000773,-0.020209,-1,0.000000,0.000000,5,0.000000
15.291600,coast,0.000000,0.000739,-0.024738,-1,0.000000,0.000000,5,0.000000
15.294790,coast,0.000000,0.000733,-0.017277,-1,0.000000,0.000000,5,0.000000
15.297980,coast,0.000000,0.000704,-0.019676,-1,0.000000,0.000000,5,0.000000
15.300886,coast,0.000000,0.000714,-0.015679,-1,0.000000,0.000000,5,0.000000
15.303878,coast,0.000000,0.000697,-0.017277,-1,0.000000,0.000000,5,0.000000
15.306856,coast,0.000000,0.000684,-0.017011,-1,0.000000,0.000000,5,0.000000
15.309950,coast,0.000000,0.000689,-0.017544,-1,0.000000,0.000000,5,0.000000
15.313155,coast,0.000000,0.000676,-0.013014,-1,0.000000,0.000000,5,0.000000
15.316348,coast,0.000000,0.000693,-0.012481,-1,0.000000,0.000000,5,0.000000
15.319404,coast,0.000000,0.000688,-0.014346,-1,0.000000,0.000000,5,0.000000
15.322318,coast,0.000000,0.000704,-0.011415,-1,0.000000,0.000000,5,0.000000
15.325277,coast,0.000000,0.000710,-0.010616,-1,0.000000,0.000000,5,0.000000
15.328278,coast,0.000000,0.000730,-0.009550,-1,0.000000,0.000000,5,0.000000
15.331196,coast,0.000000,0.000720,-0.010083,-1,0.000000,0.000000,5,0.000000
15.334159,coast,0.000000,0.000737,-0.007418,-1,0.000000,0.000000,5,0.000000
15.337105,coast,0.000000,0.000762,-0.009816,-1,0.000000,0.000000,5,0.000000
15.340094,coast,0.000000,0.000776,-0.006086,-1,0.000000,0.000000,5,0.000000
15.343057,coast,0.000000,0.000811,-0.005020,-1,0.000000,0.000000,5,0.000000
15.346021,coast,0.000000,0.000827,-0.004487,-1,0.000000,0.000000,5,0.000000
15.349065,coast,0.000000,0.000834,-0.004221,-1,0.000000,0.000000,5,0.000000
15.352354,coast,0.000000,0.000848,-0.002622,-1,0.000000,0.000000,5,0.000000
15.355570,coast,0.000000,0.000889,-0.002622,-1,0.000000,0.000000,5,0.000000
15.358732,coast,0.000000,0.000892,-0.002089,-1,0.000000,0.000000,5,0.000000
15.361713,coast,0.000000,0.000919,0.000309,-1,0.000000,0.000000,5,0.000000
15.364678,coast,0.000000,0.000958,0.002441,-1,0.000000,0.000000,5,0.000000
15.367632,coast,0.000000,0.000999,-0.000490,-1,0.000000,0.000000,5,0.000000
15.370430,coast,0.000000,0.001036,0.003507,-1,0.000000,0.000000,5,0.000000
15.373202,coast,0.000000,0.001046,0.002174,-1,0.000000,0.000000,5,0.000000
15.376066,coast,0.000000,0.001084,0.004306,-1,0.000000,0.000000,5,0.000000
15.378858,coast,0.000000,0.001114,0.005638,-1,0.000000,0.000000,5,0.000000
15.381915,coast,0.000000,0.001159,0.005105,-1,0.000000,0.000000,5,0.000000
15.384868,coast,0.000000,0.001196,0.003240,-1,0.000000,0.000000,5,0.000000
15.387862,coast,0.000000,0.001216,0.005638,-1,0.000000,0.000000,5,0.000000
15.391087,coast,0.000000,0.001243,0.005905,-1,0.000000,0.000000,5,0.000000
15.394235,coast,0.000000,0.001288,0.004572,-1,0.000000,0.000000,5,0.000000
15.397179,coast,0.000000,0.001323,0.004839,-1,0.000000,0.000000,5,0.000000
15.400236,coast,0.000000,0.001357,0.007237,-1,0.000000,0.000000,5,0.000000
15.403223,coast,0.000000,0.001397,0.008303,-1,0.000000,0.000000,5,0.000000
15.406231,coast,0.000000,0.001442,0.008569,-1,0.000000,0.000000,5,0.000000
15.409197,coast,0.000000,0.001488,0.010168,-1,0.000000,0.000000,5,0.000000
15.412529,coast,0.000000,0.001540,0.007237,-1,0.000000,0.000000,5,0.000000
15.415724,coast,0.000000,0.001574,0.007504,-1,0.000000,0.000000,5,0.000000
15.418678,coast,0.000000,0.001620,0.007237,-1,0.000000,0.000000,5,0.000000
15.421615,coast,0.000000,0.001662,0.009902,-1,0.000000,0.000000,5,0.000000
15.424565,coast,0.000000,0.001708,0.011234,-1,0.000000,0.000000,5,0.000000
15.427523,coast,0.000000,0.001753,0.010968,-1,0.000000,0.000000,5,0.000000
15.430953,coast,0.000000,0.001776,0.007504,-1,0.000000,0.000000,5,0.000000
15.434172,coast,0.000000,0.001831,0.008037,-1,0.000000,0.000000,5,0.000000
15.437397,coast,0.000000,0.001890,0.010435,-1,0.000000,0.000000,5,0.000000
15.440709,coast,0.000000,0.001951,0.011501,-1,0.000000,0.000000,5,0.000000
15.443674,coast,0.000000,0.001994,0.009369,-1,0.000000,0.000000,5,0.000000
15.446609,coast,0.000000,0.002017,0.009902,-1,0.000000,0.000000,5,0.000000
15.449535,coast,0.000000,0.002082,0.012566,-1,0.000000,0.000000,5,0.000000
15.452490,coast,0.000000,0.002154,0.011501,-1,0.000000,0.000000,5,0.000000
15.455457,coast,0.000000,0.002180,0.010168,-1,0.000000,0.000000,5,0.000000
15.458709,coast,0.000000,0.002230,0.010168,-1,0.000000,0.000000,5,0.000000
15.461653,coast,0.000000,0.002265,0.011234,-1,0.000000,0.000000,5,0.000000
15.464582,coast,0.000000,0.002311,0.012033,-1,0.000000,0.000000,5,0.000000
15.467560,coast,0.000000,0.002353,0.011501,-1,0.000000,0.000000,5,0.000000
15.470838,coast,0.000000,0.002425,0.011501,-1,0.000000,0.000000,5,0.000000
15.473811,coast,0.000000,0.002466,0.012566,-1,0.000000,0.000000,5,0.000000
15.477016,coast,0.000000,0.002504,0.010968,-1,0.000000,0.000000,5,0.000000
15.480221,coast,0.000000,0.002555,0.009102,-1,0.000000,0.000000,5,0.000000
15.483210,coast,0.000000,0.002584,0.011767,-1,0.000000,0.000000,5,0.000000
15.486161,coast,0.000000,0.002610,0.011501,-1,0.000000,0.000000,5,0.000000
15.489113,coast,0.000000,0.002629,0.008303,-1,0.000000,0.000000,5,0.000000
15.492113,coast,0.000000,0.002669,0.012300,-1,0.000000,0.000000,5,0.000000
15.495083,coast,0.000000,0.002706,0.009635,-1,0.000000,0.000000,5,0.000000
15.498097,coast,0.000000,0.002750,0.010168,-1,0.000000,0.000000,5,0.000000
15.501074,coast,0.000000,0.002777,0.011501,-1,0.000000,0.000000,5,0.000000
15.504065,coast,0.000000,0.002823,0.012833,-1,0.000000,0.000000,5,0.000000
15.507016,coast,0.000000,0.002857,0.009102,-1,0.000000,0.000000,5,0.000000
15.509962,coast,0.000000,0.002905,0.010168,-1,0.000000,0.000000,5,0.000000
15.513005,coast,0.000000,0.002911,0.008037,-1,0.000000,0.000000,5,0.000000
15.516167,coast,0.000000,0.002937,0.008569,-1,0.000000,0.000000,5,0.000000
15.519367,coast,0.000000,0.002992,0.008037,-1,0.000000,0.000000,5,0.000000
15.522514,coast,0.000000,0.003029,0.008569,-1,0.000000,0.000000,5,0.000000
15.525721,coast,0.000000,0.003046,0.006704,-1,0.000000,0.000000,5,0.000000
15.528900,coast,0.000000,0.003094,0.007237,-1,0.000000,0.000000,5,0.000000
15.532093,coast,0.000000,0.003103,0.008836,-1,0.000000,0.000000,5,0.000000
15.535081,coast,0.000000,0.003119,0.007770,-1,0.000000,0.000000,5,0.000000
15.538033,coast,0.000000,0.003121,0.006438,-1,0.000000,0.000000,5,0.000000
15.540968,coast,0.000000,0.003129,0.004040,-1,0.000000,0.000000,5,0.000000
15.544053,coast,0.000000,0.003123,0.004572,-1,0.000000,0.000000,5,0.000000
15.547236,coast,0.000000,0.003167,0.005372,-1,0.000000,0.000000,5,0.000000
15.550819,coast,0.000000,0.003151,0.004040,-1,0.000000,0.000000,5,0.000000
15.554096,coast,0.000000,0.003144,0.002441,-1,0.000000,0.000000,5,0.000000
15.557422,coast,0.000000,0.003155,0.004306,-1,0.000000,0.000000,5,0.000000
15.561043,coast,0.000000,0.003129,0.002174,-1,0.000000,0.000000,5,0.000000
15.563887,coast,0.000000,0.003140,0.002707,-1,0.000000,0.000000,5,0.000000
15.566490,coast,0.000000,0.003152,0.001375,-1,0.000000,0.000000,5,0.000000
15.569076,coast,0.000000,0.003188,0.002441,-1,0.000000,0.000000,5,0.000000
15.572392,coast,0.000000,0.003201,0.002174,-1,0.000000,0.000000,5,0.000000
15.575349,coast,0.000000,0.003198,0.000309,-1,0.000000,0.000000,5,0.000000
15.578659,coast,0.000000,0.003196,-0.001290,-1,0.000000,0.000000,5,0.000000
15.581600,coast,0.000000,0.003195,-0.000224,-1,0.000000,0.000000,5,0.000000
15.585001,coast,0.000000,0.003195,-0.001023,-1,0.000000,0.000000,5,0.000000
15.588552,coast,0.000000,0.003170,0.000309,-1,0.000000,0.000000,5,0.000000
15.591730,coast,0.000000,0.003140,-0.002888,-1,0.000000,0.000000,5,0.000000
15.594829,coast,0.000000,0.003116,-0.001823,-1,0.000000,0.000000,5,0.000000
15.597782,coast,0.000000,0.003088,-0.004221,-1,0.000000,0.000000,5,0.000000
15.600723,coast,0.000000,0.003075,-0.003155,-1,0.000000,0.000000,5,0.000000
15.603693,coast,0.000000,0.003067,-0.003421,-1,0.000000,0.000000,5,0.000000
15.606432,coast,0.000000,0.003048,-0.006885,-1,0.000000,0.000000,5,0.000000
15.609143,coast,0.000000,0.003057,-0.004754,-1,0.000000,0.000000,5,0.000000
15.611903,coast,0.000000,0.003067,-0.006086,-1,0.000000,0.000000,5,0.000000
15.614760,coast,0.000000,0.003054,-0.006086,-1,0.000000,0.000000,5,0.000000
15.617957,coast,0.000000,0.003026,-0.006619,-1,0.000000,0.000000,5,0.000000
15.621131,coast,0.000000,0.003027,-0.006352,-1,0.000000,0.000000,5,0.000000
15.624700,coast,0.000000,0.003002,-0.007951,-1,0.000000,0.000000,5,0.000000
15.627687,coast,0.000000,0.002957,-0.005553,-1,0.000000,0.000000,5,0.000000
15.630659,coast,0.000000,0.002941,-0.005820,-1,0.000000,0.000000,5,0.000000
15.633754,coast,0.000000,0.002906,-0.010349,-1,0.000000,0.000000,5,0.000000
15.636728,coast,0.000000,0.002880,-0.007951,-1,0.000000,0.000000,5,0.000000
15.639794,coast,0.000000,0.002858,-0.010083,-1,0.000000,0.000000,5,0.000000
15.642751,coast,0.000000,0.002828,-0.009284,-1,0.000000,0.000000,5,0.000000
15.645879,coast,0.000000,0.002812,-0.007418,-1,0.000000,0.000000,5,0.000000
15.648431,coast,0.000000,0.002789,-0.009816,-1,0.000000,0.000000,5,0.000000
15.650967,coast,0.000000,0.002748,-0.009550,-1,0.000000,0.000000,5,0.000000
15.653665,coast,0.000000,0.002735,-0.010616,-1,0.000000,0.000000,5,0.000000
15.656592,coast,0.000000,0.002699,-0.009284,-1,0.000000,0.000000,5,0.000000
15.659571,coast,0.000000,0.002668,-0.010083,-1,0.000000,0.000000,5,0.000000
15.662528,coast,0.000000,0.002670,-0.013014,-1,0.000000,0.000000,5,0.000000
15.665485,coast,0.000000,0.002636,-0.014613,-1,0.000000,0.000000,5,0.000000
15.668447,coast,0.000000,0.002608,-0.011149,-1,0.000000,0.000000,5,0.000000
15.671391,coast,0.000000,0.002585,-0.012748,-1,0.000000,0.000000,5,0.000000
15.674331,coast,0.000000,0.002573,-0.012748,-1,0.000000,0.000000,5,0.000000
15.677299,coast,0.000000,0.002544,-0.013547,-1,0.000000,0.000000,5,0.000000
15.680276,coast,0.000000,0.002510,-0.014879,-1,0.000000,0.000000,5,0.000000
15.683295,coast,0.000000,0.002482,-0.010616,-1,0.000000,0.000000,5,0.000000
15.686548,coast,0.000000,0.002432,-0.015146,-1,0.000000,0.000000,5,0.000000
15.689498,coast,0.000000,0.002421,-0.009816,-1,0.000000,0.000000,5,0.000000
15.692495,coast,0.000000,0.002396,-0.013280,-1,0.000000,0.000000,5,0.000000
15.696044,coast,0.000000,0.002324,-0.012481,-1,0.000000,0.000000,5,0.000000
15.698955,coast,0.000000,0.002263,-0.013813,-1,0.000000,0.000000,5,0.000000
15.701916,coast,0.000000,0.002220,-0.011682,-1,0.000000,0.000000,5,0.000000
15.705207,coast,0.000000,0.002170,-0.013280,-1,0.000000,0.000000,5,0.000000
15.707771,coast,0.000000,0.002140,-0.013813,-1,0.000000,0.000000,5,0.000000
15.710535,coast,0.000000,0.002126,-0.010882,-1,0.000000,0.000000,5,0.000000
15.713356,coast,0.000000,0.002079,-0.013280,-1,0.000000,0.000000,5,0.000000
15.716047,coast,0.000000,0.002042,-0.012215,-1,0.000000,0.000000,5,0.000000
15.718358,coast,0.000000,0.002032,-0.014080,-1,0.000000,0.000000,5,0.000000
15.720766,coast,0.000000,0.002000,-0.013813,-1,0.000000,0.000000,5,0.000000
15.723277,coast,0.000000,0.001982,-0.011415,-1,0.000000,0.000000,5,0.000000
15.725749,coast,0.000000,0.001954,-0.013280,-1,0.000000,0.000000,5,0.000000
15.728157,coast,0.000000,0.001933,-0.014346,-1,0.000000,0.000000,5,0.000000
15.730540,coast,0.000000,0.001903,-0.012481,-1,0.000000,0.000000,5,0.000000
15.732916,coast,0.000000,0.001899,-0.011948,-1,0.000000,0.000000,5,0.000000
15.735302,coast,0.000000,0.001871,-0.012215,-1,0.000000,0.000000,5,0.000000
15.737427,coast,0.000000,0.001831,-0.017277,-1,0.000000,0.000000,5,0.000000
15.739701,coast,0.000000,0.001811,-0.011149,-1,0.000000,0.000000,5,0.000000
15.741719,coast,0.000000,0.001804,-0.012215,-1,0.000000,0.000000,5,0.000000
15.743725,coast,0.000000,0.001763,-0.013547,-1,0.000000,0.000000,5,0.000000
15.745745,coast,0.000000,0.001750,-0.014080,-1,0.000000,0.000000,5,0.000000
15.747829,coast,0.000000,0.001749,-0.012481,-1,0.000000,0.000000,5,0.000000
15.750087,coast,0.000000,0.001732,-0.015146,-1,0.000000,0.000000,5,0.000000
15.752122,coast,0.000000,0.001736,-0.014346,-1,0.000000,0.000000,5,0.000000
15.754143,coast,0.000000,0.001733,-0.011415,-1,0.000000,0.000000,5,0.000000
15.756384,coast,0.000000,0.001733,-0.014879,-1,0.000000,0.000000,5,0.000000
15.758406,coast,0.000000,0.001728,-0.012481,-1,0.000000,0.000000,5,0.000000
15.760397,coast,0.000000,0.001728,-0.012481,-1,0.000000,0.000000,5,0.000000
15.762393,coast,0.000000,0.001717,-0.012215,-1,0.000000,0.000000,5,0.000000
15.764435,coast,0.000000,0.001728,-0.013014,-1,0.000000,0.000000,5,0.000000
15.766474,coast,0.000000,0.001691,-0.013280,-1,0.000000,0.000000,5,0.000000
15.768503,coast,0.000000,0.001665,-0.011682,-1,0.000000,0.000000,5,0.000000
15.770502,coast,0.000000,0.001683,-0.011415,-1,0.000000,0.000000,5,0.000000
15.772532,coast,0.000000,0.001704,-0.013014,-1,0.000000,0.000000,5,0.000000
15.774573,coast,0.000000,0.001715,-0.011149,-1,0.000000,0.000000,5,0.000000
15.776610,coast,0.000000,0.001682,-0.011415,-1,0.000000,0.000000,5,0.000000
15.778651,coast,0.000000,0.001666,-0.013280,-1,0.000000,0.000000,5,0.000000
15.780679,coast,0.000000,0.001667,-0.012215,-1,0.000000,0.000000,5,0.000000
15.782708,coast,0.000000,0.001662,-0.010882,-1,0.000000,0.000000,5,0.000000
15.784748,coast,0.000000,0.001656,-0.011415,-1,0.000000,0.000000,5,0.000000
15.787045,coast,0.000000,0.001669,-0.013280,-1,0.000000,0.000000,5,0.000000
15.789109,coast,0.000000,0.001663,-0.011682,-1,0.000000,0.000000,5,0.000000
15.791544,coast,0.000000,0.001664,-0.011415,-1,0.000000,0.000000,5,0.000000
15.793636,coast,0.000000,0.001651,-0.011682,-1,0.000000,0.000000,5,0.000000
15.795756,coast,0.000000,0.001650,-0.010882,-1,0.000000,0.000000,5,0.000000
15.798369,coast,0.000000,0.001619,-0.012215,-1,0.000000,0.000000,5,0.000000
15.800637,coast,0.000000,0.001628,-0.009550,-1,0.000000,0.000000,5,0.000000
15.803299,coast,0.000000,0.001612,-0.011948,-1,0.000000,0.000000,5,0.000000
15.805793,coast,0.000000,0.001614,-0.011948,-1,0.000000,0.000000,5,0.000000
15.808135,coast,0.000000,0.001618,-0.014080,-1,0.000000,0.000000,5,0.000000
15.810178,coast,0.000000,0.001623,-0.011415,-1,0.000000,0.000000,5,0.000000
15.812264,coast,0.000000,0.001609,-0.012481,-1,0.000000,0.000000,5,0.000000
15.814308,coast,0.000000,0.001576,-0.011415,-1,0.000000,0.000000,5,0.000000
15.816498,coast,0.000000,0.001600,-0.009017,-1,0.000000,0.000000,5,0.000000
15.818886,coast,0.000000,0.001563,-0.012481,-1,0.000000,0.000000,5,0.000000
15.821833,coast,0.000000,0.001523,-0.010349,-1,0.000000,0.000000,5,0.000000
15.824196,step,-0.200000,0.001518,-0.012748,-1,0.000000,0.000000,6,-0.200000
15.826797,step,-0.200000,0.001533,-0.007951,-1,0.000000,0.000000,6,-0.200000
15.829061,step,-0.200000,0.001508,-0.010882,-1,0.000000,0.000000,6,-0.200000
15.831316,step,-0.200000,0.001497,-0.009017,-1,0.000000,0.000000,6,-0.200000
15.834176,step,-0.200000,0.001495,-0.010882,0,0.000000,0.000000,6,-0.200000
15.836375,step,-0.200000,0.001483,-0.011149,0,0.000000,0.000000,6,-0.200000
15.838821,step,-0.200000,0.001476,-0.010083,2,0.000000,0.000000,6,-0.200000
15.840970,step,-0.200000,0.001507,-0.015412,2,0.000000,0.000000,6,-0.200000
15.843289,step,-0.200000,0.001477,-0.051385,3,0.000000,0.000000,6,-0.200000
15.845664,step,-0.200000,0.001472,-0.121731,3,0.000000,0.000000,6,-0.200000
15.847891,step,-0.200000,-0.001233,-0.177688,3,0.000000,0.000000,6,-0.200000
15.850039,step,-0.200000,-0.004733,-0.044457,3,0.000000,0.000000,6,-0.200000
15.852151,step,-0.200000,-0.002217,-0.122530,3,0.000000,0.000000,6,-0.200000
15.854333,step,-0.200000,-0.003079,-0.195541,3,0.000000,0.000000,6,-0.200000
15.856696,step,-0.200000,-0.003009,-0.218457,3,0.000000,0.000000,6,-0.200000
15.859293,step,-0.200000,-0.006104,-0.158236,3,0.000000,0.000000,6,-0.200000
15.861910,step,-0.200000,-0.006594,-0.148111,3,0.000000,0.000000,6,-0.200000
15.864526,step,-0.200000,-0.006654,-0.236576,3,0.000000,0.000000,6,-0.200000
15.867109,step,-0.200000,-0.007128,-0.262689,3,0.000000,0.000000,6,-0.200000
15.869920,step,-0.200000,-0.009567,-0.209397,3,0.000000,0.000000,6,-0.200000
15.872711,step,-0.200000,-0.010341,-0.220322,4,0.000000,0.000000,6,-0.200000
15.875799,step,-0.200000,-0.010617,-0.298928,4,0.000000,0.000000,6,-0.200000
15.878671,step,-0.200000,-0.012125,-0.280542,4,0.000000,0.000000,6,-0.200000
15.881850,step,-0.200000,-0.014120,-0.255761,4,0.000000,0.000000,6,-0.200000
15.885024,step,-0.200000,-0.014166,-0.310919,4,0.000000,0.000000,6,-0.200000
15.888521,step,-0.200000,-0.016118,-0.331703,4,0.000000,0.000000,6,-0.200000
15.891476,step,-0.200000,-0.018093,-0.302392,4,0.000000,0.000000,6,-0.200000
15.894466,step,-0.200000,-0.018555,-0.341829,4,0.000000,0.000000,6,-0.200000
15.897396,step,-0.200000,-0.020137,-0.378068,4,0.000000,0.000000,6,-0.200000
15.900344,step,-0.200000,-0.021814,-0.362346,4,0.000000,0.000000,6,-0.200000
15.903320,step,-0.200000,-0.023303,-0.363945,4,0.000000,0.000000,6,-0.200000
15.906275,step,-0.200000,-0.024475,-0.422833,4,0.000000,0.000000,6,-0.200000
15.909259,step,-0.200000,-0.026078,-0.417238,4,0.000000,0.000000,6,-0.200000
15.912232,step,-0.200000,-0.028145,-0.395654,4,0.000000,0.000000,6,-0.200000
15.915205,step,-0.200000,-0.028653,-0.445483,5,0.000000,0.000000,6,-0.200000
15.918217,step,-0.200000,-0.030748,-0.454276,5,0.000000,0.000000,6,-0.200000
15.921174,step,-0.200000,-0.032118,-0.432426,5,0.000000,0.000000,6,-0.200000
15.924300,step,-0.200000,-0.033552,-0.436956,5,0.000000,0.000000,6,-0.200000
15.927228,step,-0.200000,-0.034896,-0.485186,5,0.000000,0.000000,6,-0.200000
15.930389,step,-0.200000,-0.036595,-0.464934,5,0.000000,0.000000,6,-0.200000
15.933566,step,-0.200000,-0.038529,-0.454542,5,0.000000,0.000000,6,-0.200000
15.937090,step,-0.200000,-0.039796,-0.490781,5,0.000000,0.000000,6,-0.200000
15.940632,step,-0.200000,-0.041755,-0.495578,6,0.000000,0.000000,6,-0.200000
15.943592,step,-0.200000,-0.043624,-0.487850,6,0.000000,0.000000,6,-0.200000
15.946524,step,-0.200000,-0.045031,-0.513164,6,0.000000,0.000000,6,-0.200000
15.949480,step,-0.200000,-0.046682,-0.522490,6,0.000000,0.000000,6,-0.200000
15.952476,step,-0.200000,-0.048759,-0.521424,6,0.000000,0.000000,6,-0.200000
15.955421,step,-0.200000,-0.050110,-0.533948,6,0.000000,0.000000,6,-0.200000
15.958625,step,-0.200000,-0.052144,-0.537945,6,0.000000,0.000000,6,-0.200000
15.961422,step,-0.200000,-0.053920,-0.543541,6,0.000000,0.000000,6,-0.200000
15.964109,step,-0.200000,-0.055531,-0.548604,6,0.000000,0.000000,6,-0.200000
15.966841,step,-0.200000,-0.057181,-0.563259,6,0.000000,0.000000,6,-0.200000
15.969679,step,-0.200000,-0.058892,-0.564591,7,0.000000,0.000000,6,-0.200000
15.972667,step,-0.200000,-0.060831,-0.565124,7,0.000000,0.000000,6,-0.200000
15.975639,step,-0.200000,-0.062549,-0.583244,7,0.000000,0.000000,6,-0.200000
15.978586,step,-0.200000,-0.064468,-0.589106,7,0.000000,0.000000,6,-0.200000
15.981684,step,-0.200000,-0.066506,-0.589639,7,0.000000,0.000000,6,-0.200000
15.984853,step,-0.200000,-0.068340,-0.599498,7,0.000000,0.000000,6,-0.200000
15.988125,step,-0.200000,-0.070531,-0.607492,8,0.000000,0.000000,6,-0.200000
15.991325,step,-0.200000,-0.072632,-0.616285,8,0.000000,0.000000,6,-0.200000
15.994685,step,-0.200000,-0.074784,-0.622680,8,0.000000,0.000000,6,-0.200000
15.997884,step,-0.200000,-0.076821,-0.629342,8,0.000000,0.000000,6,-0.200000
16.001053,step,-0.200000,-0.078817,-0.621348,8,0.000000,0.000000,6,-0.200000
16.003904,step,-0.200000,-0.080345,-0.618683,8,0.000000,0.000000,6,-0.200000
16.006666,step,-0.200000,-0.081865,-0.622680,8,0.000000,0.000000,6,-0.200000
16.009386,step,-0.200000,-0.083437,-0.622947,8,0.000000,0.000000,6,-0.200000
16.012123,step,-0.200000,-0.085181,-0.619749,8,0.000000,0.000000,6,-0.200000
16.014901,step,-0.200000,-0.086662,-0.611755,8,0.000000,0.000000,6,-0.200000
16.017701,step,-0.200000,-0.088128,-0.618150,9,0.000000,0.000000,6,-0.200000
16.020512,step,-0.200000,-0.089827,-0.616552,9,0.000000,0.000000,6,-0.200000
16.023474,step,-0.200000,-0.091559,-0.612022,9,0.000000,0.000000,6,-0.200000
16.026519,step,-0.200000,-0.093437,-0.623213,9,0.000000,0.000000,6,-0.200000
16.029488,step,-0.200000,-0.095201,-0.622414,9,0.000000,0.000000,6,-0.200000
16.032315,step,-0.200000,-0.097034,-0.620815,9,0.000000,0.000000,6,-0.200000
16.035068,step,-0.200000,-0.098795,-0.622680,10,0.000000,0.000000,6,-0.200000
16.038174,step,-0.200000,-0.100524,-0.629075,10,0.000000,0.000000,6,-0.200000
16.041020,step,-0.200000,-0.102366,-0.638668,10,0.000000,0.000000,6,-0.200000
16.044325,step,-0.200000,-0.104366,-0.628542,10,0.000000,0.000000,6,-0.200000
16.047296,step,-0.200000,-0.106171,-0.633872,10,0.000000,0.000000,6,-0.200000
16.050355,step,-0.200000,-0.108084,-0.640267,10,0.000000,0.000000,6,-0.200000
16.053324,step,-0.200000,-0.110018,-0.634405,11,0.000000,0.000000,6,-0.200000
16.056424,step,-0.200000,-0.112015,-0.631473,11,0.000000,0.000000,6,-0.200000
16.059495,step,-0.200000,-0.113764,-0.642132,11,0.000000,0.000000,6,-0.200000
16.062343,step,-0.200000,-0.115622,-0.645063,11,0.000000,0.000000,6,-0.200000
16.065114,step,-0.200000,-0.117384,-0.633872,11,0.000000,0.000000,6,-0.200000
16.067915,step,-0.200000,-0.118815,-0.634937,12,0.000000,0.000000,6,-0.200000
16.071256,step,-0.200000,-0.120831,-0.619216,12,0.000000,0.000000,6,-0.200000
16.074279,step,-0.200000,-0.122440,-0.612288,12,0.000000,0.000000,6,-0.200000
16.077224,step,-0.200000,-0.123907,-0.610956,12,0.000000,0.000000,6,-0.200000
16.080239,step,-0.200000,-0.125675,-0.601097,12,0.000000,0.000000,6,-0.200000
16.083277,step,-0.200000,-0.127330,-0.596300,12,0.000000,0.000000,6,-0.200000
16.086290,step,-0.200000,-0.128875,-0.598432,12,0.000000,0.000000,6,-0.200000
16.089224,step,-0.200000,-0.130506,-0.601630,12,0.000000,0.000000,6,-0.200000
16.092046,step,-0.200000,-0.132109,-0.590705,12,0.000000,0.000000,6,-0.200000
16.094637,step,-0.200000,-0.133494,-0.588573,13,0.000000,0.000000,6,-0.200000
16.097231,step,-0.200000,-0.134869,-0.590705,13,0.000000,0.000000,6,-0.200000
16.100169,step,-0.200000,-0.136391,-0.590705,13,0.000000,0.000000,6,-0.200000
16.103214,step,-0.200000,-0.138208,-0.582977,13,0.000000,0.000000,6,-0.200000
16.106329,step,-0.200000,-0.139701,-0.587507,13,0.000000,0.000000,6,-0.200000
16.109270,step,-0.200000,-0.141364,-0.577914,14,0.000000,0.000000,6,-0.200000
16.112161,step,-0.200000,-0.142918,-0.574717,14,0.000000,0.000000,6,-0.200000
16.114944,step,-0.200000,-0.144225,-0.575516,14,0.000000,0.000000,6,-0.200000
16.117981,step,-0.200000,-0.145935,-0.570187,14,0.000000,0.000000,6,-0.200000
16.120749,step,-0.200000,-0.147380,-0.567522,14,0.000000,0.000000,6,-0.200000
16.123515,step,-0.200000,-0.148875,-0.560062,14,0.000000,0.000000,6,-0.200000
16.126290,step,-0.200000,-0.150244,-0.563526,14,0.000000,0.000000,6,-0.200000
16.129199,step,-0.200000,-0.151590,-0.558463,14,0.000000,0.000000,6,-0.200000
16.132064,step,-0.200000,-0.152905,-0.550469,14,0.000000,0.000000,6,-0.200000
16.135039,step,-0.200000,-0.154294,-0.541676,14,0.000000,0.000000,6,-0.200000
16.138054,step,-0.200000,-0.155641,-0.519826,15,0.000000,0.000000,6,-0.200000
16.140993,step,-0.200000,-0.156737,-0.517427,15,0.000000,0.000000,6,-0.200000
16.144001,step,-0.200000,-0.157846,-0.508634,15,0.000000,0.000000,6,-0.200000
16.146968,step,-0.200000,-0.159073,-0.491847,15,0.000000,0.000000,6,-0.200000
16.150468,step,-0.200000,-0.160316,-0.477725,15,0.000000,0.000000,6,-0.200000
16.153311,step,-0.200000,-0.161215,-0.466267,15,0.000000,0.000000,6,-0.200000
16.156160,step,-0.200000,-0.162302,-0.457473,15,0.000000,0.000000,6,-0.200000
16.158910,step,-0.200000,-0.163132,-0.444683,16,0.000000,0.000000,6,-0.200000
16.161663,step,-0.200000,-0.164057,-0.435091,16,0.000000,0.000000,6,-0.200000
16.164574,step,-0.200000,-0.164987,-0.428695,16,0.000000,0.000000,6,-0.200000
16.167513,step,-0.200000,-0.165931,-0.419636,16,0.000000,0.000000,6,-0.200000
16.170781,step,-0.200000,-0.166972,-0.408977,16,0.000000,0.000000,6,-0.200000
16.173904,step,-0.200000,-0.167914,-0.399918,16,0.000000,0.000000,6,-0.200000
16.177105,step,-0.200000,-0.168969,-0.386594,16,0.000000,0.000000,6,-0.200000
16.180428,step,-0.200000,-0.169870,-0.383130,16,0.000000,0.000000,6,-0.200000
16.183492,step,-0.200000,-0.170814,-0.370607,16,0.000000,0.000000,6,-0.200000
16.186461,step,-0.200000,-0.171608,-0.359682,16,0.000000,0.000000,6,-0.200000
16.189395,step,-0.200000,-0.172383,-0.351155,16,0.000000,0.000000,6,-0.200000
16.192329,step,-0.200000,-0.173074,-0.349023,16,0.000000,0.000000,6,-0.200000
16.195280,step,-0.200000,-0.173879,-0.333568,16,0.000000,0.000000,6,-0.200000
16.198552,step,-0.200000,-0.174672,-0.322910,17,0.000000,0.000000,6,-0.200000
16.201499,step,-0.200000,-0.175265,-0.317048,17,0.000000,0.000000,6,-0.200000
16.204670,step,-0.200000,-0.176042,-0.306389,17,0.000000,0.000000,6,-0.200000
16.207607,step,-0.200000,-0.176628,-0.298928,17,0.000000,0.000000,6,-0.200000
16.210693,step,-0.200000,-0.177244,-0.284539,17,0.000000,0.000000,6,-0.200000
16.213807,step,-0.200000,-0.177799,-0.277345,17,0.000000,0.000000,6,-0.200000
16.216974,step,-0.200000,-0.178418,-0.267219,17,0.000000,0.000000,6,-0.200000
16.220486,step,-0.200000,-0.179044,-0.254696,17,0.000000,0.000000,6,-0.200000
16.223604,step,-0.200000,-0.179488,-0.246169,17,0.000000,0.000000,6,-0.200000
16.226548,step,-0.200000,-0.179959,-0.235777,17,0.000000,0.000000,6,-0.200000
16.229508,step,-0.200000,-0.180418,-0.223786,17,0.000000,0.000000,6,-0.200000
16.232761,step,-0.200000,-0.180773,-0.218990,17,0.000000,0.000000,6,-0.200000
16.235842,step,-0.200000,-0.181185,-0.205933,17,0.000000,0.000000,6,-0.200000
16.238591,step,-0.200000,-0.181457,-0.201137,18,0.000000,0.000000,6,-0.200000
16.241334,step,-0.200000,-0.181827,-0.190478,18,0.000000,0.000000,6,-0.200000
16.244167,step,-0.200000,-0.182055,-0.177421,18,0.000000,0.000000,6,-0.200000
16.247369,step,-0.200000,-0.182313,-0.179820,18,0.000000,0.000000,6,-0.200000
16.250578,step,-0.200000,-0.182682,-0.160368,18,0.000000,0.000000,6,-0.200000
16.253786,step,-0.200000,-0.182928,-0.151308,18,0.000000,0.000000,6,-0.200000
16.256865,step,-0.200000,-0.183008,-0.142781,18,0.000000,0.000000,6,-0.200000
16.259991,step,-0.200000,-0.183299,-0.131057,18,0.000000,0.000000,6,-0.200000
16.263101,step,-0.200000,-0.183380,-0.117467,18,0.000000,0.000000,6,-0.200000
16.266152,step,-0.200000,-0.183381,-0.109473,18,0.000000,0.000000,6,-0.200000
16.268606,step,-0.200000,-0.183477,-0.098282,18,0.000000,0.000000,6,-0.200000
16.271047,step,-0.200000,-0.183365,-0.085225,18,0.000000,0.000000,6,-0.200000
16.273564,step,-0.200000,-0.183294,-0.075366,18,0.000000,0.000000,6,-0.200000
16.276373,step,-0.200000,-0.183147,-0.070037,18,0.000000,0.000000,6,-0.200000
16.278997,step,-0.200000,-0.183139,-0.054849,18,0.000000,0.000000,6,-0.200000
16.281597,step,-0.200000,-0.182938,-0.042858,18,0.000000,0.000000,6,-0.200000
16.284203,step,-0.200000,-0.182742,-0.036996,18,0.000000,0.000000,6,-0.200000
16.286961,step,-0.200000,-0.182562,-0.027137,18,0.000000,0.000000,6,-0.200000
16.289732,step,-0.200000,-0.182313,-0.015146,18,0.000000,0.000000,6,-0.200000
16.292461,step,-0.200000,-0.182029,-0.001290,18,0.000000,0.000000,6,-0.200000
16.295619,step,-0.200000,-0.181748,0.004040,18,0.000000,0.000000,6,-0.200000
16.298566,step,-0.200000,-0.181492,0.019228,18,0.000000,0.000000,6,-0.200000
16.301494,step,-0.200000,-0.181255,0.026689,18,0.000000,0.000000,6,-0.200000
16.304729,step,-0.200000,-0.180980,0.032018,18,0.000000,0.000000,6,-0.200000
16.307699,step,-0.200000,-0.180765,0.037614,18,0.000000,0.000000,6,-0.200000
16.310669,step,-0.200000,-0.180579,0.044542,18,0.000000,0.000000,6,-0.200000
16.313596,step,-0.200000,-0.180365,0.046674,18,0.000000,0.000000,6,-0.200000
16.316549,step,-0.200000,-0.180219,0.048539,18,0.000000,0.000000,6,-0.200000
16.319487,step,-0.200000,-0.180099,0.048805,18,0.000000,0.000000,6,-0.200000
16.322416,step,-0.200000,-0.180094,0.046141,18,0.000000,0.000000,6,-0.200000
16.325378,step,-0.200000,-0.180114,0.043210,18,0.000000,0.000000,6,-0.200000
16.328316,step,-0.200000,-0.180186,0.035482,18,0.000000,0.000000,6,-0.200000
16.331278,step,-0.200000,-0.180343,0.031752,18,0.000000,0.000000,6,-0.200000
16.334563,step,-0.200000,-0.180514,0.023491,18,0.000000,0.000000,6,-0.200000
16.337499,step,-0.200000,-0.180715,0.018961,18,0.000000,0.000000,6,-0.200000
16.340499,step,-0.200000,-0.180955,0.009635,18,0.000000,0.000000,6,-0.200000
16.343478,step,-0.200000,-0.181216,0.001641,18,0.000000,0.000000,6,-0.200000
16.346582,step,-0.200000,-0.181462,-0.005553,18,0.000000,0.000000,6,-0.200000
16.349801,step,-0.200000,-0.181734,-0.013014,18,0.000000,0.000000,6,-0.200000
16.352966,step,-0.200000,-0.182056,-0.022873,18,0.000000,0.000000,6,-0.200000
16.356082,step,-0.200000,-0.182307,-0.027936,18,0.000000,0.000000,6,-0.200000
16.359053,step,-0.200000,-0.182574,-0.030601,18,0.000000,0.000000,6,-0.200000
16.362003,step,-0.200000,-0.182840,-0.036196,18,0.000000,0.000000,6,-0.200000
16.364956,step,-0.200000,-0.183037,-0.038062,18,0.000000,0.000000,6,-0.200000
16.367911,step,-0.200000,-0.183147,-0.036196,18,0.000000,0.000000,6,-0.200000
16.370837,step,-0.200000,-0.183278,-0.036729,18,0.000000,0.000000,6,-0.200000
16.373811,step,-0.200000,-0.183381,-0.036196,18,0.000000,0.000000,6,-0.200000
16.376734,step,-0.200000,-0.183384,-0.030068,18,0.000000,0.000000,6,-0.200000
16.379667,step,-0.200000,-0.183377,-0.027137,18,0.000000,0.000000,6,-0.200000
16.382905,step,-0.200000,-0.183361,-0.019409,18,0.000000,0.000000,6,-0.200000
16.386066,step,-0.200000,-0.183292,-0.012748,18,0.000000,0.000000,6,-0.200000
16.389012,step,-0.200000,-0.183214,-0.009017,18,0.000000,0.000000,6,-0.200000
16.392275,step,-0.200000,-0.183113,-0.002089,18,0.000000,0.000000,6,-0.200000
16.395203,step,-0.200000,-0.183022,0.004572,18,0.000000,0.000000,6,-0.200000
16.398197,step,-0.200000,-0.182907,0.007770,18,0.000000,0.000000,6,-0.200000
16.401166,step,-0.200000,-0.182792,0.013099,18,0.000000,0.000000,6,-0.200000
16.404601,step,-0.200000,-0.182681,0.018695,18,0.000000,0.000000,6,-0.200000
16.407416,step,-0.200000,-0.182568,0.020827,18,0.000000,0.000000,6,-0.200000
16.410488,step,-0.200000,-0.182501,0.024824,18,0.000000,0.000000,6,-0.200000
16.413224,step,-0.200000,-0.182489,0.023225,18,0.000000,0.000000,6,-0.200000
16.416027,step,-0.200000,-0.182496,0.020027,18,0.000000,0.000000,6,-0.200000
16.419219,step,-0.200000,-0.182531,0.020027,18,0.000000,0.000000,6,-0.200000
16.422448,step,-0.200000,-0.182602,0.013899,18,0.000000,0.000000,6,-0.200000
16.425646,step,-0.200000,-0.182697,0.013366,18,0.000000,0.000000,6,-0.200000
16.428464,step,-0.200000,-0.182808,0.010968,18,0.000000,0.000000,6,-0.200000
16.431177,step,-0.200000,-0.182929,0.003507,18,0.000000,0.000000,6,-0.200000
16.434062,step,-0.200000,-0.183100,0.000576,18,0.000000,0.000000,6,-0.200000
16.437051,step,-0.200000,-0.183293,-0.007685,18,0.000000,0.000000,6,-0.200000
16.440636,step,-0.200000,-0.183514,-0.011415,18,0.000000,0.000000,6,-0.200000
16.443799,step,-0.200000,-0.183717,-0.017544,18,0.000000,0.000000,6,-0.200000
16.446906,step,-0.200000,-0.183914,-0.019676,18,0.000000,0.000000,6,-0.200000
16.449885,step,-0.200000,-0.184086,-0.023140,18,0.000000,0.000000,6,-0.200000
16.452835,step,-0.200000,-0.184269,-0.025804,18,0.000000,0.000000,6,-0.200000
16.456172,step,-0.200000,-0.184454,-0.026870,18,0.000000,0.000000,6,-0.200000
16.459201,step,-0.200000,-0.184587,-0.027137,18,0.000000,0.000000,6,-0.200000
16.462216,step,-0.200000,-0.184666,-0.026870,18,0.000000,0.000000,6,-0.200000
16.465213,step,-0.200000,-0.184751,-0.024738,18,0.000000,0.000000,6,-0.200000
16.468195,step,-0.200000,-0.184807,-0.022873,18,0.000000,0.000000,6,-0.200000
16.471144,step,-0.200000,-0.184819,-0.019676,18,0.000000,0.000000,6,-0.200000
16.474330,step,-0.200000,-0.184821,-0.013014,18,0.000000,0.000000,6,-0.200000
16.477320,step,-0.200000,-0.184780,-0.010882,18,0.000000,0.000000,6,-0.200000
16.480517,step,-0.200000,-0.184762,-0.007951,18,0.000000,0.000000,6,-0.200000
16.483729,step,-0.200000,-0.184684,-0.001556,18,0.000000,0.000000,6,-0.200000
16.486887,step,-0.200000,-0.184611,0.003773,18,0.000000,0.000000,6,-0.200000
16.489944,step,-0.200000,-0.184546,0.007770,18,0.000000,0.000000,6,-0.200000
16.492918,step,-0.200000,-0.184455,0.009902,18,0.000000,0.000000,6,-0.200000
16.495885,step,-0.200000,-0.184387,0.010968,18,0.000000,0.000000,6,-0.200000
16.498821,step,-0.200000,-0.184330,0.013099,18,0.000000,0.000000,6,-0.200000
16.501758,step,-0.200000,-0.184291,0.013632,18,0.000000,0.000000,6,-0.200000
16.504684,step,-0.200000,-0.184259,0.012033,18,0.000000,0.000000,6,-0.200000
16.507645,step,-0.200000,-0.184280,0.010701,18,0.000000,0.000000,6,-0.200000
16.510734,step,-0.200000,-0.184281,0.009902,18,0.000000,0.000000,6,-0.200000
16.513673,step,-0.200000,-0.184334,0.008303,18,0.000000,0.000000,6,-0.200000
16.516619,step,-0.200000,-0.184378,0.006971,18,0.000000,0.000000,6,-0.200000
16.519571,step,-0.200000,-0.184466,0.004572,18,0.000000,0.000000,6,-0.200000
16.523199,step,-0.200000,-0.184584,-0.001023,18,0.000000,0.000000,6,-0.200000
16.526306,step,-0.200000,-0.184725,-0.003954,18,0.000000,0.000000,6,-0.200000
16.529320,step,-0.200000,-0.184873,-0.007685,18,0.000000,0.000000,6,-0.200000
16.532523,step,-0.200000,-0.185005,-0.007152,18,0.000000,0.000000,6,-0.200000
16.535847,step,-0.200000,-0.185167,-0.010349,18,0.000000,0.000000,6,-0.200000
16.538998,step,-0.200000,-0.185338,-0.015412,18,0.000000,0.000000,6,-0.200000
16.541950,step,-0.200000,-0.185482,-0.014613,18,0.000000,0.000000,6,-0.200000
16.544902,step,-0.200000,-0.185600,-0.018610,18,0.000000,0.000000,6,-0.200000
16.547870,step,-0.200000,-0.185710,-0.018343,18,0.000000,0.000000,6,-0.200000
16.550780,step,-0.200000,-0.185840,-0.019942,18,0.000000,0.000000,6,-0.200000
16.553726,step,-0.200000,-0.185947,-0.018610,18,0.000000,0.000000,6,-0.200000
16.557286,step,-0.200000,-0.186032,-0.018077,18,0.000000,0.000000,6,-0.200000
16.560316,step,-0.200000,-0.186067,-0.017810,18,0.000000,0.000000,6,-0.200000
16.563090,step,-0.200000,-0.186109,-0.017810,18,0.000000,0.000000,6,-0.200000
16.565859,step,-0.200000,-0.186140,-0.014879,18,0.000000,0.000000,6,-0.200000
16.568595,step,-0.200000,-0.186135,-0.013280,18,0.000000,0.000000,6,-0.200000
16.571364,step,-0.200000,-0.186125,-0.011415,18,0.000000,0.000000,6,-0.200000
16.574561,step,-0.200000,-0.186134,-0.010083,18,0.000000,0.000000,6,-0.200000
16.577330,step,-0.200000,-0.186092,-0.005020,18,0.000000,0.000000,6,-0.200000
16.580263,step,-0.200000,-0.186082,-0.005020,18,0.000000,0.000000,6,-0.200000
16.583858,step,-0.200000,-0.186050,-0.002356,18,0.000000,0.000000,6,-0.200000
16.587086,step,-0.200000,-0.185970,0.002174,18,0.000000,0.000000,6,-0.200000
16.590569,step,-0.200000,-0.185923,0.002974,18,0.000000,0.000000,6,-0.200000
16.593335,step,-0.200000,-0.185884,0.009102,18,0.000000,0.000000,6,-0.200000
16.596049,step,-0.200000,-0.185839,0.009369,18,0.000000,0.000000,6,-0.200000
16.598817,step,-0.200000,-0.185829,0.009635,18,0.000000,0.000000,6,-0.200000
16.601602,step,-0.200000,-0.185822,0.009635,18,0.000000,0.000000,6,-0.200000
16.604364,step,-0.200000,-0.185848,0.008836,18,0.000000,0.000000,6,-0.200000
16.607105,step,-0.200000,-0.185869,0.009635,18,0.000000,0.000000,6,-0.200000
16.609905,step,-0.200000,-0.185948,0.007237,18,0.000000,0.000000,6,-0.200000
16.612872,step,-0.200000,-0.186024,0.006438,18,0.000000,0.000000,6,-0.200000
16.615798,step,-0.200000,-0.186086,0.006971,18,0.000000,0.000000,6,-0.200000
16.618727,step,-0.200000,-0.186163,0.002441,18,0.000000,0.000000,6,-0.200000
16.621794,step,-0.200000,-0.186257,-0.002089,18,0.000000,0.000000,6,-0.200000
16.624983,step,-0.200000,-0.186366,-0.004754,18,0.000000,0.000000,6,-0.200000
16.628555,step,-0.200000,-0.186494,-0.008751,18,0.000000,0.000000,6,-0.200000
16.631686,step,-0.200000,-0.186613,-0.011415,18,0.000000,0.000000,6,-0.200000
16.634639,step,-0.200000,-0.186780,-0.016478,18,0.000000,0.000000,6,-0.200000
16.637882,step,-0.200000,-0.186918,-0.018343,18,0.000000,0.000000,6,-0.200000
16.641033,step,-0.200000,-0.187035,-0.019409,18,0.000000,0.000000,6,-0.200000
16.644158,step,-0.200000,-0.187177,-0.021008,18,0.000000,0.000000,6,-0.200000
16.646911,step,-0.200000,-0.187276,-0.019942,18,0.000000,0.000000,6,-0.200000
16.649766,step,-0.200000,-0.187297,-0.022340,18,0.000000,0.000000,6,-0.200000
16.652729,step,-0.200000,-0.187335,-0.018876,18,0.000000,0.000000,6,-0.200000
16.655728,step,-0.200000,-0.187382,-0.017810,18,0.000000,0.000000,6,-0.200000
16.658667,step,-0.200000,-0.187398,-0.018343,18,0.000000,0.000000,6,-0.200000
16.661773,step,-0.200000,-0.187391,-0.015945,18,0.000000,0.000000,6,-0.200000
16.664698,step,-0.200000,-0.187366,-0.007152,18,0.000000,0.000000,6,-0.200000
16.667638,step,-0.200000,-0.187317,-0.006086,18,0.000000,0.000000,6,-0.200000
16.670723,step,-0.200000,-0.187254,-0.006086,18,0.000000,0.000000,6,-0.200000
16.673668,step,-0.200000,-0.187202,0.001375,18,0.000000,0.000000,6,-0.200000
16.676596,step,-0.200000,-0.187144,0.002974,18,0.000000,0.000000,6,-0.200000
16.679565,step,-0.200000,-0.187104,0.008303,18,0.000000,0.000000,6,-0.200000
16.682388,step,-0.200000,-0.187059,0.008569,18,0.000000,0.000000,6,-0.200000
16.685131,step,-0.200000,-0.187035,0.008836,18,0.000000,0.000000,6,-0.200000
16.687930,step,-0.200000,-0.187023,0.009369,18,0.000000,0.000000,6,-0.200000
16.690694,step,-0.200000,-0.187007,0.009902,18,0.000000,0.000000,6,-0.200000
16.693669,step,-0.200000,-0.187026,0.007237,18,0.000000,0.000000,6,-0.200000
16.696598,step,-0.200000,-0.187063,0.008836,18,0.000000,0.000000,6,-0.200000
16.699524,step,-0.200000,-0.187111,0.007770,18,0.000000,0.000000,6,-0.200000
16.702489,step,-0.200000,-0.187180,0.004040,18,0.000000,0.000000,6,-0.200000
16.706226,step,-0.200000,-0.187227,0.001108,18,0.000000,0.000000,6,-0.200000
16.709184,step,-0.200000,-0.187359,-0.003421,18,0.000000,0.000000,6,-0.200000
16.712308,step,-0.200000,-0.187437,-0.005820,18,0.000000,0.000000,6,-0.200000
16.715473,step,-0.200000,-0.187573,-0.009284,18,0.000000,0.000000,6,-0.200000
16.718648,step,-0.200000,-0.187683,-0.010882,18,0.000000,0.000000,6,-0.200000
16.721671,step,-0.200000,-0.187776,-0.011682,18,0.000000,0.000000,6,-0.200000
16.724415,step,-0.200000,-0.187909,-0.014879,18,0.000000,0.000000,6,-0.200000
16.727175,step,-0.200000,-0.187991,-0.015412,18,0.000000,0.000000,6,-0.200000
16.730313,step,-0.200000,-0.188073,-0.018077,18,0.000000,0.000000,6,-0.200000
16.733268,step,-0.200000,-0.188154,-0.017277,18,0.000000,0.000000,6,-0.200000
16.736267,step,-0.200000,-0.188228,-0.017544,18,0.000000,0.000000,6,-0.200000
16.739496,step,-0.200000,-0.188295,-0.017011,18,0.000000,0.000000,6,-0.200000
16.742746,step,-0.200000,-0.188321,-0.014080,18,0.000000,0.000000,6,-0.200000
16.746045,step,-0.200000,-0.188353,-0.009284,18,0.000000,0.000000,6,-0.200000
16.749033,step,-0.200000,-0.188354,-0.010083,18,0.000000,0.000000,6,-0.200000
16.752116,step,-0.200000,-0.188340,-0.007418,18,0.000000,0.000000,6,-0.200000
16.755359,step,-0.200000,-0.188314,-0.005820,18,0.000000,0.000000,6,-0.200000
16.758549,step,-0.200000,-0.188302,-0.004754,18,0.000000,0.000000,6,-0.200000
16.761662,step,-0.200000,-0.188284,0.000043,18,0.000000,0.000000,6,-0.200000
16.764592,step,-0.200000,-0.188272,-0.001023,18,0.000000,0.000000,6,-0.200000
16.767533,step,-0.200000,-0.188234,0.000576,18,0.000000,0.000000,6,-0.200000
16.770487,step,-0.200000,-0.188202,0.005638,18,0.000000,0.000000,6,-0.200000
16.773463,step,-0.200000,-0.188189,0.002707,18,0.000000,0.000000,6,-0.200000
16.776378,step,-0.200000,-0.188182,0.001908,18,0.000000,0.000000,6,-0.200000
16.779284,step,-0.200000,-0.188201,0.000576,18,0.000000,0.000000,6,-0.200000
16.782304,step,-0.200000,-0.188209,0.003773,18,0.000000,0.000000,6,-0.200000
16.785060,step,-0.200000,-0.188214,-0.001023,18,0.000000,0.000000,6,-0.200000
16.788120,step,-0.200000,-0.188254,-0.001556,18,0.000000,0.000000,6,-0.200000
16.790874,step,-0.200000,-0.188322,-0.003155,18,0.000000,0.000000,6,-0.200000
16.793834,step,-0.200000,-0.188354,-0.005287,18,0.000000,0.000000,6,-0.200000
16.796774,step,-0.200000,-0.188398,-0.006086,18,0.000000,0.000000,6,-0.200000
16.799729,step,-0.200000,-0.188467,-0.006352,18,0.000000,0.000000,6,-0.200000
16.802736,step,-0.200000,-0.188536,-0.007418,18,0.000000,0.000000,6,-0.200000
16.806006,step,-0.200000,-0.188577,-0.008484,18,0.000000,0.000000,6,-0.200000
16.809197,step,-0.200000,-0.188670,-0.009550,18,0.000000,0.000000,6,-0.200000
16.812746,step,-0.200000,-0.188731,-0.009017,18,0.000000,0.000000,6,-0.200000
16.816068,step,-0.200000,-0.188787,-0.008484,18,0.000000,0.000000,6,-0.200000
16.819018,step,-0.200000,-0.188825,-0.010083,18,0.000000,0.000000,6,-0.200000
16.821982,step,-0.200000,-0.188869,-0.007685,18,0.000000,0.000000,6,-0.200000
16.824911,coast,0.000000,-0.188907,-0.007951,18,0.000000,0.000000,6,0.000000
16.827867,coast,0.000000,-0.188921,-0.007685,18,0.000000,0.000000,6,0.000000
16.830755,coast,0.000000,-0.188136,-0.028469,18,0.000000,0.000000,6,0.000000
16.833803,coast,0.000000,-0.188581,0.021893,18,0.000000,0.000000,6,0.000000
16.837329,coast,0.000000,-0.188128,0.031752,18,0.000000,0.000000,6,0.000000
16.840546,coast,0.000000,-0.187079,0.052536,18,0.000000,0.000000,6,0.000000
16.843684,coast,0.000000,-0.186790,0.079448,18,0.000000,0.000000,6,0.000000
16.846652,coast,0.000000,-0.186065,0.087709,18,0.000000,0.000000,6,0.000000
16.849614,coast,0.000000,-0.185271,0.097834,18,0.000000,0.000000,6,0.000000
16.852919,coast,0.000000,-0.184962,0.107693,18,0.000000,0.000000,6,0.000000
16.856048,coast,0.000000,-0.184329,0.111957,18,0.000000,0.000000,6,0.000000
16.858763,coast,0.000000,-0.183873,0.123948,18,0.000000,0.000000,6,0.000000
16.861586,coast,0.000000,-0.183296,0.127678,18,0.000000,0.000000,6,0.000000
16.864170,coast,0.000000,-0.182608,0.142334,18,0.000000,0.000000,6,0.000000
16.866602,coast,0.000000,-0.182202,0.151660,18,0.000000,0.000000,6,0.000000
16.868787,coast,0.000000,-0.181475,0.154591,18,0.000000,0.000000,6,0.000000
16.871302,coast,0.000000,-0.180907,0.158055,18,0.000000,0.000000,6,0.000000
16.873986,coast,0.000000,-0.180178,0.164716,18,0.000000,0.000000,6,0.000000
16.876173,coast,0.000000,-0.179764,0.173776,18,0.000000,0.000000,6,0.000000
16.878436,coast,0.000000,-0.179174,0.185234,18,0.000000,0.000000,6,0.000000
16.880661,coast,0.000000,-0.178431,0.187366,18,0.000000,0.000000,6,0.000000
16.883227,coast,0.000000,-0.177694,0.191629,17,0.000000,0.000000,6,0.000000
16.886044,coast,0.000000,-0.177057,0.196958,17,0.000000,0.000000,6,0.000000
16.888277,coast,0.000000,-0.176281,0.206018,17,0.000000,0.000000,6,0.000000
16.890959,coast,0.000000,-0.175468,0.215344,17,0.000000,0.000000,6,0.000000
16.893572,coast,0.000000,-0.174472,0.226269,17,0.000000,0.000000,6,0.000000
16.896149,coast,0.000000,-0.173574,0.243323,17,0.000000,0.000000,6,0.000000
16.898470,coast,0.000000,-0.172542,0.253981,17,0.000000,0.000000,6,0.000000
16.900645,coast,0.000000,-0.171618,0.265173,17,0.000000,0.000000,6,0.000000
16.903161,coast,0.000000,-0.170523,0.274233,17,0.000000,0.000000,6,0.000000
16.905698,coast,0.000000,-0.169554,0.287023,17,0.000000,0.000000,6,0.000000
16.907981,coast,0.000000,-0.168490,0.293951,17,0.000000,0.000000,6,0.000000
16.910389,coast,0.000000,-0.167428,0.305409,17,0.000000,0.000000,6,0.000000
16.912379,coast,0.000000,-0.166423,0.311537,17,0.000000,0.000000,6,0.000000
16.914623,coast,0.000000,-0.165409,0.319265,17,0.000000,0.000000,6,0.000000
16.917067,coast,0.000000,-0.164332,0.336052,17,0.000000,0.000000,6,0.000000
16.919534,coast,0.000000,-0.163103,0.344845,16,0.000000,0.000000,6,0.000000
16.921980,coast,0.000000,-0.161868,0.354438,16,0.000000,0.000000,6,0.000000
16.924439,coast,0.000000,-0.160631,0.367228,16,0.000000,0.000000,6,0.000000
16.927222,coast,0.000000,-0.159265,0.379752,16,0.000000,0.000000,6,0.000000
16.930349,coast,0.000000,-0.157601,0.394141,16,0.000000,0.000000,6,0.000000
16.933294,coast,0.000000,-0.156010,0.408796,16,0.000000,0.000000,6,0.000000
16.936345,coast,0.000000,-0.154409,0.423718,16,0.000000,0.000000,6,0.000000
16.939308,coast,0.000000,-0.152707,0.439439,16,0.000000,0.000000,6,0.000000
16.942284,coast,0.000000,-0.150946,0.451430,16,0.000000,0.000000,6,0.000000
16.945339,coast,0.000000,-0.149223,0.466352,16,0.000000,0.000000,6,0.000000
16.948859,coast,0.000000,-0.147054,0.489534,15,0.000000,0.000000,6,0.000000
16.952079,coast,0.000000,-0.145038,0.514582,15,0.000000,0.000000,6,0.000000
16.955220,coast,0.000000,-0.142898,0.529504,15,0.000000,0.000000,6,0.000000
16.958566,coast,0.000000,-0.140544,0.550021,15,0.000000,0.000000,6,0.000000
16.961489,coast,0.000000,-0.138562,0.568674,15,0.000000,0.000000,6,0.000000
16.964720,coast,0.000000,-0.136137,0.568407,15,0.000000,0.000000,6,0.000000
16.967656,coast,0.000000,-0.134353,0.583329,14,0.000000,0.000000,6,0.000000
16.970619,coast,0.000000,-0.132774,0.594787,14,0.000000,0.000000,6,0.000000
16.973614,coast,0.000000,-0.130956,0.597718,14,0.000000,0.000000,6,0.000000
16.976570,coast,0.000000,-0.129131,0.592389,14,0.000000,0.000000,6,0.000000
16.979539,coast,0.000000,-0.127327,0.594787,14,0.000000,0.000000,6,0.000000
16.982508,coast,0.000000,-0.125402,0.612107,14,0.000000,0.000000,6,0.000000
16.985708,coast,0.000000,-0.123165,0.619568,14,0.000000,0.000000,6,0.000000
16.988660,coast,0.000000,-0.121074,0.626762,13,0.000000,0.000000,6,0.000000
16.991615,coast,0.000000,-0.118969,0.642217,13,0.000000,0.000000,6,0.000000
16.994543,coast,0.000000,-0.116753,0.655540,13,0.000000,0.000000,6,0.000000
16.997306,coast,0.000000,-0.114636,0.656606,13,0.000000,0.000000,6,0.000000
17.000187,coast,0.000000,-0.112481,0.671528,13,0.000000,0.000000,6,0.000000
17.002978,coast,0.000000,-0.110354,0.682453,12,0.000000,0.000000,6,0.000000
17.005868,coast,0.000000,-0.108054,0.692312,12,0.000000,0.000000,6,0.000000
17.008825,coast,0.000000,-0.105752,0.704303,12,0.000000,0.000000,6,0.000000
17.011835,coast,0.000000,-0.103352,0.713363,12,0.000000,0.000000,6,0.000000
17.014764,coast,0.000000,-0.101070,0.725620,12,0.000000,0.000000,6,0.000000
17.017741,coast,0.000000,-0.098626,0.740275,12,0.000000,0.000000,6,0.000000
17.020697,coast,0.000000,-0.096115,0.755730,12,0.000000,0.000000,6,0.000000
17.023669,coast,0.000000,-0.093471,0.763991,11,0.000000,0.000000,6,0.000000
17.026728,coast,0.000000,-0.090814,0.767987,11,0.000000,0.000000,6,0.000000
17.029944,coast,0.000000,-0.088259,0.777047,11,0.000000,0.000000,6,0.000000
17.033132,coast,0.000000,-0.085896,0.783975,11,0.000000,0.000000,6,0.000000
17.036699,coast,0.000000,-0.083451,0.779978,11,0.000000,0.000000,6,0.000000
17.039905,coast,0.000000,-0.081245,0.767987,11,0.000000,0.000000,6,0.000000
17.043116,coast,0.000000,-0.078814,0.757595,10,0.000000,0.000000,6,0.000000
17.046350,coast,0.000000,-0.076750,0.777847,10,0.000000,0.000000,6,0.000000
17.049106,coast,0.000000,-0.074076,0.782110,10,0.000000,0.000000,6,0.000000
17.051962,coast,0.000000,-0.071750,0.795433,10,0.000000,0.000000,6,0.000000
17.054741,coast,0.000000,-0.068958,0.785041,10,0.000000,0.000000,6,0.000000
17.057771,coast,0.000000,-0.066600,0.803960,9,0.000000,0.000000,6,0.000000
17.060902,coast,0.000000,-0.064101,0.807690,9,0.000000,0.000000,6,0.000000
17.063889,coast,0.000000,-0.061406,0.809023,9,0.000000,0.000000,6,0.000000
17.066795,coast,0.000000,-0.059224,0.814618,9,0.000000,0.000000,6,0.000000
17.069556,coast,0.000000,-0.056746,0.823678,8,0.000000,0.000000,6,0.000000
17.072556,coast,0.000000,-0.054144,0.840732,8,0.000000,0.000000,6,0.000000
17.075659,coast,0.000000,-0.051355,0.839932,8,0.000000,0.000000,6,0.000000
17.078634,coast,0.000000,-0.048494,0.842064,8,0.000000,0.000000,6,0.000000
17.081592,coast,0.000000,-0.046120,0.847393,8,0.000000,0.000000,6,0.000000
17.084522,coast,0.000000,-0.043925,0.848726,8,0.000000,0.000000,6,0.000000
17.087804,coast,0.000000,-0.041416,0.833804,7,0.000000,0.000000,6,0.000000
17.091166,coast,0.000000,-0.039132,0.833004,7,0.000000,0.000000,6,0.000000
17.094413,coast,0.000000,-0.036694,0.821280,7,0.000000,0.000000,6,0.000000
17.097275,coast,0.000000,-0.034415,0.831406,7,0.000000,0.000000,6,0.000000
17.100108,coast,0.000000,-0.032255,0.842064,6,0.000000,0.000000,6,0.000000
17.103185,coast,0.000000,-0.029453,0.842064,6,0.000000,0.000000,6,0.000000
17.106100,coast,0.000000,-0.026857,0.831672,6,0.000000,0.000000,6,0.000000
17.109056,coast,0.000000,-0.024721,0.841798,6,0.000000,0.000000,6,0.000000
17.112074,coast,0.000000,-0.022086,0.844995,6,0.000000,0.000000,6,0.000000
17.115395,coast,0.000000,-0.019372,0.839666,6,0.000000,0.000000,6,0.000000
17.118173,coast,0.000000,-0.017017,0.838067,5,0.000000,0.000000,6,0.000000
17.120907,coast,0.000000,-0.014889,0.848726,5,0.000000,0.000000,6,0.000000
17.123731,coast,0.000000,-0.012427,0.853788,5,0.000000,0.000000,6,0.000000
17.126563,coast,0.000000,-0.009822,0.847127,5,0.000000,0.000000,6,0.000000
17.129771,coast,0.000000,-0.007013,0.841531,4,0.000000,0.000000,6,0.000000
17.132961,coast,0.000000,-0.004406,0.835136,4,0.000000,0.000000,6,0.000000
17.136558,coast,0.000000,-0.001839,0.826609,4,0.000000,0.000000,6,0.000000
17.139611,coast,0.000000,0.000104,0.814086,4,0.000000,0.000000,6,0.000000
17.142582,coast,0.000000,0.001975,0.805825,4,0.000000,0.000000,6,0.000000
17.145521,coast,0.000000,0.004130,0.797032,4,0.000000,0.000000,6,0.000000
17.148596,coast,0.000000,0.006146,0.805559,3,0.000000,0.000000,6,0.000000
17.151337,coast,0.000000,0.008193,0.799697,3,0.000000,0.000000,6,0.000000
17.154039,coast,0.000000,0.010602,0.797032,3,0.000000,0.000000,6,0.000000
17.156886,coast,0.000000,0.012805,0.787173,3,0.000000,0.000000,6,0.000000
17.160114,coast,0.000000,0.015381,0.782643,2,0.000000,0.000000,6,0.000000
17.163371,coast,0.000000,0.017833,0.786906,2,0.000000,0.000000,6,0.000000
17.166547,coast,0.000000,0.020000,0.774916,2,0.000000,0.000000,6,0.000000
17.169668,coast,0.000000,0.022314,0.775182,2,0.000000,0.000000,6,0.000000
17.172645,coast,0.000000,0.024221,0.783709,2,0.000000,0.000000,6,0.000000
17.175950,coast,0.000000,0.026929,0.771984,2,0.000000,0.000000,6,0.000000
17.178912,coast,0.000000,0.029123,0.762392,1,0.000000,0.000000,6,0.000000
17.181883,coast,0.000000,0.031254,0.746138,1,0.000000,0.000000,6,0.000000
17.184854,coast,0.000000,0.033047,0.741608,1,0.000000,0.000000,6,0.000000
17.187849,coast,0.000000,0.034689,0.728018,1,0.000000,0.000000,6,0.000000
17.190789,coast,0.000000,0.036093,0.714162,1,0.000000,0.000000,6,0.000000
17.193734,coast,0.000000,0.037463,0.690447,1,0.000000,0.000000,6,0.000000
17.196690,coast,0.000000,0.038986,0.664067,1,0.000000,0.000000,6,0.000000
17.199787,coast,0.000000,0.040040,0.672327,0,0.000000,0.000000,6,0.000000
17.202969,coast,0.000000,0.042276,0.659804,0,0.000000,0.000000,6,0.000000
17.206121,coast,0.000000,0.044131,0.655007,0,0.000000,0.000000,6,0.000000
17.209218,coast,0.000000,0.045909,0.636355,0,0.000000,0.000000,6,0.000000
17.212332,coast,0.000000,0.047868,0.632358,0,0.000000,0.000000,6,0.000000
17.215283,coast,0.000000,0.049318,0.629960,-1,0.000000,0.000000,6,0.000000
17.218236,coast,0.000000,0.051183,0.607577,-1,0.000000,0.000000,6,0.000000
17.220988,coast,0.000000,0.052492,0.609975,-1,0.000000,0.000000,6,0.000000
17.224064,coast,0.000000,0.053834,0.601448,-1,0.000000,0.000000,6,0.000000
17.226807,coast,0.000000,0.055422,0.593988,-1,0.000000,0.000000,6,0.000000
17.229652,coast,0.000000,0.056711,0.582530,-1,0.000000,0.000000,6,0.000000
17.232930,coast,0.000000,0.058293,0.577467,-2,0.000000,0.000000,6,0.000000
17.235874,coast,0.000000,0.059874,0.576934,-2,0.000000,0.000000,6,0.000000
17.238862,coast,0.000000,0.061260,0.562811,-2,0.000000,0.000000,6,0.000000
17.241845,coast,0.000000,0.062819,0.549222,-2,0.000000,0.000000,6,0.000000
17.244788,coast,0.000000,0.064070,0.543893,-2,0.000000,0.000000,6,0.000000
17.247809,coast,0.000000,0.065516,0.519112,-2,0.000000,0.000000,6,0.000000
17.250746,coast,0.000000,0.066466,0.509785,-2,0.000000,0.000000,6,0.000000
17.253675,coast,0.000000,0.067166,0.499926,-2,0.000000,0.000000,6,0.000000
17.256892,coast,0.000000,0.068103,0.473813,-2,0.000000,0.000000,6,0.000000
17.259963,coast,0.000000,0.068956,0.448499,-2,0.000000,0.000000,6,0.000000
17.263130,coast,0.000000,0.069685,0.440239,-3,0.000000,0.000000,6,0.000000
17.266330,coast,0.000000,0.070636,0.418389,-3,0.000000,0.000000,6,0.000000
17.269482,coast,0.000000,0.071572,0.398138,-3,0.000000,0.000000,6,0.000000
17.273033,coast,0.000000,0.072182,0.375488,-3,0.000000,0.000000,6,0.000000
17.276203,coast,0.000000,0.072938,0.357635,-3,0.000000,0.000000,6,0.000000
17.279406,coast,0.000000,0.073688,0.339249,-3,0.000000,0.000000,6,0.000000
17.282340,coast,0.000000,0.074138,0.325660,-3,0.000000,0.000000,6,0.000000
17.285294,coast,0.000000,0.074773,0.318732,-3,0.000000,0.000000,6,0.000000
17.288571,coast,0.000000,0.075395,0.296615,-3,0.000000,0.000000,6,0.000000
17.291526,coast,0.000000,0.075847,0.277164,-3,0.000000,0.000000,6,0.000000
17.294486,coast,0.000000,0.076188,0.264373,-4,0.000000,0.000000,6,0.000000
17.297451,coast,0.000000,0.076505,0.249452,-4,0.000000,0.000000,6,0.000000
17.300827,coast,0.000000,0.076943,0.233464,-4,0.000000,0.000000,6,0.000000
17.303993,coast,0.000000,0.077117,0.215877,-4,0.000000,0.000000,6,0.000000
17.307463,coast,0.000000,0.077448,0.201222,-4,0.000000,0.000000,6,0.000000
17.310599,coast,0.000000,0.077671,0.184435,-4,0.000000,0.000000,6,0.000000
17.313570,coast,0.000000,0.077790,0.168713,-4,0.000000,0.000000,6,0.000000
17.316538,coast,0.000000,0.077854,0.155124,-4,0.000000,0.000000,6,0.000000
17.319588,coast,0.000000,0.077893,0.139403,-4,0.000000,0.000000,6,0.000000
17.322579,coast,0.000000,0.077958,0.125280,-4,0.000000,0.000000,6,0.000000
17.325546,coast,0.000000,0.077898,0.111690,-4,0.000000,0.000000,6,0.000000
17.328501,coast,0.000000,0.077768,0.096236,-4,0.000000,0.000000,6,0.000000
17.331574,coast,0.000000,0.077703,0.080514,-4,0.000000,0.000000,6,0.000000
17.334773,coast,0.000000,0.077549,0.066125,-4,0.000000,0.000000,6,0.000000
17.337976,coast,0.000000,0.077324,0.049072,-4,0.000000,0.000000,6,0.000000
17.341147,coast,0.000000,0.077156,0.035482,-4,0.000000,0.000000,6,0.000000
17.344356,coast,0.000000,0.076865,0.020027,-4,0.000000,0.000000,6,0.000000
17.347530,coast,0.000000,0.076511,0.002174,-4,0.000000,0.000000,6,0.000000
17.351070,coast,0.000000,0.076138,-0.014879,-4,0.000000,0.000000,6,0.000000
17.354085,coast,0.000000,0.075739,-0.031133,-4,0.000000,0.000000,6,0.000000
17.357052,coast,0.000000,0.075253,-0.043924,-4,0.000000,0.000000,6,0.000000
17.359993,coast,0.000000,0.074749,-0.057513,-4,0.000000,0.000000,6,0.000000
17.362922,coast,0.000000,0.074249,-0.071103,-4,0.000000,0.000000,6,0.000000
17.366082,coast,0.000000,0.073705,-0.084959,-4,0.000000,0.000000,6,0.000000
17.369024,coast,0.000000,0.073081,-0.097216,-4,0.000000,0.000000,6,0.000000
17.372149,coast,0.000000,0.072474,-0.107342,-4,0.000000,0.000000,6,0.000000
17.375409,coast,0.000000,0.071825,-0.123862,-4,0.000000,0.000000,6,0.000000
17.378569,coast,0.000000,0.071110,-0.134254,-4,0.000000,0.000000,6,0.000000
17.381656,coast,0.000000,0.070440,-0.147311,-4,0.000000,0.000000,6,0.000000
17.384596,coast,0.000000,0.069788,-0.154506,-4,0.000000,0.000000,6,0.000000
17.387605,coast,0.000000,0.069034,-0.169694,-4,0.000000,0.000000,6,0.000000
17.390542,coast,0.000000,0.068270,-0.176622,-4,0.000000,0.000000,6,0.000000
17.393766,coast,0.000000,0.067489,-0.189146,-4,0.000000,0.000000,6,0.000000
17.396956,coast,0.000000,0.066728,-0.199804,-4,0.000000,0.000000,6,0.000000
17.400549,coast,0.000000,0.065809,-0.213127,-4,0.000000,0.000000,6,0.000000
17.403501,coast,0.000000,0.064987,-0.223519,-4,0.000000,0.000000,6,0.000000
17.406776,coast,0.000000,0.064068,-0.235244,-4,0.000000,0.000000,6,0.000000
17.409705,coast,0.000000,0.063197,-0.245369,-4,0.000000,0.000000,6,0.000000
17.412653,coast,0.000000,0.062307,-0.252297,-4,0.000000,0.000000,6,0.000000
17.415988,coast,0.000000,0.061270,-0.263489,-4,0.000000,0.000000,6,0.000000
17.418912,coast,0.000000,0.060310,-0.273081,-4,0.000000,0.000000,6,0.000000
17.421913,coast,0.000000,0.059344,-0.280809,-4,0.000000,0.000000,6,0.000000
17.425416,coast,0.000000,0.058212,-0.287204,-4,0.000000,0.000000,6,0.000000
17.428897,coast,0.000000,0.057053,-0.297063,-4,0.000000,0.000000,6,0.000000
17.432332,coast,0.000000,0.055842,-0.308521,-4,0.000000,0.000000,6,0.000000
17.435306,coast,0.000000,0.054762,-0.314117,-4,0.000000,0.000000,6,0.000000
17.438322,coast,0.000000,0.053653,-0.323443,-4,0.000000,0.000000,6,0.000000
17.441269,coast,0.000000,0.052560,-0.332236,-4,0.000000,0.000000,6,0.000000
17.444364,coast,0.000000,0.051424,-0.339431,-4,0.000000,0.000000,6,0.000000
17.447285,coast,0.000000,0.050290,-0.349290,-4,0.000000,0.000000,6,0.000000
17.450338,coast,0.000000,0.049092,-0.354885,-4,0.000000,0.000000,6,0.000000
17.453378,coast,0.000000,0.047885,-0.363146,-4,0.000000,0.000000,6,0.000000
17.456551,coast,0.000000,0.046638,-0.369807,-4,0.000000,0.000000,6,0.000000
17.459728,coast,0.000000,0.045353,-0.377002,-4,0.000000,0.000000,6,0.000000
17.462914,coast,0.000000,0.044037,-0.389792,-4,0.000000,0.000000,6,0.000000
17.466100,coast,0.000000,0.042718,-0.393256,-4,0.000000,0.000000,6,0.000000
17.469278,coast,0.000000,0.041362,-0.399918,-4,0.000000,0.000000,6,0.000000
17.472779,coast,0.000000,0.039871,-0.412708,-4,0.000000,0.000000,6,0.000000
17.476061,coast,0.000000,0.038437,-0.416438,-4,0.000000,0.000000,6,0.000000
17.479037,coast,0.000000,0.037084,-0.425764,-4,0.000000,0.000000,6,0.000000
17.482017,coast,0.000000,0.035726,-0.432959,-4,0.000000,0.000000,6,0.000000
17.484968,coast,0.000000,0.034388,-0.437222,-4,0.000000,0.000000,6,0.000000
17.487917,coast,0.000000,0.033064,-0.443617,-4,0.000000,0.000000,6,0.000000
17.490860,coast,0.000000,0.031721,-0.447881,-4,0.000000,0.000000,6,0.000000
17.493806,coast,0.000000,0.030345,-0.454276,-4,0.000000,0.000000,6,0.000000
17.496754,coast,0.000000,0.028950,-0.459072,-4,0.000000,0.000000,6,0.000000
17.499693,coast,0.000000,0.027549,-0.464934,-4,0.000000,0.000000,6,0.000000
17.502689,coast,0.000000,0.026104,-0.469731,-4,0.000000,0.000000,6,0.000000
17.505887,coast,0.000000,0.024546,-0.475060,-4,0.000000,0.000000,6,0.000000
17.509068,coast,0.000000,0.022935,-0.483853,-4,0.000000,0.000000,6,0.000000
17.512307,coast,0.000000,0.021375,-0.483587,-4,0.000000,0.000000,6,0.000000
17.515301,coast,0.000000,0.019878,-0.488383,-4,0.000000,0.000000,6,0.000000
17.518543,coast,0.000000,0.018281,-0.495045,-4,0.000000,0.000000,6,0.000000
17.521482,coast,0.000000,0.016945,-0.496110,-4,0.000000,0.000000,6,0.000000
17.524467,coast,0.000000,0.015380,-0.499575,-4,0.000000,0.000000,6,0.000000
17.527407,coast,0.000000,0.013885,-0.504104,-4,0.000000,0.000000,6,0.000000
17.530372,coast,0.000000,0.012590,-0.510233,-4,0.000000,0.000000,6,0.000000
17.533376,coast,0.000000,0.010931,-0.508101,-4,0.000000,0.000000,6,0.000000
17.536558,coast,0.000000,0.009450,-0.512898,-4,0.000000,0.000000,6,0.000000
17.539775,coast,0.000000,0.007903,-0.514230,-4,0.000000,0.000000,6,0.000000
17.543035,coast,0.000000,0.006310,-0.507835,-4,0.000000,0.000000,6,0.000000
17.546159,coast,0.000000,0.004924,-0.511299,-4,0.000000,0.000000,6,0.000000
17.548915,coast,0.000000,0.003808,-0.505170,-4,0.000000,0.000000,6,0.000000
17.551725,coast,0.000000,0.002528,-0.501706,-4,0.000000,0.000000,6,0.000000
17.554558,coast,0.000000,0.001407,-0.498775,-4,0.000000,0.000000,6,0.000000
17.557606,coast,0.000000,0.000018,-0.495311,-4,0.000000,0.000000,6,0.000000
17.561018,coast,0.000000,-0.001509,-0.491314,-4,0.000000,0.000000,6,0.000000
17.564036,coast,0.000000,-0.002788,-0.489715,-3,0.000000,0.000000,6,0.000000
17.567014,coast,0.000000,-0.004178,-0.492380,-3,0.000000,0.000000,6,0.000000
17.569978,coast,0.000000,-0.005457,-0.489449,-3,0.000000,0.000000,6,0.000000
17.572981,coast,0.000000,-0.006799,-0.487051,-3,0.000000,0.000000,6,0.000000
17.575786,coast,0.000000,-0.007960,-0.485186,-3,0.000000,0.000000,6,0.000000
17.578541,coast,0.000000,-0.009131,-0.480922,-3,0.000000,0.000000,6,0.000000
17.581293,coast,0.000000,-0.010306,-0.477725,-3,0.000000,0.000000,6,0.000000
17.584119,coast,0.000000,-0.011482,-0.479590,-2,0.000000,0.000000,6,0.000000
17.587328,coast,0.000000,-0.012890,-0.482254,-2,0.000000,0.000000,6,0.000000
17.590496,coast,0.000000,-0.014310,-0.478790,-2,0.000000,0.000000,6,0.000000
17.593714,coast,0.000000,-0.015739,-0.478524,-2,0.000000,0.000000,6,0.000000
17.596687,coast,0.000000,-0.017024,-0.479590,-2,0.000000,0.000000,6,0.000000
17.599614,coast,0.000000,-0.018317,-0.476126,-2,0.000000,0.000000,6,0.000000
17.602566,coast,0.000000,-0.019319,-0.483853,-2,0.000000,0.000000,6,0.000000
17.606056,coast,0.000000,-0.021151,-0.469997,-2,0.000000,0.000000,6,0.000000
17.609567,coast,0.000000,-0.022070,-0.461470,-2,0.000000,0.000000,6,0.000000
17.612777,coast,0.000000,-0.022829,-0.447081,-2,0.000000,0.000000,6,0.000000
17.616232,coast,0.000000,-0.024171,-0.431360,-2,0.000000,0.000000,6,0.000000
17.619462,coast,0.000000,-0.025006,-0.422034,-2,0.000000,0.000000,6,0.000000
17.622403,coast,0.000000,-0.025877,-0.412175,-2,0.000000,0.000000,6,0.000000
17.625352,coast,0.000000,-0.026700,-0.402316,-1,0.000000,0.000000,6,0.000000
17.628318,coast,0.000000,-0.027388,-0.388993,-1,0.000000,0.000000,6,0.000000
17.631260,coast,0.000000,-0.028233,-0.377801,-1,0.000000,0.000000,6,0.000000
17.634199,coast,0.000000,-0.028875,-0.367409,-1,0.000000,0.000000,6,0.000000
17.637183,coast,0.000000,-0.029578,-0.361813,-1,0.000000,0.000000,6,0.000000
17.640628,coast,0.000000,-0.030492,-0.351421,-1,0.000000,0.000000,6,0.000000
17.644050,coast,0.000000,-0.031304,-0.342895,-1,0.000000,0.000000,6,0.000000
17.646756,coast,0.000000,-0.031912,-0.331970,-1,0.000000,0.000000,6,0.000000
17.649174,coast,0.000000,-0.032367,-0.326907,0,0.000000,0.000000,6,0.000000
17.651614,coast,0.000000,-0.032814,-0.317314,0,0.000000,0.000000,6,0.000000
17.654049,coast,0.000000,-0.033248,-0.311718,0,0.000000,0.000000,6,0.000000
17.656791,coast,0.000000,-0.033756,-0.305590,0,0.000000,0.000000,6,0.000000
17.659772,coast,0.000000,-0.034325,-0.297329,0,0.000000,0.000000,6,0.000000
17.662974,coast,0.000000,-0.034939,-0.290135,0,0.000000,0.000000,6,0.000000
17.665956,coast,0.000000,-0.035520,-0.280542,0,0.000000,0.000000,6,0.000000
17.669140,coast,0.000000,-0.036127,-0.278411,0,0.000000,0.000000,6,0.000000
17.672536,coast,0.000000,-0.036705,-0.264555,0,0.000000,0.000000,6,0.000000
17.675732,coast,0.000000,-0.037261,-0.258692,0,0.000000,0.000000,6,0.000000
17.678683,coast,0.000000,-0.037741,-0.246435,0,0.000000,0.000000,6,0.000000
17.682138,coast,0.000000,-0.038292,-0.240573,0,0.000000,0.000000,6,0.000000
17.685103,coast,0.000000,-0.038749,-0.233645,0,0.000000,0.000000,6,0.000000
17.688203,coast,0.000000,-0.039172,-0.225385,0,0.000000,0.000000,6,0.000000
17.691007,coast,0.000000,-0.039547,-0.216591,0,0.000000,0.000000,6,0.000000
17.693774,coast,0.000000,-0.039899,-0.211795,0,0.000000,0.000000,6,0.000000
17.696566,coast,0.000000,-0.040214,-0.203801,0,0.000000,0.000000,6,0.000000
17.699542,coast,0.000000,-0.040643,-0.200071,1,0.000000,0.000000,6,0.000000
17.702515,coast,0.000000,-0.041001,-0.197406,1,0.000000,0.000000,6,0.000000
17.705474,coast,0.000000,-0.041450,-0.188346,1,0.000000,0.000000,6,0.000000
17.708226,coast,0.000000,-0.041754,-0.187014,1,0.000000,0.000000,6,0.000000
17.710970,coast,0.000000,-0.042101,-0.178221,1,0.000000,0.000000,6,0.000000
17.713709,coast,0.000000,-0.042353,-0.171826,1,0.000000,0.000000,6,0.000000
17.716542,coast,0.000000,-0.042656,-0.171826,1,0.000000,0.000000,6,0.000000
17.719711,coast,0.000000,-0.042968,-0.163299,1,0.000000,0.000000,6,0.000000
17.722921,coast,0.000000,-0.043254,-0.158236,1,0.000000,0.000000,6,0.000000
17.726129,coast,0.000000,-0.043562,-0.152374,1,0.000000,0.000000,6,0.000000
17.729173,coast,0.000000,-0.043824,-0.145179,1,0.000000,0.000000,6,0.000000
17.732292,coast,0.000000,-0.044059,-0.142515,1,0.000000,0.000000,6,0.000000
17.735275,coast,0.000000,-0.044305,-0.136386,1,0.000000,0.000000,6,0.000000
17.738100,coast,0.000000,-0.044450,-0.129458,1,0.000000,0.000000,6,0.000000
17.740855,coast,0.000000,-0.044584,-0.124129,1,0.000000,0.000000,6,0.000000
17.743643,coast,0.000000,-0.044695,-0.117467,1,0.000000,0.000000,6,0.000000
17.746399,coast,0.000000,-0.044816,-0.114003,1,0.000000,0.000000,6,0.000000
17.749256,coast,0.000000,-0.044913,-0.106276,1,0.000000,0.000000,6,0.000000
17.752268,coast,0.000000,-0.045037,-0.103345,1,0.000000,0.000000,6,0.000000
17.755200,coast,0.000000,-0.045087,-0.096950,1,0.000000,0.000000,6,0.000000
17.758361,coast,0.000000,-0.045175,-0.090555,1,0.000000,0.000000,6,0.000000
17.761294,coast,0.000000,-0.045243,-0.083627,1,0.000000,0.000000,6,0.000000
17.764363,coast,0.000000,-0.045281,-0.077498,1,0.000000,0.000000,6,0.000000
17.767440,coast,0.000000,-0.045288,-0.071369,1,0.000000,0.000000,6,0.000000
17.770964,coast,0.000000,-0.045286,-0.059911,1,0.000000,0.000000,6,0.000000
17.774405,coast,0.000000,-0.045203,-0.050052,1,0.000000,0.000000,6,0.000000
17.777497,coast,0.000000,-0.045104,-0.044723,1,0.000000,0.000000,6,0.000000
17.780832,coast,0.000000,-0.044930,-0.032732,1,0.000000,0.000000,6,0.000000
17.783813,coast,0.000000,-0.044703,-0.024205,1,0.000000,0.000000,6,0.000000
17.786774,coast,0.000000,-0.044484,-0.015412,1,0.000000,0.000000,6,0.000000
17.789738,coast,0.000000,-0.044221,-0.002888,1,0.000000,0.000000,6,0.000000
17.792696,coast,0.000000,-0.043930,0.004572,1,0.000000,0.000000,6,0.000000
17.796029,coast,0.000000,-0.043621,0.014432,1,0.000000,0.000000,6,0.000000
17.798986,coast,0.000000,-0.043304,0.023758,1,0.000000,0.000000,6,0.000000
17.801905,coast,0.000000,-0.043020,0.031752,1,0.000000,0.000000,6,0.000000
17.804842,coast,0.000000,-0.042714,0.038946,1,0.000000,0.000000,6,0.000000
17.807895,coast,0.000000,-0.042350,0.045874,1,0.000000,0.000000,6,0.000000
17.811096,coast,0.000000,-0.042002,0.052802,1,0.000000,0.000000,6,0.000000
17.814766,coast,0.000000,-0.041636,0.059997,1,0.000000,0.000000,6,0.000000
17.817902,coast,0.000000,-0.041299,0.064527,1,0.000000,0.000000,6,0.000000
17.820856,coast,0.000000,-0.040921,0.067191,1,0.000000,0.000000,6,0.000000
17.824121,coast,0.000000,-0.040531,0.079182,1,0.000000,0.000000,6,0.000000
17.827078,coast,0.000000,-0.040146,0.079715,1,0.000000,0.000000,6,0.000000
17.830373,coast,0.000000,-0.039747,0.085044,1,0.000000,0.000000,6,0.000000
17.833322,coast,0.000000,-0.039381,0.087709,1,0.000000,0.000000,6,0.000000
17.836286,coast,0.000000,-0.038954,0.097568,1,0.000000,0.000000,6,0.000000
17.839231,coast,0.000000,-0.038550,0.100765,1,0.000000,0.000000,6,0.000000
17.842224,coast,0.000000,-0.038104,0.104496,1,0.000000,0.000000,6,0.000000
17.845185,coast,0.000000,-0.037664,0.111424,1,0.000000,0.000000,6,0.000000
17.848504,coast,0.000000,-0.037156,0.114888,1,0.000000,0.000000,6,0.000000
17.851416,coast,0.000000,-0.036661,0.120217,1,0.000000,0.000000,6,0.000000
17.854323,coast,0.000000,-0.036177,0.124747,1,0.000000,0.000000,6,0.000000
17.857263,coast,0.000000,-0.035692,0.124214,1,0.000000,0.000000,6,0.000000
17.860234,coast,0.000000,-0.035228,0.130343,1,0.000000,0.000000,6,0.000000
17.863220,coast,0.000000,-0.034710,0.134340,1,0.000000,0.000000,6,0.000000
17.866196,coast,0.000000,-0.034172,0.142067,1,0.000000,0.000000,6,0.000000
17.869151,coast,0.000000,-0.033646,0.142600,1,0.000000,0.000000,6,0.000000
17.872134,coast,0.000000,-0.033100,0.147663,1,0.000000,0.000000,6,0.000000
17.875108,coast,0.000000,-0.032523,0.152193,1,0.000000,0.000000,6,0.000000
17.878086,coast,0.000000,-0.031969,0.155124,1,0.000000,0.000000,6,0.000000
17.881028,coast,0.000000,-0.031412,0.157522,1,0.000000,0.000000,6,0.000000
17.884053,coast,0.000000,-0.030814,0.163384,1,0.000000,0.000000,6,0.000000
17.886986,coast,0.000000,-0.030217,0.163118,1,0.000000,0.000000,6,0.000000
17.889914,coast,0.000000,-0.029611,0.168713,1,0.000000,0.000000,6,0.000000
17.892862,coast,0.000000,-0.029019,0.172444,1,0.000000,0.000000,6,0.000000
17.895886,coast,0.000000,-0.028431,0.174309,1,0.000000,0.000000,6,0.000000
17.898865,coast,0.000000,-0.027794,0.179105,1,0.000000,0.000000,6,0.000000
17.901880,coast,0.000000,-0.027160,0.180438,1,0.000000,0.000000,6,0.000000
17.904820,coast,0.000000,-0.026520,0.186566,1,0.000000,0.000000,6,0.000000
17.907766,coast,0.000000,-0.025908,0.186833,1,0.000000,0.000000,6,0.000000
17.910700,coast,0.000000,-0.025300,0.191363,1,0.000000,0.000000,6,0.000000
17.913672,coast,0.000000,-0.024666,0.192961,1,0.000000,0.000000,6,0.000000
17.916630,coast,0.000000,-0.023994,0.199357,1,0.000000,0.000000,6,0.000000
17.919672,coast,0.000000,-0.023310,0.199357,1,0.000000,0.000000,6,0.000000
17.922839,coast,0.000000,-0.022580,0.205485,1,0.000000,0.000000,6,0.000000
17.926055,coast,0.000000,-0.021854,0.204153,1,0.000000,0.000000,6,0.000000
17.929231,coast,0.000000,-0.021101,0.211081,1,0.000000,0.000000,6,0.000000
17.932260,coast,0.000000,-0.020389,0.210548,1,0.000000,0.000000,6,0.000000
17.935202,coast,0.000000,-0.019704,0.215078,1,0.000000,0.000000,6,0.000000
17.938360,coast,0.000000,-0.018972,0.216943,1,0.000000,0.000000,6,0.000000
17.941487,coast,0.000000,-0.018233,0.218808,1,0.000000,0.000000,6,0.000000
17.944700,coast,0.000000,-0.017477,0.221739,1,0.000000,0.000000,6,0.000000
17.947884,coast,0.000000,-0.016725,0.224671,1,0.000000,0.000000,6,0.000000
17.951047,coast,0.000000,-0.015954,0.227335,1,0.000000,0.000000,6,0.000000
17.954571,coast,0.000000,-0.015081,0.228135,1,0.000000,0.000000,6,0.000000
17.958293,coast,0.000000,-0.014171,0.229200,1,0.000000,0.000000,6,0.000000
17.961375,coast,0.000000,-0.013446,0.231332,1,0.000000,0.000000,6,0.000000
17.964316,coast,0.000000,-0.012754,0.235063,1,0.000000,0.000000,6,0.000000
17.967265,coast,0.000000,-0.012029,0.233197,1,0.000000,0.000000,6,0.000000
17.970228,coast,0.000000,-0.011300,0.236128,1,0.000000,0.000000,6,0.000000
17.973469,coast,0.000000,-0.010508,0.238793,1,0.000000,0.000000,6,0.000000
17.976949,coast,0.000000,-0.009660,0.240658,1,0.000000,0.000000,6,0.000000
17.980148,coast,0.000000,-0.008867,0.239326,1,0.000000,0.000000,6,0.000000
17.982939,coast,0.000000,-0.008165,0.245988,1,0.000000,0.000000,6,0.000000
17.985692,coast,0.000000,-0.007520,0.240125,1,0.000000,0.000000,6,0.000000
17.988441,coast,0.000000,-0.006840,0.246520,1,0.000000,0.000000,6,0.000000
17.991288,coast,0.000000,-0.006153,0.243056,1,0.000000,0.000000,6,0.000000
17.994230,coast,0.000000,-0.005418,0.245988,1,0.000000,0.000000,6,0.000000
17.997173,coast,0.000000,-0.004684,0.247053,1,0.000000,0.000000,6,0.000000
18.000279,coast,0.000000,-0.003908,0.249452,1,0.000000,0.000000,6,0.000000
18.003447,coast,0.000000,-0.003112,0.247053,1,0.000000,0.000000,6,0.000000
18.006637,coast,0.000000,-0.002333,0.247586,1,0.000000,0.000000,6,0.000000
18.009844,coast,0.000000,-0.001552,0.248386,1,0.000000,0.000000,6,0.000000
18.012830,coast,0.000000,-0.000806,0.247320,1,0.000000,0.000000,6,0.000000
18.015757,coast,0.000000,-0.000089,0.248119,1,0.000000,0.000000,6,0.000000
18.018689,coast,0.000000,0.000606,0.247053,1,0.000000,0.000000,6,0.000000
18.021727,coast,0.000000,0.001330,0.249185,1,0.000000,0.000000,6,0.000000
18.025405,coast,0.000000,0.002234,0.244922,1,0.000000,0.000000,6,0.000000
18.028573,coast,0.000000,0.003001,0.246520,1,0.000000,0.000000,6,0.000000
18.031695,coast,0.000000,0.003740,0.246254,1,0.000000,0.000000,6,0.000000
18.034638,coast,0.000000,0.004433,0.244122,1,0.000000,0.000000,6,0.000000
18.037616,coast,0.000000,0.005128,0.243323,1,0.000000,0.000000,6,0.000000
18.040578,coast,0.000000,0.005816,0.244922,1,0.000000,0.000000,6,0.000000
18.043520,coast,0.000000,0.006479,0.240925,1,0.000000,0.000000,6,0.000000
18.046489,coast,0.000000,0.007012,0.242790,1,0.000000,0.000000,6,0.000000
18.049422,coast,0.000000,0.007765,0.240925,1,0.000000,0.000000,6,0.000000
18.052368,coast,0.000000,0.008352,0.243056,1,0.000000,0.000000,6,0.000000
18.055329,coast,0.000000,0.009097,0.229733,1,0.000000,0.000000,6,0.000000
18.058934,coast,0.000000,0.009955,0.232664,1,0.000000,0.000000,6,0.000000
18.061924,coast,0.000000,0.010417,0.236928,1,0.000000,0.000000,6,0.000000
18.064872,coast,0.000000,0.011159,0.229467,1,0.000000,0.000000,6,0.000000
18.067860,coast,0.000000,0.011780,0.225470,1,0.000000,0.000000,6,0.000000
18.070770,coast,0.000000,0.012355,0.220940,1,0.000000,0.000000,6,0.000000
18.073721,coast,0.000000,0.012873,0.221473,1,0.000000,0.000000,6,0.000000
18.076675,coast,0.000000,0.013363,0.217742,1,0.000000,0.000000,6,0.000000
18.079748,coast,0.000000,0.013971,0.213213,1,0.000000,0.000000,6,0.000000
18.082598,coast,0.000000,0.014405,0.212413,1,0.000000,0.000000,6,0.000000
18.085355,coast,0.000000,0.014893,0.202288,1,0.000000,0.000000,6,0.000000
18.088096,coast,0.000000,0.015295,0.202021,1,0.000000,0.000000,6,0.000000
18.090934,coast,0.000000,0.015699,0.197491,1,0.000000,0.000000,6,0.000000
18.093902,coast,0.000000,0.016126,0.193494,1,0.000000,0.000000,6,0.000000
18.096884,coast,0.000000,0.016486,0.184968,1,0.000000,0.000000,6,0.000000
18.100084,coast,0.000000,0.016905,0.177773,1,0.000000,0.000000,6,0.000000
18.103021,coast,0.000000,0.017204,0.172444,1,0.000000,0.000000,6,0.000000
18.106317,coast,0.000000,0.017491,0.165516,1,0.000000,0.000000,6,0.000000
18.109234,coast,0.000000,0.017736,0.159654,1,0.000000,0.000000,6,0.000000
18.112336,coast,0.000000,0.017991,0.153791,1,0.000000,0.000000,6,0.000000
18.115503,coast,0.000000,0.018270,0.144732,1,0.000000,0.000000,6,0.000000
18.118716,coast,0.000000,0.018485,0.134073,1,0.000000,0.000000,6,0.000000
18.121915,coast,0.000000,0.018655,0.126879,1,0.000000,0.000000,6,0.000000
18.125104,coast,0.000000,0.018810,0.115687,1,0.000000,0.000000,6,0.000000
18.128760,coast,0.000000,0.018935,0.106894,1,0.000000,0.000000,6,0.000000
18.131987,coast,0.000000,0.018969,0.096502,1,0.000000,0.000000,6,0.000000
18.134817,coast,0.000000,0.019000,0.086909,1,0.000000,0.000000,6,0.000000
18.137381,coast,0.000000,0.018986,0.078649,1,0.000000,0.000000,6,0.000000
18.140193,coast,0.000000,0.018963,0.072787,1,0.000000,0.000000,6,0.000000
18.142976,coast,0.000000,0.018905,0.063461,1,0.000000,0.000000,6,0.000000
18.145905,coast,0.000000,0.018808,0.054401,1,0.000000,0.000000,6,0.000000
18.149004,coast,0.000000,0.018744,0.048539,1,0.000000,0.000000,6,0.000000
18.152035,coast,0.000000,0.018635,0.038946,1,0.000000,0.000000,6,0.000000
18.154961,coast,0.000000,0.018516,0.032018,1,0.000000,0.000000,6,0.000000
18.158272,coast,0.000000,0.018378,0.022425,1,0.000000,0.000000,6,0.000000
18.161222,coast,0.000000,0.018209,0.014432,1,0.000000,0.000000,6,0.000000
18.164214,coast,0.000000,0.018051,0.006171,1,0.000000,0.000000,6,0.000000
18.167164,coast,0.000000,0.017879,0.001108,1,0.000000,0.000000,6,0.000000
18.170154,coast,0.000000,0.017708,-0.007951,1,0.000000,0.000000,6,0.000000
18.173284,coast,0.000000,0.017534,-0.009550,1,0.000000,0.000000,6,0.000000
18.176464,coast,0.000000,0.017318,-0.019409,1,0.000000,0.000000,6,0.000000
18.179653,coast,0.000000,0.017106,-0.024738,1,0.000000,0.000000,6,0.000000
18.182825,coast,0.000000,0.016922,-0.029535,1,0.000000,0.000000,6,0.000000
18.185859,coast,0.000000,0.016715,-0.036463,1,0.000000,0.000000,6,0.000000
18.188824,coast,0.000000,0.016508,-0.039660,1,0.000000,0.000000,6,0.000000
18.192061,coast,0.000000,0.016297,-0.041259,1,0.000000,0.000000,6,0.000000
18.195044,coast,0.000000,0.016082,-0.046855,1,0.000000,0.000000,6,0.000000
18.198297,coast,0.000000,0.015824,-0.053250,1,0.000000,0.000000,6,0.000000
18.201206,coast,0.000000,0.015609,-0.054049,1,0.000000,0.000000,6,0.000000
18.204351,coast,0.000000,0.015378,-0.054049,1,0.000000,0.000000,6,0.000000
18.207521,coast,0.000000,0.015111,-0.060178,1,0.000000,0.000000,6,0.000000
18.211101,coast,0.000000,0.014788,-0.065507,1,0.000000,0.000000,6,0.000000
18.214314,coast,0.000000,0.014532,-0.068971,1,0.000000,0.000000,6,0.000000
18.217476,coast,0.000000,0.014234,-0.071369,1,0.000000,0.000000,6,0.000000
18.221068,coast,0.000000,0.013905,-0.077231,1,0.000000,0.000000,6,0.000000
18.224326,coast,0.000000,0.013559,-0.083094,1,0.000000,0.000000,6,0.000000
18.227287,coast,0.000000,0.013230,-0.083893,1,0.000000,0.000000,6,0.000000
18.230302,coast,0.000000,0.012915,-0.088689,1,0.000000,0.000000,6,0.000000
18.233274,coast,0.000000,0.012542,-0.093219,1,0.000000,0.000000,6,0.000000
18.236059,coast,0.000000,0.012211,-0.094818,1,0.000000,0.000000,6,0.000000
18.238808,coast,0.000000,0.011916,-0.097216,1,0.000000,0.000000,6,0.000000
18.241555,coast,0.000000,0.011584,-0.102545,1,0.000000,0.000000,6,0.000000
18.244373,coast,0.000000,0.011272,-0.103878,1,0.000000,0.000000,6,0.000000
18.247323,coast,0.000000,0.010902,-0.106542,1,0.000000,0.000000,6,0.000000
18.250589,coast,0.000000,0.010566,-0.108941,1,0.000000,0.000000,6,0.000000
18.253542,coast,0.000000,0.010220,-0.109740,1,0.000000,0.000000,6,0.000000
18.256499,coast,0.000000,0.009879,-0.115336,1,0.000000,0.000000,6,0.000000
18.259457,coast,0.000000,0.009558,-0.112405,1,0.000000,0.000000,6,0.000000
18.262417,coast,0.000000,0.009244,-0.112138,1,0.000000,0.000000,6,0.000000
18.265460,coast,0.000000,0.008967,-0.115869,1,0.000000,0.000000,6,0.000000
18.268979,coast,0.000000,0.008611,-0.117467,1,0.000000,0.000000,6,0.000000
18.272491,coast,0.000000,0.008217,-0.114536,1,0.000000,0.000000,6,0.000000
18.276025,coast,0.000000,0.007835,-0.120665,1,0.000000,0.000000,6,0.000000
18.278975,coast,0.000000,0.007510,-0.119066,1,0.000000,0.000000,6,0.000000
18.281932,coast,0.000000,0.007155,-0.121198,1,0.000000,0.000000,6,0.000000
18.284888,coast,0.000000,0.006839,-0.120132,1,0.000000,0.000000,6,0.000000
18.287848,coast,0.000000,0.006503,-0.121731,1,0.000000,0.000000,6,0.000000
18.290755,coast,0.000000,0.006175,-0.120931,1,0.000000,0.000000,6,0.000000
18.293725,coast,0.000000,0.005826,-0.121731,1,0.000000,0.000000,6,0.000000
18.296825,coast,0.000000,0.005483,-0.124662,1,0.000000,0.000000,6,0.000000
18.300004,coast,0.000000,0.005105,-0.124395,1,0.000000,0.000000,6,0.000000
18.303222,coast,0.000000,0.004727,-0.124395,1,0.000000,0.000000,6,0.000000
18.306381,coast,0.000000,0.004358,-0.128126,1,0.000000,0.000000,6,0.000000
18.309612,coast,0.000000,0.003944,-0.126527,1,0.000000,0.000000,6,0.000000
18.312578,coast,0.000000,0.003590,-0.125994,1,0.000000,0.000000,6,0.000000
18.315512,coast,0.000000,0.003243,-0.128392,1,0.000000,0.000000,6,0.000000
18.318735,coast,0.000000,0.002868,-0.127859,1,0.000000,0.000000,6,0.000000
18.321693,coast,0.000000,0.002507,-0.130258,1,0.000000,0.000000,6,0.000000
18.324630,coast,0.000000,0.002141,-0.129725,1,0.000000,0.000000,6,0.000000
18.327794,coast,0.000000,0.001751,-0.128659,1,0.000000,0.000000,6,0.000000
18.330734,coast,0.000000,0.001397,-0.127859,1,0.000000,0.000000,6,0.000000
18.333682,coast,0.000000,0.001032,-0.131057,1,0.000000,0.000000,6,0.000000
18.336630,coast,0.000000,0.000681,-0.128659,1,0.000000,0.000000,6,0.000000
18.339587,coast,0.000000,0.000310,-0.131856,1,0.000000,0.000000,6,0.000000
18.342536,coast,0.000000,-0.000018,-0.131590,1,0.000000,0.000000,6,0.000000
18.345506,coast,0.000000,-0.000367,-0.130524,1,0.000000,0.000000,6,0.000000
18.348281,coast,0.000000,-0.000710,-0.129991,1,0.000000,0.000000,6,0.000000
18.351017,coast,0.000000,-0.000993,-0.130790,1,0.000000,0.000000,6,0.000000
18.354073,coast,0.000000,-0.001341,-0.131057,1,0.000000,0.000000,6,0.000000
18.356893,coast,0.000000,-0.001689,-0.133455,1,0.000000,0.000000,6,0.000000
18.359892,coast,0.000000,-0.001997,-0.128925,1,0.000000,0.000000,6,0.000000
18.362859,coast,0.000000,-0.002339,-0.131590,1,0.000000,0.000000,6,0.000000
18.365872,coast,0.000000,-0.002697,-0.130524,1,0.000000,0.000000,6,0.000000
18.368822,coast,0.000000,-0.003015,-0.133189,1,0.000000,0.000000,6,0.000000
18.371864,coast,0.000000,-0.003337,-0.125195,1,0.000000,0.000000,6,0.000000
18.374831,coast,0.000000,-0.003663,-0.129458,1,0.000000,0.000000,6,0.000000
18.377815,coast,0.000000,-0.003985,-0.124928,1,0.000000,0.000000,6,0.000000
18.380751,coast,0.000000,-0.004292,-0.123862,1,0.000000,0.000000,6,0.000000
18.383689,coast,0.000000,-0.004586,-0.125728,1,0.000000,0.000000,6,0.000000
18.386628,coast,0.000000,-0.004881,-0.123063,1,0.000000,0.000000,6,0.000000
18.389595,coast,0.000000,-0.005170,-0.121997,1,0.000000,0.000000,6,0.000000
18.392568,coast,0.000000,-0.005489,-0.122797,1,0.000000,0.000000,6,0.000000
18.395701,coast,0.000000,-0.005808,-0.120931,1,0.000000,0.000000,6,0.000000
18.398648,coast,0.000000,-0.006068,-0.114803,1,0.000000,0.000000,6,0.000000
18.401570,coast,0.000000,-0.006325,-0.117467,1,0.000000,0.000000,6,0.000000
18.404858,coast,0.000000,-0.006660,-0.118533,1,0.000000,0.000000,6,0.000000
18.407847,coast,0.000000,-0.006925,-0.114270,1,0.000000,0.000000,6,0.000000
18.411141,coast,0.000000,-0.007213,-0.112937,1,0.000000,0.000000,6,0.000000
18.414480,coast,0.000000,-0.007558,-0.114803,1,0.000000,0.000000,6,0.000000
18.417961,coast,0.000000,-0.007862,-0.111339,1,0.000000,0.000000,6,0.000000
18.421145,coast,0.000000,-0.008150,-0.110539,1,0.000000,0.000000,6,0.000000
18.424462,coast,0.000000,-0.008464,-0.111072,1,0.000000,0.000000,6,0.000000
18.427445,coast,0.000000,-0.008713,-0.106276,1,0.000000,0.000000,6,0.000000
18.430084,coast,0.000000,-0.008942,-0.107075,1,0.000000,0.000000,6,0.000000
18.432488,coast,0.000000,-0.009114,-0.105477,1,0.000000,0.000000,6,0.000000
18.434688,coast,0.000000,-0.009276,-0.107342,1,0.000000,0.000000,6,0.000000
18.437017,coast,0.000000,-0.009449,-0.105210,1,0.000000,0.000000,6,0.000000
18.440157,coast,0.000000,-0.009684,-0.104944,1,0.000000,0.000000,6,0.000000
18.442629,coast,0.000000,-0.009860,-0.102545,1,0.000000,0.000000,6,0.000000
18.445500,coast,0.000000,-0.010094,-0.102812,1,0.000000,0.000000,6,0.000000
18.448406,coast,0.000000,-0.010342,-0.099081,1,0.000000,0.000000,6,0.000000
18.451022,coast,0.000000,-0.010546,-0.098282,1,0.000000,0.000000,6,0.000000
18.453475,coast,0.000000,-0.010724,-0.096950,1,0.000000,0.000000,6,0.000000
18.456042,coast,0.000000,-0.010887,-0.095351,1,0.000000,0.000000,6,0.000000
18.458164,coast,0.000000,-0.011020,-0.095351,1,0.000000,0.000000,6,0.000000
18.460185,coast,0.000000,-0.011119,-0.094552,1,0.000000,0.000000,6,0.000000
18.462212,coast,0.000000,-0.011245,-0.092686,1,0.000000,0.000000,6,0.000000
18.464238,coast,0.000000,-0.011352,-0.091088,1,0.000000,0.000000,6,0.000000
18.466273,coast,0.000000,-0.011478,-0.091354,1,0.000000,0.000000,6,0.000000
18.468285,coast,0.000000,-0.011555,-0.088689,1,0.000000,0.000000,6,0.000000
18.470308,coast,0.000000,-0.011658,-0.087624,1,0.000000,0.000000,6,0.000000
18.472322,coast,0.000000,-0.011738,-0.083893,1,0.000000,0.000000,6,0.000000
18.474457,coast,0.000000,-0.011834,-0.084426,1,0.000000,0.000000,6,0.000000
18.476474,coast,0.000000,-0.011885,-0.083893,1,0.000000,0.000000,6,0.000000
18.478497,coast,0.000000,-0.011966,-0.081228,1,0.000000,0.000000,6,0.000000
18.480501,coast,0.000000,-0.012054,-0.081495,1,0.000000,0.000000,6,0.000000
18.482514,coast,0.000000,-0.012100,-0.078297,1,0.000000,0.000000,6,0.000000
18.484523,coast,0.000000,-0.012161,-0.076166,1,0.000000,0.000000,6,0.000000
18.486552,coast,0.000000,-0.012215,-0.076166,1,0.000000,0.000000,6,0.000000
18.488576,coast,0.000000,-0.012271,-0.075899,1,0.000000,0.000000,6,0.000000
18.490595,coast,0.000000,-0.012346,-0.072169,1,0.000000,0.000000,6,0.000000
18.492620,coast,0.000000,-0.012397,-0.069504,1,0.000000,0.000000,6,0.000000
18.494810,coast,0.000000,-0.012420,-0.067372,1,0.000000,0.000000,6,0.000000
18.497110,coast,0.000000,-0.012460,-0.066040,1,0.000000,0.000000,6,0.000000
18.499180,coast,0.000000,-0.012482,-0.064708,1,0.000000,0.000000,6,0.000000
18.501274,coast,0.000000,-0.012548,-0.064974,1,0.000000,0.000000,6,0.000000
18.503341,coast,0.000000,-0.012569,-0.062310,1,0.000000,0.000000,6,0.000000
18.505314,coast,0.000000,-0.012606,-0.062843,1,0.000000,0.000000,6,0.000000
18.507320,coast,0.000000,-0.012649,-0.058846,1,0.000000,0.000000,6,0.000000
18.509460,coast,0.000000,-0.012679,-0.057513,1,0.000000,0.000000,6,0.000000
18.511579,coast,0.000000,-0.012706,-0.057513,1,0.000000,0.000000,6,0.000000
18.513855,coast,0.000000,-0.012784,-0.054849,1,0.000000,0.000000,6,0.000000
18.516143,coast,0.000000,-0.012829,-0.052184,1,0.000000,0.000000,6,0.000000
18.518287,coast,0.000000,-0.012829,-0.050319,1,0.000000,0.000000,6,0.000000
18.520339,coast,0.000000,-0.012857,-0.049786,1,0.000000,0.000000,6,0.000000
18.522370,coast,0.000000,-0.012875,-0.048454,1,0.000000,0.000000,6,0.000000
18.524710,coast,0.000000,-0.012884,-0.046588,1,0.000000,0.000000,6,0.000000
18.526872,coast,0.000000,-0.012906,-0.042591,1,0.000000,0.000000,6,0.000000
18.529530,coast,0.000000,-0.012926,-0.044457,1,0.000000,0.000000,6,0.000000
18.532030,coast,0.000000,-0.012953,-0.040460,1,0.000000,0.000000,6,0.000000
18.534748,coast,0.000000,-0.012987,-0.038594,1,0.000000,0.000000,6,0.000000
18.537648,coast,0.000000,-0.012986,-0.036996,1,0.000000,0.000000,6,0.000000
18.539928,coast,0.000000,-0.012987,-0.035930,1,0.000000,0.000000,6,0.000000
18.542209,coast,0.000000,-0.012992,-0.034597,1,0.000000,0.000000,6,0.000000
18.544495,coast,0.000000,-0.012966,-0.030601,1,0.000000,0.000000,6,0.000000
18.546740,coast,0.000000,-0.012954,-0.032732,1,0.000000,0.000000,6,0.000000
18.549405,coast,0.000000,-0.012924,-0.027403,1,0.000000,0.000000,6,0.000000
18.551817,coast,0.000000,-0.012920,-0.025804,1,0.000000,0.000000,6,0.000000
18.554171,coast,0.000000,-0.012876,-0.026071,1,0.000000,0.000000,6,0.000000
18.556769,coast,0.000000,-0.012859,-0.022607,1,0.000000,0.000000,6,0.000000
18.559476,coast,0.000000,-0.012838,-0.019676,1,0.000000,0.000000,6,0.000000
18.561685,coast,0.000000,-0.012796,-0.019676,1,0.000000,0.000000,6,0.000000
18.563854,coast,0.000000,-0.012770,-0.015679,1,0.000000,0.000000,6,0.000000
18.566172,coast,0.000000,-0.012725,-0.015679,1,0.000000,0.000000,6,0.000000
18.568459,coast,0.000000,-0.012662,-0.013014,1,0.000000,0.000000,6,0.000000
18.570765,coast,0.000000,-0.012613,-0.008751,1,0.000000,0.000000,6,0.000000
18.573107,coast,0.000000,-0.012573,-0.009284,1,0.000000,0.000000,6,0.000000
18.575937,coast,0.000000,-0.012499,-0.007685,1,0.000000,0.000000,6,0.000000
18.578324,coast,0.000000,-0.012438,-0.006086,1,0.000000,0.000000,6,0.000000
18.580884,coast,0.000000,-0.012355,-0.002622,1,0.000000,0.000000,6,0.000000
18.583228,coast,0.000000,-0.012276,-0.002622,1,0.000000,0.000000,6,0.000000
18.586033,coast,0.000000,-0.012186,0.002707,1,0.000000,0.000000,6,0.000000
18.588324,coast,0.000000,-0.012123,0.001375,1,0.000000,0.000000,6,0.000000
18.590558,coast,0.000000,-0.012044,0.006438,1,0.000000,0.000000,6,0.000000
18.592861,coast,0.000000,-0.011967,0.007770,1,0.000000,0.000000,6,0.000000
18.596330,coast,0.000000,-0.011882,0.009102,1,0.000000,0.000000,6,0.000000
18.598917,coast,0.000000,-0.011801,0.012833,1,0.000000,0.000000,6,0.000000
18.601305,coast,0.000000,-0.011639,0.017629,1,0.000000,0.000000,6,0.000000
18.603820,coast,0.000000,-0.011520,0.016563,1,0.000000,0.000000,6,0.000000
18.606348,coast,0.000000,-0.011431,0.017363,1,0.000000,0.000000,6,0.000000
18.608848,coast,0.000000,-0.011280,0.022425,1,0.000000,0.000000,6,0.000000
18.611618,coast,0.000000,-0.011162,0.020827,1,0.000000,0.000000,6,0.000000
18.614351,coast,0.000000,-0.011027,0.025090,1,0.000000,0.000000,6,0.000000
18.617062,coast,0.000000,-0.010902,0.024024,1,0.000000,0.000000,6,0.000000
18.620146,coast,0.000000,-0.010750,0.029620,1,0.000000,0.000000,6,0.000000
18.623395,coast,0.000000,-0.010576,0.030686,1,0.000000,0.000000,6,0.000000
18.626910,coast,0.000000,-0.010397,0.030686,1,0.000000,0.000000,6,0.000000
18.630151,coast,0.000000,-0.010246,0.033350,1,0.000000,0.000000,6,0.000000
18.633364,coast,0.000000,-0.010092,0.036548,1,0.000000,0.000000,6,0.000000
18.636876,coast,0.000000,-0.009911,0.037614,1,0.000000,0.000000,6,0.000000
18.640280,coast,0.000000,-0.009750,0.039746,1,0.000000,0.000000,6,0.000000
18.643720,coast,0.000000,-0.009558,0.040012,1,0.000000,0.000000,6,0.000000
18.646930,coast,0.000000,-0.009423,0.042144,1,0.000000,0.000000,6,0.000000
18.650454,coast,0.000000,-0.009204,0.044542,1,0.000000,0.000000,6,0.000000
18.652896,coast,0.000000,-0.009057,0.045075,1,0.000000,0.000000,6,0.000000
18.655320,coast,0.000000,-0.008910,0.045075,1,0.000000,0.000000,6,0.000000
18.657970,coast,0.000000,-0.008759,0.046407,1,0.000000,0.000000,6,0.000000
18.660762,coast,0.000000,-0.008583,0.046407,1,0.000000,0.000000,6,0.000000
18.663514,coast,0.000000,-0.008425,0.050671,1,0.000000,0.000000,6,0.000000
18.666271,coast,0.000000,-0.008231,0.048272,1,0.000000,0.000000,6,0.000000
18.669000,coast,0.000000,-0.008070,0.049338,1,0.000000,0.000000,6,0.000000
18.672128,coast,0.000000,-0.007871,0.050671,1,0.000000,0.000000,6,0.000000
18.675318,coast,0.000000,-0.007696,0.053069,1,0.000000,0.000000,6,0.000000
18.678491,coast,0.000000,-0.007511,0.051203,1,0.000000,0.000000,6,0.000000
18.681465,coast,0.000000,-0.007312,0.053069,1,0.000000,0.000000,6,0.000000
18.684401,coast,0.000000,-0.007144,0.054135,1,0.000000,0.000000,6,0.000000
18.687361,coast,0.000000,-0.006980,0.053335,1,0.000000,0.000000,6,0.000000
18.690296,coast,0.000000,-0.006803,0.054135,1,0.000000,0.000000,6,0.000000
18.693237,coast,0.000000,-0.006604,0.053335,1,0.000000,0.000000,6,0.000000
18.696324,coast,0.000000,-0.006425,0.053335,1,0.000000,0.000000,6,0.000000
18.699261,coast,0.000000,-0.006251,0.052003,1,0.000000,0.000000,6,0.000000
18.702213,coast,0.000000,-0.006059,0.055467,1,0.000000,0.000000,6,0.000000
18.705172,coast,0.000000,-0.005873,0.054934,1,0.000000,0.000000,6,0.000000
18.708313,coast,0.000000,-0.005656,0.057332,1,0.000000,0.000000,6,0.000000
18.711223,coast,0.000000,-0.005470,0.056000,1,0.000000,0.000000,6,0.000000
18.714212,coast,0.000000,-0.005302,0.056533,1,0.000000,0.000000,6,0.000000
18.717177,coast,0.000000,-0.005108,0.057066,1,0.000000,0.000000,6,0.000000
18.720679,coast,0.000000,-0.004926,0.057599,1,0.000000,0.000000,6,0.000000
18.723856,coast,0.000000,-0.004739,0.056266,1,0.000000,0.000000,6,0.000000
18.727040,coast,0.000000,-0.004534,0.058131,1,0.000000,0.000000,6,0.000000
18.730273,coast,0.000000,-0.004322,0.059197,1,0.000000,0.000000,6,0.000000
18.733479,coast,0.000000,-0.004148,0.057332,1,0.000000,0.000000,6,0.000000
18.736669,coast,0.000000,-0.003956,0.058398,1,0.000000,0.000000,6,0.000000
18.739830,coast,0.000000,-0.003744,0.058931,1,0.000000,0.000000,6,0.000000
18.742763,coast,0.000000,-0.003576,0.057865,1,0.000000,0.000000,6,0.000000
18.746050,coast,0.000000,-0.003358,0.060263,1,0.000000,0.000000,6,0.000000
18.748987,coast,0.000000,-0.003166,0.058398,1,0.000000,0.000000,6,0.000000
18.752516,coast,0.000000,-0.002972,0.059197,1,0.000000,0.000000,6,0.000000
18.756024,coast,0.000000,-0.002755,0.059197,1,0.000000,0.000000,6,0.000000
18.759212,coast,0.000000,-0.002552,0.058664,1,0.000000,0.000000,6,0.000000
18.762635,coast,0.000000,-0.002317,0.058131,1,0.000000,0.000000,6,0.000000
18.766197,coast,0.000000,-0.002135,0.057865,1,0.000000,0.000000,6,0.000000
18.769387,coast,0.000000,-0.001973,0.059730,1,0.000000,0.000000,6,0.000000
18.772502,coast,0.000000,-0.001799,0.060263,1,0.000000,0.000000,6,0.000000
18.775507,coast,0.000000,-0.001648,0.057865,1,0.000000,0.000000,6,0.000000
18.778478,coast,0.000000,-0.001475,0.057865,1,0.000000,0.000000,6,0.000000
18.781401,coast,0.000000,-0.001306,0.056000,1,0.000000,0.000000,6,0.000000
18.784319,coast,0.000000,-0.001152,0.058398,1,0.000000,0.000000,6,0.000000
18.787265,coast,0.000000,-0.001001,0.054934,1,0.000000,0.000000,6,0.000000
18.790229,coast,0.000000,-0.000819,0.057066,1,0.000000,0.000000,6,0.000000
18.793201,coast,0.000000,-0.000648,0.057599,1,0.000000,0.000000,6,0.000000
18.796291,coast,0.000000,-0.000534,0.056266,1,0.000000,0.000000,6,0.000000
18.799212,coast,0.000000,-0.000367,0.055467,1,0.000000,0.000000,6,0.000000
18.802316,coast,0.000000,-0.000211,0.054934,1,0.000000,0.000000,6,0.000000
18.805270,coast,0.000000,-0.000067,0.055200,1,0.000000,0.000000,6,0.000000
18.808237,coast,0.000000,0.000111,0.057865,1,0.000000,0.000000,6,0.000000
18.811186,coast,0.000000,0.000269,0.055200,1,0.000000,0.000000,6,0.000000
18.814283,coast,0.000000,0.000442,0.056000,1,0.000000,0.000000,6,0.000000
18.817275,coast,0.000000,0.000605,0.053335,1,0.000000,0.000000,6,0.000000
18.820305,coast,0.000000,0.000772,0.051470,1,0.000000,0.000000,6,0.000000
18.823558,coast,0.000000,0.000934,0.052802,1,0.000000,0.000000,6,0.000000
18.827087,coast,0.000000,0.001113,0.050138,1,0.000000,0.000000,6,0.000000
18.830585,coast,0.000000,0.001256,0.048006,1,0.000000,0.000000,6,0.000000
18.833338,coast,0.000000,0.001390,0.049605,1,0.000000,0.000000,6,0.000000
18.836101,coast,0.000000,0.001535,0.051203,1,0.000000,0.000000,6,0.000000
18.838871,coast,0.000000,0.001624,0.047206,1,0.000000,0.000000,6,0.000000
18.841880,coast,0.000000,0.001767,0.047206,1,0.000000,0.000000,6,0.000000
18.845097,coast,0.000000,0.001904,0.045341,1,0.000000,0.000000,6,0.000000
18.848629,coast,0.000000,0.002044,0.045874,1,0.000000,0.000000,6,0.000000
18.851974,coast,0.000000,0.002157,0.043742,1,0.000000,0.000000,6,0.000000
18.854916,coast,0.000000,0.002240,0.044009,1,0.000000,0.000000,6,0.000000
18.857893,coast,0.000000,0.002364,0.040545,1,0.000000,0.000000,6,0.000000
18.860819,coast,0.000000,0.002491,0.042144,1,0.000000,0.000000,6,0.000000
18.863643,coast,0.000000,0.002591,0.039479,1,0.000000,0.000000,6,0.000000
18.866390,coast,0.000000,0.002681,0.041078,1,0.000000,0.000000,6,0.000000
18.869107,coast,0.000000,0.002770,0.040278,1,0.000000,0.000000,6,0.000000
18.871891,coast,0.000000,0.002832,0.036282,1,0.000000,0.000000,6,0.000000
18.875307,coast,0.000000,0.002961,0.039479,1,0.000000,0.000000,6,0.000000
18.878043,coast,0.000000,0.003053,0.037614,1,0.000000,0.000000,6,0.000000
18.880803,coast,0.000000,0.003150,0.038147,1,0.000000,0.000000,6,0.000000
18.883747,coast,0.000000,0.003211,0.036282,1,0.000000,0.000000,6,0.000000
18.886702,coast,0.000000,0.003302,0.033617,1,0.000000,0.000000,6,0.000000
18.889708,coast,0.000000,0.003410,0.035216,1,0.000000,0.000000,6,0.000000
18.892666,coast,0.000000,0.003457,0.029087,1,0.000000,0.000000,6,0.000000
18.895621,coast,0.000000,0.003521,0.032551,1,0.000000,0.000000,6,0.000000
18.898576,coast,0.000000,0.003562,0.029354,1,0.000000,0.000000,6,0.000000
18.901603,coast,0.000000,0.003651,0.030686,1,0.000000,0.000000,6,0.000000
18.904803,coast,0.000000,0.003734,0.028288,1,0.000000,0.000000,6,0.000000
18.908620,coast,0.000000,0.003857,0.027222,1,0.000000,0.000000,6,0.000000
18.912100,coast,0.000000,0.003911,0.025623,1,0.000000,0.000000,6,0.000000
18.915335,coast,0.000000,0.003973,0.023758,1,0.000000,0.000000,6,0.000000
18.918475,coast,0.000000,0.004006,0.025090,1,0.000000,0.000000,6,0.000000
18.921894,coast,0.000000,0.004081,0.021626,1,0.000000,0.000000,6,0.000000
18.925357,coast,0.000000,0.004121,0.020027,1,0.000000,0.000000,6,0.000000
18.928538,coast,0.000000,0.004174,0.021093,1,0.000000,0.000000,6,0.000000
18.931893,coast,0.000000,0.004212,0.018162,1,0.000000,0.000000,6,0.000000
18.935102,coast,0.000000,0.004254,0.018429,1,0.000000,0.000000,6,0.000000
18.938306,coast,0.000000,0.004281,0.015231,1,0.000000,0.000000,6,0.000000
18.941232,coast,0.000000,0.004318,0.015764,1,0.000000,0.000000,6,0.000000
18.944325,coast,0.000000,0.004334,0.013899,1,0.000000,0.000000,6,0.000000
18.947267,coast,0.000000,0.004366,0.012566,1,0.000000,0.000000,6,0.000000
18.950222,coast,0.000000,0.004348,0.012300,1,0.000000,0.000000,6,0.000000
18.953195,coast,0.000000,0.004389,0.011234,1,0.000000,0.000000,6,0.000000
18.956310,coast,0.000000,0.004391,0.008303,1,0.000000,0.000000,6,0.000000
18.959298,coast,0.000000,0.004370,0.008836,1,0.000000,0.000000,6,0.000000
18.962299,coast,0.000000,0.004368,0.005905,1,0.000000,0.000000,6,0.000000
18.965264,coast,0.000000,0.004365,0.005905,1,0.000000,0.000000,6,0.000000
18.968213,coast,0.000000,0.004371,0.003240,1,0.000000,0.000000,6,0.000000
18.971185,coast,0.000000,0.004343,0.002441,1,0.000000,0.000000,6,0.000000
18.974553,coast,0.000000,0.004330,0.001108,1,0.000000,0.000000,6,0.000000
18.977516,coast,0.000000,0.004313,0.000576,1,0.000000,0.000000,6,0.000000
18.980512,coast,0.000000,0.004314,-0.000757,1,0.000000,0.000000,6,0.000000
18.983602,coast,0.000000,0.004299,-0.002089,1,0.000000,0.000000,6,0.000000
18.986790,coast,0.000000,0.004295,-0.002356,1,0.000000,0.000000,6,0.000000
18.989957,coast,0.000000,0.004271,-0.004754,1,0.000000,0.000000,6,0.000000
18.993048,coast,0.000000,0.004226,-0.006885,1,0.000000,0.000000,6,0.000000
18.996015,coast,0.000000,0.004173,-0.007152,1,0.000000,0.000000,6,0.000000
18.999224,coast,0.000000,0.004134,-0.009550,1,0.000000,0.000000,6,0.000000
19.002623,coast,0.000000,0.004086,-0.010882,1,0.000000,0.000000,6,0.000000
19.006156,coast,0.000000,0.004044,-0.011149,1,0.000000,0.000000,6,0.000000
19.009127,coast,0.000000,0.003975,-0.011948,1,0.000000,0.000000,6,0.000000
19.012551,coast,0.000000,0.003893,-0.014346,1,0.000000,0.000000,6,0.000000
19.015311,coast,0.000000,0.003837,-0.013014,1,0.000000,0.000000,6,0.000000
19.018080,coast,0.000000,0.003754,-0.014879,1,0.000000,0.000000,6,0.000000
19.020819,coast,0.000000,0.003694,-0.015679,1,0.000000,0.000000,6,0.000000
19.023710,coast,0.000000,0.003609,-0.018077,1,0.000000,0.000000,6,0.000000
19.026692,coast,0.000000,0.003557,-0.018610,1,0.000000,0.000000,6,0.000000
19.029658,coast,0.000000,0.003507,-0.020475,1,0.000000,0.000000,6,0.000000
19.032622,coast,0.000000,0.003435,-0.022607,1,0.000000,0.000000,6,0.000000
19.035916,coast,0.000000,0.003389,-0.023673,1,0.000000,0.000000,6,0.000000
19.038871,coast,0.000000,0.003308,-0.021541,1,0.000000,0.000000,6,0.000000
19.041968,coast,0.000000,0.003207,-0.022340,1,0.000000,0.000000,6,0.000000
19.044723,coast,0.000000,0.003133,-0.025271,1,0.000000,0.000000,6,0.000000
19.047458,coast,0.000000,0.003079,-0.024205,1,0.000000,0.000000,6,0.000000
19.050774,coast,0.000000,0.002974,-0.026071,1,0.000000,0.000000,6,0.000000
19.053716,coast,0.000000,0.002891,-0.027403,1,0.000000,0.000000,6,0.000000
19.056890,coast,0.000000,0.002789,-0.026870,1,0.000000,0.000000,6,0.000000
19.059931,coast,0.000000,0.002680,-0.028469,1,0.000000,0.000000,6,0.000000
19.062903,coast,0.000000,0.002575,-0.026604,1,0.000000,0.000000,6,0.000000
19.065838,coast,0.000000,0.002500,-0.029002,1,0.000000,0.000000,6,0.000000
19.068765,coast,0.000000,0.002428,-0.027137,1,0.000000,0.000000,6,0.000000
19.071722,coast,0.000000,0.002337,-0.031133,1,0.000000,0.000000,6,0.000000
19.074805,coast,0.000000,0.002272,-0.027403,1,0.000000,0.000000,6,0.000000
19.078067,coast,0.000000,0.002197,-0.029002,1,0.000000,0.000000,6,0.000000
19.081315,coast,0.000000,0.002110,-0.031400,1,0.000000,0.000000,6,0.000000
19.084882,coast,0.000000,0.002030,-0.026604,1,0.000000,0.000000,6,0.000000
19.088088,coast,0.000000,0.001965,-0.029002,1,0.000000,0.000000,6,0.000000
19.091317,coast,0.000000,0.001863,-0.028202,1,0.000000,0.000000,6,0.000000
19.094535,coast,0.000000,0.001781,-0.031400,1,0.000000,0.000000,6,0.000000
19.097505,coast,0.000000,0.001699,-0.031133,1,0.000000,0.000000,6,0.000000
19.100489,coast,0.000000,0.001630,-0.029535,1,0.000000,0.000000,6,0.000000
19.103465,coast,0.000000,0.001499,-0.030601,1,0.000000,0.000000,6,0.000000
19.106448,coast,0.000000,0.001434,-0.030068,1,0.000000,0.000000,6,0.000000
19.109407,coast,0.000000,0.001356,-0.030068,1,0.000000,0.000000,6,0.000000
19.112749,coast,0.000000,0.001271,-0.032199,1,0.000000,0.000000,6,0.000000
19.115734,coast,0.000000,0.001218,-0.029801,1,0.000000,0.000000,6,0.000000
19.118496,coast,0.000000,0.001147,-0.031666,1,0.000000,0.000000,6,0.000000
19.121206,coast,0.000000,0.001091,-0.030867,1,0.000000,0.000000,6,0.000000
19.124071,coast,0.000000,0.001028,-0.028469,1,0.000000,0.000000,6,0.000000
19.126841,coast,0.000000,0.000956,-0.029535,1,0.000000,0.000000,6,0.000000
19.129816,coast,0.000000,0.000912,-0.029268,1,0.000000,0.000000,6,0.000000
19.132562,coast,0.000000,0.000893,-0.028469,1,0.000000,0.000000,6,0.000000
19.135576,coast,0.000000,0.000850,-0.028735,1,0.000000,0.000000,6,0.000000
19.138796,coast,0.000000,0.000789,-0.029268,1,0.000000,0.000000,6,0.000000
19.142190,coast,0.000000,0.000711,-0.030068,1,0.000000,0.000000,6,0.000000
19.145284,coast,0.000000,0.000664,-0.027936,1,0.000000,0.000000,6,0.000000
19.148181,coast,0.000000,0.000633,-0.028469,1,0.000000,0.000000,6,0.000000
19.150912,coast,0.000000,0.000607,-0.026337,1,0.000000,0.000000,6,0.000000
19.153795,coast,0.000000,0.000557,-0.027403,1,0.000000,0.000000,6,0.000000
19.156849,coast,0.000000,0.000510,-0.022340,1,0.000000,0.000000,6,0.000000
19.160300,coast,0.000000,0.000486,-0.023939,1,0.000000,0.000000,6,0.000000
19.163238,coast,0.000000,0.000429,-0.025271,1,0.000000,0.000000,6,0.000000
19.166083,coast,0.000000,0.000392,-0.025804,1,0.000000,0.000000,6,0.000000
19.168844,coast,0.000000,0.000368,-0.025271,1,0.000000,0.000000,6,0.000000
19.171740,coast,0.000000,0.000349,-0.023939,1,0.000000,0.000000,6,0.000000
19.174527,coast,0.000000,0.000299,-0.024472,1,0.000000,0.000000,6,0.000000
19.177534,coast,0.000000,0.000250,-0.023140,1,0.000000,0.000000,6,0.000000
19.180513,coast,0.000000,0.000235,-0.021807,1,0.000000,0.000000,6,0.000000
19.183496,coast,0.000000,0.000179,-0.023673,1,0.000000,0.000000,6,0.000000
19.186341,coast,0.000000,0.000187,-0.019143,1,0.000000,0.000000,6,0.000000
19.189070,coast,0.000000,0.000178,-0.022074,1,0.000000,0.000000,6,0.000000
19.191819,coast,0.000000,0.000145,-0.018343,1,0.000000,0.000000,6,0.000000
19.194550,coast,0.000000,0.000114,-0.019942,1,0.000000,0.000000,6,0.000000
19.197743,coast,0.000000,0.000089,-0.020475,1,0.000000,0.000000,6,0.000000
19.200912,coast,0.000000,0.000043,-0.018343,1,0.000000,0.000000,6,0.000000
19.204129,coast,0.000000,-0.000025,-0.016212,1,0.000000,0.000000,6,0.000000
19.207194,coast,0.000000,-0.000068,-0.019409,1,0.000000,0.000000,6,0.000000
19.210185,coast,0.000000,-0.000080,-0.017011,1,0.000000,0.000000,6,0.000000
19.213147,coast,0.000000,-0.000115,-0.016745,1,0.000000,0.000000,6,0.000000
19.216106,coast,0.000000,-0.000130,-0.016478,1,0.000000,0.000000,6,0.000000
19.219074,coast,0.000000,-0.000141,-0.015679,1,0.000000,0.000000,6,0.000000
19.222060,coast,0.000000,-0.000141,-0.018343,1,0.000000,0.000000,6,0.000000
19.225020,coast,0.000000,-0.000123,-0.013014,1,0.000000,0.000000,6,0.000000
19.227997,coast,0.000000,-0.000116,-0.016478,1,0.000000,0.000000,6,0.000000
19.230956,coast,0.000000,-0.000143,-0.015679,1,0.000000,0.000000,6,0.000000
19.233914,coast,0.000000,-0.000128,-0.008484,1,0.000000,0.000000,6,0.000000
19.236889,coast,0.000000,-0.000112,-0.011415,1,0.000000,0.000000,6,0.000000
19.240063,coast,0.000000,-0.000119,-0.011415,1,0.000000,0.000000,6,0.000000
19.243064,coast,0.000000,-0.000084,-0.009017,1,0.000000,0.000000,6,0.000000
19.246003,coast,0.000000,-0.000077,-0.011682,1,0.000000,0.000000,6,0.000000
19.248986,coast,0.000000,-0.000089,-0.010882,1,0.000000,0.000000,6,0.000000
19.251917,coast,0.000000,-0.000109,-0.010616,1,0.000000,0.000000,6,0.000000
19.254859,coast,0.000000,-0.000111,-0.008218,1,0.000000,0.000000,6,0.000000
19.257810,coast,0.000000,-0.000092,-0.006352,1,0.000000,0.000000,6,0.000000
19.260754,coast,0.000000,-0.000090,-0.006619,1,0.000000,0.000000,6,0.000000
19.263688,coast,0.000000,-0.000081,-0.006352,1,0.000000,0.000000,6,0.000000
19.266670,coast,0.000000,-0.000028,-0.005020,1,0.000000,0.000000,6,0.000000
19.269828,coast,0.000000,-0.000009,-0.005287,1,0.000000,0.000000,6,0.000000
19.273016,coast,0.000000,-0.000010,-0.003688,1,0.000000,0.000000,6,0.000000
19.276296,coast,0.000000,0.000016,0.000043,1,0.000000,0.000000,6,0.000000
19.279235,coast,0.000000,0.000022,-0.001823,1,0.000000,0.000000,6,0.000000
19.282353,coast,0.000000,0.000037,-0.001556,1,0.000000,0.000000,6,0.000000
19.285284,coast,0.000000,0.000057,0.000043,1,0.000000,0.000000,6,0.000000
19.288513,coast,0.000000,0.000092,-0.000490,1,0.000000,0.000000,6,0.000000
19.291669,coast,0.000000,0.000132,0.000309,1,0.000000,0.000000,6,0.000000
19.294819,coast,0.000000,0.000172,-0.001290,1,0.000000,0.000000,6,0.000000
19.297941,coast,0.000000,0.000168,0.001108,1,0.000000,0.000000,6,0.000000
19.300888,coast,0.000000,0.000208,0.000842,1,0.000000,0.000000,6,0.000000
19.303829,coast,0.000000,0.000228,0.001641,1,0.000000,0.000000,6,0.000000
19.306755,coast,0.000000,0.000254,0.002441,1,0.000000,0.000000,6,0.000000
19.309698,coast,0.000000,0.000277,0.001108,1,0.000000,0.000000,6,0.000000
19.312638,coast,0.000000,0.000302,0.003240,1,0.000000,0.000000,6,0.000000
19.315574,coast,0.000000,0.000314,0.002174,1,0.000000,0.000000,6,0.000000
19.318567,coast,0.000000,0.000328,0.002174,1,0.000000,0.000000,6,0.000000
19.321737,coast,0.000000,0.000356,0.004839,1,0.000000,0.000000,6,0.000000
19.324908,coast,0.000000,0.000380,0.004306,1,0.000000,0.000000,6,0.000000
19.328122,step,0.250000,0.000399,0.002707,1,0.000000,0.000000,7,0.250000
19.331110,step,0.250000,0.000445,0.004040,1,0.000000,0.000000,7,0.250000
19.334447,step,0.250000,0.000485,0.005372,1,0.000000,0.000000,7,0.250000
19.337688,step,0.250000,0.000539,0.007237,-1,0.000000,0.000000,7,0.250000
19.340482,step,0.250000,0.000563,-0.000224,-1,0.000000,0.000000,7,0.250000
19.343228,step,0.250000,0.001610,-0.026870,-3,0.000000,0.000000,7,0.250000
19.346017,step,0.250000,0.003820,-0.072702,-3,0.000000,0.000000,7,0.250000
19.348892,step,0.250000,0.001257,0.183902,-3,0.000000,0.000000,7,0.250000
19.351884,step,0.250000,0.004151,0.164716,-3,0.000000,0.000000,7,0.250000
19.354839,step,0.250000,0.006859,0.208949,-3,0.000000,0.000000,7,0.250000
19.357824,step,0.250000,0.006957,0.226536,-3,0.000000,0.000000,7,0.250000
19.360771,step,0.250000,0.010299,0.237994,-3,0.000000,0.000000,7,0.250000
19.363829,step,0.250000,0.010856,0.262242,-3,0.000000,0.000000,7,0.250000
19.366776,step,0.250000,0.011874,0.276098,-3,0.000000,0.000000,7,0.250000
19.369629,step,0.250000,0.014006,0.310205,-3,0.000000,0.000000,7,0.250000
19.372445,step,0.250000,0.014620,0.302211,-3,0.000000,0.000000,7,0.250000
19.375502,step,0.250000,0.016445,0.320064,-3,0.000000,0.000000,7,0.250000
19.378310,step,0.250000,0.017087,0.352839,-4,0.000000,0.000000,7,0.250000
19.381263,step,0.250000,0.019040,0.350974,-4,0.000000,0.000000,7,0.250000
19.384580,step,0.250000,0.020812,0.376288,-4,0.000000,0.000000,7,0.250000
19.387529,step,0.250000,0.022027,0.391476,-4,0.000000,0.000000,7,0.250000
19.390675,step,0.250000,0.024251,0.405599,-4,0.000000,0.000000,7,0.250000
19.393865,step,0.250000,0.025662,0.431445,-4,0.000000,0.000000,7,0.250000
19.397089,step,0.250000,0.027301,0.438906,-4,0.000000,0.000000,7,0.250000
19.400196,step,0.250000,0.029269,0.451430,-4,0.000000,0.000000,7,0.250000
19.403189,step,0.250000,0.030961,0.474612,-4,0.000000,0.000000,7,0.250000
19.406162,step,0.250000,0.032818,0.488735,-4,0.000000,0.000000,7,0.250000
19.409154,step,0.250000,0.034735,0.501259,-5,0.000000,0.000000,7,0.250000
19.411969,step,0.250000,0.036437,0.515381,-5,0.000000,0.000000,7,0.250000
19.414721,step,0.250000,0.038135,0.528171,-5,0.000000,0.000000,7,0.250000
19.417464,step,0.250000,0.039853,0.536698,-5,0.000000,0.000000,7,0.250000
19.420233,step,0.250000,0.041609,0.543093,-5,0.000000,0.000000,7,0.250000
19.423268,step,0.250000,0.043426,0.555350,-5,0.000000,0.000000,7,0.250000
19.426492,step,0.250000,0.045369,0.558548,-5,0.000000,0.000000,7,0.250000
19.429409,step,0.250000,0.047200,0.562545,-5,0.000000,0.000000,7,0.250000
19.432318,step,0.250000,0.048928,0.568407,-5,0.000000,0.000000,7,0.250000
19.435236,step,0.250000,0.050788,0.571871,-6,0.000000,0.000000,7,0.250000
19.438235,step,0.250000,0.052615,0.582530,-6,0.000000,0.000000,7,0.250000
19.441293,step,0.250000,0.054591,0.589191,-6,0.000000,0.000000,7,0.250000
19.444734,step,0.250000,0.056834,0.593188,-6,0.000000,0.000000,7,0.250000
19.447923,step,0.250000,0.058995,0.601448,-6,0.000000,0.000000,7,0.250000
19.451040,step,0.250000,0.061140,0.622499,-6,0.000000,0.000000,7,0.250000
19.454040,step,0.250000,0.063307,0.638753,-7,0.000000,0.000000,7,0.250000
19.457009,step,0.250000,0.065490,0.637421,-7,0.000000,0.000000,7,0.250000
19.460366,step,0.250000,0.067971,0.649678,-7,0.000000,0.000000,7,0.250000
19.463309,step,0.250000,0.070153,0.668064,-7,0.000000,0.000000,7,0.250000
19.466272,step,0.250000,0.072300,0.675259,-7,0.000000,0.000000,7,0.250000
19.469198,step,0.250000,0.074660,0.684851,-7,0.000000,0.000000,7,0.250000
19.472703,step,0.250000,0.077268,0.696576,-8,0.000000,0.000000,7,0.250000
19.475937,step,0.250000,0.079696,0.706968,-8,0.000000,0.000000,7,0.250000
19.479402,step,0.250000,0.082416,0.714162,-8,0.000000,0.000000,7,0.250000
19.482408,step,0.250000,0.084714,0.729617,-8,0.000000,0.000000,7,0.250000
19.485625,step,0.250000,0.087175,0.732282,-8,0.000000,0.000000,7,0.250000
19.488553,step,0.250000,0.089484,0.741075,-8,0.000000,0.000000,7,0.250000
19.491475,step,0.250000,0.091727,0.743207,-8,0.000000,0.000000,7,0.250000
19.494478,step,0.250000,0.094101,0.740275,-9,0.000000,0.000000,7,0.250000
19.497437,step,0.250000,0.096206,0.752799,-9,0.000000,0.000000,7,0.250000
19.500506,step,0.250000,0.098512,0.758661,-9,0.000000,0.000000,7,0.250000
19.503546,step,0.250000,0.100870,0.751733,-9,0.000000,0.000000,7,0.250000
19.506606,step,0.250000,0.103299,0.742407,-9,0.000000,0.000000,7,0.250000
19.509584,step,0.250000,0.105485,0.754664,-10,0.000000,0.000000,7,0.250000
19.512407,step,0.250000,0.107713,0.779978,-10,0.000000,0.000000,7,0.250000
19.515112,step,0.250000,0.110137,0.787972,-10,0.000000,0.000000,7,0.250000
19.517909,step,0.250000,0.112441,0.770919,-10,0.000000,0.000000,7,0.250000
19.520654,step,0.250000,0.114631,0.776781,-10,0.000000,0.000000,7,0.250000
19.523655,step,0.250000,0.116933,0.794101,-11,0.000000,0.000000,7,0.250000
19.526617,step,0.250000,0.119526,0.806625,-11,0.000000,0.000000,7,0.250000
19.529586,step,0.250000,0.122154,0.798631,-11,0.000000,0.000000,7,0.250000
19.532541,step,0.250000,0.124409,0.803693,-12,0.000000,0.000000,7,0.250000
19.535506,step,0.250000,0.126901,0.816217,-12,0.000000,0.000000,7,0.250000
19.538725,step,0.250000,0.129555,0.820747,-12,0.000000,0.000000,7,0.250000
19.541648,step,0.250000,0.131843,0.807158,-12,0.000000,0.000000,7,0.250000
19.544605,step,0.250000,0.134151,0.803161,-12,0.000000,0.000000,7,0.250000
19.547554,step,0.250000,0.136305,0.801562,-12,0.000000,0.000000,7,0.250000
19.550508,step,0.250000,0.138555,0.809822,-12,0.000000,0.000000,7,0.250000
19.553590,step,0.250000,0.140985,0.800496,-13,0.000000,0.000000,7,0.250000
19.556798,step,0.250000,0.143513,0.783442,-13,0.000000,0.000000,7,0.250000
19.559665,step,0.250000,0.145502,0.797298,-13,0.000000,0.000000,7,0.250000
19.562415,step,0.250000,0.147673,0.807957,-13,0.000000,0.000000,7,0.250000
19.565150,step,0.250000,0.149943,0.800762,-13,0.000000,0.000000,7,0.250000
19.568215,step,0.250000,0.152438,0.789837,-14,0.000000,0.000000,7,0.250000
19.570949,step,0.250000,0.154362,0.793834,-14,0.000000,0.000000,7,0.250000
19.573861,step,0.250000,0.156612,0.799430,-14,0.000000,0.000000,7,0.250000
19.576839,step,0.250000,0.159054,0.801828,-14,0.000000,0.000000,7,0.250000
19.579848,step,0.250000,0.161374,0.791436,-14,0.000000,0.000000,7,0.250000
19.582787,step,0.250000,0.163638,0.793568,-14,0.000000,0.000000,7,0.250000
19.585581,step,0.250000,0.165665,0.799430,-14,0.000000,0.000000,7,0.250000
19.588324,step,0.250000,0.167951,0.796233,-15,0.000000,0.000000,7,0.250000
19.591036,step,0.250000,0.169892,0.790903,-15,0.000000,0.000000,7,0.250000
19.593946,step,0.250000,0.171881,0.786107,-15,0.000000,0.000000,7,0.250000
19.596922,step,0.250000,0.174129,0.780511,-15,0.000000,0.000000,7,0.250000
19.599926,step,0.250000,0.176044,0.770119,-16,0.000000,0.000000,7,0.250000
19.603271,step,0.250000,0.178403,0.763458,-16,0.000000,0.000000,7,0.250000
19.606281,step,0.250000,0.180406,0.759461,-16,0.000000,0.000000,7,0.250000
19.609206,step,0.250000,0.182304,0.737877,-16,0.000000,0.000000,7,0.250000
19.612141,step,0.250000,0.184181,0.731216,-16,0.000000,0.000000,7,0.250000
19.614609,step,0.250000,0.185772,0.731749,-16,0.000000,0.000000,7,0.250000
19.616682,step,0.250000,0.187053,0.732282,-16,0.000000,0.000000,7,0.250000
19.618774,step,0.250000,0.188363,0.735479,-17,0.000000,0.000000,7,0.250000
19.620857,step,0.250000,0.189862,0.725620,-17,0.000000,0.000000,7,0.250000
19.624144,step,0.250000,0.191979,0.714162,-17,0.000000,0.000000,7,0.250000
19.626536,step,0.250000,0.193574,0.707501,-17,0.000000,0.000000,7,0.250000
19.628945,step,0.250000,0.194856,0.710165,-17,0.000000,0.000000,7,0.250000
19.631458,step,0.250000,0.196562,0.708833,-18,0.000000,0.000000,7,0.250000
19.634055,step,0.250000,0.198252,0.700572,-18,0.000000,0.000000,7,0.250000
19.636527,step,0.250000,0.199830,0.686983,-18,0.000000,0.000000,7,0.250000
19.638929,step,0.250000,0.201172,0.685118,-18,0.000000,0.000000,7,0.250000
19.642359,step,0.250000,0.203229,0.682720,-18,0.000000,0.000000,7,0.250000
19.644967,step,0.250000,0.204832,0.673926,-18,0.000000,0.000000,7,0.250000
19.647369,step,0.250000,0.206208,0.659004,-18,0.000000,0.000000,7,0.250000
19.649867,step,0.250000,0.207438,0.647280,-18,0.000000,0.000000,7,0.250000
19.652039,step,0.250000,0.208348,0.642750,-18,0.000000,0.000000,7,0.250000
19.654297,step,0.250000,0.209354,0.630226,-19,0.000000,0.000000,7,0.250000
19.656449,step,0.250000,0.210409,0.619834,-19,0.000000,0.000000,7,0.250000
19.658673,step,0.250000,0.211343,0.605179,-19,0.000000,0.000000,7,0.250000
19.660864,step,0.250000,0.212282,0.598251,-19,0.000000,0.000000,7,0.250000
19.663137,step,0.250000,0.213127,0.586793,-19,0.000000,0.000000,7,0.250000
19.665367,step,0.250000,0.214030,0.575335,-19,0.000000,0.000000,7,0.250000
19.667692,step,0.250000,0.214973,0.560413,-19,0.000000,0.000000,7,0.250000
19.670019,step,0.250000,0.215893,0.549488,-19,0.000000,0.000000,7,0.250000
19.672200,step,0.250000,0.216627,0.543093,-19,0.000000,0.000000,7,0.250000
19.674397,step,0.250000,0.217542,0.534566,-20,0.000000,0.000000,7,0.250000
19.676803,step,0.250000,0.218531,0.528438,-20,0.000000,0.000000,7,0.250000
19.678983,step,0.250000,0.219325,0.524974,-20,0.000000,0.000000,7,0.250000
19.681550,step,0.250000,0.220462,0.514582,-20,0.000000,0.000000,7,0.250000
19.683912,step,0.250000,0.221363,0.505788,-20,0.000000,0.000000,7,0.250000
19.686406,step,0.250000,0.222432,0.492465,-20,0.000000,0.000000,7,0.250000
19.689069,step,0.250000,0.223324,0.487935,-20,0.000000,0.000000,7,0.250000
19.691561,step,0.250000,0.224376,0.480741,-20,0.000000,0.000000,7,0.250000
19.693863,step,0.250000,0.225160,0.470082,-20,0.000000,0.000000,7,0.250000
19.696150,step,0.250000,0.225927,0.464487,-20,0.000000,0.000000,7,0.250000
19.698453,step,0.250000,0.226686,0.455427,-21,0.000000,0.000000,7,0.250000
19.700719,step,0.250000,0.227468,0.447433,-21,0.000000,0.000000,7,0.250000
19.703009,step,0.250000,0.228195,0.439439,-21,0.000000,0.000000,7,0.250000
19.705602,step,0.250000,0.228999,0.437840,-21,0.000000,0.000000,7,0.250000
19.708364,step,0.250000,0.229862,0.419987,-21,0.000000,0.000000,7,0.250000
19.711087,step,0.250000,0.230769,0.407464,-21,0.000000,0.000000,7,0.250000
19.713852,step,0.250000,0.231414,0.400802,-21,0.000000,0.000000,7,0.250000
19.716832,step,0.250000,0.232322,0.386413,-21,0.000000,0.000000,7,0.250000
19.719769,step,0.250000,0.232961,0.378686,-21,0.000000,0.000000,7,0.250000
19.722691,step,0.250000,0.233746,0.358968,-21,0.000000,0.000000,7,0.250000
19.725895,step,0.250000,0.234488,0.345378,-21,0.000000,0.000000,7,0.250000
19.728846,step,0.250000,0.235041,0.329923,-22,0.000000,0.000000,7,0.250000
19.731855,step,0.250000,0.235637,0.312603,-22,0.000000,0.000000,7,0.250000
19.734835,step,0.250000,0.236102,0.294484,-22,0.000000,0.000000,7,0.250000
19.738045,step,0.250000,0.236494,0.276364,-22,0.000000,0.000000,7,0.250000
19.741316,step,0.250000,0.237021,0.260376,-22,0.000000,0.000000,7,0.250000
19.744911,step,0.250000,0.237493,0.241991,-22,0.000000,0.000000,7,0.250000
19.747894,step,0.250000,0.237650,0.223072,-22,0.000000,0.000000,7,0.250000
19.750827,step,0.250000,0.237915,0.200689,-22,0.000000,0.000000,7,0.250000
19.753773,step,0.250000,0.237973,0.185767,-22,0.000000,0.000000,7,0.250000
19.756940,step,0.250000,0.238068,0.171911,-22,0.000000,0.000000,7,0.250000
19.760137,step,0.250000,0.238126,0.150594,-22,0.000000,0.000000,7,0.250000
19.763344,step,0.250000,0.238042,0.127145,-22,0.000000,0.000000,7,0.250000
19.766502,step,0.250000,0.237925,0.111690,-22,0.000000,0.000000,7,0.250000
19.769699,step,0.250000,0.237798,0.090640,-22,0.000000,0.000000,7,0.250000
19.772894,step,0.250000,0.237472,0.065326,-22,0.000000,0.000000,7,0.250000
19.775979,step,0.250000,0.237158,0.045341,-22,0.000000,0.000000,7,0.250000
19.778957,step,0.250000,0.236704,0.023225,-22,0.000000,0.000000,7,0.250000
19.781911,step,0.250000,0.236244,0.000842,-22,0.000000,0.000000,7,0.250000
19.784861,step,0.250000,0.235749,-0.019143,-22,0.000000,0.000000,7,0.250000
19.787847,step,0.250000,0.235146,-0.037795,-22,0.000000,0.000000,7,0.250000
19.790762,step,0.250000,0.234623,-0.056181,-22,0.000000,0.000000,7,0.250000
19.793723,step,0.250000,0.233982,-0.075633,-22,0.000000,0.000000,7,0.250000
19.796665,step,0.250000,0.233366,-0.088156,-22,0.000000,0.000000,7,0.250000
19.799831,step,0.250000,0.232736,-0.106276,-22,0.000000,0.000000,7,0.250000
19.803079,step,0.250000,0.232123,-0.118267,-22,0.000000,0.000000,7,0.250000
19.806225,step,0.250000,0.231559,-0.131057,-22,0.000000,0.000000,7,0.250000
19.809218,step,0.250000,0.231007,-0.141982,-22,0.000000,0.000000,7,0.250000
19.812219,step,0.250000,0.230485,-0.147045,-22,0.000000,0.000000,7,0.250000
19.815165,step,0.250000,0.230067,-0.152907,-22,0.000000,0.000000,7,0.250000
19.818291,step,0.250000,0.229624,-0.155305,-22,0.000000,0.000000,7,0.250000
19.821274,step,0.250000,0.229334,-0.156904,-22,0.000000,0.000000,7,0.250000
19.824297,step,0.250000,0.229036,-0.155039,-22,0.000000,0.000000,7,0.250000
19.827287,step,0.250000,0.228846,-0.149176,-22,0.000000,0.000000,7,0.250000
19.830330,step,0.250000,0.228714,-0.142248,-22,0.000000,0.000000,7,0.250000
19.833278,step,0.250000,0.228607,-0.131856,-22,0.000000,0.000000,7,0.250000
19.836227,step,0.250000,0.228637,-0.120665,-22,0.000000,0.000000,7,0.250000
19.839175,step,0.250000,0.228619,-0.119066,-22,0.000000,0.000000,7,0.250000
19.842526,step,0.250000,0.228643,-0.104677,-22,0.000000,0.000000,7,0.250000
19.845844,step,0.250000,0.228709,-0.097483,-22,0.000000,0.000000,7,0.250000
19.848831,step,0.250000,0.228873,-0.087091,-22,0.000000,0.000000,7,0.250000
19.851876,step,0.250000,0.229091,-0.077764,-22,0.000000,0.000000,7,0.250000
19.854819,step,0.250000,0.229272,-0.062843,-22,0.000000,0.000000,7,0.250000
19.857914,step,0.250000,0.229543,-0.050585,-22,0.000000,0.000000,7,0.250000
19.861124,step,0.250000,0.229847,-0.042858,-22,0.000000,0.000000,7,0.250000
19.864711,step,0.250000,0.230105,-0.030867,-22,0.000000,0.000000,7,0.250000
19.867823,step,0.250000,0.230301,-0.022873,-22,0.000000,0.000000,7,0.250000
19.870741,step,0.250000,0.230675,-0.016745,-22,0.000000,0.000000,7,0.250000
19.873799,step,0.250000,0.231014,-0.008751,-22,0.000000,0.000000,7,0.250000
19.876789,step,0.250000,0.231297,0.001375,-22,0.000000,0.000000,7,0.250000
19.880003,step,0.250000,0.231657,0.004839,-22,0.000000,0.000000,7,0.250000
19.883282,step,0.250000,0.231965,0.016563,-22,0.000000,0.000000,7,0.250000
19.886508,step,0.250000,0.232281,0.022692,-22,0.000000,0.000000,7,0.250000
19.889480,step,0.250000,0.232593,0.025090,-22,0.000000,0.000000,7,0.250000
19.892759,step,0.250000,0.232893,0.028821,-22,0.000000,0.000000,7,0.250000
19.895741,step,0.250000,0.233129,0.032285,-22,0.000000,0.000000,7,0.250000
19.898676,step,0.250000,0.233349,0.030419,-22,0.000000,0.000000,7,0.250000
19.901596,step,0.250000,0.233503,0.030419,-22,0.000000,0.000000,7,0.250000
19.904516,step,0.250000,0.233686,0.028821,-22,0.000000,0.000000,7,0.250000
19.907475,step,0.250000,0.233811,0.025889,-22,0.000000,0.000000,7,0.250000
19.910365,step,0.250000,0.233879,0.023758,-22,0.000000,0.000000,7,0.250000
19.913579,step,0.250000,0.233931,0.017629,-22,0.000000,0.000000,7,0.250000
19.916524,step,0.250000,0.233940,0.019761,-22,0.000000,0.000000,7,0.250000
19.919481,step,0.250000,0.233958,0.010168,-22,0.000000,0.000000,7,0.250000
19.922447,step,0.250000,0.233934,0.007237,-22,0.000000,0.000000,7,0.250000
19.925675,step,0.250000,0.233879,0.001108,-22,0.000000,0.000000,7,0.250000
19.928629,step,0.250000,0.233790,-0.003421,-22,0.000000,0.000000,7,0.250000
19.931569,step,0.250000,0.233716,-0.006352,-22,0.000000,0.000000,7,0.250000
19.934526,step,0.250000,0.233619,-0.016478,-22,0.000000,0.000000,7,0.250000
19.937525,step,0.250000,0.233540,-0.018876,-22,0.000000,0.000000,7,0.250000
19.940501,step,0.250000,0.233462,-0.024205,-22,0.000000,0.000000,7,0.250000
19.943462,step,0.250000,0.233369,-0.022607,-22,0.000000,0.000000,7,0.250000
19.946406,step,0.250000,0.233329,-0.027403,-22,0.000000,0.000000,7,0.250000
19.949451,step,0.250000,0.233290,-0.031133,-22,0.000000,0.000000,7,0.250000
19.952654,step,0.250000,0.233315,-0.027669,-22,0.000000,0.000000,7,0.250000
19.955863,step,0.250000,0.233331,-0.031133,-22,0.000000,0.000000,7,0.250000
19.959039,step,0.250000,0.233353,-0.030334,-22,0.000000,0.000000,7,0.250000
19.962300,step,0.250000,0.233387,-0.028469,-22,0.000000,0.000000,7,0.250000
19.965227,step,0.250000,0.233474,-0.024738,-22,0.000000,0.000000,7,0.250000
19.968550,step,0.250000,0.233580,-0.020741,-22,0.000000,0.000000,7,0.250000
19.971730,step,0.250000,0.233718,-0.017277,-22,0.000000,0.000000,7,0.250000
19.974883,step,0.250000,0.233871,-0.013280,-22,0.000000,0.000000,7,0.250000
19.978133,step,0.250000,0.234036,-0.011149,-22,0.000000,0.000000,7,0.250000
19.981315,step,0.250000,0.234227,-0.003688,-22,0.000000,0.000000,7,0.250000
19.984851,step,0.250000,0.234404,-0.000757,-22,0.000000,0.000000,7,0.250000
19.988104,step,0.250000,0.234594,0.000842,-22,0.000000,0.000000,7,0.250000
19.991061,step,0.250000,0.234803,0.004839,-22,0.000000,0.000000,7,0.250000
19.994041,step,0.250000,0.234998,0.009902,-22,0.000000,0.000000,7,0.250000
19.997083,step,0.250000,0.235176,0.009369,-22,0.000000,0.000000,7,0.250000
20.000361,step,0.250000,0.235361,0.013366,-22,0.000000,0.000000,7,0.250000
20.003549,step,0.250000,0.235508,0.013366,-22,0.000000,0.000000,7,0.250000
20.007169,step,0.250000,0.235627,0.012833,-22,0.000000,0.000000,7,0.250000
20.010716,step,0.250000,0.235755,0.011767,-22,0.000000,0.000000,7,0.250000
20.013707,step,0.250000,0.235838,0.010701,-22,0.000000,0.000000,7,0.250000
20.016655,step,0.250000,0.235900,0.005905,-22,0.000000,0.000000,7,0.250000
20.019632,step,0.250000,0.235937,0.003240,-22,0.000000,0.000000,7,0.250000
20.022417,step,0.250000,0.235939,0.002441,-22,0.000000,0.000000,7,0.250000
20.025150,step,0.250000,0.235922,-0.002622,-22,0.000000,0.000000,7,0.250000
20.028315,step,0.250000,0.235912,-0.001023,-22,0.000000,0.000000,7,0.250000
20.031127,step,0.250000,0.235876,-0.005820,-22,0.000000,0.000000,7,0.250000
20.034108,step,0.250000,0.235860,-0.007152,-22,0.000000,0.000000,7,0.250000
20.037067,step,0.250000,0.235833,-0.010083,-22,0.000000,0.000000,7,0.250000
20.040092,step,0.250000,0.235819,-0.016478,-22,0.000000,0.000000,7,0.250000
20.043352,step,0.250000,0.235771,-0.016212,-22,0.000000,0.000000,7,0.250000
20.046298,step,0.250000,0.235742,-0.019676,-22,0.000000,0.000000,7,0.250000
20.049496,step,0.250000,0.235740,-0.019676,-22,0.000000,0.000000,7,0.250000
20.052471,step,0.250000,0.235746,-0.018876,-22,0.000000,0.000000,7,0.250000
20.055417,step,0.250000,0.235770,-0.019676,-22,0.000000,0.000000,7,0.250000
20.058622,step,0.250000,0.235823,-0.021807,-22,0.000000,0.000000,7,0.250000
20.061476,step,0.250000,0.235873,-0.021274,-22,0.000000,0.000000,7,0.250000
20.064224,step,0.250000,0.235940,-0.015146,-22,0.000000,0.000000,7,0.250000
20.066975,step,0.250000,0.236040,-0.016212,-22,0.000000,0.000000,7,0.250000
20.069743,step,0.250000,0.236172,-0.013014,-22,0.000000,0.000000,7,0.250000
20.072970,step,0.250000,0.236291,-0.009017,-22,0.000000,0.000000,7,0.250000
20.075901,step,0.250000,0.236407,-0.009284,-22,0.000000,0.000000,7,0.250000
20.078867,step,0.250000,0.236548,-0.002888,-22,0.000000,0.000000,7,0.250000
20.081825,step,0.250000,0.236690,-0.002622,-22,0.000000,0.000000,7,0.250000
20.084755,step,0.250000,0.236819,-0.001556,-22,0.000000,0.000000,7,0.250000
20.087705,step,0.250000,0.236980,0.000842,-22,0.000000,0.000000,7,0.250000
20.090758,step,0.250000,0.237106,0.002707,-22,0.000000,0.000000,7,0.250000
20.093961,step,0.250000,0.237246,0.006171,-22,0.000000,0.000000,7,0.250000
20.097131,step,0.250000,0.237352,0.007237,-22,0.000000,0.000000,7,0.250000
20.100373,step,0.250000,0.237478,0.006971,-22,0.000000,0.000000,7,0.250000
20.103123,step,0.250000,0.237577,0.006704,-22,0.000000,0.000000,7,0.250000
20.105869,step,0.250000,0.237681,0.009102,-22,0.000000,0.000000,7,0.250000
20.108603,step,0.250000,0.237743,0.005105,-22,0.000000,0.000000,7,0.250000
20.111431,step,0.250000,0.237795,0.004839,-22,0.000000,0.000000,7,0.250000
20.114356,step,0.250000,0.237842,0.002174,-22,0.000000,0.000000,7,0.250000
20.117300,step,0.250000,0.237883,0.001375,-22,0.000000,0.000000,7,0.250000
20.120338,step,0.250000,0.237897,-0.000224,-22,0.000000,0.000000,7,0.250000
20.123662,step,0.250000,0.237900,-0.005287,-22,0.000000,0.000000,7,0.250000
20.126865,step,0.250000,0.237898,-0.007418,-22,0.000000,0.000000,7,0.250000
20.130101,step,0.250000,0.237885,-0.008751,-22,0.000000,0.000000,7,0.250000
20.133107,step,0.250000,0.237882,-0.009816,-22,0.000000,0.000000,7,0.250000
20.136080,step,0.250000,0.237868,-0.014080,-22,0.000000,0.000000,7,0.250000
20.139048,step,0.250000,0.237867,-0.012481,-22,0.000000,0.000000,7,0.250000
20.142199,step,0.250000,0.237889,-0.014346,-22,0.000000,0.000000,7,0.250000
20.145440,step,0.250000,0.237921,-0.017011,-22,0.000000,0.000000,7,0.250000
20.148654,step,0.250000,0.237946,-0.016745,-22,0.000000,0.000000,7,0.250000
20.151885,step,0.250000,0.237990,-0.016212,-22,0.000000,0.000000,7,0.250000
20.155106,step,0.250000,0.238076,-0.012748,-22,0.000000,0.000000,7,0.250000
20.158634,step,0.250000,0.238159,-0.013280,-22,0.000000,0.000000,7,0.250000
20.161777,step,0.250000,0.238230,-0.011682,-22,0.000000,0.000000,7,0.250000
20.164784,step,0.250000,0.238302,-0.009816,-22,0.000000,0.000000,7,0.250000
20.167843,step,0.250000,0.238411,-0.006619,-22,0.000000,0.000000,7,0.250000
20.170720,step,0.250000,0.238520,-0.006086,-22,0.000000,0.000000,7,0.250000
20.173301,step,0.250000,0.238641,-0.002089,-22,0.000000,0.000000,7,0.250000
20.175911,step,0.250000,0.238776,-0.002888,-22,0.000000,0.000000,7,0.250000
20.178514,step,0.250000,0.238905,-0.002356,-22,0.000000,0.000000,7,0.250000
20.181180,step,0.250000,0.239010,-0.001023,-22,0.000000,0.000000,7,0.250000
20.184193,step,0.250000,0.239108,0.003240,-22,0.000000,0.000000,7,0.250000
20.187146,step,0.250000,0.239224,0.003507,-22,0.000000,0.000000,7,0.250000
20.190295,step,0.250000,0.239336,0.003773,-22,0.000000,0.000000,7,0.250000
20.193452,step,0.250000,0.239420,0.002174,-22,0.000000,0.000000,7,0.250000
20.196946,step,0.250000,0.239503,0.001375,-22,0.000000,0.000000,7,0.250000
20.200462,step,0.250000,0.239559,0.004040,-22,0.000000,0.000000,7,0.250000
20.203489,step,0.250000,0.239591,-0.000490,-22,0.000000,0.000000,7,0.250000
20.206474,step,0.250000,0.239628,0.001375,-22,0.000000,0.000000,7,0.250000
20.209510,step,0.250000,0.239657,-0.003421,-22,0.000000,0.000000,7,0.250000
20.212351,step,0.250000,0.239676,-0.002089,-22,0.000000,0.000000,7,0.250000
20.215083,step,0.250000,0.239704,-0.003688,-22,0.000000,0.000000,7,0.250000
20.217913,step,0.250000,0.239745,-0.002888,-22,0.000000,0.000000,7,0.250000
20.220964,step,0.250000,0.239714,-0.007951,-22,0.000000,0.000000,7,0.250000
20.223903,step,0.250000,0.239716,-0.007152,-22,0.000000,0.000000,7,0.250000
20.226884,step,0.250000,0.239735,-0.011948,-22,0.000000,0.000000,7,0.250000
20.230083,step,0.250000,0.239737,-0.011149,-22,0.000000,0.000000,7,0.250000
20.233046,step,0.250000,0.239763,-0.009284,-22,0.000000,0.000000,7,0.250000
20.235979,step,0.250000,0.239766,-0.013813,-22,0.000000,0.000000,7,0.250000
20.238975,step,0.250000,0.239800,-0.011149,-22,0.000000,0.000000,7,0.250000
20.242395,step,0.250000,0.239801,-0.013547,-22,0.000000,0.000000,7,0.250000
20.245638,step,0.250000,0.239816,-0.012748,-22,0.000000,0.000000,7,0.250000
20.248812,step,0.250000,0.239857,-0.011149,-22,0.000000,0.000000,7,0.250000
20.251942,step,0.250000,0.239893,-0.010616,-22,0.000000,0.000000,7,0.250000
20.254689,step,0.250000,0.239944,-0.008484,-22,0.000000,0.000000,7,0.250000
20.257417,step,0.250000,0.240033,-0.009017,-22,0.000000,0.000000,7,0.250000
20.260415,step,0.250000,0.240112,-0.008484,-22,0.000000,0.000000,7,0.250000
20.263385,step,0.250000,0.240199,-0.007685,-22,0.000000,0.000000,7,0.250000
20.266555,step,0.250000,0.240275,-0.004754,-22,0.000000,0.000000,7,0.250000
20.269740,step,0.250000,0.240371,-0.004221,-22,0.000000,0.000000,7,0.250000
20.272963,step,0.250000,0.240461,-0.003155,-22,0.000000,0.000000,7,0.250000
20.276137,step,0.250000,0.240529,-0.002356,-22,0.000000,0.000000,7,0.250000
20.279334,step,0.250000,0.240628,-0.001023,-22,0.000000,0.000000,7,0.250000
20.282457,step,0.250000,0.240707,0.000309,-22,0.000000,0.000000,7,0.250000
20.285215,step,0.250000,0.240774,0.001375,-22,0.000000,0.000000,7,0.250000
20.288005,step,0.250000,0.240840,-0.001023,-22,0.000000,0.000000,7,0.250000
20.290719,step,0.250000,0.240905,0.003240,-22,0.000000,0.000000,7,0.250000
20.293692,step,0.250000,0.240957,0.001375,-22,0.000000,0.000000,7,0.250000
20.296871,step,0.250000,0.240993,0.002707,-22,0.000000,0.000000,7,0.250000
20.300397,step,0.250000,0.241004,-0.002089,-22,0.000000,0.000000,7,0.250000
20.303553,step,0.250000,0.241026,0.000576,-22,0.000000,0.000000,7,0.250000
20.306839,step,0.250000,0.241026,-0.004221,-22,0.000000,0.000000,7,0.250000
20.310130,step,0.250000,0.241052,-0.002888,-22,0.000000,0.000000,7,0.250000
20.313101,step,0.250000,0.241034,-0.005820,-22,0.000000,0.000000,7,0.250000
20.316378,step,0.250000,0.241044,-0.005553,-22,0.000000,0.000000,7,0.250000
20.319340,step,0.250000,0.241020,-0.006885,-22,0.000000,0.000000,7,0.250000
20.322299,step,0.250000,0.241001,-0.010349,-22,0.000000,0.000000,7,0.250000
20.325266,coast,0.000000,0.240968,-0.011948,-22,0.000000,0.000000,7,0.000000
20.328229,coast,0.000000,0.240956,-0.012215,-22,0.000000,0.000000,7,0.000000
20.331187,coast,0.000000,0.240441,0.005638,-22,0.000000,0.000000,7,0.000000
20.334324,coast,0.000000,0.240804,-0.005553,-22,0.000000,0.000000,7,0.000000
20.337278,coast,0.000000,0.239736,-0.067106,-22,0.000000,0.000000,7,0.000000
20.340375,coast,0.000000,0.238525,-0.093486,-22,0.000000,0.000000,7,0.000000
20.343614,coast,0.000000,0.237434,-0.119066,-22,0.000000,0.000000,7,0.000000
20.346538,coast,0.000000,0.235929,-0.147844,-22,0.000000,0.000000,7,0.000000
20.349810,coast,0.000000,0.235104,-0.183017,-22,0.000000,0.000000,7,0.000000
20.353027,coast,0.000000,0.233570,-0.203268,-22,0.000000,0.000000,7,0.000000
20.355988,coast,0.000000,0.232285,-0.224852,-22,0.000000,0.000000,7,0.000000
20.358916,coast,0.000000,0.231164,-0.242172,-22,0.000000,0.000000,7,0.000000
20.361889,coast,0.000000,0.229855,-0.264288,-22,0.000000,0.000000,7,0.000000
20.364910,coast,0.000000,0.228680,-0.281875,-21,0.000000,0.000000,7,0.000000
20.368119,coast,0.000000,0.227269,-0.288270,-21,0.000000,0.000000,7,0.000000
20.371326,coast,0.000000,0.225883,-0.315182,-21,0.000000,0.000000,7,0.000000
20.374636,coast,0.000000,0.224323,-0.337832,-21,0.000000,0.000000,7,0.000000
20.377821,coast,0.000000,0.222641,-0.352754,-21,0.000000,0.000000,7,0.000000
20.381070,coast,0.000000,0.220940,-0.379666,-21,0.000000,0.000000,7,0.000000
20.384316,coast,0.000000,0.219181,-0.398319,-21,0.000000,0.000000,7,0.000000
20.387273,coast,0.000000,0.217323,-0.416705,-21,0.000000,0.000000,7,0.000000
20.390236,coast,0.000000,0.215643,-0.442552,-20,0.000000,0.000000,7,0.000000
20.393198,coast,0.000000,0.213716,-0.462270,-20,0.000000,0.000000,7,0.000000
20.396282,coast,0.000000,0.211620,-0.482254,-20,0.000000,0.000000,7,0.000000
20.399191,coast,0.000000,0.209652,-0.503039,-20,0.000000,0.000000,7,0.000000
20.402304,coast,0.000000,0.207511,-0.524888,-20,0.000000,0.000000,7,0.000000
20.405284,coast,0.000000,0.205420,-0.543008,-20,0.000000,0.000000,7,0.000000
20.408305,coast,0.000000,0.203211,-0.562993,-19,0.000000,0.000000,7,0.000000
20.411225,coast,0.000000,0.200843,-0.584842,-19,0.000000,0.000000,7,0.000000
20.414192,coast,0.000000,0.198553,-0.610689,-19,0.000000,0.000000,7,0.000000
20.417168,coast,0.000000,0.196148,-0.643731,-19,0.000000,0.000000,7,0.000000
20.420290,coast,0.000000,0.193353,-0.672509,-19,0.000000,0.000000,7,0.000000
20.423215,coast,0.000000,0.190796,-0.696490,-18,0.000000,0.000000,7,0.000000
20.426300,coast,0.000000,0.187865,-0.715942,-18,0.000000,0.000000,7,0.000000
20.429224,coast,0.000000,0.185296,-0.751648,-18,0.000000,0.000000,7,0.000000
20.432328,coast,0.000000,0.182258,-0.768169,-18,0.000000,0.000000,7,0.000000
20.435259,coast,0.000000,0.180161,-0.773498,-18,0.000000,0.000000,7,0.000000
20.438532,coast,0.000000,0.177462,-0.786022,-18,0.000000,0.000000,7,0.000000
20.441490,coast,0.000000,0.174825,-0.790818,-18,0.000000,0.000000,7,0.000000
20.444757,coast,0.000000,0.171876,-0.777761,-18,0.000000,0.000000,7,0.000000
20.447740,coast,0.000000,0.169064,-0.789219,-17,0.000000,0.000000,7,0.000000
20.450690,coast,0.000000,0.166799,-0.832386,-17,0.000000,0.000000,7,0.000000
20.453623,coast,0.000000,0.163663,-0.857700,-17,0.000000,0.000000,7,0.000000
20.456589,coast,0.000000,0.160428,-0.871023,-17,0.000000,0.000000,7,0.000000
20.459564,coast,0.000000,0.157598,-0.891541,-16,0.000000,0.000000,7,0.000000
20.462502,coast,0.000000,0.154499,-0.909127,-16,0.000000,0.000000,7,0.000000
20.465724,coast,0.000000,0.151299,-0.919786,-16,0.000000,0.000000,7,0.000000
20.468472,coast,0.000000,0.148396,-0.924316,-16,0.000000,0.000000,7,0.000000
20.471190,coast,0.000000,0.145503,-0.949630,-16,0.000000,0.000000,7,0.000000
20.474305,coast,0.000000,0.142149,-0.975743,-15,0.000000,0.000000,7,0.000000
20.477271,coast,0.000000,0.138643,-0.983737,-15,0.000000,0.000000,7,0.000000
20.480493,coast,0.000000,0.135262,-1.019709,-15,0.000000,0.000000,7,0.000000
20.483684,coast,0.000000,0.132060,-1.027170,-15,0.000000,0.000000,7,0.000000
20.486864,coast,0.000000,0.128572,-1.020242,-15,0.000000,0.000000,7,0.000000
20.490274,coast,0.000000,0.125245,-1.030634,-14,0.000000,0.000000,7,0.000000
20.493727,coast,0.000000,0.121580,-1.018377,-14,0.000000,0.000000,7,0.000000
20.496848,coast,0.000000,0.117993,-1.023706,-14,0.000000,0.000000,7,0.000000
20.499795,coast,0.000000,0.114893,-1.051152,-13,0.000000,0.000000,7,0.000000
20.502748,coast,0.000000,0.111617,-1.082861,-13,0.000000,0.000000,7,0.000000
20.505705,coast,0.000000,0.107991,-1.094052,-13,0.000000,0.000000,7,0.000000
20.508641,coast,0.000000,0.104437,-1.106043,-12,0.000000,0.000000,7,0.000000
20.511602,coast,0.000000,0.100861,-1.124962,-12,0.000000,0.000000,7,0.000000
20.514543,coast,0.000000,0.097136,-1.138818,-12,0.000000,0.000000,7,0.000000
20.517814,coast,0.000000,0.093358,-1.158003,-12,0.000000,0.000000,7,0.000000
20.520728,coast,0.000000,0.089834,-1.166530,-12,0.000000,0.000000,7,0.000000
20.523676,coast,0.000000,0.086541,-1.179853,-11,0.000000,0.000000,7,0.000000
20.526709,coast,0.000000,0.083361,-1.173991,-11,0.000000,0.000000,7,0.000000
20.529471,coast,0.000000,0.080128,-1.162267,-11,0.000000,0.000000,7,0.000000
20.532229,coast,0.000000,0.077268,-1.147611,-11,0.000000,0.000000,7,0.000000
20.535009,coast,0.000000,0.074102,-1.150542,-10,0.000000,0.000000,7,0.000000
20.538072,coast,0.000000,0.070490,-1.141749,-10,0.000000,0.000000,7,0.000000
20.541282,coast,0.000000,0.066666,-1.149743,-10,0.000000,0.000000,7,0.000000
20.544480,coast,0.000000,0.062788,-1.184916,-9,0.000000,0.000000,7,0.000000
20.547877,coast,0.000000,0.059182,-1.207565,-8,0.000000,0.000000,7,0.000000
20.550849,coast,0.000000,0.054730,-1.195308,-8,0.000000,0.000000,7,0.000000
20.553831,coast,0.000000,0.051344,-1.213161,-8,0.000000,0.000000,7,0.000000
20.556905,coast,0.000000,0.047458,-1.217158,-8,0.000000,0.000000,7,0.000000
20.559979,coast,0.000000,0.044334,-1.254196,-8,0.000000,0.000000,7,0.000000
20.562905,coast,0.000000,0.040339,-1.212095,-7,0.000000,0.000000,7,0.000000
20.565853,coast,0.000000,0.037530,-1.209164,-7,0.000000,0.000000,7,0.000000
20.568841,coast,0.000000,0.034082,-1.191311,-7,0.000000,0.000000,7,0.000000
20.571857,coast,0.000000,0.030065,-1.172925,-7,0.000000,0.000000,7,0.000000
20.574813,coast,0.000000,0.027267,-1.204901,-6,0.000000,0.000000,7,0.000000
20.577895,coast,0.000000,0.023668,-1.220356,-5,0.000000,0.000000,7,0.000000
20.580833,coast,0.000000,0.019577,-1.225418,-5,0.000000,0.000000,7,0.000000
20.583810,coast,0.000000,0.016218,-1.212362,-5,0.000000,0.000000,7,0.000000
20.586747,coast,0.000000,0.012296,-1.214493,-5,0.000000,0.000000,7,0.000000
20.589682,coast,0.000000,0.009369,-1.241673,-5,0.000000,0.000000,7,0.000000
20.592633,coast,0.000000,0.006199,-1.245137,-5,0.000000,0.000000,7,0.000000
20.595913,coast,0.000000,0.001912,-1.222487,-5,0.000000,0.000000,7,0.000000
20.598892,coast,0.000000,-0.000323,-1.198772,-4,0.000000,0.000000,7,0.000000
20.601856,coast,0.000000,-0.003831,-1.170793,-4,0.000000,0.000000,7,0.000000
20.604781,coast,0.000000,-0.007053,-1.142549,-3,0.000000,0.000000,7,0.000000
20.607744,coast,0.000000,-0.009795,-1.141216,-3,0.000000,0.000000,7,0.000000
20.610723,coast,0.000000,-0.013616,-1.182784,-3,0.000000,0.000000,7,0.000000
20.613943,coast,0.000000,-0.016483,-1.177988,-2,0.000000,0.000000,7,0.000000
20.616898,coast,0.000000,-0.020890,-1.159602,-2,0.000000,0.000000,7,0.000000
20.619880,coast,0.000000,-0.023849,-1.167862,-1,0.000000,0.000000,7,0.000000
20.622812,coast,0.000000,-0.026900,-1.161201,-1,0.000000,0.000000,7,0.000000
20.625768,coast,0.000000,-0.030443,-1.172126,-1,0.000000,0.000000,7,0.000000
20.628727,coast,0.000000,-0.032713,-1.171326,-1,0.000000,0.000000,7,0.000000
20.631666,coast,0.000000,-0.035747,-1.171593,-1,0.000000,0.000000,7,0.000000
20.634578,coast,0.000000,-0.038083,-1.138818,-1,0.000000,0.000000,7,0.000000
20.637508,coast,0.000000,-0.041441,-1.107375,-1,0.000000,0.000000,7,0.000000
20.640993,coast,0.000000,-0.044697,-1.071137,0,0.000000,0.000000,7,0.000000
20.644362,coast,0.000000,-0.047419,-1.051152,0,0.000000,0.000000,7,0.000000
20.647319,coast,0.000000,-0.050372,-1.062610,0,0.000000,0.000000,7,0.000000
20.650268,coast,0.000000,-0.052645,-1.070604,1,0.000000,0.000000,7,0.000000
20.653234,coast,0.000000,-0.056047,-1.056215,2,0.000000,0.000000,7,0.000000
20.656324,coast,0.000000,-0.058851,-1.054083,2,0.000000,0.000000,7,0.000000
20.659234,coast,0.000000,-0.061876,-1.038362,2,0.000000,0.000000,7,0.000000
20.662002,coast,0.000000,-0.064479,-1.039694,2,0.000000,0.000000,7,0.000000
20.664710,coast,0.000000,-0.067113,-1.027437,2,0.000000,0.000000,7,0.000000
20.667438,coast,0.000000,-0.069529,-1.030634,2,0.000000,0.000000,7,0.000000
20.670288,coast,0.000000,-0.071771,-1.021042,2,0.000000,0.000000,7,0.000000
20.673229,coast,0.000000,-0.074283,-0.981872,2,0.000000,0.000000,7,0.000000
20.676316,coast,0.000000,-0.076402,-0.975476,2,0.000000,0.000000,7,0.000000
20.679260,coast,0.000000,-0.078433,-0.958423,3,0.000000,0.000000,7,0.000000
20.682216,coast,0.000000,-0.080997,-0.938705,3,0.000000,0.000000,7,0.000000
20.685226,coast,0.000000,-0.083223,-0.921118,4,0.000000,0.000000,7,0.000000
20.688210,coast,0.000000,-0.085201,-0.930444,4,0.000000,0.000000,7,0.000000
20.691156,coast,0.000000,-0.087647,-0.905930,4,0.000000,0.000000,7,0.000000
20.694500,coast,0.000000,-0.090693,-0.889676,5,0.000000,0.000000,7,0.000000
20.697573,coast,0.000000,-0.092760,-0.883813,5,0.000000,0.000000,7,0.000000
20.701168,coast,0.000000,-0.095569,-0.869957,5,0.000000,0.000000,7,0.000000
20.703920,coast,0.000000,-0.097724,-0.857167,5,0.000000,0.000000,7,0.000000
20.706274,coast,0.000000,-0.098307,-0.860365,5,0.000000,0.000000,7,0.000000
20.708520,coast,0.000000,-0.100371,-0.822261,5,0.000000,0.000000,7,0.000000
20.710765,coast,0.000000,-0.101204,-0.794548,5,0.000000,0.000000,7,0.000000
20.713642,coast,0.000000,-0.103133,-0.760441,6,0.000000,0.000000,7,0.000000
20.716356,coast,0.000000,-0.103636,-0.743388,6,0.000000,0.000000,7,0.000000
20.719008,coast,0.000000,-0.105220,-0.715942,6,0.000000,0.000000,7,0.000000
20.721684,coast,0.000000,-0.106308,-0.703685,6,0.000000,0.000000,7,0.000000
20.724168,coast,0.000000,-0.107203,-0.701287,6,0.000000,0.000000,7,0.000000
20.726654,coast,0.000000,-0.108675,-0.688763,6,0.000000,0.000000,7,0.000000
20.729469,coast,0.000000,-0.109886,-0.671443,7,0.000000,0.000000,7,0.000000
20.731817,coast,0.000000,-0.111328,-0.655189,7,0.000000,0.000000,7,0.000000
20.733891,coast,0.000000,-0.112216,-0.643198,7,0.000000,0.000000,7,0.000000
20.735983,coast,0.000000,-0.112924,-0.640267,7,0.000000,0.000000,7,0.000000
20.738071,coast,0.000000,-0.113748,-0.627743,7,0.000000,0.000000,7,0.000000
20.740385,coast,0.000000,-0.114604,-0.620548,7,0.000000,0.000000,7,0.000000
20.742410,coast,0.000000,-0.115435,-0.605893,7,0.000000,0.000000,7,0.000000
20.744798,coast,0.000000,-0.116432,-0.581112,7,0.000000,0.000000,7,0.000000
20.746815,coast,0.000000,-0.116957,-0.566190,7,0.000000,0.000000,7,0.000000
20.748894,coast,0.000000,-0.117536,-0.551801,8,0.000000,0.000000,7,0.000000
20.751519,coast,0.000000,-0.118397,-0.547271,8,0.000000,0.000000,7,0.000000
20.753765,coast,0.000000,-0.119085,-0.533149,8,0.000000,0.000000,7,0.000000
20.755998,coast,0.000000,-0.119971,-0.517161,8,0.000000,0.000000,7,0.000000
20.757994,coast,0.000000,-0.120383,-0.511832,8,0.000000,0.000000,7,0.000000
20.759983,coast,0.000000,-0.121057,-0.497976,8,0.000000,0.000000,7,0.000000
20.762005,coast,0.000000,-0.121598,-0.487850,8,0.000000,0.000000,7,0.000000
20.763977,coast,0.000000,-0.121999,-0.480123,8,0.000000,0.000000,7,0.000000
20.765988,coast,0.000000,-0.122545,-0.464934,8,0.000000,0.000000,7,0.000000
20.767984,coast,0.000000,-0.122601,-0.467865,8,0.000000,0.000000,7,0.000000
20.770229,coast,0.000000,-0.123312,-0.440153,8,0.000000,0.000000,7,0.000000
20.772279,coast,0.000000,-0.123304,-0.407911,8,0.000000,0.000000,7,0.000000
20.774303,coast,0.000000,-0.123415,-0.400450,8,0.000000,0.000000,7,0.000000
20.776328,coast,0.000000,-0.123375,-0.380999,8,0.000000,0.000000,7,0.000000
20.778343,coast,0.000000,-0.123146,-0.379400,8,0.000000,0.000000,7,0.000000
20.780367,coast,0.000000,-0.123551,-0.355152,8,0.000000,0.000000,7,0.000000
20.782397,coast,0.000000,-0.123497,-0.330904,8,0.000000,0.000000,7,0.000000
20.784456,coast,0.000000,-0.123592,-0.317314,8,0.000000,0.000000,7,0.000000
20.786749,coast,0.000000,-0.123629,-0.295731,8,0.000000,0.000000,7,0.000000
20.789504,coast,0.000000,-0.123758,-0.275746,9,0.000000,0.000000,7,0.000000
20.791684,coast,0.000000,-0.123746,-0.256028,9,0.000000,0.000000,7,0.000000
20.793858,coast,0.000000,-0.123538,-0.234178,9,0.000000,0.000000,7,0.000000
20.796172,coast,0.000000,-0.123548,-0.214193,9,0.000000,0.000000,7,0.000000
20.798372,coast,0.000000,-0.123218,-0.197140,9,0.000000,0.000000,7,0.000000
20.800525,coast,0.000000,-0.123024,-0.180352,9,0.000000,0.000000,7,0.000000
20.803333,coast,0.000000,-0.122831,-0.155039,9,0.000000,0.000000,7,0.000000
20.805678,coast,0.000000,-0.122632,-0.135054,9,0.000000,0.000000,7,0.000000
20.808356,coast,0.000000,-0.122305,-0.116401,9,0.000000,0.000000,7,0.000000
20.810584,coast,0.000000,-0.121978,-0.097749,9,0.000000,0.000000,7,0.000000
20.813200,coast,0.000000,-0.121555,-0.073235,9,0.000000,0.000000,7,0.000000
20.815720,coast,0.000000,-0.121173,-0.055115,9,0.000000,0.000000,7,0.000000
20.817860,coast,0.000000,-0.120623,-0.037529,9,0.000000,0.000000,7,0.000000
20.819927,coast,0.000000,-0.120096,-0.022607,9,0.000000,0.000000,7,0.000000
20.822064,coast,0.000000,-0.119541,-0.001023,9,0.000000,0.000000,7,0.000000
20.824370,coast,0.000000,-0.118941,0.014432,9,0.000000,0.000000,7,0.000000
20.826629,coast,0.000000,-0.118349,0.035482,9,0.000000,0.000000,7,0.000000
20.828893,coast,0.000000,-0.117621,0.053602,9,0.000000,0.000000,7,0.000000
20.831208,coast,0.000000,-0.116972,0.071455,9,0.000000,0.000000,7,0.000000
20.833930,coast,0.000000,-0.116216,0.088775,9,0.000000,0.000000,7,0.000000
20.836234,coast,0.000000,-0.115497,0.103164,9,0.000000,0.000000,7,0.000000
20.838531,coast,0.000000,-0.114779,0.115421,9,0.000000,0.000000,7,0.000000
20.840817,coast,0.000000,-0.114109,0.130609,9,0.000000,0.000000,7,0.000000
20.843712,coast,0.000000,-0.113272,0.143399,9,0.000000,0.000000,7,0.000000
20.846040,coast,0.000000,-0.112540,0.154058,9,0.000000,0.000000,7,0.000000
20.848313,coast,0.000000,-0.111818,0.167648,9,0.000000,0.000000,7,0.000000
20.850580,coast,0.000000,-0.111046,0.180171,9,0.000000,0.000000,7,0.000000
20.853013,coast,0.000000,-0.110273,0.192961,9,0.000000,0.000000,7,0.000000
20.855877,coast,0.000000,-0.109305,0.204952,9,0.000000,0.000000,7,0.000000
20.858424,coast,0.000000,-0.108424,0.219874,9,0.000000,0.000000,7,0.000000
20.860973,coast,0.000000,-0.107495,0.234530,9,0.000000,0.000000,7,0.000000
20.864352,coast,0.000000,-0.106321,0.255847,9,0.000000,0.000000,7,0.000000
20.867306,coast,0.000000,-0.105254,0.268903,9,0.000000,0.000000,7,0.000000
20.870456,coast,0.000000,-0.104028,0.287023,9,0.000000,0.000000,7,0.000000
20.873325,coast,0.000000,-0.102877,0.307007,9,0.000000,0.000000,7,0.000000
20.876059,coast,0.000000,-0.101693,0.321130,9,0.000000,0.000000,7,0.000000
20.878809,coast,0.000000,-0.100491,0.337651,9,0.000000,0.000000,7,0.000000
20.881541,coast,0.000000,-0.099268,0.354171,9,0.000000,0.000000,7,0.000000
20.884485,coast,0.000000,-0.097915,0.370692,9,0.000000,0.000000,7,0.000000
20.887441,coast,0.000000,-0.096519,0.388278,9,0.000000,0.000000,7,0.000000
20.890745,coast,0.000000,-0.094929,0.402401,9,0.000000,0.000000,7,0.000000
20.893832,coast,0.000000,-0.093360,0.422919,9,0.000000,0.000000,7,0.000000
20.897303,coast,0.000000,-0.091600,0.437840,9,0.000000,0.000000,7,0.000000
20.900529,coast,0.000000,-0.089880,0.453295,9,0.000000,0.000000,7,0.000000
20.903616,coast,0.000000,-0.088185,0.468750,9,0.000000,0.000000,7,0.000000
20.906613,coast,0.000000,-0.086470,0.483139,9,0.000000,0.000000,7,0.000000
20.909561,coast,0.000000,-0.084749,0.496995,9,0.000000,0.000000,7,0.000000
20.912789,coast,0.000000,-0.082858,0.512184,9,0.000000,0.000000,7,0.000000
20.915748,coast,0.000000,-0.081065,0.526839,9,0.000000,0.000000,7,0.000000
20.918475,coast,0.000000,-0.079390,0.533501,9,0.000000,0.000000,7,0.000000
20.921280,coast,0.000000,-0.077625,0.546557,9,0.000000,0.000000,7,0.000000
20.924026,coast,0.000000,-0.075870,0.559081,9,0.000000,0.000000,7,0.000000
20.927154,coast,0.000000,-0.073859,0.571338,9,0.000000,0.000000,7,0.000000
20.930794,coast,0.000000,-0.071560,0.585727,9,0.000000,0.000000,7,0.000000
20.933981,coast,0.000000,-0.069470,0.598517,9,0.000000,0.000000,7,0.000000
20.936763,coast,0.000000,-0.067594,0.616104,9,0.000000,0.000000,7,0.000000
20.939539,coast,0.000000,-0.065686,0.624364,9,0.000000,0.000000,7,0.000000
20.942315,coast,0.000000,-0.063761,0.636622,9,0.000000,0.000000,7,0.000000
20.945151,coast,0.000000,-0.061771,0.647813,9,0.000000,0.000000,7,0.000000
20.948144,coast,0.000000,-0.059656,0.659804,9,0.000000,0.000000,7,0.000000
20.951108,coast,0.000000,-0.057520,0.666732,9,0.000000,0.000000,7,0.000000
20.954093,coast,0.000000,-0.055347,0.671262,9,0.000000,0.000000,7,0.000000
20.957066,coast,0.000000,-0.053331,0.678723,9,0.000000,0.000000,7,0.000000
20.960023,coast,0.000000,-0.051356,0.692312,9,0.000000,0.000000,7,0.000000
20.963017,coast,0.000000,-0.049205,0.702171,9,0.000000,0.000000,7,0.000000
20.966026,coast,0.000000,-0.047227,0.711231,9,0.000000,0.000000,7,0.000000
20.968985,coast,0.000000,-0.045074,0.723488,8,0.000000,0.000000,7,0.000000
20.971935,coast,0.000000,-0.042905,0.737344,8,0.000000,0.000000,7,0.000000
20.974911,coast,0.000000,-0.040521,0.746138,8,0.000000,0.000000,7,0.000000
20.977885,coast,0.000000,-0.038206,0.749868,8,0.000000,0.000000,7,0.000000
20.980846,coast,0.000000,-0.035775,0.752799,8,0.000000,0.000000,7,0.000000
20.983793,coast,0.000000,-0.033346,0.745871,8,0.000000,0.000000,7,0.000000
20.986623,coast,0.000000,-0.031215,0.744805,8,0.000000,0.000000,7,0.000000
20.989350,coast,0.000000,-0.029643,0.752533,8,0.000000,0.000000,7,0.000000
20.992058,coast,0.000000,-0.027885,0.757063,8,0.000000,0.000000,7,0.000000
20.994839,coast,0.000000,-0.026207,0.752266,8,0.000000,0.000000,7,0.000000
20.997886,coast,0.000000,-0.024287,0.756263,7,0.000000,0.000000,7,0.000000
21.000864,coast,0.000000,-0.022281,0.757595,7,0.000000,0.000000,7,0.000000
21.003875,coast,0.000000,-0.020172,0.753066,7,0.000000,0.000000,7,0.000000
21.006818,coast,0.000000,-0.018052,0.755464,7,0.000000,0.000000,7,0.000000
21.009769,coast,0.000000,-0.016036,0.763458,7,0.000000,0.000000,7,0.000000
21.012724,coast,0.000000,-0.013778,0.760793,6,0.000000,0.000000,7,0.000000
21.016051,coast,0.000000,-0.011215,0.756796,6,0.000000,0.000000,7,0.000000
21.019024,coast,0.000000,-0.009141,0.763191,6,0.000000,0.000000,7,0.000000
21.021999,coast,0.000000,-0.006911,0.767987,6,0.000000,0.000000,7,0.000000
21.024932,coast,0.000000,-0.004783,0.767721,6,0.000000,0.000000,7,0.000000
21.027901,coast,0.000000,-0.002620,0.771718,6,0.000000,0.000000,7,0.000000
21.030824,coast,0.000000,-0.000544,0.775448,6,0.000000,0.000000,7,0.000000
21.033760,coast,0.000000,0.001572,0.776514,5,0.000000,0.000000,7,0.000000
21.036785,coast,0.000000,0.003824,0.782909,5,0.000000,0.000000,7,0.000000
21.040002,coast,0.000000,0.006182,0.787439,5,0.000000,0.000000,7,0.000000
21.043200,coast,0.000000,0.008759,0.786373,5,0.000000,0.000000,7,0.000000
21.046537,coast,0.000000,0.011277,0.787439,5,0.000000,0.000000,7,0.000000
21.049502,coast,0.000000,0.013392,0.777580,4,0.000000,0.000000,7,0.000000
21.052786,coast,0.000000,0.015377,0.769853,4,0.000000,0.000000,7,0.000000
21.056106,coast,0.000000,0.017375,0.766122,4,0.000000,0.000000,7,0.000000
21.059129,coast,0.000000,0.019151,0.752799,4,0.000000,0.000000,7,0.000000
21.062122,coast,0.000000,0.021186,0.742141,4,0.000000,0.000000,7,0.000000
21.065098,coast,0.000000,0.022915,0.754131,4,0.000000,0.000000,7,0.000000
21.068265,coast,0.000000,0.025122,0.746937,3,0.000000,0.000000,7,0.000000
21.070996,coast,0.000000,0.027054,0.740542,3,0.000000,0.000000,7,0.000000
21.073853,coast,0.000000,0.028793,0.730150,3,0.000000,0.000000,7,0.000000
21.076726,coast,0.000000,0.030442,0.732015,3,0.000000,0.000000,7,0.000000
21.079953,coast,0.000000,0.032419,0.727752,2,0.000000,0.000000,7,0.000000
21.083139,coast,0.000000,0.034569,0.716294,2,0.000000,0.000000,7,0.000000
21.086366,coast,0.000000,0.036650,0.717360,2,0.000000,0.000000,7,0.000000
21.089390,coast,0.000000,0.038263,0.725087,2,0.000000,0.000000,7,0.000000
21.092356,coast,0.000000,0.040383,0.719758,2,0.000000,0.000000,7,0.000000
21.095307,coast,0.000000,0.042422,0.713363,2,0.000000,0.000000,7,0.000000
21.098300,coast,0.000000,0.044310,0.702971,1,0.000000,0.000000,7,0.000000
21.101460,coast,0.000000,0.046419,0.700306,1,0.000000,0.000000,7,0.000000
21.104598,coast,0.000000,0.048396,0.675259,1,0.000000,0.000000,7,0.000000
21.108213,coast,0.000000,0.050290,0.663268,1,0.000000,0.000000,7,0.000000
21.111182,coast,0.000000,0.051139,0.660870,1,0.000000,0.000000,7,0.000000
21.114281,coast,0.000000,0.052562,0.631026,1,0.000000,0.000000,7,0.000000
21.117226,coast,0.000000,0.053813,0.609442,1,0.000000,0.000000,7,0.000000
21.120387,coast,0.000000,0.054450,0.615305,0,0.000000,0.000000,7,0.000000
21.123347,coast,0.000000,0.056182,0.611308,0,0.000000,0.000000,7,0.000000
21.126406,coast,0.000000,0.057741,0.596119,0,0.000000,0.000000,7,0.000000
21.129346,coast,0.000000,0.059569,0.577467,0,0.000000,0.000000,7,0.000000
21.132271,coast,0.000000,0.060755,0.582796,0,0.000000,0.000000,7,0.000000
21.135487,coast,0.000000,0.062005,0.570006,0,0.000000,0.000000,7,0.000000
21.138394,coast,0.000000,0.063741,0.549488,-1,0.000000,0.000000,7,0.000000
21.141110,coast,0.000000,0.064510,0.553485,-1,0.000000,0.000000,7,0.000000
21.143882,coast,0.000000,0.065823,0.542560,-1,0.000000,0.000000,7,0.000000
21.146665,coast,0.000000,0.066988,0.540695,-1,0.000000,0.000000,7,0.000000
21.149549,coast,0.000000,0.068368,0.524974,-1,0.000000,0.000000,7,0.000000
21.152520,coast,0.000000,0.069426,0.525507,-1,0.000000,0.000000,7,0.000000
21.155482,coast,0.000000,0.070547,0.516980,-1,0.000000,0.000000,7,0.000000
21.158466,coast,0.000000,0.071773,0.513249,-2,0.000000,0.000000,7,0.000000
21.161419,coast,0.000000,0.073040,0.503923,-2,0.000000,0.000000,7,0.000000
21.164359,coast,0.000000,0.074225,0.494863,-2,0.000000,0.000000,7,0.000000
21.167324,coast,0.000000,0.075349,0.488735,-2,0.000000,0.000000,7,0.000000
21.170308,coast,0.000000,0.076685,0.470349,-2,0.000000,0.000000,7,0.000000
21.173280,coast,0.000000,0.077731,0.445035,-2,0.000000,0.000000,7,0.000000
21.176221,coast,0.000000,0.078375,0.440772,-2,0.000000,0.000000,7,0.000000
21.179208,coast,0.000000,0.078810,0.434643,-2,0.000000,0.000000,7,0.000000
21.182332,coast,0.000000,0.079709,0.409329,-2,0.000000,0.000000,7,0.000000
21.185270,coast,0.000000,0.080161,0.389877,-2,0.000000,0.000000,7,0.000000
21.188281,coast,0.000000,0.080573,0.380285,-2,0.000000,0.000000,7,0.000000
21.191335,coast,0.000000,0.081301,0.364030,-2,0.000000,0.000000,7,0.000000
21.194538,coast,0.000000,0.082029,0.333121,-2,0.000000,0.000000,7,0.000000
21.197775,coast,0.000000,0.082281,0.319265,-2,0.000000,0.000000,7,0.000000
21.201451,coast,0.000000,0.082784,0.292352,-3,0.000000,0.000000,7,0.000000
21.204485,coast,0.000000,0.083087,0.269703,-3,0.000000,0.000000,7,0.000000
21.207214,coast,0.000000,0.083105,0.258511,-3,0.000000,0.000000,7,0.000000
21.210333,coast,0.000000,0.083294,0.242790,-3,0.000000,0.000000,7,0.000000
21.212918,coast,0.000000,0.083397,0.225736,-3,0.000000,0.000000,7,0.000000
21.215472,coast,0.000000,0.083450,0.210548,-3,0.000000,0.000000,7,0.000000
21.218051,coast,0.000000,0.083446,0.199889,-3,0.000000,0.000000,7,0.000000
21.220736,coast,0.000000,0.083513,0.190030,-3,0.000000,0.000000,7,0.000000
21.223664,coast,0.000000,0.083645,0.177240,-3,0.000000,0.000000,7,0.000000
21.226608,coast,0.000000,0.083657,0.159121,-3,0.000000,0.000000,7,0.000000
21.229557,coast,0.000000,0.083581,0.147130,-3,0.000000,0.000000,7,0.000000
21.232631,coast,0.000000,0.083502,0.127678,-3,0.000000,0.000000,7,0.000000
21.235869,coast,0.000000,0.083365,0.111690,-3,0.000000,0.000000,7,0.000000
21.238597,coast,0.000000,0.083131,0.096236,-3,0.000000,0.000000,7,0.000000
21.241567,coast,0.000000,0.082884,0.086376,-3,0.000000,0.000000,7,0.000000
21.245128,coast,0.000000,0.082696,0.067724,-3,0.000000,0.000000,7,0.000000
21.248702,coast,0.000000,0.082414,0.044009,-3,0.000000,0.000000,7,0.000000
21.251772,coast,0.000000,0.082037,0.029886,-3,0.000000,0.000000,7,0.000000
21.254701,coast,0.000000,0.081616,0.012833,-3,0.000000,0.000000,7,0.000000
21.257935,coast,0.000000,0.081175,-0.006885,-3,0.000000,0.000000,7,0.000000
21.260904,coast,0.000000,0.080669,-0.023673,-3,0.000000,0.000000,7,0.000000
21.263873,coast,0.000000,0.080169,-0.038328,-3,0.000000,0.000000,7,0.000000
21.266842,coast,0.000000,0.079639,-0.055914,-3,0.000000,0.000000,7,0.000000
21.269813,coast,0.000000,0.079070,-0.066040,-3,0.000000,0.000000,7,0.000000
21.273060,coast,0.000000,0.078477,-0.080962,-3,0.000000,0.000000,7,0.000000
21.276032,coast,0.000000,0.077925,-0.086824,-3,0.000000,0.000000,7,0.000000
21.278985,coast,0.000000,0.077322,-0.100147,-3,0.000000,0.000000,7,0.000000
21.282065,coast,0.000000,0.076686,-0.108674,-3,0.000000,0.000000,7,0.000000
21.285278,coast,0.000000,0.076000,-0.117201,-3,0.000000,0.000000,7,0.000000
21.288665,coast,0.000000,0.075292,-0.128925,-3,0.000000,0.000000,7,0.000000
21.292026,coast,0.000000,0.074535,-0.140117,-3,0.000000,0.000000,7,0.000000
21.294988,coast,0.000000,0.073833,-0.147844,-3,0.000000,0.000000,7,0.000000
21.297874,coast,0.000000,0.073177,-0.156904,-3,0.000000,0.000000,7,0.000000
21.300820,coast,0.000000,0.072422,-0.166763,-3,0.000000,0.000000,7,0.000000
21.303777,coast,0.000000,0.071652,-0.175023,-3,0.000000,0.000000,7,0.000000
21.306718,coast,0.000000,0.070850,-0.181951,-3,0.000000,0.000000,7,0.000000
21.309698,coast,0.000000,0.070029,-0.193676,-3,0.000000,0.000000,7,0.000000
21.312652,coast,0.000000,0.069296,-0.202469,-3,0.000000,0.000000,7,0.000000
21.315616,coast,0.000000,0.068460,-0.210729,-3,0.000000,0.000000,7,0.000000
21.318550,coast,0.000000,0.067650,-0.218990,-3,0.000000,0.000000,7,0.000000
21.321870,coast,0.000000,0.066705,-0.230714,-3,0.000000,0.000000,7,0.000000
21.325951,coast,0.000000,0.065611,-0.244303,-3,0.000000,0.000000,7,0.000000
21.329612,coast,0.000000,0.064492,-0.254163,-3,0.000000,0.000000,7,0.000000
21.332430,coast,0.000000,0.063584,-0.262156,-3,0.000000,0.000000,7,0.000000
21.334793,coast,0.000000,0.062770,-0.268285,-3,0.000000,0.000000,7,0.000000
21.337624,coast,0.000000,0.061828,-0.275480,-3,0.000000,0.000000,7,0.000000
21.339953,coast,0.000000,0.061027,-0.278411,-3,0.000000,0.000000,7,0.000000
21.342440,coast,0.000000,0.060155,-0.288003,-3,0.000000,0.000000,7,0.000000
21.345525,coast,0.000000,0.059091,-0.290668,-3,0.000000,0.000000,7,0.000000
21.348303,coast,0.000000,0.058114,-0.297862,-3,0.000000,0.000000,7,0.000000
21.351024,coast,0.000000,0.057130,-0.305323,-3,0.000000,0.000000,7,0.000000
21.354471,coast,0.000000,0.055925,-0.310919,-3,0.000000,0.000000,7,0.000000
21.357678,coast,0.000000,0.054776,-0.316781,-3,0.000000,0.000000,7,0.000000
21.360858,coast,0.000000,0.053613,-0.323709,-3,0.000000,0.000000,7,0.000000
21.364064,coast,0.000000,0.052404,-0.328239,-3,0.000000,0.000000,7,0.000000
21.367285,coast,0.000000,0.051175,-0.336499,-3,0.000000,0.000000,7,0.000000
21.370523,coast,0.000000,0.049952,-0.341296,-3,0.000000,0.000000,7,0.000000
21.373610,coast,0.000000,0.048763,-0.350356,-3,0.000000,0.000000,7,0.000000
21.376554,coast,0.000000,0.047623,-0.352487,-3,0.000000,0.000000,7,0.000000
21.379808,coast,0.000000,0.046331,-0.361014,-3,0.000000,0.000000,7,0.000000
21.382779,coast,0.000000,0.045129,-0.368475,-3,0.000000,0.000000,7,0.000000
21.386088,coast,0.000000,0.043778,-0.376202,-3,0.000000,0.000000,7,0.000000
21.389087,coast,0.000000,0.042534,-0.382597,-3,0.000000,0.000000,7,0.000000
21.392076,coast,0.000000,0.041266,-0.388993,-3,0.000000,0.000000,7,0.000000
21.395054,coast,0.000000,0.040012,-0.395921,-3,0.000000,0.000000,7,0.000000
21.398037,coast,0.000000,0.038705,-0.400184,-3,0.000000,0.000000,7,0.000000
21.400984,coast,0.000000,0.037380,-0.407645,-3,0.000000,0.000000,7,0.000000
21.403939,coast,0.000000,0.036069,-0.407645,-3,0.000000,0.000000,7,0.000000
21.406896,coast,0.000000,0.034724,-0.412708,-3,0.000000,0.000000,7,0.000000
21.409863,coast,0.000000,0.033407,-0.418037,-3,0.000000,0.000000,7,0.000000
21.412820,coast,0.000000,0.032095,-0.421767,-3,0.000000,0.000000,7,0.000000
21.415779,coast,0.000000,0.030750,-0.428163,-3,0.000000,0.000000,7,0.000000
21.418730,coast,0.000000,0.029408,-0.431094,-3,0.000000,0.000000,7,0.000000
21.421669,coast,0.000000,0.028062,-0.435091,-3,0.000000,0.000000,7,0.000000
21.424622,coast,0.000000,0.026743,-0.439088,-3,0.000000,0.000000,7,0.000000
21.428049,coast,0.000000,0.025190,-0.445483,-3,0.000000,0.000000,7,0.000000
21.430994,coast,0.000000,0.023841,-0.445749,-3,0.000000,0.000000,7,0.000000
21.434024,coast,0.000000,0.022480,-0.447881,-3,0.000000,0.000000,7,0.000000
21.437227,coast,0.000000,0.021023,-0.456941,-3,0.000000,0.000000,7,0.000000
21.440425,coast,0.000000,0.019596,-0.455608,-3,0.000000,0.000000,7,0.000000
21.443648,coast,0.000000,0.018101,-0.458806,-3,0.000000,0.000000,7,0.000000
21.446646,coast,0.000000,0.016680,-0.461470,-3,0.000000,0.000000,7,0.000000
21.449662,coast,0.000000,0.015365,-0.466267,-3,0.000000,0.000000,7,0.000000
21.452631,coast,0.000000,0.014288,-0.459872,-3,0.000000,0.000000,7,0.000000
21.455940,coast,0.000000,0.012519,-0.463602,-3,0.000000,0.000000,7,0.000000
21.458875,coast,0.000000,0.011417,-0.468398,-3,0.000000,0.000000,7,0.000000
21.461840,coast,0.000000,0.009992,-0.461470,-3,0.000000,0.000000,7,0.000000
21.464885,coast,0.000000,0.008637,-0.468132,-3,0.000000,0.000000,7,0.000000
21.468122,coast,0.000000,0.007327,-0.461470,-3,0.000000,0.000000,7,0.000000
21.471311,coast,0.000000,0.005979,-0.457740,-3,0.000000,0.000000,7,0.000000
21.474488,coast,0.000000,0.004669,-0.460405,-3,0.000000,0.000000,7,0.000000
21.477684,coast,0.000000,0.003378,-0.454809,-3,0.000000,0.000000,7,0.000000
21.481234,coast,0.000000,0.001847,-0.450545,-3,0.000000,0.000000,7,0.000000
21.484694,coast,0.000000,0.000394,-0.450279,-3,0.000000,0.000000,7,0.000000
21.487652,coast,0.000000,-0.000817,-0.447081,-2,0.000000,0.000000,7,0.000000
21.490741,coast,0.000000,-0.002195,-0.448947,-2,0.000000,0.000000,7,0.000000
21.493692,coast,0.000000,-0.003485,-0.447614,-2,0.000000,0.000000,7,0.000000
21.496657,coast,0.000000,-0.004676,-0.447081,-2,0.000000,0.000000,7,0.000000
21.499599,coast,0.000000,-0.005965,-0.447881,-2,0.000000,0.000000,7,0.000000
21.502551,coast,0.000000,-0.007200,-0.446548,-2,0.000000,0.000000,7,0.000000
21.505628,coast,0.000000,-0.008493,-0.443617,-2,0.000000,0.000000,7,0.000000
21.508792,coast,0.000000,-0.009564,-0.450545,-2,0.000000,0.000000,7,0.000000
21.512296,coast,0.000000,-0.011047,-0.433225,-2,0.000000,0.000000,7,0.000000
21.515708,coast,0.000000,-0.012364,-0.429495,-2,0.000000,0.000000,7,0.000000
21.518658,coast,0.000000,-0.013062,-0.430294,-2,0.000000,0.000000,7,0.000000
21.521595,coast,0.000000,-0.014076,-0.412175,-2,0.000000,0.000000,7,0.000000
21.524572,coast,0.000000,-0.014938,-0.400717,-2,0.000000,0.000000,7,0.000000
21.527535,coast,0.000000,-0.015680,-0.388193,-2,0.000000,0.000000,7,0.000000
21.530496,coast,0.000000,-0.016479,-0.378068,-2,0.000000,0.000000,7,0.000000
21.533711,coast,0.000000,-0.017240,-0.369008,-1,0.000000,0.000000,7,0.000000
21.536673,coast,0.000000,-0.017984,-0.351954,-1,0.000000,0.000000,7,0.000000
21.539602,coast,0.000000,-0.018648,-0.343428,-1,0.000000,0.000000,7,0.000000
21.542558,coast,0.000000,-0.019277,-0.332236,-1,0.000000,0.000000,7,0.000000
21.545528,coast,0.000000,-0.019950,-0.321578,-1,0.000000,0.000000,7,0.000000
21.548512,coast,0.000000,-0.020561,-0.310919,-1,0.000000,0.000000,7,0.000000
21.551483,coast,0.000000,-0.021176,-0.302659,-1,0.000000,0.000000,7,0.000000
21.554767,coast,0.000000,-0.021852,-0.293333,-1,0.000000,0.000000,7,0.000000
21.558129,coast,0.000000,-0.022570,-0.287204,-1,0.000000,0.000000,7,0.000000
21.561692,coast,0.000000,-0.023301,-0.277611,-1,0.000000,0.000000,7,0.000000
21.564844,coast,0.000000,-0.023902,-0.267486,0,0.000000,0.000000,7,0.000000
21.567679,coast,0.000000,-0.024401,-0.260291,0,0.000000,0.000000,7,0.000000
21.570415,coast,0.000000,-0.024823,-0.250699,0,0.000000,0.000000,7,0.000000
21.573129,coast,0.000000,-0.025252,-0.244836,0,0.000000,0.000000,7,0.000000
21.575908,coast,0.000000,-0.025686,-0.240307,0,0.000000,0.000000,7,0.000000
21.578904,coast,0.000000,-0.026141,-0.230447,0,0.000000,0.000000,7,0.000000
21.581873,coast,0.000000,-0.026551,-0.224319,0,0.000000,0.000000,7,0.000000
21.584861,coast,0.000000,-0.026992,-0.217924,0,0.000000,0.000000,7,0.000000
21.587821,coast,0.000000,-0.027371,-0.209130,0,0.000000,0.000000,7,0.000000
21.590828,coast,0.000000,-0.027722,-0.200604,0,0.000000,0.000000,7,0.000000
21.593861,coast,0.000000,-0.028063,-0.192610,0,0.000000,0.000000,7,0.000000
21.596825,coast,0.000000,-0.028388,-0.183816,0,0.000000,0.000000,7,0.000000
21.599760,coast,0.000000,-0.028670,-0.178221,0,0.000000,0.000000,7,0.000000
21.602685,coast,0.000000,-0.028934,-0.170227,0,0.000000,0.000000,7,0.000000
21.606013,coast,0.000000,-0.029259,-0.158769,0,0.000000,0.000000,7,0.000000
21.608945,coast,0.000000,-0.029440,-0.149443,0,0.000000,0.000000,7,0.000000
21.611951,coast,0.000000,-0.029674,-0.146778,0,0.000000,0.000000,7,0.000000
21.614894,coast,0.000000,-0.029876,-0.137718,0,0.000000,0.000000,7,0.000000
21.617858,coast,0.000000,-0.030042,-0.131057,0,0.000000,0.000000,7,0.000000
21.620759,coast,0.000000,-0.030217,-0.125195,0,0.000000,0.000000,7,0.000000
21.623698,coast,0.000000,-0.030364,-0.114270,0,0.000000,0.000000,7,0.000000
21.626701,coast,0.000000,-0.030505,-0.108941,0,0.000000,0.000000,7,0.000000
21.629882,coast,0.000000,-0.030668,-0.105743,0,0.000000,0.000000,7,0.000000
21.633090,coast,0.000000,-0.030784,-0.097749,1,0.000000,0.000000,7,0.000000
21.636297,coast,0.000000,-0.030891,-0.092420,1,0.000000,0.000000,7,0.000000
21.639026,coast,0.000000,-0.030979,-0.087357,1,0.000000,0.000000,7,0.000000
21.642140,coast,0.000000,-0.031080,-0.080163,1,0.000000,0.000000,7,0.000000
21.644916,coast,0.000000,-0.031159,-0.074300,1,0.000000,0.000000,7,0.000000
21.647674,coast,0.000000,-0.031236,-0.073501,1,0.000000,0.000000,7,0.000000
21.650444,coast,0.000000,-0.031285,-0.066839,1,0.000000,0.000000,7,0.000000
21.653190,coast,0.000000,-0.031338,-0.062576,1,0.000000,0.000000,7,0.000000
21.655966,coast,0.000000,-0.031342,-0.057780,1,0.000000,0.000000,7,0.000000
21.658897,coast,0.000000,-0.031351,-0.053783,1,0.000000,0.000000,7,0.000000
21.661864,coast,0.000000,-0.031372,-0.051385,1,0.000000,0.000000,7,0.000000
21.664814,coast,0.000000,-0.031370,-0.044457,1,0.000000,0.000000,7,0.000000
21.667876,coast,0.000000,-0.031357,-0.036996,1,0.000000,0.000000,7,0.000000
21.671061,coast,0.000000,-0.031319,-0.034065,1,0.000000,0.000000,7,0.000000
21.674293,coast,0.000000,-0.031311,-0.030334,1,0.000000,0.000000,7,0.000000
21.677514,coast,0.000000,-0.031260,-0.025271,1,0.000000,0.000000,7,0.000000
21.680736,coast,0.000000,-0.031170,-0.018343,1,0.000000,0.000000,7,0.000000
21.683954,coast,0.000000,-0.031101,-0.015945,1,0.000000,0.000000,7,0.000000
21.687094,coast,0.000000,-0.030986,-0.006352,1,0.000000,0.000000,7,0.000000
21.689867,coast,0.000000,-0.030858,-0.000757,1,0.000000,0.000000,7,0.000000
21.692626,coast,0.000000,-0.030713,0.003240,1,0.000000,0.000000,7,0.000000
21.695411,coast,0.000000,-0.030546,0.008569,1,0.000000,0.000000,7,0.000000
21.698292,coast,0.000000,-0.030376,0.017363,1,0.000000,0.000000,7,0.000000
21.701218,coast,0.000000,-0.030170,0.019228,1,0.000000,0.000000,7,0.000000
21.704195,coast,0.000000,-0.029948,0.027488,1,0.000000,0.000000,7,0.000000
21.707144,coast,0.000000,-0.029764,0.031485,1,0.000000,0.000000,7,0.000000
21.710303,coast,0.000000,-0.029539,0.036015,1,0.000000,0.000000,7,0.000000
21.713297,coast,0.000000,-0.029284,0.045341,1,0.000000,0.000000,7,0.000000
21.716287,coast,0.000000,-0.029032,0.048805,1,0.000000,0.000000,7,0.000000
21.719359,coast,0.000000,-0.028755,0.053335,1,0.000000,0.000000,7,0.000000
21.722520,coast,0.000000,-0.028477,0.059464,1,0.000000,0.000000,7,0.000000
21.725723,coast,0.000000,-0.028183,0.061595,1,0.000000,0.000000,7,0.000000
21.728920,coast,0.000000,-0.027866,0.069856,1,0.000000,0.000000,7,0.000000
21.732126,coast,0.000000,-0.027530,0.075452,1,0.000000,0.000000,7,0.000000
21.735637,coast,0.000000,-0.027143,0.078116,1,0.000000,0.000000,7,0.000000
21.738814,coast,0.000000,-0.026782,0.081847,1,0.000000,0.000000,7,0.000000
21.742041,coast,0.000000,-0.026437,0.088242,1,0.000000,0.000000,7,0.000000
21.745279,coast,0.000000,-0.026064,0.088775,1,0.000000,0.000000,7,0.000000
21.748583,coast,0.000000,-0.025681,0.093571,1,0.000000,0.000000,7,0.000000
21.751552,coast,0.000000,-0.025269,0.096502,1,0.000000,0.000000,7,0.000000
21.754504,coast,0.000000,-0.024919,0.099433,1,0.000000,0.000000,7,0.000000
21.757489,coast,0.000000,-0.024549,0.102364,1,0.000000,0.000000,7,0.000000
21.760823,coast,0.000000,-0.024120,0.108759,1,0.000000,0.000000,7,0.000000
21.764088,coast,0.000000,-0.023693,0.110092,1,0.000000,0.000000,7,0.000000
21.767064,coast,0.000000,-0.023270,0.115154,1,0.000000,0.000000,7,0.000000
21.770069,coast,0.000000,-0.022859,0.118618,1,0.000000,0.000000,7,0.000000
21.773035,coast,0.000000,-0.022449,0.119418,1,0.000000,0.000000,7,0.000000
21.775984,coast,0.000000,-0.021984,0.123948,1,0.000000,0.000000,7,0.000000
21.778975,coast,0.000000,-0.021530,0.128744,1,0.000000,0.000000,7,0.000000
21.782364,coast,0.000000,-0.021018,0.132208,1,0.000000,0.000000,7,0.000000
21.785592,coast,0.000000,-0.020533,0.133274,1,0.000000,0.000000,7,0.000000
21.788771,coast,0.000000,-0.020054,0.138337,1,0.000000,0.000000,7,0.000000
21.791842,coast,0.000000,-0.019573,0.139403,1,0.000000,0.000000,7,0.000000
21.794590,coast,0.000000,-0.019122,0.144199,1,0.000000,0.000000,7,0.000000
21.797345,coast,0.000000,-0.018657,0.146597,1,0.000000,0.000000,7,0.000000
21.800505,coast,0.000000,-0.018134,0.146064,1,0.000000,0.000000,7,0.000000
21.803959,coast,0.000000,-0.017559,0.153259,1,0.000000,0.000000,7,0.000000
21.807388,coast,0.000000,-0.016967,0.154058,1,0.000000,0.000000,7,0.000000
21.810551,coast,0.000000,-0.016414,0.156456,1,0.000000,0.000000,7,0.000000
21.813738,coast,0.000000,-0.015856,0.160453,1,0.000000,0.000000,7,0.000000
21.816904,coast,0.000000,-0.015301,0.163118,1,0.000000,0.000000,7,0.000000
21.820166,coast,0.000000,-0.014754,0.162851,1,0.000000,0.000000,7,0.000000
21.823235,coast,0.000000,-0.014237,0.167648,1,0.000000,0.000000,7,0.000000
21.826448,coast,0.000000,-0.013670,0.167115,1,0.000000,0.000000,7,0.000000
21.829175,coast,0.000000,-0.013155,0.171112,1,0.000000,0.000000,7,0.000000
21.832147,coast,0.000000,-0.012584,0.174309,1,0.000000,0.000000,7,0.000000
21.834924,coast,0.000000,-0.012063,0.174576,1,0.000000,0.000000,7,0.000000
21.837776,coast,0.000000,-0.011580,0.175908,1,0.000000,0.000000,7,0.000000
21.840538,coast,0.000000,-0.011088,0.176974,1,0.000000,0.000000,7,0.000000
21.844237,coast,0.000000,-0.010413,0.180438,1,0.000000,0.000000,7,0.000000
21.847343,coast,0.000000,-0.009834,0.181237,1,0.000000,0.000000,7,0.000000
21.850720,coast,0.000000,-0.009172,0.184168,1,0.000000,0.000000,7,0.000000
21.853569,coast,0.000000,-0.008621,0.185767,1,0.000000,0.000000,7,0.000000
21.856523,coast,0.000000,-0.008088,0.186833,1,0.000000,0.000000,7,0.000000
21.859764,coast,0.000000,-0.007475,0.187632,1,0.000000,0.000000,7,0.000000
21.862710,coast,0.000000,-0.006905,0.189231,1,0.000000,0.000000,7,0.000000
21.865282,coast,0.000000,-0.006412,0.190030,1,0.000000,0.000000,7,0.000000
21.868102,coast,0.000000,-0.005874,0.192429,1,0.000000,0.000000,7,0.000000
21.870222,coast,0.000000,-0.005479,0.190297,1,0.000000,0.000000,7,0.000000
21.872406,coast,0.000000,-0.005025,0.191896,1,0.000000,0.000000,7,0.000000
21.874600,coast,0.000000,-0.004598,0.196425,1,0.000000,0.000000,7,0.000000
21.876834,coast,0.000000,-0.004170,0.193228,1,0.000000,0.000000,7,0.000000
21.879058,coast,0.000000,-0.003734,0.196159,1,0.000000,0.000000,7,0.000000
21.881676,coast,0.000000,-0.003220,0.195360,1,0.000000,0.000000,7,0.000000
21.883985,coast,0.000000,-0.002776,0.197491,1,0.000000,0.000000,7,0.000000
21.886271,coast,0.000000,-0.002320,0.196692,1,0.000000,0.000000,7,0.000000
21.888563,coast,0.000000,-0.001900,0.198291,1,0.000000,0.000000,7,0.000000
21.890807,coast,0.000000,-0.001471,0.200689,1,0.000000,0.000000,7,0.000000
21.893809,coast,0.000000,-0.000938,0.200689,1,0.000000,0.000000,7,0.000000
21.895983,coast,0.000000,-0.000517,0.200689,1,0.000000,0.000000,7,0.000000
21.898166,coast,0.000000,-0.000101,0.202021,1,0.000000,0.000000,7,0.000000
21.900358,coast,0.000000,0.000322,0.203087,1,0.000000,0.000000,7,0.000000
21.903107,coast,0.000000,0.000842,0.202554,1,0.000000,0.000000,7,0.000000
21.905872,coast,0.000000,0.001385,0.197758,1,0.000000,0.000000,7,0.000000
21.908729,coast,0.000000,0.001926,0.202554,1,0.000000,0.000000,7,0.000000
21.911527,coast,0.000000,0.002475,0.204952,1,0.000000,0.000000,7,0.000000
21.914505,coast,0.000000,0.003057,0.201755,1,0.000000,0.000000,7,0.000000
21.917469,coast,0.000000,0.003631,0.205485,1,0.000000,0.000000,7,0.000000
21.920718,coast,0.000000,0.004273,0.204419,1,0.000000,0.000000,7,0.000000
21.923673,coast,0.000000,0.004838,0.201488,1,0.000000,0.000000,7,0.000000
21.926645,coast,0.000000,0.005422,0.202021,1,0.000000,0.000000,7,0.000000
21.929622,coast,0.000000,0.005985,0.202554,1,0.000000,0.000000,7,0.000000
21.932581,coast,0.000000,0.006549,0.202821,1,0.000000,0.000000,7,0.000000
21.935910,coast,0.000000,0.007166,0.200955,1,0.000000,0.000000,7,0.000000
21.938851,coast,0.000000,0.007714,0.199357,1,0.000000,0.000000,7,0.000000
21.941777,coast,0.000000,0.008259,0.199889,1,0.000000,0.000000,7,0.000000
21.944735,coast,0.000000,0.008812,0.197225,1,0.000000,0.000000,7,0.000000
21.947690,coast,0.000000,0.009383,0.196425,1,0.000000,0.000000,7,0.000000
21.950647,coast,0.000000,0.009911,0.193228,1,0.000000,0.000000,7,0.000000
21.953591,coast,0.000000,0.010422,0.196425,1,0.000000,0.000000,7,0.000000
21.956528,coast,0.000000,0.010942,0.193228,1,0.000000,0.000000,7,0.000000
21.959471,coast,0.000000,0.011451,0.188432,1,0.000000,0.000000,7,0.000000
21.962451,coast,0.000000,0.011923,0.184435,1,0.000000,0.000000,7,0.000000
21.965751,coast,0.000000,0.012409,0.186833,1,0.000000,0.000000,7,0.000000
21.968703,coast,0.000000,0.012856,0.188698,1,0.000000,0.000000,7,0.000000
21.971644,coast,0.000000,0.013366,0.183102,1,0.000000,0.000000,7,0.000000
21.974609,coast,0.000000,0.013848,0.179105,1,0.000000,0.000000,7,0.000000
21.977561,coast,0.000000,0.014275,0.177240,1,0.000000,0.000000,7,0.000000
21.980521,coast,0.000000,0.014687,0.173510,1,0.000000,0.000000,7,0.000000
21.983484,coast,0.000000,0.015100,0.172444,1,0.000000,0.000000,7,0.000000
21.986407,coast,0.000000,0.015564,0.171112,1,0.000000,0.000000,7,0.000000
21.989315,coast,0.000000,0.015926,0.167115,1,0.000000,0.000000,7,0.000000
21.992368,coast,0.000000,0.016300,0.164983,1,0.000000,0.000000,7,0.000000
21.995326,coast,0.000000,0.016682,0.161519,1,0.000000,0.000000,7,0.000000
21.998287,coast,0.000000,0.017012,0.159121,1,0.000000,0.000000,7,0.000000
22.001209,coast,0.000000,0.017323,0.156190,1,0.000000,0.000000,7,0.000000
22.004331,coast,0.000000,0.017641,0.152193,1,0.000000,0.000000,7,0.000000
22.007105,coast,0.000000,0.017939,0.149262,1,0.000000,0.000000,7,0.000000
22.009882,coast,0.000000,0.018224,0.144732,1,0.000000,0.000000,7,0.000000
22.012677,coast,0.000000,0.018478,0.138337,1,0.000000,0.000000,7,0.000000
22.015770,coast,0.000000,0.018718,0.132474,1,0.000000,0.000000,7,0.000000
22.018509,coast,0.000000,0.018887,0.129010,1,0.000000,0.000000,7,0.000000
22.021272,coast,0.000000,0.019091,0.121283,1,0.000000,0.000000,7,0.000000
22.024026,coast,0.000000,0.019261,0.118086,1,0.000000,0.000000,7,0.000000
22.027013,coast,0.000000,0.019402,0.111690,1,0.000000,0.000000,7,0.000000
22.029992,coast,0.000000,0.019487,0.103963,1,0.000000,0.000000,7,0.000000
22.032958,coast,0.000000,0.019586,0.094370,1,0.000000,0.000000,7,0.000000
22.035928,coast,0.000000,0.019617,0.089041,1,0.000000,0.000000,7,0.000000
22.038893,coast,0.000000,0.019651,0.085044,1,0.000000,0.000000,7,0.000000
22.041891,coast,0.000000,0.019679,0.077050,1,0.000000,0.000000,7,0.000000
22.044888,coast,0.000000,0.019709,0.066925,1,0.000000,0.000000,7,0.000000
22.047882,coast,0.000000,0.019719,0.066125,1,0.000000,0.000000,7,0.000000
22.050847,coast,0.000000,0.019633,0.055467,1,0.000000,0.000000,7,0.000000
22.053841,coast,0.000000,0.019563,0.046141,1,0.000000,0.000000,7,0.000000
22.057197,coast,0.000000,0.019454,0.038413,1,0.000000,0.000000,7,0.000000
22.060305,coast,0.000000,0.019335,0.031219,1,0.000000,0.000000,7,0.000000
22.063276,coast,0.000000,0.019217,0.022692,1,0.000000,0.000000,7,0.000000
22.066230,coast,0.000000,0.019061,0.013099,1,0.000000,0.000000,7,0.000000
22.069220,coast,0.000000,0.018868,0.009369,1,0.000000,0.000000,7,0.000000
22.072537,coast,0.000000,0.018701,0.002441,1,0.000000,0.000000,7,0.000000
22.076026,coast,0.000000,0.018509,-0.006086,1,0.000000,0.000000,7,0.000000
22.079298,coast,0.000000,0.018289,-0.012748,1,0.000000,0.000000,7,0.000000
22.082750,coast,0.000000,0.018072,-0.023140,1,0.000000,0.000000,7,0.000000
22.086023,coast,0.000000,0.017860,-0.026337,1,0.000000,0.000000,7,0.000000
22.088745,coast,0.000000,0.017640,-0.032199,1,0.000000,0.000000,7,0.000000
22.091727,coast,0.000000,0.017434,-0.035130,1,0.000000,0.000000,7,0.000000
22.094478,coast,0.000000,0.017225,-0.038062,1,0.000000,0.000000,7,0.000000
22.097657,coast,0.000000,0.016980,-0.043657,1,0.000000,0.000000,7,0.000000
22.101003,coast,0.000000,0.016748,-0.044723,1,0.000000,0.000000,7,0.000000
22.104219,coast,0.000000,0.016549,-0.048986,1,0.000000,0.000000,7,0.000000
22.107291,coast,0.000000,0.016316,-0.053516,1,0.000000,0.000000,7,0.000000
22.110273,coast,0.000000,0.016100,-0.053516,1,0.000000,0.000000,7,0.000000
22.113237,coast,0.000000,0.015901,-0.057247,1,0.000000,0.000000,7,0.000000
22.116321,coast,0.000000,0.015646,-0.059911,1,0.000000,0.000000,7,0.000000
22.119077,coast,0.000000,0.015406,-0.058313,1,0.000000,0.000000,7,0.000000
22.121847,coast,0.000000,0.015204,-0.062310,1,0.000000,0.000000,7,0.000000
22.124659,coast,0.000000,0.014962,-0.064441,1,0.000000,0.000000,7,0.000000
22.127478,coast,0.000000,0.014733,-0.064974,1,0.000000,0.000000,7,0.000000
22.130272,coast,0.000000,0.014518,-0.067905,1,0.000000,0.000000,7,0.000000
22.133024,coast,0.000000,0.014303,-0.069504,1,0.000000,0.000000,7,0.000000
22.135834,coast,0.000000,0.014076,-0.074034,1,0.000000,0.000000,7,0.000000
22.138777,coast,0.000000,0.013832,-0.075366,1,0.000000,0.000000,7,0.000000
22.141814,coast,0.000000,0.013584,-0.077498,1,0.000000,0.000000,7,0.000000
22.144770,coast,0.000000,0.013319,-0.077231,1,0.000000,0.000000,7,0.000000
22.147746,coast,0.000000,0.013058,-0.081761,1,0.000000,0.000000,7,0.000000
22.150500,coast,0.000000,0.012804,-0.082827,1,0.000000,0.000000,7,0.000000
22.153284,coast,0.000000,0.012562,-0.082827,1,0.000000,0.000000,7,0.000000
22.156064,coast,0.000000,0.012346,-0.083094,1,0.000000,0.000000,7,0.000000
22.159087,coast,0.000000,0.012103,-0.086291,1,0.000000,0.000000,7,0.000000
22.162307,coast,0.000000,0.011841,-0.085758,1,0.000000,0.000000,7,0.000000
22.165511,coast,0.000000,0.011589,-0.084959,1,0.000000,0.000000,7,0.000000
22.168513,coast,0.000000,0.011327,-0.088956,1,0.000000,0.000000,7,0.000000
22.171480,coast,0.000000,0.011077,-0.087890,1,0.000000,0.000000,7,0.000000
22.174458,coast,0.000000,0.010847,-0.087624,1,0.000000,0.000000,7,0.000000
22.177489,coast,0.000000,0.010602,-0.087357,1,0.000000,0.000000,7,0.000000
22.181098,coast,0.000000,0.010297,-0.086025,1,0.000000,0.000000,7,0.000000
22.184708,coast,0.000000,0.010011,-0.085225,1,0.000000,0.000000,7,0.000000
22.187813,coast,0.000000,0.009777,-0.089755,1,0.000000,0.000000,7,0.000000
22.191074,coast,0.000000,0.009509,-0.088156,1,0.000000,0.000000,7,0.000000
22.194081,coast,0.000000,0.009241,-0.091887,1,0.000000,0.000000,7,0.000000
22.197062,coast,0.000000,0.008988,-0.088423,1,0.000000,0.000000,7,0.000000
22.200300,coast,0.000000,0.008745,-0.091354,1,0.000000,0.000000,7,0.000000
22.203271,coast,0.000000,0.008453,-0.091620,1,0.000000,0.000000,7,0.000000
22.206320,coast,0.000000,0.008166,-0.093752,1,0.000000,0.000000,7,0.000000
22.209499,coast,0.000000,0.007853,-0.092686,1,0.000000,0.000000,7,0.000000
22.213053,coast,0.000000,0.007499,-0.095884,1,0.000000,0.000000,7,0.000000
22.216261,coast,0.000000,0.007164,-0.093486,1,0.000000,0.000000,7,0.000000
22.219079,coast,0.000000,0.006915,-0.096417,1,0.000000,0.000000,7,0.000000
22.221861,coast,0.000000,0.006640,-0.095884,1,0.000000,0.000000,7,0.000000
22.224609,coast,0.000000,0.006354,-0.099881,1,0.000000,0.000000,7,0.000000
22.227479,coast,0.000000,0.006115,-0.096150,1,0.000000,0.000000,7,0.000000
22.231069,coast,0.000000,0.005751,-0.098815,1,0.000000,0.000000,7,0.000000
22.234277,coast,0.000000,0.005423,-0.097749,1,0.000000,0.000000,7,0.000000
22.237418,coast,0.000000,0.005138,-0.098815,1,0.000000,0.000000,7,0.000000
22.240361,coast,0.000000,0.004853,-0.099081,1,0.000000,0.000000,7,0.000000
22.243333,coast,0.000000,0.004565,-0.099614,1,0.000000,0.000000,7,0.000000
22.246440,coast,0.000000,0.004301,-0.098016,1,0.000000,0.000000,7,0.000000
22.249489,coast,0.000000,0.004018,-0.099348,1,0.000000,0.000000,7,0.000000
22.252656,coast,0.000000,0.003755,-0.100414,1,0.000000,0.000000,7,0.000000
22.255840,coast,0.000000,0.003464,-0.098282,1,0.000000,0.000000,7,0.000000
22.259042,coast,0.000000,0.003207,-0.096417,1,0.000000,0.000000,7,0.000000
22.262401,coast,0.000000,0.002911,-0.098282,1,0.000000,0.000000,7,0.000000
22.265418,coast,0.000000,0.002680,-0.093752,1,0.000000,0.000000,7,0.000000
22.268424,coast,0.000000,0.002445,-0.097216,1,0.000000,0.000000,7,0.000000
22.271631,coast,0.000000,0.002168,-0.095351,1,0.000000,0.000000,7,0.000000
22.274835,coast,0.000000,0.001914,-0.093486,1,0.000000,0.000000,7,0.000000
22.278064,coast,0.000000,0.001628,-0.095617,1,0.000000,0.000000,7,0.000000
22.280846,coast,0.000000,0.001418,-0.093752,1,0.000000,0.000000,7,0.000000
22.283623,coast,0.000000,0.001195,-0.095617,1,0.000000,0.000000,7,0.000000
22.286370,coast,0.000000,0.001005,-0.092153,1,0.000000,0.000000,7,0.000000
22.289195,coast,0.000000,0.000787,-0.092686,1,0.000000,0.000000,7,0.000000
22.292519,coast,0.000000,0.000551,-0.089755,1,0.000000,0.000000,7,0.000000
22.295829,coast,0.000000,0.000275,-0.090555,1,0.000000,0.000000,7,0.000000
22.298752,coast,0.000000,0.000045,-0.091620,1,0.000000,0.000000,7,0.000000
22.301945,coast,0.000000,-0.000187,-0.086025,1,0.000000,0.000000,7,0.000000
22.304887,coast,0.000000,-0.000379,-0.087357,1,0.000000,0.000000,7,0.000000
22.307873,coast,0.000000,-0.000567,-0.086558,1,0.000000,0.000000,7,0.000000
22.310787,coast,0.000000,-0.000767,-0.085492,1,0.000000,0.000000,7,0.000000
22.313768,coast,0.000000,-0.001009,-0.088156,1,0.000000,0.000000,7,0.000000
22.316700,coast,0.000000,-0.001192,-0.086291,1,0.000000,0.000000,7,0.000000
22.319793,coast,0.000000,-0.001413,-0.084426,1,0.000000,0.000000,7,0.000000
22.322976,coast,0.000000,-0.001652,-0.086025,1,0.000000,0.000000,7,0.000000
22.326142,coast,0.000000,-0.001861,-0.080695,1,0.000000,0.000000,7,0.000000
22.329302,coast,0.000000,-0.002087,-0.082028,1,0.000000,0.000000,7,0.000000
22.332288,coast,0.000000,-0.002287,-0.080429,1,0.000000,0.000000,7,0.000000
22.335265,coast,0.000000,-0.002505,-0.081228,1,0.000000,0.000000,7,0.000000
22.338237,coast,0.000000,-0.002727,-0.080429,1,0.000000,0.000000,7,0.000000
22.341176,coast,0.000000,-0.002922,-0.079097,1,0.000000,0.000000,7,0.000000
22.344148,coast,0.000000,-0.003116,-0.077231,1,0.000000,0.000000,7,0.000000
22.347115,coast,0.000000,-0.003281,-0.076699,1,0.000000,0.000000,7,0.000000
22.350276,coast,0.000000,-0.003460,-0.077764,1,0.000000,0.000000,7,0.000000
22.353466,coast,0.000000,-0.003666,-0.075100,1,0.000000,0.000000,7,0.000000
22.356680,coast,0.000000,-0.003855,-0.074034,1,0.000000,0.000000,7,0.000000
22.359852,coast,0.000000,-0.004071,-0.074034,1,0.000000,0.000000,7,0.000000
22.363113,coast,0.000000,-0.004264,-0.071369,1,0.000000,0.000000,7,0.000000
22.366368,coast,0.000000,-0.004464,-0.068705,1,0.000000,0.000000,7,0.000000
22.369443,coast,0.000000,-0.004594,-0.071902,1,0.000000,0.000000,7,0.000000
22.372706,coast,0.000000,-0.004780,-0.067372,1,0.000000,0.000000,7,0.000000
22.375668,coast,0.000000,-0.004914,-0.066839,1,0.000000,0.000000,7,0.000000
22.378903,coast,0.000000,-0.005061,-0.063642,1,0.000000,0.000000,7,0.000000
22.381890,coast,0.000000,-0.005148,-0.059378,1,0.000000,0.000000,7,0.000000
22.384849,coast,0.000000,-0.005248,-0.062576,1,0.000000,0.000000,7,0.000000
22.387801,coast,0.000000,-0.005349,-0.060178,1,0.000000,0.000000,7,0.000000
22.390949,coast,0.000000,-0.005445,-0.055648,1,0.000000,0.000000,7,0.000000
22.394167,coast,0.000000,-0.005532,-0.054316,1,0.000000,0.000000,7,0.000000
22.397371,coast,0.000000,-0.005662,-0.055115,1,0.000000,0.000000,7,0.000000
22.400384,coast,0.000000,-0.005752,-0.051651,1,0.000000,0.000000,7,0.000000
22.403323,coast,0.000000,-0.005841,-0.050052,1,0.000000,0.000000,7,0.000000
22.406293,coast,0.000000,-0.005930,-0.046855,1,0.000000,0.000000,7,0.000000
22.409294,coast,0.000000,-0.006054,-0.048454,1,0.000000,0.000000,7,0.000000
22.412304,coast,0.000000,-0.006086,-0.042325,1,0.000000,0.000000,7,0.000000
22.415283,coast,0.000000,-0.006163,-0.044457,1,0.000000,0.000000,7,0.000000
22.418267,coast,0.000000,-0.006232,-0.042858,1,0.000000,0.000000,7,0.000000
22.421011,coast,0.000000,-0.006285,-0.040460,1,0.000000,0.000000,7,0.000000
22.423738,coast,0.000000,-0.006325,-0.040993,1,0.000000,0.000000,7,0.000000
22.426536,coast,0.000000,-0.006375,-0.038328,1,0.000000,0.000000,7,0.000000
22.429393,coast,0.000000,-0.006438,-0.037262,1,0.000000,0.000000,7,0.000000
22.432794,coast,0.000000,-0.006498,-0.031400,1,0.000000,0.000000,7,0.000000
22.436383,coast,0.000000,-0.006560,-0.034065,1,0.000000,0.000000,7,0.000000
22.439536,coast,0.000000,-0.006604,-0.032199,1,0.000000,0.000000,7,0.000000
22.442770,coast,0.000000,-0.006659,-0.029801,1,0.000000,0.000000,7,0.000000
22.445838,coast,0.000000,-0.006681,-0.026604,1,0.000000,0.000000,7,0.000000
22.448826,coast,0.000000,-0.006709,-0.026337,1,0.000000,0.000000,7,0.000000
22.451777,coast,0.000000,-0.006733,-0.024738,1,0.000000,0.000000,7,0.000000
22.454727,coast,0.000000,-0.006735,-0.019676,1,0.000000,0.000000,7,0.000000
22.457706,coast,0.000000,-0.006739,-0.021807,1,0.000000,0.000000,7,0.000000
22.460737,coast,0.000000,-0.006763,-0.021008,1,0.000000,0.000000,7,0.000000
22.463701,coast,0.000000,-0.006772,-0.016478,1,0.000000,0.000000,7,0.000000
22.466638,coast,0.000000,-0.006760,-0.018876,1,0.000000,0.000000,7,0.000000
22.469697,coast,0.000000,-0.006751,-0.012748,1,0.000000,0.000000,7,0.000000
22.472465,coast,0.000000,-0.006730,-0.014080,1,0.000000,0.000000,7,0.000000
22.475188,coast,0.000000,-0.006721,-0.012481,1,0.000000,0.000000,7,0.000000
22.478021,coast,0.000000,-0.006708,-0.010349,1,0.000000,0.000000,7,0.000000
22.480844,coast,0.000000,-0.006663,-0.008751,1,0.000000,0.000000,7,0.000000
22.483859,coast,0.000000,-0.006612,-0.006352,1,0.000000,0.000000,7,0.000000
22.486836,coast,0.000000,-0.006569,-0.005287,1,0.000000,0.000000,7,0.000000
22.489798,coast,0.000000,-0.006535,-0.003155,1,0.000000,0.000000,7,0.000000
22.492760,coast,0.000000,-0.006463,-0.001823,1,0.000000,0.000000,7,0.000000
22.495732,coast,0.000000,-0.006407,-0.000224,1,0.000000,0.000000,7,0.000000
22.498671,coast,0.000000,-0.006284,0.004572,1,0.000000,0.000000,7,0.000000
22.501597,coast,0.000000,-0.006206,0.005638,1,0.000000,0.000000,7,0.000000
22.504525,coast,0.000000,-0.006104,0.006704,1,0.000000,0.000000,7,0.000000
22.507479,coast,0.000000,-0.006023,0.009369,1,0.000000,0.000000,7,0.000000
22.510483,coast,0.000000,-0.005948,0.010701,1,0.000000,0.000000,7,0.000000
22.513688,coast,0.000000,-0.005847,0.012566,1,0.000000,0.000000,7,0.000000
22.516890,coast,0.000000,-0.005738,0.012566,1,0.000000,0.000000,7,0.000000
22.520118,coast,0.000000,-0.005646,0.017096,1,0.000000,0.000000,7,0.000000
22.522913,coast,0.000000,-0.005537,0.017629,1,0.000000,0.000000,7,0.000000
22.525663,coast,0.000000,-0.005456,0.020827,1,0.000000,0.000000,7,0.000000
22.528405,coast,0.000000,-0.005354,0.020294,1,0.000000,0.000000,7,0.000000
22.531295,coast,0.000000,-0.005246,0.023758,1,0.000000,0.000000,7,0.000000
22.534492,coast,0.000000,-0.005114,0.022958,1,0.000000,0.000000,7,0.000000
22.537683,coast,0.000000,-0.004979,0.025889,1,0.000000,0.000000,7,0.000000
22.540854,coast,0.000000,-0.004853,0.026422,1,0.000000,0.000000,7,0.000000
22.544026,coast,0.000000,-0.004737,0.026689,1,0.000000,0.000000,7,0.000000
22.547195,coast,0.000000,-0.004624,0.028288,1,0.000000,0.000000,7,0.000000
22.550558,coast,0.000000,-0.004475,0.029620,1,0.000000,0.000000,7,0.000000
22.553657,coast,0.000000,-0.004395,0.025889,1,0.000000,0.000000,7,0.000000
22.556772,coast,0.000000,-0.004268,0.030153,1,0.000000,0.000000,7,0.000000
22.559843,coast,0.000000,-0.004143,0.028021,1,0.000000,0.000000,7,0.000000
22.562616,coast,0.000000,-0.004035,0.030686,1,0.000000,0.000000,7,0.000000
22.565749,coast,0.000000,-0.003901,0.031219,1,0.000000,0.000000,7,0.000000
22.568492,coast,0.000000,-0.003785,0.032551,1,0.000000,0.000000,7,0.000000
22.571356,coast,0.000000,-0.003691,0.034416,1,0.000000,0.000000,7,0.000000
22.574297,coast,0.000000,-0.003561,0.031485,1,0.000000,0.000000,7,0.000000
22.577231,coast,0.000000,-0.003430,0.033617,1,0.000000,0.000000,7,0.000000
22.580532,coast,0.000000,-0.003307,0.034949,1,0.000000,0.000000,7,0.000000
22.583761,coast,0.000000,-0.003170,0.036282,1,0.000000,0.000000,7,0.000000
22.586716,coast,0.000000,-0.003055,0.033350,1,0.000000,0.000000,7,0.000000
22.589805,coast,0.000000,-0.002916,0.037880,1,0.000000,0.000000,7,0.000000
22.592737,coast,0.000000,-0.002795,0.035216,1,0.000000,0.000000,7,0.000000
22.595929,coast,0.000000,-0.002683,0.037347,1,0.000000,0.000000,7,0.000000
22.598970,coast,0.000000,-0.002541,0.038413,1,0.000000,0.000000,7,0.000000
22.601882,coast,0.000000,-0.002426,0.040278,1,0.000000,0.000000,7,0.000000
22.604639,coast,0.000000,-0.002323,0.036814,1,0.000000,0.000000,7,0.000000
22.607380,coast,0.000000,-0.002253,0.036548,1,0.000000,0.000000,7,0.000000
22.610126,coast,0.000000,-0.002147,0.038413,1,0.000000,0.000000,7,0.000000
22.612997,coast,0.000000,-0.002036,0.039479,1,0.000000,0.000000,7,0.000000
22.615958,coast,0.000000,-0.001910,0.035749,1,0.000000,0.000000,7,0.000000
22.618941,coast,0.000000,-0.001790,0.038147,1,0.000000,0.000000,7,0.000000
22.621895,coast,0.000000,-0.001685,0.034949,1,0.000000,0.000000,7,0.000000
22.624999,coast,0.000000,-0.001566,0.035482,1,0.000000,0.000000,7,0.000000
22.627975,coast,0.000000,-0.001461,0.035749,1,0.000000,0.000000,7,0.000000
22.630900,coast,0.000000,-0.001379,0.037347,1,0.000000,0.000000,7,0.000000
22.633847,coast,0.000000,-0.001272,0.036548,1,0.000000,0.000000,7,0.000000
22.636774,coast,0.000000,-0.001181,0.033883,1,0.000000,0.000000,7,0.000000
22.639803,coast,0.000000,-0.001064,0.037081,1,0.000000,0.000000,7,0.000000
22.642916,coast,0.000000,-0.000969,0.036548,1,0.000000,0.000000,7,0.000000
22.646298,coast,0.000000,-0.000846,0.032818,1,0.000000,0.000000,7,0.000000
22.649234,coast,0.000000,-0.000764,0.032818,1,0.000000,0.000000,7,0.000000
22.652326,coast,0.000000,-0.000679,0.033350,1,0.000000,0.000000,7,0.000000
22.654904,coast,0.000000,-0.000590,0.034416,1,0.000000,0.000000,7,0.000000
22.657510,coast,0.000000,-0.000496,0.033617,1,0.000000,0.000000,7,0.000000
22.660094,coast,0.000000,-0.000406,0.031752,1,0.000000,0.000000,7,0.000000
22.662898,coast,0.000000,-0.000320,0.033883,1,0.000000,0.000000,7,0.000000
22.666340,coast,0.000000,-0.000204,0.031752,1,0.000000,0.000000,7,0.000000
22.669516,coast,0.000000,-0.000097,0.033084,1,0.000000,0.000000,7,0.000000
22.672718,coast,0.000000,-0.000016,0.031219,1,0.000000,0.000000,7,0.000000
22.675938,coast,0.000000,0.000075,0.031485,1,0.000000,0.000000,7,0.000000
22.679121,coast,0.000000,0.000179,0.031752,1,0.000000,0.000000,7,0.000000
22.682356,coast,0.000000,0.000280,0.030153,1,0.000000,0.000000,7,0.000000
22.685321,coast,0.000000,0.000355,0.030952,1,0.000000,0.000000,7,0.000000
22.688555,coast,0.000000,0.000491,0.031752,1,0.000000,0.000000,7,0.000000
22.691485,coast,0.000000,0.000568,0.028288,1,0.000000,0.000000,7,0.000000
22.694553,coast,0.000000,0.000647,0.028821,1,0.000000,0.000000,7,0.000000
22.697764,coast,0.000000,0.000717,0.028288,1,0.000000,0.000000,7,0.000000
22.700950,coast,0.000000,0.000805,0.028288,1,0.000000,0.000000,7,0.000000
22.704131,coast,0.000000,0.000877,0.028021,1,0.000000,0.000000,7,0.000000
22.707338,coast,0.000000,0.000942,0.026955,1,0.000000,0.000000,7,0.000000
22.710277,coast,0.000000,0.001014,0.024024,1,0.000000,0.000000,7,0.000000
22.713279,coast,0.000000,0.001057,0.025889,1,0.000000,0.000000,7,0.000000
22.716550,coast,0.000000,0.001136,0.023491,1,0.000000,0.000000,7,0.000000
22.719707,coast,0.000000,0.001195,0.023225,1,0.000000,0.000000,7,0.000000
22.722888,coast,0.000000,0.001235,0.022425,1,0.000000,0.000000,7,0.000000
22.725969,coast,0.000000,0.001297,0.020294,1,0.000000,0.000000,7,0.000000
22.728886,coast,0.000000,0.001355,0.023758,1,0.000000,0.000000,7,0.000000
22.731878,coast,0.000000,0.001397,0.020027,1,0.000000,0.000000,7,0.000000
22.734847,coast,0.000000,0.001458,0.019228,1,0.000000,0.000000,7,0.000000
22.737801,coast,0.000000,0.001495,0.019228,1,0.000000,0.000000,7,0.000000
22.740736,coast,0.000000,0.001530,0.013899,1,0.000000,0.000000,7,0.000000
22.743705,coast,0.000000,0.001564,0.017363,1,0.000000,0.000000,7,0.000000
22.746649,coast,0.000000,0.001566,0.014698,1,0.000000,0.000000,7,0.000000
22.749594,coast,0.000000,0.001596,0.013899,1,0.000000,0.000000,7,0.000000
22.752561,coast,0.000000,0.001612,0.012300,1,0.000000,0.000000,7,0.000000
22.755530,coast,0.000000,0.001618,0.012833,1,0.000000,0.000000,7,0.000000
22.758501,coast,0.000000,0.001634,0.016030,1,0.000000,0.000000,7,0.000000
22.761477,coast,0.000000,0.001684,0.010968,1,0.000000,0.000000,7,0.000000
22.764531,coast,0.000000,0.001704,0.012300,1,0.000000,0.000000,7,0.000000
22.767298,coast,0.000000,0.001735,0.009902,1,0.000000,0.000000,7,0.000000
22.770061,coast,0.000000,0.001760,0.008569,1,0.000000,0.000000,7,0.000000
22.772811,coast,0.000000,0.001801,0.009102,1,0.000000,0.000000,7,0.000000
22.775940,coast,0.000000,0.001795,0.007770,1,0.000000,0.000000,7,0.000000
22.779128,coast,0.000000,0.001783,0.006438,1,0.000000,0.000000,7,0.000000
22.782674,coast,0.000000,0.001807,0.004839,1,0.000000,0.000000,7,0.000000
22.786212,coast,0.000000,0.001839,0.006704,1,0.000000,0.000000,7,0.000000
22.789157,coast,0.000000,0.001834,0.002974,1,0.000000,0.000000,7,0.000000
22.792298,coast,0.000000,0.001839,0.005638,1,0.000000,0.000000,7,0.000000
22.795559,coast,0.000000,0.001855,0.002174,1,0.000000,0.000000,7,0.000000
22.798749,coast,0.000000,0.001870,0.003773,1,0.000000,0.000000,7,0.000000
22.802205,coast,0.000000,0.001883,0.002707,1,0.000000,0.000000,7,0.000000
22.805419,coast,0.000000,0.001856,0.000043,1,0.000000,0.000000,7,0.000000
22.808737,coast,0.000000,0.001865,-0.002622,1,0.000000,0.000000,7,0.000000
22.811703,coast,0.000000,0.001818,-0.002356,1,0.000000,0.000000,7,0.000000
22.814654,coast,0.000000,0.001800,-0.001823,1,0.000000,0.000000,7,0.000000
22.817758,coast,0.000000,0.001758,-0.002888,1,0.000000,0.000000,7,0.000000
22.820943,coast,0.000000,0.001757,-0.005553,1,0.000000,0.000000,7,0.000000
22.824112,coast,0.000000,0.001713,-0.007152,1,0.000000,0.000000,7,0.000000
22.827171,coast,0.000000,0.001657,-0.007418,1,0.000000,0.000000,7,0.000000
22.830729,step,-0.250000,0.001615,-0.007685,1,0.000000,0.000000,8,-0.250000
22.833711,step,-0.250000,0.001571,-0.007685,1,0.000000,0.000000,8,-0.250000
22.836600,step,-0.250000,0.001523,-0.010882,1,0.000000,0.000000,8,-0.250000
22.839471,step,-0.250000,0.001481,-0.003954,2,0.000000,0.000000,8,-0.250000
22.842228,step,-0.250000,0.002467,-0.069771,2,0.000000,0.000000,8,-0.250000
22.845319,step,-0.250000,0.000028,-0.098016,3,0.000000,0.000000,8,-0.250000
22.847951,step,-0.250000,-0.004002,-0.119865,3,0.000000,0.000000,8,-0.250000
22.850527,step,-0.250000,-0.005242,-0.064974,3,0.000000,0.000000,8,-0.250000
22.853172,step,-0.250000,-0.007192,-0.199804,3,0.000000,0.000000,8,-0.250000
22.855877,step,-0.250000,-0.007472,-0.228582,3,0.000000,0.000000,8,-0.250000
22.859148,step,-0.250000,-0.011451,-0.171559,3,0.000000,0.000000,8,-0.250000
22.862950,step,-0.250000,-0.011890,-0.229914,3,0.000000,0.000000,8,-0.250000
22.866064,step,-0.250000,-0.011518,-0.284006,3,0.000000,0.000000,8,-0.250000
22.868675,step,-0.250000,-0.014857,-0.225918,4,0.000000,0.000000,8,-0.250000
22.871281,step,-0.250000,-0.015170,-0.254962,4,0.000000,0.000000,8,-0.250000
22.873863,step,-0.250000,-0.016271,-0.292000,4,0.000000,0.000000,8,-0.250000
22.876559,step,-0.250000,-0.017549,-0.334368,4,0.000000,0.000000,8,-0.250000
22.879533,step,-0.250000,-0.019292,-0.293599,4,0.000000,0.000000,8,-0.250000
22.882795,step,-0.250000,-0.020823,-0.314117,4,0.000000,0.000000,8,-0.250000
22.886477,step,-0.250000,-0.022846,-0.383397,4,0.000000,0.000000,8,-0.250000
22.889339,step,-0.250000,-0.024940,-0.351954,4,0.000000,0.000000,8,-0.250000
22.892682,step,-0.250000,-0.026602,-0.362613,4,0.000000,0.000000,8,-0.250000
22.895491,step,-0.250000,-0.027611,-0.422567,4,0.000000,0.000000,8,-0.250000
22.898215,step,-0.250000,-0.029422,-0.422300,4,0.000000,0.000000,8,-0.250000
22.900633,step,-0.250000,-0.031209,-0.418037,4,0.000000,0.000000,8,-0.250000
22.903062,step,-0.250000,-0.032664,-0.433492,4,0.000000,0.000000,8,-0.250000
22.905966,step,-0.250000,-0.034080,-0.468665,4,0.000000,0.000000,8,-0.250000
22.908815,step,-0.250000,-0.035684,-0.475060,5,0.000000,0.000000,8,-0.250000
22.911658,step,-0.250000,-0.037589,-0.470530,5,0.000000,0.000000,8,-0.250000
22.914399,step,-0.250000,-0.038609,-0.485186,5,0.000000,0.000000,8,-0.250000
22.917153,step,-0.250000,-0.040203,-0.488650,5,0.000000,0.000000,8,-0.250000
22.919935,step,-0.250000,-0.041935,-0.501173,5,0.000000,0.000000,8,-0.250000
22.922694,step,-0.250000,-0.043378,-0.510766,5,0.000000,0.000000,8,-0.250000
22.925774,step,-0.250000,-0.045137,-0.521691,5,0.000000,0.000000,8,-0.250000
22.928951,step,-0.250000,-0.046919,-0.533415,6,0.000000,0.000000,8,-0.250000
22.932164,step,-0.250000,-0.048956,-0.537146,6,0.000000,0.000000,8,-0.250000
22.935394,step,-0.250000,-0.050855,-0.562193,6,0.000000,0.000000,8,-0.250000
22.938404,step,-0.250000,-0.052630,-0.572052,6,0.000000,0.000000,8,-0.250000
22.941333,step,-0.250000,-0.054773,-0.579247,6,0.000000,0.000000,8,-0.250000
22.944404,step,-0.250000,-0.056632,-0.598432,6,0.000000,0.000000,8,-0.250000
22.947334,step,-0.250000,-0.058606,-0.601630,6,0.000000,0.000000,8,-0.250000
22.950397,step,-0.250000,-0.060770,-0.610423,6,0.000000,0.000000,8,-0.250000
22.953368,step,-0.250000,-0.062781,-0.630674,6,0.000000,0.000000,8,-0.250000
22.956299,step,-0.250000,-0.064940,-0.633339,6,0.000000,0.000000,8,-0.250000
22.959046,step,-0.250000,-0.066912,-0.645329,7,0.000000,0.000000,8,-0.250000
22.962155,step,-0.250000,-0.069017,-0.658386,7,0.000000,0.000000,8,-0.250000
22.964903,step,-0.250000,-0.071165,-0.667446,7,0.000000,0.000000,8,-0.250000
22.967860,step,-0.250000,-0.073278,-0.668778,7,0.000000,0.000000,8,-0.250000
22.970998,step,-0.250000,-0.075559,-0.687697,7,0.000000,0.000000,8,-0.250000
22.974229,step,-0.250000,-0.078164,-0.694625,8,0.000000,0.000000,8,-0.250000
22.977457,step,-0.250000,-0.080445,-0.708481,8,0.000000,0.000000,8,-0.250000
22.980674,step,-0.250000,-0.082780,-0.723403,8,0.000000,0.000000,8,-0.250000
22.983893,step,-0.250000,-0.085407,-0.722337,8,0.000000,0.000000,8,-0.250000
22.987192,step,-0.250000,-0.087420,-0.717274,8,0.000000,0.000000,8,-0.250000
22.990005,step,-0.250000,-0.089457,-0.723669,8,0.000000,0.000000,8,-0.250000
22.992764,step,-0.250000,-0.091313,-0.727133,8,0.000000,0.000000,8,-0.250000
22.995528,step,-0.250000,-0.093303,-0.717807,8,0.000000,0.000000,8,-0.250000
22.998365,step,-0.250000,-0.095150,-0.720205,9,0.000000,0.000000,8,-0.250000
23.001363,step,-0.250000,-0.097079,-0.724735,9,0.000000,0.000000,8,-0.250000
23.004284,step,-0.250000,-0.099294,-0.728732,9,0.000000,0.000000,8,-0.250000
23.007261,step,-0.250000,-0.101538,-0.733262,9,0.000000,0.000000,8,-0.250000
23.010351,step,-0.250000,-0.103708,-0.737259,9,0.000000,0.000000,8,-0.250000
23.013313,step,-0.250000,-0.105977,-0.743654,10,0.000000,0.000000,8,-0.250000
23.016478,step,-0.250000,-0.108407,-0.748717,10,0.000000,0.000000,8,-0.250000
23.019401,step,-0.250000,-0.110506,-0.759109,10,0.000000,0.000000,8,-0.250000
23.022306,step,-0.250000,-0.112962,-0.758310,10,0.000000,0.000000,8,-0.250000
23.025233,step,-0.250000,-0.115022,-0.763905,10,0.000000,0.000000,8,-0.250000
23.028278,step,-0.250000,-0.117424,-0.761507,11,0.000000,0.000000,8,-0.250000
23.031454,step,-0.250000,-0.119948,-0.773498,11,0.000000,0.000000,8,-0.250000
23.034687,step,-0.250000,-0.122325,-0.776962,11,0.000000,0.000000,8,-0.250000
23.037908,step,-0.250000,-0.124878,-0.785222,11,0.000000,0.000000,8,-0.250000
23.040856,step,-0.250000,-0.127109,-0.788686,11,0.000000,0.000000,8,-0.250000
23.043865,step,-0.250000,-0.129224,-0.776962,12,0.000000,0.000000,8,-0.250000
23.046839,step,-0.250000,-0.131325,-0.761507,12,0.000000,0.000000,8,-0.250000
23.049844,step,-0.250000,-0.133349,-0.762839,12,0.000000,0.000000,8,-0.250000
23.052821,step,-0.250000,-0.135548,-0.767369,12,0.000000,0.000000,8,-0.250000
23.055781,step,-0.250000,-0.137696,-0.756444,12,0.000000,0.000000,8,-0.250000
23.058910,step,-0.250000,-0.139944,-0.763372,13,0.000000,0.000000,8,-0.250000
23.061881,step,-0.250000,-0.142139,-0.770300,13,0.000000,0.000000,8,-0.250000
23.064833,step,-0.250000,-0.144384,-0.760441,13,0.000000,0.000000,8,-0.250000
23.067881,step,-0.250000,-0.146510,-0.765504,13,0.000000,0.000000,8,-0.250000
23.070642,step,-0.250000,-0.148546,-0.768169,13,0.000000,0.000000,8,-0.250000
23.073391,step,-0.250000,-0.150573,-0.769235,14,0.000000,0.000000,8,-0.250000
23.076133,step,-0.250000,-0.152642,-0.761507,14,0.000000,0.000000,8,-0.250000
23.079270,step,-0.250000,-0.154837,-0.766836,14,0.000000,0.000000,8,-0.250000
23.082206,step,-0.250000,-0.157097,-0.763372,14,0.000000,0.000000,8,-0.250000
23.085181,step,-0.250000,-0.159174,-0.768968,14,0.000000,0.000000,8,-0.250000
23.088192,step,-0.250000,-0.161276,-0.769767,14,0.000000,0.000000,8,-0.250000
23.091015,step,-0.250000,-0.163282,-0.770567,14,0.000000,0.000000,8,-0.250000
23.093867,step,-0.250000,-0.164974,-0.763106,15,0.000000,0.000000,8,-0.250000
23.096644,step,-0.250000,-0.166871,-0.738858,15,0.000000,0.000000,8,-0.250000
23.099468,step,-0.250000,-0.168565,-0.734328,15,0.000000,0.000000,8,-0.250000
23.102442,step,-0.250000,-0.170381,-0.731397,15,0.000000,0.000000,8,-0.250000
23.105731,step,-0.250000,-0.172641,-0.712745,15,0.000000,0.000000,8,-0.250000
23.108671,step,-0.250000,-0.174405,-0.700487,16,0.000000,0.000000,8,-0.250000
23.111649,step,-0.250000,-0.175916,-0.710080,16,0.000000,0.000000,8,-0.250000
23.114581,step,-0.250000,-0.177885,-0.702086,16,0.000000,0.000000,8,-0.250000
23.117511,step,-0.250000,-0.179566,-0.685565,16,0.000000,0.000000,8,-0.250000
23.120863,step,-0.250000,-0.181462,-0.686098,16,0.000000,0.000000,8,-0.250000
23.123827,step,-0.250000,-0.183539,-0.693559,16,0.000000,0.000000,8,-0.250000
23.126783,step,-0.250000,-0.185494,-0.670910,16,0.000000,0.000000,8,-0.250000
23.130161,step,-0.250000,-0.187557,-0.677571,17,0.000000,0.000000,8,-0.250000
23.132966,step,-0.250000,-0.189196,-0.675440,17,0.000000,0.000000,8,-0.250000
23.135722,step,-0.250000,-0.190795,-0.658120,17,0.000000,0.000000,8,-0.250000
23.138728,step,-0.250000,-0.192327,-0.659186,17,0.000000,0.000000,8,-0.250000
23.141607,step,-0.250000,-0.193952,-0.650925,17,0.000000,0.000000,8,-0.250000
23.144525,step,-0.250000,-0.195737,-0.638668,17,0.000000,0.000000,8,-0.250000
23.147494,step,-0.250000,-0.197282,-0.630141,17,0.000000,0.000000,8,-0.250000
23.150482,step,-0.250000,-0.198849,-0.637069,18,0.000000,0.000000,8,-0.250000
23.153411,step,-0.250000,-0.200551,-0.623480,18,0.000000,0.000000,8,-0.250000
23.156633,step,-0.250000,-0.202142,-0.609357,18,0.000000,0.000000,8,-0.250000
23.159598,step,-0.250000,-0.203337,-0.613620,18,0.000000,0.000000,8,-0.250000
23.162567,step,-0.250000,-0.204985,-0.578980,18,0.000000,0.000000,8,-0.250000
23.165516,step,-0.250000,-0.206045,-0.564858,18,0.000000,0.000000,8,-0.250000
23.168503,step,-0.250000,-0.207004,-0.558729,18,0.000000,0.000000,8,-0.250000
23.171472,step,-0.250000,-0.208474,-0.544873,18,0.000000,0.000000,8,-0.250000
23.174456,step,-0.250000,-0.209568,-0.521691,19,0.000000,0.000000,8,-0.250000
23.177403,step,-0.250000,-0.210600,-0.511832,19,0.000000,0.000000,8,-0.250000
23.180455,step,-0.250000,-0.211731,-0.508634,19,0.000000,0.000000,8,-0.250000
23.183777,step,-0.250000,-0.213073,-0.492114,19,0.000000,0.000000,8,-0.250000
23.186702,step,-0.250000,-0.214276,-0.475859,19,0.000000,0.000000,8,-0.250000
23.189641,step,-0.250000,-0.215140,-0.477458,19,0.000000,0.000000,8,-0.250000
23.192630,step,-0.250000,-0.216320,-0.463069,20,0.000000,0.000000,8,-0.250000
23.195605,step,-0.250000,-0.217396,-0.451078,20,0.000000,0.000000,8,-0.250000
23.198540,step,-0.250000,-0.218292,-0.443617,20,0.000000,0.000000,8,-0.250000
23.201788,step,-0.250000,-0.219382,-0.435624,20,0.000000,0.000000,8,-0.250000
23.204969,step,-0.250000,-0.220477,-0.423366,20,0.000000,0.000000,8,-0.250000
23.208188,step,-0.250000,-0.221516,-0.407378,20,0.000000,0.000000,8,-0.250000
23.211432,step,-0.250000,-0.222374,-0.404714,20,0.000000,0.000000,8,-0.250000
23.214640,step,-0.250000,-0.223378,-0.382864,20,0.000000,0.000000,8,-0.250000
23.217807,step,-0.250000,-0.224273,-0.375669,20,0.000000,0.000000,8,-0.250000
23.220961,step,-0.250000,-0.225077,-0.369807,20,0.000000,0.000000,8,-0.250000
23.223925,step,-0.250000,-0.225804,-0.343161,20,0.000000,0.000000,8,-0.250000
23.226886,step,-0.250000,-0.226554,-0.338365,20,0.000000,0.000000,8,-0.250000
23.229843,step,-0.250000,-0.227142,-0.331970,21,0.000000,0.000000,8,-0.250000
23.232789,step,-0.250000,-0.227866,-0.319446,21,0.000000,0.000000,8,-0.250000
23.235742,step,-0.250000,-0.228476,-0.313051,21,0.000000,0.000000,8,-0.250000
23.238678,step,-0.250000,-0.229109,-0.301593,21,0.000000,0.000000,8,-0.250000
23.241605,step,-0.250000,-0.229678,-0.293599,21,0.000000,0.000000,8,-0.250000
23.244527,step,-0.250000,-0.230129,-0.278677,21,0.000000,0.000000,8,-0.250000
23.247488,step,-0.250000,-0.230559,-0.270150,21,0.000000,0.000000,8,-0.250000
23.250532,step,-0.250000,-0.230842,-0.261624,21,0.000000,0.000000,8,-0.250000
23.253499,step,-0.250000,-0.231188,-0.230447,21,0.000000,0.000000,8,-0.250000
23.256734,step,-0.250000,-0.231457,-0.216858,21,0.000000,0.000000,8,-0.250000
23.259665,step,-0.250000,-0.231341,-0.205933,21,0.000000,0.000000,8,-0.250000
23.262639,step,-0.250000,-0.231598,-0.181951,21,0.000000,0.000000,8,-0.250000
23.265601,step,-0.250000,-0.231549,-0.163565,21,0.000000,0.000000,8,-0.250000
23.268536,step,-0.250000,-0.231344,-0.145979,21,0.000000,0.000000,8,-0.250000
23.271467,step,-0.250000,-0.231339,-0.129192,21,0.000000,0.000000,8,-0.250000
23.274411,step,-0.250000,-0.231093,-0.111605,21,0.000000,0.000000,8,-0.250000
23.277340,step,-0.250000,-0.230863,-0.092420,21,0.000000,0.000000,8,-0.250000
23.280341,step,-0.250000,-0.230688,-0.076432,22,0.000000,0.000000,8,-0.250000
23.283309,step,-0.250000,-0.230267,-0.059645,22,0.000000,0.000000,8,-0.250000
23.286273,step,-0.250000,-0.229974,-0.038062,22,0.000000,0.000000,8,-0.250000
23.289195,step,-0.250000,-0.229483,-0.023939,22,0.000000,0.000000,8,-0.250000
23.292503,step,-0.250000,-0.228965,0.002174,22,0.000000,0.000000,8,-0.250000
23.295727,step,-0.250000,-0.228549,0.020294,22,0.000000,0.000000,8,-0.250000
23.298677,step,-0.250000,-0.227998,0.038147,22,0.000000,0.000000,8,-0.250000
23.301606,step,-0.250000,-0.227515,0.051203,22,0.000000,0.000000,8,-0.250000
23.304534,step,-0.250000,-0.227098,0.063727,22,0.000000,0.000000,8,-0.250000
23.307475,step,-0.250000,-0.226622,0.073853,22,0.000000,0.000000,8,-0.250000
23.310782,step,-0.250000,-0.226255,0.082912,22,0.000000,0.000000,8,-0.250000
23.313619,step,-0.250000,-0.225906,0.092772,22,0.000000,0.000000,8,-0.250000
23.316361,step,-0.250000,-0.225627,0.094104,22,0.000000,0.000000,8,-0.250000
23.319078,step,-0.250000,-0.225379,0.097301,22,0.000000,0.000000,8,-0.250000
23.321864,step,-0.250000,-0.225102,0.094637,22,0.000000,0.000000,8,-0.250000
23.324853,step,-0.250000,-0.225002,0.092505,22,0.000000,0.000000,8,-0.250000
23.327873,step,-0.250000,-0.224966,0.089574,22,0.000000,0.000000,8,-0.250000
23.330832,step,-0.250000,-0.224903,0.080781,22,0.000000,0.000000,8,-0.250000
23.333802,step,-0.250000,-0.225000,0.071188,22,0.000000,0.000000,8,-0.250000
23.336756,step,-0.250000,-0.225092,0.059730,22,0.000000,0.000000,8,-0.250000
23.339690,step,-0.250000,-0.225234,0.050138,22,0.000000,0.000000,8,-0.250000
23.342645,step,-0.250000,-0.225506,0.041078,22,0.000000,0.000000,8,-0.250000
23.346050,step,-0.250000,-0.225684,0.030419,22,0.000000,0.000000,8,-0.250000
23.349555,step,-0.250000,-0.225906,0.013899,22,0.000000,0.000000,8,-0.250000
23.352728,step,-0.250000,-0.226207,0.006438,22,0.000000,0.000000,8,-0.250000
23.355829,step,-0.250000,-0.226502,-0.003421,22,0.000000,0.000000,8,-0.250000
23.358556,step,-0.250000,-0.226792,-0.012481,22,0.000000,0.000000,8,-0.250000
23.361328,step,-0.250000,-0.227142,-0.018876,22,0.000000,0.000000,8,-0.250000
23.364584,step,-0.250000,-0.227444,-0.031666,22,0.000000,0.000000,8,-0.250000
23.367789,step,-0.250000,-0.227758,-0.034331,22,0.000000,0.000000,8,-0.250000
23.371052,step,-0.250000,-0.228038,-0.039394,22,0.000000,0.000000,8,-0.250000
23.374221,step,-0.250000,-0.228271,-0.041526,22,0.000000,0.000000,8,-0.250000
23.376981,step,-0.250000,-0.228470,-0.042058,22,0.000000,0.000000,8,-0.250000
23.380044,step,-0.250000,-0.228587,-0.038861,22,0.000000,0.000000,8,-0.250000
23.382792,step,-0.250000,-0.228668,-0.035397,22,0.000000,0.000000,8,-0.250000
23.385704,step,-0.250000,-0.228718,-0.031933,22,0.000000,0.000000,8,-0.250000
23.388663,step,-0.250000,-0.228671,-0.029535,22,0.000000,0.000000,8,-0.250000
23.391606,step,-0.250000,-0.228603,-0.023673,22,0.000000,0.000000,8,-0.250000
23.394924,step,-0.250000,-0.228562,-0.015679,22,0.000000,0.000000,8,-0.250000
23.398131,step,-0.250000,-0.228455,-0.006619,22,0.000000,0.000000,8,-0.250000
23.401415,step,-0.250000,-0.228311,0.000576,22,0.000000,0.000000,8,-0.250000
23.404509,step,-0.250000,-0.228185,0.004040,22,0.000000,0.000000,8,-0.250000
23.407481,step,-0.250000,-0.228020,0.014965,22,0.000000,0.000000,8,-0.250000
23.410409,step,-0.250000,-0.227846,0.018695,22,0.000000,0.000000,8,-0.250000
23.413360,step,-0.250000,-0.227696,0.021893,22,0.000000,0.000000,8,-0.250000
23.416332,step,-0.250000,-0.227593,0.024824,22,0.000000,0.000000,8,-0.250000
23.419146,step,-0.250000,-0.227490,0.032018,22,0.000000,0.000000,8,-0.250000
23.422308,step,-0.250000,-0.227409,0.029087,22,0.000000,0.000000,8,-0.250000
23.425631,step,-0.250000,-0.227371,0.026955,22,0.000000,0.000000,8,-0.250000
23.427763,step,-0.250000,-0.227401,0.026422,22,0.000000,0.000000,8,-0.250000
23.429812,step,-0.250000,-0.227476,0.026422,22,0.000000,0.000000,8,-0.250000
23.434041,step,-0.250000,-0.227556,0.022958,22,0.000000,0.000000,8,-0.250000
23.436598,step,-0.250000,-0.227691,0.013099,22,0.000000,0.000000,8,-0.250000
23.439197,step,-0.250000,-0.227830,0.013099,22,0.000000,0.000000,8,-0.250000
23.441882,step,-0.250000,-0.228031,0.005905,22,0.000000,0.000000,8,-0.250000
23.444890,step,-0.250000,-0.228236,0.001375,22,0.000000,0.000000,8,-0.250000
23.447789,step,-0.250000,-0.228422,-0.005020,22,0.000000,0.000000,8,-0.250000
23.449948,step,-0.250000,-0.228613,-0.009017,22,0.000000,0.000000,8,-0.250000
23.452166,step,-0.250000,-0.228842,-0.012481,22,0.000000,0.000000,8,-0.250000
23.454298,step,-0.250000,-0.229069,-0.019143,22,0.000000,0.000000,8,-0.250000
23.456337,step,-0.250000,-0.229290,-0.024205,22,0.000000,0.000000,8,-0.250000
23.458350,step,-0.250000,-0.229534,-0.022607,22,0.000000,0.000000,8,-0.250000
23.460367,step,-0.250000,-0.229719,-0.030334,22,0.000000,0.000000,8,-0.250000
23.462640,step,-0.250000,-0.229937,-0.034331,22,0.000000,0.000000,8,-0.250000
23.465001,step,-0.250000,-0.230159,-0.036196,22,0.000000,0.000000,8,-0.250000
23.467014,step,-0.250000,-0.230298,-0.035397,22,0.000000,0.000000,8,-0.250000
23.469346,step,-0.250000,-0.230427,-0.034864,22,0.000000,0.000000,8,-0.250000
23.471471,step,-0.250000,-0.230542,-0.035397,22,0.000000,0.000000,8,-0.250000
23.473711,step,-0.250000,-0.230642,-0.034864,22,0.000000,0.000000,8,-0.250000
23.475715,step,-0.250000,-0.230700,-0.035397,22,0.000000,0.000000,8,-0.250000
23.477742,step,-0.250000,-0.230735,-0.035397,22,0.000000,0.000000,8,-0.250000
23.479778,step,-0.250000,-0.230753,-0.032732,22,0.000000,0.000000,8,-0.250000
23.481812,step,-0.250000,-0.230723,-0.031666,22,0.000000,0.000000,8,-0.250000
23.483954,step,-0.250000,-0.230696,-0.027403,22,0.000000,0.000000,8,-0.250000
23.485976,step,-0.250000,-0.230655,-0.024472,22,0.000000,0.000000,8,-0.250000
23.487999,step,-0.250000,-0.230604,-0.023673,22,0.000000,0.000000,8,-0.250000
23.489982,step,-0.250000,-0.230517,-0.016745,22,0.000000,0.000000,8,-0.250000
23.492215,step,-0.250000,-0.230424,-0.011948,22,0.000000,0.000000,8,-0.250000
23.494269,step,-0.250000,-0.230304,-0.008218,22,0.000000,0.000000,8,-0.250000
23.496303,step,-0.250000,-0.230162,-0.004221,22,0.000000,0.000000,8,-0.250000
23.498308,step,-0.250000,-0.230066,-0.000757,22,0.000000,0.000000,8,-0.250000
23.500307,step,-0.250000,-0.229933,0.000309,22,0.000000,0.000000,8,-0.250000
23.502342,step,-0.250000,-0.229810,0.008037,22,0.000000,0.000000,8,-0.250000
23.504377,step,-0.250000,-0.229657,0.012300,22,0.000000,0.000000,8,-0.250000
23.506403,step,-0.250000,-0.229543,0.013099,22,0.000000,0.000000,8,-0.250000
23.508662,step,-0.250000,-0.229421,0.013899,22,0.000000,0.000000,8,-0.250000
23.511013,step,-0.250000,-0.229322,0.019494,22,0.000000,0.000000,8,-0.250000
23.513501,step,-0.250000,-0.229246,0.023225,22,0.000000,0.000000,8,-0.250000
23.516007,step,-0.250000,-0.229168,0.022159,22,0.000000,0.000000,8,-0.250000
23.518510,step,-0.250000,-0.229099,0.025357,22,0.000000,0.000000,8,-0.250000
23.521401,step,-0.250000,-0.229082,0.024824,22,0.000000,0.000000,8,-0.250000
23.523964,step,-0.250000,-0.229097,0.021360,22,0.000000,0.000000,8,-0.250000
23.526331,step,-0.250000,-0.229127,0.024291,22,0.000000,0.000000,8,-0.250000
23.528662,step,-0.250000,-0.229203,0.018429,22,0.000000,0.000000,8,-0.250000
23.530958,step,-0.250000,-0.229272,0.018695,22,0.000000,0.000000,8,-0.250000
23.533551,step,-0.250000,-0.229375,0.014165,22,0.000000,0.000000,8,-0.250000
23.535793,step,-0.250000,-0.229488,0.011767,22,0.000000,0.000000,8,-0.250000
23.538283,step,-0.250000,-0.229607,0.006971,22,0.000000,0.000000,8,-0.250000
23.540627,step,-0.250000,-0.229766,0.002707,22,0.000000,0.000000,8,-0.250000
23.542995,step,-0.250000,-0.229924,0.002174,22,0.000000,0.000000,8,-0.250000
23.545666,step,-0.250000,-0.230103,-0.002888,22,0.000000,0.000000,8,-0.250000
23.548183,step,-0.250000,-0.230291,-0.008484,22,0.000000,0.000000,8,-0.250000
23.550678,step,-0.250000,-0.230494,-0.016212,22,0.000000,0.000000,8,-0.250000
23.553174,step,-0.250000,-0.230702,-0.019143,22,0.000000,0.000000,8,-0.250000
23.556463,step,-0.250000,-0.230900,-0.024738,22,0.000000,0.000000,8,-0.250000
23.558719,step,-0.250000,-0.231092,-0.027669,22,0.000000,0.000000,8,-0.250000
23.560846,step,-0.250000,-0.231240,-0.027669,22,0.000000,0.000000,8,-0.250000
23.563141,step,-0.250000,-0.231380,-0.030334,22,0.000000,0.000000,8,-0.250000
23.565416,step,-0.250000,-0.231485,-0.031666,22,0.000000,0.000000,8,-0.250000
23.568386,step,-0.250000,-0.231620,-0.032466,22,0.000000,0.000000,8,-0.250000
23.570735,step,-0.250000,-0.231713,-0.032732,22,0.000000,0.000000,8,-0.250000
23.573206,step,-0.250000,-0.231802,-0.032999,22,0.000000,0.000000,8,-0.250000
23.575965,step,-0.250000,-0.231826,-0.027936,22,0.000000,0.000000,8,-0.250000
23.578202,step,-0.250000,-0.231853,-0.028202,22,0.000000,0.000000,8,-0.250000
23.580477,step,-0.250000,-0.231863,-0.024472,22,0.000000,0.000000,8,-0.250000
23.582729,step,-0.250000,-0.231868,-0.022873,22,0.000000,0.000000,8,-0.250000
23.585350,step,-0.250000,-0.231837,-0.019143,22,0.000000,0.000000,8,-0.250000
23.587892,step,-0.250000,-0.231811,-0.018876,22,0.000000,0.000000,8,-0.250000
23.590130,step,-0.250000,-0.231773,-0.012481,22,0.000000,0.000000,8,-0.250000
23.592498,step,-0.250000,-0.231687,-0.010349,22,0.000000,0.000000,8,-0.250000
23.594795,step,-0.250000,-0.231600,-0.004754,22,0.000000,0.000000,8,-0.250000
23.597156,step,-0.250000,-0.231508,-0.000224,22,0.000000,0.000000,8,-0.250000
23.599739,step,-0.250000,-0.231432,0.001908,22,0.000000,0.000000,8,-0.250000
23.601907,step,-0.250000,-0.231341,0.005638,22,0.000000,0.000000,8,-0.250000
23.604071,step,-0.250000,-0.231233,0.007770,22,0.000000,0.000000,8,-0.250000
23.606273,step,-0.250000,-0.231154,0.009902,22,0.000000,0.000000,8,-0.250000
23.609194,step,-0.250000,-0.231050,0.016297,22,0.000000,0.000000,8,-0.250000
23.612379,step,-0.250000,-0.230966,0.013099,22,0.000000,0.000000,8,-0.250000
23.615352,step,-0.250000,-0.230914,0.018961,22,0.000000,0.000000,8,-0.250000
23.618896,step,-0.250000,-0.230841,0.017896,22,0.000000,0.000000,8,-0.250000
23.621957,step,-0.250000,-0.230811,0.017629,22,0.000000,0.000000,8,-0.250000
23.625012,step,-0.250000,-0.230840,0.018695,22,0.000000,0.000000,8,-0.250000
23.627971,step,-0.250000,-0.230892,0.015231,22,0.000000,0.000000,8,-0.250000
23.630713,step,-0.250000,-0.230982,0.014432,22,0.000000,0.000000,8,-0.250000
23.633506,step,-0.250000,-0.231069,0.008037,22,0.000000,0.000000,8,-0.250000
23.636505,step,-0.250000,-0.231169,0.004040,22,0.000000,0.000000,8,-0.250000
23.639422,step,-0.250000,-0.231271,0.001641,22,0.000000,0.000000,8,-0.250000
23.642387,step,-0.250000,-0.231384,0.000043,22,0.000000,0.000000,8,-0.250000
23.645356,step,-0.250000,-0.231524,-0.007685,22,0.000000,0.000000,8,-0.250000
23.648301,step,-0.250000,-0.231683,-0.011415,22,0.000000,0.000000,8,-0.250000
23.651072,step,-0.250000,-0.231851,-0.011948,22,0.000000,0.000000,8,-0.250000
23.654147,step,-0.250000,-0.231981,-0.017011,22,0.000000,0.000000,8,-0.250000
23.656906,step,-0.250000,-0.232129,-0.020475,22,0.000000,0.000000,8,-0.250000
23.659805,step,-0.250000,-0.232274,-0.023406,22,0.000000,0.000000,8,-0.250000
23.662817,step,-0.250000,-0.232416,-0.025271,22,0.000000,0.000000,8,-0.250000
23.665780,step,-0.250000,-0.232525,-0.023673,22,0.000000,0.000000,8,-0.250000
23.669019,step,-0.250000,-0.232623,-0.026870,22,0.000000,0.000000,8,-0.250000
23.672305,step,-0.250000,-0.232730,-0.025271,22,0.000000,0.000000,8,-0.250000
23.675271,step,-0.250000,-0.232778,-0.023673,22,0.000000,0.000000,8,-0.250000
23.678307,step,-0.250000,-0.232806,-0.017277,22,0.000000,0.000000,8,-0.250000
23.681238,step,-0.250000,-0.232801,-0.017810,22,0.000000,0.000000,8,-0.250000
23.684206,step,-0.250000,-0.232785,-0.016745,22,0.000000,0.000000,8,-0.250000
23.687162,step,-0.250000,-0.232713,-0.011415,22,0.000000,0.000000,8,-0.250000
23.690157,step,-0.250000,-0.232667,-0.008751,22,0.000000,0.000000,8,-0.250000
23.693132,step,-0.250000,-0.232596,-0.002888,22,0.000000,0.000000,8,-0.250000
23.696134,step,-0.250000,-0.232512,-0.001823,22,0.000000,0.000000,8,-0.250000
23.699196,step,-0.250000,-0.232443,0.001375,22,0.000000,0.000000,8,-0.250000
23.702405,step,-0.250000,-0.232358,0.006704,22,0.000000,0.000000,8,-0.250000
23.705921,step,-0.250000,-0.232277,0.007770,22,0.000000,0.000000,8,-0.250000
23.709406,step,-0.250000,-0.232200,0.010168,22,0.000000,0.000000,8,-0.250000
23.712586,step,-0.250000,-0.232156,0.012833,22,0.000000,0.000000,8,-0.250000
23.715828,step,-0.250000,-0.232134,0.010435,22,0.000000,0.000000,8,-0.250000
23.718966,step,-0.250000,-0.232125,0.014165,22,0.000000,0.000000,8,-0.250000
23.721723,step,-0.250000,-0.232116,0.010435,22,0.000000,0.000000,8,-0.250000
23.724472,step,-0.250000,-0.232136,0.012300,22,0.000000,0.000000,8,-0.250000
23.727230,step,-0.250000,-0.232172,0.008037,22,0.000000,0.000000,8,-0.250000
23.730219,step,-0.250000,-0.232258,0.006171,22,0.000000,0.000000,8,-0.250000
23.733444,step,-0.250000,-0.232335,0.002441,22,0.000000,0.000000,8,-0.250000
23.736653,step,-0.250000,-0.232436,-0.000490,22,0.000000,0.000000,8,-0.250000
23.739845,step,-0.250000,-0.232581,-0.005020,22,0.000000,0.000000,8,-0.250000
23.743035,step,-0.250000,-0.232720,-0.006086,22,0.000000,0.000000,8,-0.250000
23.746305,step,-0.250000,-0.232870,-0.012481,22,0.000000,0.000000,8,-0.250000
23.749578,step,-0.250000,-0.233001,-0.014080,22,0.000000,0.000000,8,-0.250000
23.752357,step,-0.250000,-0.233118,-0.015945,22,0.000000,0.000000,8,-0.250000
23.755113,step,-0.250000,-0.233253,-0.018876,22,0.000000,0.000000,8,-0.250000
23.758208,step,-0.250000,-0.233381,-0.019409,22,0.000000,0.000000,8,-0.250000
23.761139,step,-0.250000,-0.233474,-0.018876,22,0.000000,0.000000,8,-0.250000
23.764495,step,-0.250000,-0.233568,-0.019676,22,0.000000,0.000000,8,-0.250000
23.767698,step,-0.250000,-0.233661,-0.019676,22,0.000000,0.000000,8,-0.250000
23.770868,step,-0.250000,-0.233694,-0.018610,22,0.000000,0.000000,8,-0.250000
23.773849,step,-0.250000,-0.233725,-0.016212,22,0.000000,0.000000,8,-0.250000
23.776777,step,-0.250000,-0.233744,-0.018343,22,0.000000,0.000000,8,-0.250000
23.780038,step,-0.250000,-0.233760,-0.013014,22,0.000000,0.000000,8,-0.250000
23.783009,step,-0.250000,-0.233732,-0.011948,22,0.000000,0.000000,8,-0.250000
23.785978,step,-0.250000,-0.233692,-0.009284,22,0.000000,0.000000,8,-0.250000
23.788931,step,-0.250000,-0.233635,-0.005820,22,0.000000,0.000000,8,-0.250000
23.792047,step,-0.250000,-0.233558,-0.003155,22,0.000000,0.000000,8,-0.250000
23.795295,step,-0.250000,-0.233474,-0.001023,22,0.000000,0.000000,8,-0.250000
23.798506,step,-0.250000,-0.233417,0.002174,22,0.000000,0.000000,8,-0.250000
23.801573,step,-0.250000,-0.233341,0.001375,22,0.000000,0.000000,8,-0.250000
23.804516,step,-0.250000,-0.233296,0.004306,22,0.000000,0.000000,8,-0.250000
23.807511,step,-0.250000,-0.233255,0.007770,22,0.000000,0.000000,8,-0.250000
23.810726,step,-0.250000,-0.233227,0.004306,22,0.000000,0.000000,8,-0.250000
23.813699,step,-0.250000,-0.233191,0.010701,22,0.000000,0.000000,8,-0.250000
23.816665,step,-0.250000,-0.233188,0.007237,22,0.000000,0.000000,8,-0.250000
23.819626,step,-0.250000,-0.233191,0.007504,22,0.000000,0.000000,8,-0.250000
23.822434,step,-0.250000,-0.233198,0.004839,22,0.000000,0.000000,8,-0.250000
23.825203,step,-0.250000,-0.233238,0.004839,22,0.000000,0.000000,8,-0.250000
23.827990,coast,0.000000,-0.233251,0.007504,22,0.000000,0.000000,8,0.000000
23.830864,coast,0.000000,-0.233314,0.000576,22,0.000000,0.000000,8,0.000000
23.834095,coast,0.000000,-0.231695,-0.042591,21,0.000000,0.000000,8,0.000000
23.837289,coast,0.000000,-0.233154,0.042144,21,0.000000,0.000000,8,0.000000
23.840760,coast,0.000000,-0.230516,0.038413,21,0.000000,0.000000,8,0.000000
23.843721,coast,0.000000,-0.228525,0.101831,21,0.000000,0.000000,8,0.000000
23.846678,coast,0.000000,-0.227586,0.117020,21,0.000000,0.000000,8,0.000000
23.849695,coast,0.000000,-0.225906,0.147396,21,0.000000,0.000000,8,0.000000
23.852503,coast,0.000000,-0.225610,0.170312,21,0.000000,0.000000,8,0.000000
23.855264,coast,0.000000,-0.223742,0.172177,21,0.000000,0.000000,8,0.000000
23.858106,coast,0.000000,-0.223261,0.208416,21,0.000000,0.000000,8,0.000000
23.860902,coast,0.000000,-0.222333,0.199623,21,0.000000,0.000000,8,0.000000
23.864179,coast,0.000000,-0.220643,0.217210,21,0.000000,0.000000,8,0.000000
23.867144,coast,0.000000,-0.220179,0.237727,21,0.000000,0.000000,8,0.000000
23.870414,coast,0.000000,-0.218621,0.253182,21,0.000000,0.000000,8,0.000000
23.873173,coast,0.000000,-0.217326,0.275565,21,0.000000,0.000000,8,0.000000
23.875932,coast,0.000000,-0.216386,0.281161,21,0.000000,0.000000,8,0.000000
23.878678,coast,0.000000,-0.215119,0.301412,21,0.000000,0.000000,8,0.000000
23.881482,coast,0.000000,-0.213993,0.322462,21,0.000000,0.000000,8,0.000000
23.884746,coast,0.000000,-0.212112,0.333121,20,0.000000,0.000000,8,0.000000
23.887690,coast,0.000000,-0.210739,0.361366,20,0.000000,0.000000,8,0.000000
23.890648,coast,0.000000,-0.209128,0.379752,20,0.000000,0.000000,8,0.000000
23.893601,coast,0.000000,-0.207267,0.400536,20,0.000000,0.000000,8,0.000000
23.896904,coast,0.000000,-0.205401,0.419455,20,0.000000,0.000000,8,0.000000
23.899859,coast,0.000000,-0.203688,0.444769,20,0.000000,0.000000,8,0.000000
23.902886,coast,0.000000,-0.201736,0.465286,20,0.000000,0.000000,8,0.000000
23.906071,coast,0.000000,-0.199671,0.478609,20,0.000000,0.000000,8,0.000000
23.909275,coast,0.000000,-0.197547,0.505522,19,0.000000,0.000000,8,0.000000
23.912481,coast,0.000000,-0.195262,0.535099,19,0.000000,0.000000,8,0.000000
23.915417,coast,0.000000,-0.193006,0.551087,19,0.000000,0.000000,8,0.000000
23.918655,coast,0.000000,-0.190626,0.574536,19,0.000000,0.000000,8,0.000000
23.921576,coast,0.000000,-0.188393,0.601448,19,0.000000,0.000000,8,0.000000
23.924772,coast,0.000000,-0.185849,0.625430,18,0.000000,0.000000,8,0.000000
23.927735,coast,0.000000,-0.183337,0.647813,18,0.000000,0.000000,8,0.000000
23.930689,coast,0.000000,-0.180798,0.669130,18,0.000000,0.000000,8,0.000000
23.933774,coast,0.000000,-0.178059,0.687516,18,0.000000,0.000000,8,0.000000
23.936958,coast,0.000000,-0.175163,0.693911,18,0.000000,0.000000,8,0.000000
23.940138,coast,0.000000,-0.172834,0.710698,18,0.000000,0.000000,8,0.000000
23.943320,coast,0.000000,-0.170366,0.725620,18,0.000000,0.000000,8,0.000000
23.946285,coast,0.000000,-0.168252,0.737078,18,0.000000,0.000000,8,0.000000
23.949316,coast,0.000000,-0.166070,0.740542,17,0.000000,0.000000,8,0.000000
23.952406,coast,0.000000,-0.163325,0.737344,17,0.000000,0.000000,8,0.000000
23.955151,coast,0.000000,-0.161647,0.769853,17,0.000000,0.000000,8,0.000000
23.958341,coast,0.000000,-0.158339,0.782110,16,0.000000,0.000000,8,0.000000
23.961077,coast,0.000000,-0.155864,0.801562,16,0.000000,0.000000,8,0.000000
23.964454,coast,0.000000,-0.152644,0.805825,16,0.000000,0.000000,8,0.000000
23.967663,coast,0.000000,-0.149303,0.830073,16,0.000000,0.000000,8,0.000000
23.970931,coast,0.000000,-0.146409,0.851657,16,0.000000,0.000000,8,0.000000
23.974019,coast,0.000000,-0.143417,0.857785,16,0.000000,0.000000,8,0.000000
23.976793,coast,0.000000,-0.140742,0.880435,16,0.000000,0.000000,8,0.000000
23.979573,coast,0.000000,-0.138094,0.901485,15,0.000000,0.000000,8,0.000000
23.982352,coast,0.000000,-0.135020,0.920937,15,0.000000,0.000000,8,0.000000
23.985466,coast,0.000000,-0.131788,0.929464,15,0.000000,0.000000,8,0.000000
23.988692,coast,0.000000,-0.128112,0.936925,14,0.000000,0.000000,8,0.000000
23.991893,coast,0.000000,-0.124777,0.952912,14,0.000000,0.000000,8,0.000000
23.994987,coast,0.000000,-0.122098,0.969966,14,0.000000,0.000000,8,0.000000
23.998312,coast,0.000000,-0.119142,0.966502,14,0.000000,0.000000,8,0.000000
24.001234,coast,0.000000,-0.116282,0.963837,14,0.000000,0.000000,8,0.000000
24.004283,coast,0.000000,-0.113270,0.958508,13,0.000000,0.000000,8,0.000000
24.007751,coast,0.000000,-0.109698,0.995546,13,0.000000,0.000000,8,0.000000
24.010921,coast,0.000000,-0.106342,1.005672,13,0.000000,0.000000,8,0.000000
24.014146,coast,0.000000,-0.102166,1.005406,12,0.000000,0.000000,8,0.000000
24.017118,coast,0.000000,-0.099054,1.025657,12,0.000000,0.000000,8,0.000000
24.020238,coast,0.000000,-0.095773,1.044043,12,0.000000,0.000000,8,0.000000
24.023210,coast,0.000000,-0.092277,1.049905,12,0.000000,0.000000,8,0.000000
24.026369,coast,0.000000,-0.088961,1.057366,12,0.000000,0.000000,8,0.000000
24.029554,coast,0.000000,-0.085487,1.071755,12,0.000000,0.000000,8,0.000000
24.033097,coast,0.000000,-0.081263,1.081347,11,0.000000,0.000000,8,0.000000
24.036129,coast,0.000000,-0.078013,1.082147,11,0.000000,0.000000,8,0.000000
24.039086,coast,0.000000,-0.075008,1.091739,11,0.000000,0.000000,8,0.000000
24.042021,coast,0.000000,-0.071900,1.084545,11,0.000000,0.000000,8,0.000000
24.045061,coast,0.000000,-0.068789,1.071755,10,0.000000,0.000000,8,0.000000
24.048351,coast,0.000000,-0.065237,1.081347,10,0.000000,0.000000,8,0.000000
24.052039,coast,0.000000,-0.060768,1.096003,10,0.000000,0.000000,8,0.000000
24.055188,coast,0.000000,-0.057362,1.108260,9,0.000000,0.000000,8,0.000000
24.058720,coast,0.000000,-0.053244,1.113856,8,0.000000,0.000000,8,0.000000
24.061681,coast,0.000000,-0.049773,1.126380,8,0.000000,0.000000,8,0.000000
24.064626,coast,0.000000,-0.046426,1.134107,8,0.000000,0.000000,8,0.000000
24.067380,coast,0.000000,-0.042980,1.133574,8,0.000000,0.000000,8,0.000000
24.070442,coast,0.000000,-0.039492,1.135439,8,0.000000,0.000000,8,0.000000
24.073197,coast,0.000000,-0.036747,1.135972,8,0.000000,0.000000,8,0.000000
24.076268,coast,0.000000,-0.033467,1.129577,8,0.000000,0.000000,8,0.000000
24.079194,coast,0.000000,-0.030916,1.115987,7,0.000000,0.000000,8,0.000000
24.082264,coast,0.000000,-0.027560,1.101332,7,0.000000,0.000000,8,0.000000
24.085223,coast,0.000000,-0.024302,1.134107,6,0.000000,0.000000,8,0.000000
24.088217,coast,0.000000,-0.021365,1.126912,6,0.000000,0.000000,8,0.000000
24.091165,coast,0.000000,-0.017266,1.131975,6,0.000000,0.000000,8,0.000000
24.094145,coast,0.000000,-0.014192,1.125314,5,0.000000,0.000000,8,0.000000
24.097098,coast,0.000000,-0.010493,1.123448,5,0.000000,0.000000,8,0.000000
24.100057,coast,0.000000,-0.007640,1.142367,5,0.000000,0.000000,8,0.000000
24.103016,coast,0.000000,-0.004105,1.136239,4,0.000000,0.000000,8,0.000000
24.105937,coast,0.000000,-0.000535,1.124514,4,0.000000,0.000000,8,0.000000
24.109400,coast,0.000000,0.002877,1.113323,4,0.000000,0.000000,8,0.000000
24.112564,coast,0.000000,0.006053,1.105063,4,0.000000,0.000000,8,0.000000
24.116086,coast,0.000000,0.009317,1.107194,4,0.000000,0.000000,8,0.000000
24.119029,coast,0.000000,0.011966,1.075752,3,0.000000,0.000000,8,0.000000
24.122005,coast,0.000000,0.014256,1.101599,3,0.000000,0.000000,8,0.000000
24.125016,coast,0.000000,0.017602,1.090940,3,0.000000,0.000000,8,0.000000
24.128329,coast,0.000000,0.021349,1.082147,2,0.000000,0.000000,8,0.000000
24.131297,coast,0.000000,0.024396,1.070955,2,0.000000,0.000000,8,0.000000
24.134295,coast,0.000000,0.027598,1.068824,1,0.000000,0.000000,8,0.000000
24.137114,coast,0.000000,0.030241,1.078683,1,0.000000,0.000000,8,0.000000
24.140081,coast,0.000000,0.033374,1.069357,1,0.000000,0.000000,8,0.000000
24.142858,coast,0.000000,0.036373,1.059497,1,0.000000,0.000000,8,0.000000
24.145737,coast,0.000000,0.039846,1.028854,1,0.000000,0.000000,8,0.000000
24.148667,coast,0.000000,0.042045,1.026456,1,0.000000,0.000000,8,0.000000
24.151612,coast,0.000000,0.044518,1.023791,1,0.000000,0.000000,8,0.000000
24.154824,coast,0.000000,0.047748,1.012600,1,0.000000,0.000000,8,0.000000
24.157782,coast,0.000000,0.049663,0.955577,0,0.000000,0.000000,8,0.000000
24.160736,coast,0.000000,0.051557,0.977960,0,0.000000,0.000000,8,0.000000
24.163704,coast,0.000000,0.054027,0.988352,-1,0.000000,0.000000,8,0.000000
24.166641,coast,0.000000,0.056792,0.968367,-1,0.000000,0.000000,8,0.000000
24.169584,coast,0.000000,0.059903,0.936125,-1,0.000000,0.000000,8,0.000000
24.172548,coast,0.000000,0.062463,0.924667,-1,0.000000,0.000000,8,0.000000
24.175516,coast,0.000000,0.064525,0.933994,-2,0.000000,0.000000,8,0.000000
24.178487,coast,0.000000,0.066933,0.938523,-2,0.000000,0.000000,8,0.000000
24.182015,coast,0.000000,0.070246,0.931862,-2,0.000000,0.000000,8,0.000000
24.185152,coast,0.000000,0.073027,0.900686,-2,0.000000,0.000000,8,0.000000
24.188075,coast,0.000000,0.075065,0.898288,-2,0.000000,0.000000,8,0.000000
24.190840,coast,0.000000,0.077247,0.880701,-2,0.000000,0.000000,8,0.000000
24.193587,coast,0.000000,0.078413,0.867911,-2,0.000000,0.000000,8,0.000000
24.196439,coast,0.000000,0.080241,0.843929,-2,0.000000,0.000000,8,0.000000
24.199645,coast,0.000000,0.081837,0.826609,-3,0.000000,0.000000,8,0.000000
24.202841,coast,0.000000,0.083851,0.796233,-3,0.000000,0.000000,8,0.000000
24.206090,coast,0.000000,0.086160,0.787972,-3,0.000000,0.000000,8,0.000000
24.209164,coast,0.000000,0.087777,0.787173,-4,0.000000,0.000000,8,0.000000
24.211966,coast,0.000000,0.089907,0.763191,-4,0.000000,0.000000,8,0.000000
24.214725,coast,0.000000,0.091903,0.740542,-4,0.000000,0.000000,8,0.000000
24.217602,coast,0.000000,0.093095,0.731749,-4,0.000000,0.000000,8,0.000000
24.220714,coast,0.000000,0.095084,0.723488,-4,0.000000,0.000000,8,0.000000
24.223641,coast,0.000000,0.096627,0.705635,-4,0.000000,0.000000,8,0.000000
24.226573,coast,0.000000,0.098176,0.680321,-4,0.000000,0.000000,8,0.000000
24.229508,coast,0.000000,0.099660,0.677124,-5,0.000000,0.000000,8,0.000000
24.232499,coast,0.000000,0.101082,0.674193,-5,0.000000,0.000000,8,0.000000
24.235455,coast,0.000000,0.102891,0.648879,-5,0.000000,0.000000,8,0.000000
24.238388,coast,0.000000,0.104274,0.637154,-6,0.000000,0.000000,8,0.000000
24.241294,coast,0.000000,0.105891,0.612107,-6,0.000000,0.000000,8,0.000000
24.244230,coast,0.000000,0.107176,0.594520,-6,0.000000,0.000000,8,0.000000
24.247211,coast,0.000000,0.108164,0.569473,-6,0.000000,0.000000,8,0.000000
24.250237,coast,0.000000,0.108877,0.556150,-6,0.000000,0.000000,8,0.000000
24.253232,coast,0.000000,0.109568,0.520177,-6,0.000000,0.000000,8,0.000000
24.256231,coast,0.000000,0.110244,0.480474,-6,0.000000,0.000000,8,0.000000
24.259190,coast,0.000000,0.110834,0.453029,-6,0.000000,0.000000,8,0.000000
24.262292,coast,0.000000,0.111178,0.442104,-6,0.000000,0.000000,8,0.000000
24.265277,coast,0.000000,0.112216,0.419455,-6,0.000000,0.000000,8,0.000000
24.268378,coast,0.000000,0.112828,0.405332,-7,0.000000,0.000000,8,0.000000
24.271577,coast,0.000000,0.113725,0.380285,-7,0.000000,0.000000,8,0.000000
24.274753,coast,0.000000,0.114520,0.363231,-7,0.000000,0.000000,8,0.000000
24.277869,coast,0.000000,0.115132,0.343779,-7,0.000000,0.000000,8,0.000000
24.280813,coast,0.000000,0.115703,0.321929,-7,0.000000,0.000000,8,0.000000
24.283767,coast,0.000000,0.116159,0.300879,-7,0.000000,0.000000,8,0.000000
24.287001,coast,0.000000,0.116386,0.284358,-7,0.000000,0.000000,8,0.000000
24.289726,coast,0.000000,0.116623,0.267837,-7,0.000000,0.000000,8,0.000000
24.292469,coast,0.000000,0.116772,0.245188,-7,0.000000,0.000000,8,0.000000
24.295198,coast,0.000000,0.116851,0.224937,-7,0.000000,0.000000,8,0.000000
24.298157,coast,0.000000,0.116879,0.208416,-7,0.000000,0.000000,8,0.000000
24.301374,coast,0.000000,0.117016,0.188698,-7,0.000000,0.000000,8,0.000000
24.304507,coast,0.000000,0.117202,0.168447,-8,0.000000,0.000000,8,0.000000
24.307657,coast,0.000000,0.117013,0.148196,-8,0.000000,0.000000,8,0.000000
24.310632,coast,0.000000,0.117048,0.132741,-8,0.000000,0.000000,8,0.000000
24.314049,coast,0.000000,0.116957,0.108493,-8,0.000000,0.000000,8,0.000000
24.316997,coast,0.000000,0.116738,0.090373,-8,0.000000,0.000000,8,0.000000
24.319870,coast,0.000000,0.116536,0.073320,-8,0.000000,0.000000,8,0.000000
24.322821,coast,0.000000,0.116224,0.051470,-8,0.000000,0.000000,8,0.000000
24.325774,coast,0.000000,0.115923,0.036015,-8,0.000000,0.000000,8,0.000000
24.328797,coast,0.000000,0.115462,0.015497,-8,0.000000,0.000000,8,0.000000
24.332040,coast,0.000000,0.115061,0.001641,-8,0.000000,0.000000,8,0.000000
24.335223,coast,0.000000,0.114641,-0.020475,-8,0.000000,0.000000,8,0.000000
24.338758,coast,0.000000,0.114064,-0.038861,-8,0.000000,0.000000,8,0.000000
24.341710,coast,0.000000,0.113517,-0.058313,-8,0.000000,0.000000,8,0.000000
24.344628,coast,0.000000,0.113001,-0.072435,-8,0.000000,0.000000,8,0.000000
24.347579,coast,0.000000,0.112391,-0.090288,-8,0.000000,0.000000,8,0.000000
24.350732,coast,0.000000,0.111691,-0.106542,-8,0.000000,0.000000,8,0.000000
24.353921,coast,0.000000,0.110969,-0.127593,-8,0.000000,0.000000,8,0.000000
24.357104,coast,0.000000,0.110231,-0.143048,-8,0.000000,0.000000,8,0.000000
24.360219,coast,0.000000,0.109395,-0.159835,-8,0.000000,0.000000,8,0.000000
24.363189,coast,0.000000,0.108570,-0.178221,-8,0.000000,0.000000,8,0.000000
24.366156,coast,0.000000,0.107693,-0.191011,-8,0.000000,0.000000,8,0.000000
24.369111,coast,0.000000,0.106754,-0.209397,-8,0.000000,0.000000,8,0.000000
24.372517,coast,0.000000,0.105678,-0.223253,-8,0.000000,0.000000,8,0.000000
24.375873,coast,0.000000,0.104569,-0.236843,-8,0.000000,0.000000,8,0.000000
24.378832,coast,0.000000,0.103569,-0.254163,-8,0.000000,0.000000,8,0.000000
24.381789,coast,0.000000,0.102531,-0.266953,-8,0.000000,0.000000,8,0.000000
24.384711,coast,0.000000,0.101435,-0.282941,-8,0.000000,0.000000,8,0.000000
24.387701,coast,0.000000,0.100291,-0.296264,-8,0.000000,0.000000,8,0.000000
24.390756,coast,0.000000,0.099069,-0.310120,-8,0.000000,0.000000,8,0.000000
24.393940,coast,0.000000,0.097795,-0.323176,-8,0.000000,0.000000,8,0.000000
24.397498,coast,0.000000,0.096315,-0.340230,-8,0.000000,0.000000,8,0.000000
24.400657,coast,0.000000,0.094974,-0.353820,-8,0.000000,0.000000,8,0.000000
24.403887,coast,0.000000,0.093546,-0.369274,-8,0.000000,0.000000,8,0.000000
24.406840,coast,0.000000,0.092202,-0.380999,-8,0.000000,0.000000,8,0.000000
24.409879,coast,0.000000,0.090748,-0.398319,-8,0.000000,0.000000,8,0.000000
24.412839,coast,0.000000,0.089285,-0.408977,-8,0.000000,0.000000,8,0.000000
24.415861,coast,0.000000,0.087784,-0.422567,-8,0.000000,0.000000,8,0.000000
24.418785,coast,0.000000,0.086310,-0.433758,-8,0.000000,0.000000,8,0.000000
24.421717,coast,0.000000,0.084791,-0.450812,-8,0.000000,0.000000,8,0.000000
24.424646,coast,0.000000,0.083204,-0.462803,-8,0.000000,0.000000,8,0.000000
24.427634,coast,0.000000,0.081547,-0.475326,-8,0.000000,0.000000,8,0.000000
24.430634,coast,0.000000,0.079895,-0.485718,-8,0.000000,0.000000,8,0.000000
24.433815,coast,0.000000,0.078085,-0.502506,-8,0.000000,0.000000,8,0.000000
24.437039,coast,0.000000,0.076213,-0.517694,-8,0.000000,0.000000,8,0.000000
24.440558,coast,0.000000,0.074133,-0.525421,-8,0.000000,0.000000,8,0.000000
24.443505,coast,0.000000,0.072334,-0.541676,-8,0.000000,0.000000,8,0.000000
24.446464,coast,0.000000,0.070506,-0.551268,-8,0.000000,0.000000,8,0.000000
24.449414,coast,0.000000,0.068691,-0.565391,-8,0.000000,0.000000,8,0.000000
24.452275,coast,0.000000,0.066870,-0.573918,-8,0.000000,0.000000,8,0.000000
24.455025,coast,0.000000,0.065057,-0.584310,-8,0.000000,0.000000,8,0.000000
24.457828,coast,0.000000,0.063273,-0.595767,-8,0.000000,0.000000,8,0.000000
24.460546,coast,0.000000,0.061497,-0.602163,-8,0.000000,0.000000,8,0.000000
24.463580,coast,0.000000,0.059520,-0.617617,-8,0.000000,0.000000,8,0.000000
24.466773,coast,0.000000,0.057512,-0.625878,-8,0.000000,0.000000,8,0.000000
24.469945,coast,0.000000,0.055455,-0.633872,-8,0.000000,0.000000,8,0.000000
24.473346,coast,0.000000,0.053207,-0.644530,-8,0.000000,0.000000,8,0.000000
24.476314,coast,0.000000,0.051368,-0.650126,-8,0.000000,0.000000,8,0.000000
24.479271,coast,0.000000,0.049524,-0.646662,-8,0.000000,0.000000,8,0.000000
24.482361,coast,0.000000,0.047833,-0.646395,-8,0.000000,0.000000,8,0.000000
24.485291,coast,0.000000,0.046142,-0.640000,-8,0.000000,0.000000,8,0.000000
24.488212,coast,0.000000,0.044372,-0.641333,-8,0.000000,0.000000,8,0.000000
24.491149,coast,0.000000,0.042666,-0.641599,-8,0.000000,0.000000,8,0.000000
24.494259,coast,0.000000,0.040662,-0.648261,-8,0.000000,0.000000,8,0.000000
24.497201,coast,0.000000,0.038797,-0.653590,-8,0.000000,0.000000,8,0.000000
24.500306,coast,0.000000,0.036827,-0.655988,-7,0.000000,0.000000,8,0.000000
24.503264,coast,0.000000,0.034949,-0.654656,-7,0.000000,0.000000,8,0.000000
24.506196,coast,0.000000,0.033198,-0.654656,-7,0.000000,0.000000,8,0.000000
24.509134,coast,0.000000,0.031373,-0.657320,-7,0.000000,0.000000,8,0.000000
24.512319,coast,0.000000,0.029365,-0.661317,-7,0.000000,0.000000,8,0.000000
24.515527,coast,0.000000,0.027382,-0.662916,-6,0.000000,0.000000,8,0.000000
24.518725,coast,0.000000,0.025257,-0.668778,-6,0.000000,0.000000,8,0.000000
24.521904,coast,0.000000,0.023236,-0.667979,-6,0.000000,0.000000,8,0.000000
24.524939,coast,0.000000,0.021264,-0.671443,-6,0.000000,0.000000,8,0.000000
24.527913,coast,0.000000,0.019286,-0.682901,-6,0.000000,0.000000,8,0.000000
24.530881,coast,0.000000,0.017223,-0.682634,-6,0.000000,0.000000,8,0.000000
24.533880,coast,0.000000,0.015188,-0.688230,-5,0.000000,0.000000,8,0.000000
24.536835,coast,0.000000,0.013211,-0.693826,-5,0.000000,0.000000,8,0.000000
24.539790,coast,0.000000,0.011374,-0.703685,-5,0.000000,0.000000,8,0.000000
24.542751,coast,0.000000,0.009223,-0.697290,-5,0.000000,0.000000,8,0.000000
24.545597,coast,0.000000,0.007622,-0.677571,-5,0.000000,0.000000,8,0.000000
24.548350,coast,0.000000,0.006265,-0.680236,-5,0.000000,0.000000,8,0.000000
24.551138,coast,0.000000,0.004940,-0.685565,-5,0.000000,0.000000,8,0.000000
24.554112,coast,0.000000,0.003125,-0.669578,-4,0.000000,0.000000,8,0.000000
24.557136,coast,0.000000,0.001340,-0.665048,-4,0.000000,0.000000,8,0.000000
24.560222,coast,0.000000,-0.000335,-0.658653,-4,0.000000,0.000000,8,0.000000
24.563175,coast,0.000000,-0.002105,-0.656787,-4,0.000000,0.000000,8,0.000000
24.565943,coast,0.000000,-0.003707,-0.657054,-4,0.000000,0.000000,8,0.000000
24.568706,coast,0.000000,-0.005396,-0.647728,-4,0.000000,0.000000,8,0.000000
24.571449,coast,0.000000,-0.006906,-0.650925,-4,0.000000,0.000000,8,0.000000
24.574214,coast,0.000000,-0.008540,-0.649593,-3,0.000000,0.000000,8,0.000000
24.577195,coast,0.000000,-0.010271,-0.650925,-3,0.000000,0.000000,8,0.000000
24.580223,coast,0.000000,-0.012023,-0.647994,-3,0.000000,0.000000,8,0.000000
24.583261,coast,0.000000,-0.013851,-0.643997,-3,0.000000,0.000000,8,0.000000
24.586294,coast,0.000000,-0.015631,-0.638934,-3,0.000000,0.000000,8,0.000000
24.589230,coast,0.000000,-0.017307,-0.636803,-2,0.000000,0.000000,8,0.000000
24.592281,coast,0.000000,-0.019021,-0.637869,-2,0.000000,0.000000,8,0.000000
24.595176,coast,0.000000,-0.020853,-0.637602,-2,0.000000,0.000000,8,0.000000
24.598085,coast,0.000000,-0.022470,-0.634671,-2,0.000000,0.000000,8,0.000000
24.600937,coast,0.000000,-0.024080,-0.631473,-2,0.000000,0.000000,8,0.000000
24.604155,coast,0.000000,-0.025577,-0.640533,-2,0.000000,0.000000,8,0.000000
24.607318,coast,0.000000,-0.027682,-0.627477,-2,0.000000,0.000000,8,0.000000
24.610352,coast,0.000000,-0.028669,-0.605627,-2,0.000000,0.000000,8,0.000000
24.614678,coast,0.000000,-0.030388,-0.577382,-1,0.000000,0.000000,8,0.000000
24.616878,coast,0.000000,-0.031452,-0.566190,-1,0.000000,0.000000,8,0.000000
24.619117,coast,0.000000,-0.032126,-0.561127,-1,0.000000,0.000000,8,0.000000
24.621737,coast,0.000000,-0.033295,-0.556331,-1,0.000000,0.000000,8,0.000000
24.623920,coast,0.000000,-0.033984,-0.557930,-1,0.000000,0.000000,8,0.000000
24.626406,coast,0.000000,-0.035097,-0.551268,-1,0.000000,0.000000,8,0.000000
24.628663,coast,0.000000,-0.035879,-0.541942,-1,0.000000,0.000000,8,0.000000
24.631049,coast,0.000000,-0.036821,-0.533415,-1,0.000000,0.000000,8,0.000000
24.634206,coast,0.000000,-0.038056,-0.521957,0,0.000000,0.000000,8,0.000000
24.636542,coast,0.000000,-0.038934,-0.508901,0,0.000000,0.000000,8,0.000000
24.639022,coast,0.000000,-0.039787,-0.504104,0,0.000000,0.000000,8,0.000000
24.642006,coast,0.000000,-0.041007,-0.498242,0,0.000000,0.000000,8,0.000000
24.644347,coast,0.000000,-0.041795,-0.495311,0,0.000000,0.000000,8,0.000000
24.646519,coast,0.000000,-0.042621,-0.493446,0,0.000000,0.000000,8,0.000000
24.649133,coast,0.000000,-0.043556,-0.483853,0,0.000000,0.000000,8,0.000000
24.651374,coast,0.000000,-0.044379,-0.479856,0,0.000000,0.000000,8,0.000000
24.654154,coast,0.000000,-0.045350,-0.470264,0,0.000000,0.000000,8,0.000000
24.656433,coast,0.000000,-0.046127,-0.460937,0,0.000000,0.000000,8,0.000000
24.658986,coast,0.000000,-0.047022,-0.456408,1,0.000000,0.000000,8,0.000000
24.661649,coast,0.000000,-0.047956,-0.450812,1,0.000000,0.000000,8,0.000000
24.663946,coast,0.000000,-0.048696,-0.449746,1,0.000000,0.000000,8,0.000000
24.666479,coast,0.000000,-0.049696,-0.443884,1,0.000000,0.000000,8,0.000000
24.668621,coast,0.000000,-0.050389,-0.436423,1,0.000000,0.000000,8,0.000000
24.670799,coast,0.000000,-0.051109,-0.436956,1,0.000000,0.000000,8,0.000000
24.673210,coast,0.000000,-0.051903,-0.429761,1,0.000000,0.000000,8,0.000000
24.676020,coast,0.000000,-0.052864,-0.426564,1,0.000000,0.000000,8,0.000000
24.678546,coast,0.000000,-0.053672,-0.418303,2,0.000000,0.000000,8,0.000000
24.680812,coast,0.000000,-0.054431,-0.414040,2,0.000000,0.000000,8,0.000000
24.683382,coast,0.000000,-0.055200,-0.411109,2,0.000000,0.000000,8,0.000000
24.685786,coast,0.000000,-0.055756,-0.411642,2,0.000000,0.000000,8,0.000000
24.688148,coast,0.000000,-0.056587,-0.392723,2,0.000000,0.000000,8,0.000000
24.690317,coast,0.000000,-0.056878,-0.385529,2,0.000000,0.000000,8,0.000000
24.692575,coast,0.000000,-0.057438,-0.375936,2,0.000000,0.000000,8,0.000000
24.694808,coast,0.000000,-0.057619,-0.365544,2,0.000000,0.000000,8,0.000000
24.697644,coast,0.000000,-0.058207,-0.352487,2,0.000000,0.000000,8,0.000000
24.700719,coast,0.000000,-0.058767,-0.338898,2,0.000000,0.000000,8,0.000000
24.703452,coast,0.000000,-0.059269,-0.322377,2,0.000000,0.000000,8,0.000000
24.706692,coast,0.000000,-0.059717,-0.313850,2,0.000000,0.000000,8,0.000000
24.709852,coast,0.000000,-0.060149,-0.294931,2,0.000000,0.000000,8,0.000000
24.713032,coast,0.000000,-0.060577,-0.276812,2,0.000000,0.000000,8,0.000000
24.716160,coast,0.000000,-0.060835,-0.256028,2,0.000000,0.000000,8,0.000000
24.719128,coast,0.000000,-0.061060,-0.241639,2,0.000000,0.000000,8,0.000000
24.722115,coast,0.000000,-0.061268,-0.227783,2,0.000000,0.000000,8,0.000000
24.725065,coast,0.000000,-0.061463,-0.213660,2,0.000000,0.000000,8,0.000000
24.728032,coast,0.000000,-0.061640,-0.201403,2,0.000000,0.000000,8,0.000000
24.730994,coast,0.000000,-0.061749,-0.189945,2,0.000000,0.000000,8,0.000000
24.733940,coast,0.000000,-0.061865,-0.173158,2,0.000000,0.000000,8,0.000000
24.736905,coast,0.000000,-0.061899,-0.158769,2,0.000000,0.000000,8,0.000000
24.739904,coast,0.000000,-0.061947,-0.145179,2,0.000000,0.000000,8,0.000000
24.742877,coast,0.000000,-0.061934,-0.127859,2,0.000000,0.000000,8,0.000000
24.745828,coast,0.000000,-0.061889,-0.116668,2,0.000000,0.000000,8,0.000000
24.749046,coast,0.000000,-0.061824,-0.104944,2,0.000000,0.000000,8,0.000000
24.752595,coast,0.000000,-0.061773,-0.090821,2,0.000000,0.000000,8,0.000000
24.756159,coast,0.000000,-0.061604,-0.074300,2,0.000000,0.000000,8,0.000000
24.759114,coast,0.000000,-0.061387,-0.058313,2,0.000000,0.000000,8,0.000000
24.762094,coast,0.000000,-0.061152,-0.046055,2,0.000000,0.000000,8,0.000000
24.765048,coast,0.000000,-0.060889,-0.035130,3,0.000000,0.000000,8,0.000000
24.768035,coast,0.000000,-0.060553,-0.023406,3,0.000000,0.000000,8,0.000000
24.771016,coast,0.000000,-0.060241,-0.007951,3,0.000000,0.000000,8,0.000000
24.773991,coast,0.000000,-0.059836,0.003240,3,0.000000,0.000000,8,0.000000
24.777013,coast,0.000000,-0.059445,0.014965,3,0.000000,0.000000,8,0.000000
24.780464,coast,0.000000,-0.058998,0.029354,3,0.000000,0.000000,8,0.000000
24.783685,coast,0.000000,-0.058562,0.042410,3,0.000000,0.000000,8,0.000000
24.786878,coast,0.000000,-0.058087,0.051736,3,0.000000,0.000000,8,0.000000
24.789898,coast,0.000000,-0.057639,0.063727,3,0.000000,0.000000,8,0.000000
24.792844,coast,0.000000,-0.057181,0.071988,3,0.000000,0.000000,8,0.000000
24.795762,coast,0.000000,-0.056748,0.081047,3,0.000000,0.000000,8,0.000000
24.798682,coast,0.000000,-0.056295,0.086909,3,0.000000,0.000000,8,0.000000
24.801630,coast,0.000000,-0.055809,0.094637,3,0.000000,0.000000,8,0.000000
24.804581,coast,0.000000,-0.055356,0.104496,3,0.000000,0.000000,8,0.000000
24.807525,coast,0.000000,-0.054836,0.110625,3,0.000000,0.000000,8,0.000000
24.810768,coast,0.000000,-0.054286,0.117819,3,0.000000,0.000000,8,0.000000
24.813707,coast,0.000000,-0.053729,0.125813,3,0.000000,0.000000,8,0.000000
24.816653,coast,0.000000,-0.053168,0.130609,3,0.000000,0.000000,8,0.000000
24.819866,coast,0.000000,-0.052570,0.138603,3,0.000000,0.000000,8,0.000000
24.822810,coast,0.000000,-0.051955,0.147396,3,0.000000,0.000000,8,0.000000
24.825778,coast,0.000000,-0.051334,0.155657,3,0.000000,0.000000,8,0.000000
24.828696,coast,0.000000,-0.050711,0.160986,3,0.000000,0.000000,8,0.000000
24.831624,coast,0.000000,-0.050054,0.166315,3,0.000000,0.000000,8,0.000000
24.834660,coast,0.000000,-0.049376,0.171644,3,0.000000,0.000000,8,0.000000
24.837663,coast,0.000000,-0.048670,0.179372,3,0.000000,0.000000,8,0.000000
24.840868,coast,0.000000,-0.047936,0.183635,3,0.000000,0.000000,8,0.000000
24.844081,coast,0.000000,-0.047181,0.191629,3,0.000000,0.000000,8,0.000000
24.847291,coast,0.000000,-0.046396,0.197225,3,0.000000,0.000000,8,0.000000
24.850481,coast,0.000000,-0.045622,0.204686,3,0.000000,0.000000,8,0.000000
24.853413,coast,0.000000,-0.044837,0.209216,3,0.000000,0.000000,8,0.000000
24.856344,coast,0.000000,-0.044085,0.212147,3,0.000000,0.000000,8,0.000000
24.859291,coast,0.000000,-0.043303,0.220940,3,0.000000,0.000000,8,0.000000
24.862374,coast,0.000000,-0.042453,0.224937,3,0.000000,0.000000,8,0.000000
24.865413,coast,0.000000,-0.041637,0.228401,3,0.000000,0.000000,8,0.000000
24.868338,coast,0.000000,-0.040829,0.236661,3,0.000000,0.000000,8,0.000000
24.871276,coast,0.000000,-0.040011,0.240658,3,0.000000,0.000000,8,0.000000
24.874263,coast,0.000000,-0.039187,0.241191,3,0.000000,0.000000,8,0.000000
24.877231,coast,0.000000,-0.038335,0.251583,3,0.000000,0.000000,8,0.000000
24.880543,coast,0.000000,-0.037398,0.257445,3,0.000000,0.000000,8,0.000000
24.883716,coast,0.000000,-0.036486,0.261975,3,0.000000,0.000000,8,0.000000
24.886875,coast,0.000000,-0.035551,0.269703,3,0.000000,0.000000,8,0.000000
24.889961,coast,0.000000,-0.034609,0.272101,3,0.000000,0.000000,8,0.000000
24.892948,coast,0.000000,-0.033697,0.278496,3,0.000000,0.000000,8,0.000000
24.895903,coast,0.000000,-0.032781,0.281693,3,0.000000,0.000000,8,0.000000
24.899129,coast,0.000000,-0.031762,0.285157,3,0.000000,0.000000,8,0.000000
24.902088,coast,0.000000,-0.030789,0.293418,3,0.000000,0.000000,8,0.000000
24.905043,coast,0.000000,-0.029830,0.296882,3,0.000000,0.000000,8,0.000000
24.908056,coast,0.000000,-0.028841,0.301678,3,0.000000,0.000000,8,0.000000
24.911292,coast,0.000000,-0.027753,0.305942,3,0.000000,0.000000,8,0.000000
24.914672,coast,0.000000,-0.026632,0.307807,3,0.000000,0.000000,8,0.000000
24.917847,coast,0.000000,-0.025542,0.316067,3,0.000000,0.000000,8,0.000000
24.921046,coast,0.000000,-0.024440,0.318199,3,0.000000,0.000000,8,0.000000
24.924569,coast,0.000000,-0.023228,0.321663,3,0.000000,0.000000,8,0.000000
24.927774,coast,0.000000,-0.022100,0.325393,3,0.000000,0.000000,8,0.000000
24.931112,coast,0.000000,-0.020948,0.330190,3,0.000000,0.000000,8,0.000000
24.934305,coast,0.000000,-0.019848,0.330723,3,0.000000,0.000000,8,0.000000
24.937469,coast,0.000000,-0.018723,0.336585,3,0.000000,0.000000,8,0.000000
24.940684,coast,0.000000,-0.017596,0.340582,3,0.000000,0.000000,8,0.000000
24.943637,coast,0.000000,-0.016541,0.344312,3,0.000000,0.000000,8,0.000000
24.946596,coast,0.000000,-0.015476,0.346177,3,0.000000,0.000000,8,0.000000
24.949549,coast,0.000000,-0.014397,0.346977,3,0.000000,0.000000,8,0.000000
24.952517,coast,0.000000,-0.013311,0.351773,3,0.000000,0.000000,8,0.000000
24.955912,coast,0.000000,-0.012112,0.351507,3,0.000000,0.000000,8,0.000000
24.958886,coast,0.000000,-0.011036,0.356037,3,0.000000,0.000000,8,0.000000
24.961844,coast,0.000000,-0.009972,0.360833,3,0.000000,0.000000,8,0.000000
24.964813,coast,0.000000,-0.008892,0.357902,3,0.000000,0.000000,8,0.000000
24.967790,coast,0.000000,-0.007798,0.362698,3,0.000000,0.000000,8,0.000000
24.970731,coast,0.000000,-0.006719,0.360566,3,0.000000,0.000000,8,0.000000
24.973673,coast,0.000000,-0.005632,0.361899,3,0.000000,0.000000,8,0.000000
24.976603,coast,0.000000,-0.004562,0.363231,3,0.000000,0.000000,8,0.000000
24.979541,coast,0.000000,-0.003489,0.365096,3,0.000000,0.000000,8,0.000000
24.982668,coast,0.000000,-0.002171,0.357902,3,0.000000,0.000000,8,0.000000
24.985882,coast,0.000000,-0.001248,0.362698,3,0.000000,0.000000,8,0.000000
24.989091,coast,0.000000,-0.000295,0.361899,3,0.000000,0.000000,8,0.000000
24.992179,coast,0.000000,0.000983,0.350707,3,0.000000,0.000000,8,0.000000
24.995149,coast,0.000000,0.001820,0.356303,3,0.000000,0.000000,8,0.000000
24.998263,coast,0.000000,0.002777,0.352040,3,0.000000,0.000000,8,0.000000
25.001280,coast,0.000000,0.003755,0.355237,3,0.000000,0.000000,8,0.000000
25.004683,coast,0.000000,0.004736,0.349908,3,0.000000,0.000000,8,0.000000
25.007898,coast,0.000000,0.005767,0.350441,3,0.000000,0.000000,8,0.000000
25.011117,coast,0.000000,0.006802,0.349375,3,0.000000,0.000000,8,0.000000
25.014311,coast,0.000000,0.007688,0.341115,2,0.000000,0.000000,8,0.000000
25.017267,coast,0.000000,0.008594,0.337384,2,0.000000,0.000000,8,0.000000
25.020403,coast,0.000000,0.009501,0.339516,2,0.000000,0.000000,8,0.000000
25.023154,coast,0.000000,0.010384,0.336318,2,0.000000,0.000000,8,0.000000
25.026222,coast,0.000000,0.011323,0.333920,2,0.000000,0.000000,8,0.000000
25.028980,coast,0.000000,0.012127,0.335519,2,0.000000,0.000000,8,0.000000
25.031739,coast,0.000000,0.013010,0.334453,2,0.000000,0.000000,8,0.000000
25.034461,coast,0.000000,0.013847,0.332321,2,0.000000,0.000000,8,0.000000
25.037203,coast,0.000000,0.014691,0.329390,2,0.000000,0.000000,8,0.000000
25.040332,coast,0.000000,0.015630,0.330989,2,0.000000,0.000000,8,0.000000
25.043473,coast,0.000000,0.016615,0.326193,2,0.000000,0.000000,8,0.000000
25.046658,coast,0.000000,0.017616,0.325660,2,0.000000,0.000000,8,0.000000
25.049873,coast,0.000000,0.018465,0.322729,2,0.000000,0.000000,8,0.000000
25.052841,coast,0.000000,0.019517,0.309938,2,0.000000,0.000000,8,0.000000
25.055573,coast,0.000000,0.020176,0.301678,2,0.000000,0.000000,8,0.000000
25.058865,coast,0.000000,0.020742,0.299813,2,0.000000,0.000000,8,0.000000
25.061675,coast,0.000000,0.021476,0.293151,2,0.000000,0.000000,8,0.000000
25.064622,coast,0.000000,0.022014,0.288355,2,0.000000,0.000000,8,0.000000
25.067591,coast,0.000000,0.022470,0.280361,1,0.000000,0.000000,8,0.000000
25.070921,coast,0.000000,0.023156,0.276897,1,0.000000,0.000000,8,0.000000
25.073922,coast,0.000000,0.023662,0.266239,1,0.000000,0.000000,8,0.000000
25.076874,coast,0.000000,0.024227,0.251583,1,0.000000,0.000000,8,0.000000
25.079868,coast,0.000000,0.024633,0.248386,1,0.000000,0.000000,8,0.000000
25.082935,coast,0.000000,0.025076,0.231599,1,0.000000,0.000000,8,0.000000
25.086111,coast,0.000000,0.025499,0.220940,1,0.000000,0.000000,8,0.000000
25.089325,coast,0.000000,0.025735,0.211614,1,0.000000,0.000000,8,0.000000
25.092525,coast,0.000000,0.025991,0.196958,1,0.000000,0.000000,8,0.000000
25.096139,coast,0.000000,0.026279,0.180171,1,0.000000,0.000000,8,0.000000
25.099454,coast,0.000000,0.026395,0.167648,1,0.000000,0.000000,8,0.000000
25.102599,coast,0.000000,0.026496,0.151127,1,0.000000,0.000000,8,0.000000
25.105932,coast,0.000000,0.026617,0.137004,1,0.000000,0.000000,8,0.000000
25.108871,coast,0.000000,0.026594,0.125280,1,0.000000,0.000000,8,0.000000
25.111902,coast,0.000000,0.026540,0.112223,1,0.000000,0.000000,8,0.000000
25.114858,coast,0.000000,0.026469,0.097568,1,0.000000,0.000000,8,0.000000
25.118312,coast,0.000000,0.026358,0.082113,1,0.000000,0.000000,8,0.000000
25.121269,coast,0.000000,0.026200,0.070122,1,0.000000,0.000000,8,0.000000
25.124089,coast,0.000000,0.025969,0.056533,1,0.000000,0.000000,8,0.000000
25.126863,coast,0.000000,0.025725,0.042677,1,0.000000,0.000000,8,0.000000
25.129879,coast,0.000000,0.025451,0.028288,1,0.000000,0.000000,8,0.000000
25.132717,coast,0.000000,0.025131,0.016297,1,0.000000,0.000000,8,0.000000
25.135945,coast,0.000000,0.024805,0.000842,1,0.000000,0.000000,8,0.000000
25.139114,coast,0.000000,0.024468,-0.007685,1,0.000000,0.000000,8,0.000000
25.142718,coast,0.000000,0.024069,-0.025804,1,0.000000,0.000000,8,0.000000
25.145775,coast,0.000000,0.023699,-0.035930,1,0.000000,0.000000,8,0.000000
25.148703,coast,0.000000,0.023324,-0.045522,1,0.000000,0.000000,8,0.000000
25.151641,coast,0.000000,0.022938,-0.055648,1,0.000000,0.000000,8,0.000000
25.154616,coast,0.000000,0.022549,-0.060977,1,0.000000,0.000000,8,0.000000
25.157915,coast,0.000000,0.022166,-0.066839,1,0.000000,0.000000,8,0.000000
25.160871,coast,0.000000,0.021823,-0.072702,1,0.000000,0.000000,8,0.000000
25.163952,coast,0.000000,0.021445,-0.076166,1,0.000000,0.000000,8,0.000000
25.166690,coast,0.000000,0.021149,-0.080962,1,0.000000,0.000000,8,0.000000
25.169445,coast,0.000000,0.020821,-0.086558,1,0.000000,0.000000,8,0.000000
25.172194,coast,0.000000,0.020478,-0.087890,1,0.000000,0.000000,8,0.000000
25.175123,coast,0.000000,0.020141,-0.088956,1,0.000000,0.000000,8,0.000000
25.178362,coast,0.000000,0.019737,-0.094285,1,0.000000,0.000000,8,0.000000
25.181594,coast,0.000000,0.019342,-0.102012,1,0.000000,0.000000,8,0.000000
25.184775,coast,0.000000,0.018948,-0.102012,1,0.000000,0.000000,8,0.000000
25.187779,coast,0.000000,0.018555,-0.107075,1,0.000000,0.000000,8,0.000000
25.190721,coast,0.000000,0.018149,-0.110806,1,0.000000,0.000000,8,0.000000
25.193653,coast,0.000000,0.017726,-0.116934,1,0.000000,0.000000,8,0.000000
25.196631,coast,0.000000,0.017250,-0.120665,1,0.000000,0.000000,8,0.000000
25.199612,coast,0.000000,0.016768,-0.127326,1,0.000000,0.000000,8,0.000000
25.202571,coast,0.000000,0.016258,-0.132389,1,0.000000,0.000000,8,0.000000
25.205940,coast,0.000000,0.015725,-0.139317,1,0.000000,0.000000,8,0.000000
25.208710,coast,0.000000,0.015193,-0.142781,1,0.000000,0.000000,8,0.000000
25.211714,coast,0.000000,0.014656,-0.146512,1,0.000000,0.000000,8,0.000000
25.214444,coast,0.000000,0.014151,-0.150242,1,0.000000,0.000000,8,0.000000
25.217176,coast,0.000000,0.013688,-0.152907,1,0.000000,0.000000,8,0.000000
25.220046,coast,0.000000,0.013157,-0.158236,1,0.000000,0.000000,8,0.000000
25.222837,coast,0.000000,0.012694,-0.161967,1,0.000000,0.000000,8,0.000000
25.225906,coast,0.000000,0.012193,-0.162499,1,0.000000,0.000000,8,0.000000
25.228865,coast,0.000000,0.011702,-0.163299,1,0.000000,0.000000,8,0.000000
25.231834,coast,0.000000,0.011263,-0.165431,1,0.000000,0.000000,8,0.000000
25.234812,coast,0.000000,0.010811,-0.167296,1,0.000000,0.000000,8,0.000000
25.237804,coast,0.000000,0.010334,-0.169694,1,0.000000,0.000000,8,0.000000
25.240729,coast,0.000000,0.009859,-0.169694,1,0.000000,0.000000,8,0.000000
25.243656,coast,0.000000,0.009393,-0.173691,1,0.000000,0.000000,8,0.000000
25.246625,coast,0.000000,0.008874,-0.170493,1,0.000000,0.000000,8,0.000000
25.249652,coast,0.000000,0.008366,-0.170227,1,0.000000,0.000000,8,0.000000
25.252640,coast,0.000000,0.007893,-0.171826,1,0.000000,0.000000,8,0.000000
25.255685,coast,0.000000,0.007405,-0.173424,1,0.000000,0.000000,8,0.000000
25.258432,coast,0.000000,0.006988,-0.174224,1,0.000000,0.000000,8,0.000000
25.261142,coast,0.000000,0.006524,-0.176622,1,0.000000,0.000000,8,0.000000
25.264511,coast,0.000000,0.005962,-0.177155,1,0.000000,0.000000,8,0.000000
25.267468,coast,0.000000,0.005442,-0.179553,1,0.000000,0.000000,8,0.000000
25.271006,coast,0.000000,0.004860,-0.177954,1,0.000000,0.000000,8,0.000000
25.274507,coast,0.000000,0.004275,-0.182218,1,0.000000,0.000000,8,0.000000
25.278044,coast,0.000000,0.003645,-0.181951,1,0.000000,0.000000,8,0.000000
25.281009,coast,0.000000,0.003118,-0.184882,1,0.000000,0.000000,8,0.000000
25.284312,coast,0.000000,0.002518,-0.186748,1,0.000000,0.000000,8,0.000000
25.287337,coast,0.000000,0.001985,-0.188879,1,0.000000,0.000000,8,0.000000
25.290539,coast,0.000000,0.001416,-0.187014,1,0.000000,0.000000,8,0.000000
25.293750,coast,0.000000,0.000795,-0.189945,1,0.000000,0.000000,8,0.000000
25.296911,coast,0.000000,0.000185,-0.188080,1,0.000000,0.000000,8,0.000000
25.299879,coast,0.000000,-0.000347,-0.184882,1,0.000000,0.000000,8,0.000000
25.302835,coast,0.000000,-0.000886,-0.187014,1,0.000000,0.000000,8,0.000000
25.306128,coast,0.000000,-0.001508,-0.188080,1,0.000000,0.000000,8,0.000000
25.309082,coast,0.000000,-0.002026,-0.187547,1,0.000000,0.000000,8,0.000000
25.312086,coast,0.000000,-0.002542,-0.184349,1,0.000000,0.000000,8,0.000000
25.315067,coast,0.000000,-0.003052,-0.189146,1,0.000000,0.000000,8,0.000000
25.318071,coast,0.000000,-0.003541,-0.184616,1,0.000000,0.000000,8,0.000000
25.321024,coast,0.000000,-0.004041,-0.187280,1,0.000000,0.000000,8,0.000000
25.324327,coast,0.000000,-0.004560,-0.187813,1,0.000000,0.000000,8,0.000000
25.327291,coast,0.000000,-0.005048,-0.187547,1,0.000000,0.000000,8,0.000000
25.330239,coast,0.000000,-0.005512,-0.185682,1,0.000000,0.000000,8,0.000000
25.333207,coast,0.000000,-0.005985,-0.186481,1,0.000000,0.000000,8,0.000000
25.336584,coast,0.000000,-0.006535,-0.183550,1,0.000000,0.000000,8,0.000000
25.339653,coast,0.000000,-0.007015,-0.184083,1,0.000000,0.000000,8,0.000000
25.342823,coast,0.000000,-0.007519,-0.180086,1,0.000000,0.000000,8,0.000000
25.345999,coast,0.000000,-0.008003,-0.182218,1,0.000000,0.000000,8,0.000000
25.349473,coast,0.000000,-0.008513,-0.177688,1,0.000000,0.000000,8,0.000000
25.352673,coast,0.000000,-0.009003,-0.175823,1,0.000000,0.000000,8,0.000000
25.355949,coast,0.000000,-0.009480,-0.170760,1,0.000000,0.000000,8,0.000000
25.359051,coast,0.000000,-0.009919,-0.171293,1,0.000000,0.000000,8,0.000000
25.362018,coast,0.000000,-0.010306,-0.168628,1,0.000000,0.000000,8,0.000000
25.364974,coast,0.000000,-0.010696,-0.167562,1,0.000000,0.000000,8,0.000000
25.368062,coast,0.000000,-0.011107,-0.165164,1,0.000000,0.000000,8,0.000000
25.371010,coast,0.000000,-0.011489,-0.162233,1,0.000000,0.000000,8,0.000000
25.373994,coast,0.000000,-0.011895,-0.161700,1,0.000000,0.000000,8,0.000000
25.376929,coast,0.000000,-0.012263,-0.160634,1,0.000000,0.000000,8,0.000000
25.380043,coast,0.000000,-0.012675,-0.160901,1,0.000000,0.000000,8,0.000000
25.383266,coast,0.000000,-0.013082,-0.155571,1,0.000000,0.000000,8,0.000000
25.386476,coast,0.000000,-0.013495,-0.156904,1,0.000000,0.000000,8,0.000000
25.390025,coast,0.000000,-0.013944,-0.154772,1,0.000000,0.000000,8,0.000000
25.393235,coast,0.000000,-0.014367,-0.153706,1,0.000000,0.000000,8,0.000000
25.396472,coast,0.000000,-0.014767,-0.152107,1,0.000000,0.000000,8,0.000000
25.399469,coast,0.000000,-0.015109,-0.150242,1,0.000000,0.000000,8,0.000000
25.402212,coast,0.000000,-0.015447,-0.149443,1,0.000000,0.000000,8,0.000000
25.404956,coast,0.000000,-0.015795,-0.148111,1,0.000000,0.000000,8,0.000000
25.408025,coast,0.000000,-0.016170,-0.147045,1,0.000000,0.000000,8,0.000000
25.410731,coast,0.000000,-0.016488,-0.143847,1,0.000000,0.000000,8,0.000000
25.413484,coast,0.000000,-0.016810,-0.142248,1,0.000000,0.000000,8,0.000000
25.416530,coast,0.000000,-0.017155,-0.138518,1,0.000000,0.000000,8,0.000000
25.419329,coast,0.000000,-0.017461,-0.137186,1,0.000000,0.000000,8,0.000000
25.422286,coast,0.000000,-0.017755,-0.135320,1,0.000000,0.000000,8,0.000000
25.425223,coast,0.000000,-0.018007,-0.131323,1,0.000000,0.000000,8,0.000000
25.428233,coast,0.000000,-0.018301,-0.128659,1,0.000000,0.000000,8,0.000000
25.431185,coast,0.000000,-0.018566,-0.124928,1,0.000000,0.000000,8,0.000000
25.434160,coast,0.000000,-0.018824,-0.123596,1,0.000000,0.000000,8,0.000000
25.437183,coast,0.000000,-0.019056,-0.115869,1,0.000000,0.000000,8,0.000000
25.440614,coast,0.000000,-0.019343,-0.116668,1,0.000000,0.000000,8,0.000000
25.443823,coast,0.000000,-0.019605,-0.113737,1,0.000000,0.000000,8,0.000000
25.446986,coast,0.000000,-0.019820,-0.107075,1,0.000000,0.000000,8,0.000000
25.450164,coast,0.000000,-0.020036,-0.108674,1,0.000000,0.000000,8,0.000000
25.453143,coast,0.000000,-0.020208,-0.102279,1,0.000000,0.000000,8,0.000000
25.456300,coast,0.000000,-0.020365,-0.097483,1,0.000000,0.000000,8,0.000000
25.459325,coast,0.000000,-0.020491,-0.095884,1,0.000000,0.000000,8,0.000000
25.462127,coast,0.000000,-0.020626,-0.092953,1,0.000000,0.000000,8,0.000000
25.465141,coast,0.000000,-0.020766,-0.091354,1,0.000000,0.000000,8,0.000000
25.468064,coast,0.000000,-0.020903,-0.091354,1,0.000000,0.000000,8,0.000000
25.470937,coast,0.000000,-0.021022,-0.083094,1,0.000000,0.000000,8,0.000000
25.474131,coast,0.000000,-0.021184,-0.079896,1,0.000000,0.000000,8,0.000000
25.477321,coast,0.000000,-0.021331,-0.078564,1,0.000000,0.000000,8,0.000000
25.480516,coast,0.000000,-0.021472,-0.076166,1,0.000000,0.000000,8,0.000000
25.483536,coast,0.000000,-0.021570,-0.069771,1,0.000000,0.000000,8,0.000000
25.486489,coast,0.000000,-0.021672,-0.067372,1,0.000000,0.000000,8,0.000000
25.489447,coast,0.000000,-0.021787,-0.064974,1,0.000000,0.000000,8,0.000000
25.492377,coast,0.000000,-0.021838,-0.060178,1,0.000000,0.000000,8,0.000000
25.495335,coast,0.000000,-0.021872,-0.056980,1,0.000000,0.000000,8,0.000000
25.498593,coast,0.000000,-0.021989,-0.053250,1,0.000000,0.000000,8,0.000000
25.501532,coast,0.000000,-0.022020,-0.050852,1,0.000000,0.000000,8,0.000000
25.504503,coast,0.000000,-0.022082,-0.047654,1,0.000000,0.000000,8,0.000000
25.507468,coast,0.000000,-0.022099,-0.044457,1,0.000000,0.000000,8,0.000000
25.510818,coast,0.000000,-0.022137,-0.042858,1,0.000000,0.000000,8,0.000000
25.514054,coast,0.000000,-0.022191,-0.040193,1,0.000000,0.000000,8,0.000000
25.517269,coast,0.000000,-0.022193,-0.034331,1,0.000000,0.000000,8,0.000000
25.520522,coast,0.000000,-0.022207,-0.030601,1,0.000000,0.000000,8,0.000000
25.523496,coast,0.000000,-0.022164,-0.030867,1,0.000000,0.000000,8,0.000000
25.526468,coast,0.000000,-0.022115,-0.026337,1,0.000000,0.000000,8,0.000000
25.529383,coast,0.000000,-0.022101,-0.027137,1,0.000000,0.000000,8,0.000000
25.532320,coast,0.000000,-0.022026,-0.023140,1,0.000000,0.000000,8,0.000000
25.535294,coast,0.000000,-0.021962,-0.020209,1,0.000000,0.000000,8,0.000000
25.538225,coast,0.000000,-0.021911,-0.019143,1,0.000000,0.000000,8,0.000000
25.541214,coast,0.000000,-0.021842,-0.018077,1,0.000000,0.000000,8,0.000000
25.544149,coast,0.000000,-0.021741,-0.010882,1,0.000000,0.000000,8,0.000000
25.546902,coast,0.000000,-0.021656,-0.009816,1,0.000000,0.000000,8,0.000000
25.549660,coast,0.000000,-0.021543,-0.004754,1,0.000000,0.000000,8,0.000000
25.552603,coast,0.000000,-0.021409,-0.000490,1,0.000000,0.000000,8,0.000000
25.555748,coast,0.000000,-0.021258,0.008037,1,0.000000,0.000000,8,0.000000
25.559216,coast,0.000000,-0.021107,0.010968,1,0.000000,0.000000,8,0.000000
25.562209,coast,0.000000,-0.020973,0.015764,1,0.000000,0.000000,8,0.000000
25.564970,coast,0.000000,-0.020813,0.021626,1,0.000000,0.000000,8,0.000000
25.567757,coast,0.000000,-0.020603,0.027488,1,0.000000,0.000000,8,0.000000
25.570546,coast,0.000000,-0.020435,0.030686,1,0.000000,0.000000,8,0.000000
25.573498,coast,0.000000,-0.020238,0.035216,1,0.000000,0.000000,8,0.000000
25.576629,coast,0.000000,-0.020007,0.038413,1,0.000000,0.000000,8,0.000000
25.579667,coast,0.000000,-0.019773,0.043476,1,0.000000,0.000000,8,0.000000
25.582472,coast,0.000000,-0.019551,0.046940,1,0.000000,0.000000,8,0.000000
25.585191,coast,0.000000,-0.019270,0.049871,1,0.000000,0.000000,8,0.000000
25.588087,coast,0.000000,-0.019027,0.050671,1,0.000000,0.000000,8,0.000000
25.590907,coast,0.000000,-0.018775,0.053868,1,0.000000,0.000000,8,0.000000
25.594137,coast,0.000000,-0.018508,0.054667,1,0.000000,0.000000,8,0.000000
25.597351,coast,0.000000,-0.018261,0.052003,1,0.000000,0.000000,8,0.000000
25.600551,coast,0.000000,-0.018018,0.054934,1,0.000000,0.000000,8,0.000000
25.603527,coast,0.000000,-0.017759,0.054135,1,0.000000,0.000000,8,0.000000
25.606495,coast,0.000000,-0.017510,0.056799,1,0.000000,0.000000,8,0.000000
25.609486,coast,0.000000,-0.017273,0.056266,1,0.000000,0.000000,8,0.000000
25.612342,coast,0.000000,-0.017008,0.060796,1,0.000000,0.000000,8,0.000000
25.615089,coast,0.000000,-0.016756,0.060263,1,0.000000,0.000000,8,0.000000
25.617882,coast,0.000000,-0.016517,0.059997,1,0.000000,0.000000,8,0.000000
25.620608,coast,0.000000,-0.016283,0.063461,1,0.000000,0.000000,8,0.000000
25.623502,coast,0.000000,-0.016048,0.065059,1,0.000000,0.000000,8,0.000000
25.626670,coast,0.000000,-0.015814,0.067191,1,0.000000,0.000000,8,0.000000
25.629751,coast,0.000000,-0.015579,0.071188,1,0.000000,0.000000,8,0.000000
25.632581,coast,0.000000,-0.015361,0.073320,1,0.000000,0.000000,8,0.000000
25.635183,coast,0.000000,-0.015158,0.079448,1,0.000000,0.000000,8,0.000000
25.637890,coast,0.000000,-0.014880,0.082113,1,0.000000,0.000000,8,0.000000
25.640454,coast,0.000000,-0.014625,0.082646,1,0.000000,0.000000,8,0.000000
25.643340,coast,0.000000,-0.014331,0.087975,1,0.000000,0.000000,8,0.000000
25.646304,coast,0.000000,-0.014038,0.092239,1,0.000000,0.000000,8,0.000000
25.649306,coast,0.000000,-0.013726,0.091706,1,0.000000,0.000000,8,0.000000
25.652414,coast,0.000000,-0.013382,0.095170,1,0.000000,0.000000,8,0.000000
25.655147,coast,0.000000,-0.013087,0.095969,1,0.000000,0.000000,8,0.000000
25.658049,coast,0.000000,-0.012730,0.097568,1,0.000000,0.000000,8,0.000000
25.660819,coast,0.000000,-0.012459,0.094637,1,0.000000,0.000000,8,0.000000
25.663844,coast,0.000000,-0.012143,0.100233,1,0.000000,0.000000,8,0.000000
25.666764,coast,0.000000,-0.011842,0.098634,1,0.000000,0.000000,8,0.000000
25.669718,coast,0.000000,-0.011512,0.095969,1,0.000000,0.000000,8,0.000000
25.672671,coast,0.000000,-0.011186,0.097568,1,0.000000,0.000000,8,0.000000
25.675629,coast,0.000000,-0.010893,0.099966,1,0.000000,0.000000,8,0.000000
25.678561,coast,0.000000,-0.010554,0.097834,1,0.000000,0.000000,8,0.000000
25.681506,coast,0.000000,-0.010264,0.098101,1,0.000000,0.000000,8,0.000000
25.684458,coast,0.000000,-0.009947,0.098900,1,0.000000,0.000000,8,0.000000
25.687411,coast,0.000000,-0.009599,0.099433,1,0.000000,0.000000,8,0.000000
25.690342,coast,0.000000,-0.009291,0.100233,1,0.000000,0.000000,8,0.000000
25.693826,coast,0.000000,-0.008945,0.101032,1,0.000000,0.000000,8,0.000000
25.697263,coast,0.000000,-0.008586,0.100499,1,0.000000,0.000000,8,0.000000
25.700737,coast,0.000000,-0.008209,0.102098,1,0.000000,0.000000,8,0.000000
25.703812,coast,0.000000,-0.007892,0.107693,1,0.000000,0.000000,8,0.000000
25.706312,coast,0.000000,-0.007625,0.102631,1,0.000000,0.000000,8,0.000000
25.708696,coast,0.000000,-0.007383,0.107427,1,0.000000,0.000000,8,0.000000
25.711120,coast,0.000000,-0.007112,0.110092,1,0.000000,0.000000,8,0.000000
25.713851,coast,0.000000,-0.006809,0.107693,1,0.000000,0.000000,8,0.000000
25.716308,coast,0.000000,-0.006534,0.109559,1,0.000000,0.000000,8,0.000000
25.719021,coast,0.000000,-0.006237,0.110358,1,0.000000,0.000000,8,0.000000
25.721475,coast,0.000000,-0.005961,0.107427,1,0.000000,0.000000,8,0.000000
25.724011,coast,0.000000,-0.005679,0.111690,1,0.000000,0.000000,8,0.000000
25.726550,coast,0.000000,-0.005420,0.109292,1,0.000000,0.000000,8,0.000000
25.729025,coast,0.000000,-0.005133,0.109026,1,0.000000,0.000000,8,0.000000
25.731951,coast,0.000000,-0.004786,0.107693,1,0.000000,0.000000,8,0.000000
25.734076,coast,0.000000,-0.004525,0.106361,1,0.000000,0.000000,8,0.000000
25.736101,coast,0.000000,-0.004250,0.105295,1,0.000000,0.000000,8,0.000000
25.738134,coast,0.000000,-0.004008,0.106628,1,0.000000,0.000000,8,0.000000
25.740144,coast,0.000000,-0.003728,0.104762,1,0.000000,0.000000,8,0.000000
25.742174,coast,0.000000,-0.003504,0.105828,1,0.000000,0.000000,8,0.000000
25.744193,coast,0.000000,-0.003261,0.106361,1,0.000000,0.000000,8,0.000000
25.746305,coast,0.000000,-0.003029,0.100765,1,0.000000,0.000000,8,0.000000
25.748317,coast,0.000000,-0.002815,0.106095,1,0.000000,0.000000,8,0.000000
25.750313,coast,0.000000,-0.002608,0.104496,1,0.000000,0.000000,8,0.000000
25.752317,coast,0.000000,-0.002397,0.106095,1,0.000000,0.000000,8,0.000000
25.754579,coast,0.000000,-0.002156,0.107693,1,0.000000,0.000000,8,0.000000
25.756828,coast,0.000000,-0.001933,0.111957,1,0.000000,0.000000,8,0.000000
25.758851,coast,0.000000,-0.001732,0.110358,1,0.000000,0.000000,8,0.000000
25.760879,coast,0.000000,-0.001507,0.114089,1,0.000000,0.000000,8,0.000000
25.762918,coast,0.000000,-0.001302,0.111957,1,0.000000,0.000000,8,0.000000
25.764953,coast,0.000000,-0.001064,0.112223,1,0.000000,0.000000,8,0.000000
25.767000,coast,0.000000,-0.000836,0.114089,1,0.000000,0.000000,8,0.000000
25.769487,coast,0.000000,-0.000582,0.113289,1,0.000000,0.000000,8,0.000000
25.771757,coast,0.000000,-0.000311,0.115421,1,0.000000,0.000000,8,0.000000
25.773841,coast,0.000000,-0.000107,0.116220,1,0.000000,0.000000,8,0.000000
25.775914,coast,0.000000,0.000121,0.113822,1,0.000000,0.000000,8,0.000000
25.777957,coast,0.000000,0.000362,0.113023,1,0.000000,0.000000,8,0.000000
25.780079,coast,0.000000,0.000596,0.116487,1,0.000000,0.000000,8,0.000000
25.782118,coast,0.000000,0.000813,0.115154,1,0.000000,0.000000,8,0.000000
25.784147,coast,0.000000,0.001042,0.115154,1,0.000000,0.000000,8,0.000000
25.786404,coast,0.000000,0.001300,0.113556,1,0.000000,0.000000,8,0.000000
25.788431,coast,0.000000,0.001539,0.115954,1,0.000000,0.000000,8,0.000000
25.790453,coast,0.000000,0.001738,0.110625,1,0.000000,0.000000,8,0.000000
25.792481,coast,0.000000,0.001988,0.113289,1,0.000000,0.000000,8,0.000000
25.794701,coast,0.000000,0.002236,0.109825,1,0.000000,0.000000,8,0.000000
25.796755,coast,0.000000,0.002460,0.108493,1,0.000000,0.000000,8,0.000000
25.799482,coast,0.000000,0.002760,0.107161,1,0.000000,0.000000,8,0.000000
25.801659,coast,0.000000,0.002976,0.106095,1,0.000000,0.000000,8,0.000000
25.803936,coast,0.000000,0.003200,0.104229,1,0.000000,0.000000,8,0.000000
25.806190,coast,0.000000,0.003418,0.101565,1,0.000000,0.000000,8,0.000000
25.808405,coast,0.000000,0.003608,0.099433,1,0.000000,0.000000,8,0.000000
25.810554,coast,0.000000,0.003788,0.098634,1,0.000000,0.000000,8,0.000000
25.812712,coast,0.000000,0.003983,0.098101,1,0.000000,0.000000,8,0.000000
25.815217,coast,0.000000,0.004184,0.097035,1,0.000000,0.000000,8,0.000000
25.818108,coast,0.000000,0.004409,0.096769,1,0.000000,0.000000,8,0.000000
25.820441,coast,0.000000,0.004605,0.093038,1,0.000000,0.000000,8,0.000000
25.822804,coast,0.000000,0.004794,0.091173,1,0.000000,0.000000,8,0.000000
25.825419,coast,0.000000,0.004981,0.091706,1,0.000000,0.000000,8,0.000000
25.828106,coast,0.000000,0.005141,0.093305,1,0.000000,0.000000,8,0.000000
25.830480,coast,0.000000,0.005297,0.090373,1,0.000000,0.000000,8,0.000000
25.832842,coast,0.000000,0.005462,0.091173,1,0.000000,0.000000,8,0.000000
25.835278,coast,0.000000,0.005642,0.089308,1,0.000000,0.000000,8,0.000000
25.837973,coast,0.000000,0.005835,0.089308,1,0.000000,0.000000,8,0.000000
25.840337,coast,0.000000,0.005974,0.089041,1,0.000000,0.000000,8,0.000000
25.842739,coast,0.000000,0.006165,0.089041,1,0.000000,0.000000,8,0.000000
25.845507,coast,0.000000,0.006388,0.088775,1,0.000000,0.000000,8,0.000000
25.848428,coast,0.000000,0.006597,0.087176,1,0.000000,0.000000,8,0.000000
25.851081,coast,0.000000,0.006794,0.086909,1,0.000000,0.000000,8,0.000000
25.853703,coast,0.000000,0.006987,0.086643,1,0.000000,0.000000,8,0.000000
25.856027,coast,0.000000,0.007173,0.084511,1,0.000000,0.000000,8,0.000000
25.858221,coast,0.000000,0.007318,0.081580,1,0.000000,0.000000,8,0.000000
25.860409,coast,0.000000,0.007492,0.081047,1,0.000000,0.000000,8,0.000000
25.862817,coast,0.000000,0.007669,0.080514,1,0.000000,0.000000,8,0.000000
25.864974,coast,0.000000,0.007803,0.075452,1,0.000000,0.000000,8,0.000000
25.867744,coast,0.000000,0.007962,0.075718,1,0.000000,0.000000,8,0.000000
25.870502,coast,0.000000,0.008167,0.074119,1,0.000000,0.000000,8,0.000000
25.873228,coast,0.000000,0.008340,0.070655,1,0.000000,0.000000,8,0.000000
25.876053,coast,0.000000,0.008493,0.071188,1,0.000000,0.000000,8,0.000000
25.879017,coast,0.000000,0.008675,0.067724,1,0.000000,0.000000,8,0.000000
25.882003,coast,0.000000,0.008849,0.065859,1,0.000000,0.000000,8,0.000000
25.884932,coast,0.000000,0.008996,0.065326,1,0.000000,0.000000,8,0.000000
25.887915,coast,0.000000,0.009171,0.061063,1,0.000000,0.000000,8,0.000000
25.890872,coast,0.000000,0.009315,0.062128,1,0.000000,0.000000,8,0.000000
25.893859,coast,0.000000,0.009424,0.060796,1,0.000000,0.000000,8,0.000000
25.896927,coast,0.000000,0.009560,0.058931,1,0.000000,0.000000,8,0.000000
25.900349,coast,0.000000,0.009714,0.058398,1,0.000000,0.000000,8,0.000000
25.903555,coast,0.000000,0.009826,0.058931,1,0.000000,0.000000,8,0.000000
25.906664,coast,0.000000,0.009935,0.056266,1,0.000000,0.000000,8,0.000000
25.909613,coast,0.000000,0.010031,0.055733,1,0.000000,0.000000,8,0.000000
25.912570,coast,0.000000,0.010147,0.056799,1,0.000000,0.000000,8,0.000000
25.915549,coast,0.000000,0.010239,0.051203,1,0.000000,0.000000,8,0.000000
25.918771,coast,0.000000,0.010354,0.051736,1,0.000000,0.000000,8,0.000000
25.921706,coast,0.000000,0.010457,0.051470,1,0.000000,0.000000,8,0.000000
25.924917,coast,0.000000,0.010541,0.045608,1,0.000000,0.000000,8,0.000000
25.927889,coast,0.000000,0.010673,0.045608,1,0.000000,0.000000,8,0.000000
25.930816,coast,0.000000,0.010744,0.041877,1,0.000000,0.000000,8,0.000000
25.933791,coast,0.000000,0.010808,0.039213,1,0.000000,0.000000,8,0.000000
25.936831,coast,0.000000,0.010888,0.034150,1,0.000000,0.000000,8,0.000000
25.940000,coast,0.000000,0.010954,0.032551,1,0.000000,0.000000,8,0.000000
25.943214,coast,0.000000,0.011000,0.028021,1,0.000000,0.000000,8,0.000000
25.946580,coast,0.000000,0.011055,0.022958,1,0.000000,0.000000,8,0.000000
25.949729,coast,0.000000,0.011090,0.022425,1,0.000000,0.000000,8,0.000000
25.952892,coast,0.000000,0.011086,0.019761,1,0.000000,0.000000,8,0.000000
25.956057,coast,0.000000,0.011089,0.015764,1,0.000000,0.000000,8,0.000000
25.959037,coast,0.000000,0.011098,0.012566,1,0.000000,0.000000,8,0.000000
25.962314,coast,0.000000,0.011061,0.012833,1,0.000000,0.000000,8,0.000000
25.965268,coast,0.000000,0.011066,0.011767,1,0.000000,0.000000,8,0.000000
25.968575,coast,0.000000,0.011028,0.009102,1,0.000000,0.000000,8,0.000000
25.971769,coast,0.000000,0.010975,0.006971,1,0.000000,0.000000,8,0.000000
25.974919,coast,0.000000,0.010941,0.007770,1,0.000000,0.000000,8,0.000000
25.977970,coast,0.000000,0.010898,0.008037,1,0.000000,0.000000,8,0.000000
25.980904,coast,0.000000,0.010811,0.002707,1,0.000000,0.000000,8,0.000000
25.983887,coast,0.000000,0.010772,0.005638,1,0.000000,0.000000,8,0.000000
25.986852,coast,0.000000,0.010698,0.002974,1,0.000000,0.000000,8,0.000000
25.989802,coast,0.000000,0.010671,-0.000490,1,0.000000,0.000000,8,0.000000
25.992742,coast,0.000000,0.010631,0.000043,1,0.000000,0.000000,8,0.000000
25.995709,coast,0.000000,0.010590,-0.003954,1,0.000000,0.000000,8,0.000000
25.998659,coast,0.000000,0.010564,-0.006086,1,0.000000,0.000000,8,0.000000
26.001598,coast,0.000000,0.010503,-0.007418,1,0.000000,0.000000,8,0.000000
26.004539,coast,0.000000,0.010456,-0.012748,1,0.000000,0.000000,8,0.000000
26.007503,coast,0.000000,0.010417,-0.014080,1,0.000000,0.000000,8,0.000000
26.010486,coast,0.000000,0.010338,-0.019409,1,0.000000,0.000000,8,0.000000
26.013488,coast,0.000000,0.010268,-0.021807,1,0.000000,0.000000,8,0.000000
26.016499,coast,0.000000,0.010171,-0.026870,1,0.000000,0.000000,8,0.000000
26.019461,coast,0.000000,0.010084,-0.025804,1,0.000000,0.000000,8,0.000000
26.022420,coast,0.000000,0.009970,-0.030334,1,0.000000,0.000000,8,0.000000
26.025374,coast,0.000000,0.009869,-0.032732,1,0.000000,0.000000,8,0.000000
26.028330,coast,0.000000,0.009762,-0.033532,1,0.000000,0.000000,8,0.000000
26.031236,coast,0.000000,0.009628,-0.035930,1,0.000000,0.000000,8,0.000000
26.034506,coast,0.000000,0.009439,-0.037795,1,0.000000,0.000000,8,0.000000
26.037598,coast,0.000000,0.009306,-0.037795,1,0.000000,0.000000,8,0.000000
26.040803,coast,0.000000,0.009173,-0.039127,1,0.000000,0.000000,8,0.000000
26.044024,coast,0.000000,0.009044,-0.038328,1,0.000000,0.000000,8,0.000000
26.047201,coast,0.000000,0.008906,-0.038594,1,0.000000,0.000000,8,0.000000
26.050224,coast,0.000000,0.008763,-0.038062,1,0.000000,0.000000,8,0.000000
26.053468,coast,0.000000,0.008636,-0.039927,1,0.000000,0.000000,8,0.000000
26.056740,coast,0.000000,0.008513,-0.041792,1,0.000000,0.000000,8,0.000000
26.060185,coast,0.000000,0.008346,-0.043657,1,0.000000,0.000000,8,0.000000
26.063169,coast,0.000000,0.008229,-0.044457,1,0.000000,0.000000,8,0.000000
26.066150,coast,0.000000,0.008104,-0.044723,1,0.000000,0.000000,8,0.000000
26.069112,coast,0.000000,0.007973,-0.047121,1,0.000000,0.000000,8,0.000000
26.072297,coast,0.000000,0.007856,-0.050319,1,0.000000,0.000000,8,0.000000
26.075290,coast,0.000000,0.007729,-0.050052,1,0.000000,0.000000,8,0.000000
26.078333,coast,0.000000,0.007609,-0.050052,1,0.000000,0.000000,8,0.000000
26.081528,coast,0.000000,0.007464,-0.051118,1,0.000000,0.000000,8,0.000000
26.084744,coast,0.000000,0.007328,-0.053516,1,0.000000,0.000000,8,0.000000
26.088083,coast,0.000000,0.007149,-0.054849,1,0.000000,0.000000,8,0.000000
26.091052,coast,0.000000,0.006977,-0.056714,1,0.000000,0.000000,8,0.000000
26.094064,coast,0.000000,0.006822,-0.057247,1,0.000000,0.000000,8,0.000000
26.097009,coast,0.000000,0.006658,-0.057247,1,0.000000,0.000000,8,0.000000
26.100440,coast,0.000000,0.006462,-0.058046,1,0.000000,0.000000,8,0.000000
26.103656,coast,0.000000,0.006308,-0.056714,1,0.000000,0.000000,8,0.000000
26.106866,coast,0.000000,0.006128,-0.059112,1,0.000000,0.000000,8,0.000000
26.110004,coast,0.000000,0.005974,-0.057247,1,0.000000,0.000000,8,0.000000
26.112959,coast,0.000000,0.005835,-0.058313,1,0.000000,0.000000,8,0.000000
26.115924,coast,0.000000,0.005689,-0.056447,1,0.000000,0.000000,8,0.000000
26.118816,coast,0.000000,0.005537,-0.055648,1,0.000000,0.000000,8,0.000000
26.121597,coast,0.000000,0.005401,-0.052983,1,0.000000,0.000000,8,0.000000
26.124341,coast,0.000000,0.005260,-0.056181,1,0.000000,0.000000,8,0.000000
26.127111,coast,0.000000,0.005128,-0.058313,1,0.000000,0.000000,8,0.000000
26.129906,coast,0.000000,0.004983,-0.055115,1,0.000000,0.000000,8,0.000000
26.132682,coast,0.000000,0.004845,-0.059378,1,0.000000,0.000000,8,0.000000
26.135440,coast,0.000000,0.004714,-0.059112,1,0.000000,0.000000,8,0.000000
26.138274,coast,0.000000,0.004603,-0.056181,1,0.000000,0.000000,8,0.000000
26.141447,coast,0.000000,0.004443,-0.061244,1,0.000000,0.000000,8,0.000000
26.144651,coast,0.000000,0.004273,-0.057780,1,0.000000,0.000000,8,0.000000
26.147852,coast,0.000000,0.004106,-0.059911,1,0.000000,0.000000,8,0.000000
26.150793,coast,0.000000,0.003939,-0.062043,1,0.000000,0.000000,8,0.000000
26.153762,coast,0.000000,0.003787,-0.060977,1,0.000000,0.000000,8,0.000000
26.156726,coast,0.000000,0.003627,-0.061777,1,0.000000,0.000000,8,0.000000
26.159678,coast,0.000000,0.003468,-0.060444,1,0.000000,0.000000,8,0.000000
26.162660,coast,0.000000,0.003281,-0.061244,1,0.000000,0.000000,8,0.000000
26.166082,coast,0.000000,0.003078,-0.061510,1,0.000000,0.000000,8,0.000000
26.168975,coast,0.000000,0.002914,-0.062576,1,0.000000,0.000000,8,0.000000
26.171824,coast,0.000000,0.002763,-0.061244,1,0.000000,0.000000,8,0.000000
26.174382,coast,0.000000,0.002614,-0.060178,1,0.000000,0.000000,8,0.000000
26.176952,coast,0.000000,0.002478,-0.060711,1,0.000000,0.000000,8,0.000000
26.179742,coast,0.000000,0.002346,-0.061244,1,0.000000,0.000000,8,0.000000
26.182693,coast,0.000000,0.002184,-0.059112,1,0.000000,0.000000,8,0.000000
26.185698,coast,0.000000,0.002062,-0.060977,1,0.000000,0.000000,8,0.000000
26.188696,coast,0.000000,0.001905,-0.054849,1,0.000000,0.000000,8,0.000000
26.191903,coast,0.000000,0.001741,-0.058046,1,0.000000,0.000000,8,0.000000
26.194870,coast,0.000000,0.001575,-0.055382,1,0.000000,0.000000,8,0.000000
26.197871,coast,0.000000,0.001450,-0.058579,1,0.000000,0.000000,8,0.000000
26.200850,coast,0.000000,0.001323,-0.056714,1,0.000000,0.000000,8,0.000000
26.204304,coast,0.000000,0.001186,-0.059911,1,0.000000,0.000000,8,0.000000
26.207472,coast,0.000000,0.001021,-0.057780,1,0.000000,0.000000,8,0.000000
26.210875,coast,0.000000,0.000871,-0.060444,1,0.000000,0.000000,8,0.000000
26.213859,coast,0.000000,0.000754,-0.059645,1,0.000000,0.000000,8,0.000000
26.216833,coast,0.000000,0.000644,-0.058046,1,0.000000,0.000000,8,0.000000
26.219787,coast,0.000000,0.000540,-0.058313,1,0.000000,0.000000,8,0.000000
26.222974,coast,0.000000,0.000412,-0.058579,1,0.000000,0.000000,8,0.000000
26.226507,coast,0.000000,0.000247,-0.055382,1,0.000000,0.000000,8,0.000000
26.229716,coast,0.000000,0.000121,-0.055648,1,0.000000,0.000000,8,0.000000
26.232907,coast,0.000000,-0.000040,-0.055648,1,0.000000,0.000000,8,0.000000
26.236053,coast,0.000000,-0.000179,-0.056980,1,0.000000,0.000000,8,0.000000
26.239225,coast,0.000000,-0.000303,-0.051918,1,0.000000,0.000000,8,0.000000
26.242286,coast,0.000000,-0.000426,-0.050852,1,0.000000,0.000000,8,0.000000
26.245523,coast,0.000000,-0.000567,-0.050052,1,0.000000,0.000000,8,0.000000
26.248487,coast,0.000000,-0.000675,-0.046855,1,0.000000,0.000000,8,0.000000
26.251595,coast,0.000000,-0.000801,-0.048187,1,0.000000,0.000000,8,0.000000
26.254787,coast,0.000000,-0.000876,-0.046322,1,0.000000,0.000000,8,0.000000
26.258145,coast,0.000000,-0.001005,-0.045256,1,0.000000,0.000000,8,0.000000
26.261349,coast,0.000000,-0.001142,-0.045522,1,0.000000,0.000000,8,0.000000
26.264304,coast,0.000000,-0.001234,-0.042325,1,0.000000,0.000000,8,0.000000
26.267285,coast,0.000000,-0.001321,-0.042325,1,0.000000,0.000000,8,0.000000
26.270354,coast,0.000000,-0.001410,-0.043657,1,0.000000,0.000000,8,0.000000
26.273095,coast,0.000000,-0.001484,-0.042058,1,0.000000,0.000000,8,0.000000
26.275872,coast,0.000000,-0.001543,-0.042858,1,0.000000,0.000000,8,0.000000
26.278637,coast,0.000000,-0.001638,-0.042325,1,0.000000,0.000000,8,0.000000
26.281570,coast,0.000000,-0.001754,-0.042325,1,0.000000,0.000000,8,0.000000
26.284754,coast,0.000000,-0.001853,-0.041526,1,0.000000,0.000000,8,0.000000
26.287976,coast,0.000000,-0.001902,-0.040726,1,0.000000,0.000000,8,0.000000
26.291096,coast,0.000000,-0.001991,-0.039394,1,0.000000,0.000000,8,0.000000
26.294092,coast,0.000000,-0.002072,-0.040726,1,0.000000,0.000000,8,0.000000
26.297047,coast,0.000000,-0.002178,-0.039127,1,0.000000,0.000000,8,0.000000
26.300320,coast,0.000000,-0.002263,-0.036463,1,0.000000,0.000000,8,0.000000
26.303258,coast,0.000000,-0.002292,-0.038062,1,0.000000,0.000000,8,0.000000
26.306343,coast,0.000000,-0.002363,-0.034864,1,0.000000,0.000000,8,0.000000
26.309297,coast,0.000000,-0.002429,-0.035663,1,0.000000,0.000000,8,0.000000
26.312418,coast,0.000000,-0.002496,-0.034864,1,0.000000,0.000000,8,0.000000
26.316020,coast,0.000000,-0.002592,-0.034597,1,0.000000,0.000000,8,0.000000
26.319222,coast,0.000000,-0.002644,-0.030867,1,0.000000,0.000000,8,0.000000
26.322295,coast,0.000000,-0.002716,-0.030334,1,0.000000,0.000000,8,0.000000
26.325235,coast,0.000000,-0.002722,-0.027936,1,0.000000,0.000000,8,0.000000
26.328222,coast,0.000000,-0.002745,-0.027137,1,0.000000,0.000000,8,0.000000
26.331643,coast,0.000000,-0.002774,-0.025271,1,0.000000,0.000000,9,0.000000
26.335679,coast,0.000000,-0.002810,-0.024205,1,0.000000,0.000000,9,0.000000
26.340202,coast,0.000000,-0.002904,-0.024738,1,0.000000,0.000000,9,0.000000
26.343480,coast,0.000000,-0.002930,-0.024472,1,0.000000,0.000000,9,0.000000
26.346267,coast,0.000000,-0.002918,-0.017277,1,0.000000,0.000000,9,0.000000
26.349022,coast,0.000000,-0.002903,-0.022340,1,0.000000,0.000000,9,0.000000
26.352159,coast,0.000000,-0.002920,-0.022340,1,0.000000,0.000000,9,0.000000
26.354604,coast,0.000000,-0.002934,-0.019409,1,0.000000,0.000000,9,0.000000
26.357454,coast,0.000000,-0.002919,-0.018077,1,0.000000,0.000000,9,0.000000
26.360106,coast,0.000000,-0.002928,-0.015412,1,0.000000,0.000000,9,0.000000
26.362386,coast,0.000000,-0.002847,-0.014613,1,0.000000,0.000000,9,0.000000
26.365348,coast,0.000000,-0.002828,-0.015945,1,0.000000,0.000000,9,0.000000
26.367631,coast,0.000000,-0.002793,-0.013547,1,0.000000,0.000000,9,0.000000
26.369896,coast,0.000000,-0.002804,-0.013547,1,0.000000,0.000000,9,0.000000
26.372027,coast,0.000000,-0.002795,-0.012481,1,0.000000,0.000000,9,0.000000
26.374416,coast,0.000000,-0.002785,-0.012481,1,0.000000,0.000000,9,0.000000
26.376806,coast,0.000000,-0.002755,-0.010882,1,0.000000,0.000000,9,0.000000
26.379171,coast,0.000000,-0.002721,-0.009017,1,0.000000,0.000000,9,0.000000
26.381562,coast,0.000000,-0.002710,-0.009550,1,0.000000,0.000000,9,0.000000
26.384951,coast,0.000000,-0.002705,-0.006885,1,0.000000,0.000000,9,0.000000
26.388387,coast,0.000000,-0.002672,-0.006619,1,0.000000,0.000000,9,0.000000
26.391792,coast,0.000000,-0.002636,-0.005020,1,0.000000,0.000000,9,0.000000
26.395226,coast,0.000000,-0.002613,-0.003421,1,0.000000,0.000000,9,0.000000
26.398679,coast,0.000000,-0.002576,-0.002356,1,0.000000,0.000000,9,0.000000
26.402065,coast,0.000000,-0.002531,-0.000490,1,0.000000,0.000000,9,0.000000
26.405459,coast,0.000000,-0.002544,-0.001290,1,0.000000,0.000000,9,0.000000
26.408845,coast,0.000000,-0.002509,0.000842,1,0.000000,0.000000,9,0.000000
26.412234,coast,0.000000,-0.002483,-0.000224,1,0.000000,0.000000,9,0.000000
26.415989,coast,0.000000,-0.002442,0.000576,1,0.000000,0.000000,9,0.000000
26.419792,coast,0.000000,-0.002387,0.002174,1,0.000000,0.000000,9,0.000000
26.423515,coast,0.000000,-0.002319,0.005905,1,0.000000,0.000000,9,0.000000
26.426902,coast,0.000000,-0.002258,0.005372,1,0.000000,0.000000,9,0.000000
26.430291,coast,0.000000,-0.002232,0.005372,1,0.000000,0.000000,9,0.000000
26.433707,coast,0.000000,-0.002165,0.005105,1,0.000000,0.000000,9,0.000000
26.437122,coast,0.000000,-0.002094,0.008037,1,0.000000,0.000000,9,0.000000
26.440562,coast,0.000000,-0.002038,0.008569,1,0.000000,0.000000,9,0.000000
26.443951,coast,0.000000,-0.001974,0.005372,1,0.000000,0.000000,9,0.000000
26.447352,coast,0.000000,-0.001901,0.008836,1,0.000000,0.000000,9,0.000000
26.450787,coast,0.000000,-0.001842,0.008569,1,0.000000,0.000000,9,0.000000
26.454317,coast,0.000000,-0.001759,0.010168,1,0.000000,0.000000,9,0.000000
26.458337,coast,0.000000,-0.001690,0.010435,1,0.000000,0.000000,9,0.000000
26.461836,coast,0.000000,-0.001614,0.011767,1,0.000000,0.000000,9,0.000000
26.465220,coast,0.000000,-0.001532,0.016830,1,0.000000,0.000000,9,0.000000
26.468515,coast,0.000000,-0.001450,0.012300,1,0.000000,0.000000,9,0.000000
26.471785,coast,0.000000,-0.001370,0.013366,1,0.000000,0.000000,9,0.000000
26.475330,coast,0.000000,-0.001282,0.017096,1,0.000000,0.000000,9,0.000000
26.478551,coast,0.000000,-0.001218,0.015231,1,0.000000,0.000000,9,0.000000
26.481977,coast,0.000000,-0.001131,0.014965,1,0.000000,0.000000,9,0.000000
26.485223,coast,0.000000,-0.001051,0.018162,1,0.000000,0.000000,9,0.000000
26.487705,coast,0.000000,-0.000972,0.016830,1,0.000000,0.000000,9,0.000000
26.489792,coast,0.000000,-0.000910,0.018162,1,0.000000,0.000000,9,0.000000
26.492395,coast,0.000000,-0.000826,0.016830,1,0.000000,0.000000,9,0.000000
