t_s,mode,target_rad_s,speed_rad_s,u,u_unsaturated
0.0907,coast,6.2800,0.0000,0.0000,0.0000
0.0929,pi,6.2800,0.0000,-0.1256,-0.1256
0.0982,pi,6.2800,0.0000,-0.1256,-0.1256
0.1022,pi,6.2800,0.0000,-0.1256,-0.1256
0.1063,pi,6.2800,0.0000,-0.1256,-0.1256
0.1106,pi,6.2800,0.0000,-0.1256,-0.1256
0.1144,pi,6.2800,0.0000,-0.1256,-0.1256
0.1182,pi,6.2800,0.0718,-0.1242,-0.1242
0.1219,pi,6.2800,0.1828,-0.1219,-0.1219
0.1256,pi,6.2800,0.2574,-0.1205,-0.1205
0.1295,pi,6.2800,0.3565,-0.1185,-0.1185
0.1337,pi,6.2800,0.5367,-0.1149,-0.1149
0.1375,pi,6.2800,0.7028,-0.1115,-0.1115
0.1417,pi,6.2800,0.9651,-0.1063,-0.1063
0.1455,pi,6.2800,1.2285,-0.1010,-0.1010
0.1495,pi,6.2800,1.5320,-0.0950,-0.0950
0.1534,pi,6.2800,1.8661,-0.0883,-0.0883
0.1572,pi,6.2800,2.2232,-0.0811,-0.0811
0.1610,pi,6.2800,2.5109,-0.0754,-0.0754
0.1648,pi,6.2800,2.8624,-0.0684,-0.0684
0.1686,pi,6.2800,3.1578,-0.0624,-0.0624
0.1729,pi,6.2800,3.4403,-0.0568,-0.0568
0.1780,pi,6.2800,3.7075,-0.0515,-0.0515
0.1830,pi,6.2800,3.9250,-0.0471,-0.0471
0.1880,pi,6.2800,4.0446,-0.0447,-0.0447
0.1933,pi,6.2800,4.1403,-0.0428,-0.0428
0.1980,pi,6.2800,4.1802,-0.0420,-0.0420
0.2029,pi,6.2800,4.1484,-0.0426,-0.0426
0.2079,pi,6.2800,4.0953,-0.0437,-0.0437
0.2129,pi,6.2800,4.0992,-0.0436,-0.0436
0.2179,pi,6.2800,4.0563,-0.0445,-0.0445
0.2229,pi,6.2800,3.9762,-0.0461,-0.0461
0.2279,pi,6.2800,3.9123,-0.0474,-0.0474
0.2329,pi,6.2800,3.8156,-0.0493,-0.0493
0.2379,pi,6.2800,3.6922,-0.0518,-0.0518
0.2429,pi,6.2800,3.5936,-0.0537,-0.0537
0.2479,pi,6.2800,3.4688,-0.0562,-0.0562
0.2530,pi,6.2800,3.4151,-0.0573,-0.0573
0.2579,pi,6.2800,3.3719,-0.0582,-0.0582
0.2630,pi,6.2800,3.3007,-0.0596,-0.0596
0.2679,pi,6.2800,3.2803,-0.0600,-0.0600
0.2729,pi,6.2800,3.2640,-0.0603,-0.0603
0.2779,pi,6.2800,3.2142,-0.0613,-0.0613
0.2828,pi,6.2800,3.2112,-0.0614,-0.0614
0.2879,pi,6.2800,3.2086,-0.0614,-0.0614
0.2929,pi,6.2800,3.2067,-0.0615,-0.0615
0.2979,pi,6.2800,3.2509,-0.0606,-0.0606
0.3029,pi,6.2800,3.2865,-0.0599,-0.0599
0.3079,pi,6.2800,3.2690,-0.0602,-0.0602
0.3129,pi,6.2800,3.2552,-0.0605,-0.0605
0.3179,pi,6.2800,3.2071,-0.0615,-0.0615
0.3228,pi,6.2800,3.2055,-0.0615,-0.0615
0.3279,pi,6.2800,3.2041,-0.0615,-0.0615
0.3329,pi,6.2800,3.1665,-0.0623,-0.0623
0.3379,pi,6.2800,3.1729,-0.0621,-0.0621
0.3429,pi,6.2800,3.1917,-0.0618,-0.0618
0.3479,pi,6.2800,3.1565,-0.0625,-0.0625
0.3529,pi,6.2800,3.1786,-0.0620,-0.0620
0.3578,pi,6.2800,3.1825,-0.0619,-0.0619
0.3629,pi,6.2800,3.1994,-0.0616,-0.0616
0.3678,pi,6.2800,3.2448,-0.0607,-0.0607
0.3729,pi,6.2800,3.2492,-0.0606,-0.0606
0.3779,pi,6.2800,3.2524,-0.0606,-0.0606
0.3829,pi,6.2800,3.3053,-0.0595,-0.0595
0.3879,pi,6.2800,3.3297,-0.0590,-0.0590
0.3929,pi,6.2800,3.3034,-0.0595,-0.0595
0.3979,pi,6.2800,3.3282,-0.0590,-0.0590
0.4029,pi,6.2800,3.3160,-0.0593,-0.0593
0.4079,pi,6.2800,3.3060,-0.0595,-0.0595
0.4129,pi,6.2800,3.3302,-0.0590,-0.0590
0.4180,pi,6.2800,3.3175,-0.0592,-0.0592
0.4229,pi,6.2800,3.3074,-0.0595,-0.0595
0.4278,pi,6.2800,3.3314,-0.0590,-0.0590
0.4329,pi,6.2800,3.3185,-0.0592,-0.0592
0.4379,pi,6.2800,3.3082,-0.0594,-0.0594
0.4429,pi,6.2800,3.3319,-0.0590,-0.0590
0.4479,pi,6.2800,3.3190,-0.0592,-0.0592
0.4528,pi,6.2800,3.2949,-0.0597,-0.0597
0.4579,pi,6.2800,3.3214,-0.0592,-0.0592
0.4629,pi,6.2800,3.3427,-0.0587,-0.0587
0.4679,pi,6.2800,3.3275,-0.0590,-0.0590
0.4728,pi,6.2800,3.3475,-0.0587,-0.0587
0.4779,pi,6.2800,3.3314,-0.0590,-0.0590
0.4829,pi,6.2800,3.3184,-0.0592,-0.0592
0.4878,pi,6.2800,3.3402,-0.0588,-0.0588
0.4929,pi,6.2800,3.3255,-0.0591,-0.0591
0.4980,pi,6.2800,3.3137,-0.0593,-0.0593
0.5029,pi,6.2800,3.3545,-0.0585,-0.0585
0.5079,pi,6.2800,3.3690,-0.0582,-0.0582
0.5129,pi,6.2800,3.3486,-0.0586,-0.0586
0.5178,pi,6.2800,3.3642,-0.0583,-0.0583
0.5229,pi,6.2800,3.3448,-0.0587,-0.0587
0.5279,pi,6.2800,3.3292,-0.0590,-0.0590
0.5329,pi,6.2800,3.3487,-0.0586,-0.0586
0.5379,pi,6.2800,3.3324,-0.0590,-0.0590
0.5429,pi,6.2800,3.3057,-0.0595,-0.0595
0.5479,pi,6.2800,3.2843,-0.0599,-0.0599
0.5529,pi,6.2800,3.3130,-0.0593,-0.0593
0.5579,pi,6.2800,3.3038,-0.0595,-0.0595
0.5629,pi,6.2800,3.2965,-0.0597,-0.0597
0.5678,pi,6.2800,3.3227,-0.0591,-0.0591
0.5729,pi,6.2800,3.3115,-0.0594,-0.0594
0.5779,pi,6.2800,3.3530,-0.0585,-0.0585
0.5829,pi,6.2800,3.3680,-0.0582,-0.0582
0.5879,pi,6.2800,3.3478,-0.0586,-0.0586
0.5929,pi,6.2800,3.3316,-0.0590,-0.0590
0.5979,pi,6.2800,3.3507,-0.0586,-0.0586
0.6030,pi,6.2800,3.3336,-0.0589,-0.0589
0.6079,pi,6.2800,3.3202,-0.0592,-0.0592
0.6129,pi,6.2800,3.3092,-0.0594,-0.0594
0.6179,pi,6.2800,3.3008,-0.0596,-0.0596
0.6229,pi,6.2800,3.2941,-0.0597,-0.0597
0.6279,pi,6.2800,3.2382,-0.0608,-0.0608
0.6329,pi,6.2800,3.2439,-0.0607,-0.0607
0.6379,pi,6.2800,3.2486,-0.0606,-0.0606
0.6429,pi,6.2800,3.3025,-0.0595,-0.0595
0.6479,pi,6.2800,3.2954,-0.0597,-0.0597
0.6529,pi,6.2800,3.2761,-0.0601,-0.0601
0.6579,pi,6.2800,3.2608,-0.0604,-0.0604
0.6629,pi,6.2800,3.2941,-0.0597,-0.0597
0.6679,pi,6.2800,3.2888,-0.0598,-0.0598
0.6729,pi,6.2800,3.2707,-0.0602,-0.0602
0.6779,pi,6.2800,3.3020,-0.0596,-0.0596
0.6829,pi,6.2800,3.3273,-0.0591,-0.0591
0.6879,pi,6.2800,3.3016,-0.0596,-0.0596
0.6929,pi,6.2800,3.2948,-0.0597,-0.0597
0.6979,pi,6.2800,3.2755,-0.0601,-0.0601
0.7029,pi,6.2800,3.3241,-0.0591,-0.0591
0.7079,pi,6.2800,3.3446,-0.0587,-0.0587
0.7129,pi,6.2800,3.3612,-0.0584,-0.0584
0.7179,pi,6.2800,3.3745,-0.0581,-0.0581
0.7229,pi,6.2800,3.3851,-0.0579,-0.0579
0.7279,pi,6.2800,3.3935,-0.0577,-0.0577
0.7329,pi,6.2800,3.3682,-0.0582,-0.0582
0.7379,pi,6.2800,3.3800,-0.0580,-0.0580
0.7429,pi,6.2800,3.3895,-0.0578,-0.0578
0.7479,pi,6.2800,3.3514,-0.0586,-0.0586
0.7529,pi,6.2800,3.3667,-0.0583,-0.0583
0.7579,pi,6.2800,3.3331,-0.0589,-0.0589
0.7630,pi,6.2800,3.3198,-0.0592,-0.0592
0.7679,pi,6.2800,3.3092,-0.0594,-0.0594
0.7729,pi,6.2800,3.3007,-0.0596,-0.0596
0.7779,pi,6.2800,3.2940,-0.0597,-0.0597
0.7829,pi,6.2800,3.3205,-0.0592,-0.0592
0.7880,pi,6.2800,3.3095,-0.0594,-0.0594
0.7929,pi,6.2800,3.3010,-0.0596,-0.0596
0.7980,pi,6.2800,3.3444,-0.0587,-0.0587
0.8029,pi,6.2800,3.3610,-0.0584,-0.0584
0.8081,pi,6.2800,3.3421,-0.0588,-0.0588
0.8133,pi,6.2800,3.3771,-0.0581,-0.0581
0.8188,pi,6.2800,3.3549,-0.0585,-0.0585
0.8230,pi,6.2800,3.3372,-0.0589,-0.0589
0.8278,pi,6.2800,3.3553,-0.0585,-0.0585
0.8328,pi,6.2800,3.3698,-0.0582,-0.0582
0.8378,pi,6.2800,3.3357,-0.0589,-0.0589
0.8429,pi,6.2800,3.3543,-0.0585,-0.0585
0.8482,pi,6.2800,3.3363,-0.0589,-0.0589
0.8531,pi,6.2800,3.3221,-0.0592,-0.0592
0.8578,pi,6.2800,3.3428,-0.0587,-0.0587
0.8629,pi,6.2800,3.3598,-0.0584,-0.0584
0.8678,pi,6.2800,3.3282,-0.0590,-0.0590
0.8729,pi,6.2800,3.3483,-0.0586,-0.0586
0.8779,pi,6.2800,3.3644,-0.0583,-0.0583
0.8829,pi,6.2800,3.3450,-0.0587,-0.0587
0.8879,pi,6.2800,3.3796,-0.0580,-0.0580
0.8928,pi,6.2800,3.3892,-0.0578,-0.0578
0.8979,pi,6.2800,3.3511,-0.0586,-0.0586
0.9029,pi,6.2800,3.3214,-0.0592,-0.0592
0.9079,pi,6.2800,3.3430,-0.0587,-0.0587
0.9128,pi,6.2800,3.3143,-0.0593,-0.0593
0.9179,pi,6.2800,3.2913,-0.0598,-0.0598
0.9229,pi,6.2800,3.3185,-0.0592,-0.0592
0.9289,pi,6.2800,3.3076,-0.0594,-0.0594
0.9343,pi,6.2800,3.2989,-0.0596,-0.0596
0.9383,pi,6.2800,3.3243,-0.0591,-0.0591
0.9429,pi,6.2800,3.3125,-0.0593,-0.0593
0.9478,pi,6.2800,3.2898,-0.0598,-0.0598
0.9529,pi,6.2800,3.3355,-0.0589,-0.0589
0.9579,pi,6.2800,3.3214,-0.0592,-0.0592
0.9630,pi,6.2800,3.3102,-0.0594,-0.0594
0.9679,pi,6.2800,3.3516,-0.0586,-0.0586
0.9729,pi,6.2800,3.3346,-0.0589,-0.0589
0.9778,pi,6.2800,3.3075,-0.0595,-0.0595
0.9829,pi,6.2800,3.2860,-0.0599,-0.0599
0.9879,pi,6.2800,3.3148,-0.0593,-0.0593
0.9929,pi,6.2800,3.2916,-0.0598,-0.0598
0.9979,pi,6.2800,3.3369,-0.0589,-0.0589
1.0029,pi,6.2800,3.3229,-0.0591,-0.0591
1.0079,pi,6.2800,3.2979,-0.0596,-0.0596
1.0129,pi,6.2800,3.3240,-0.0591,-0.0591
1.0179,pi,6.2800,3.3448,-0.0587,-0.0587
1.0229,pi,6.2800,3.3156,-0.0593,-0.0593
1.0279,pi,6.2800,3.3381,-0.0588,-0.0588
1.0329,pi,6.2800,3.3559,-0.0585,-0.0585
1.0379,pi,6.2800,3.3381,-0.0588,-0.0588
1.0429,pi,6.2800,3.3239,-0.0591,-0.0591
1.0479,pi,6.2800,3.3125,-0.0594,-0.0594
1.0529,pi,6.2800,3.2897,-0.0598,-0.0598
1.0579,pi,6.2800,3.3172,-0.0593,-0.0593
1.0629,pi,6.2800,3.3071,-0.0595,-0.0595
1.0679,pi,6.2800,3.3493,-0.0586,-0.0586
1.0729,pi,6.2800,3.3649,-0.0583,-0.0583
1.0779,pi,6.2800,3.3452,-0.0587,-0.0587
1.0829,pi,6.2800,3.3798,-0.0580,-0.0580
1.0879,pi,6.2800,3.4074,-0.0575,-0.0575
1.0929,pi,6.2800,3.4113,-0.0574,-0.0574
1.0980,pi,6.2800,3.4324,-0.0570,-0.0570
1.1029,pi,6.2800,3.4493,-0.0566,-0.0566
1.1081,pi,6.2800,3.4127,-0.0573,-0.0573
1.1129,pi,6.2800,3.3836,-0.0579,-0.0579
1.1179,pi,6.2800,3.3925,-0.0577,-0.0577
1.1229,pi,6.2800,3.3673,-0.0583,-0.0583
1.1279,pi,6.2800,3.3470,-0.0587,-0.0587
1.1329,pi,6.2800,3.2807,-0.0600,-0.0600
1.1380,pi,6.2800,3.2774,-0.0601,-0.0601
1.1428,pi,6.2800,3.2619,-0.0604,-0.0604
1.1479,pi,6.2800,3.2494,-0.0606,-0.0606
1.1529,pi,6.2800,3.2396,-0.0608,-0.0608
1.1580,pi,6.2800,3.2316,-0.0610,-0.0610
1.1631,pi,6.2800,3.2385,-0.0608,-0.0608
1.1680,pi,6.2800,3.2441,-0.0607,-0.0607
1.1730,pi,6.2800,3.2484,-0.0606,-0.0606
1.1780,pi,6.2800,3.2383,-0.0608,-0.0608
1.1829,pi,6.2800,3.2762,-0.0601,-0.0601
1.1882,pi,6.2800,3.3064,-0.0595,-0.0595
1.1932,pi,6.2800,3.2981,-0.0596,-0.0596
1.1980,pi,6.2800,3.3418,-0.0588,-0.0588
1.2031,pi,6.2800,3.3262,-0.0591,-0.0591
1.2080,pi,6.2800,3.3142,-0.0593,-0.0593
1.2128,pi,6.2800,3.3368,-0.0589,-0.0589
1.2178,pi,6.2800,3.3552,-0.0585,-0.0585
1.2229,pi,6.2800,3.3238,-0.0591,-0.0591
1.2279,pi,6.2800,3.3449,-0.0587,-0.0587
1.2329,pi,6.2800,3.3615,-0.0584,-0.0584
1.2379,pi,6.2800,3.3291,-0.0590,-0.0590
1.2429,pi,6.2800,3.3490,-0.0586,-0.0586
1.2479,pi,6.2800,3.3650,-0.0583,-0.0583
1.2529,pi,6.2800,3.3318,-0.0590,-0.0590
1.2579,pi,6.2800,3.3514,-0.0586,-0.0586
1.2629,pi,6.2800,3.3345,-0.0589,-0.0589
1.2679,pi,6.2800,3.3210,-0.0592,-0.0592
1.2729,pi,6.2800,3.3605,-0.0584,-0.0584
1.2779,pi,6.2800,3.3739,-0.0581,-0.0581
1.2829,pi,6.2800,3.3387,-0.0588,-0.0588
1.2879,pi,6.2800,3.3746,-0.0581,-0.0581
1.2929,pi,6.2800,3.3851,-0.0579,-0.0579
1.2979,pi,6.2800,3.3480,-0.0586,-0.0586
1.3029,pi,6.2800,3.3640,-0.0583,-0.0583
1.3079,pi,6.2800,3.3769,-0.0581,-0.0581
1.3129,pi,6.2800,3.3413,-0.0588,-0.0588
1.3179,pi,6.2800,3.3587,-0.0584,-0.0584
1.3228,pi,6.2800,3.3726,-0.0581,-0.0581
1.3279,pi,6.2800,3.3379,-0.0588,-0.0588
1.3329,pi,6.2800,3.3559,-0.0585,-0.0585
1.3379,pi,6.2800,3.3704,-0.0582,-0.0582
1.3429,pi,6.2800,3.3362,-0.0589,-0.0589
1.3479,pi,6.2800,3.3545,-0.0585,-0.0585
1.3529,pi,6.2800,3.3691,-0.0582,-0.0582
1.3579,pi,6.2800,3.3351,-0.0589,-0.0589
1.3629,pi,6.2800,3.3536,-0.0585,-0.0585
1.3679,pi,6.2800,3.3363,-0.0589,-0.0589
1.3728,pi,6.2800,3.3087,-0.0594,-0.0594
1.3779,pi,6.2800,3.3325,-0.0590,-0.0590
1.3829,pi,6.2800,3.3190,-0.0592,-0.0592
1.3879,pi,6.2800,3.3086,-0.0594,-0.0594
1.3929,pi,6.2800,3.3323,-0.0590,-0.0590
1.3979,pi,6.2800,3.3514,-0.0586,-0.0586
1.4029,pi,6.2800,3.3344,-0.0589,-0.0589
1.4079,pi,6.2800,3.3712,-0.0582,-0.0582
1.4129,pi,6.2800,3.3824,-0.0580,-0.0580
1.4179,pi,6.2800,3.3457,-0.0587,-0.0587
1.4229,pi,6.2800,3.3620,-0.0584,-0.0584
1.4279,pi,6.2800,3.3431,-0.0587,-0.0587
1.4329,pi,6.2800,3.3141,-0.0593,-0.0593
1.4379,pi,6.2800,3.3047,-0.0595,-0.0595
1.4429,pi,6.2800,3.3292,-0.0590,-0.0590
1.4479,pi,6.2800,3.3168,-0.0593,-0.0593
1.4529,pi,6.2800,3.2932,-0.0597,-0.0597
1.4579,pi,6.2800,3.3200,-0.0592,-0.0592
1.4629,pi,6.2800,3.3094,-0.0594,-0.0594
1.4679,pi,6.2800,3.3009,-0.0596,-0.0596
1.4728,pi,6.2800,3.3261,-0.0591,-0.0591
1.4779,pi,6.2800,3.3143,-0.0593,-0.0593
1.4829,pi,6.2800,3.3048,-0.0595,-0.0595
1.4879,pi,6.2800,3.3293,-0.0590,-0.0590
1.4929,pi,6.2800,3.3168,-0.0593,-0.0593
1.4979,pi,6.2800,3.3068,-0.0595,-0.0595
1.5028,pi,6.2800,3.3310,-0.0590,-0.0590
1.5079,pi,6.2800,3.3181,-0.0592,-0.0592
1.5129,pi,6.2800,3.2942,-0.0597,-0.0597
1.5179,pi,6.2800,3.3209,-0.0592,-0.0592
1.5229,pi,6.2800,3.3100,-0.0594,-0.0594
1.5279,pi,6.2800,3.3015,-0.0596,-0.0596
1.5328,pi,6.2800,3.3267,-0.0591,-0.0591
1.5379,pi,6.2800,3.3147,-0.0593,-0.0593
1.5429,pi,6.2800,3.3052,-0.0595,-0.0595
1.5478,pi,6.2800,3.3297,-0.0590,-0.0590
1.5529,pi,6.2800,3.3170,-0.0593,-0.0593
1.5579,pi,6.2800,3.3071,-0.0595,-0.0595
1.5629,pi,6.2800,3.3312,-0.0590,-0.0590
1.5679,pi,6.2800,3.3182,-0.0592,-0.0592
1.5729,pi,6.2800,3.3080,-0.0594,-0.0594
1.5779,pi,6.2800,3.3319,-0.0590,-0.0590
1.5829,pi,6.2800,3.3189,-0.0592,-0.0592
1.5879,pi,6.2800,3.2948,-0.0597,-0.0597
1.5929,pi,6.2800,3.2893,-0.0598,-0.0598
1.5979,pi,6.2800,3.2848,-0.0599,-0.0599
1.6029,pi,6.2800,3.2813,-0.0600,-0.0600
1.6079,pi,6.2800,3.3104,-0.0594,-0.0594
1.6129,pi,6.2800,3.3017,-0.0596,-0.0596
1.6178,pi,6.2800,3.2811,-0.0600,-0.0600
1.6229,pi,6.2800,3.3104,-0.0594,-0.0594
1.6279,pi,6.2800,3.3018,-0.0596,-0.0596
1.6329,pi,6.2800,3.2948,-0.0597,-0.0597
1.6379,pi,6.2800,3.3213,-0.0592,-0.0592
1.6429,pi,6.2800,3.3425,-0.0587,-0.0587
1.6479,pi,6.2800,3.3595,-0.0584,-0.0584
1.6528,pi,6.2800,3.3732,-0.0581,-0.0581
1.6579,pi,6.2800,3.3519,-0.0586,-0.0586
1.6629,pi,6.2800,3.3349,-0.0589,-0.0589
1.6679,pi,6.2800,3.3534,-0.0585,-0.0585
1.6729,pi,6.2800,3.3361,-0.0589,-0.0589
1.6779,pi,6.2800,3.3222,-0.0592,-0.0592
1.6828,pi,6.2800,3.3432,-0.0587,-0.0587
1.6879,pi,6.2800,3.3280,-0.0590,-0.0590
1.6928,pi,6.2800,3.3478,-0.0586,-0.0586
1.6979,pi,6.2800,3.3637,-0.0583,-0.0583
1.7029,pi,6.2800,3.3444,-0.0587,-0.0587
1.7079,pi,6.2800,3.3608,-0.0584,-0.0584
1.7129,pi,6.2800,3.3742,-0.0581,-0.0581
1.7179,pi,6.2800,3.3527,-0.0585,-0.0585
1.7229,pi,6.2800,3.3859,-0.0579,-0.0579
1.7279,pi,6.2800,3.4124,-0.0574,-0.0574
1.7329,pi,6.2800,3.3831,-0.0579,-0.0579
1.7379,pi,6.2800,3.3598,-0.0584,-0.0584
1.7429,pi,6.2800,3.2907,-0.0598,-0.0598
1.7480,pi,6.2800,3.2855,-0.0599,-0.0599
1.7529,pi,6.2800,3.2816,-0.0600,-0.0600
1.7580,pi,6.2800,3.2786,-0.0600,-0.0600
1.7629,pi,6.2800,3.2762,-0.0601,-0.0601
1.7679,pi,6.2800,3.2743,-0.0601,-0.0601
1.7728,pi,6.2800,3.2592,-0.0604,-0.0604
1.7779,pi,6.2800,3.2472,-0.0607,-0.0607
1.7829,pi,6.2800,3.2375,-0.0609,-0.0609
1.7879,pi,6.2800,3.2299,-0.0610,-0.0610
1.7929,pi,6.2800,3.2695,-0.0602,-0.0602
1.7979,pi,6.2800,3.3012,-0.0596,-0.0596
1.8029,pi,6.2800,3.2810,-0.0600,-0.0600
1.8079,pi,6.2800,3.3103,-0.0594,-0.0594
1.8129,pi,6.2800,3.2880,-0.0598,-0.0598
1.8179,pi,6.2800,3.2702,-0.0602,-0.0602
1.8229,pi,6.2800,3.3017,-0.0596,-0.0596
1.8279,pi,6.2800,3.2947,-0.0597,-0.0597
1.8328,pi,6.2800,3.3212,-0.0592,-0.0592
1.8379,pi,6.2800,3.3426,-0.0587,-0.0587
1.8429,pi,6.2800,3.3275,-0.0591,-0.0591
1.8478,pi,6.2800,3.3475,-0.0587,-0.0587
1.8529,pi,6.2800,3.3634,-0.0583,-0.0583
1.8579,pi,6.2800,3.3442,-0.0587,-0.0587
1.8628,pi,6.2800,3.3608,-0.0584,-0.0584
1.8679,pi,6.2800,3.3742,-0.0581,-0.0581
1.8729,pi,6.2800,3.3528,-0.0585,-0.0585
1.8778,pi,6.2800,3.3677,-0.0582,-0.0582
1.8829,pi,6.2800,3.3474,-0.0587,-0.0587
1.8879,pi,6.2800,3.3313,-0.0590,-0.0590
1.8929,pi,6.2800,3.3181,-0.0592,-0.0592
1.8979,pi,6.2800,3.3076,-0.0594,-0.0594
1.9029,pi,6.2800,3.2993,-0.0596,-0.0596
1.9079,pi,6.2800,3.2927,-0.0597,-0.0597
1.9129,pi,6.2800,3.2876,-0.0598,-0.0598
1.9178,pi,6.2800,3.2698,-0.0602,-0.0602
1.9229,pi,6.2800,3.2693,-0.0602,-0.0602
1.9278,pi,6.2800,3.3009,-0.0596,-0.0596
1.9329,pi,6.2800,3.2804,-0.0600,-0.0600
1.9379,pi,6.2800,3.2642,-0.0603,-0.0603
1.9429,pi,6.2800,3.2968,-0.0597,-0.0597
1.9479,pi,6.2800,3.3233,-0.0591,-0.0591
1.9529,pi,6.2800,3.3443,-0.0587,-0.0587
1.9579,pi,6.2800,3.3611,-0.0584,-0.0584
1.9629,pi,6.2800,3.3423,-0.0588,-0.0588
1.9678,pi,6.2800,3.3593,-0.0584,-0.0584
1.9729,pi,6.2800,3.3912,-0.0578,-0.0578
1.9779,pi,6.2800,3.3663,-0.0583,-0.0583
1.9828,pi,6.2800,3.3784,-0.0580,-0.0580
1.9879,pi,6.2800,3.4064,-0.0575,-0.0575
1.9929,pi,6.2800,3.3786,-0.0580,-0.0580
1.9979,pi,6.2800,3.4065,-0.0575,-0.0575
2.0029,pi,6.2800,3.3786,-0.0580,-0.0580
2.0079,pi,6.2800,3.3562,-0.0585,-0.0585
2.0129,pi,6.2800,3.3383,-0.0588,-0.0588
2.0179,pi,6.2800,3.3239,-0.0591,-0.0591
2.0228,pi,6.2800,3.2988,-0.0596,-0.0596
2.0279,pi,6.2800,3.2788,-0.0600,-0.0600
2.0329,pi,6.2800,3.2765,-0.0601,-0.0601
2.0379,pi,6.2800,3.2746,-0.0601,-0.0601
2.0429,pi,6.2800,3.2731,-0.0601,-0.0601
2.0478,pi,6.2800,3.3039,-0.0595,-0.0595
2.0529,pi,6.2800,3.2965,-0.0597,-0.0597
2.0579,pi,6.2800,3.2770,-0.0601,-0.0601
2.0629,pi,6.2800,3.3071,-0.0595,-0.0595
2.0679,pi,6.2800,3.3313,-0.0590,-0.0590
2.0730,pi,6.2800,3.3175,-0.0592,-0.0592
2.0779,pi,6.2800,3.3573,-0.0585,-0.0585
2.0829,pi,6.2800,3.3392,-0.0588,-0.0588
2.0880,pi,6.2800,3.3246,-0.0591,-0.0591
2.0928,pi,6.2800,3.3451,-0.0587,-0.0587
2.0980,pi,6.2800,3.3295,-0.0590,-0.0590
2.1029,pi,6.2800,3.3169,-0.0593,-0.0593
2.1080,pi,6.2800,3.3569,-0.0585,-0.0585
2.1132,pi,6.2800,3.3386,-0.0588,-0.0588
2.1179,pi,6.2800,3.3241,-0.0591,-0.0591
2.1228,pi,6.2800,3.3446,-0.0587,-0.0587
2.1278,pi,6.2800,3.3619,-0.0584,-0.0584
2.1329,pi,6.2800,3.3292,-0.0590,-0.0590
2.1379,pi,6.2800,3.3489,-0.0586,-0.0586
2.1429,pi,6.2800,3.3325,-0.0589,-0.0589
2.1479,pi,6.2800,3.3193,-0.0592,-0.0592
2.1528,pi,6.2800,3.3409,-0.0588,-0.0588
2.1579,pi,6.2800,3.3582,-0.0584,-0.0584
2.1629,pi,6.2800,3.3264,-0.0591,-0.0591
2.1679,pi,6.2800,3.3470,-0.0587,-0.0587
2.1729,pi,6.2800,3.3632,-0.0583,-0.0583
2.1779,pi,6.2800,3.3303,-0.0590,-0.0590
2.1829,pi,6.2800,3.3680,-0.0582,-0.0582
2.1882,pi,6.2800,3.3473,-0.0587,-0.0587
2.1933,pi,6.2800,3.3309,-0.0590,-0.0590
2.1979,pi,6.2800,3.3682,-0.0582,-0.0582
2.2029,pi,6.2800,3.3479,-0.0586,-0.0586
2.2080,pi,6.2800,3.3315,-0.0590,-0.0590
2.2128,pi,6.2800,3.3506,-0.0586,-0.0586
2.2180,pi,6.2800,3.3335,-0.0589,-0.0589
2.2229,pi,6.2800,3.3201,-0.0592,-0.0592
2.2279,pi,6.2800,3.3596,-0.0584,-0.0584
2.2329,pi,6.2800,3.3408,-0.0588,-0.0588
2.2380,pi,6.2800,3.3126,-0.0593,-0.0593
2.2429,pi,6.2800,3.2897,-0.0598,-0.0598
2.2480,pi,6.2800,3.2852,-0.0599,-0.0599
2.2530,pi,6.2800,3.2806,-0.0600,-0.0600
2.2578,pi,6.2800,3.2644,-0.0603,-0.0603
2.2629,pi,6.2800,3.2972,-0.0597,-0.0597
2.2679,pi,6.2800,3.2772,-0.0601,-0.0601
2.2730,pi,6.2800,3.3254,-0.0591,-0.0591
2.2778,pi,6.2800,3.3138,-0.0593,-0.0593
2.2829,pi,6.2800,3.2908,-0.0598,-0.0598
2.2879,pi,6.2800,3.3184,-0.0592,-0.0592
2.2929,pi,6.2800,3.3401,-0.0588,-0.0588
2.2979,pi,6.2800,3.3578,-0.0584,-0.0584
2.3029,pi,6.2800,3.3718,-0.0582,-0.0582
2.3079,pi,6.2800,3.3838,-0.0579,-0.0579
2.3130,pi,6.2800,3.3603,-0.0584,-0.0584
2.3178,pi,6.2800,3.3737,-0.0581,-0.0581
2.3229,pi,6.2800,3.3846,-0.0579,-0.0579
2.3279,pi,6.2800,3.3474,-0.0587,-0.0587
2.3329,pi,6.2800,3.3178,-0.0592,-0.0592
2.3379,pi,6.2800,3.3398,-0.0588,-0.0588
2.3429,pi,6.2800,3.3115,-0.0594,-0.0594
2.3479,pi,6.2800,3.2889,-0.0598,-0.0598
2.3529,pi,6.2800,3.2846,-0.0599,-0.0599
2.3579,pi,6.2800,3.2810,-0.0600,-0.0600
2.3629,pi,6.2800,3.2646,-0.0603,-0.0603
2.3679,pi,6.2800,3.2651,-0.0603,-0.0603
2.3729,pi,6.2800,3.2654,-0.0603,-0.0603
2.3779,pi,6.2800,3.2520,-0.0606,-0.0606
2.3829,pi,6.2800,3.2871,-0.0599,-0.0599
2.3879,pi,6.2800,3.2831,-0.0599,-0.0599
2.3929,pi,6.2800,3.2799,-0.0600,-0.0600
2.3979,pi,6.2800,3.3093,-0.0594,-0.0594
2.4029,pi,6.2800,3.3330,-0.0589,-0.0589
2.4080,pi,6.2800,3.3060,-0.0595,-0.0595
2.4129,pi,6.2800,3.3484,-0.0586,-0.0586
2.4179,pi,6.2800,3.3322,-0.0590,-0.0590
2.4229,pi,6.2800,3.3512,-0.0586,-0.0586
2.4279,pi,6.2800,3.3665,-0.0583,-0.0583
2.4329,pi,6.2800,3.3466,-0.0587,-0.0587
2.4379,pi,6.2800,3.3809,-0.0580,-0.0580
2.4429,pi,6.2800,3.3902,-0.0578,-0.0578
2.4479,pi,6.2800,3.3655,-0.0583,-0.0583
2.4529,pi,6.2800,3.3961,-0.0577,-0.0577
2.4578,pi,6.2800,3.4023,-0.0576,-0.0576
2.4629,pi,6.2800,3.4074,-0.0575,-0.0575
2.4679,pi,6.2800,3.4297,-0.0570,-0.0570
2.4730,pi,6.2800,3.3971,-0.0577,-0.0577
2.4779,pi,6.2800,3.3703,-0.0582,-0.0582
2.4829,pi,6.2800,3.3362,-0.0589,-0.0589
2.4879,pi,6.2800,3.2721,-0.0602,-0.0602
2.4929,pi,6.2800,3.2709,-0.0602,-0.0602
2.4979,pi,6.2800,3.2702,-0.0602,-0.0602
2.5029,pi,6.2800,3.2695,-0.0602,-0.0602
2.5079,pi,6.2800,3.2689,-0.0602,-0.0602
2.5129,pi,6.2800,3.2684,-0.0602,-0.0602
2.5179,pi,6.2800,3.2681,-0.0602,-0.0602
2.5229,pi,6.2800,3.2543,-0.0605,-0.0605
2.5279,pi,6.2800,3.2431,-0.0607,-0.0607
2.5329,pi,6.2800,3.2981,-0.0596,-0.0596
2.5378,pi,6.2800,3.3239,-0.0591,-0.0591
2.5429,pi,6.2800,3.3446,-0.0587,-0.0587
2.5479,pi,6.2800,3.3793,-0.0580,-0.0580
2.5529,pi,6.2800,3.3889,-0.0578,-0.0578
2.5579,pi,6.2800,3.3509,-0.0586,-0.0586
2.5629,pi,6.2800,3.3204,-0.0592,-0.0592
2.5679,pi,6.2800,3.3418,-0.0588,-0.0588
2.5729,pi,6.2800,3.3269,-0.0591,-0.0591
2.5778,pi,6.2800,3.3469,-0.0587,-0.0587
2.5829,pi,6.2800,3.3309,-0.0590,-0.0590
2.5879,pi,6.2800,3.3182,-0.0592,-0.0592
2.5929,pi,6.2800,3.3399,-0.0588,-0.0588
2.5979,pi,6.2800,3.3573,-0.0585,-0.0585
2.6029,pi,6.2800,3.3257,-0.0591,-0.0591
2.6080,pi,6.2800,3.3460,-0.0587,-0.0587
2.6129,pi,6.2800,3.3805,-0.0580,-0.0580
2.6179,pi,6.2800,3.3899,-0.0578,-0.0578
2.6229,pi,6.2800,3.3975,-0.0577,-0.0577
2.6279,pi,6.2800,3.3713,-0.0582,-0.0582
2.6329,pi,6.2800,3.3500,-0.0586,-0.0586
2.6379,pi,6.2800,3.3336,-0.0589,-0.0589
2.6429,pi,6.2800,3.3203,-0.0592,-0.0592
2.6479,pi,6.2800,3.2959,-0.0597,-0.0597
2.6530,pi,6.2800,3.2902,-0.0598,-0.0598
2.6578,pi,6.2800,3.3176,-0.0592,-0.0592
2.6629,pi,6.2800,3.2939,-0.0597,-0.0597
2.6679,pi,6.2800,3.2751,-0.0601,-0.0601
2.6729,pi,6.2800,3.3057,-0.0595,-0.0595
2.6779,pi,6.2800,3.2843,-0.0599,-0.0599
2.6829,pi,6.2800,3.2674,-0.0603,-0.0603
2.6879,pi,6.2800,3.2999,-0.0596,-0.0596
2.6929,pi,6.2800,3.3254,-0.0591,-0.0591
2.6979,pi,6.2800,3.3002,-0.0596,-0.0596
2.7029,pi,6.2800,3.3258,-0.0591,-0.0591
2.7079,pi,6.2800,3.3140,-0.0593,-0.0593
2.7129,pi,6.2800,3.3046,-0.0595,-0.0595
2.7179,pi,6.2800,3.3474,-0.0587,-0.0587
2.7229,pi,6.2800,3.3313,-0.0590,-0.0590
2.7279,pi,6.2800,3.3048,-0.0595,-0.0595
2.7328,pi,6.2800,3.3294,-0.0590,-0.0590
2.7379,pi,6.2800,3.3490,-0.0586,-0.0586
2.7429,pi,6.2800,3.3189,-0.0592,-0.0592
2.7479,pi,6.2800,3.3588,-0.0584,-0.0584
2.7529,pi,6.2800,3.3405,-0.0588,-0.0588
2.7578,pi,6.2800,3.3120,-0.0594,-0.0594
2.7629,pi,6.2800,3.3352,-0.0589,-0.0589
2.7679,pi,6.2800,3.3215,-0.0592,-0.0592
2.7729,pi,6.2800,3.3106,-0.0594,-0.0594
2.7778,pi,6.2800,3.3340,-0.0589,-0.0589
2.7829,pi,6.2800,3.3527,-0.0585,-0.0585
2.7879,pi,6.2800,3.3356,-0.0589,-0.0589
2.7928,pi,6.2800,3.3538,-0.0585,-0.0585
2.7979,pi,6.2800,3.3685,-0.0582,-0.0582
2.8029,pi,6.2800,3.3479,-0.0586,-0.0586
2.8080,pi,6.2800,3.3820,-0.0580,-0.0580
2.8129,pi,6.2800,3.3588,-0.0584,-0.0584
2.8179,pi,6.2800,3.3268,-0.0591,-0.0591
2.8229,pi,6.2800,3.3469,-0.0587,-0.0587
2.8279,pi,6.2800,3.3305,-0.0590,-0.0590
2.8329,pi,6.2800,3.3177,-0.0592,-0.0592
2.8379,pi,6.2800,3.3578,-0.0584,-0.0584
2.8429,pi,6.2800,3.3396,-0.0588,-0.0588
2.8479,pi,6.2800,3.3251,-0.0591,-0.0591
2.8528,pi,6.2800,3.3455,-0.0587,-0.0587
2.8579,pi,6.2800,3.3620,-0.0584,-0.0584
2.8629,pi,6.2800,3.3294,-0.0590,-0.0590
2.8679,pi,6.2800,3.3492,-0.0586,-0.0586
2.8729,pi,6.2800,3.3327,-0.0589,-0.0589
2.8779,pi,6.2800,3.3058,-0.0595,-0.0595
2.8829,pi,6.2800,3.3305,-0.0590,-0.0590
2.8879,pi,6.2800,3.3499,-0.0586,-0.0586
2.8929,pi,6.2800,3.3333,-0.0589,-0.0589
2.8978,pi,6.2800,3.3521,-0.0586,-0.0586
2.9029,pi,6.2800,3.3672,-0.0583,-0.0583
2.9079,pi,6.2800,3.3334,-0.0589,-0.0589
2.9130,pi,6.2800,3.3705,-0.0582,-0.0582
2.9179,pi,6.2800,3.3498,-0.0586,-0.0586
2.9229,pi,6.2800,3.3332,-0.0589,-0.0589
2.9278,pi,6.2800,3.3521,-0.0586,-0.0586
2.9329,pi,6.2800,3.3350,-0.0589,-0.0589
2.9378,pi,6.2800,3.3078,-0.0594,-0.0594
2.9429,pi,6.2800,3.3317,-0.0590,-0.0590
2.9479,pi,6.2800,3.3188,-0.0592,-0.0592
2.9529,pi,6.2800,3.3085,-0.0594,-0.0594
2.9578,pi,6.2800,3.3322,-0.0590,-0.0590
2.9629,pi,6.2800,3.3512,-0.0586,-0.0586
2.9679,pi,6.2800,3.3344,-0.0589,-0.0589
2.9728,pi,6.2800,3.3529,-0.0585,-0.0585
2.9779,pi,6.2800,3.3358,-0.0589,-0.0589
2.9828,pi,6.2800,3.3084,-0.0594,-0.0594
2.9879,pi,6.2800,3.3323,-0.0590,-0.0590
2.9929,pi,6.2800,3.3192,-0.0592,-0.0592
2.9980,pi,6.2800,3.3085,-0.0594,-0.0594
3.0029,pi,6.2800,3.3503,-0.0586,-0.0586
3.0087,pi,6.2800,3.3329,-0.0589,-0.0589
3.0138,pi,6.2800,3.3183,-0.0592,-0.0592
3.0182,pi,6.2800,3.3576,-0.0584,-0.0584
3.0229,pi,6.2800,3.3394,-0.0588,-0.0588
3.0278,pi,6.2800,3.3249,-0.0591,-0.0591
3.0328,pi,6.2800,3.3635,-0.0583,-0.0583
3.0380,pi,6.2800,3.3438,-0.0587,-0.0587
3.0429,pi,6.2800,3.3282,-0.0590,-0.0590
3.0478,pi,6.2800,3.3478,-0.0586,-0.0586
3.0530,pi,6.2800,3.3316,-0.0590,-0.0590
3.0581,pi,6.2800,3.3049,-0.0595,-0.0595
3.0631,pi,6.2800,3.3296,-0.0590,-0.0590
3.0679,pi,6.2800,3.3502,-0.0586,-0.0586
3.0728,pi,6.2800,3.3200,-0.0592,-0.0592
3.0779,pi,6.2800,3.3597,-0.0584,-0.0584
3.0829,pi,6.2800,3.3411,-0.0588,-0.0588
3.0879,pi,6.2800,3.3125,-0.0593,-0.0593
3.0929,pi,6.2800,3.3358,-0.0589,-0.0589
3.0979,pi,6.2800,3.3543,-0.0585,-0.0585
3.1029,pi,6.2800,3.3232,-0.0591,-0.0591
3.1080,pi,6.2800,3.3624,-0.0584,-0.0584
3.1130,pi,6.2800,3.3752,-0.0581,-0.0581
3.1180,pi,6.2800,3.3536,-0.0585,-0.0585
3.1228,pi,6.2800,3.3683,-0.0582,-0.0582
3.1279,pi,6.2800,3.3481,-0.0586,-0.0586
3.1329,pi,6.2800,3.3319,-0.0590,-0.0590
3.1381,pi,6.2800,3.3690,-0.0582,-0.0582
3.1429,pi,6.2800,3.3482,-0.0586,-0.0586
3.1479,pi,6.2800,3.3319,-0.0590,-0.0590
3.1528,pi,6.2800,3.3509,-0.0586,-0.0586
3.1579,pi,6.2800,3.3662,-0.0583,-0.0583
3.1629,pi,6.2800,3.3328,-0.0589,-0.0589
3.1679,pi,6.2800,3.3520,-0.0586,-0.0586
3.1729,pi,6.2800,3.3350,-0.0589,-0.0589
3.1778,pi,6.2800,3.3078,-0.0594,-0.0594
3.1829,pi,6.2800,3.3317,-0.0590,-0.0590
3.1880,pi,6.2800,3.3508,-0.0586,-0.0586
3.1930,pi,6.2800,3.3340,-0.0589,-0.0589
3.1979,pi,6.2800,3.3708,-0.0582,-0.0582
3.2028,pi,6.2800,3.3501,-0.0586,-0.0586
3.2080,pi,6.2800,3.3334,-0.0589,-0.0589
3.2133,pi,6.2800,3.3703,-0.0582,-0.0582
3.2179,pi,6.2800,3.3496,-0.0586,-0.0586
3.2229,pi,6.2800,3.3329,-0.0589,-0.0589
3.2279,pi,6.2800,3.3518,-0.0586,-0.0586
3.2329,pi,6.2800,3.3349,-0.0589,-0.0589
3.2379,pi,6.2800,3.3076,-0.0594,-0.0594
3.2429,pi,6.2800,3.2858,-0.0599,-0.0599
3.2483,pi,6.2800,3.2819,-0.0600,-0.0600
3.2529,pi,6.2800,3.2787,-0.0600,-0.0600
3.2580,pi,6.2800,3.2764,-0.0601,-0.0601
3.2629,pi,6.2800,3.3065,-0.0595,-0.0595
3.2679,pi,6.2800,3.2852,-0.0599,-0.0599
3.2729,pi,6.2800,3.2680,-0.0602,-0.0602
3.2779,pi,6.2800,3.3001,-0.0596,-0.0596
3.2829,pi,6.2800,3.2798,-0.0600,-0.0600
3.2879,pi,6.2800,3.3093,-0.0594,-0.0594
3.2929,pi,6.2800,3.3329,-0.0589,-0.0589
3.2979,pi,6.2800,3.3519,-0.0586,-0.0586
3.3029,pi,6.2800,3.3674,-0.0583,-0.0583
3.3079,pi,6.2800,3.3797,-0.0580,-0.0580
3.3129,pi,6.2800,3.3893,-0.0578,-0.0578
3.3179,pi,6.2800,3.4151,-0.0573,-0.0573
3.3228,pi,6.2800,3.4176,-0.0572,-0.0572
3.3279,pi,6.2800,3.3874,-0.0579,-0.0579
3.3329,pi,6.2800,3.3633,-0.0583,-0.0583
3.3379,pi,6.2800,3.3760,-0.0581,-0.0581
3.3429,pi,6.2800,3.3542,-0.0585,-0.0585
3.3479,pi,6.2800,3.3231,-0.0591,-0.0591
3.3529,pi,6.2800,3.3440,-0.0587,-0.0587
3.3579,pi,6.2800,3.3285,-0.0590,-0.0590
3.3629,pi,6.2800,3.3161,-0.0593,-0.0593
3.3679,pi,6.2800,3.3383,-0.0588,-0.0588
3.3729,pi,6.2800,3.3240,-0.0591,-0.0591
3.3779,pi,6.2800,3.3126,-0.0593,-0.0593
3.3828,pi,6.2800,3.3355,-0.0589,-0.0589
3.3879,pi,6.2800,3.3540,-0.0585,-0.0585
3.3929,pi,6.2800,3.3228,-0.0591,-0.0591
3.3979,pi,6.2800,3.3116,-0.0594,-0.0594
3.4029,pi,6.2800,3.3026,-0.0595,-0.0595
3.4079,pi,6.2800,3.2819,-0.0600,-0.0600
3.4129,pi,6.2800,3.3293,-0.0590,-0.0590
3.4179,pi,6.2800,3.3167,-0.0593,-0.0593
3.4229,pi,6.2800,3.3064,-0.0595,-0.0595
3.4279,pi,6.2800,3.2850,-0.0599,-0.0599
3.4329,pi,6.2800,3.2810,-0.0600,-0.0600
3.4379,pi,6.2800,3.2781,-0.0600,-0.0600
3.4429,pi,6.2800,3.2759,-0.0601,-0.0601
3.4478,pi,6.2800,3.3061,-0.0595,-0.0595
3.4529,pi,6.2800,3.3305,-0.0590,-0.0590
3.4579,pi,6.2800,3.3681,-0.0582,-0.0582
3.4629,pi,6.2800,3.3797,-0.0580,-0.0580
3.4679,pi,6.2800,3.3438,-0.0587,-0.0587
3.4729,pi,6.2800,3.3606,-0.0584,-0.0584
3.4779,pi,6.2800,3.3922,-0.0578,-0.0578
3.4832,pi,6.2800,3.3668,-0.0583,-0.0583
3.4887,pi,6.2800,3.3457,-0.0587,-0.0587
3.4933,pi,6.2800,3.3795,-0.0580,-0.0580
3.4985,pi,6.2800,3.3561,-0.0585,-0.0585
3.5033,pi,6.2800,3.3878,-0.0578,-0.0578
3.5085,pi,6.2800,3.3633,-0.0583,-0.0583
3.5137,pi,6.2800,3.3434,-0.0587,-0.0587
3.5183,pi,6.2800,3.3277,-0.0590,-0.0590
3.5231,pi,6.2800,3.3153,-0.0593,-0.0593
3.5280,pi,6.2800,3.3053,-0.0595,-0.0595
3.5330,pi,6.2800,3.2837,-0.0599,-0.0599
3.5380,pi,6.2800,3.3123,-0.0594,-0.0594
3.5430,pi,6.2800,3.3357,-0.0589,-0.0589
3.5480,pi,6.2800,3.3086,-0.0594,-0.0594
3.5530,pi,6.2800,3.3329,-0.0589,-0.0589
3.5580,pi,6.2800,3.3064,-0.0595,-0.0595
3.5630,pi,6.2800,3.2847,-0.0599,-0.0599
3.5685,pi,6.2800,3.3135,-0.0593,-0.0593
3.5731,pi,6.2800,3.3039,-0.0595,-0.0595
3.5781,pi,6.2800,3.2830,-0.0599,-0.0599
3.5838,pi,6.2800,3.3298,-0.0590,-0.0590
3.5899,pi,6.2800,3.3473,-0.0587,-0.0587
3.5943,pi,6.2800,3.3274,-0.0591,-0.0591
3.5988,pi,6.2800,3.3655,-0.0583,-0.0583
3.6050,pi,6.2800,3.3727,-0.0581,-0.0581
3.6097,pi,6.2800,3.3581,-0.0584,-0.0584
3.6141,pi,6.2800,3.3718,-0.0582,-0.0582
3.6187,pi,6.2800,3.3505,-0.0586,-0.0586
3.6231,pi,6.2800,3.3337,-0.0589,-0.0589
3.6280,pi,6.2800,3.3704,-0.0582,-0.0582
3.6331,pi,6.2800,3.3814,-0.0580,-0.0580
3.6379,pi,6.2800,3.3454,-0.0587,-0.0587
3.6429,pi,6.2800,3.3382,-0.0588,-0.0588
3.6479,pi,6.2800,3.3563,-0.0585,-0.0585
3.6529,pi,6.2800,3.3250,-0.0591,-0.0591
3.6579,pi,6.2800,3.2748,-0.0601,-0.0601
3.6629,pi,6.2800,3.3058,-0.0595,-0.0595
3.6679,pi,6.2800,3.2847,-0.0599,-0.0599
3.6729,pi,6.2800,3.2679,-0.0602,-0.0602
3.6779,pi,6.2800,3.3005,-0.0596,-0.0596
3.6829,pi,6.2800,3.2803,-0.0600,-0.0600
3.6879,pi,6.2800,3.2646,-0.0603,-0.0603
3.6930,pi,6.2800,3.2147,-0.0613,-0.0613
3.6979,pi,6.2800,3.2250,-0.0611,-0.0611
3.7040,pi,6.2800,3.2331,-0.0609,-0.0609
3.7095,pi,6.2800,3.2898,-0.0598,-0.0598
3.7134,pi,6.2800,3.2853,-0.0599,-0.0599
3.7179,pi,6.2800,3.2812,-0.0600,-0.0600
3.7229,pi,6.2800,3.2784,-0.0600,-0.0600
3.7279,pi,6.2800,3.3082,-0.0594,-0.0594
3.7330,pi,6.2800,3.3000,-0.0596,-0.0596
3.7379,pi,6.2800,3.2931,-0.0597,-0.0597
3.7429,pi,6.2800,3.3198,-0.0592,-0.0592
3.7480,pi,6.2800,3.3413,-0.0588,-0.0588
3.7529,pi,6.2800,3.3127,-0.0593,-0.0593
3.7580,pi,6.2800,3.3358,-0.0589,-0.0589
3.7630,pi,6.2800,3.3221,-0.0592,-0.0592
3.7679,pi,6.2800,3.2974,-0.0597,-0.0597
3.7729,pi,6.2800,3.3416,-0.0588,-0.0588
3.7782,pi,6.2800,3.3262,-0.0591,-0.0591
3.7831,pi,6.2800,3.3643,-0.0583,-0.0583
3.7879,pi,6.2800,3.3768,-0.0581,-0.0581
3.7929,pi,6.2800,3.3549,-0.0585,-0.0585
3.7978,pi,6.2800,3.3694,-0.0582,-0.0582
3.8029,pi,6.2800,3.3810,-0.0580,-0.0580
3.8079,pi,6.2800,3.3904,-0.0578,-0.0578
3.8130,pi,6.2800,3.4159,-0.0573,-0.0573
3.8179,pi,6.2800,3.4182,-0.0572,-0.0572
3.8229,pi,6.2800,3.4200,-0.0572,-0.0572
3.8279,pi,6.2800,3.3757,-0.0581,-0.0581
3.8329,pi,6.2800,3.3864,-0.0579,-0.0579
3.8379,pi,6.2800,3.3492,-0.0586,-0.0586
3.8429,pi,6.2800,3.3191,-0.0592,-0.0592
3.8479,pi,6.2800,3.3087,-0.0594,-0.0594
3.8529,pi,6.2800,3.3004,-0.0596,-0.0596
3.8579,pi,6.2800,3.2937,-0.0597,-0.0597
3.8628,pi,6.2800,3.3204,-0.0592,-0.0592
3.8679,pi,6.2800,3.2965,-0.0597,-0.0597
3.8729,pi,6.2800,3.2770,-0.0601,-0.0601
3.8779,pi,6.2800,3.2614,-0.0604,-0.0604
3.8829,pi,6.2800,3.2947,-0.0597,-0.0597
3.8879,pi,6.2800,3.2756,-0.0601,-0.0601
3.8929,pi,6.2800,3.3060,-0.0595,-0.0595
3.8979,pi,6.2800,3.3304,-0.0590,-0.0590
3.9029,pi,6.2800,3.3040,-0.0595,-0.0595
3.9079,pi,6.2800,3.3287,-0.0590,-0.0590
3.9129,pi,6.2800,3.3160,-0.0593,-0.0593
3.9179,pi,6.2800,3.3062,-0.0595,-0.0595
3.9229,pi,6.2800,3.2981,-0.0596,-0.0596
3.9278,pi,6.2800,3.3238,-0.0591,-0.0591
3.9329,pi,6.2800,3.3124,-0.0594,-0.0594
3.9379,pi,6.2800,3.3032,-0.0595,-0.0595
3.9429,pi,6.2800,3.3280,-0.0590,-0.0590
3.9479,pi,6.2800,3.3158,-0.0593,-0.0593
3.9529,pi,6.2800,3.3061,-0.0595,-0.0595
3.9578,pi,6.2800,3.3304,-0.0590,-0.0590
3.9629,pi,6.2800,3.3040,-0.0595,-0.0595
3.9679,pi,6.2800,3.2833,-0.0599,-0.0599
3.9729,pi,6.2800,3.3123,-0.0594,-0.0594
3.9779,pi,6.2800,3.3356,-0.0589,-0.0589
3.9829,pi,6.2800,3.3083,-0.0594,-0.0594
3.9879,pi,6.2800,3.3322,-0.0590,-0.0590
3.9929,pi,6.2800,3.3515,-0.0586,-0.0586
3.9979,pi,6.2800,3.3210,-0.0592,-0.0592
4.0029,pi,6.2800,3.3424,-0.0588,-0.0588
4.0079,pi,6.2800,3.3273,-0.0591,-0.0591
4.0129,pi,6.2800,3.3150,-0.0593,-0.0593
4.0178,pi,6.2800,3.3374,-0.0589,-0.0589
4.0229,pi,6.2800,3.3234,-0.0591,-0.0591
4.0279,pi,6.2800,3.3121,-0.0594,-0.0594
4.0328,pi,6.2800,3.3352,-0.0589,-0.0589
4.0380,pi,6.2800,3.3214,-0.0592,-0.0592
4.0429,pi,6.2800,3.3103,-0.0594,-0.0594
4.0479,pi,6.2800,3.3016,-0.0596,-0.0596
4.0529,pi,6.2800,3.2946,-0.0597,-0.0597
4.0578,pi,6.2800,3.2753,-0.0601,-0.0601
4.0629,pi,6.2800,3.3056,-0.0595,-0.0595
4.0679,pi,6.2800,3.2979,-0.0596,-0.0596
4.0729,pi,6.2800,3.2916,-0.0598,-0.0598
4.0779,pi,6.2800,3.3369,-0.0589,-0.0589
4.0829,pi,6.2800,3.3228,-0.0591,-0.0591
4.0879,pi,6.2800,3.3116,-0.0594,-0.0594
4.0929,pi,6.2800,3.3347,-0.0589,-0.0589
4.0979,pi,6.2800,3.3712,-0.0582,-0.0582
4.1029,pi,6.2800,3.3504,-0.0586,-0.0586
4.1079,pi,6.2800,3.3839,-0.0579,-0.0579
4.1130,pi,6.2800,3.3604,-0.0584,-0.0584
4.1181,pi,6.2800,3.3411,-0.0588,-0.0588
4.1229,pi,6.2800,3.3263,-0.0591,-0.0591
4.1279,pi,6.2800,3.3144,-0.0593,-0.0593
4.1329,pi,6.2800,3.3049,-0.0595,-0.0595
4.1379,pi,6.2800,3.2837,-0.0599,-0.0599
4.1429,pi,6.2800,3.2804,-0.0600,-0.0600
4.1479,pi,6.2800,3.2640,-0.0603,-0.0603
4.1529,pi,6.2800,3.2512,-0.0606,-0.0606
4.1579,pi,6.2800,3.2864,-0.0599,-0.0599
4.1630,pi,6.2800,3.2825,-0.0599,-0.0599
4.1681,pi,6.2800,3.2655,-0.0603,-0.0603
4.1733,pi,6.2800,3.3157,-0.0593,-0.0593
4.1778,pi,6.2800,3.3058,-0.0595,-0.0595
4.1831,pi,6.2800,3.2980,-0.0596,-0.0596
4.1879,pi,6.2800,3.3421,-0.0588,-0.0588
4.1930,pi,6.2800,3.3269,-0.0591,-0.0591
4.1979,pi,6.2800,3.3148,-0.0593,-0.0593
4.2029,pi,6.2800,3.3555,-0.0585,-0.0585
4.2079,pi,6.2800,3.3378,-0.0588,-0.0588
4.2129,pi,6.2800,3.3099,-0.0594,-0.0594
4.2179,pi,6.2800,3.3336,-0.0589,-0.0589
4.2229,pi,6.2800,3.3527,-0.0585,-0.0585
4.2282,pi,6.2800,3.3224,-0.0592,-0.0592
4.2330,pi,6.2800,3.3615,-0.0584,-0.0584
4.2383,pi,6.2800,3.3419,-0.0588,-0.0588
4.2431,pi,6.2800,3.3269,-0.0591,-0.0591
4.2482,pi,6.2800,3.3651,-0.0583,-0.0583
4.2532,pi,6.2800,3.3451,-0.0587,-0.0587
4.2579,pi,6.2800,3.3294,-0.0590,-0.0590
4.2628,pi,6.2800,3.3490,-0.0586,-0.0586
4.2678,pi,6.2800,3.3647,-0.0583,-0.0583
4.2731,pi,6.2800,3.3451,-0.0587,-0.0587
4.2780,pi,6.2800,3.3795,-0.0580,-0.0580
4.2831,pi,6.2800,3.3887,-0.0578,-0.0578
4.2885,pi,6.2800,3.3507,-0.0586,-0.0586
4.2932,pi,6.2800,3.3664,-0.0583,-0.0583
4.2978,pi,6.2800,3.3788,-0.0580,-0.0580
4.3028,pi,6.2800,3.3431,-0.0587,-0.0587
4.3079,pi,6.2800,3.3604,-0.0584,-0.0584
4.3129,pi,6.2800,3.3409,-0.0588,-0.0588
4.3180,pi,6.2800,3.3260,-0.0591,-0.0591
4.3230,pi,6.2800,3.3462,-0.0587,-0.0587
4.3279,pi,6.2800,3.3625,-0.0584,-0.0584
4.3329,pi,6.2800,3.3302,-0.0590,-0.0590
4.3379,pi,6.2800,3.3038,-0.0595,-0.0595
4.3429,pi,6.2800,3.3289,-0.0590,-0.0590
4.3479,pi,6.2800,3.3031,-0.0595,-0.0595
4.3529,pi,6.2800,3.2824,-0.0600,-0.0600
4.3580,pi,6.2800,3.2790,-0.0600,-0.0600
4.3629,pi,6.2800,3.2627,-0.0603,-0.0603
4.3679,pi,6.2800,3.2503,-0.0606,-0.0606
4.3728,pi,6.2800,3.2859,-0.0599,-0.0599
4.3779,pi,6.2800,3.2684,-0.0602,-0.0602
4.3829,pi,6.2800,3.3003,-0.0596,-0.0596
4.3879,pi,6.2800,3.3257,-0.0591,-0.0591
4.3929,pi,6.2800,3.3140,-0.0593,-0.0593
4.3978,pi,6.2800,3.3366,-0.0589,-0.0589
4.4029,pi,6.2800,3.3730,-0.0581,-0.0581
4.4079,pi,6.2800,3.3837,-0.0579,-0.0579
4.4129,pi,6.2800,3.3927,-0.0577,-0.0577
4.4179,pi,6.2800,3.3998,-0.0576,-0.0576
4.4229,pi,6.2800,3.3732,-0.0581,-0.0581
4.4278,pi,6.2800,3.3839,-0.0579,-0.0579
4.4329,pi,6.2800,3.3606,-0.0584,-0.0584
4.4379,pi,6.2800,3.3418,-0.0588,-0.0588
4.4429,pi,6.2800,3.3268,-0.0591,-0.0591
4.4479,pi,6.2800,3.3149,-0.0593,-0.0593
4.4529,pi,6.2800,3.3053,-0.0595,-0.0595
4.4579,pi,6.2800,3.2976,-0.0596,-0.0596
4.4629,pi,6.2800,3.2914,-0.0598,-0.0598
4.4680,pi,6.2800,3.2862,-0.0599,-0.0599
4.4731,pi,6.2800,3.2823,-0.0600,-0.0600
4.4782,pi,6.2800,3.2790,-0.0600,-0.0600
4.4829,pi,6.2800,3.2763,-0.0601,-0.0601
4.4878,pi,6.2800,3.2609,-0.0604,-0.0604
4.4928,pi,6.2800,3.2942,-0.0597,-0.0597
4.4979,pi,6.2800,3.2888,-0.0598,-0.0598
4.5029,pi,6.2800,3.2845,-0.0599,-0.0599
4.5079,pi,6.2800,3.3130,-0.0593,-0.0593
4.5129,pi,6.2800,3.3359,-0.0589,-0.0589
4.5179,pi,6.2800,3.3085,-0.0594,-0.0594
4.5229,pi,6.2800,3.2869,-0.0599,-0.0599
4.5279,pi,6.2800,3.2828,-0.0599,-0.0599
4.5329,pi,6.2800,3.2663,-0.0603,-0.0603
4.5379,pi,6.2800,3.3167,-0.0593,-0.0593
4.5429,pi,6.2800,3.3067,-0.0595,-0.0595
4.5479,pi,6.2800,3.2988,-0.0596,-0.0596
4.5528,pi,6.2800,3.3245,-0.0591,-0.0591
4.5579,pi,6.2800,3.3450,-0.0587,-0.0587
4.5629,pi,6.2800,3.3295,-0.0590,-0.0590
4.5679,pi,6.2800,3.3491,-0.0586,-0.0586
4.5729,pi,6.2800,3.3647,-0.0583,-0.0583
4.5779,pi,6.2800,3.3772,-0.0581,-0.0581
4.5828,pi,6.2800,3.3876,-0.0578,-0.0578
4.5879,pi,6.2800,3.3635,-0.0583,-0.0583
4.5928,pi,6.2800,3.3305,-0.0590,-0.0590
4.5980,pi,6.2800,3.3178,-0.0592,-0.0592
4.6029,pi,6.2800,3.3076,-0.0594,-0.0594
4.6079,pi,6.2800,3.2857,-0.0599,-0.0599
4.6129,pi,6.2800,3.2819,-0.0600,-0.0600
4.6179,pi,6.2800,3.2788,-0.0600,-0.0600
4.6228,pi,6.2800,3.2627,-0.0603,-0.0603
4.6280,pi,6.2800,3.2636,-0.0603,-0.0603
4.6330,pi,6.2800,3.2640,-0.0603,-0.0603
4.6384,pi,6.2800,3.2643,-0.0603,-0.0603
4.6432,pi,6.2800,3.3146,-0.0593,-0.0593
4.6483,pi,6.2800,3.3548,-0.0585,-0.0585
4.6533,pi,6.2800,3.3366,-0.0589,-0.0589
4.6584,pi,6.2800,3.3222,-0.0592,-0.0592
4.6634,pi,6.2800,3.3610,-0.0584,-0.0584
4.6686,pi,6.2800,3.3418,-0.0588,-0.0588
4.6737,pi,6.2800,3.3261,-0.0591,-0.0591
4.6781,pi,6.2800,3.3639,-0.0583,-0.0583
4.6831,pi,6.2800,3.3443,-0.0587,-0.0587
4.6881,pi,6.2800,3.3607,-0.0584,-0.0584
4.6932,pi,6.2800,3.3740,-0.0581,-0.0581
4.6981,pi,6.2800,3.3388,-0.0588,-0.0588
4.7029,pi,6.2800,3.3572,-0.0585,-0.0585
4.7078,pi,6.2800,3.3720,-0.0582,-0.0582
4.7129,pi,6.2800,3.3836,-0.0579,-0.0579
4.7179,pi,6.2800,3.3929,-0.0577,-0.0577
4.7229,pi,6.2800,3.4003,-0.0576,-0.0576
4.7279,pi,6.2800,3.4066,-0.0575,-0.0575
4.7328,pi,6.2800,3.4115,-0.0574,-0.0574
4.7379,pi,6.2800,3.4152,-0.0573,-0.0573
4.7429,pi,6.2800,3.3723,-0.0582,-0.0582
4.7479,pi,6.2800,3.3379,-0.0588,-0.0588
4.7529,pi,6.2800,3.3565,-0.0585,-0.0585
4.7579,pi,6.2800,3.3385,-0.0588,-0.0588
4.7629,pi,6.2800,3.3240,-0.0591,-0.0591
4.7678,pi,6.2800,3.3447,-0.0587,-0.0587
4.7729,pi,6.2800,3.3156,-0.0593,-0.0593
4.7779,pi,6.2800,3.3058,-0.0595,-0.0595
4.7829,pi,6.2800,3.2981,-0.0596,-0.0596
4.7878,pi,6.2800,3.2781,-0.0600,-0.0600
4.7930,pi,6.2800,3.2758,-0.0601,-0.0601
4.7978,pi,6.2800,3.3060,-0.0595,-0.0595
4.8029,pi,6.2800,3.2982,-0.0596,-0.0596
4.8079,pi,6.2800,3.2920,-0.0598,-0.0598
4.8129,pi,6.2800,3.3190,-0.0592,-0.0592
4.8179,pi,6.2800,3.3086,-0.0594,-0.0594
4.8229,pi,6.2800,3.3002,-0.0596,-0.0596
4.8278,pi,6.2800,3.3256,-0.0591,-0.0591
4.8329,pi,6.2800,3.3138,-0.0593,-0.0593
4.8379,pi,6.2800,3.3043,-0.0595,-0.0595
4.8428,pi,6.2800,3.3288,-0.0590,-0.0590
4.8480,pi,6.2800,3.3162,-0.0593,-0.0593
4.8530,pi,6.2800,3.3062,-0.0595,-0.0595
4.8579,pi,6.2800,3.3486,-0.0586,-0.0586
4.8628,pi,6.2800,3.3643,-0.0583,-0.0583
4.8679,pi,6.2800,3.3312,-0.0590,-0.0590
4.8729,pi,6.2800,3.3504,-0.0586,-0.0586
4.8779,pi,6.2800,3.3337,-0.0589,-0.0589
4.8829,pi,6.2800,3.3204,-0.0592,-0.0592
4.8878,pi,6.2800,3.3418,-0.0588,-0.0588
4.8929,pi,6.2800,3.3268,-0.0591,-0.0591
4.8979,pi,6.2800,3.3010,-0.0596,-0.0596
4.9029,pi,6.2800,3.3265,-0.0591,-0.0591
4.9079,pi,6.2800,3.3468,-0.0587,-0.0587
4.9129,pi,6.2800,3.3308,-0.0590,-0.0590
4.9178,pi,6.2800,3.3501,-0.0586,-0.0586
4.9229,pi,6.2800,3.3656,-0.0583,-0.0583
4.9279,pi,6.2800,3.3322,-0.0590,-0.0590
4.9329,pi,6.2800,3.3695,-0.0582,-0.0582
4.9379,pi,6.2800,3.3488,-0.0586,-0.0586
4.9430,pi,6.2800,3.3321,-0.0590,-0.0590
4.9480,pi,6.2800,3.3686,-0.0582,-0.0582
4.9529,pi,6.2800,3.3482,-0.0586,-0.0586
4.9580,pi,6.2800,3.3318,-0.0590,-0.0590
4.9629,pi,6.2800,3.3690,-0.0582,-0.0582
4.9679,pi,6.2800,3.3484,-0.0586,-0.0586
4.9729,pi,6.2800,3.3320,-0.0590,-0.0590
4.9779,pi,6.2800,3.3691,-0.0582,-0.0582
4.9829,pi,6.2800,3.3805,-0.0580,-0.0580
4.9879,pi,6.2800,3.3578,-0.0584,-0.0584
4.9929,pi,6.2800,3.3717,-0.0582,-0.0582
4.9980,pi,6.2800,3.3830,-0.0579,-0.0579
5.0029,pi,6.2800,3.3927,-0.0577,-0.0577
5.0079,pi,6.2800,3.3998,-0.0576,-0.0576
5.0130,pi,6.2800,3.3732,-0.0581,-0.0581
5.0180,pi,6.2800,3.3520,-0.0586,-0.0586
5.0231,pi,6.2800,3.3850,-0.0579,-0.0579
5.0282,pi,6.2800,3.3612,-0.0584,-0.0584
5.0329,pi,6.2800,3.3424,-0.0588,-0.0588
5.0378,pi,6.2800,3.3594,-0.0584,-0.0584
5.0429,pi,6.2800,3.3730,-0.0581,-0.0581
5.0479,pi,6.2800,3.3518,-0.0586,-0.0586
5.0529,pi,6.2800,3.3669,-0.0583,-0.0583
5.0579,pi,6.2800,3.3334,-0.0589,-0.0589
5.0629,pi,6.2800,3.3064,-0.0595,-0.0595
5.0679,pi,6.2800,3.3307,-0.0590,-0.0590
5.0729,pi,6.2800,3.3501,-0.0586,-0.0586
5.0779,pi,6.2800,3.3201,-0.0592,-0.0592
5.0829,pi,6.2800,3.3418,-0.0588,-0.0588
5.0880,pi,6.2800,3.3268,-0.0591,-0.0591
5.0929,pi,6.2800,3.3147,-0.0593,-0.0593
5.0979,pi,6.2800,3.3372,-0.0589,-0.0589
5.1029,pi,6.2800,3.3553,-0.0585,-0.0585
5.1079,pi,6.2800,3.3376,-0.0588,-0.0588
5.1130,pi,6.2800,3.3737,-0.0581,-0.0581
5.1181,pi,6.2800,3.3524,-0.0586,-0.0586
5.1231,pi,6.2800,3.3347,-0.0589,-0.0589
5.1279,pi,6.2800,3.3711,-0.0582,-0.0582
5.1329,pi,6.2800,3.3825,-0.0580,-0.0580
5.1379,pi,6.2800,3.3458,-0.0587,-0.0587
5.1429,pi,6.2800,3.3166,-0.0593,-0.0593
5.1479,pi,6.2800,3.3391,-0.0588,-0.0588
5.1529,pi,6.2800,3.3111,-0.0594,-0.0594
5.1579,pi,6.2800,3.3345,-0.0589,-0.0589
5.1629,pi,6.2800,3.3532,-0.0585,-0.0585
5.1679,pi,6.2800,3.3227,-0.0591,-0.0591
5.1729,pi,6.2800,3.2980,-0.0596,-0.0596
5.1779,pi,6.2800,3.3247,-0.0591,-0.0591
5.1831,pi,6.2800,3.3128,-0.0593,-0.0593
5.1882,pi,6.2800,3.3535,-0.0585,-0.0585
5.1932,pi,6.2800,3.3860,-0.0579,-0.0579
5.1979,pi,6.2800,3.3621,-0.0584,-0.0584
5.2029,pi,6.2800,3.3427,-0.0587,-0.0587
5.2078,pi,6.2800,3.3595,-0.0584,-0.0584
5.2129,pi,6.2800,3.3406,-0.0588,-0.0588
5.2180,pi,6.2800,3.3258,-0.0591,-0.0591
5.2230,pi,6.2800,3.3642,-0.0583,-0.0583
5.2279,pi,6.2800,3.3444,-0.0587,-0.0587
5.2328,pi,6.2800,3.3153,-0.0593,-0.0593
5.2379,pi,6.2800,3.3380,-0.0588,-0.0588
5.2429,pi,6.2800,3.3104,-0.0594,-0.0594
5.2479,pi,6.2800,3.2885,-0.0598,-0.0598
5.2529,pi,6.2800,3.3165,-0.0593,-0.0593
5.2579,pi,6.2800,3.3065,-0.0595,-0.0595
5.2631,pi,6.2800,3.2984,-0.0596,-0.0596
5.2679,pi,6.2800,3.3422,-0.0588,-0.0588
5.2728,pi,6.2800,3.3593,-0.0584,-0.0584
5.2782,pi,6.2800,3.3271,-0.0591,-0.0591
5.2833,pi,6.2800,3.3650,-0.0583,-0.0583
5.2881,pi,6.2800,3.3454,-0.0587,-0.0587
5.2933,pi,6.2800,3.3294,-0.0590,-0.0590
5.2982,pi,6.2800,3.3668,-0.0583,-0.0583
5.3028,pi,6.2800,3.3468,-0.0587,-0.0587
5.3079,pi,6.2800,3.3170,-0.0593,-0.0593
5.3128,pi,6.2800,3.3392,-0.0588,-0.0588
5.3179,pi,6.2800,3.3573,-0.0585,-0.0585
5.3230,pi,6.2800,3.3392,-0.0588,-0.0588
5.3279,pi,6.2800,3.3569,-0.0585,-0.0585
5.3329,pi,6.2800,3.3710,-0.0582,-0.0582
5.3379,pi,6.2800,3.3370,-0.0589,-0.0589
5.3428,pi,6.2800,3.3552,-0.0585,-0.0585
5.3478,pi,6.2800,3.3701,-0.0582,-0.0582
5.3529,pi,6.2800,3.3360,-0.0589,-0.0589
5.3579,pi,6.2800,3.3087,-0.0594,-0.0594
5.3629,pi,6.2800,3.3003,-0.0596,-0.0596
5.3678,pi,6.2800,3.2799,-0.0600,-0.0600
5.3729,pi,6.2800,3.2638,-0.0603,-0.0603
5.3779,pi,6.2800,3.2641,-0.0603,-0.0603
5.3828,pi,6.2800,3.2511,-0.0606,-0.0606
5.3880,pi,6.2800,3.2541,-0.0605,-0.0605
5.3929,pi,6.2800,3.2565,-0.0605,-0.0605
5.3979,pi,6.2800,3.2585,-0.0604,-0.0604
5.4029,pi,6.2800,3.2600,-0.0604,-0.0604
5.4080,pi,6.2800,3.3116,-0.0594,-0.0594
5.4129,pi,6.2800,3.3024,-0.0596,-0.0596
5.4180,pi,6.2800,3.2952,-0.0597,-0.0597
5.4229,pi,6.2800,3.3397,-0.0588,-0.0588
5.4279,pi,6.2800,3.3570,-0.0585,-0.0585
5.4330,pi,6.2800,3.3387,-0.0588,-0.0588
5.4378,pi,6.2800,3.3563,-0.0585,-0.0585
5.4429,pi,6.2800,3.3706,-0.0582,-0.0582
5.4479,pi,6.2800,3.3498,-0.0586,-0.0586
5.4528,pi,6.2800,3.3652,-0.0583,-0.0583
5.4579,pi,6.2800,3.3778,-0.0580,-0.0580
5.4629,pi,6.2800,3.4057,-0.0575,-0.0575
5.4679,pi,6.2800,3.4281,-0.0570,-0.0570
5.4728,pi,6.2800,3.4279,-0.0570,-0.0570
5.4779,pi,6.2800,3.3821,-0.0580,-0.0580
5.4829,pi,6.2800,3.3912,-0.0578,-0.0578
5.4879,pi,6.2800,3.3663,-0.0583,-0.0583
5.4929,pi,6.2800,3.3464,-0.0587,-0.0587
5.4979,pi,6.2800,3.3626,-0.0583,-0.0583
5.5029,pi,6.2800,3.3434,-0.0587,-0.0587
5.5079,pi,6.2800,3.3281,-0.0590,-0.0590
5.5128,pi,6.2800,3.3479,-0.0586,-0.0586
5.5179,pi,6.2800,3.3187,-0.0592,-0.0592
5.5229,pi,6.2800,3.2948,-0.0597,-0.0597
5.5279,pi,6.2800,3.3213,-0.0592,-0.0592
5.5329,pi,6.2800,3.3425,-0.0588,-0.0588
5.5379,pi,6.2800,3.3273,-0.0591,-0.0591
5.5429,pi,6.2800,3.3016,-0.0596,-0.0596
5.5479,pi,6.2800,3.2947,-0.0597,-0.0597
5.5528,pi,6.2800,3.2755,-0.0601,-0.0601
5.5580,pi,6.2800,3.2734,-0.0601,-0.0601
5.5629,pi,6.2800,3.2722,-0.0602,-0.0602
5.5679,pi,6.2800,3.2711,-0.0602,-0.0602
5.5729,pi,6.2800,3.2566,-0.0605,-0.0605
5.5779,pi,6.2800,3.2587,-0.0604,-0.0604
5.5829,pi,6.2800,3.2603,-0.0604,-0.0604
5.5878,pi,6.2800,3.2937,-0.0597,-0.0597
5.5929,pi,6.2800,3.3205,-0.0592,-0.0592
5.5979,pi,6.2800,3.3098,-0.0594,-0.0594
5.6029,pi,6.2800,3.3333,-0.0589,-0.0589
5.6079,pi,6.2800,3.3521,-0.0586,-0.0586
5.6129,pi,6.2800,3.3350,-0.0589,-0.0589
5.6179,pi,6.2800,3.3716,-0.0582,-0.0582
5.6229,pi,6.2800,3.3827,-0.0579,-0.0579
5.6279,pi,6.2800,3.3596,-0.0584,-0.0584
5.6328,pi,6.2800,3.3731,-0.0581,-0.0581
5.6379,pi,6.2800,3.3519,-0.0586,-0.0586
5.6429,pi,6.2800,3.3349,-0.0589,-0.0589
5.6480,pi,6.2800,3.3213,-0.0592,-0.0592
5.6529,pi,6.2800,3.3104,-0.0594,-0.0594
5.6581,pi,6.2800,3.3015,-0.0596,-0.0596
5.6631,pi,6.2800,3.2944,-0.0597,-0.0597
5.6679,pi,6.2800,3.3210,-0.0592,-0.0592
5.6728,pi,6.2800,3.2966,-0.0597,-0.0597
5.6779,pi,6.2800,3.2771,-0.0601,-0.0601
5.6829,pi,6.2800,3.3073,-0.0595,-0.0595
5.6879,pi,6.2800,3.2856,-0.0599,-0.0599
5.6929,pi,6.2800,3.2682,-0.0602,-0.0602
5.6979,pi,6.2800,3.3002,-0.0596,-0.0596
5.7029,pi,6.2800,3.3259,-0.0591,-0.0591
5.7079,pi,6.2800,3.3004,-0.0596,-0.0596
5.7129,pi,6.2800,3.3261,-0.0591,-0.0591
5.7179,pi,6.2800,3.3468,-0.0587,-0.0587
5.7229,pi,6.2800,3.3173,-0.0593,-0.0593
5.7279,pi,6.2800,3.3394,-0.0588,-0.0588
5.7329,pi,6.2800,3.3249,-0.0591,-0.0591
5.7378,pi,6.2800,3.2996,-0.0596,-0.0596
5.7429,pi,6.2800,3.3252,-0.0591,-0.0591
5.7479,pi,6.2800,3.3135,-0.0593,-0.0593
5.7529,pi,6.2800,3.3042,-0.0595,-0.0595
5.7578,pi,6.2800,3.3288,-0.0590,-0.0590
5.7629,pi,6.2800,3.3164,-0.0593,-0.0593
5.7678,pi,6.2800,3.2928,-0.0597,-0.0597
5.7729,pi,6.2800,3.3197,-0.0592,-0.0592
5.7779,pi,6.2800,3.3092,-0.0594,-0.0594
5.7829,pi,6.2800,3.3007,-0.0596,-0.0596
5.7878,pi,6.2800,3.2804,-0.0600,-0.0600
5.7929,pi,6.2800,3.2777,-0.0600,-0.0600
5.7978,pi,6.2800,3.2619,-0.0604,-0.0604
5.8029,pi,6.2800,3.2628,-0.0603,-0.0603
5.8079,pi,6.2800,3.2636,-0.0603,-0.0603
5.8129,pi,6.2800,3.2639,-0.0603,-0.0603
5.8179,pi,6.2800,3.2640,-0.0603,-0.0603
5.8229,pi,6.2800,3.2645,-0.0603,-0.0603
5.8279,pi,6.2800,3.2649,-0.0603,-0.0603
5.8329,pi,6.2800,3.2651,-0.0603,-0.0603
5.8379,pi,6.2800,3.3156,-0.0593,-0.0593
5.8429,pi,6.2800,3.3057,-0.0595,-0.0595
5.8479,pi,6.2800,3.2978,-0.0596,-0.0596
5.8529,pi,6.2800,3.3419,-0.0588,-0.0588
5.8579,pi,6.2800,3.3269,-0.0591,-0.0591
5.8630,pi,6.2800,3.3148,-0.0593,-0.0593
5.8686,pi,6.2800,3.3547,-0.0585,-0.0585
5.8733,pi,6.2800,3.3371,-0.0589,-0.0589
5.8780,pi,6.2800,3.3230,-0.0591,-0.0591
5.8828,pi,6.2800,3.3621,-0.0584,-0.0584
5.8878,pi,6.2800,3.3752,-0.0581,-0.0581
5.8930,pi,6.2800,3.3398,-0.0588,-0.0588
5.8979,pi,6.2800,3.3756,-0.0581,-0.0581
5.9029,pi,6.2800,3.3860,-0.0579,-0.0579
5.9080,pi,6.2800,3.3620,-0.0584,-0.0584
5.9129,pi,6.2800,3.3750,-0.0581,-0.0581
5.9179,pi,6.2800,3.3857,-0.0579,-0.0579
5.9230,pi,6.2800,3.3501,-0.0586,-0.0586
5.9279,pi,6.2800,3.3659,-0.0583,-0.0583
5.9329,pi,6.2800,3.3782,-0.0580,-0.0580
5.9380,pi,6.2800,3.3559,-0.0585,-0.0585
5.9429,pi,6.2800,3.3701,-0.0582,-0.0582
5.9479,pi,6.2800,3.3816,-0.0580,-0.0580
5.9529,pi,6.2800,3.3452,-0.0587,-0.0587
5.9579,pi,6.2800,3.3157,-0.0593,-0.0593
5.9629,pi,6.2800,3.3383,-0.0588,-0.0588
5.9679,pi,6.2800,3.3106,-0.0594,-0.0594
5.9729,pi,6.2800,3.2884,-0.0598,-0.0598
5.9779,pi,6.2800,3.3164,-0.0593,-0.0593
5.9830,pi,6.2800,3.3065,-0.0595,-0.0595
5.9880,pi,6.2800,3.2985,-0.0596,-0.0596
5.9929,pi,6.2800,3.2922,-0.0598,-0.0598
5.9978,pi,6.2800,3.2736,-0.0601,-0.0601
6.0030,pi,6.2800,3.2715,-0.0602,-0.0602
6.0079,pi,6.2800,3.2571,-0.0605,-0.0605
6.0130,pi,6.2800,3.2588,-0.0604,-0.0604
6.0179,pi,6.2800,3.2603,-0.0604,-0.0604
6.0229,pi,6.2800,3.2616,-0.0604,-0.0604
6.0279,pi,6.2800,3.2623,-0.0604,-0.0604
6.0329,pi,6.2800,3.2633,-0.0603,-0.0603
6.0379,pi,6.2800,3.2504,-0.0606,-0.0606
6.0429,pi,6.2800,3.2538,-0.0605,-0.0605
6.0479,pi,6.2800,3.2561,-0.0605,-0.0605
6.0528,pi,6.2800,3.2444,-0.0607,-0.0607
6.0579,pi,6.2800,3.2990,-0.0596,-0.0596
6.0629,pi,6.2800,3.3245,-0.0591,-0.0591
6.0679,pi,6.2800,3.3453,-0.0587,-0.0587
6.0729,pi,6.2800,3.3798,-0.0580,-0.0580
6.0779,pi,6.2800,3.3892,-0.0578,-0.0578
6.0829,pi,6.2800,3.3512,-0.0586,-0.0586
6.0879,pi,6.2800,3.3846,-0.0579,-0.0579
6.0929,pi,6.2800,3.3611,-0.0584,-0.0584
6.0979,pi,6.2800,3.3284,-0.0590,-0.0590
6.1029,pi,6.2800,3.3483,-0.0586,-0.0586
6.1079,pi,6.2800,3.3321,-0.0590,-0.0590
6.1129,pi,6.2800,3.3054,-0.0595,-0.0595
6.1180,pi,6.2800,3.2974,-0.0597,-0.0597
6.1233,pi,6.2800,3.2909,-0.0598,-0.0598
6.1280,pi,6.2800,3.2859,-0.0599,-0.0599
6.1329,pi,6.2800,3.3141,-0.0593,-0.0593
6.1379,pi,6.2800,3.3368,-0.0589,-0.0589
6.1429,pi,6.2800,3.3093,-0.0594,-0.0594
6.1479,pi,6.2800,3.3332,-0.0589,-0.0589
6.1529,pi,6.2800,3.3523,-0.0586,-0.0586
6.1579,pi,6.2800,3.3217,-0.0592,-0.0592
6.1629,pi,6.2800,3.3430,-0.0587,-0.0587
6.1679,pi,6.2800,3.3600,-0.0584,-0.0584
6.1729,pi,6.2800,3.3281,-0.0590,-0.0590
6.1779,pi,6.2800,3.3484,-0.0586,-0.0586
6.1829,pi,6.2800,3.3644,-0.0583,-0.0583
6.1880,pi,6.2800,3.3450,-0.0587,-0.0587
6.1931,pi,6.2800,3.3795,-0.0580,-0.0580
6.1980,pi,6.2800,3.3561,-0.0585,-0.0585
6.2030,pi,6.2800,3.3382,-0.0588,-0.0588
6.2079,pi,6.2800,3.3741,-0.0581,-0.0581
6.2129,pi,6.2800,3.3523,-0.0586,-0.0586
6.2180,pi,6.2800,3.3350,-0.0589,-0.0589
6.2236,pi,6.2800,3.3711,-0.0582,-0.0582
6.2292,pi,6.2800,3.3497,-0.0586,-0.0586
6.2348,pi,6.2800,3.3325,-0.0590,-0.0590
6.2398,pi,6.2800,3.3691,-0.0582,-0.0582
6.2438,pi,6.2800,3.3806,-0.0580,-0.0580
6.2481,pi,6.2800,3.3443,-0.0587,-0.0587
6.2529,pi,6.2800,3.3614,-0.0584,-0.0584
6.2578,pi,6.2800,3.3747,-0.0581,-0.0581
6.2631,pi,6.2800,3.3393,-0.0588,-0.0588
6.2683,pi,6.2800,3.3750,-0.0581,-0.0581
6.2733,pi,6.2800,3.3853,-0.0579,-0.0579
6.2779,pi,6.2800,3.3487,-0.0586,-0.0586
6.2828,pi,6.2800,3.3652,-0.0583,-0.0583
6.2879,pi,6.2800,3.3782,-0.0580,-0.0580
6.2929,pi,6.2800,3.3427,-0.0587,-0.0587
6.2979,pi,6.2800,3.3140,-0.0593,-0.0593
6.3029,pi,6.2800,3.3369,-0.0589,-0.0589
6.3079,pi,6.2800,3.3092,-0.0594,-0.0594
6.3129,pi,6.2800,3.2873,-0.0599,-0.0599
6.3179,pi,6.2800,3.2698,-0.0602,-0.0602
6.3229,pi,6.2800,3.2560,-0.0605,-0.0605
6.3279,pi,6.2800,3.2449,-0.0607,-0.0607
6.3333,pi,6.2800,3.1986,-0.0616,-0.0616
6.3380,pi,6.2800,3.2119,-0.0614,-0.0614
6.3429,pi,6.2800,3.2228,-0.0611,-0.0611
6.3479,pi,6.2800,3.2817,-0.0600,-0.0600
6.3529,pi,6.2800,3.2787,-0.0600,-0.0600
6.3579,pi,6.2800,3.2764,-0.0601,-0.0601
6.3629,pi,6.2800,3.3247,-0.0591,-0.0591
6.3679,pi,6.2800,3.3635,-0.0583,-0.0583
6.3729,pi,6.2800,3.3439,-0.0587,-0.0587
6.3779,pi,6.2800,3.3787,-0.0580,-0.0580
6.3828,pi,6.2800,3.3884,-0.0578,-0.0578
6.3879,pi,6.2800,3.3963,-0.0577,-0.0577
6.3929,pi,6.2800,3.4032,-0.0575,-0.0575
6.3979,pi,6.2800,3.4082,-0.0574,-0.0574
6.4029,pi,6.2800,3.3798,-0.0580,-0.0580
6.4079,pi,6.2800,3.3438,-0.0587,-0.0587
6.4129,pi,6.2800,3.3283,-0.0590,-0.0590
6.4179,pi,6.2800,3.3025,-0.0596,-0.0596
6.4230,pi,6.2800,3.2951,-0.0597,-0.0597
6.4279,pi,6.2800,3.2896,-0.0598,-0.0598
6.4329,pi,6.2800,3.2850,-0.0599,-0.0599
6.4379,pi,6.2800,3.2676,-0.0602,-0.0602
6.4430,pi,6.2800,3.2675,-0.0603,-0.0603
6.4479,pi,6.2800,3.2673,-0.0603,-0.0603
6.4529,pi,6.2800,3.2535,-0.0605,-0.0605
6.4579,pi,6.2800,3.2885,-0.0598,-0.0598
6.4629,pi,6.2800,3.3163,-0.0593,-0.0593
6.4679,pi,6.2800,3.3065,-0.0595,-0.0595
6.4729,pi,6.2800,3.3305,-0.0590,-0.0590
6.4779,pi,6.2800,3.3178,-0.0592,-0.0592
6.4829,pi,6.2800,3.3077,-0.0594,-0.0594
6.4879,pi,6.2800,3.3498,-0.0586,-0.0586
6.4929,pi,6.2800,3.3331,-0.0589,-0.0589
6.4979,pi,6.2800,3.3197,-0.0592,-0.0592
6.5029,pi,6.2800,3.3594,-0.0584,-0.0584
6.5079,pi,6.2800,3.3408,-0.0588,-0.0588
6.5129,pi,6.2800,3.3760,-0.0581,-0.0581
6.5178,pi,6.2800,3.4043,-0.0575,-0.0575
6.5228,pi,6.2800,3.4088,-0.0574,-0.0574
6.5280,pi,6.2800,3.3804,-0.0580,-0.0580
6.5329,pi,6.2800,3.4079,-0.0574,-0.0574
6.5378,pi,6.2800,3.4118,-0.0574,-0.0574
6.5429,pi,6.2800,3.3694,-0.0582,-0.0582
6.5478,pi,6.2800,3.3812,-0.0580,-0.0580
6.5529,pi,6.2800,3.3906,-0.0578,-0.0578
6.5579,pi,6.2800,3.3523,-0.0586,-0.0586
6.5629,pi,6.2800,3.3675,-0.0583,-0.0583
6.5679,pi,6.2800,3.3341,-0.0589,-0.0589
6.5729,pi,6.2800,3.3206,-0.0592,-0.0592
6.5779,pi,6.2800,3.3099,-0.0594,-0.0594
6.5828,pi,6.2800,3.3335,-0.0589,-0.0589
6.5879,pi,6.2800,3.3198,-0.0592,-0.0592
6.5929,pi,6.2800,3.3092,-0.0594,-0.0594
6.5979,pi,6.2800,3.3328,-0.0589,-0.0589
6.6029,pi,6.2800,3.3197,-0.0592,-0.0592
6.6079,pi,6.2800,3.3091,-0.0594,-0.0594
6.6129,pi,6.2800,3.3007,-0.0596,-0.0596
6.6179,pi,6.2800,3.2939,-0.0597,-0.0597
6.6229,pi,6.2800,3.2746,-0.0601,-0.0601
6.6280,pi,6.2800,3.3052,-0.0595,-0.0595
6.6329,pi,6.2800,3.2974,-0.0597,-0.0597
6.6379,pi,6.2800,3.2775,-0.0601,-0.0601
6.6429,pi,6.2800,3.3077,-0.0594,-0.0594
6.6480,pi,6.2800,3.2994,-0.0596,-0.0596
6.6529,pi,6.2800,3.2927,-0.0597,-0.0597
6.6579,pi,6.2800,3.3195,-0.0592,-0.0592
6.6629,pi,6.2800,3.3412,-0.0588,-0.0588
6.6680,pi,6.2800,3.3264,-0.0591,-0.0591
6.6729,pi,6.2800,3.3648,-0.0583,-0.0583
6.6780,pi,6.2800,3.3452,-0.0587,-0.0587
6.6829,pi,6.2800,3.3295,-0.0590,-0.0590
6.6878,pi,6.2800,3.3492,-0.0586,-0.0586
6.6929,pi,6.2800,3.3650,-0.0583,-0.0583
6.6979,pi,6.2800,3.3318,-0.0590,-0.0590
6.7029,pi,6.2800,3.3511,-0.0586,-0.0586
6.7079,pi,6.2800,3.3342,-0.0589,-0.0589
6.7129,pi,6.2800,3.3208,-0.0592,-0.0592
6.7179,pi,6.2800,3.2963,-0.0597,-0.0597
6.7229,pi,6.2800,3.3224,-0.0592,-0.0592
6.7279,pi,6.2800,3.2976,-0.0596,-0.0596
6.7329,pi,6.2800,3.3236,-0.0591,-0.0591
6.7379,pi,6.2800,3.3123,-0.0594,-0.0594
6.7428,pi,6.2800,3.2896,-0.0598,-0.0598
6.7480,pi,6.2800,3.3353,-0.0589,-0.0589
6.7529,pi,6.2800,3.3214,-0.0592,-0.0592
6.7579,pi,6.2800,3.3104,-0.0594,-0.0594
6.7630,pi,6.2800,3.3515,-0.0586,-0.0586
6.7679,pi,6.2800,3.3845,-0.0579,-0.0579
6.7729,pi,6.2800,3.3930,-0.0577,-0.0577
6.7779,pi,6.2800,3.4000,-0.0576,-0.0576
6.7829,pi,6.2800,3.4055,-0.0575,-0.0575
6.7879,pi,6.2800,3.3777,-0.0580,-0.0580
6.7929,pi,6.2800,3.4057,-0.0575,-0.0575
6.7978,pi,6.2800,3.4099,-0.0574,-0.0574
6.8029,pi,6.2800,3.3678,-0.0582,-0.0582
6.8079,pi,6.2800,3.3799,-0.0580,-0.0580
6.8130,pi,6.2800,3.3893,-0.0578,-0.0578
6.8180,pi,6.2800,3.3648,-0.0583,-0.0583
6.8229,pi,6.2800,3.3954,-0.0577,-0.0577
6.8279,pi,6.2800,3.3696,-0.0582,-0.0582
6.8329,pi,6.2800,3.3491,-0.0586,-0.0586
6.8379,pi,6.2800,3.3826,-0.0579,-0.0579
6.8429,pi,6.2800,3.3597,-0.0584,-0.0584
6.8479,pi,6.2800,3.3411,-0.0588,-0.0588
6.8529,pi,6.2800,3.3263,-0.0591,-0.0591
6.8579,pi,6.2800,3.3144,-0.0593,-0.0593
6.8628,pi,6.2800,3.2912,-0.0598,-0.0598
6.8679,pi,6.2800,3.2728,-0.0601,-0.0601
6.8729,pi,6.2800,3.3039,-0.0595,-0.0595
6.8779,pi,6.2800,3.2829,-0.0599,-0.0599
6.8829,pi,6.2800,3.2798,-0.0600,-0.0600
6.8878,pi,6.2800,3.3093,-0.0594,-0.0594
6.8929,pi,6.2800,3.3009,-0.0596,-0.0596
6.8979,pi,6.2800,3.2804,-0.0600,-0.0600
6.9029,pi,6.2800,3.3098,-0.0594,-0.0594
6.9080,pi,6.2800,3.3008,-0.0596,-0.0596
6.9129,pi,6.2800,3.2940,-0.0597,-0.0597
6.9179,pi,6.2800,3.3388,-0.0588,-0.0588
6.9229,pi,6.2800,3.3243,-0.0591,-0.0591
6.9279,pi,6.2800,3.3128,-0.0593,-0.0593
6.9328,pi,6.2800,3.3356,-0.0589,-0.0589
6.9379,pi,6.2800,3.3541,-0.0585,-0.0585
6.9429,pi,6.2800,3.3231,-0.0591,-0.0591
6.9479,pi,6.2800,3.3439,-0.0587,-0.0587
6.9529,pi,6.2800,3.3606,-0.0584,-0.0584
6.9579,pi,6.2800,3.3281,-0.0590,-0.0590
6.9629,pi,6.2800,3.3483,-0.0586,-0.0586
6.9679,pi,6.2800,3.3642,-0.0583,-0.0583
6.9729,pi,6.2800,3.3311,-0.0590,-0.0590
6.9779,pi,6.2800,3.3504,-0.0586,-0.0586
6.9829,pi,6.2800,3.3337,-0.0589,-0.0589
6.9879,pi,6.2800,3.3204,-0.0592,-0.0592
6.9929,pi,6.2800,3.3599,-0.0584,-0.0584
6.9978,pi,6.2800,3.3733,-0.0581,-0.0581
7.0029,pi,6.2800,3.3383,-0.0588,-0.0588
7.0079,pi,6.2800,3.3562,-0.0585,-0.0585
7.0129,pi,6.2800,3.3706,-0.0582,-0.0582
7.0179,pi,6.2800,3.3363,-0.0589,-0.0589
7.0229,pi,6.2800,3.3546,-0.0585,-0.0585
7.0279,pi,6.2800,3.3693,-0.0582,-0.0582
7.0329,pi,6.2800,3.3352,-0.0589,-0.0589
7.0378,pi,6.2800,3.3537,-0.0585,-0.0585
7.0429,pi,6.2800,3.3364,-0.0589,-0.0589
7.0479,pi,6.2800,3.3223,-0.0592,-0.0592
7.0529,pi,6.2800,3.3432,-0.0587,-0.0587
7.0579,pi,6.2800,3.3279,-0.0590,-0.0590
7.0629,pi,6.2800,3.3157,-0.0593,-0.0593
7.0679,pi,6.2800,3.3562,-0.0585,-0.0585
7.0729,pi,6.2800,3.3383,-0.0588,-0.0588
7.0779,pi,6.2800,3.3239,-0.0591,-0.0591
7.0829,pi,6.2800,3.3627,-0.0583,-0.0583
7.0879,pi,6.2800,3.3435,-0.0587,-0.0587
7.0929,pi,6.2800,3.3277,-0.0590,-0.0590
7.0978,pi,6.2800,3.3475,-0.0586,-0.0586
7.1029,pi,6.2800,3.3637,-0.0583,-0.0583
7.1079,pi,6.2800,3.3444,-0.0587,-0.0587
7.1128,pi,6.2800,3.3610,-0.0584,-0.0584
7.1179,pi,6.2800,3.3742,-0.0581,-0.0581
7.1230,pi,6.2800,3.3524,-0.0586,-0.0586
7.1281,pi,6.2800,3.3855,-0.0579,-0.0579
7.1330,pi,6.2800,3.3613,-0.0584,-0.0584
7.1381,pi,6.2800,3.3423,-0.0588,-0.0588
7.1431,pi,6.2800,3.3272,-0.0591,-0.0591
7.1481,pi,6.2800,3.3153,-0.0593,-0.0593
7.1530,pi,6.2800,3.3053,-0.0595,-0.0595
7.1579,pi,6.2800,3.2975,-0.0596,-0.0596
7.1629,pi,6.2800,3.2914,-0.0598,-0.0598
7.1679,pi,6.2800,3.2729,-0.0601,-0.0601
7.1730,pi,6.2800,3.2579,-0.0604,-0.0604
7.1779,pi,6.2800,3.2919,-0.0598,-0.0598
7.1829,pi,6.2800,3.2737,-0.0601,-0.0601
7.1879,pi,6.2800,3.2591,-0.0604,-0.0604
7.1931,pi,6.2800,3.2929,-0.0597,-0.0597
7.1979,pi,6.2800,3.2875,-0.0598,-0.0598
7.2029,pi,6.2800,3.2696,-0.0602,-0.0602
7.2079,pi,6.2800,3.3013,-0.0596,-0.0596
7.2134,pi,6.2800,3.2943,-0.0597,-0.0597
7.2182,pi,6.2800,3.2882,-0.0598,-0.0598
7.2238,pi,6.2800,3.2836,-0.0599,-0.0599
7.2288,pi,6.2800,3.2799,-0.0600,-0.0600
7.2337,pi,6.2800,3.2766,-0.0601,-0.0601
7.2386,pi,6.2800,3.2738,-0.0601,-0.0601
7.2430,pi,6.2800,3.2724,-0.0602,-0.0602
7.2479,pi,6.2800,3.2578,-0.0604,-0.0604
7.2528,pi,6.2800,3.2919,-0.0598,-0.0598
7.2580,pi,6.2800,3.2867,-0.0599,-0.0599
7.2631,pi,6.2800,3.2690,-0.0602,-0.0602
7.2680,pi,6.2800,3.3006,-0.0596,-0.0596
7.2729,pi,6.2800,3.3262,-0.0591,-0.0591
7.2778,pi,6.2800,3.3468,-0.0587,-0.0587
7.2829,pi,6.2800,3.3633,-0.0583,-0.0583
7.2879,pi,6.2800,3.3759,-0.0581,-0.0581
7.2930,pi,6.2800,3.3868,-0.0579,-0.0579
7.2980,pi,6.2800,3.4124,-0.0574,-0.0574
7.3029,pi,6.2800,3.3835,-0.0579,-0.0579
7.3079,pi,6.2800,3.3465,-0.0587,-0.0587
7.3131,pi,6.2800,3.3301,-0.0590,-0.0590
7.3180,pi,6.2800,3.3175,-0.0593,-0.0593
7.3229,pi,6.2800,3.2939,-0.0597,-0.0597
7.3283,pi,6.2800,3.2879,-0.0598,-0.0598
7.3330,pi,6.2800,3.2837,-0.0599,-0.0599
7.3380,pi,6.2800,3.2667,-0.0603,-0.0603
7.3430,pi,6.2800,3.2667,-0.0603,-0.0603
7.3478,pi,6.2800,3.2988,-0.0596,-0.0596
7.3529,pi,6.2800,3.2796,-0.0600,-0.0600
7.3579,pi,6.2800,3.2770,-0.0601,-0.0601
7.3629,pi,6.2800,3.3069,-0.0595,-0.0595
7.3679,pi,6.2800,3.3314,-0.0590,-0.0590
7.3729,pi,6.2800,3.3052,-0.0595,-0.0595
7.3779,pi,6.2800,3.3297,-0.0590,-0.0590
7.3829,pi,6.2800,3.3498,-0.0586,-0.0586
7.3879,pi,6.2800,3.3197,-0.0592,-0.0592
7.3929,pi,6.2800,3.3413,-0.0588,-0.0588
7.3980,pi,6.2800,3.3265,-0.0591,-0.0591
7.4029,pi,6.2800,3.3648,-0.0583,-0.0583
7.4082,pi,6.2800,3.3955,-0.0577,-0.0577
7.4135,pi,6.2800,3.3692,-0.0582,-0.0582
7.4179,pi,6.2800,3.3988,-0.0576,-0.0576
7.4229,pi,6.2800,3.4226,-0.0571,-0.0571
7.4278,pi,6.2800,3.4236,-0.0571,-0.0571
7.4329,pi,6.2800,3.4245,-0.0571,-0.0571
7.4380,pi,6.2800,3.4432,-0.0567,-0.0567
7.4432,pi,6.2800,3.4080,-0.0574,-0.0574
7.4479,pi,6.2800,3.3662,-0.0583,-0.0583
7.4530,pi,6.2800,3.3454,-0.0587,-0.0587
7.4578,pi,6.2800,3.3164,-0.0593,-0.0593
7.4629,pi,6.2800,3.2932,-0.0597,-0.0597
7.4679,pi,6.2800,3.3206,-0.0592,-0.0592
7.4730,pi,6.2800,3.2962,-0.0597,-0.0597
7.4779,pi,6.2800,3.2902,-0.0598,-0.0598
7.4829,pi,6.2800,3.2855,-0.0599,-0.0599
7.4879,pi,6.2800,3.2680,-0.0602,-0.0602
7.4929,pi,6.2800,3.2544,-0.0605,-0.0605
7.4979,pi,6.2800,3.2892,-0.0598,-0.0598
7.5029,pi,6.2800,3.3169,-0.0593,-0.0593
7.5079,pi,6.2800,3.2941,-0.0597,-0.0597
7.5129,pi,6.2800,3.3208,-0.0592,-0.0592
7.5180,pi,6.2800,3.3421,-0.0588,-0.0588
7.5230,pi,6.2800,3.3133,-0.0593,-0.0593
7.5279,pi,6.2800,3.3361,-0.0589,-0.0589
7.5329,pi,6.2800,3.3545,-0.0585,-0.0585
7.5379,pi,6.2800,3.3370,-0.0589,-0.0589
7.5429,pi,6.2800,3.3732,-0.0581,-0.0581
7.5479,pi,6.2800,3.3520,-0.0586,-0.0586
7.5529,pi,6.2800,3.3349,-0.0589,-0.0589
7.5579,pi,6.2800,3.3533,-0.0585,-0.0585
7.5629,pi,6.2800,3.3361,-0.0589,-0.0589
7.5678,pi,6.2800,3.3087,-0.0594,-0.0594
7.5729,pi,6.2800,3.3324,-0.0590,-0.0590
7.5779,pi,6.2800,3.3514,-0.0586,-0.0586
7.5829,pi,6.2800,3.3345,-0.0589,-0.0589
7.5878,pi,6.2800,3.3530,-0.0585,-0.0585
7.5928,pi,6.2800,3.3680,-0.0582,-0.0582
7.5980,pi,6.2800,3.3477,-0.0586,-0.0586
7.6028,pi,6.2800,3.3635,-0.0583,-0.0583
7.6079,pi,6.2800,3.3442,-0.0587,-0.0587
7.6129,pi,6.2800,3.3286,-0.0590,-0.0590
7.6179,pi,6.2800,3.3162,-0.0593,-0.0593
7.6229,pi,6.2800,3.3064,-0.0595,-0.0595
7.6281,pi,6.2800,3.2982,-0.0596,-0.0596
7.6335,pi,6.2800,3.2916,-0.0598,-0.0598
7.6383,pi,6.2800,3.2865,-0.0599,-0.0599
7.6434,pi,6.2800,3.2823,-0.0600,-0.0600
7.6480,pi,6.2800,3.2790,-0.0600,-0.0600
7.6529,pi,6.2800,3.2264,-0.0611,-0.0611
7.6578,pi,6.2800,3.2346,-0.0609,-0.0609
7.6628,pi,6.2800,3.2274,-0.0611,-0.0611
7.6679,pi,6.2800,3.2676,-0.0602,-0.0602
7.6729,pi,6.2800,3.2675,-0.0603,-0.0603
7.6779,pi,6.2800,3.2537,-0.0605,-0.0605
7.6829,pi,6.2800,3.2888,-0.0598,-0.0598
7.6879,pi,6.2800,3.3169,-0.0593,-0.0593
7.6929,pi,6.2800,3.2934,-0.0597,-0.0597
7.6979,pi,6.2800,3.3202,-0.0592,-0.0592
7.7029,pi,6.2800,3.3419,-0.0588,-0.0588
7.7080,pi,6.2800,3.3267,-0.0591,-0.0591
7.7129,pi,6.2800,3.3649,-0.0583,-0.0583
7.7180,pi,6.2800,3.3443,-0.0587,-0.0587
7.7229,pi,6.2800,3.3290,-0.0590,-0.0590
7.7280,pi,6.2800,3.3668,-0.0583,-0.0583
7.7335,pi,6.2800,3.3461,-0.0587,-0.0587
7.7387,pi,6.2800,3.3301,-0.0590,-0.0590
7.7428,pi,6.2800,3.3677,-0.0582,-0.0582
7.7479,pi,6.2800,3.3797,-0.0580,-0.0580
7.7529,pi,6.2800,3.3437,-0.0587,-0.0587
7.7579,pi,6.2800,3.3606,-0.0584,-0.0584
7.7629,pi,6.2800,3.3741,-0.0581,-0.0581
7.7679,pi,6.2800,3.3392,-0.0588,-0.0588
7.7730,pi,6.2800,3.3246,-0.0591,-0.0591
7.7779,pi,6.2800,3.3451,-0.0587,-0.0587
7.7829,pi,6.2800,3.3161,-0.0593,-0.0593
7.7879,pi,6.2800,3.2932,-0.0597,-0.0597
7.7929,pi,6.2800,3.3204,-0.0592,-0.0592
7.7979,pi,6.2800,3.2962,-0.0597,-0.0597
7.8029,pi,6.2800,3.2767,-0.0601,-0.0601
7.8079,pi,6.2800,3.2748,-0.0601,-0.0601
7.8129,pi,6.2800,3.2732,-0.0601,-0.0601
7.8179,pi,6.2800,3.2719,-0.0602,-0.0602
7.8229,pi,6.2800,3.3029,-0.0595,-0.0595
7.8279,pi,6.2800,3.3280,-0.0590,-0.0590
7.8329,pi,6.2800,3.3157,-0.0593,-0.0593
7.8378,pi,6.2800,3.3381,-0.0588,-0.0588
7.8429,pi,6.2800,3.3239,-0.0591,-0.0591
7.8479,pi,6.2800,3.3125,-0.0593,-0.0593
7.8529,pi,6.2800,3.3355,-0.0589,-0.0589
7.8579,pi,6.2800,3.3218,-0.0592,-0.0592
7.8629,pi,6.2800,3.2971,-0.0597,-0.0597
7.8679,pi,6.2800,3.3233,-0.0591,-0.0591
7.8729,pi,6.2800,3.3120,-0.0594,-0.0594
7.8779,pi,6.2800,3.3030,-0.0595,-0.0595
7.8828,pi,6.2800,3.3278,-0.0590,-0.0590
7.8879,pi,6.2800,3.3156,-0.0593,-0.0593
7.8929,pi,6.2800,3.3059,-0.0595,-0.0595
7.8978,pi,6.2800,3.3303,-0.0590,-0.0590
7.9029,pi,6.2800,3.3176,-0.0592,-0.0592
7.9079,pi,6.2800,3.3075,-0.0594,-0.0594
7.9130,pi,6.2800,3.3494,-0.0586,-0.0586
7.9179,pi,6.2800,3.3327,-0.0589,-0.0589
7.9229,pi,6.2800,3.3059,-0.0595,-0.0595
7.9279,pi,6.2800,3.3303,-0.0590,-0.0590
7.9329,pi,6.2800,3.3176,-0.0592,-0.0592
7.9381,pi,6.2800,3.3074,-0.0595,-0.0595
7.9432,pi,6.2800,3.3495,-0.0586,-0.0586
7.9479,pi,6.2800,3.3327,-0.0589,-0.0589
7.9529,pi,6.2800,3.3195,-0.0592,-0.0592
7.9578,pi,6.2800,3.3410,-0.0588,-0.0588
7.9629,pi,6.2800,3.3582,-0.0584,-0.0584
7.9679,pi,6.2800,3.3268,-0.0591,-0.0591
7.9729,pi,6.2800,3.3147,-0.0593,-0.0593
7.9779,pi,6.2800,3.3051,-0.0595,-0.0595
7.9829,pi,6.2800,3.2974,-0.0597,-0.0597
7.9879,pi,6.2800,3.2913,-0.0598,-0.0598
7.9929,pi,6.2800,3.3185,-0.0592,-0.0592
7.9980,pi,6.2800,3.2945,-0.0597,-0.0597
8.0029,pi,6.2800,3.3392,-0.0588,-0.0588
8.0079,pi,6.2800,3.3246,-0.0591,-0.0591
8.0130,pi,6.2800,3.3128,-0.0593,-0.0593
8.0179,pi,6.2800,3.3538,-0.0585,-0.0585
8.0228,pi,6.2800,3.3685,-0.0582,-0.0582
8.0279,pi,6.2800,3.3481,-0.0586,-0.0586
8.0328,pi,6.2800,3.3639,-0.0583,-0.0583
8.0380,pi,6.2800,3.3767,-0.0581,-0.0581
8.0430,pi,6.2800,3.3542,-0.0585,-0.0585
8.0480,pi,6.2800,3.3368,-0.0589,-0.0589
8.0535,pi,6.2800,3.3227,-0.0591,-0.0591
8.0594,pi,6.2800,3.3105,-0.0594,-0.0594
8.0649,pi,6.2800,3.3013,-0.0596,-0.0596
8.0702,pi,6.2800,3.2938,-0.0597,-0.0597
8.0763,pi,6.2800,3.2870,-0.0599,-0.0599
8.0835,pi,6.2800,3.2813,-0.0600,-0.0600
8.0885,pi,6.2800,3.2772,-0.0601,-0.0601
8.0941,pi,6.2800,3.2740,-0.0601,-0.0601
8.1000,pi,6.2800,3.2725,-0.0601,-0.0601
8.1069,pi,6.2800,3.3212,-0.0592,-0.0592
8.1120,pi,6.2800,3.3093,-0.0594,-0.0594
8.1188,pi,6.2800,3.2964,-0.0597,-0.0597
8.1285,pi,6.2800,3.3215,-0.0592,-0.0592
8.1354,pi,6.2800,3.3093,-0.0594,-0.0594
8.1419,pi,6.2800,3.2872,-0.0599,-0.0599
8.1475,pi,6.2800,3.3151,-0.0593,-0.0593
8.1525,pi,6.2800,3.3002,-0.0596,-0.0596
8.1574,pi,6.2800,3.2883,-0.0598,-0.0598
8.1650,pi,6.2800,3.3308,-0.0590,-0.0590
8.1718,pi,6.2800,3.3050,-0.0595,-0.0595
8.1790,pi,6.2800,3.3422,-0.0588,-0.0588
8.1844,pi,6.2800,3.3264,-0.0591,-0.0591
8.1909,pi,6.2800,3.3461,-0.0587,-0.0587
8.1978,pi,6.2800,3.3806,-0.0580,-0.0580
8.2031,pi,6.2800,3.3978,-0.0576,-0.0576
8.2107,pi,6.2800,3.4047,-0.0575,-0.0575
8.2184,pi,6.2800,3.3662,-0.0583,-0.0583
8.2239,pi,6.2800,3.4017,-0.0576,-0.0576
8.2297,pi,6.2800,3.4003,-0.0576,-0.0576
8.2358,pi,6.2800,3.3607,-0.0584,-0.0584
8.2414,pi,6.2800,3.3427,-0.0587,-0.0587
8.2490,pi,6.2800,3.3255,-0.0591,-0.0591
8.2548,pi,6.2800,3.2860,-0.0599,-0.0599
8.2602,pi,6.2800,3.2659,-0.0603,-0.0603
8.2662,pi,6.2800,3.3038,-0.0595,-0.0595
8.2722,pi,6.2800,3.3143,-0.0593,-0.0593
8.2785,pi,6.2800,3.2979,-0.0596,-0.0596
8.2832,pi,6.2800,3.3218,-0.0592,-0.0592
8.2883,pi,6.2800,3.2994,-0.0596,-0.0596
8.2951,pi,6.2800,3.2832,-0.0599,-0.0599
8.3041,pi,6.2800,3.3090,-0.0594,-0.0594
8.3131,pi,6.2800,3.2905,-0.0598,-0.0598
8.3209,pi,6.2800,3.2575,-0.0604,-0.0604
8.3274,pi,6.2800,3.2624,-0.0604,-0.0604
8.3314,pi,6.2800,3.3002,-0.0596,-0.0596
8.3354,pi,6.2800,3.3274,-0.0591,-0.0591
8.3395,pi,6.2800,3.3644,-0.0583,-0.0583
8.3437,pi,6.2800,3.3823,-0.0580,-0.0580
8.3482,pi,6.2800,3.3917,-0.0578,-0.0578
8.3523,pi,6.2800,3.3611,-0.0584,-0.0584
8.3564,pi,6.2800,3.3742,-0.0581,-0.0581
8.3605,pi,6.2800,3.3974,-0.0577,-0.0577
8.3649,pi,6.2800,3.3992,-0.0576,-0.0576
8.3692,pi,6.2800,3.4423,-0.0568,-0.0568
8.3734,pi,6.2800,3.4381,-0.0568,-0.0568
8.3775,pi,6.2800,3.4036,-0.0575,-0.0575
8.3814,pi,6.2800,3.3634,-0.0583,-0.0583
8.3856,pi,6.2800,3.3478,-0.0586,-0.0586
8.3896,pi,6.2800,3.3181,-0.0592,-0.0592
8.3945,pi,6.2800,3.2933,-0.0597,-0.0597
8.3993,pi,6.2800,3.2877,-0.0598,-0.0598
8.4032,pi,6.2800,3.2698,-0.0602,-0.0602
8.4073,pi,6.2800,3.2557,-0.0605,-0.0605
8.4115,pi,6.2800,3.2580,-0.0604,-0.0604
8.4156,pi,6.2800,3.2459,-0.0607,-0.0607
8.4196,pi,6.2800,3.2377,-0.0608,-0.0608
8.4242,pi,6.2800,3.2764,-0.0601,-0.0601
8.4284,pi,6.2800,3.3066,-0.0595,-0.0595
8.4324,pi,6.2800,3.2850,-0.0599,-0.0599
8.4363,pi,6.2800,3.3134,-0.0593,-0.0593
8.4406,pi,6.2800,3.3003,-0.0596,-0.0596
8.4454,pi,6.2800,3.3262,-0.0591,-0.0591
8.4494,pi,6.2800,3.3409,-0.0588,-0.0588
8.4536,pi,6.2800,3.3261,-0.0591,-0.0591
8.4581,pi,6.2800,3.3004,-0.0596,-0.0596
8.4630,pi,6.2800,3.3257,-0.0591,-0.0591
8.4683,pi,6.2800,3.3463,-0.0587,-0.0587
8.4730,pi,6.2800,3.3304,-0.0590,-0.0590
8.4779,pi,6.2800,3.3497,-0.0586,-0.0586
8.4841,pi,6.2800,3.3184,-0.0592,-0.0592
8.4909,pi,6.2800,3.3397,-0.0588,-0.0588
8.4962,pi,6.2800,3.3435,-0.0587,-0.0587
8.5014,pi,6.2800,3.3318,-0.0590,-0.0590
8.5074,pi,6.2800,3.3186,-0.0592,-0.0592
8.5149,pi,6.2800,3.3446,-0.0587,-0.0587
8.5220,pi,6.2800,3.3317,-0.0590,-0.0590
8.5280,pi,6.2800,3.3469,-0.0587,-0.0587
8.5336,pi,6.2800,3.3350,-0.0589,-0.0589
8.5406,pi,6.2800,3.3214,-0.0592,-0.0592
8.5460,pi,6.2800,3.2960,-0.0597,-0.0597
8.5521,pi,6.2800,3.3327,-0.0589,-0.0589
8.5580,pi,6.2800,3.3281,-0.0590,-0.0590
8.5631,pi,6.2800,3.3121,-0.0594,-0.0594
8.5688,pi,6.2800,3.3512,-0.0586,-0.0586
8.5756,pi,6.2800,3.3656,-0.0583,-0.0583
8.5819,pi,6.2800,3.3767,-0.0581,-0.0581
8.5868,pi,6.2800,3.3843,-0.0579,-0.0579
8.5923,pi,6.2800,3.3976,-0.0576,-0.0576
8.5989,pi,6.2800,3.4032,-0.0575,-0.0575
8.6037,pi,6.2800,3.4079,-0.0574,-0.0574
8.6085,pi,6.2800,3.3431,-0.0587,-0.0587
8.6145,pi,6.2800,3.3325,-0.0589,-0.0589
8.6198,pi,6.2800,3.3506,-0.0586,-0.0586
8.6279,pi,6.2800,3.3679,-0.0582,-0.0582
8.6346,pi,6.2800,3.3351,-0.0589,-0.0589
8.6401,pi,6.2800,3.3123,-0.0594,-0.0594
8.6454,pi,6.2800,3.2885,-0.0598,-0.0598
8.6506,pi,6.2800,3.3258,-0.0591,-0.0591
8.6577,pi,6.2800,3.3265,-0.0591,-0.0591
8.6634,pi,6.2800,3.3770,-0.0581,-0.0581
8.6685,pi,6.2800,3.3869,-0.0579,-0.0579
8.6765,pi,6.2800,3.3501,-0.0586,-0.0586
8.6839,pi,6.2800,3.3750,-0.0581,-0.0581
8.6894,pi,6.2800,3.3703,-0.0582,-0.0582
8.6962,pi,6.2800,3.4002,-0.0576,-0.0576
8.7017,pi,6.2800,3.3513,-0.0586,-0.0586
8.7071,pi,6.2800,3.3364,-0.0589,-0.0589
8.7145,pi,6.2800,3.3120,-0.0594,-0.0594
8.7210,pi,6.2800,3.3399,-0.0588,-0.0588
8.7264,pi,6.2800,3.3560,-0.0585,-0.0585
8.7315,pi,6.2800,3.3656,-0.0583,-0.0583
8.7360,pi,6.2800,3.3454,-0.0587,-0.0587
8.7409,pi,6.2800,3.3615,-0.0584,-0.0584
8.7450,pi,6.2800,3.3711,-0.0582,-0.0582
8.7492,pi,6.2800,3.3636,-0.0583,-0.0583
8.7534,pi,6.2800,3.3824,-0.0580,-0.0580
8.7574,pi,6.2800,3.3915,-0.0578,-0.0578
8.7613,pi,6.2800,3.3851,-0.0579,-0.0579
8.7654,pi,6.2800,3.3949,-0.0577,-0.0577
8.7694,pi,6.2800,3.3715,-0.0582,-0.0582
8.7734,pi,6.2800,3.3545,-0.0585,-0.0585
8.7775,pi,6.2800,3.3871,-0.0579,-0.0579
8.7814,pi,6.2800,3.3966,-0.0577,-0.0577
8.7855,pi,6.2800,3.3764,-0.0581,-0.0581
8.7895,pi,6.2800,3.3870,-0.0579,-0.0579
8.7936,pi,6.2800,3.3661,-0.0583,-0.0583
8.7977,pi,6.2800,3.3429,-0.0587,-0.0587
8.8018,pi,6.2800,3.3278,-0.0590,-0.0590
8.8058,pi,6.2800,3.3477,-0.0586,-0.0586
8.8099,pi,6.2800,3.3315,-0.0590,-0.0590
8.8139,pi,6.2800,3.3052,-0.0595,-0.0595
8.8180,pi,6.2800,3.3301,-0.0590,-0.0590
8.8220,pi,6.2800,3.3173,-0.0593,-0.0593
8.8259,pi,6.2800,3.3070,-0.0595,-0.0595
8.8300,pi,6.2800,3.2482,-0.0606,-0.0606
8.8340,pi,6.2800,3.2383,-0.0608,-0.0608
8.8383,pi,6.2800,3.2440,-0.0607,-0.0607
8.8431,pi,6.2800,3.2988,-0.0596,-0.0596
8.8480,pi,6.2800,3.2924,-0.0598,-0.0598
8.8530,pi,6.2800,3.2738,-0.0601,-0.0601
8.8579,pi,6.2800,3.3049,-0.0595,-0.0595
8.8629,pi,6.2800,3.2972,-0.0597,-0.0597
8.8679,pi,6.2800,3.2776,-0.0600,-0.0600
8.8729,pi,6.2800,3.3078,-0.0594,-0.0594
8.8780,pi,6.2800,3.3320,-0.0590,-0.0590
8.8830,pi,6.2800,3.3190,-0.0592,-0.0592
8.8880,pi,6.2800,3.3588,-0.0584,-0.0584
8.8929,pi,6.2800,3.3726,-0.0581,-0.0581
8.8980,pi,6.2800,3.4017,-0.0576,-0.0576
8.9029,pi,6.2800,3.4070,-0.0575,-0.0575
8.9080,pi,6.2800,3.3791,-0.0580,-0.0580
8.9129,pi,6.2800,3.3566,-0.0585,-0.0585
8.9180,pi,6.2800,3.3889,-0.0578,-0.0578
8.9229,pi,6.2800,3.3643,-0.0583,-0.0583
8.9279,pi,6.2800,3.3770,-0.0581,-0.0581
8.9329,pi,6.2800,3.3871,-0.0579,-0.0579
8.9379,pi,6.2800,3.3952,-0.0577,-0.0577
8.9429,pi,6.2800,3.4020,-0.0576,-0.0576
8.9479,pi,6.2800,3.4071,-0.0575,-0.0575
8.9530,pi,6.2800,3.3789,-0.0580,-0.0580
8.9579,pi,6.2800,3.3886,-0.0578,-0.0578
8.9629,pi,6.2800,3.3963,-0.0577,-0.0577
8.9680,pi,6.2800,3.3705,-0.0582,-0.0582
8.9729,pi,6.2800,3.3361,-0.0589,-0.0589
8.9780,pi,6.2800,3.2717,-0.0602,-0.0602
8.9829,pi,6.2800,3.2571,-0.0605,-0.0605
8.9880,pi,6.2800,3.2456,-0.0607,-0.0607
8.9929,pi,6.2800,3.2820,-0.0600,-0.0600
8.9979,pi,6.2800,3.2791,-0.0600,-0.0600
9.0030,pi,6.2800,3.2767,-0.0601,-0.0601
9.0079,pi,6.2800,3.2748,-0.0601,-0.0601
9.0129,pi,6.2800,3.2730,-0.0601,-0.0601
9.0180,pi,6.2800,3.2717,-0.0602,-0.0602
9.0229,pi,6.2800,3.3210,-0.0592,-0.0592
9.0279,pi,6.2800,3.3423,-0.0588,-0.0588
9.0334,pi,6.2800,3.3594,-0.0584,-0.0584
9.0382,pi,6.2800,3.3910,-0.0578,-0.0578
9.0429,pi,6.2800,3.3659,-0.0583,-0.0583
9.0483,pi,6.2800,3.3462,-0.0587,-0.0587
9.0557,pi,6.2800,3.3781,-0.0580,-0.0580
9.0603,pi,6.2800,3.3563,-0.0585,-0.0585
9.0649,pi,6.2800,3.3383,-0.0588,-0.0588
9.0697,pi,6.2800,3.3739,-0.0581,-0.0581
9.0739,pi,6.2800,3.3526,-0.0585,-0.0585
9.0780,pi,6.2800,3.3350,-0.0589,-0.0589
9.0830,pi,6.2800,3.3214,-0.0592,-0.0592
9.0879,pi,6.2800,3.3424,-0.0588,-0.0588
9.0929,pi,6.2800,3.3139,-0.0593,-0.0593
9.0980,pi,6.2800,3.3044,-0.0595,-0.0595
9.1029,pi,6.2800,3.3287,-0.0590,-0.0590
9.1081,pi,6.2800,3.3062,-0.0595,-0.0595
9.1131,pi,6.2800,3.2848,-0.0599,-0.0599
9.1180,pi,6.2800,3.3134,-0.0593,-0.0593
9.1230,pi,6.2800,3.2910,-0.0598,-0.0598
9.1282,pi,6.2800,3.2846,-0.0599,-0.0599
9.1333,pi,6.2800,3.3303,-0.0590,-0.0590
9.1383,pi,6.2800,3.3174,-0.0593,-0.0593
9.1430,pi,6.2800,3.3071,-0.0595,-0.0595
9.1481,pi,6.2800,3.3310,-0.0590,-0.0590
9.1530,pi,6.2800,3.3501,-0.0586,-0.0586
9.1581,pi,6.2800,3.3330,-0.0589,-0.0589
9.1649,pi,6.2800,3.3697,-0.0582,-0.0582
9.1698,pi,6.2800,3.3487,-0.0586,-0.0586
9.1747,pi,6.2800,3.3321,-0.0590,-0.0590
9.1792,pi,6.2800,3.3511,-0.0586,-0.0586
9.1832,pi,6.2800,3.3679,-0.0582,-0.0582
9.1879,pi,6.2800,3.3342,-0.0589,-0.0589
9.1934,pi,6.2800,3.3530,-0.0585,-0.0585
9.1991,pi,6.2800,3.3348,-0.0589,-0.0589
9.2032,pi,6.2800,3.3211,-0.0592,-0.0592
9.2079,pi,6.2800,3.3422,-0.0588,-0.0588
9.2129,pi,6.2800,3.3597,-0.0584,-0.0584
9.2179,pi,6.2800,3.3282,-0.0590,-0.0590
9.2229,pi,6.2800,3.3488,-0.0586,-0.0586
9.2279,pi,6.2800,3.3650,-0.0583,-0.0583
9.2329,pi,6.2800,3.3320,-0.0590,-0.0590
9.2379,pi,6.2800,3.3513,-0.0586,-0.0586
9.2430,pi,6.2800,3.3669,-0.0583,-0.0583
9.2482,pi,6.2800,3.3326,-0.0589,-0.0589
9.2536,pi,6.2800,3.3694,-0.0582,-0.0582
9.2582,pi,6.2800,3.3491,-0.0586,-0.0586
9.2631,pi,6.2800,3.3324,-0.0590,-0.0590
9.2683,pi,6.2800,3.3692,-0.0582,-0.0582
9.2733,pi,6.2800,3.3481,-0.0586,-0.0586
9.2788,pi,6.2800,3.3314,-0.0590,-0.0590
9.2834,pi,6.2800,3.3681,-0.0582,-0.0582
9.2882,pi,6.2800,3.3471,-0.0587,-0.0587
9.2936,pi,6.2800,3.3303,-0.0590,-0.0590
9.2982,pi,6.2800,3.3490,-0.0586,-0.0586
9.3036,pi,6.2800,3.3647,-0.0583,-0.0583
9.3083,pi,6.2800,3.3450,-0.0587,-0.0587
9.3136,pi,6.2800,3.3795,-0.0580,-0.0580
9.3183,pi,6.2800,3.3569,-0.0585,-0.0585
9.3237,pi,6.2800,3.3389,-0.0588,-0.0588
9.3284,pi,6.2800,3.3567,-0.0585,-0.0585
9.3336,pi,6.2800,3.3709,-0.0582,-0.0582
9.3381,pi,6.2800,3.3498,-0.0586,-0.0586
9.3442,pi,6.2800,3.3328,-0.0589,-0.0589
9.3481,pi,6.2800,3.3519,-0.0586,-0.0586
9.3529,pi,6.2800,3.3217,-0.0592,-0.0592
9.3579,pi,6.2800,3.3435,-0.0587,-0.0587
9.3629,pi,6.2800,3.3609,-0.0584,-0.0584
9.3679,pi,6.2800,3.3289,-0.0590,-0.0590
9.3730,pi,6.2800,3.3031,-0.0595,-0.0595
9.3780,pi,6.2800,3.3286,-0.0590,-0.0590
9.3829,pi,6.2800,3.3029,-0.0595,-0.0595
9.3879,pi,6.2800,3.2826,-0.0599,-0.0599
9.3931,pi,6.2800,3.3123,-0.0594,-0.0594
9.3982,pi,6.2800,3.3032,-0.0595,-0.0595
9.4030,pi,6.2800,3.2958,-0.0597,-0.0597
9.4079,pi,6.2800,3.2900,-0.0598,-0.0598
9.4129,pi,6.2800,3.2853,-0.0599,-0.0599
9.4182,pi,6.2800,3.2811,-0.0600,-0.0600
9.4229,pi,6.2800,3.3285,-0.0590,-0.0590
9.4278,pi,6.2800,3.3485,-0.0586,-0.0586
9.4332,pi,6.2800,3.3317,-0.0590,-0.0590
9.4380,pi,6.2800,3.3687,-0.0582,-0.0582
9.4429,pi,6.2800,3.3803,-0.0580,-0.0580
9.4480,pi,6.2800,3.3441,-0.0587,-0.0587
9.4533,pi,6.2800,3.3790,-0.0580,-0.0580
9.4579,pi,6.2800,3.3564,-0.0585,-0.0585
9.4629,pi,6.2800,3.3249,-0.0591,-0.0591
9.4679,pi,6.2800,3.2997,-0.0596,-0.0596
9.4730,pi,6.2800,3.3256,-0.0591,-0.0591
9.4779,pi,6.2800,3.3136,-0.0593,-0.0593
9.4829,pi,6.2800,3.2906,-0.0598,-0.0598
9.4879,pi,6.2800,3.3183,-0.0592,-0.0592
9.4932,pi,6.2800,3.3079,-0.0594,-0.0594
9.4983,pi,6.2800,3.2995,-0.0596,-0.0596
9.5030,pi,6.2800,3.3249,-0.0591,-0.0591
9.5079,pi,6.2800,3.3000,-0.0596,-0.0596
9.5129,pi,6.2800,3.3257,-0.0591,-0.0591
9.5179,pi,6.2800,3.3642,-0.0583,-0.0583
9.5229,pi,6.2800,3.3769,-0.0581,-0.0581
9.5279,pi,6.2800,3.3870,-0.0579,-0.0579
9.5329,pi,6.2800,3.3953,-0.0577,-0.0577
9.5380,pi,6.2800,3.4017,-0.0576,-0.0576
9.5430,pi,6.2800,3.4249,-0.0571,-0.0571
9.5479,pi,6.2800,3.4255,-0.0571,-0.0571
9.5530,pi,6.2800,3.4261,-0.0571,-0.0571
9.5580,pi,6.2800,3.3943,-0.0577,-0.0577
9.5629,pi,6.2800,3.3687,-0.0582,-0.0582
9.5679,pi,6.2800,3.3347,-0.0589,-0.0589
9.5730,pi,6.2800,3.3212,-0.0592,-0.0592
9.5782,pi,6.2800,3.3100,-0.0594,-0.0594
9.5830,pi,6.2800,3.3012,-0.0596,-0.0596
9.5878,pi,6.2800,3.2944,-0.0597,-0.0597
9.5931,pi,6.2800,3.3209,-0.0592,-0.0592
9.5979,pi,6.2800,3.3101,-0.0594,-0.0594
9.6029,pi,6.2800,3.3015,-0.0596,-0.0596
9.6079,pi,6.2800,3.2810,-0.0600,-0.0600
9.6129,pi,6.2800,3.3103,-0.0594,-0.0594
9.6180,pi,6.2800,3.3015,-0.0596,-0.0596
9.6229,pi,6.2800,3.3265,-0.0591,-0.0591
9.6279,pi,6.2800,3.3467,-0.0587,-0.0587
9.6329,pi,6.2800,3.3174,-0.0593,-0.0593
9.6379,pi,6.2800,3.2937,-0.0597,-0.0597
9.6429,pi,6.2800,3.3205,-0.0592,-0.0592
9.6479,pi,6.2800,3.2961,-0.0597,-0.0597
9.6529,pi,6.2800,3.2767,-0.0601,-0.0601
9.6579,pi,6.2800,3.3069,-0.0595,-0.0595
9.6629,pi,6.2800,3.2989,-0.0596,-0.0596
9.6679,pi,6.2800,3.2788,-0.0600,-0.0600
9.6728,pi,6.2800,3.3086,-0.0594,-0.0594
9.6779,pi,6.2800,3.3003,-0.0596,-0.0596
9.6829,pi,6.2800,3.2801,-0.0600,-0.0600
9.6879,pi,6.2800,3.3095,-0.0594,-0.0594
9.6931,pi,6.2800,3.3010,-0.0596,-0.0596
9.6984,pi,6.2800,3.3444,-0.0587,-0.0587
9.7031,pi,6.2800,3.3787,-0.0580,-0.0580
9.7084,pi,6.2800,3.3558,-0.0585,-0.0585
9.7131,pi,6.2800,3.3879,-0.0578,-0.0578
9.7181,pi,6.2800,3.4137,-0.0573,-0.0573
9.7233,pi,6.2800,3.3834,-0.0579,-0.0579
9.7284,pi,6.2800,3.3601,-0.0584,-0.0584
9.7335,pi,6.2800,3.3914,-0.0578,-0.0578
9.7381,pi,6.2800,3.3662,-0.0583,-0.0583
9.7432,pi,6.2800,3.3460,-0.0587,-0.0587
9.7482,pi,6.2800,3.3301,-0.0590,-0.0590
9.7531,pi,6.2800,3.3038,-0.0595,-0.0595
9.7579,pi,6.2800,3.2835,-0.0599,-0.0599
9.7629,pi,6.2800,3.2670,-0.0603,-0.0603
9.7680,pi,6.2800,3.2666,-0.0603,-0.0603
9.7729,pi,6.2800,3.2534,-0.0605,-0.0605
9.7780,pi,6.2800,3.2560,-0.0605,-0.0605
9.7829,pi,6.2800,3.2902,-0.0598,-0.0598
9.7879,pi,6.2800,3.2721,-0.0602,-0.0602
9.7929,pi,6.2800,3.2577,-0.0604,-0.0604
9.7979,pi,6.2800,3.2920,-0.0598,-0.0598
9.8029,pi,6.2800,3.2737,-0.0601,-0.0601
9.8080,pi,6.2800,3.3226,-0.0591,-0.0591
9.8129,pi,6.2800,3.3617,-0.0584,-0.0584
9.8179,pi,6.2800,3.3747,-0.0581,-0.0581
9.8229,pi,6.2800,3.3859,-0.0579,-0.0579
9.8280,pi,6.2800,3.3940,-0.0577,-0.0577
9.8330,pi,6.2800,3.3686,-0.0582,-0.0582
9.8379,pi,6.2800,3.3804,-0.0580,-0.0580
9.8429,pi,6.2800,3.4080,-0.0574,-0.0574
9.8480,pi,6.2800,3.3797,-0.0580,-0.0580
9.8529,pi,6.2800,3.3434,-0.0587,-0.0587
9.8579,pi,6.2800,3.3602,-0.0584,-0.0584
9.8632,pi,6.2800,3.3414,-0.0588,-0.0588
9.8686,pi,6.2800,3.3264,-0.0591,-0.0591
9.8731,pi,6.2800,3.3143,-0.0593,-0.0593
9.8778,pi,6.2800,3.2911,-0.0598,-0.0598
9.8829,pi,6.2800,3.2729,-0.0601,-0.0601
9.8878,pi,6.2800,3.3039,-0.0595,-0.0595
9.8930,pi,6.2800,3.2829,-0.0599,-0.0599
9.8982,pi,6.2800,3.2796,-0.0600,-0.0600
9.9029,pi,6.2800,3.3271,-0.0591,-0.0591
9.9079,pi,6.2800,3.3151,-0.0593,-0.0593
9.9129,pi,6.2800,3.2919,-0.0598,-0.0598
9.9179,pi,6.2800,3.3193,-0.0592,-0.0592
9.9229,pi,6.2800,3.3411,-0.0588,-0.0588
9.9280,pi,6.2800,3.3128,-0.0593,-0.0593
9.9329,pi,6.2800,3.3358,-0.0589,-0.0589
9.9379,pi,6.2800,3.3220,-0.0592,-0.0592
9.9429,pi,6.2800,3.3110,-0.0594,-0.0594
9.9479,pi,6.2800,3.3342,-0.0589,-0.0589
9.9529,pi,6.2800,3.3532,-0.0585,-0.0585
9.9579,pi,6.2800,3.3224,-0.0592,-0.0592
9.9629,pi,6.2800,3.3614,-0.0584,-0.0584
9.9679,pi,6.2800,3.3426,-0.0587,-0.0587
9.9729,pi,6.2800,3.3139,-0.0593,-0.0593
9.9779,pi,6.2800,3.3367,-0.0589,-0.0589
9.9829,pi,6.2800,3.3227,-0.0591,-0.0591
9.9879,pi,6.2800,3.3116,-0.0594,-0.0594
9.9929,pi,6.2800,3.3348,-0.0589,-0.0589
9.9979,pi,6.2800,3.3533,-0.0585,-0.0585
10.0029,pi,6.2800,3.3360,-0.0589,-0.0589
10.0079,pi,6.2800,3.3541,-0.0585,-0.0585
10.0129,pi,6.2800,3.3688,-0.0582,-0.0582
10.0179,pi,6.2800,3.3484,-0.0586,-0.0586
10.0229,pi,6.2800,3.3318,-0.0590,-0.0590
10.0279,pi,6.2800,3.3188,-0.0592,-0.0592
10.0328,pi,6.2800,3.2949,-0.0597,-0.0597
10.0379,pi,6.2800,3.3214,-0.0592,-0.0592
10.0430,pi,6.2800,3.3105,-0.0594,-0.0594
10.0479,pi,6.2800,3.3017,-0.0596,-0.0596
10.0529,pi,6.2800,3.3267,-0.0591,-0.0591
10.0579,pi,6.2800,3.3469,-0.0587,-0.0587
10.0629,pi,6.2800,3.3307,-0.0590,-0.0590
10.0678,pi,6.2800,3.3499,-0.0586,-0.0586
10.0729,pi,6.2800,3.3656,-0.0583,-0.0583
10.0779,pi,6.2800,3.3458,-0.0587,-0.0587
10.0829,pi,6.2800,3.3299,-0.0590,-0.0590
10.0879,pi,6.2800,3.3173,-0.0593,-0.0593
10.0929,pi,6.2800,3.3073,-0.0595,-0.0595
10.0978,pi,6.2800,3.2856,-0.0599,-0.0599
10.1029,pi,6.2800,3.3141,-0.0593,-0.0593
10.1079,pi,6.2800,3.3047,-0.0595,-0.0595
10.1128,pi,6.2800,3.3292,-0.0590,-0.0590
10.1179,pi,6.2800,3.3490,-0.0586,-0.0586
10.1229,pi,6.2800,3.3324,-0.0590,-0.0590
10.1278,pi,6.2800,3.3513,-0.0586,-0.0586
10.1330,pi,6.2800,3.3847,-0.0579,-0.0579
10.1382,pi,6.2800,3.3607,-0.0584,-0.0584
10.1430,pi,6.2800,3.3920,-0.0578,-0.0578
10.1479,pi,6.2800,3.4172,-0.0573,-0.0573
10.1530,pi,6.2800,3.3869,-0.0579,-0.0579
10.1580,pi,6.2800,3.3627,-0.0583,-0.0583
10.1629,pi,6.2800,3.3436,-0.0587,-0.0587
10.1679,pi,6.2800,3.3280,-0.0590,-0.0590
10.1729,pi,6.2800,3.3158,-0.0593,-0.0593
10.1779,pi,6.2800,3.3051,-0.0595,-0.0595
10.1829,pi,6.2800,3.2839,-0.0599,-0.0599
10.1879,pi,6.2800,3.2671,-0.0603,-0.0603
10.1929,pi,6.2800,3.2996,-0.0596,-0.0596
10.1979,pi,6.2800,3.2931,-0.0597,-0.0597
10.2029,pi,6.2800,3.2742,-0.0601,-0.0601
10.2080,pi,6.2800,3.3050,-0.0595,-0.0595
10.2130,pi,6.2800,3.2973,-0.0597,-0.0597
10.2179,pi,6.2800,3.2775,-0.0601,-0.0601
10.2229,pi,6.2800,3.3075,-0.0594,-0.0594
10.2279,pi,6.2800,3.3315,-0.0590,-0.0590
10.2329,pi,6.2800,3.3058,-0.0595,-0.0595
10.2379,pi,6.2800,3.2980,-0.0596,-0.0596
10.2429,pi,6.2800,3.2917,-0.0598,-0.0598
10.2479,pi,6.2800,3.2868,-0.0599,-0.0599
10.2529,pi,6.2800,3.2829,-0.0599,-0.0599
10.2579,pi,6.2800,3.2796,-0.0600,-0.0600
10.2631,pi,6.2800,3.2770,-0.0601,-0.0601
10.2682,pi,6.2800,3.3252,-0.0591,-0.0591
10.2729,pi,6.2800,3.3136,-0.0593,-0.0593
10.2778,pi,6.2800,3.2907,-0.0598,-0.0598
10.2829,pi,6.2800,3.3182,-0.0592,-0.0592
10.2879,pi,6.2800,3.3400,-0.0588,-0.0588
10.2929,pi,6.2800,3.3577,-0.0584,-0.0584
10.2979,pi,6.2800,3.3719,-0.0582,-0.0582
10.3029,pi,6.2800,3.3832,-0.0579,-0.0579
10.3079,pi,6.2800,3.3921,-0.0578,-0.0578
10.3129,pi,6.2800,3.3994,-0.0576,-0.0576
10.3179,pi,6.2800,3.4054,-0.0575,-0.0575
10.3229,pi,6.2800,3.3645,-0.0583,-0.0583
10.3279,pi,6.2800,3.3450,-0.0587,-0.0587
10.3329,pi,6.2800,3.3294,-0.0590,-0.0590
10.3379,pi,6.2800,3.3167,-0.0593,-0.0593
10.3431,pi,6.2800,3.3065,-0.0595,-0.0595
10.3479,pi,6.2800,3.2980,-0.0596,-0.0596
10.3529,pi,6.2800,3.2915,-0.0598,-0.0598
10.3579,pi,6.2800,3.2865,-0.0599,-0.0599
10.3629,pi,6.2800,3.2823,-0.0600,-0.0600
10.3679,pi,6.2800,3.2791,-0.0600,-0.0600
10.3729,pi,6.2800,3.3268,-0.0591,-0.0591
10.3779,pi,6.2800,3.3650,-0.0583,-0.0583
10.3830,pi,6.2800,3.3452,-0.0587,-0.0587
10.3879,pi,6.2800,3.3296,-0.0590,-0.0590
10.3928,pi,6.2800,3.3491,-0.0586,-0.0586
10.3979,pi,6.2800,3.3649,-0.0583,-0.0583
10.4029,pi,6.2800,3.3777,-0.0580,-0.0580
10.4079,pi,6.2800,3.3877,-0.0578,-0.0578
10.4130,pi,6.2800,3.3636,-0.0583,-0.0583
10.4179,pi,6.2800,3.3944,-0.0577,-0.0577
10.4228,pi,6.2800,3.4010,-0.0576,-0.0576
10.4279,pi,6.2800,3.3606,-0.0584,-0.0584
10.4329,pi,6.2800,3.3740,-0.0581,-0.0581
10.4383,pi,6.2800,3.4028,-0.0575,-0.0575
10.4431,pi,6.2800,3.3753,-0.0581,-0.0581
10.4482,pi,6.2800,3.4038,-0.0575,-0.0575
10.4532,pi,6.2800,3.3760,-0.0581,-0.0581
10.4579,pi,6.2800,3.3539,-0.0585,-0.0585
10.4628,pi,6.2800,3.3686,-0.0582,-0.0582
10.4680,pi,6.2800,3.3482,-0.0586,-0.0586
10.4729,pi,6.2800,3.3318,-0.0590,-0.0590
10.4780,pi,6.2800,3.3188,-0.0592,-0.0592
10.4828,pi,6.2800,3.3404,-0.0588,-0.0588
10.4879,pi,6.2800,3.3122,-0.0594,-0.0594
10.4929,pi,6.2800,3.2897,-0.0598,-0.0598
10.4981,pi,6.2800,3.2852,-0.0599,-0.0599
10.5036,pi,6.2800,3.2677,-0.0602,-0.0602
10.5093,pi,6.2800,3.2666,-0.0603,-0.0603
10.5133,pi,6.2800,3.2666,-0.0603,-0.0603
10.5179,pi,6.2800,3.2529,-0.0605,-0.0605
10.5229,pi,6.2800,3.2423,-0.0608,-0.0608
10.5278,pi,6.2800,3.2794,-0.0600,-0.0600
10.5329,pi,6.2800,3.2769,-0.0601,-0.0601
10.5379,pi,6.2800,3.2749,-0.0601,-0.0601
10.5428,pi,6.2800,3.3053,-0.0595,-0.0595
10.5479,pi,6.2800,3.3298,-0.0590,-0.0590
10.5529,pi,6.2800,3.3038,-0.0595,-0.0595
10.5579,pi,6.2800,3.3290,-0.0590,-0.0590
10.5629,pi,6.2800,3.3500,-0.0586,-0.0586
10.5679,pi,6.2800,3.3657,-0.0583,-0.0583
10.5729,pi,6.2800,3.3781,-0.0580,-0.0580
10.5780,pi,6.2800,3.3559,-0.0585,-0.0585
10.5829,pi,6.2800,3.3703,-0.0582,-0.0582
10.5879,pi,6.2800,3.3818,-0.0580,-0.0580
10.5929,pi,6.2800,3.3910,-0.0578,-0.0578
10.5979,pi,6.2800,3.3984,-0.0576,-0.0576
10.6029,pi,6.2800,3.4042,-0.0575,-0.0575
10.6080,pi,6.2800,3.4088,-0.0574,-0.0574
10.6129,pi,6.2800,3.3805,-0.0580,-0.0580
10.6179,pi,6.2800,3.3577,-0.0584,-0.0584
10.6228,pi,6.2800,3.3258,-0.0591,-0.0591
10.6279,pi,6.2800,3.3003,-0.0596,-0.0596
10.6330,pi,6.2800,3.2935,-0.0597,-0.0597
10.6379,pi,6.2800,3.2882,-0.0598,-0.0598
10.6429,pi,6.2800,3.2837,-0.0599,-0.0599
10.6479,pi,6.2800,3.2801,-0.0600,-0.0600
10.6530,pi,6.2800,3.2774,-0.0601,-0.0601
10.6581,pi,6.2800,3.2750,-0.0601,-0.0601
10.6632,pi,6.2800,3.3234,-0.0591,-0.0591
10.6679,pi,6.2800,3.3120,-0.0594,-0.0594
10.6729,pi,6.2800,3.3533,-0.0585,-0.0585
10.6778,pi,6.2800,3.3680,-0.0582,-0.0582
10.6830,pi,6.2800,3.3468,-0.0587,-0.0587
10.6879,pi,6.2800,3.3309,-0.0590,-0.0590
10.6930,pi,6.2800,3.3679,-0.0582,-0.0582
10.6978,pi,6.2800,3.3798,-0.0580,-0.0580
10.7029,pi,6.2800,3.3895,-0.0578,-0.0578
10.7079,pi,6.2800,3.3973,-0.0577,-0.0577
10.7129,pi,6.2800,3.4494,-0.0566,-0.0566
10.7179,pi,6.2800,3.4453,-0.0567,-0.0567
10.7229,pi,6.2800,3.4419,-0.0568,-0.0568
10.7279,pi,6.2800,3.3932,-0.0577,-0.0577
10.7328,pi,6.2800,3.4002,-0.0576,-0.0576
10.7379,pi,6.2800,3.4065,-0.0575,-0.0575
10.7429,pi,6.2800,3.4109,-0.0574,-0.0574
10.7479,pi,6.2800,3.4324,-0.0570,-0.0570
10.7529,pi,6.2800,3.3990,-0.0576,-0.0576
10.7579,pi,6.2800,3.3725,-0.0582,-0.0582
10.7629,pi,6.2800,3.3513,-0.0586,-0.0586
10.7679,pi,6.2800,3.3341,-0.0589,-0.0589
10.7729,pi,6.2800,3.3206,-0.0592,-0.0592
10.7779,pi,6.2800,3.3098,-0.0594,-0.0594
10.7829,pi,6.2800,3.3011,-0.0596,-0.0596
10.7880,pi,6.2800,3.2941,-0.0597,-0.0597
10.7930,pi,6.2800,3.3387,-0.0588,-0.0588
10.7979,pi,6.2800,3.3563,-0.0585,-0.0585
10.8030,pi,6.2800,3.3249,-0.0591,-0.0591
10.8079,pi,6.2800,3.3456,-0.0587,-0.0587
10.8130,pi,6.2800,3.3298,-0.0590,-0.0590
10.8180,pi,6.2800,3.3173,-0.0593,-0.0593
10.8229,pi,6.2800,3.3394,-0.0588,-0.0588
10.8279,pi,6.2800,3.3570,-0.0585,-0.0585
10.8330,pi,6.2800,3.3711,-0.0582,-0.0582
10.8379,pi,6.2800,3.3367,-0.0589,-0.0589
10.8429,pi,6.2800,3.3549,-0.0585,-0.0585
10.8480,pi,6.2800,3.3373,-0.0589,-0.0589
10.8529,pi,6.2800,3.3231,-0.0591,-0.0591
10.8579,pi,6.2800,3.3117,-0.0594,-0.0594
10.8629,pi,6.2800,3.2890,-0.0598,-0.0598
10.8679,pi,6.2800,3.3167,-0.0593,-0.0593
10.8729,pi,6.2800,3.3068,-0.0595,-0.0595
10.8779,pi,6.2800,3.2989,-0.0596,-0.0596
10.8828,pi,6.2800,3.3246,-0.0591,-0.0591
10.8879,pi,6.2800,3.3451,-0.0587,-0.0587
10.8929,pi,6.2800,3.3616,-0.0584,-0.0584
10.8979,pi,6.2800,3.3748,-0.0581,-0.0581
10.9029,pi,6.2800,3.3853,-0.0579,-0.0579
10.9080,pi,6.2800,3.3938,-0.0577,-0.0577
10.9129,pi,6.2800,3.4188,-0.0572,-0.0572
10.9179,pi,6.2800,3.3884,-0.0578,-0.0578
10.9230,pi,6.2800,3.3641,-0.0583,-0.0583
10.9279,pi,6.2800,3.3447,-0.0587,-0.0587
10.9330,pi,6.2800,3.3291,-0.0590,-0.0590
10.9383,pi,6.2800,3.3163,-0.0593,-0.0593
10.9431,pi,6.2800,3.3059,-0.0595,-0.0595
10.9486,pi,6.2800,3.2979,-0.0596,-0.0596
10.9531,pi,6.2800,3.2915,-0.0598,-0.0598
10.9579,pi,6.2800,3.2864,-0.0599,-0.0599
10.9628,pi,6.2800,3.3146,-0.0593,-0.0593
10.9680,pi,6.2800,3.2914,-0.0598,-0.0598
10.9729,pi,6.2800,3.2864,-0.0599,-0.0599
10.9780,pi,6.2800,3.3328,-0.0589,-0.0589
10.9830,pi,6.2800,3.3194,-0.0592,-0.0592
10.9879,pi,6.2800,3.2953,-0.0597,-0.0597
10.9929,pi,6.2800,3.3221,-0.0592,-0.0592
10.9980,pi,6.2800,3.3437,-0.0587,-0.0587
11.0029,pi,6.2800,3.3147,-0.0593,-0.0593
11.0079,pi,6.2800,3.3374,-0.0589,-0.0589
11.0129,pi,6.2800,3.3231,-0.0591,-0.0591
11.0179,pi,6.2800,3.3437,-0.0587,-0.0587
11.0229,pi,6.2800,3.3604,-0.0584,-0.0584
11.0279,pi,6.2800,3.3738,-0.0581,-0.0581
11.0329,pi,6.2800,3.3846,-0.0579,-0.0579
11.0379,pi,6.2800,3.3934,-0.0577,-0.0577
11.0430,pi,6.2800,3.3680,-0.0582,-0.0582
11.0479,pi,6.2800,3.3980,-0.0576,-0.0576
11.0529,pi,6.2800,3.4038,-0.0575,-0.0575
11.0580,pi,6.2800,3.4087,-0.0574,-0.0574
11.0629,pi,6.2800,3.4125,-0.0573,-0.0573
11.0679,pi,6.2800,3.3834,-0.0579,-0.0579
11.0731,pi,6.2800,3.3601,-0.0584,-0.0584
11.0779,pi,6.2800,3.3279,-0.0590,-0.0590
11.0829,pi,6.2800,3.3158,-0.0593,-0.0593
11.0879,pi,6.2800,3.3059,-0.0595,-0.0595
11.0929,pi,6.2800,3.2844,-0.0599,-0.0599
11.0979,pi,6.2800,3.2808,-0.0600,-0.0600
11.1031,pi,6.2800,3.2777,-0.0600,-0.0600
11.1082,pi,6.2800,3.2753,-0.0601,-0.0601
11.1131,pi,6.2800,3.2735,-0.0601,-0.0601
11.1179,pi,6.2800,3.2721,-0.0602,-0.0602
11.1229,pi,6.2800,3.2574,-0.0605,-0.0605
11.1279,pi,6.2800,3.3095,-0.0594,-0.0594
11.1331,pi,6.2800,3.3007,-0.0596,-0.0596
11.1382,pi,6.2800,3.2936,-0.0597,-0.0597
11.1432,pi,6.2800,3.3381,-0.0588,-0.0588
11.1479,pi,6.2800,3.3239,-0.0591,-0.0591
11.1529,pi,6.2800,3.2989,-0.0596,-0.0596
11.1578,pi,6.2800,3.3248,-0.0591,-0.0591
11.1629,pi,6.2800,3.3455,-0.0587,-0.0587
11.1682,pi,6.2800,3.3801,-0.0580,-0.0580
11.1732,pi,6.2800,3.4075,-0.0574,-0.0574
11.1779,pi,6.2800,3.4114,-0.0574,-0.0574
11.1829,pi,6.2800,3.4147,-0.0573,-0.0573
11.1879,pi,6.2800,3.4176,-0.0572,-0.0572
11.1929,pi,6.2800,3.4200,-0.0572,-0.0572
11.1979,pi,6.2800,3.4217,-0.0572,-0.0572
11.2029,pi,6.2800,3.4230,-0.0571,-0.0571
11.2079,pi,6.2800,3.4240,-0.0571,-0.0571
11.2130,pi,6.2800,3.3920,-0.0578,-0.0578
11.2180,pi,6.2800,3.3669,-0.0583,-0.0583
11.2229,pi,6.2800,3.3334,-0.0589,-0.0589
11.2279,pi,6.2800,3.3067,-0.0595,-0.0595
11.2329,pi,6.2800,3.3310,-0.0590,-0.0590
11.2379,pi,6.2800,3.3182,-0.0592,-0.0592
11.2430,pi,6.2800,3.3079,-0.0594,-0.0594
11.2479,pi,6.2800,3.3318,-0.0590,-0.0590
11.2530,pi,6.2800,3.3187,-0.0592,-0.0592
11.2579,pi,6.2800,3.3081,-0.0594,-0.0594
11.2629,pi,6.2800,3.3318,-0.0590,-0.0590
11.2679,pi,6.2800,3.3513,-0.0586,-0.0586
11.2729,pi,6.2800,3.3209,-0.0592,-0.0592
11.2779,pi,6.2800,3.3423,-0.0588,-0.0588
11.2829,pi,6.2800,3.3272,-0.0591,-0.0591
11.2879,pi,6.2800,3.3151,-0.0593,-0.0593
11.2929,pi,6.2800,3.3375,-0.0588,-0.0588
11.2979,pi,6.2800,3.3234,-0.0591,-0.0591
11.3029,pi,6.2800,3.2984,-0.0596,-0.0596
11.3079,pi,6.2800,3.3242,-0.0591,-0.0591
11.3129,pi,6.2800,3.3128,-0.0593,-0.0593
11.3179,pi,6.2800,3.3036,-0.0595,-0.0595
11.3229,pi,6.2800,3.3282,-0.0590,-0.0590
11.3279,pi,6.2800,3.3159,-0.0593,-0.0593
11.3329,pi,6.2800,3.3564,-0.0585,-0.0585
11.3378,pi,6.2800,3.3705,-0.0582,-0.0582
11.3431,pi,6.2800,3.3496,-0.0586,-0.0586
11.3479,pi,6.2800,3.3833,-0.0579,-0.0579
11.3528,pi,6.2800,3.3921,-0.0578,-0.0578
11.3579,pi,6.2800,3.3993,-0.0576,-0.0576
11.3629,pi,6.2800,3.4231,-0.0571,-0.0571
11.3678,pi,6.2800,3.4239,-0.0571,-0.0571
11.3728,pi,6.2800,3.4247,-0.0571,-0.0571
11.3779,pi,6.2800,3.3795,-0.0580,-0.0580
11.3829,pi,6.2800,3.3891,-0.0578,-0.0578
11.3879,pi,6.2800,3.3512,-0.0586,-0.0586
11.3929,pi,6.2800,3.3205,-0.0592,-0.0592
11.3979,pi,6.2800,3.3421,-0.0588,-0.0588
11.4029,pi,6.2800,3.3271,-0.0591,-0.0591
11.4079,pi,6.2800,3.3145,-0.0593,-0.0593
11.4128,pi,6.2800,3.3369,-0.0589,-0.0589
11.4179,pi,6.2800,3.3093,-0.0594,-0.0594
11.4229,pi,6.2800,3.3008,-0.0596,-0.0596
11.4279,pi,6.2800,3.3261,-0.0591,-0.0591
11.4329,pi,6.2800,3.3464,-0.0587,-0.0587
11.4379,pi,6.2800,3.3302,-0.0590,-0.0590
11.4428,pi,6.2800,3.3496,-0.0586,-0.0586
11.4480,pi,6.2800,3.3653,-0.0583,-0.0583
11.4529,pi,6.2800,3.3456,-0.0587,-0.0587
11.4579,pi,6.2800,3.3161,-0.0593,-0.0593
11.4629,pi,6.2800,3.3063,-0.0595,-0.0595
11.4682,pi,6.2800,3.2978,-0.0596,-0.0596
11.4729,pi,6.2800,3.2915,-0.0598,-0.0598
11.4781,pi,6.2800,3.2865,-0.0599,-0.0599
11.4829,pi,6.2800,3.2823,-0.0600,-0.0600
11.4879,pi,6.2800,3.2656,-0.0603,-0.0603
11.4929,pi,6.2800,3.2659,-0.0603,-0.0603
11.4978,pi,6.2800,3.2661,-0.0603,-0.0603
11.5029,pi,6.2800,3.2525,-0.0605,-0.0605
11.5079,pi,6.2800,3.2876,-0.0598,-0.0598
11.5129,pi,6.2800,3.2834,-0.0599,-0.0599
11.5179,pi,6.2800,3.3121,-0.0594,-0.0594
11.5229,pi,6.2800,3.3357,-0.0589,-0.0589
11.5279,pi,6.2800,3.3542,-0.0585,-0.0585
11.5329,pi,6.2800,3.3690,-0.0582,-0.0582
11.5379,pi,6.2800,3.3809,-0.0580,-0.0580
11.5429,pi,6.2800,3.3902,-0.0578,-0.0578
11.5479,pi,6.2800,3.3976,-0.0576,-0.0576
11.5529,pi,6.2800,3.4036,-0.0575,-0.0575
11.5579,pi,6.2800,3.4084,-0.0574,-0.0574
11.5629,pi,6.2800,3.3664,-0.0583,-0.0583
11.5679,pi,6.2800,3.3787,-0.0580,-0.0580
11.5729,pi,6.2800,3.3427,-0.0587,-0.0587
11.5779,pi,6.2800,3.3598,-0.0584,-0.0584
11.5829,pi,6.2800,3.3409,-0.0588,-0.0588
11.5879,pi,6.2800,3.3261,-0.0591,-0.0591
11.5929,pi,6.2800,3.3645,-0.0583,-0.0583
11.5978,pi,6.2800,3.3771,-0.0581,-0.0581
11.6029,pi,6.2800,3.3546,-0.0585,-0.0585
11.6079,pi,6.2800,3.3237,-0.0591,-0.0591
11.6130,pi,6.2800,3.3621,-0.0584,-0.0584
11.6188,pi,6.2800,3.3428,-0.0587,-0.0587
11.6238,pi,6.2800,3.3263,-0.0591,-0.0591
11.6279,pi,6.2800,3.3145,-0.0593,-0.0593
11.6329,pi,6.2800,3.2913,-0.0598,-0.0598
11.6379,pi,6.2800,3.2730,-0.0601,-0.0601
11.6429,pi,6.2800,3.3039,-0.0595,-0.0595
11.6486,pi,6.2800,3.2962,-0.0597,-0.0597
11.6541,pi,6.2800,3.2765,-0.0601,-0.0601
11.6592,pi,6.2800,3.3246,-0.0591,-0.0591
11.6630,pi,6.2800,3.3450,-0.0587,-0.0587
11.6679,pi,6.2800,3.3166,-0.0593,-0.0593
11.6728,pi,6.2800,3.3391,-0.0588,-0.0588
11.6779,pi,6.2800,3.3579,-0.0584,-0.0584
11.6830,pi,6.2800,3.3397,-0.0588,-0.0588
11.6879,pi,6.2800,3.3251,-0.0591,-0.0591
11.6929,pi,6.2800,3.3134,-0.0593,-0.0593
11.6980,pi,6.2800,3.2902,-0.0598,-0.0598
11.7035,pi,6.2800,3.3358,-0.0589,-0.0589
11.7081,pi,6.2800,3.3220,-0.0592,-0.0592
11.7129,pi,6.2800,3.3110,-0.0594,-0.0594
11.7178,pi,6.2800,3.3342,-0.0589,-0.0589
11.7229,pi,6.2800,3.3207,-0.0592,-0.0592
11.7279,pi,6.2800,3.3100,-0.0594,-0.0594
11.7329,pi,6.2800,3.2877,-0.0598,-0.0598
11.7379,pi,6.2800,3.3156,-0.0593,-0.0593
11.7429,pi,6.2800,3.3381,-0.0588,-0.0588
11.7480,pi,6.2800,3.3101,-0.0594,-0.0594
11.7529,pi,6.2800,3.3336,-0.0589,-0.0589
11.7579,pi,6.2800,3.3069,-0.0595,-0.0595
11.7630,pi,6.2800,3.2984,-0.0596,-0.0596
11.7679,pi,6.2800,3.2921,-0.0598,-0.0598
11.7729,pi,6.2800,3.2871,-0.0599,-0.0599
11.7779,pi,6.2800,3.3332,-0.0589,-0.0589
11.7829,pi,6.2800,3.3702,-0.0582,-0.0582
11.7880,pi,6.2800,3.3494,-0.0586,-0.0586
11.7929,pi,6.2800,3.3831,-0.0579,-0.0579
11.7979,pi,6.2800,3.3917,-0.0578,-0.0578
11.8029,pi,6.2800,3.3988,-0.0576,-0.0576
11.8080,pi,6.2800,3.4226,-0.0571,-0.0571
11.8128,pi,6.2800,3.4234,-0.0571,-0.0571
11.8180,pi,6.2800,3.3921,-0.0578,-0.0578
11.8229,pi,6.2800,3.4173,-0.0573,-0.0573
11.8278,pi,6.2800,3.4192,-0.0572,-0.0572
11.8329,pi,6.2800,3.3752,-0.0581,-0.0581
11.8379,pi,6.2800,3.3536,-0.0585,-0.0585
11.8429,pi,6.2800,3.3362,-0.0589,-0.0589
11.8478,pi,6.2800,3.3088,-0.0594,-0.0594
11.8530,pi,6.2800,3.2868,-0.0599,-0.0599
11.8579,pi,6.2800,3.3150,-0.0593,-0.0593
11.8629,pi,6.2800,3.2918,-0.0598,-0.0598
11.8679,pi,6.2800,3.2733,-0.0601,-0.0601
11.8729,pi,6.2800,3.3042,-0.0595,-0.0595
11.8779,pi,6.2800,3.2831,-0.0599,-0.0599
11.8829,pi,6.2800,3.2663,-0.0603,-0.0603
11.8879,pi,6.2800,3.2986,-0.0596,-0.0596
11.8929,pi,6.2800,3.3245,-0.0591,-0.0591
11.8979,pi,6.2800,3.3452,-0.0587,-0.0587
11.9029,pi,6.2800,3.3799,-0.0580,-0.0580
11.9079,pi,6.2800,3.3893,-0.0578,-0.0578
11.9129,pi,6.2800,3.3970,-0.0577,-0.0577
11.9179,pi,6.2800,3.4213,-0.0572,-0.0572
11.9229,pi,6.2800,3.4224,-0.0572,-0.0572
11.9279,pi,6.2800,3.4235,-0.0571,-0.0571
11.9329,pi,6.2800,3.4243,-0.0571,-0.0571
11.9379,pi,6.2800,3.3928,-0.0577,-0.0577
11.9429,pi,6.2800,3.4178,-0.0572,-0.0572
11.9488,pi,6.2800,3.3870,-0.0579,-0.0579
11.9543,pi,6.2800,3.4123,-0.0574,-0.0574
11.9582,pi,6.2800,3.4153,-0.0573,-0.0573
11.9629,pi,6.2800,3.3856,-0.0579,-0.0579
11.9679,pi,6.2800,3.3483,-0.0586,-0.0586
11.9729,pi,6.2800,3.3642,-0.0583,-0.0583
11.9779,pi,6.2800,3.3447,-0.0587,-0.0587
11.9829,pi,6.2800,3.3155,-0.0593,-0.0593
11.9879,pi,6.2800,3.2920,-0.0598,-0.0598
11.9929,pi,6.2800,3.3191,-0.0592,-0.0592
11.9979,pi,6.2800,3.2951,-0.0597,-0.0597
12.0029,pi,6.2800,3.2763,-0.0601,-0.0601
12.0079,pi,6.2800,3.2743,-0.0601,-0.0601
12.0129,pi,6.2800,3.2592,-0.0604,-0.0604
12.0180,pi,6.2800,3.2472,-0.0607,-0.0607
12.0230,pi,6.2800,3.2509,-0.0606,-0.0606
12.0282,pi,6.2800,3.2538,-0.0605,-0.0605
12.0336,pi,6.2800,3.2559,-0.0605,-0.0605
12.0379,pi,6.2800,3.3077,-0.0594,-0.0594
12.0429,pi,6.2800,3.3314,-0.0590,-0.0590
12.0480,pi,6.2800,3.3686,-0.0582,-0.0582
12.0529,pi,6.2800,3.3983,-0.0576,-0.0576
12.0579,pi,6.2800,3.4039,-0.0575,-0.0575
12.0630,pi,6.2800,3.4087,-0.0574,-0.0574
12.0679,pi,6.2800,3.4304,-0.0570,-0.0570
12.0729,pi,6.2800,3.4296,-0.0570,-0.0570
12.0779,pi,6.2800,3.4294,-0.0570,-0.0570
12.0829,pi,6.2800,3.4294,-0.0570,-0.0570
12.0879,pi,6.2800,3.4294,-0.0570,-0.0570
12.0929,pi,6.2800,3.4301,-0.0570,-0.0570
12.0979,pi,6.2800,3.4294,-0.0570,-0.0570
12.1029,pi,6.2800,3.3838,-0.0579,-0.0579
12.1079,pi,6.2800,3.3469,-0.0587,-0.0587
12.1129,pi,6.2800,3.3308,-0.0590,-0.0590
12.1179,pi,6.2800,3.3044,-0.0595,-0.0595
12.1229,pi,6.2800,3.2833,-0.0599,-0.0599
12.1283,pi,6.2800,3.2797,-0.0600,-0.0600
12.1342,pi,6.2800,3.2768,-0.0601,-0.0601
12.1388,pi,6.2800,3.2748,-0.0601,-0.0601
12.1441,pi,6.2800,3.2731,-0.0601,-0.0601
12.1482,pi,6.2800,3.2717,-0.0602,-0.0602
12.1529,pi,6.2800,3.2706,-0.0602,-0.0602
12.1578,pi,6.2800,3.3201,-0.0592,-0.0592
12.1629,pi,6.2800,3.3415,-0.0588,-0.0588
12.1680,pi,6.2800,3.3588,-0.0584,-0.0584
12.1733,pi,6.2800,3.3905,-0.0578,-0.0578
12.1780,pi,6.2800,3.3658,-0.0583,-0.0583
12.1829,pi,6.2800,3.3782,-0.0580,-0.0580
12.1880,pi,6.2800,3.4062,-0.0575,-0.0575
12.1928,pi,6.2800,3.4105,-0.0574,-0.0574
12.1979,pi,6.2800,3.4140,-0.0573,-0.0573
12.2030,pi,6.2800,3.4349,-0.0569,-0.0569
12.2080,pi,6.2800,3.4008,-0.0576,-0.0576
12.2131,pi,6.2800,3.4240,-0.0571,-0.0571
12.2182,pi,6.2800,3.3908,-0.0578,-0.0578
12.2230,pi,6.2800,3.3525,-0.0586,-0.0586
12.2280,pi,6.2800,3.3677,-0.0582,-0.0582
12.2335,pi,6.2800,3.3472,-0.0587,-0.0587
12.2386,pi,6.2800,3.3310,-0.0590,-0.0590
12.2432,pi,6.2800,3.3683,-0.0582,-0.0582
12.2479,pi,6.2800,3.3479,-0.0586,-0.0586
12.2529,pi,6.2800,3.3179,-0.0592,-0.0592
12.2579,pi,6.2800,3.3399,-0.0588,-0.0588
12.2631,pi,6.2800,3.3577,-0.0584,-0.0584
12.2682,pi,6.2800,3.3715,-0.0582,-0.0582
12.2730,pi,6.2800,3.3836,-0.0579,-0.0579
12.2778,pi,6.2800,3.3927,-0.0577,-0.0577
12.2829,pi,6.2800,3.3541,-0.0585,-0.0585
12.2878,pi,6.2800,3.3693,-0.0582,-0.0582
12.2929,pi,6.2800,3.3814,-0.0580,-0.0580
12.2979,pi,6.2800,3.3451,-0.0587,-0.0587
12.3029,pi,6.2800,3.3617,-0.0584,-0.0584
12.3079,pi,6.2800,3.3428,-0.0587,-0.0587
12.3129,pi,6.2800,3.3139,-0.0593,-0.0593
12.3179,pi,6.2800,3.3368,-0.0589,-0.0589
12.3229,pi,6.2800,3.3095,-0.0594,-0.0594
12.3279,pi,6.2800,3.2878,-0.0598,-0.0598
12.3329,pi,6.2800,3.3158,-0.0593,-0.0593
12.3379,pi,6.2800,3.3060,-0.0595,-0.0595
12.3431,pi,6.2800,3.2845,-0.0599,-0.0599
12.3479,pi,6.2800,3.3312,-0.0590,-0.0590
12.3530,pi,6.2800,3.3183,-0.0592,-0.0592
12.3580,pi,6.2800,3.3078,-0.0594,-0.0594
12.3630,pi,6.2800,3.3497,-0.0586,-0.0586
12.3679,pi,6.2800,3.3329,-0.0589,-0.0589
12.3729,pi,6.2800,3.3196,-0.0592,-0.0592
12.3779,pi,6.2800,3.3590,-0.0584,-0.0584
12.3829,pi,6.2800,3.3407,-0.0588,-0.0588
12.3879,pi,6.2800,3.3761,-0.0581,-0.0581
12.3929,pi,6.2800,3.4044,-0.0575,-0.0575
12.3978,pi,6.2800,3.4088,-0.0574,-0.0574
12.4029,pi,6.2800,3.4126,-0.0573,-0.0573
12.4079,pi,6.2800,3.4155,-0.0573,-0.0573
12.4130,pi,6.2800,3.3849,-0.0579,-0.0579
12.4179,pi,6.2800,3.3935,-0.0577,-0.0577
12.4230,pi,6.2800,3.4178,-0.0572,-0.0572
12.4286,pi,6.2800,3.4195,-0.0572,-0.0572
12.4337,pi,6.2800,3.3873,-0.0579,-0.0579
12.4382,pi,6.2800,3.3631,-0.0583,-0.0583
12.4429,pi,6.2800,3.3433,-0.0587,-0.0587
12.4478,pi,6.2800,3.3146,-0.0593,-0.0593
12.4529,pi,6.2800,3.3372,-0.0589,-0.0589
12.4579,pi,6.2800,3.3232,-0.0591,-0.0591
12.4629,pi,6.2800,3.3438,-0.0587,-0.0587
12.4679,pi,6.2800,3.3614,-0.0584,-0.0584
12.4729,pi,6.2800,3.3287,-0.0590,-0.0590
12.4788,pi,6.2800,3.3666,-0.0583,-0.0583
12.4843,pi,6.2800,3.3786,-0.0580,-0.0580
12.4884,pi,6.2800,3.3894,-0.0578,-0.0578
12.4929,pi,6.2800,3.3974,-0.0577,-0.0577
12.4978,pi,6.2800,3.4041,-0.0575,-0.0575
12.5028,pi,6.2800,3.4089,-0.0574,-0.0574
12.5079,pi,6.2800,3.4125,-0.0573,-0.0573
12.5129,pi,6.2800,3.4155,-0.0573,-0.0573
12.5182,pi,6.2800,3.3856,-0.0579,-0.0579
12.5233,pi,6.2800,3.4122,-0.0574,-0.0574
12.5279,pi,6.2800,3.4153,-0.0573,-0.0573
12.5334,pi,6.2800,3.3723,-0.0582,-0.0582
12.5380,pi,6.2800,3.4015,-0.0576,-0.0576
12.5428,pi,6.2800,3.4067,-0.0575,-0.0575
12.5479,pi,6.2800,3.3787,-0.0580,-0.0580
12.5528,pi,6.2800,3.3884,-0.0578,-0.0578
12.5579,pi,6.2800,3.3963,-0.0577,-0.0577
12.5629,pi,6.2800,3.3702,-0.0582,-0.0582
12.5679,pi,6.2800,3.3816,-0.0580,-0.0580
12.5729,pi,6.2800,3.3909,-0.0578,-0.0578
12.5779,pi,6.2800,3.3660,-0.0583,-0.0583
12.5829,pi,6.2800,3.3325,-0.0589,-0.0589
12.5879,pi,6.2800,3.3516,-0.0586,-0.0586
12.5929,pi,6.2800,3.3346,-0.0589,-0.0589
12.5979,pi,6.2800,3.3211,-0.0592,-0.0592
12.6029,pi,6.2800,3.3102,-0.0594,-0.0594
12.6079,pi,6.2800,3.3015,-0.0596,-0.0596
12.6129,pi,6.2800,3.2808,-0.0600,-0.0600
12.6179,pi,6.2800,3.3102,-0.0594,-0.0594
12.6229,pi,6.2800,3.3015,-0.0596,-0.0596
12.6279,pi,6.2800,3.2942,-0.0597,-0.0597
12.6329,pi,6.2800,3.3207,-0.0592,-0.0592
12.6380,pi,6.2800,3.3100,-0.0594,-0.0594
12.6429,pi,6.2800,3.3014,-0.0596,-0.0596
12.6479,pi,6.2800,3.3266,-0.0591,-0.0591
12.6529,pi,6.2800,3.3146,-0.0593,-0.0593
12.6579,pi,6.2800,3.3553,-0.0585,-0.0585
12.6629,pi,6.2800,3.3697,-0.0582,-0.0582
12.6679,pi,6.2800,3.3492,-0.0586,-0.0586
12.6729,pi,6.2800,3.3327,-0.0589,-0.0589
12.6779,pi,6.2800,3.3517,-0.0586,-0.0586
12.6829,pi,6.2800,3.3347,-0.0589,-0.0589
12.6879,pi,6.2800,3.3532,-0.0585,-0.0585
12.6929,pi,6.2800,3.3680,-0.0582,-0.0582
12.6980,pi,6.2800,3.3478,-0.0586,-0.0586
12.7029,pi,6.2800,3.3637,-0.0583,-0.0583
12.7079,pi,6.2800,3.3765,-0.0581,-0.0581
12.7129,pi,6.2800,3.3545,-0.0585,-0.0585
12.7179,pi,6.2800,3.3690,-0.0582,-0.0582
12.7229,pi,6.2800,3.3807,-0.0580,-0.0580
12.7279,pi,6.2800,3.3580,-0.0584,-0.0584
12.7329,pi,6.2800,3.3718,-0.0582,-0.0582
12.7379,pi,6.2800,3.3509,-0.0586,-0.0586
12.7430,pi,6.2800,3.3338,-0.0589,-0.0589
12.7479,pi,6.2800,3.3706,-0.0582,-0.0582
12.7528,pi,6.2800,3.3820,-0.0580,-0.0580
12.7579,pi,6.2800,3.3590,-0.0584,-0.0584
12.7628,pi,6.2800,3.3726,-0.0581,-0.0581
12.7679,pi,6.2800,3.3837,-0.0579,-0.0579
12.7729,pi,6.2800,3.3603,-0.0584,-0.0584
12.7778,pi,6.2800,3.3737,-0.0581,-0.0581
12.7829,pi,6.2800,3.3845,-0.0579,-0.0579
12.7879,pi,6.2800,3.3473,-0.0587,-0.0587
12.7929,pi,6.2800,3.3634,-0.0583,-0.0583
