t_s,mode,target_rad_s,speed_rad_s,u,u_unsaturated
0.0896,coast,6.2800,0.0000,0.0000,0.0000
0.0914,pi,6.2800,0.0000,-0.1272,-0.1272
0.0958,pi,6.2800,0.0000,-0.1288,-0.1288
0.0998,pi,6.2800,0.0000,-0.1303,-0.1303
0.1041,pi,6.2800,0.0000,-0.1319,-0.1319
0.1079,pi,6.2800,0.0000,-0.1335,-0.1335
0.1122,pi,6.2800,0.0000,-0.1350,-0.1350
0.1161,pi,6.2800,0.0000,-0.1366,-0.1366
0.1203,pi,6.2800,0.1253,-0.1356,-0.1356
0.1247,pi,6.2800,0.2675,-0.1343,-0.1343
0.1288,pi,6.2800,0.4651,-0.1318,-0.1318
0.1326,pi,6.2800,0.7245,-0.1280,-0.1280
0.1365,pi,6.2800,0.9809,-0.1242,-0.1242
0.1403,pi,6.2800,1.2864,-0.1193,-0.1193
0.1442,pi,6.2800,1.5311,-0.1156,-0.1156
0.1479,pi,6.2800,1.8188,-0.1110,-0.1110
0.1518,pi,6.2800,2.1410,-0.1056,-0.1056
0.1559,pi,6.2800,2.4898,-0.0996,-0.0996
0.1597,pi,6.2800,2.9058,-0.0921,-0.0921
0.1641,pi,6.2800,3.2391,-0.0862,-0.0862
0.1691,pi,6.2800,3.5522,-0.0806,-0.0806
0.1740,pi,6.2800,3.8009,-0.0762,-0.0762
0.1792,pi,6.2800,4.0013,-0.0728,-0.0728
0.1841,pi,6.2800,4.2068,-0.0692,-0.0692
0.1890,pi,6.2800,4.3708,-0.0664,-0.0664
0.1940,pi,6.2800,4.5522,-0.0632,-0.0632
0.1989,pi,6.2800,4.6922,-0.0608,-0.0608
0.2042,pi,6.2800,4.8096,-0.0588,-0.0588
0.2090,pi,6.2800,4.8025,-0.0593,-0.0593
0.2139,pi,6.2800,4.8018,-0.0597,-0.0597
0.2190,pi,6.2800,4.7554,-0.0610,-0.0610
0.2240,pi,6.2800,4.7187,-0.0622,-0.0622
0.2290,pi,6.2800,4.6430,-0.0641,-0.0641
0.2340,pi,6.2800,4.5368,-0.0666,-0.0666
0.2395,pi,6.2800,4.4327,-0.0692,-0.0692
0.2441,pi,6.2800,4.3689,-0.0709,-0.0709
0.2491,pi,6.2800,4.2488,-0.0738,-0.0738
0.2541,pi,6.2800,4.1492,-0.0764,-0.0764
0.2591,pi,6.2800,4.0532,-0.0788,-0.0788
0.2640,pi,6.2800,3.9965,-0.0805,-0.0805
0.2690,pi,6.2800,4.0014,-0.0810,-0.0810
0.2739,pi,6.2800,4.0236,-0.0811,-0.0811
0.2790,pi,6.2800,3.9958,-0.0823,-0.0823
0.2840,pi,6.2800,4.0193,-0.0824,-0.0824
0.2890,pi,6.2800,4.0839,-0.0816,-0.0816
0.2940,pi,6.2800,4.1360,-0.0811,-0.0811
0.2990,pi,6.2800,4.1773,-0.0808,-0.0808
0.3040,pi,6.2800,4.2102,-0.0807,-0.0807
0.3090,pi,6.2800,4.2728,-0.0799,-0.0799
0.3140,pi,6.2800,4.2727,-0.0804,-0.0804
0.3190,pi,6.2800,4.2724,-0.0809,-0.0809
0.3240,pi,6.2800,4.2222,-0.0825,-0.0825
0.3290,pi,6.2800,4.2320,-0.0828,-0.0828
0.3340,pi,6.2800,4.2400,-0.0831,-0.0831
0.3390,pi,6.2800,4.1954,-0.0845,-0.0845
0.3440,pi,6.2800,4.1607,-0.0858,-0.0858
0.3490,pi,6.2800,4.1326,-0.0869,-0.0869
0.3540,pi,6.2800,4.1286,-0.0875,-0.0875
0.3591,pi,6.2800,4.1571,-0.0874,-0.0874
0.3650,pi,6.2800,4.1796,-0.0875,-0.0875
0.3703,pi,6.2800,4.1979,-0.0877,-0.0877
0.3743,pi,6.2800,4.2628,-0.0869,-0.0869
0.3789,pi,6.2800,4.3241,-0.0861,-0.0861
0.3839,pi,6.2800,4.3735,-0.0856,-0.0856
0.3889,pi,6.2800,4.4128,-0.0853,-0.0853
0.3940,pi,6.2800,4.4905,-0.0842,-0.0842
0.3990,pi,6.2800,4.5475,-0.0835,-0.0835
0.4041,pi,6.2800,4.5426,-0.0840,-0.0840
0.4090,pi,6.2800,4.5388,-0.0845,-0.0845
0.4139,pi,6.2800,4.5450,-0.0848,-0.0848
0.4189,pi,6.2800,4.5962,-0.0842,-0.0842
0.4241,pi,6.2800,4.6319,-0.0839,-0.0839
0.4291,pi,6.2800,4.6602,-0.0838,-0.0838
0.4340,pi,6.2800,4.6327,-0.0847,-0.0847
0.4390,pi,6.2800,4.6106,-0.0856,-0.0856
0.4440,pi,6.2800,4.5931,-0.0864,-0.0864
0.4489,pi,6.2800,4.5882,-0.0869,-0.0869
0.4540,pi,6.2800,4.5847,-0.0874,-0.0874
0.4590,pi,6.2800,4.6274,-0.0869,-0.0869
0.4640,pi,6.2800,4.6618,-0.0867,-0.0867
0.4690,pi,6.2800,4.6892,-0.0865,-0.0865
0.4740,pi,6.2800,4.6654,-0.0874,-0.0874
0.4790,pi,6.2800,4.6462,-0.0882,-0.0882
0.4840,pi,6.2800,4.6717,-0.0881,-0.0881
0.4890,pi,6.2800,4.6970,-0.0880,-0.0880
0.4940,pi,6.2800,4.7173,-0.0879,-0.0879
0.4990,pi,6.2800,4.7335,-0.0880,-0.0880
0.5040,pi,6.2800,4.7465,-0.0881,-0.0881
0.5090,pi,6.2800,4.7568,-0.0883,-0.0883
0.5141,pi,6.2800,4.7600,-0.0886,-0.0886
0.5190,pi,6.2800,4.7126,-0.0900,-0.0900
0.5240,pi,6.2800,4.7249,-0.0901,-0.0901
0.5290,pi,6.2800,4.7348,-0.0903,-0.0903
0.5339,pi,6.2800,4.7474,-0.0904,-0.0904
0.5390,pi,6.2800,4.7527,-0.0907,-0.0907
0.5440,pi,6.2800,4.7570,-0.0910,-0.0910
0.5490,pi,6.2800,4.7605,-0.0913,-0.0913
0.5540,pi,6.2800,4.7633,-0.0916,-0.0916
0.5590,pi,6.2800,4.7655,-0.0920,-0.0920
0.5640,pi,6.2800,4.7718,-0.0922,-0.0922
0.5690,pi,6.2800,4.7773,-0.0925,-0.0925
0.5740,pi,6.2800,4.8273,-0.0918,-0.0918
0.5790,pi,6.2800,4.8671,-0.0914,-0.0914
0.5841,pi,6.2800,4.8990,-0.0911,-0.0911
0.5889,pi,6.2800,4.9245,-0.0909,-0.0909
0.5940,pi,6.2800,4.9449,-0.0909,-0.0909
0.5989,pi,6.2800,4.9613,-0.0909,-0.0909
0.6040,pi,6.2800,4.9744,-0.0909,-0.0909
0.6090,pi,6.2800,4.9848,-0.0910,-0.0910
0.6141,pi,6.2800,4.9929,-0.0912,-0.0912
0.6191,pi,6.2800,4.9993,-0.0914,-0.0914
0.6240,pi,6.2800,5.0047,-0.0916,-0.0916
0.6290,pi,6.2800,5.0089,-0.0918,-0.0918
0.6340,pi,6.2800,5.0124,-0.0921,-0.0921
0.6390,pi,6.2800,5.0155,-0.0923,-0.0923
0.6440,pi,6.2800,5.0177,-0.0926,-0.0926
0.6492,pi,6.2800,5.0193,-0.0929,-0.0929
0.6541,pi,6.2800,5.0204,-0.0932,-0.0932
0.6592,pi,6.2800,5.0212,-0.0935,-0.0935
0.6646,pi,6.2800,5.0221,-0.0938,-0.0938
0.6691,pi,6.2800,5.0230,-0.0941,-0.0941
0.6741,pi,6.2800,5.0243,-0.0944,-0.0944
0.6794,pi,6.2800,5.0241,-0.0947,-0.0947
0.6845,pi,6.2800,5.0233,-0.0950,-0.0950
0.6894,pi,6.2800,5.0220,-0.0954,-0.0954
0.6940,pi,6.2800,5.0724,-0.0947,-0.0947
0.6989,pi,6.2800,5.1091,-0.0942,-0.0942
0.7040,pi,6.2800,5.1385,-0.0939,-0.0939
0.7090,pi,6.2800,5.1622,-0.0937,-0.0937
0.7142,pi,6.2800,5.1810,-0.0936,-0.0936
0.7191,pi,6.2800,5.1999,-0.0935,-0.0935
0.7240,pi,6.2800,5.2153,-0.0935,-0.0935
0.7290,pi,6.2800,5.2230,-0.0936,-0.0936
0.7340,pi,6.2800,5.2301,-0.0937,-0.0937
0.7390,pi,6.2800,5.2365,-0.0938,-0.0938
0.7440,pi,6.2800,5.2879,-0.0930,-0.0930
0.7491,pi,6.2800,5.2855,-0.0933,-0.0933
0.7541,pi,6.2800,5.2835,-0.0936,-0.0936
0.7591,pi,6.2800,5.2822,-0.0939,-0.0939
0.7639,pi,6.2800,5.2767,-0.0943,-0.0943
0.7690,pi,6.2800,5.2728,-0.0946,-0.0946
0.7740,pi,6.2800,5.2702,-0.0949,-0.0949
0.7790,pi,6.2800,5.2670,-0.0952,-0.0952
0.7840,pi,6.2800,5.2691,-0.0954,-0.0954
0.7890,pi,6.2800,5.2707,-0.0956,-0.0956
0.7940,pi,6.2800,5.2217,-0.0969,-0.0969
0.7990,pi,6.2800,5.1825,-0.0980,-0.0980
0.8040,pi,6.2800,5.1970,-0.0979,-0.0979
0.8090,pi,6.2800,5.2092,-0.0980,-0.0980
0.8140,pi,6.2800,5.2185,-0.0980,-0.0980
0.8190,pi,6.2800,5.2302,-0.0981,-0.0981
0.8239,pi,6.2800,5.2354,-0.0982,-0.0982
0.8290,pi,6.2800,5.2394,-0.0984,-0.0984
0.8340,pi,6.2800,5.2428,-0.0986,-0.0986
0.8390,pi,6.2800,5.2911,-0.0979,-0.0979
0.8440,pi,6.2800,5.3299,-0.0973,-0.0973
0.8490,pi,6.2800,5.3611,-0.0969,-0.0969
0.8540,pi,6.2800,5.3858,-0.0967,-0.0967
0.8590,pi,6.2800,5.3596,-0.0974,-0.0974
0.8644,pi,6.2800,5.3426,-0.0980,-0.0980
0.8692,pi,6.2800,5.3293,-0.0985,-0.0985
0.8746,pi,6.2800,5.3184,-0.0990,-0.0990
0.8790,pi,6.2800,5.3099,-0.0994,-0.0994
0.8839,pi,6.2800,5.3537,-0.0987,-0.0987
0.8889,pi,6.2800,5.3385,-0.0993,-0.0993
0.8940,pi,6.2800,5.3263,-0.0998,-0.0998
0.8990,pi,6.2800,5.3162,-0.1002,-0.1002
0.9040,pi,6.2800,5.3038,-0.1007,-0.1007
0.9090,pi,6.2800,5.3398,-0.1002,-0.1002
0.9140,pi,6.2800,5.3686,-0.0999,-0.0999
0.9190,pi,6.2800,5.3923,-0.0996,-0.0996
0.9240,pi,6.2800,5.4110,-0.0994,-0.0994
0.9291,pi,6.2800,5.4347,-0.0992,-0.0992
0.9340,pi,6.2800,5.4032,-0.1000,-0.1000
0.9389,pi,6.2800,5.4193,-0.0999,-0.0999
0.9440,pi,6.2800,5.4323,-0.0999,-0.0999
0.9490,pi,6.2800,5.4425,-0.0999,-0.0999
0.9541,pi,6.2800,5.4598,-0.0997,-0.0997
0.9590,pi,6.2800,5.4736,-0.0997,-0.0997
0.9639,pi,6.2800,5.4756,-0.0998,-0.0998
0.9690,pi,6.2800,5.4862,-0.0998,-0.0998
0.9740,pi,6.2800,5.4857,-0.1000,-0.1000
0.9790,pi,6.2800,5.4851,-0.1002,-0.1002
0.9840,pi,6.2800,5.5307,-0.0995,-0.0995
0.9890,pi,6.2800,5.5299,-0.0997,-0.0997
0.9940,pi,6.2800,5.5293,-0.0999,-0.0999
0.9990,pi,6.2800,5.5793,-0.0991,-0.0991
1.0040,pi,6.2800,5.6195,-0.0984,-0.0984
1.0090,pi,6.2800,5.6014,-0.0990,-0.0990
1.0140,pi,6.2800,5.5868,-0.0994,-0.0994
1.0190,pi,6.2800,5.5752,-0.0999,-0.0999
1.0240,pi,6.2800,5.5659,-0.1002,-0.1002
1.0290,pi,6.2800,5.6089,-0.0995,-0.0995
1.0339,pi,6.2800,5.6296,-0.0993,-0.0993
1.0390,pi,6.2800,5.6005,-0.1000,-0.1000
1.0440,pi,6.2800,5.5772,-0.1007,-0.1007
1.0490,pi,6.2800,5.6044,-0.1003,-0.1003
1.0540,pi,6.2800,5.5893,-0.1008,-0.1008
1.0589,pi,6.2800,5.5683,-0.1014,-0.1014
1.0640,pi,6.2800,5.5513,-0.1019,-0.1019
1.0690,pi,6.2800,5.5378,-0.1023,-0.1023
1.0740,pi,6.2800,5.5728,-0.1018,-0.1018
1.0790,pi,6.2800,5.6007,-0.1014,-0.1014
1.0840,pi,6.2800,5.5863,-0.1019,-0.1019
1.0890,pi,6.2800,5.5746,-0.1023,-0.1023
1.0940,pi,6.2800,5.6156,-0.1016,-0.1016
1.0990,pi,6.2800,5.5979,-0.1022,-0.1022
1.1042,pi,6.2800,5.5837,-0.1026,-0.1026
1.1090,pi,6.2800,5.5721,-0.1030,-0.1030
1.1139,pi,6.2800,5.5998,-0.1027,-0.1027
1.1190,pi,6.2800,5.6224,-0.1024,-0.1024
1.1240,pi,6.2800,5.6405,-0.1022,-0.1022
1.1291,pi,6.2800,5.6685,-0.1018,-0.1018
1.1339,pi,6.2800,5.6773,-0.1017,-0.1017
1.1390,pi,6.2800,5.6846,-0.1017,-0.1017
1.1440,pi,6.2800,5.6905,-0.1018,-0.1018
1.1490,pi,6.2800,5.6493,-0.1027,-0.1027
1.1540,pi,6.2800,5.6623,-0.1026,-0.1026
1.1590,pi,6.2800,5.6730,-0.1026,-0.1026
1.1640,pi,6.2800,5.6943,-0.1023,-0.1023
1.1691,pi,6.2800,5.7113,-0.1021,-0.1021
1.1740,pi,6.2800,5.7116,-0.1022,-0.1022
1.1790,pi,6.2800,5.7117,-0.1024,-0.1024
1.1840,pi,6.2800,5.7120,-0.1025,-0.1025
1.1891,pi,6.2800,5.7255,-0.1024,-0.1024
1.1942,pi,6.2800,5.7358,-0.1023,-0.1023
1.2001,pi,6.2800,5.7925,-0.1013,-0.1013
1.2051,pi,6.2800,5.7884,-0.1015,-0.1015
1.2098,pi,6.2800,5.7853,-0.1017,-0.1017
1.2159,pi,6.2800,5.7305,-0.1029,-0.1029
1.2227,pi,6.2800,5.7353,-0.1030,-0.1030
1.2278,pi,6.2800,5.7401,-0.1030,-0.1030
1.2338,pi,6.2800,5.7416,-0.1031,-0.1031
1.2394,pi,6.2800,5.6953,-0.1042,-0.1042
1.2451,pi,6.2800,5.7107,-0.1040,-0.1040
1.2511,pi,6.2800,5.7226,-0.1039,-0.1039
1.2584,pi,6.2800,5.6771,-0.1050,-0.1050
1.2646,pi,6.2800,5.6808,-0.1051,-0.1051
1.2700,pi,6.2800,5.6975,-0.1049,-0.1049
1.2760,pi,6.2800,5.6092,-0.1068,-0.1068
1.2811,pi,6.2800,5.5847,-0.1075,-0.1075
1.2856,pi,6.2800,5.5210,-0.1089,-0.1089
1.2927,pi,6.2800,5.4696,-0.1102,-0.1102
1.2993,pi,6.2800,5.4309,-0.1111,-0.1111
1.3039,pi,6.2800,5.3998,-0.1120,-0.1120
1.3091,pi,6.2800,5.3736,-0.1127,-0.1127
1.3139,pi,6.2800,5.3957,-0.1125,-0.1125
1.3186,pi,6.2800,5.4066,-0.1125,-0.1125
1.3236,pi,6.2800,5.4240,-0.1125,-0.1125
1.3293,pi,6.2800,5.4304,-0.1125,-0.1125
1.3340,pi,6.2800,5.5331,-0.1106,-0.1106
1.3389,pi,6.2800,5.6156,-0.1091,-0.1091
1.3445,pi,6.2800,5.6982,-0.1076,-0.1076
1.3511,pi,6.2800,5.8131,-0.1054,-0.1054
1.3564,pi,6.2800,5.8842,-0.1041,-0.1041
1.3615,pi,6.2800,5.9411,-0.1031,-0.1031
1.3676,pi,6.2800,5.9572,-0.1028,-0.1028
1.3726,pi,6.2800,5.9976,-0.1021,-0.1021
1.3772,pi,6.2800,6.0469,-0.1011,-0.1011
1.3839,pi,6.2800,6.0431,-0.1013,-0.1013
1.3899,pi,6.2800,6.0727,-0.1008,-0.1008
1.3958,pi,6.2800,6.0692,-0.1009,-0.1009
1.4008,pi,6.2800,6.0890,-0.1005,-0.1005
1.4054,pi,6.2800,6.0756,-0.1008,-0.1008
1.4102,pi,6.2800,6.0807,-0.1008,-0.1008
1.4143,pi,6.2800,6.0727,-0.1010,-0.1010
1.4184,pi,6.2800,6.0502,-0.1015,-0.1015
1.4223,pi,6.2800,6.0334,-0.1019,-0.1019
1.4264,pi,6.2800,6.0182,-0.1023,-0.1023
1.4304,pi,6.2800,6.0034,-0.1026,-0.1026
1.4344,pi,6.2800,6.0371,-0.1020,-0.1020
1.4383,pi,6.2800,6.0430,-0.1020,-0.1020
1.4424,pi,6.2800,6.0231,-0.1024,-0.1024
1.4470,pi,6.2800,5.9618,-0.1037,-0.1037
1.4518,pi,6.2800,5.9606,-0.1038,-0.1038
1.4566,pi,6.2800,5.9268,-0.1046,-0.1046
1.4604,pi,6.2800,5.8990,-0.1052,-0.1052
1.4643,pi,6.2800,5.9222,-0.1049,-0.1049
1.4682,pi,6.2800,5.9266,-0.1049,-0.1049
1.4733,pi,6.2800,5.8843,-0.1058,-0.1058
1.4778,pi,6.2800,5.8498,-0.1066,-0.1066
1.4825,pi,6.2800,5.8349,-0.1070,-0.1070
1.4870,pi,6.2800,5.8228,-0.1074,-0.1074
1.4909,pi,6.2800,5.8127,-0.1077,-0.1077
1.4947,pi,6.2800,5.8380,-0.1073,-0.1073
1.4985,pi,6.2800,5.8138,-0.1079,-0.1079
1.5022,pi,6.2800,5.8335,-0.1076,-0.1076
1.5061,pi,6.2800,5.8553,-0.1073,-0.1073
1.5099,pi,6.2800,5.8270,-0.1080,-0.1080
1.5143,pi,6.2800,5.8676,-0.1073,-0.1073
1.5189,pi,6.2800,5.8819,-0.1071,-0.1071
1.5240,pi,6.2800,5.8939,-0.1069,-0.1069
1.5290,pi,6.2800,5.9043,-0.1068,-0.1068
1.5340,pi,6.2800,5.9131,-0.1067,-0.1067
1.5390,pi,6.2800,5.9662,-0.1058,-0.1058
1.5449,pi,6.2800,5.9779,-0.1056,-0.1056
1.5494,pi,6.2800,5.9377,-0.1065,-0.1065
1.5541,pi,6.2800,5.9563,-0.1062,-0.1062
1.5591,pi,6.2800,5.9712,-0.1060,-0.1060
1.5639,pi,6.2800,6.0109,-0.1052,-0.1052
1.5690,pi,6.2800,5.9973,-0.1056,-0.1056
1.5740,pi,6.2800,5.9863,-0.1059,-0.1059
1.5790,pi,6.2800,6.0230,-0.1052,-0.1052
1.5840,pi,6.2800,6.0066,-0.1056,-0.1056
1.5890,pi,6.2800,6.0392,-0.1050,-0.1050
1.5940,pi,6.2800,6.0195,-0.1055,-0.1055
1.5990,pi,6.2800,6.0045,-0.1058,-0.1058
1.6040,pi,6.2800,5.9925,-0.1062,-0.1062
1.6090,pi,6.2800,5.9825,-0.1064,-0.1064
1.6140,pi,6.2800,5.9748,-0.1067,-0.1067
1.6190,pi,6.2800,5.9860,-0.1065,-0.1065
1.6244,pi,6.2800,5.9948,-0.1064,-0.1064
1.6295,pi,6.2800,5.9516,-0.1074,-0.1074
1.6344,pi,6.2800,5.9673,-0.1071,-0.1071
1.6390,pi,6.2800,5.9297,-0.1080,-0.1080
1.6439,pi,6.2800,5.9319,-0.1080,-0.1080
1.6489,pi,6.2800,5.9336,-0.1080,-0.1080
1.6541,pi,6.2800,5.9533,-0.1077,-0.1077
1.6590,pi,6.2800,5.9687,-0.1075,-0.1075
1.6643,pi,6.2800,5.9800,-0.1074,-0.1074
1.6702,pi,6.2800,5.9883,-0.1073,-0.1073
1.6744,pi,6.2800,5.9967,-0.1072,-0.1072
1.6789,pi,6.2800,6.0313,-0.1065,-0.1065
1.6840,pi,6.2800,6.0592,-0.1060,-0.1060
1.6890,pi,6.2800,6.0815,-0.1056,-0.1056
1.6940,pi,6.2800,6.0994,-0.1053,-0.1053
1.6991,pi,6.2800,6.0857,-0.1056,-0.1056
1.7040,pi,6.2800,6.1023,-0.1054,-0.1054
1.7090,pi,6.2800,6.1158,-0.1051,-0.1051
1.7140,pi,6.2800,6.0804,-0.1059,-0.1059
1.7190,pi,6.2800,6.0993,-0.1056,-0.1056
1.7240,pi,6.2800,6.0697,-0.1062,-0.1062
1.7290,pi,6.2800,6.0443,-0.1068,-0.1068
1.7341,pi,6.2800,6.0418,-0.1069,-0.1069
1.7390,pi,6.2800,6.0217,-0.1073,-0.1073
1.7440,pi,6.2800,6.0056,-0.1077,-0.1077
1.7490,pi,6.2800,5.9926,-0.1081,-0.1081
1.7541,pi,6.2800,5.9826,-0.1083,-0.1083
1.7591,pi,6.2800,5.9920,-0.1082,-0.1082
1.7640,pi,6.2800,5.9814,-0.1085,-0.1085
1.7691,pi,6.2800,5.9910,-0.1084,-0.1084
1.7741,pi,6.2800,5.9990,-0.1083,-0.1083
1.7789,pi,6.2800,6.0330,-0.1077,-0.1077
1.7841,pi,6.2800,6.0603,-0.1072,-0.1072
1.7890,pi,6.2800,6.1048,-0.1063,-0.1063
1.7940,pi,6.2800,6.0901,-0.1067,-0.1067
1.7990,pi,6.2800,6.0784,-0.1070,-0.1070
1.8040,pi,6.2800,6.0966,-0.1067,-0.1067
1.8090,pi,6.2800,6.1110,-0.1064,-0.1064
1.8140,pi,6.2800,6.1232,-0.1062,-0.1062
1.8190,pi,6.2800,6.1328,-0.1060,-0.1060
1.8240,pi,6.2800,6.0951,-0.1068,-0.1068
1.8290,pi,6.2800,6.0824,-0.1072,-0.1072
1.8340,pi,6.2800,6.0541,-0.1078,-0.1078
1.8390,pi,6.2800,6.0772,-0.1074,-0.1074
1.8440,pi,6.2800,6.0499,-0.1080,-0.1080
1.8490,pi,6.2800,6.0280,-0.1085,-0.1085
1.8540,pi,6.2800,6.0287,-0.1085,-0.1085
1.8590,pi,6.2800,6.0291,-0.1086,-0.1086
1.8640,pi,6.2800,6.0293,-0.1086,-0.1086
1.8689,pi,6.2800,6.0116,-0.1090,-0.1090
1.8743,pi,6.2800,6.0143,-0.1091,-0.1091
1.8793,pi,6.2800,6.0170,-0.1091,-0.1091
1.8841,pi,6.2800,6.0193,-0.1091,-0.1091
1.8898,pi,6.2800,6.0210,-0.1091,-0.1091
1.8953,pi,6.2800,6.0196,-0.1092,-0.1092
1.9003,pi,6.2800,6.0196,-0.1093,-0.1093
1.9049,pi,6.2800,6.0208,-0.1093,-0.1093
1.9117,pi,6.2800,6.0204,-0.1094,-0.1094
1.9180,pi,6.2800,6.0201,-0.1095,-0.1095
1.9228,pi,6.2800,6.0212,-0.1095,-0.1095
1.9274,pi,6.2800,6.0735,-0.1085,-0.1085
1.9320,pi,6.2800,6.0706,-0.1086,-0.1086
1.9359,pi,6.2800,6.0843,-0.1084,-0.1084
1.9401,pi,6.2800,6.1011,-0.1081,-0.1081
1.9444,pi,6.2800,6.0691,-0.1088,-0.1088
1.9490,pi,6.2800,6.0921,-0.1084,-0.1084
1.9540,pi,6.2800,6.1095,-0.1081,-0.1081
1.9590,pi,6.2800,6.1219,-0.1079,-0.1079
1.9640,pi,6.2800,6.1336,-0.1077,-0.1077
1.9690,pi,6.2800,6.1431,-0.1075,-0.1075
1.9740,pi,6.2800,6.1493,-0.1074,-0.1074
1.9790,pi,6.2800,6.1544,-0.1074,-0.1074
1.9840,pi,6.2800,6.1530,-0.1074,-0.1074
1.9890,pi,6.2800,6.1105,-0.1083,-0.1083
1.9940,pi,6.2800,6.1225,-0.1081,-0.1081
1.9990,pi,6.2800,6.1321,-0.1080,-0.1080
2.0040,pi,6.2800,6.1396,-0.1078,-0.1078
2.0090,pi,6.2800,6.1453,-0.1078,-0.1078
2.0140,pi,6.2800,6.1504,-0.1077,-0.1077
2.0190,pi,6.2800,6.1542,-0.1076,-0.1076
2.0240,pi,6.2800,6.1574,-0.1076,-0.1076
2.0290,pi,6.2800,6.1322,-0.1082,-0.1082
2.0340,pi,6.2800,6.1118,-0.1086,-0.1086
2.0390,pi,6.2800,6.1457,-0.1080,-0.1080
2.0440,pi,6.2800,6.1502,-0.1079,-0.1079
2.0490,pi,6.2800,6.1768,-0.1074,-0.1074
2.0540,pi,6.2800,6.1476,-0.1080,-0.1080
2.0590,pi,6.2800,6.1060,-0.1089,-0.1089
2.0640,pi,6.2800,6.0911,-0.1092,-0.1092
2.0690,pi,6.2800,6.0610,-0.1099,-0.1099
2.0740,pi,6.2800,6.0551,-0.1101,-0.1101
2.0790,pi,6.2800,6.0505,-0.1102,-0.1102
2.0839,pi,6.2800,6.0742,-0.1098,-0.1098
2.0891,pi,6.2800,6.0654,-0.1100,-0.1100
2.0939,pi,6.2800,6.0864,-0.1097,-0.1097
2.0991,pi,6.2800,6.0751,-0.1099,-0.1099
2.1041,pi,6.2800,6.0660,-0.1102,-0.1102
2.1093,pi,6.2800,6.1074,-0.1094,-0.1094
2.1141,pi,6.2800,6.0920,-0.1097,-0.1097
2.1190,pi,6.2800,6.1301,-0.1090,-0.1090
2.1240,pi,6.2800,6.1104,-0.1094,-0.1094
2.1290,pi,6.2800,6.1221,-0.1093,-0.1093
2.1341,pi,6.2800,6.1039,-0.1097,-0.1097
2.1390,pi,6.2800,6.1169,-0.1094,-0.1094
2.1440,pi,6.2800,6.0998,-0.1098,-0.1098
2.1490,pi,6.2800,6.1136,-0.1096,-0.1096
2.1540,pi,6.2800,6.1249,-0.1094,-0.1094
2.1590,pi,6.2800,6.1799,-0.1083,-0.1083
2.1640,pi,6.2800,6.1799,-0.1084,-0.1084
2.1690,pi,6.2800,6.2240,-0.1075,-0.1075
2.1740,pi,6.2800,6.2133,-0.1077,-0.1077
2.1790,pi,6.2800,6.2272,-0.1075,-0.1075
2.1840,pi,6.2800,6.2154,-0.1077,-0.1077
2.1891,pi,6.2800,6.2286,-0.1075,-0.1075
2.1940,pi,6.2800,6.2395,-0.1072,-0.1072
2.1990,pi,6.2800,6.2712,-0.1066,-0.1066
2.2040,pi,6.2800,6.2736,-0.1066,-0.1066
2.2094,pi,6.2800,6.2251,-0.1076,-0.1076
2.2141,pi,6.2800,6.2364,-0.1073,-0.1073
2.2190,pi,6.2800,6.1952,-0.1082,-0.1082
2.2241,pi,6.2800,6.2125,-0.1079,-0.1079
2.2289,pi,6.2800,6.1762,-0.1086,-0.1086
2.2340,pi,6.2800,6.1291,-0.1096,-0.1096
2.2390,pi,6.2800,6.1372,-0.1095,-0.1095
2.2440,pi,6.2800,6.0981,-0.1103,-0.1103
2.2490,pi,6.2800,6.0847,-0.1106,-0.1106
2.2540,pi,6.2800,6.0741,-0.1109,-0.1109
2.2592,pi,6.2800,6.0931,-0.1105,-0.1105
2.2641,pi,6.2800,6.1080,-0.1103,-0.1103
2.2692,pi,6.2800,6.1430,-0.1096,-0.1096
2.2740,pi,6.2800,6.1203,-0.1101,-0.1101
2.2794,pi,6.2800,6.1020,-0.1105,-0.1105
2.2843,pi,6.2800,6.1377,-0.1098,-0.1098
2.2890,pi,6.2800,6.1661,-0.1093,-0.1093
2.2939,pi,6.2800,6.1667,-0.1093,-0.1093
2.2989,pi,6.2800,6.1673,-0.1093,-0.1093
2.3039,pi,6.2800,6.1677,-0.1094,-0.1094
2.3090,pi,6.2800,6.1404,-0.1099,-0.1099
2.3140,pi,6.2800,6.1688,-0.1094,-0.1094
2.3190,pi,6.2800,6.1691,-0.1094,-0.1094
2.3240,pi,6.2800,6.1695,-0.1094,-0.1094
2.3290,pi,6.2800,6.1697,-0.1095,-0.1095
2.3340,pi,6.2800,6.2159,-0.1085,-0.1085
2.3390,pi,6.2800,6.2071,-0.1087,-0.1087
2.3441,pi,6.2800,6.2222,-0.1085,-0.1085
2.3490,pi,6.2800,6.2845,-0.1072,-0.1072
2.3540,pi,6.2800,6.2841,-0.1072,-0.1072
2.3590,pi,6.2800,6.2610,-0.1077,-0.1077
2.3640,pi,6.2800,6.2884,-0.1071,-0.1071
2.3690,pi,6.2800,6.2651,-0.1076,-0.1076
2.3740,pi,6.2800,6.2918,-0.1071,-0.1071
2.3790,pi,6.2800,6.2670,-0.1076,-0.1076
2.3840,pi,6.2800,6.2199,-0.1085,-0.1085
2.3890,pi,6.2800,6.2324,-0.1083,-0.1083
2.3940,pi,6.2800,6.1923,-0.1091,-0.1091
2.3990,pi,6.2800,6.1876,-0.1092,-0.1092
2.4041,pi,6.2800,6.1563,-0.1099,-0.1099
2.4090,pi,6.2800,6.1817,-0.1094,-0.1094
2.4140,pi,6.2800,6.1515,-0.1100,-0.1100
2.4190,pi,6.2800,6.1778,-0.1095,-0.1095
2.4240,pi,6.2800,6.1483,-0.1102,-0.1102
2.4290,pi,6.2800,6.1751,-0.1096,-0.1096
2.4340,pi,6.2800,6.1966,-0.1092,-0.1092
2.4390,pi,6.2800,6.2369,-0.1084,-0.1084
2.4440,pi,6.2800,6.2233,-0.1087,-0.1087
2.4490,pi,6.2800,6.2582,-0.1080,-0.1080
2.4540,pi,6.2800,6.2404,-0.1084,-0.1084
2.4590,pi,6.2800,6.2719,-0.1078,-0.1078
2.4640,pi,6.2800,6.2513,-0.1082,-0.1082
2.4690,pi,6.2800,6.2350,-0.1085,-0.1085
2.4740,pi,6.2800,6.2219,-0.1088,-0.1088
2.4790,pi,6.2800,6.2571,-0.1081,-0.1081
2.4840,pi,6.2800,6.2397,-0.1085,-0.1085
2.4891,pi,6.2800,6.1968,-0.1093,-0.1093
2.4940,pi,6.2800,6.1912,-0.1095,-0.1095
2.4990,pi,6.2800,6.2326,-0.1087,-0.1087
2.5040,pi,6.2800,6.2427,-0.1085,-0.1085
2.5090,pi,6.2800,6.2507,-0.1083,-0.1083
2.5140,pi,6.2800,6.2343,-0.1087,-0.1087
2.5190,pi,6.2800,6.2671,-0.1080,-0.1080
2.5240,pi,6.2800,6.2933,-0.1075,-0.1075
2.5291,pi,6.2800,6.2410,-0.1085,-0.1085
2.5339,pi,6.2800,6.2266,-0.1088,-0.1088
2.5390,pi,6.2800,6.2153,-0.1091,-0.1091
2.5441,pi,6.2800,6.2289,-0.1088,-0.1088
2.5491,pi,6.2800,6.1891,-0.1096,-0.1096
2.5539,pi,6.2800,6.1850,-0.1097,-0.1097
2.5590,pi,6.2800,6.1819,-0.1098,-0.1098
2.5640,pi,6.2800,6.1794,-0.1099,-0.1099
2.5691,pi,6.2800,6.1497,-0.1105,-0.1105
2.5739,pi,6.2800,6.1537,-0.1105,-0.1105
2.5791,pi,6.2800,6.1567,-0.1105,-0.1105
2.5840,pi,6.2800,6.1820,-0.1100,-0.1100
2.5891,pi,6.2800,6.2020,-0.1096,-0.1096
2.5940,pi,6.2800,6.2410,-0.1088,-0.1088
2.5990,pi,6.2800,6.2268,-0.1091,-0.1091
2.6040,pi,6.2800,6.2612,-0.1084,-0.1084
2.6090,pi,6.2800,6.2429,-0.1088,-0.1088
2.6140,pi,6.2800,6.2005,-0.1097,-0.1097
2.6190,pi,6.2800,6.1942,-0.1098,-0.1098
2.6240,pi,6.2800,6.2113,-0.1095,-0.1095
2.6290,pi,6.2800,6.2255,-0.1092,-0.1092
2.6340,pi,6.2800,6.2142,-0.1095,-0.1095
2.6390,pi,6.2800,6.2052,-0.1097,-0.1097
2.6440,pi,6.2800,6.1701,-0.1104,-0.1104
2.6490,pi,6.2800,6.1927,-0.1100,-0.1100
2.6540,pi,6.2800,6.1605,-0.1106,-0.1106
2.6590,pi,6.2800,6.1848,-0.1102,-0.1102
2.6642,pi,6.2800,6.2024,-0.1099,-0.1099
2.6690,pi,6.2800,6.2183,-0.1095,-0.1095
2.6740,pi,6.2800,6.2084,-0.1098,-0.1098
2.6790,pi,6.2800,6.2011,-0.1099,-0.1099
2.6840,pi,6.2800,6.1949,-0.1101,-0.1101
2.6890,pi,6.2800,6.2357,-0.1093,-0.1093
2.6940,pi,6.2800,6.2225,-0.1095,-0.1095
2.6990,pi,6.2800,6.2580,-0.1088,-0.1088
2.7040,pi,6.2800,6.2405,-0.1092,-0.1092
2.7090,pi,6.2800,6.2722,-0.1086,-0.1086
2.7140,pi,6.2800,6.2521,-0.1090,-0.1090
2.7191,pi,6.2800,6.2078,-0.1099,-0.1099
2.7240,pi,6.2800,6.2001,-0.1101,-0.1101
2.7291,pi,6.2800,6.1661,-0.1108,-0.1108
2.7340,pi,6.2800,6.1892,-0.1103,-0.1103
2.7391,pi,6.2800,6.1571,-0.1110,-0.1110
2.7441,pi,6.2800,6.1818,-0.1105,-0.1105
2.7490,pi,6.2800,6.1512,-0.1112,-0.1112
2.7540,pi,6.2800,6.1771,-0.1107,-0.1107
2.7591,pi,6.2800,6.1475,-0.1113,-0.1113
2.7640,pi,6.2800,6.1740,-0.1108,-0.1108
2.7690,pi,6.2800,6.1959,-0.1104,-0.1104
2.7740,pi,6.2800,6.2133,-0.1101,-0.1101
2.7790,pi,6.2800,6.2272,-0.1098,-0.1098
2.7840,pi,6.2800,6.2384,-0.1096,-0.1096
2.7890,pi,6.2800,6.2244,-0.1099,-0.1099
2.7940,pi,6.2800,6.2592,-0.1092,-0.1092
2.7990,pi,6.2800,6.2412,-0.1096,-0.1096
2.8040,pi,6.2800,6.2726,-0.1089,-0.1089
2.8090,pi,6.2800,6.2519,-0.1093,-0.1093
2.8140,pi,6.2800,6.2581,-0.1092,-0.1092
2.8190,pi,6.2800,6.2403,-0.1096,-0.1096
2.8240,pi,6.2800,6.2489,-0.1094,-0.1094
2.8290,pi,6.2800,6.2556,-0.1093,-0.1093
2.8340,pi,6.2800,6.2841,-0.1087,-0.1087
2.8391,pi,6.2800,6.2838,-0.1087,-0.1087
2.8440,pi,6.2800,6.2835,-0.1087,-0.1087
2.8490,pi,6.2800,6.2606,-0.1092,-0.1092
2.8540,pi,6.2800,6.2880,-0.1087,-0.1087
2.8590,pi,6.2800,6.2870,-0.1087,-0.1087
2.8641,pi,6.2800,6.2359,-0.1097,-0.1097
2.8690,pi,6.2800,6.2452,-0.1095,-0.1095
2.8748,pi,6.2800,6.2022,-0.1104,-0.1104
2.8798,pi,6.2800,6.1954,-0.1106,-0.1106
2.8843,pi,6.2800,6.1904,-0.1107,-0.1107
2.8889,pi,6.2800,6.1865,-0.1108,-0.1108
2.8940,pi,6.2800,6.1832,-0.1109,-0.1109
2.8990,pi,6.2800,6.1807,-0.1110,-0.1110
2.9041,pi,6.2800,6.1506,-0.1116,-0.1116
2.9091,pi,6.2800,6.1266,-0.1121,-0.1121
2.9139,pi,6.2800,6.1350,-0.1120,-0.1120
2.9190,pi,6.2800,6.1877,-0.1109,-0.1109
2.9240,pi,6.2800,6.1843,-0.1110,-0.1110
2.9291,pi,6.2800,6.1536,-0.1117,-0.1117
2.9340,pi,6.2800,6.1790,-0.1112,-0.1112
2.9393,pi,6.2800,6.1983,-0.1108,-0.1108
2.9446,pi,6.2800,6.2137,-0.1105,-0.1105
2.9498,pi,6.2800,6.2236,-0.1104,-0.1104
2.9544,pi,6.2800,6.2344,-0.1102,-0.1102
2.9598,pi,6.2800,6.2937,-0.1090,-0.1090
2.9644,pi,6.2800,6.2909,-0.1090,-0.1090
2.9695,pi,6.2800,6.2865,-0.1091,-0.1091
2.9741,pi,6.2800,6.2856,-0.1091,-0.1091
2.9791,pi,6.2800,6.3076,-0.1087,-0.1087
2.9842,pi,6.2800,6.3022,-0.1088,-0.1088
2.9891,pi,6.2800,6.3211,-0.1084,-0.1084
2.9941,pi,6.2800,6.2911,-0.1090,-0.1090
2.9991,pi,6.2800,6.3136,-0.1085,-0.1085
3.0041,pi,6.2800,6.2880,-0.1090,-0.1090
3.0091,pi,6.2800,6.2651,-0.1095,-0.1095
3.0141,pi,6.2800,6.2464,-0.1099,-0.1099
3.0191,pi,6.2800,6.2313,-0.1102,-0.1102
3.0248,pi,6.2800,6.2405,-0.1100,-0.1100
3.0293,pi,6.2800,6.1973,-0.1109,-0.1109
3.0344,pi,6.2800,6.1913,-0.1110,-0.1110
3.0394,pi,6.2800,6.1873,-0.1111,-0.1111
3.0445,pi,6.2800,6.1834,-0.1112,-0.1112
3.0495,pi,6.2800,6.1523,-0.1119,-0.1119
3.0545,pi,6.2800,6.1773,-0.1114,-0.1114
3.0595,pi,6.2800,6.1979,-0.1110,-0.1110
3.0646,pi,6.2800,6.2147,-0.1107,-0.1107
3.0695,pi,6.2800,6.2275,-0.1105,-0.1105
3.0745,pi,6.2800,6.2152,-0.1107,-0.1107
3.0795,pi,6.2800,6.2066,-0.1109,-0.1109
3.0845,pi,6.2800,6.2218,-0.1106,-0.1106
3.0893,pi,6.2800,6.2336,-0.1104,-0.1104
3.0940,pi,6.2800,6.2663,-0.1098,-0.1098
3.0990,pi,6.2800,6.2475,-0.1101,-0.1101
3.1040,pi,6.2800,6.2783,-0.1095,-0.1095
3.1091,pi,6.2800,6.2575,-0.1100,-0.1100
3.1142,pi,6.2800,6.2856,-0.1094,-0.1094
3.1190,pi,6.2800,6.2627,-0.1099,-0.1099
3.1240,pi,6.2800,6.2909,-0.1093,-0.1093
3.1290,pi,6.2800,6.3132,-0.1088,-0.1088
3.1340,pi,6.2800,6.3309,-0.1085,-0.1085
3.1390,pi,6.2800,6.2988,-0.1091,-0.1091
3.1440,pi,6.2800,6.3193,-0.1087,-0.1087
3.1490,pi,6.2800,6.3119,-0.1088,-0.1088
3.1540,pi,6.2800,6.3062,-0.1089,-0.1089
3.1590,pi,6.2800,6.2787,-0.1095,-0.1095
3.1640,pi,6.2800,6.3029,-0.1090,-0.1090
3.1690,pi,6.2800,6.2766,-0.1095,-0.1095
3.1740,pi,6.2800,6.3012,-0.1090,-0.1090
3.1792,pi,6.2800,6.2973,-0.1091,-0.1091
3.1840,pi,6.2800,6.2942,-0.1092,-0.1092
3.1890,pi,6.2800,6.2690,-0.1097,-0.1097
3.1941,pi,6.2800,6.2215,-0.1106,-0.1106
3.1989,pi,6.2800,6.2111,-0.1108,-0.1108
3.2041,pi,6.2800,6.1752,-0.1116,-0.1116
3.2092,pi,6.2800,6.1966,-0.1112,-0.1112
3.2142,pi,6.2800,6.1626,-0.1119,-0.1119
3.2191,pi,6.2800,6.1864,-0.1114,-0.1114
3.2240,pi,6.2800,6.2054,-0.1111,-0.1111
3.2289,pi,6.2800,6.1981,-0.1112,-0.1112
3.2340,pi,6.2800,6.1923,-0.1114,-0.1114
3.2392,pi,6.2800,6.2102,-0.1110,-0.1110
3.2443,pi,6.2800,6.2241,-0.1108,-0.1108
3.2491,pi,6.2800,6.2356,-0.1106,-0.1106
3.2541,pi,6.2800,6.2449,-0.1104,-0.1104
3.2590,pi,6.2800,6.2754,-0.1098,-0.1098
3.2640,pi,6.2800,6.3001,-0.1093,-0.1093
3.2691,pi,6.2800,6.2963,-0.1093,-0.1093
3.2740,pi,6.2800,6.2436,-0.1104,-0.1104
3.2790,pi,6.2800,6.2514,-0.1103,-0.1103
3.2840,pi,6.2800,6.3077,-0.1091,-0.1091
3.2898,pi,6.2800,6.3022,-0.1092,-0.1092
3.2941,pi,6.2800,6.2984,-0.1093,-0.1093
3.2992,pi,6.2800,6.2952,-0.1094,-0.1094
3.3041,pi,6.2800,6.3429,-0.1084,-0.1084
3.3090,pi,6.2800,6.3540,-0.1082,-0.1082
3.3139,pi,6.2800,6.3629,-0.1080,-0.1080
3.3189,pi,6.2800,6.3242,-0.1087,-0.1087
3.3241,pi,6.2800,6.3395,-0.1084,-0.1084
3.3292,pi,6.2800,6.3277,-0.1086,-0.1086
3.3340,pi,6.2800,6.2956,-0.1093,-0.1093
3.3390,pi,6.2800,6.2710,-0.1098,-0.1098
3.3442,pi,6.2800,6.2511,-0.1102,-0.1102
3.3490,pi,6.2800,6.2809,-0.1096,-0.1096
3.3540,pi,6.2800,6.2588,-0.1100,-0.1100
3.3590,pi,6.2800,6.2413,-0.1104,-0.1104
3.3640,pi,6.2800,6.1993,-0.1112,-0.1112
3.3690,pi,6.2800,6.2161,-0.1109,-0.1109
3.3740,pi,6.2800,6.2068,-0.1111,-0.1111
3.3790,pi,6.2800,6.1993,-0.1113,-0.1113
3.3840,pi,6.2800,6.1939,-0.1114,-0.1114
3.3891,pi,6.2800,6.2105,-0.1111,-0.1111
3.3939,pi,6.2800,6.2024,-0.1113,-0.1113
3.3990,pi,6.2800,6.2421,-0.1105,-0.1105
3.4040,pi,6.2800,6.2277,-0.1108,-0.1108
3.4090,pi,6.2800,6.2387,-0.1106,-0.1106
3.4140,pi,6.2800,6.2474,-0.1104,-0.1104
3.4190,pi,6.2800,6.2544,-0.1103,-0.1103
3.4240,pi,6.2800,6.2600,-0.1102,-0.1102
3.4291,pi,6.2800,6.2642,-0.1101,-0.1101
3.4340,pi,6.2800,6.2678,-0.1100,-0.1100
3.4390,pi,6.2800,6.2934,-0.1095,-0.1095
3.4444,pi,6.2800,6.3412,-0.1085,-0.1085
3.4495,pi,6.2800,6.3285,-0.1088,-0.1088
3.4540,pi,6.2800,6.3693,-0.1080,-0.1080
3.4590,pi,6.2800,6.3519,-0.1083,-0.1083
3.4639,pi,6.2800,6.3610,-0.1081,-0.1081
3.4690,pi,6.2800,6.3454,-0.1084,-0.1084
3.4739,pi,6.2800,6.3560,-0.1081,-0.1081
3.4790,pi,6.2800,6.3642,-0.1080,-0.1080
3.4840,pi,6.2800,6.3712,-0.1078,-0.1078
3.4890,pi,6.2800,6.3764,-0.1077,-0.1077
3.4940,pi,6.2800,6.3349,-0.1085,-0.1085
3.4990,pi,6.2800,6.3022,-0.1091,-0.1091
3.5040,pi,6.2800,6.2473,-0.1102,-0.1102
3.5090,pi,6.2800,6.2320,-0.1106,-0.1106
3.5141,pi,6.2800,6.1915,-0.1114,-0.1114
3.5192,pi,6.2800,6.2097,-0.1110,-0.1110
3.5243,pi,6.2800,6.1737,-0.1118,-0.1118
3.5291,pi,6.2800,6.1953,-0.1114,-0.1114
3.5340,pi,6.2800,6.1624,-0.1121,-0.1121
3.5395,pi,6.2800,6.1862,-0.1116,-0.1116
3.5443,pi,6.2800,6.2051,-0.1113,-0.1113
3.5489,pi,6.2800,6.2203,-0.1110,-0.1110
3.5539,pi,6.2800,6.2101,-0.1112,-0.1112
3.5589,pi,6.2800,6.2484,-0.1104,-0.1104
3.5640,pi,6.2800,6.2328,-0.1108,-0.1108
3.5691,pi,6.2800,6.2663,-0.1101,-0.1101
3.5741,pi,6.2800,6.2470,-0.1105,-0.1105
3.5790,pi,6.2800,6.2770,-0.1099,-0.1099
3.5841,pi,6.2800,6.3277,-0.1089,-0.1089
3.5889,pi,6.2800,6.3417,-0.1086,-0.1086
3.5941,pi,6.2800,6.3073,-0.1092,-0.1092
3.5990,pi,6.2800,6.3258,-0.1089,-0.1089
3.6041,pi,6.2800,6.3669,-0.1080,-0.1080
3.6090,pi,6.2800,6.3501,-0.1083,-0.1083
3.6140,pi,6.2800,6.3362,-0.1086,-0.1086
3.6190,pi,6.2800,6.3254,-0.1088,-0.1088
3.6240,pi,6.2800,6.3398,-0.1085,-0.1085
3.6290,pi,6.2800,6.3512,-0.1083,-0.1083
3.6340,pi,6.2800,6.3597,-0.1081,-0.1081
3.6390,pi,6.2800,6.3229,-0.1088,-0.1088
3.6441,pi,6.2800,6.3650,-0.1079,-0.1079
3.6491,pi,6.2800,6.3481,-0.1082,-0.1082
3.6539,pi,6.2800,6.3123,-0.1090,-0.1090
3.6590,pi,6.2800,6.2842,-0.1095,-0.1095
3.6640,pi,6.2800,6.2611,-0.1100,-0.1100
3.6691,pi,6.2800,6.2652,-0.1099,-0.1099
3.6751,pi,6.2800,6.2168,-0.1109,-0.1109
3.6803,pi,6.2800,6.2288,-0.1107,-0.1107
3.6852,pi,6.2800,6.1893,-0.1115,-0.1115
3.6900,pi,6.2800,6.2069,-0.1111,-0.1111
3.6948,pi,6.2800,6.1706,-0.1119,-0.1119
3.6996,pi,6.2800,6.1925,-0.1115,-0.1115
3.7045,pi,6.2800,6.2092,-0.1112,-0.1112
3.7095,pi,6.2800,6.2227,-0.1109,-0.1109
3.7150,pi,6.2800,6.2334,-0.1107,-0.1107
3.7197,pi,6.2800,6.2426,-0.1105,-0.1105
3.7245,pi,6.2800,6.2507,-0.1104,-0.1104
3.7293,pi,6.2800,6.2804,-0.1098,-0.1098
3.7341,pi,6.2800,6.2588,-0.1102,-0.1102
3.7391,pi,6.2800,6.2871,-0.1096,-0.1096
3.7442,pi,6.2800,6.2640,-0.1101,-0.1101
3.7492,pi,6.2800,6.2917,-0.1096,-0.1096
3.7542,pi,6.2800,6.2671,-0.1101,-0.1101
3.7592,pi,6.2800,6.2943,-0.1095,-0.1095
3.7641,pi,6.2800,6.2696,-0.1100,-0.1100
3.7691,pi,6.2800,6.2960,-0.1095,-0.1095
3.7742,pi,6.2800,6.2713,-0.1100,-0.1100
3.7791,pi,6.2800,6.2973,-0.1094,-0.1094
3.7842,pi,6.2800,6.2943,-0.1095,-0.1095
3.7891,pi,6.2800,6.2918,-0.1095,-0.1095
3.7942,pi,6.2800,6.2899,-0.1096,-0.1096
3.7992,pi,6.2800,6.2867,-0.1096,-0.1096
3.8043,pi,6.2800,6.2632,-0.1101,-0.1101
3.8093,pi,6.2800,6.2671,-0.1100,-0.1100
3.8142,pi,6.2800,6.2701,-0.1100,-0.1100
3.8191,pi,6.2800,6.2725,-0.1099,-0.1099
3.8242,pi,6.2800,6.2744,-0.1099,-0.1099
3.8291,pi,6.2800,6.2988,-0.1094,-0.1094
3.8342,pi,6.2800,6.2956,-0.1095,-0.1095
3.8391,pi,6.2800,6.3163,-0.1090,-0.1090
3.8442,pi,6.2800,6.3095,-0.1092,-0.1092
3.8493,pi,6.2800,6.3273,-0.1088,-0.1088
3.8540,pi,6.2800,6.2973,-0.1094,-0.1094
3.8598,pi,6.2800,6.2774,-0.1098,-0.1098
3.8650,pi,6.2800,6.2576,-0.1102,-0.1102
3.8701,pi,6.2800,6.2858,-0.1096,-0.1096
3.8743,pi,6.2800,6.2627,-0.1101,-0.1101
3.8791,pi,6.2800,6.2157,-0.1111,-0.1111
3.8840,pi,6.2800,6.2068,-0.1113,-0.1113
3.8891,pi,6.2800,6.2456,-0.1105,-0.1105
3.8940,pi,6.2800,6.2305,-0.1108,-0.1108
3.8990,pi,6.2800,6.2187,-0.1111,-0.1111
3.9040,pi,6.2800,6.2093,-0.1113,-0.1113
3.9091,pi,6.2800,6.2014,-0.1114,-0.1114
3.9140,pi,6.2800,6.2089,-0.1113,-0.1113
3.9190,pi,6.2800,6.2016,-0.1115,-0.1115
3.9240,pi,6.2800,6.1960,-0.1116,-0.1116
3.9290,pi,6.2800,6.2369,-0.1108,-0.1108
3.9340,pi,6.2800,6.2704,-0.1101,-0.1101
3.9390,pi,6.2800,6.2728,-0.1101,-0.1101
3.9440,pi,6.2800,6.2521,-0.1105,-0.1105
3.9490,pi,6.2800,6.2814,-0.1099,-0.1099
3.9541,pi,6.2800,6.2816,-0.1099,-0.1099
3.9590,pi,6.2800,6.3046,-0.1094,-0.1094
3.9641,pi,6.2800,6.3233,-0.1091,-0.1091
3.9691,pi,6.2800,6.3385,-0.1087,-0.1087
3.9742,pi,6.2800,6.3264,-0.1090,-0.1090
3.9791,pi,6.2800,6.2669,-0.1102,-0.1102
3.9841,pi,6.2800,6.2695,-0.1101,-0.1101
3.9889,pi,6.2800,6.2948,-0.1096,-0.1096
3.9941,pi,6.2800,6.2699,-0.1101,-0.1101
3.9990,pi,6.2800,6.2222,-0.1111,-0.1111
4.0039,pi,6.2800,6.2117,-0.1113,-0.1113
4.0090,pi,6.2800,6.1754,-0.1121,-0.1121
4.0140,pi,6.2800,6.1967,-0.1117,-0.1117
4.0196,pi,6.2800,6.1631,-0.1124,-0.1124
4.0246,pi,6.2800,6.1640,-0.1124,-0.1124
4.0291,pi,6.2800,6.1654,-0.1124,-0.1124
4.0339,pi,6.2800,6.2124,-0.1114,-0.1114
4.0389,pi,6.2800,6.2043,-0.1116,-0.1116
4.0440,pi,6.2800,6.1976,-0.1118,-0.1118
4.0490,pi,6.2800,6.1920,-0.1119,-0.1119
4.0540,pi,6.2800,6.2098,-0.1116,-0.1116
4.0594,pi,6.2800,6.2242,-0.1113,-0.1113
4.0649,pi,6.2800,6.2342,-0.1111,-0.1111
4.0691,pi,6.2800,6.2664,-0.1105,-0.1105
4.0740,pi,6.2800,6.2932,-0.1099,-0.1099
4.0790,pi,6.2800,6.2689,-0.1104,-0.1104
4.0840,pi,6.2800,6.2715,-0.1104,-0.1104
4.0896,pi,6.2800,6.3236,-0.1093,-0.1093
4.0958,pi,6.2800,6.3141,-0.1095,-0.1095
4.1006,pi,6.2800,6.3571,-0.1086,-0.1086
4.1050,pi,6.2800,6.3419,-0.1089,-0.1089
4.1098,pi,6.2800,6.3797,-0.1081,-0.1081
4.1143,pi,6.2800,6.3821,-0.1081,-0.1081
4.1192,pi,6.2800,6.3622,-0.1084,-0.1084
4.1243,pi,6.2800,6.3456,-0.1087,-0.1087
4.1294,pi,6.2800,6.3824,-0.1080,-0.1080
4.1344,pi,6.2800,6.3613,-0.1084,-0.1084
4.1396,pi,6.2800,6.2954,-0.1097,-0.1097
4.1442,pi,6.2800,6.2927,-0.1097,-0.1097
4.1492,pi,6.2800,6.2683,-0.1102,-0.1102
4.1544,pi,6.2800,6.2486,-0.1106,-0.1106
4.1590,pi,6.2800,6.2329,-0.1110,-0.1110
4.1640,pi,6.2800,6.2212,-0.1112,-0.1112
4.1690,pi,6.2800,6.2123,-0.1114,-0.1114
4.1740,pi,6.2800,6.2046,-0.1116,-0.1116
4.1791,pi,6.2800,6.1979,-0.1117,-0.1117
4.1845,pi,6.2800,6.1926,-0.1119,-0.1119
4.1894,pi,6.2800,6.1884,-0.1120,-0.1120
4.1946,pi,6.2800,6.2301,-0.1112,-0.1112
4.1999,pi,6.2800,6.2372,-0.1110,-0.1110
4.2043,pi,6.2800,6.2688,-0.1104,-0.1104
4.2090,pi,6.2800,6.2493,-0.1108,-0.1108
4.2140,pi,6.2800,6.2794,-0.1102,-0.1102
4.2190,pi,6.2800,6.2802,-0.1102,-0.1102
4.2240,pi,6.2800,6.3038,-0.1097,-0.1097
4.2290,pi,6.2800,6.2766,-0.1102,-0.1102
4.2340,pi,6.2800,6.3011,-0.1097,-0.1097
4.2391,pi,6.2800,6.2742,-0.1103,-0.1103
4.2441,pi,6.2800,6.2993,-0.1098,-0.1098
4.2490,pi,6.2800,6.2739,-0.1103,-0.1103
4.2539,pi,6.2800,6.3027,-0.1097,-0.1097
4.2590,pi,6.2800,6.2763,-0.1102,-0.1102
4.2640,pi,6.2800,6.2775,-0.1102,-0.1102
4.2691,pi,6.2800,6.2783,-0.1102,-0.1102
4.2740,pi,6.2800,6.2786,-0.1102,-0.1102
4.2790,pi,6.2800,6.2793,-0.1102,-0.1102
4.2840,pi,6.2800,6.2800,-0.1102,-0.1102
4.2890,pi,6.2800,6.2578,-0.1106,-0.1106
4.2942,pi,6.2800,6.2862,-0.1100,-0.1100
4.2994,pi,6.2800,6.2850,-0.1101,-0.1101
4.3045,pi,6.2800,6.2829,-0.1101,-0.1101
4.3091,pi,6.2800,6.2823,-0.1101,-0.1101
4.3142,pi,6.2800,6.2818,-0.1101,-0.1101
4.3190,pi,6.2800,6.2816,-0.1101,-0.1101
4.3240,pi,6.2800,6.2819,-0.1101,-0.1101
4.3290,pi,6.2800,6.2597,-0.1106,-0.1106
4.3341,pi,6.2800,6.2874,-0.1100,-0.1100
4.3391,pi,6.2800,6.2863,-0.1100,-0.1100
4.3449,pi,6.2800,6.2850,-0.1101,-0.1101
4.3503,pi,6.2800,6.2844,-0.1101,-0.1101
4.3543,pi,6.2800,6.3075,-0.1096,-0.1096
4.3590,pi,6.2800,6.2810,-0.1101,-0.1101
4.3639,pi,6.2800,6.3049,-0.1096,-0.1096
4.3690,pi,6.2800,6.2784,-0.1102,-0.1102
4.3740,pi,6.2800,6.3030,-0.1097,-0.1097
4.3790,pi,6.2800,6.2765,-0.1102,-0.1102
4.3842,pi,6.2800,6.2773,-0.1102,-0.1102
4.3890,pi,6.2800,6.2780,-0.1102,-0.1102
4.3939,pi,6.2800,6.3021,-0.1097,-0.1097
4.3989,pi,6.2800,6.2760,-0.1102,-0.1102
4.4040,pi,6.2800,6.3011,-0.1097,-0.1097
4.4090,pi,6.2800,6.2747,-0.1102,-0.1102
4.4140,pi,6.2800,6.2763,-0.1102,-0.1102
4.4190,pi,6.2800,6.2777,-0.1102,-0.1102
4.4239,pi,6.2800,6.3018,-0.1097,-0.1097
4.4292,pi,6.2800,6.3482,-0.1088,-0.1088
4.4340,pi,6.2800,6.3580,-0.1085,-0.1085
4.4390,pi,6.2800,6.3205,-0.1093,-0.1093
4.4441,pi,6.2800,6.3366,-0.1089,-0.1089
4.4489,pi,6.2800,6.3490,-0.1087,-0.1087
4.4540,pi,6.2800,6.3589,-0.1085,-0.1085
4.4591,pi,6.2800,6.3437,-0.1087,-0.1087
4.4642,pi,6.2800,6.3308,-0.1090,-0.1090
4.4693,pi,6.2800,6.3193,-0.1092,-0.1092
4.4744,pi,6.2800,6.3113,-0.1094,-0.1094
4.4789,pi,6.2800,6.2824,-0.1099,-0.1099
4.4839,pi,6.2800,6.2604,-0.1104,-0.1104
4.4889,pi,6.2800,6.2423,-0.1108,-0.1108
4.4940,pi,6.2800,6.2736,-0.1101,-0.1101
4.4990,pi,6.2800,6.2247,-0.1111,-0.1111
4.5040,pi,6.2800,6.2362,-0.1109,-0.1109
4.5090,pi,6.2800,6.2455,-0.1107,-0.1107
4.5139,pi,6.2800,6.2760,-0.1101,-0.1101
4.5190,pi,6.2800,6.2551,-0.1105,-0.1105
4.5240,pi,6.2800,6.2857,-0.1099,-0.1099
4.5290,pi,6.2800,6.2628,-0.1104,-0.1104
4.5340,pi,6.2800,6.2667,-0.1103,-0.1103
4.5390,pi,6.2800,6.2699,-0.1103,-0.1103
4.5440,pi,6.2800,6.2719,-0.1102,-0.1102
4.5490,pi,6.2800,6.2512,-0.1106,-0.1106
4.5540,pi,6.2800,6.2573,-0.1105,-0.1105
4.5590,pi,6.2800,6.2396,-0.1109,-0.1109
4.5640,pi,6.2800,6.2713,-0.1103,-0.1103
4.5690,pi,6.2800,6.2507,-0.1107,-0.1107
4.5741,pi,6.2800,6.2571,-0.1105,-0.1105
4.5790,pi,6.2800,6.2622,-0.1105,-0.1105
4.5841,pi,6.2800,6.2664,-0.1104,-0.1104
4.5890,pi,6.2800,6.2926,-0.1098,-0.1098
4.5940,pi,6.2800,6.3136,-0.1094,-0.1094
4.5991,pi,6.2800,6.3572,-0.1085,-0.1085
4.6040,pi,6.2800,6.3652,-0.1083,-0.1083
4.6090,pi,6.2800,6.3719,-0.1082,-0.1082
4.6140,pi,6.2800,6.3540,-0.1085,-0.1085
4.6189,pi,6.2800,6.3170,-0.1093,-0.1093
4.6240,pi,6.2800,6.3332,-0.1089,-0.1089
4.6290,pi,6.2800,6.3002,-0.1096,-0.1096
4.6344,pi,6.2800,6.2957,-0.1097,-0.1097
4.6390,pi,6.2800,6.2425,-0.1107,-0.1107
4.6439,pi,6.2800,6.2279,-0.1110,-0.1110
4.6490,pi,6.2800,6.2161,-0.1113,-0.1113
4.6540,pi,6.2800,6.2075,-0.1115,-0.1115
4.6590,pi,6.2800,6.1722,-0.1122,-0.1122
4.6640,pi,6.2800,6.1943,-0.1118,-0.1118
4.6690,pi,6.2800,6.2117,-0.1115,-0.1115
4.6740,pi,6.2800,6.2260,-0.1112,-0.1112
4.6790,pi,6.2800,6.2373,-0.1110,-0.1110
4.6839,pi,6.2800,6.2693,-0.1103,-0.1103
4.6890,pi,6.2800,6.2501,-0.1107,-0.1107
4.6940,pi,6.2800,6.2556,-0.1106,-0.1106
4.6990,pi,6.2800,6.2609,-0.1105,-0.1105
4.7039,pi,6.2800,6.2882,-0.1100,-0.1100
4.7090,pi,6.2800,6.2645,-0.1105,-0.1105
4.7140,pi,6.2800,6.2913,-0.1099,-0.1099
4.7190,pi,6.2800,6.2670,-0.1104,-0.1104
4.7240,pi,6.2800,6.2938,-0.1099,-0.1099
4.7290,pi,6.2800,6.3145,-0.1094,-0.1094
4.7340,pi,6.2800,6.3313,-0.1091,-0.1091
4.7391,pi,6.2800,6.3210,-0.1093,-0.1093
4.7440,pi,6.2800,6.3363,-0.1090,-0.1090
4.7490,pi,6.2800,6.3496,-0.1087,-0.1087
4.7540,pi,6.2800,6.3595,-0.1085,-0.1085
4.7590,pi,6.2800,6.3673,-0.1083,-0.1083
4.7640,pi,6.2800,6.3734,-0.1081,-0.1081
4.7690,pi,6.2800,6.3784,-0.1080,-0.1080
4.7740,pi,6.2800,6.3593,-0.1084,-0.1084
4.7790,pi,6.2800,6.2932,-0.1097,-0.1097
4.7840,pi,6.2800,6.2909,-0.1097,-0.1097
4.7890,pi,6.2800,6.2663,-0.1102,-0.1102
4.7940,pi,6.2800,6.2694,-0.1102,-0.1102
4.7990,pi,6.2800,6.2216,-0.1111,-0.1111
4.8040,pi,6.2800,6.2337,-0.1109,-0.1109
4.8090,pi,6.2800,6.1929,-0.1118,-0.1118
4.8140,pi,6.2800,6.2106,-0.1114,-0.1114
4.8190,pi,6.2800,6.1743,-0.1122,-0.1122
4.8240,pi,6.2800,6.1956,-0.1118,-0.1118
4.8291,pi,6.2800,6.2131,-0.1114,-0.1114
4.8340,pi,6.2800,6.2500,-0.1107,-0.1107
4.8391,pi,6.2800,6.2565,-0.1106,-0.1106
4.8440,pi,6.2800,6.2847,-0.1100,-0.1100
4.8491,pi,6.2800,6.2843,-0.1100,-0.1100
4.8540,pi,6.2800,6.3070,-0.1096,-0.1096
4.8590,pi,6.2800,6.3022,-0.1097,-0.1097
4.8640,pi,6.2800,6.2983,-0.1097,-0.1097
4.8691,pi,6.2800,6.2950,-0.1098,-0.1098
4.8740,pi,6.2800,6.2926,-0.1098,-0.1098
4.8790,pi,6.2800,6.2676,-0.1103,-0.1103
4.8840,pi,6.2800,6.2938,-0.1098,-0.1098
4.8890,pi,6.2800,6.3146,-0.1094,-0.1094
4.8940,pi,6.2800,6.3313,-0.1090,-0.1090
4.8990,pi,6.2800,6.2987,-0.1097,-0.1097
4.9040,pi,6.2800,6.2956,-0.1097,-0.1097
4.9090,pi,6.2800,6.3159,-0.1093,-0.1093
4.9140,pi,6.2800,6.3324,-0.1090,-0.1090
4.9191,pi,6.2800,6.3724,-0.1082,-0.1082
4.9240,pi,6.2800,6.3778,-0.1080,-0.1080
4.9290,pi,6.2800,6.3818,-0.1079,-0.1079
4.9340,pi,6.2800,6.3620,-0.1083,-0.1083
4.9390,pi,6.2800,6.2958,-0.1096,-0.1096
4.9440,pi,6.2800,6.2933,-0.1097,-0.1097
4.9491,pi,6.2800,6.2904,-0.1097,-0.1097
4.9540,pi,6.2800,6.2889,-0.1097,-0.1097
4.9590,pi,6.2800,6.2373,-0.1108,-0.1108
4.9640,pi,6.2800,6.2237,-0.1111,-0.1111
4.9690,pi,6.2800,6.2127,-0.1113,-0.1113
4.9740,pi,6.2800,6.2048,-0.1115,-0.1115
4.9791,pi,6.2800,6.1698,-0.1122,-0.1122
4.9840,pi,6.2800,6.1924,-0.1118,-0.1118
4.9890,pi,6.2800,6.1876,-0.1119,-0.1119
4.9941,pi,6.2800,6.2065,-0.1115,-0.1115
4.9990,pi,6.2800,6.1987,-0.1117,-0.1117
5.0040,pi,6.2800,6.2393,-0.1109,-0.1109
5.0090,pi,6.2800,6.2253,-0.1112,-0.1112
5.0140,pi,6.2800,6.2368,-0.1110,-0.1110
5.0190,pi,6.2800,6.2460,-0.1108,-0.1108
5.0240,pi,6.2800,6.2764,-0.1102,-0.1102
5.0290,pi,6.2800,6.2547,-0.1107,-0.1107
5.0340,pi,6.2800,6.2834,-0.1101,-0.1101
5.0390,pi,6.2800,6.2834,-0.1101,-0.1101
5.0440,pi,6.2800,6.3063,-0.1096,-0.1096
5.0490,pi,6.2800,6.2789,-0.1102,-0.1102
5.0541,pi,6.2800,6.2795,-0.1102,-0.1102
5.0590,pi,6.2800,6.2800,-0.1101,-0.1101
5.0640,pi,6.2800,6.2805,-0.1101,-0.1101
5.0690,pi,6.2800,6.3039,-0.1097,-0.1097
5.0740,pi,6.2800,6.3228,-0.1093,-0.1093
5.0791,pi,6.2800,6.3645,-0.1084,-0.1084
5.0840,pi,6.2800,6.3483,-0.1087,-0.1087
5.0890,pi,6.2800,6.3848,-0.1080,-0.1080
5.0940,pi,6.2800,6.3644,-0.1083,-0.1083
5.0990,pi,6.2800,6.3482,-0.1087,-0.1087
5.1040,pi,6.2800,6.3582,-0.1084,-0.1084
5.1091,pi,6.2800,6.3204,-0.1092,-0.1092
5.1141,pi,6.2800,6.3123,-0.1093,-0.1093
5.1192,pi,6.2800,6.2558,-0.1105,-0.1105
5.1240,pi,6.2800,6.2612,-0.1104,-0.1104
5.1290,pi,6.2800,6.2427,-0.1108,-0.1108
5.1340,pi,6.2800,6.2290,-0.1110,-0.1110
5.1390,pi,6.2800,6.2170,-0.1113,-0.1113
5.1442,pi,6.2800,6.2298,-0.1110,-0.1110
5.1491,pi,6.2800,6.2403,-0.1108,-0.1108
5.1540,pi,6.2800,6.2719,-0.1102,-0.1102
5.1590,pi,6.2800,6.2515,-0.1106,-0.1106
5.1639,pi,6.2800,6.2812,-0.1100,-0.1100
5.1690,pi,6.2800,6.2596,-0.1105,-0.1105
5.1740,pi,6.2800,6.2880,-0.1099,-0.1099
5.1790,pi,6.2800,6.2644,-0.1104,-0.1104
5.1840,pi,6.2800,6.2913,-0.1098,-0.1098
5.1891,pi,6.2800,6.2894,-0.1099,-0.1099
5.1940,pi,6.2800,6.3107,-0.1094,-0.1094
5.1991,pi,6.2800,6.3052,-0.1095,-0.1095
5.2040,pi,6.2800,6.3008,-0.1096,-0.1096
5.2090,pi,6.2800,6.2972,-0.1097,-0.1097
5.2140,pi,6.2800,6.2939,-0.1098,-0.1098
5.2192,pi,6.2800,6.2907,-0.1098,-0.1098
5.2246,pi,6.2800,6.2881,-0.1099,-0.1099
5.2293,pi,6.2800,6.3366,-0.1089,-0.1089
5.2344,pi,6.2800,6.3254,-0.1091,-0.1091
5.2396,pi,6.2800,6.3155,-0.1093,-0.1093
5.2443,pi,6.2800,6.3318,-0.1089,-0.1089
5.2490,pi,6.2800,6.2996,-0.1096,-0.1096
5.2539,pi,6.2800,6.3196,-0.1092,-0.1092
5.2590,pi,6.2800,6.3122,-0.1093,-0.1093
5.2641,pi,6.2800,6.3063,-0.1094,-0.1094
5.2694,pi,6.2800,6.2979,-0.1096,-0.1096
5.2740,pi,6.2800,6.3177,-0.1092,-0.1092
5.2790,pi,6.2800,6.2885,-0.1098,-0.1098
5.2840,pi,6.2800,6.2652,-0.1102,-0.1102
5.2890,pi,6.2800,6.2461,-0.1106,-0.1106
5.2940,pi,6.2800,6.2780,-0.1100,-0.1100
5.2991,pi,6.2800,6.2784,-0.1100,-0.1100
5.3040,pi,6.2800,6.2789,-0.1100,-0.1100
5.3091,pi,6.2800,6.2797,-0.1100,-0.1100
5.3140,pi,6.2800,6.3033,-0.1095,-0.1095
5.3190,pi,6.2800,6.2766,-0.1100,-0.1100
5.3240,pi,6.2800,6.2271,-0.1110,-0.1110
5.3290,pi,6.2800,6.2158,-0.1113,-0.1113
5.3340,pi,6.2800,6.2292,-0.1110,-0.1110
5.3390,pi,6.2800,6.2400,-0.1108,-0.1108
5.3440,pi,6.2800,6.2716,-0.1102,-0.1102
5.3490,pi,6.2800,6.2511,-0.1106,-0.1106
5.3543,pi,6.2800,6.2574,-0.1105,-0.1105
5.3595,pi,6.2800,6.2619,-0.1104,-0.1104
5.3642,pi,6.2800,6.2658,-0.1103,-0.1103
5.3693,pi,6.2800,6.2691,-0.1102,-0.1102
5.3740,pi,6.2800,6.2946,-0.1097,-0.1097
5.3790,pi,6.2800,6.2921,-0.1098,-0.1098
5.3840,pi,6.2800,6.2902,-0.1098,-0.1098
5.3891,pi,6.2800,6.2887,-0.1098,-0.1098
5.3940,pi,6.2800,6.2873,-0.1099,-0.1099
5.3990,pi,6.2800,6.2862,-0.1099,-0.1099
5.4040,pi,6.2800,6.3083,-0.1094,-0.1094
5.4090,pi,6.2800,6.3536,-0.1085,-0.1085
5.4140,pi,6.2800,6.3627,-0.1083,-0.1083
5.4190,pi,6.2800,6.3244,-0.1091,-0.1091
5.4240,pi,6.2800,6.3396,-0.1087,-0.1087
5.4291,pi,6.2800,6.3281,-0.1090,-0.1090
5.4340,pi,6.2800,6.3187,-0.1091,-0.1091
5.4389,pi,6.2800,6.2889,-0.1097,-0.1097
5.4441,pi,6.2800,6.3111,-0.1093,-0.1093
5.4490,pi,6.2800,6.2829,-0.1098,-0.1098
5.4540,pi,6.2800,6.3062,-0.1094,-0.1094
5.4590,pi,6.2800,6.2791,-0.1099,-0.1099
5.4640,pi,6.2800,6.2575,-0.1104,-0.1104
5.4691,pi,6.2800,6.2623,-0.1103,-0.1103
5.4740,pi,6.2800,6.2660,-0.1102,-0.1102
5.4797,pi,6.2800,6.2691,-0.1101,-0.1101
5.4848,pi,6.2800,6.2717,-0.1101,-0.1101
5.4893,pi,6.2800,6.2734,-0.1101,-0.1101
5.4940,pi,6.2800,6.2749,-0.1100,-0.1100
5.4990,pi,6.2800,6.2763,-0.1100,-0.1100
5.5040,pi,6.2800,6.2775,-0.1100,-0.1100
5.5090,pi,6.2800,6.2782,-0.1100,-0.1100
5.5140,pi,6.2800,6.2791,-0.1099,-0.1099
5.5190,pi,6.2800,6.2570,-0.1104,-0.1104
5.5240,pi,6.2800,6.2854,-0.1098,-0.1098
5.5290,pi,6.2800,6.3078,-0.1094,-0.1094
5.5340,pi,6.2800,6.3264,-0.1090,-0.1090
5.5390,pi,6.2800,6.3411,-0.1087,-0.1087
5.5440,pi,6.2800,6.3528,-0.1084,-0.1084
5.5490,pi,6.2800,6.3891,-0.1077,-0.1077
5.5540,pi,6.2800,6.3677,-0.1081,-0.1081
5.5590,pi,6.2800,6.3736,-0.1079,-0.1079
5.5640,pi,6.2800,6.3785,-0.1078,-0.1078
5.5690,pi,6.2800,6.3826,-0.1077,-0.1077
5.5740,pi,6.2800,6.3858,-0.1076,-0.1076
5.5791,pi,6.2800,6.3148,-0.1090,-0.1090
5.5840,pi,6.2800,6.2857,-0.1096,-0.1096
5.5890,pi,6.2800,6.3081,-0.1091,-0.1091
5.5940,pi,6.2800,6.2804,-0.1097,-0.1097
5.5990,pi,6.2800,6.2306,-0.1107,-0.1107
5.6040,pi,6.2800,6.2184,-0.1110,-0.1110
5.6090,pi,6.2800,6.1811,-0.1117,-0.1117
5.6140,pi,6.2800,6.2007,-0.1114,-0.1114
5.6190,pi,6.2800,6.1669,-0.1121,-0.1121
5.6240,pi,6.2800,6.1675,-0.1121,-0.1121
5.6290,pi,6.2800,6.1676,-0.1121,-0.1121
5.6340,pi,6.2800,6.2138,-0.1112,-0.1112
5.6390,pi,6.2800,6.2050,-0.1114,-0.1114
5.6440,pi,6.2800,6.1980,-0.1116,-0.1116
5.6491,pi,6.2800,6.2148,-0.1112,-0.1112
5.6539,pi,6.2800,6.2515,-0.1105,-0.1105
5.6591,pi,6.2800,6.2351,-0.1109,-0.1109
5.6640,pi,6.2800,6.2676,-0.1102,-0.1102
5.6692,pi,6.2800,6.3208,-0.1091,-0.1091
5.6740,pi,6.2800,6.3130,-0.1093,-0.1093
5.6792,pi,6.2800,6.3064,-0.1094,-0.1094
5.6840,pi,6.2800,6.3014,-0.1095,-0.1095
5.6890,pi,6.2800,6.3477,-0.1086,-0.1086
5.6940,pi,6.2800,6.3343,-0.1088,-0.1088
5.6990,pi,6.2800,6.3465,-0.1086,-0.1086
5.7040,pi,6.2800,6.3335,-0.1088,-0.1088
5.7090,pi,6.2800,6.3735,-0.1080,-0.1080
5.7140,pi,6.2800,6.3552,-0.1083,-0.1083
5.7190,pi,6.2800,6.3635,-0.1081,-0.1081
5.7240,pi,6.2800,6.3251,-0.1089,-0.1089
5.7291,pi,6.2800,6.3396,-0.1086,-0.1086
5.7340,pi,6.2800,6.3518,-0.1083,-0.1083
5.7391,pi,6.2800,6.2874,-0.1096,-0.1096
5.7440,pi,6.2800,6.2638,-0.1101,-0.1101
5.7490,pi,6.2800,6.2906,-0.1096,-0.1096
5.7540,pi,6.2800,6.2891,-0.1096,-0.1096
5.7590,pi,6.2800,6.2376,-0.1106,-0.1106
5.7640,pi,6.2800,6.2466,-0.1104,-0.1104
5.7690,pi,6.2800,6.2531,-0.1103,-0.1103
5.7740,pi,6.2800,6.2366,-0.1107,-0.1107
5.7791,pi,6.2800,6.1955,-0.1115,-0.1115
5.7840,pi,6.2800,6.2130,-0.1112,-0.1112
5.7889,pi,6.2800,6.2500,-0.1104,-0.1104
5.7940,pi,6.2800,6.2799,-0.1098,-0.1098
5.7990,pi,6.2800,6.2797,-0.1098,-0.1098
5.8040,pi,6.2800,6.2577,-0.1103,-0.1103
5.8090,pi,6.2800,6.2859,-0.1097,-0.1097
5.8140,pi,6.2800,6.3085,-0.1093,-0.1093
5.8190,pi,6.2800,6.2808,-0.1098,-0.1098
5.8240,pi,6.2800,6.2813,-0.1098,-0.1098
5.8290,pi,6.2800,6.3044,-0.1093,-0.1093
5.8340,pi,6.2800,6.3231,-0.1090,-0.1090
5.8390,pi,6.2800,6.3151,-0.1091,-0.1091
5.8441,pi,6.2800,6.3086,-0.1092,-0.1092
5.8490,pi,6.2800,6.3262,-0.1089,-0.1089
5.8540,pi,6.2800,6.2956,-0.1095,-0.1095
5.8590,pi,6.2800,6.2931,-0.1095,-0.1095
5.8640,pi,6.2800,6.2911,-0.1096,-0.1096
5.8690,pi,6.2800,6.3122,-0.1091,-0.1091
5.8740,pi,6.2800,6.3063,-0.1092,-0.1092
5.8790,pi,6.2800,6.3017,-0.1093,-0.1093
5.8840,pi,6.2800,6.2751,-0.1099,-0.1099
5.8890,pi,6.2800,6.2998,-0.1094,-0.1094
5.8940,pi,6.2800,6.2736,-0.1099,-0.1099
5.8990,pi,6.2800,6.2252,-0.1109,-0.1109
5.9040,pi,6.2800,6.2361,-0.1107,-0.1107
5.9091,pi,6.2800,6.1953,-0.1115,-0.1115
5.9141,pi,6.2800,6.2113,-0.1112,-0.1112
5.9193,pi,6.2800,6.1748,-0.1120,-0.1120
5.9246,pi,6.2800,6.1959,-0.1116,-0.1116
5.9290,pi,6.2800,6.1623,-0.1123,-0.1123
5.9340,pi,6.2800,6.1862,-0.1118,-0.1118
5.9390,pi,6.2800,6.1548,-0.1125,-0.1125
5.9441,pi,6.2800,6.1802,-0.1120,-0.1120
5.9490,pi,6.2800,6.2005,-0.1116,-0.1116
5.9540,pi,6.2800,6.2396,-0.1108,-0.1108
5.9590,pi,6.2800,6.2482,-0.1107,-0.1107
5.9640,pi,6.2800,6.2780,-0.1101,-0.1101
5.9690,pi,6.2800,6.3033,-0.1095,-0.1095
5.9740,pi,6.2800,6.3229,-0.1091,-0.1091
5.9790,pi,6.2800,6.2922,-0.1098,-0.1098
5.9840,pi,6.2800,6.3138,-0.1093,-0.1093
5.9890,pi,6.2800,6.3306,-0.1090,-0.1090
5.9940,pi,6.2800,6.3210,-0.1091,-0.1091
5.9990,pi,6.2800,6.3360,-0.1088,-0.1088
6.0040,pi,6.2800,6.3486,-0.1086,-0.1086
6.0090,pi,6.2800,6.3584,-0.1083,-0.1083
6.0140,pi,6.2800,6.3663,-0.1082,-0.1082
6.0190,pi,6.2800,6.3725,-0.1080,-0.1080
6.0240,pi,6.2800,6.3547,-0.1084,-0.1084
6.0290,pi,6.2800,6.3631,-0.1082,-0.1082
6.0340,pi,6.2800,6.3470,-0.1085,-0.1085
6.0390,pi,6.2800,6.3571,-0.1083,-0.1083
6.0440,pi,6.2800,6.3423,-0.1085,-0.1085
6.0490,pi,6.2800,6.3533,-0.1083,-0.1083
6.0540,pi,6.2800,6.3393,-0.1086,-0.1086
6.0590,pi,6.2800,6.2774,-0.1098,-0.1098
6.0640,pi,6.2800,6.2785,-0.1098,-0.1098
6.0690,pi,6.2800,6.3023,-0.1093,-0.1093
6.0740,pi,6.2800,6.2984,-0.1094,-0.1094
6.0790,pi,6.2800,6.2450,-0.1104,-0.1104
6.0840,pi,6.2800,6.2299,-0.1108,-0.1108
6.0891,pi,6.2800,6.2179,-0.1110,-0.1110
6.0941,pi,6.2800,6.2307,-0.1108,-0.1108
6.0991,pi,6.2800,6.1908,-0.1116,-0.1116
6.1040,pi,6.2800,6.2092,-0.1112,-0.1112
6.1091,pi,6.2800,6.2010,-0.1114,-0.1114
6.1141,pi,6.2800,6.2169,-0.1111,-0.1111
6.1192,pi,6.2800,6.2075,-0.1113,-0.1113
6.1240,pi,6.2800,6.2226,-0.1110,-0.1110
6.1291,pi,6.2800,6.2336,-0.1108,-0.1108
6.1340,pi,6.2800,6.2664,-0.1102,-0.1102
6.1390,pi,6.2800,6.2469,-0.1106,-0.1106
6.1444,pi,6.2800,6.2539,-0.1104,-0.1104
6.1490,pi,6.2800,6.3097,-0.1093,-0.1093
6.1539,pi,6.2800,6.3275,-0.1090,-0.1090
6.1590,pi,6.2800,6.2959,-0.1096,-0.1096
6.1640,pi,6.2800,6.3164,-0.1092,-0.1092
6.1690,pi,6.2800,6.3334,-0.1088,-0.1088
6.1740,pi,6.2800,6.3463,-0.1085,-0.1085
6.1793,pi,6.2800,6.3095,-0.1093,-0.1093
6.1841,pi,6.2800,6.3039,-0.1094,-0.1094
6.1890,pi,6.2800,6.3225,-0.1090,-0.1090
6.1941,pi,6.2800,6.3372,-0.1087,-0.1087
6.1991,pi,6.2800,6.3496,-0.1084,-0.1084
6.2040,pi,6.2800,6.3363,-0.1087,-0.1087
6.2089,pi,6.2800,6.3486,-0.1084,-0.1084
6.2141,pi,6.2800,6.3351,-0.1087,-0.1087
6.2190,pi,6.2800,6.2743,-0.1099,-0.1099
6.2239,pi,6.2800,6.2533,-0.1103,-0.1103
6.2290,pi,6.2800,6.2822,-0.1097,-0.1097
6.2340,pi,6.2800,6.3065,-0.1092,-0.1092
6.2390,pi,6.2800,6.2514,-0.1103,-0.1103
6.2440,pi,6.2800,6.2349,-0.1107,-0.1107
6.2490,pi,6.2800,6.2220,-0.1110,-0.1110
6.2541,pi,6.2800,6.2339,-0.1107,-0.1107
6.2590,pi,6.2800,6.1930,-0.1116,-0.1116
6.2640,pi,6.2800,6.1880,-0.1117,-0.1117
6.2692,pi,6.2800,6.1846,-0.1118,-0.1118
6.2740,pi,6.2800,6.2039,-0.1114,-0.1114
6.2798,pi,6.2800,6.1688,-0.1121,-0.1121
6.2849,pi,6.2800,6.1911,-0.1117,-0.1117
6.2893,pi,6.2800,6.2087,-0.1114,-0.1114
6.2940,pi,6.2800,6.2232,-0.1111,-0.1111
6.2989,pi,6.2800,6.2126,-0.1113,-0.1113
6.3040,pi,6.2800,6.2496,-0.1106,-0.1106
6.3090,pi,6.2800,6.2796,-0.1100,-0.1100
6.3140,pi,6.2800,6.2798,-0.1100,-0.1100
6.3191,pi,6.2800,6.2804,-0.1100,-0.1100
6.3240,pi,6.2800,6.3038,-0.1095,-0.1095
6.3290,pi,6.2800,6.3229,-0.1091,-0.1091
6.3340,pi,6.2800,6.3383,-0.1088,-0.1088
6.3390,pi,6.2800,6.3506,-0.1085,-0.1085
6.3440,pi,6.2800,6.3608,-0.1083,-0.1083
6.3490,pi,6.2800,6.3954,-0.1076,-0.1076
6.3540,pi,6.2800,6.3728,-0.1080,-0.1080
6.3590,pi,6.2800,6.3548,-0.1084,-0.1084
6.3640,pi,6.2800,6.3175,-0.1091,-0.1091
6.3690,pi,6.2800,6.3341,-0.1088,-0.1088
6.3740,pi,6.2800,6.3469,-0.1085,-0.1085
6.3790,pi,6.2800,6.3571,-0.1083,-0.1083
6.3840,pi,6.2800,6.3422,-0.1085,-0.1085
6.3891,pi,6.2800,6.3303,-0.1088,-0.1088
6.3943,pi,6.2800,6.3203,-0.1090,-0.1090
6.3990,pi,6.2800,6.2627,-0.1101,-0.1101
6.4041,pi,6.2800,6.2658,-0.1101,-0.1101
6.4089,pi,6.2800,6.2921,-0.1095,-0.1095
6.4140,pi,6.2800,6.2676,-0.1100,-0.1100
6.4191,pi,6.2800,6.2201,-0.1110,-0.1110
6.4240,pi,6.2800,6.2327,-0.1107,-0.1107
6.4290,pi,6.2800,6.2425,-0.1106,-0.1106
6.4340,pi,6.2800,6.2279,-0.1109,-0.1109
6.4391,pi,6.2800,6.2163,-0.1111,-0.1111
6.4440,pi,6.2800,6.2070,-0.1113,-0.1113
6.4490,pi,6.2800,6.2458,-0.1106,-0.1106
6.4542,pi,6.2800,6.2765,-0.1099,-0.1099
6.4605,pi,6.2800,6.2759,-0.1100,-0.1100
6.4660,pi,6.2800,6.2759,-0.1100,-0.1100
6.4712,pi,6.2800,6.3259,-0.1089,-0.1089
6.4764,pi,6.2800,6.3170,-0.1091,-0.1091
6.4832,pi,6.2800,6.3053,-0.1093,-0.1093
6.4890,pi,6.2800,6.2984,-0.1095,-0.1095
6.4939,pi,6.2800,6.3438,-0.1085,-0.1085
6.5001,pi,6.2800,6.3252,-0.1089,-0.1089
6.5047,pi,6.2800,6.3129,-0.1091,-0.1091
6.5098,pi,6.2800,6.3043,-0.1093,-0.1093
6.5157,pi,6.2800,6.2952,-0.1095,-0.1095
6.5223,pi,6.2800,6.2913,-0.1096,-0.1096
6.5274,pi,6.2800,6.2892,-0.1096,-0.1096
6.5325,pi,6.2800,6.2852,-0.1097,-0.1097
6.5370,pi,6.2800,6.3060,-0.1093,-0.1093
6.5424,pi,6.2800,6.2815,-0.1097,-0.1097
6.5478,pi,6.2800,6.3064,-0.1092,-0.1092
6.5528,pi,6.2800,6.2773,-0.1098,-0.1098
6.5589,pi,6.2800,6.3049,-0.1093,-0.1093
6.5669,pi,6.2800,6.2800,-0.1098,-0.1098
6.5724,pi,6.2800,6.2796,-0.1098,-0.1098
6.5777,pi,6.2800,6.2559,-0.1103,-0.1103
6.5842,pi,6.2800,6.2544,-0.1103,-0.1103
6.5888,pi,6.2800,6.2385,-0.1106,-0.1106
6.5938,pi,6.2800,6.1330,-0.1128,-0.1128
6.5993,pi,6.2800,6.0843,-0.1138,-0.1138
6.6063,pi,6.2800,6.0237,-0.1151,-0.1151
6.6126,pi,6.2800,5.9717,-0.1162,-0.1162
6.6173,pi,6.2800,5.9058,-0.1176,-0.1176
6.6219,pi,6.2800,5.8818,-0.1182,-0.1182
6.6265,pi,6.2800,5.8930,-0.1180,-0.1180
6.6315,pi,6.2800,5.8621,-0.1188,-0.1188
6.6356,pi,6.2800,5.8976,-0.1181,-0.1181
6.6399,pi,6.2800,5.8685,-0.1188,-0.1188
6.6440,pi,6.2800,5.8535,-0.1193,-0.1193
6.6479,pi,6.2800,5.8992,-0.1184,-0.1184
6.6519,pi,6.2800,5.9758,-0.1170,-0.1170
6.6562,pi,6.2800,6.0597,-0.1153,-0.1153
6.6610,pi,6.2800,6.1310,-0.1140,-0.1140
6.6652,pi,6.2800,6.2067,-0.1125,-0.1125
6.6691,pi,6.2800,6.2941,-0.1107,-0.1107
6.6735,pi,6.2800,6.3160,-0.1103,-0.1103
6.6788,pi,6.2800,6.3790,-0.1090,-0.1090
6.6829,pi,6.2800,6.4602,-0.1073,-0.1073
6.6867,pi,6.2800,6.4925,-0.1066,-0.1066
6.6906,pi,6.2800,6.5508,-0.1054,-0.1054
6.6944,pi,6.2800,6.5661,-0.1050,-0.1050
6.6982,pi,6.2800,6.5798,-0.1047,-0.1047
6.7020,pi,6.2800,6.5432,-0.1053,-0.1053
6.7058,pi,6.2800,6.5605,-0.1049,-0.1049
6.7096,pi,6.2800,6.5283,-0.1055,-0.1055
6.7140,pi,6.2800,6.5025,-0.1059,-0.1059
6.7190,pi,6.2800,6.4816,-0.1063,-0.1063
6.7240,pi,6.2800,6.4652,-0.1066,-0.1066
6.7290,pi,6.2800,6.4068,-0.1077,-0.1077
6.7340,pi,6.2800,6.4063,-0.1077,-0.1077
6.7390,pi,6.2800,6.3816,-0.1082,-0.1082
6.7440,pi,6.2800,6.3617,-0.1086,-0.1086
6.7490,pi,6.2800,6.3230,-0.1093,-0.1093
6.7540,pi,6.2800,6.3385,-0.1090,-0.1090
6.7594,pi,6.2800,6.3259,-0.1092,-0.1092
6.7648,pi,6.2800,6.2665,-0.1104,-0.1104
6.7694,pi,6.2800,6.2686,-0.1104,-0.1104
6.7744,pi,6.2800,6.2203,-0.1114,-0.1114
6.7790,pi,6.2800,6.2321,-0.1111,-0.1111
6.7840,pi,6.2800,6.1921,-0.1120,-0.1120
6.7889,pi,6.2800,6.1874,-0.1121,-0.1121
6.7941,pi,6.2800,6.1560,-0.1127,-0.1127
6.7990,pi,6.2800,6.1810,-0.1123,-0.1123
6.8040,pi,6.2800,6.1509,-0.1129,-0.1129
6.8090,pi,6.2800,6.1541,-0.1129,-0.1129
6.8141,pi,6.2800,6.2037,-0.1119,-0.1119
6.8190,pi,6.2800,6.2430,-0.1111,-0.1111
6.8240,pi,6.2800,6.2749,-0.1105,-0.1105
6.8290,pi,6.2800,6.3001,-0.1100,-0.1100
6.8340,pi,6.2800,6.3202,-0.1096,-0.1096
6.8390,pi,6.2800,6.3126,-0.1097,-0.1097
6.8440,pi,6.2800,6.3295,-0.1094,-0.1094
6.8490,pi,6.2800,6.3431,-0.1091,-0.1091
6.8540,pi,6.2800,6.3542,-0.1088,-0.1088
6.8590,pi,6.2800,6.3629,-0.1086,-0.1086
6.8640,pi,6.2800,6.3465,-0.1089,-0.1089
6.8695,pi,6.2800,6.3327,-0.1092,-0.1092
6.8745,pi,6.2800,6.3222,-0.1094,-0.1094
6.8790,pi,6.2800,6.3139,-0.1096,-0.1096
6.8840,pi,6.2800,6.3307,-0.1092,-0.1092
6.8890,pi,6.2800,6.2984,-0.1099,-0.1099
6.8940,pi,6.2800,6.3184,-0.1094,-0.1094
6.8990,pi,6.2800,6.2885,-0.1100,-0.1100
6.9040,pi,6.2800,6.3105,-0.1096,-0.1096
6.9090,pi,6.2800,6.2822,-0.1102,-0.1102
6.9140,pi,6.2800,6.3055,-0.1097,-0.1097
6.9190,pi,6.2800,6.2788,-0.1102,-0.1102
6.9240,pi,6.2800,6.3040,-0.1097,-0.1097
6.9292,pi,6.2800,6.2771,-0.1102,-0.1102
6.9340,pi,6.2800,6.2778,-0.1102,-0.1102
6.9390,pi,6.2800,6.2787,-0.1102,-0.1102
6.9440,pi,6.2800,6.3025,-0.1097,-0.1097
6.9490,pi,6.2800,6.2757,-0.1103,-0.1103
6.9540,pi,6.2800,6.2771,-0.1102,-0.1102
6.9590,pi,6.2800,6.2782,-0.1102,-0.1102
6.9640,pi,6.2800,6.2789,-0.1102,-0.1102
6.9690,pi,6.2800,6.2797,-0.1102,-0.1102
6.9740,pi,6.2800,6.2804,-0.1102,-0.1102
6.9792,pi,6.2800,6.2573,-0.1106,-0.1106
6.9841,pi,6.2800,6.2602,-0.1106,-0.1106
6.9893,pi,6.2800,6.3138,-0.1095,-0.1095
6.9951,pi,6.2800,6.3038,-0.1097,-0.1097
7.0000,pi,6.2800,6.2966,-0.1098,-0.1098
7.0048,pi,6.2800,6.2920,-0.1099,-0.1099
7.0107,pi,6.2800,6.2866,-0.1100,-0.1100
7.0175,pi,6.2800,6.2831,-0.1101,-0.1101
7.0229,pi,6.2800,6.2780,-0.1102,-0.1102
7.0278,pi,6.2800,6.2766,-0.1102,-0.1102
7.0327,pi,6.2800,6.2760,-0.1103,-0.1103
7.0367,pi,6.2800,6.2998,-0.1098,-0.1098
7.0406,pi,6.2800,6.2762,-0.1102,-0.1102
7.0448,pi,6.2800,6.2555,-0.1107,-0.1107
7.0492,pi,6.2800,6.2411,-0.1110,-0.1110
7.0540,pi,6.2800,6.2749,-0.1103,-0.1103
7.0590,pi,6.2800,6.2556,-0.1107,-0.1107
7.0639,pi,6.2800,6.2876,-0.1100,-0.1100
7.0690,pi,6.2800,6.2668,-0.1105,-0.1105
7.0740,pi,6.2800,6.2976,-0.1098,-0.1098
7.0791,pi,6.2800,6.2736,-0.1103,-0.1103
7.0841,pi,6.2800,6.3002,-0.1098,-0.1098
7.0891,pi,6.2800,6.2966,-0.1099,-0.1099
7.0940,pi,6.2800,6.2924,-0.1099,-0.1099
7.0991,pi,6.2800,6.2893,-0.1100,-0.1100
7.1043,pi,6.2800,6.2878,-0.1100,-0.1100
7.1097,pi,6.2800,6.3350,-0.1091,-0.1091
7.1142,pi,6.2800,6.3236,-0.1093,-0.1093
7.1191,pi,6.2800,6.3144,-0.1095,-0.1095
7.1240,pi,6.2800,6.3307,-0.1091,-0.1091
7.1291,pi,6.2800,6.3444,-0.1088,-0.1088
7.1342,pi,6.2800,6.3318,-0.1091,-0.1091
7.1390,pi,6.2800,6.3454,-0.1088,-0.1088
7.1442,pi,6.2800,6.3556,-0.1086,-0.1086
7.1490,pi,6.2800,6.3651,-0.1083,-0.1083
7.1540,pi,6.2800,6.3732,-0.1082,-0.1082
7.1590,pi,6.2800,6.3790,-0.1080,-0.1080
7.1641,pi,6.2800,6.3392,-0.1088,-0.1088
7.1690,pi,6.2800,6.3518,-0.1085,-0.1085
7.1740,pi,6.2800,6.3621,-0.1083,-0.1083
7.1790,pi,6.2800,6.3693,-0.1081,-0.1081
7.1840,pi,6.2800,6.3288,-0.1089,-0.1089
7.1891,pi,6.2800,6.3194,-0.1091,-0.1091
7.1940,pi,6.2800,6.3119,-0.1093,-0.1093
7.1990,pi,6.2800,6.2560,-0.1104,-0.1104
7.2040,pi,6.2800,6.2610,-0.1103,-0.1103
7.2091,pi,6.2800,6.2641,-0.1102,-0.1102
7.2140,pi,6.2800,6.2676,-0.1102,-0.1102
7.2190,pi,6.2800,6.2695,-0.1101,-0.1101
7.2240,pi,6.2800,6.2719,-0.1101,-0.1101
7.2290,pi,6.2800,6.2739,-0.1100,-0.1100
7.2342,pi,6.2800,6.2752,-0.1100,-0.1100
7.2397,pi,6.2800,6.2260,-0.1110,-0.1110
7.2449,pi,6.2800,6.2372,-0.1108,-0.1108
7.2490,pi,6.2800,6.2460,-0.1106,-0.1106
7.2540,pi,6.2800,6.2765,-0.1100,-0.1100
7.2589,pi,6.2800,6.2553,-0.1104,-0.1104
7.2641,pi,6.2800,6.2392,-0.1108,-0.1108
7.2692,pi,6.2800,6.2707,-0.1102,-0.1102
7.2741,pi,6.2800,6.2727,-0.1101,-0.1101
7.2791,pi,6.2800,6.2740,-0.1101,-0.1101
7.2841,pi,6.2800,6.2528,-0.1105,-0.1105
7.2889,pi,6.2800,6.2825,-0.1099,-0.1099
7.2940,pi,6.2800,6.3064,-0.1094,-0.1094
7.2990,pi,6.2800,6.3256,-0.1090,-0.1090
7.3040,pi,6.2800,6.3865,-0.1078,-0.1078
7.3090,pi,6.2800,6.3889,-0.1077,-0.1077
7.3142,pi,6.2800,6.3670,-0.1081,-0.1081
7.3189,pi,6.2800,6.3726,-0.1080,-0.1080
7.3241,pi,6.2800,6.4040,-0.1073,-0.1073
7.3289,pi,6.2800,6.4034,-0.1073,-0.1073
7.3341,pi,6.2800,6.3575,-0.1082,-0.1082
7.3394,pi,6.2800,6.3420,-0.1085,-0.1085
7.3445,pi,6.2800,6.3293,-0.1088,-0.1088
7.3490,pi,6.2800,6.3198,-0.1089,-0.1089
7.3540,pi,6.2800,6.2898,-0.1095,-0.1095
7.3589,pi,6.2800,6.2660,-0.1100,-0.1100
7.3640,pi,6.2800,6.2466,-0.1104,-0.1104
7.3690,pi,6.2800,6.2774,-0.1098,-0.1098
7.3740,pi,6.2800,6.2563,-0.1102,-0.1102
7.3790,pi,6.2800,6.2616,-0.1101,-0.1101
7.3840,pi,6.2800,6.2654,-0.1101,-0.1101
7.3890,pi,6.2800,6.2915,-0.1095,-0.1095
7.3940,pi,6.2800,6.2674,-0.1100,-0.1100
7.3990,pi,6.2800,6.2942,-0.1095,-0.1095
7.4041,pi,6.2800,6.2915,-0.1095,-0.1095
7.4092,pi,6.2800,6.2888,-0.1096,-0.1096
7.4145,pi,6.2800,6.2866,-0.1096,-0.1096
7.4192,pi,6.2800,6.2855,-0.1096,-0.1096
7.4240,pi,6.2800,6.2848,-0.1097,-0.1097
7.4291,pi,6.2800,6.2837,-0.1097,-0.1097
7.4341,pi,6.2800,6.2605,-0.1101,-0.1101
7.4390,pi,6.2800,6.2882,-0.1096,-0.1096
7.4444,pi,6.2800,6.3366,-0.1086,-0.1086
7.4493,pi,6.2800,6.3250,-0.1088,-0.1088
7.4540,pi,6.2800,6.2936,-0.1095,-0.1095
7.4590,pi,6.2800,6.3148,-0.1090,-0.1090
7.4639,pi,6.2800,6.3322,-0.1087,-0.1087
7.4690,pi,6.2800,6.3461,-0.1084,-0.1084
7.4740,pi,6.2800,6.3112,-0.1091,-0.1091
7.4790,pi,6.2800,6.3287,-0.1087,-0.1087
7.4840,pi,6.2800,6.3432,-0.1084,-0.1084
7.4890,pi,6.2800,6.3543,-0.1081,-0.1081
7.4940,pi,6.2800,6.3172,-0.1089,-0.1089
7.4991,pi,6.2800,6.2887,-0.1094,-0.1094
7.5040,pi,6.2800,6.2653,-0.1099,-0.1099
7.5090,pi,6.2800,6.2686,-0.1099,-0.1099
7.5140,pi,6.2800,6.2209,-0.1108,-0.1108
7.5190,pi,6.2800,6.2332,-0.1106,-0.1106
7.5240,pi,6.2800,6.2431,-0.1104,-0.1104
7.5290,pi,6.2800,6.2510,-0.1103,-0.1103
7.5340,pi,6.2800,6.2069,-0.1112,-0.1112
7.5389,pi,6.2800,6.1993,-0.1113,-0.1113
7.5440,pi,6.2800,6.1933,-0.1115,-0.1115
7.5490,pi,6.2800,6.2342,-0.1107,-0.1107
7.5540,pi,6.2800,6.2211,-0.1109,-0.1109
7.5590,pi,6.2800,6.2566,-0.1102,-0.1102
7.5640,pi,6.2800,6.2392,-0.1106,-0.1106
7.5690,pi,6.2800,6.2711,-0.1100,-0.1100
7.5740,pi,6.2800,6.2508,-0.1104,-0.1104
7.5790,pi,6.2800,6.2801,-0.1098,-0.1098
7.5841,pi,6.2800,6.3307,-0.1088,-0.1088
7.5890,pi,6.2800,6.3208,-0.1089,-0.1089
7.5940,pi,6.2800,6.3128,-0.1091,-0.1091
7.5991,pi,6.2800,6.3066,-0.1092,-0.1092
7.6040,pi,6.2800,6.3520,-0.1083,-0.1083
7.6091,pi,6.2800,6.3380,-0.1086,-0.1086
7.6140,pi,6.2800,6.3770,-0.1077,-0.1077
7.6191,pi,6.2800,6.3579,-0.1081,-0.1081
7.6240,pi,6.2800,6.3929,-0.1074,-0.1074
7.6291,pi,6.2800,6.3706,-0.1078,-0.1078
7.6340,pi,6.2800,6.3758,-0.1077,-0.1077
7.6391,pi,6.2800,6.3346,-0.1085,-0.1085
7.6440,pi,6.2800,6.3473,-0.1082,-0.1082
7.6490,pi,6.2800,6.3574,-0.1080,-0.1080
7.6541,pi,6.2800,6.2921,-0.1093,-0.1093
7.6590,pi,6.2800,6.2675,-0.1098,-0.1098
7.6640,pi,6.2800,6.2479,-0.1102,-0.1102
7.6690,pi,6.2800,6.2548,-0.1101,-0.1101
7.6745,pi,6.2800,6.2096,-0.1110,-0.1110
7.6795,pi,6.2800,6.2237,-0.1107,-0.1107
7.6843,pi,6.2800,6.1853,-0.1115,-0.1115
7.6890,pi,6.2800,6.2047,-0.1111,-0.1111
7.6940,pi,6.2800,6.1701,-0.1119,-0.1119
7.6989,pi,6.2800,6.1701,-0.1119,-0.1119
7.7041,pi,6.2800,6.1699,-0.1119,-0.1119
7.7090,pi,6.2800,6.1924,-0.1115,-0.1115
7.7140,pi,6.2800,6.2104,-0.1111,-0.1111
7.7190,pi,6.2800,6.2477,-0.1104,-0.1104
7.7240,pi,6.2800,6.2323,-0.1107,-0.1107
7.7290,pi,6.2800,6.2657,-0.1101,-0.1101
7.7343,pi,6.2800,6.2688,-0.1100,-0.1100
7.7392,pi,6.2800,6.2714,-0.1100,-0.1100
7.7444,pi,6.2800,6.3235,-0.1089,-0.1089
7.7490,pi,6.2800,6.3150,-0.1091,-0.1091
7.7539,pi,6.2800,6.2855,-0.1097,-0.1097
7.7590,pi,6.2800,6.3080,-0.1092,-0.1092
7.7640,pi,6.2800,6.3260,-0.1088,-0.1088
7.7691,pi,6.2800,6.3173,-0.1090,-0.1090
7.7740,pi,6.2800,6.3605,-0.1081,-0.1081
7.7790,pi,6.2800,6.3677,-0.1079,-0.1079
7.7840,pi,6.2800,6.3736,-0.1078,-0.1078
7.7891,pi,6.2800,6.3788,-0.1077,-0.1077
7.7940,pi,6.2800,6.3829,-0.1076,-0.1076
7.7991,pi,6.2800,6.3405,-0.1084,-0.1084
7.8040,pi,6.2800,6.3521,-0.1081,-0.1081
7.8090,pi,6.2800,6.3381,-0.1084,-0.1084
7.8140,pi,6.2800,6.2769,-0.1096,-0.1096
7.8190,pi,6.2800,6.2552,-0.1101,-0.1101
7.8241,pi,6.2800,6.2106,-0.1110,-0.1110
7.8289,pi,6.2800,6.2022,-0.1112,-0.1112
7.8341,pi,6.2800,6.1664,-0.1119,-0.1119
7.8390,pi,6.2800,6.1669,-0.1119,-0.1119
7.8441,pi,6.2800,6.1390,-0.1125,-0.1125
7.8490,pi,6.2800,6.1677,-0.1120,-0.1120
7.8541,pi,6.2800,6.1401,-0.1126,-0.1126
7.8590,pi,6.2800,6.1686,-0.1120,-0.1120
7.8640,pi,6.2800,6.1914,-0.1116,-0.1116
7.8689,pi,6.2800,6.2325,-0.1108,-0.1108
7.8741,pi,6.2800,6.2427,-0.1106,-0.1106
7.8790,pi,6.2800,6.2505,-0.1104,-0.1104
7.8840,pi,6.2800,6.2339,-0.1108,-0.1108
7.8890,pi,6.2800,6.2437,-0.1106,-0.1106
7.8941,pi,6.2800,6.2286,-0.1109,-0.1109
7.8991,pi,6.2800,6.2395,-0.1107,-0.1107
7.9040,pi,6.2800,6.2253,-0.1110,-0.1110
7.9090,pi,6.2800,6.2600,-0.1103,-0.1103
7.9140,pi,6.2800,6.2646,-0.1102,-0.1102
7.9191,pi,6.2800,6.2681,-0.1102,-0.1102
7.9240,pi,6.2800,6.2940,-0.1096,-0.1096
7.9291,pi,6.2800,6.3146,-0.1092,-0.1092
7.9341,pi,6.2800,6.3312,-0.1089,-0.1089
7.9394,pi,6.2800,6.3206,-0.1091,-0.1091
7.9450,pi,6.2800,6.3626,-0.1082,-0.1082
7.9496,pi,6.2800,6.3455,-0.1085,-0.1085
7.9543,pi,6.2800,6.3825,-0.1078,-0.1078
7.9593,pi,6.2800,6.3605,-0.1082,-0.1082
7.9648,pi,6.2800,6.3939,-0.1075,-0.1075
7.9695,pi,6.2800,6.3704,-0.1079,-0.1079
7.9743,pi,6.2800,6.3024,-0.1093,-0.1093
7.9791,pi,6.2800,6.2983,-0.1094,-0.1094
7.9841,pi,6.2800,6.2440,-0.1105,-0.1105
7.9890,pi,6.2800,6.2288,-0.1108,-0.1108
7.9942,pi,6.2800,6.2173,-0.1110,-0.1110
7.9991,pi,6.2800,6.2085,-0.1112,-0.1112
8.0041,pi,6.2800,6.2014,-0.1114,-0.1114
8.0091,pi,6.2800,6.1955,-0.1115,-0.1115
8.0142,pi,6.2800,6.1916,-0.1116,-0.1116
8.0191,pi,6.2800,6.1881,-0.1117,-0.1117
8.0250,pi,6.2800,6.2067,-0.1114,-0.1114
8.0298,pi,6.2800,6.2212,-0.1111,-0.1111
8.0345,pi,6.2800,6.2326,-0.1109,-0.1109
8.0394,pi,6.2800,6.2419,-0.1107,-0.1107
8.0447,pi,6.2800,6.2493,-0.1106,-0.1106
8.0498,pi,6.2800,6.2544,-0.1105,-0.1105
8.0543,pi,6.2800,6.2595,-0.1104,-0.1104
8.0595,pi,6.2800,6.2629,-0.1103,-0.1103
8.0646,pi,6.2800,6.2667,-0.1102,-0.1102
8.0692,pi,6.2800,6.2692,-0.1102,-0.1102
8.0745,pi,6.2800,6.2485,-0.1106,-0.1106
8.0796,pi,6.2800,6.2784,-0.1100,-0.1100
8.0842,pi,6.2800,6.3021,-0.1095,-0.1095
8.0894,pi,6.2800,6.3221,-0.1091,-0.1091
8.0942,pi,6.2800,6.2923,-0.1097,-0.1097
8.0990,pi,6.2800,6.3143,-0.1093,-0.1093
8.1040,pi,6.2800,6.3326,-0.1089,-0.1089
8.1090,pi,6.2800,6.3466,-0.1086,-0.1086
8.1140,pi,6.2800,6.3582,-0.1083,-0.1083
8.1191,pi,6.2800,6.3660,-0.1082,-0.1082
8.1242,pi,6.2800,6.3725,-0.1080,-0.1080
8.1292,pi,6.2800,6.3779,-0.1079,-0.1079
8.1340,pi,6.2800,6.3364,-0.1087,-0.1087
8.1390,pi,6.2800,6.3044,-0.1093,-0.1093
8.1440,pi,6.2800,6.3239,-0.1089,-0.1089
8.1490,pi,6.2800,6.3389,-0.1086,-0.1086
8.1540,pi,6.2800,6.2775,-0.1098,-0.1098
8.1590,pi,6.2800,6.2558,-0.1103,-0.1103
8.1640,pi,6.2800,6.2385,-0.1106,-0.1106
8.1690,pi,6.2800,6.2248,-0.1109,-0.1109
8.1740,pi,6.2800,6.2146,-0.1111,-0.1111
8.1792,pi,6.2800,6.2060,-0.1113,-0.1113
8.1841,pi,6.2800,6.2213,-0.1110,-0.1110
8.1890,pi,6.2800,6.2331,-0.1108,-0.1108
8.1940,pi,6.2800,6.1925,-0.1116,-0.1116
8.1990,pi,6.2800,6.2106,-0.1113,-0.1113
8.2041,pi,6.2800,6.2250,-0.1110,-0.1110
8.2091,pi,6.2800,6.2362,-0.1108,-0.1108
8.2140,pi,6.2800,6.2454,-0.1106,-0.1106
8.2190,pi,6.2800,6.2526,-0.1105,-0.1105
8.2239,pi,6.2800,6.2816,-0.1099,-0.1099
8.2290,pi,6.2800,6.3047,-0.1095,-0.1095
8.2340,pi,6.2800,6.2775,-0.1100,-0.1100
8.2390,pi,6.2800,6.3023,-0.1095,-0.1095
8.2440,pi,6.2800,6.3217,-0.1091,-0.1091
8.2490,pi,6.2800,6.3373,-0.1088,-0.1088
8.2540,pi,6.2800,6.3494,-0.1085,-0.1085
8.2590,pi,6.2800,6.3587,-0.1083,-0.1083
8.2640,pi,6.2800,6.3937,-0.1076,-0.1076
8.2691,pi,6.2800,6.3944,-0.1075,-0.1075
8.2741,pi,6.2800,6.3715,-0.1080,-0.1080
8.2795,pi,6.2800,6.3534,-0.1083,-0.1083
8.2844,pi,6.2800,6.3892,-0.1076,-0.1076
8.2891,pi,6.2800,6.3679,-0.1080,-0.1080
8.2940,pi,6.2800,6.3008,-0.1093,-0.1093
8.2989,pi,6.2800,6.2745,-0.1098,-0.1098
8.3041,pi,6.2800,6.2238,-0.1109,-0.1109
8.3090,pi,6.2800,6.2128,-0.1111,-0.1111
8.3140,pi,6.2800,6.2044,-0.1113,-0.1113
8.3190,pi,6.2800,6.1976,-0.1114,-0.1114
8.3241,pi,6.2800,6.1922,-0.1116,-0.1116
8.3290,pi,6.2800,6.1880,-0.1117,-0.1117
8.3340,pi,6.2800,6.1847,-0.1118,-0.1118
8.3391,pi,6.2800,6.2042,-0.1114,-0.1114
8.3443,pi,6.2800,6.2194,-0.1111,-0.1111
8.3491,pi,6.2800,6.2317,-0.1109,-0.1109
8.3544,pi,6.2800,6.2177,-0.1112,-0.1112
8.3590,pi,6.2800,6.2306,-0.1109,-0.1109
8.3642,pi,6.2800,6.2409,-0.1107,-0.1107
8.3690,pi,6.2800,6.2490,-0.1106,-0.1106
8.3740,pi,6.2800,6.2558,-0.1104,-0.1104
8.3790,pi,6.2800,6.2611,-0.1103,-0.1103
8.3840,pi,6.2800,6.2884,-0.1098,-0.1098
8.3890,pi,6.2800,6.3101,-0.1094,-0.1094
8.3940,pi,6.2800,6.3281,-0.1090,-0.1090
8.3990,pi,6.2800,6.3425,-0.1087,-0.1087
8.4040,pi,6.2800,6.3538,-0.1084,-0.1084
8.4091,pi,6.2800,6.3397,-0.1087,-0.1087
8.4140,pi,6.2800,6.3514,-0.1085,-0.1085
8.4190,pi,6.2800,6.3607,-0.1082,-0.1082
8.4240,pi,6.2800,6.3954,-0.1075,-0.1075
8.4290,pi,6.2800,6.3957,-0.1075,-0.1075
8.4340,pi,6.2800,6.3962,-0.1074,-0.1074
8.4390,pi,6.2800,6.3735,-0.1079,-0.1079
8.4440,pi,6.2800,6.3553,-0.1082,-0.1082
8.4490,pi,6.2800,6.3409,-0.1085,-0.1085
8.4540,pi,6.2800,6.3293,-0.1087,-0.1087
8.4590,pi,6.2800,6.2971,-0.1094,-0.1094
8.4640,pi,6.2800,6.3175,-0.1089,-0.1089
8.4690,pi,6.2800,6.3106,-0.1091,-0.1091
8.4740,pi,6.2800,6.3047,-0.1092,-0.1092
8.4790,pi,6.2800,6.3003,-0.1093,-0.1093
8.4840,pi,6.2800,6.3198,-0.1089,-0.1089
8.4890,pi,6.2800,6.2898,-0.1095,-0.1095
8.4940,pi,6.2800,6.2660,-0.1099,-0.1099
8.4990,pi,6.2800,6.2467,-0.1103,-0.1103
8.5040,pi,6.2800,6.2772,-0.1097,-0.1097
8.5090,pi,6.2800,6.2559,-0.1102,-0.1102
8.5140,pi,6.2800,6.2109,-0.1111,-0.1111
8.5190,pi,6.2800,6.2024,-0.1113,-0.1113
8.5240,pi,6.2800,6.2416,-0.1105,-0.1105
8.5292,pi,6.2800,6.2496,-0.1103,-0.1103
8.5340,pi,6.2800,6.2056,-0.1112,-0.1112
8.5391,pi,6.2800,6.2193,-0.1110,-0.1110
8.5440,pi,6.2800,6.2815,-0.1097,-0.1097
8.5490,pi,6.2800,6.2818,-0.1097,-0.1097
8.5540,pi,6.2800,6.2313,-0.1108,-0.1108
8.5590,pi,6.2800,6.2413,-0.1106,-0.1106
8.5640,pi,6.2800,6.2723,-0.1099,-0.1099
8.5692,pi,6.2800,6.2743,-0.1099,-0.1099
8.5740,pi,6.2800,6.2990,-0.1094,-0.1094
8.5790,pi,6.2800,6.2730,-0.1099,-0.1099
8.5840,pi,6.2800,6.2983,-0.1094,-0.1094
8.5890,pi,6.2800,6.3185,-0.1090,-0.1090
8.5940,pi,6.2800,6.3361,-0.1086,-0.1086
8.5990,pi,6.2800,6.3026,-0.1093,-0.1093
8.6040,pi,6.2800,6.3217,-0.1089,-0.1089
8.6090,pi,6.2800,6.3372,-0.1086,-0.1086
8.6140,pi,6.2800,6.3495,-0.1083,-0.1083
8.6190,pi,6.2800,6.3129,-0.1090,-0.1090
8.6240,pi,6.2800,6.3070,-0.1092,-0.1092
8.6290,pi,6.2800,6.3020,-0.1093,-0.1093
8.6340,pi,6.2800,6.3211,-0.1089,-0.1089
8.6390,pi,6.2800,6.2910,-0.1095,-0.1095
8.6440,pi,6.2800,6.3124,-0.1090,-0.1090
8.6490,pi,6.2800,6.2837,-0.1096,-0.1096
8.6540,pi,6.2800,6.3066,-0.1091,-0.1091
8.6590,pi,6.2800,6.2791,-0.1097,-0.1097
8.6640,pi,6.2800,6.2799,-0.1097,-0.1097
8.6689,pi,6.2800,6.2576,-0.1101,-0.1101
8.6741,pi,6.2800,6.2121,-0.1110,-0.1110
8.6790,pi,6.2800,6.2259,-0.1108,-0.1108
8.6840,pi,6.2800,6.2604,-0.1101,-0.1101
8.6889,pi,6.2800,6.2422,-0.1105,-0.1105
8.6940,pi,6.2800,6.2490,-0.1103,-0.1103
8.6990,pi,6.2800,6.2557,-0.1102,-0.1102
8.7040,pi,6.2800,6.2841,-0.1096,-0.1096
8.7089,pi,6.2800,6.2610,-0.1101,-0.1101
8.7140,pi,6.2800,6.2883,-0.1096,-0.1096
8.7190,pi,6.2800,6.2645,-0.1100,-0.1100
8.7240,pi,6.2800,6.2914,-0.1095,-0.1095
8.7290,pi,6.2800,6.3130,-0.1091,-0.1091
8.7340,pi,6.2800,6.3307,-0.1087,-0.1087
8.7391,pi,6.2800,6.3207,-0.1089,-0.1089
8.7440,pi,6.2800,6.3357,-0.1086,-0.1086
8.7490,pi,6.2800,6.3248,-0.1088,-0.1088
8.7540,pi,6.2800,6.3163,-0.1089,-0.1089
8.7590,pi,6.2800,6.3092,-0.1091,-0.1091
8.7640,pi,6.2800,6.3038,-0.1092,-0.1092
8.7690,pi,6.2800,6.2993,-0.1093,-0.1093
8.7740,pi,6.2800,6.2959,-0.1093,-0.1093
8.7790,pi,6.2800,6.2930,-0.1094,-0.1094
8.7840,pi,6.2800,6.2909,-0.1094,-0.1094
8.7890,pi,6.2800,6.2665,-0.1099,-0.1099
8.7940,pi,6.2800,6.2932,-0.1094,-0.1094
8.7990,pi,6.2800,6.2686,-0.1099,-0.1099
8.8040,pi,6.2800,6.2947,-0.1093,-0.1093
8.8090,pi,6.2800,6.2697,-0.1098,-0.1098
8.8141,pi,6.2800,6.2723,-0.1098,-0.1098
8.8190,pi,6.2800,6.2741,-0.1098,-0.1098
8.8240,pi,6.2800,6.2756,-0.1097,-0.1097
8.8290,pi,6.2800,6.2771,-0.1097,-0.1097
8.8340,pi,6.2800,6.2783,-0.1097,-0.1097
8.8390,pi,6.2800,6.2790,-0.1097,-0.1097
8.8440,pi,6.2800,6.2794,-0.1097,-0.1097
8.8490,pi,6.2800,6.2798,-0.1096,-0.1096
8.8540,pi,6.2800,6.2801,-0.1096,-0.1096
8.8590,pi,6.2800,6.2804,-0.1096,-0.1096
8.8640,pi,6.2800,6.2806,-0.1096,-0.1096
8.8690,pi,6.2800,6.2580,-0.1101,-0.1101
8.8744,pi,6.2800,6.2627,-0.1100,-0.1100
8.8797,pi,6.2800,6.2649,-0.1100,-0.1100
8.8845,pi,6.2800,6.2665,-0.1099,-0.1099
8.8894,pi,6.2800,6.2682,-0.1099,-0.1099
8.8949,pi,6.2800,6.2698,-0.1099,-0.1099
8.8998,pi,6.2800,6.2710,-0.1098,-0.1098
8.9046,pi,6.2800,6.2722,-0.1098,-0.1098
8.9096,pi,6.2800,6.2730,-0.1098,-0.1098
8.9143,pi,6.2800,6.2741,-0.1098,-0.1098
8.9192,pi,6.2800,6.2751,-0.1098,-0.1098
8.9240,pi,6.2800,6.2995,-0.1093,-0.1093
8.9290,pi,6.2800,6.2737,-0.1098,-0.1098
8.9340,pi,6.2800,6.3001,-0.1093,-0.1093
8.9390,pi,6.2800,6.2740,-0.1098,-0.1098
8.9440,pi,6.2800,6.2998,-0.1093,-0.1093
8.9492,pi,6.2800,6.2963,-0.1093,-0.1093
8.9540,pi,6.2800,6.2721,-0.1098,-0.1098
8.9590,pi,6.2800,6.2525,-0.1102,-0.1102
8.9640,pi,6.2800,6.2372,-0.1105,-0.1105
8.9690,pi,6.2800,6.2245,-0.1108,-0.1108
8.9740,pi,6.2800,6.2145,-0.1110,-0.1110
8.9791,pi,6.2800,6.2281,-0.1108,-0.1108
8.9840,pi,6.2800,6.1887,-0.1116,-0.1116
8.9890,pi,6.2800,6.1848,-0.1117,-0.1117
8.9941,pi,6.2800,6.1831,-0.1117,-0.1117
8.9991,pi,6.2800,6.1803,-0.1118,-0.1118
9.0040,pi,6.2800,6.1796,-0.1119,-0.1119
9.0090,pi,6.2800,6.2236,-0.1110,-0.1110
9.0140,pi,6.2800,6.2127,-0.1112,-0.1112
9.0190,pi,6.2800,6.2498,-0.1105,-0.1105
9.0240,pi,6.2800,6.2340,-0.1108,-0.1108
9.0290,pi,6.2800,6.2669,-0.1102,-0.1102
9.0340,pi,6.2800,6.2472,-0.1106,-0.1106
9.0390,pi,6.2800,6.2544,-0.1104,-0.1104
9.0440,pi,6.2800,6.2600,-0.1103,-0.1103
9.0489,pi,6.2800,6.2875,-0.1098,-0.1098
9.0540,pi,6.2800,6.2639,-0.1102,-0.1102
9.0590,pi,6.2800,6.2677,-0.1102,-0.1102
9.0640,pi,6.2800,6.2479,-0.1106,-0.1106
9.0690,pi,6.2800,6.2549,-0.1104,-0.1104
9.0741,pi,6.2800,6.2602,-0.1103,-0.1103
9.0790,pi,6.2800,6.2642,-0.1103,-0.1103
9.0842,pi,6.2800,6.2679,-0.1102,-0.1102
9.0897,pi,6.2800,6.2709,-0.1101,-0.1101
9.0947,pi,6.2800,6.2727,-0.1101,-0.1101
9.0992,pi,6.2800,6.2741,-0.1101,-0.1101
9.1042,pi,6.2800,6.2748,-0.1101,-0.1101
9.1093,pi,6.2800,6.2755,-0.1100,-0.1100
9.1145,pi,6.2800,6.2757,-0.1100,-0.1100
9.1200,pi,6.2800,6.2256,-0.1111,-0.1111
9.1245,pi,6.2800,6.2362,-0.1109,-0.1109
9.1294,pi,6.2800,6.2448,-0.1107,-0.1107
9.1346,pi,6.2800,6.2519,-0.1106,-0.1106
9.1399,pi,6.2800,6.2060,-0.1115,-0.1115
9.1449,pi,6.2800,6.1199,-0.1133,-0.1133
9.1494,pi,6.2800,6.0516,-0.1147,-0.1147
9.1541,pi,6.2800,5.9839,-0.1161,-0.1161
9.1590,pi,6.2800,5.9305,-0.1173,-0.1173
9.1641,pi,6.2800,5.8874,-0.1182,-0.1182
9.1690,pi,6.2800,5.8991,-0.1181,-0.1181
9.1740,pi,6.2800,5.9085,-0.1180,-0.1180
9.1790,pi,6.2800,5.9155,-0.1179,-0.1179
9.1840,pi,6.2800,5.9215,-0.1179,-0.1179
9.1890,pi,6.2800,5.9260,-0.1179,-0.1179
9.1940,pi,6.2800,5.9761,-0.1170,-0.1170
9.1990,pi,6.2800,6.0619,-0.1153,-0.1153
9.2040,pi,6.2800,6.1301,-0.1140,-0.1140
9.2090,pi,6.2800,6.2298,-0.1120,-0.1120
9.2140,pi,6.2800,6.3091,-0.1104,-0.1104
9.2191,pi,6.2800,6.3541,-0.1095,-0.1095
9.2240,pi,6.2800,6.4085,-0.1084,-0.1084
9.2293,pi,6.2800,6.4332,-0.1078,-0.1078
9.2340,pi,6.2800,6.4533,-0.1074,-0.1074
9.2390,pi,6.2800,6.4694,-0.1070,-0.1070
9.2440,pi,6.2800,6.5009,-0.1063,-0.1063
9.2490,pi,6.2800,6.4806,-0.1067,-0.1067
9.2542,pi,6.2800,6.4911,-0.1064,-0.1064
9.2590,pi,6.2800,6.4494,-0.1072,-0.1072
9.2640,pi,6.2800,6.4161,-0.1079,-0.1079
9.2692,pi,6.2800,6.4123,-0.1079,-0.1079
9.2743,pi,6.2800,6.3326,-0.1095,-0.1095
9.2794,pi,6.2800,6.3224,-0.1097,-0.1097
9.2845,pi,6.2800,6.2638,-0.1109,-0.1109
9.2891,pi,6.2800,6.2673,-0.1108,-0.1108
9.2940,pi,6.2800,6.2481,-0.1112,-0.1112
9.2990,pi,6.2800,6.2549,-0.1111,-0.1111
9.3040,pi,6.2800,6.2373,-0.1114,-0.1114
9.3090,pi,6.2800,6.2243,-0.1117,-0.1117
9.3141,pi,6.2800,6.2136,-0.1119,-0.1119
9.3190,pi,6.2800,6.2508,-0.1112,-0.1112
9.3241,pi,6.2800,6.2349,-0.1115,-0.1115
9.3290,pi,6.2800,6.2696,-0.1108,-0.1108
9.3341,pi,6.2800,6.2504,-0.1112,-0.1112
9.3390,pi,6.2800,6.2807,-0.1106,-0.1106
9.3440,pi,6.2800,6.2590,-0.1110,-0.1110
9.3490,pi,6.2800,6.2869,-0.1105,-0.1105
9.3541,pi,6.2800,6.2635,-0.1110,-0.1110
9.3590,pi,6.2800,6.2674,-0.1109,-0.1109
9.3642,pi,6.2800,6.2695,-0.1108,-0.1108
9.3690,pi,6.2800,6.2718,-0.1108,-0.1108
9.3740,pi,6.2800,6.2740,-0.1108,-0.1108
9.3792,pi,6.2800,6.2756,-0.1107,-0.1107
9.3841,pi,6.2800,6.2766,-0.1107,-0.1107
9.3891,pi,6.2800,6.2773,-0.1107,-0.1107
9.3940,pi,6.2800,6.2780,-0.1107,-0.1107
9.3990,pi,6.2800,6.2786,-0.1107,-0.1107
9.4040,pi,6.2800,6.2792,-0.1107,-0.1107
9.4090,pi,6.2800,6.2797,-0.1106,-0.1106
9.4140,pi,6.2800,6.2573,-0.1111,-0.1111
9.4190,pi,6.2800,6.2859,-0.1105,-0.1105
9.4241,pi,6.2800,6.2852,-0.1105,-0.1105
9.4292,pi,6.2800,6.2837,-0.1106,-0.1106
9.4340,pi,6.2800,6.2609,-0.1110,-0.1110
9.4390,pi,6.2800,6.2886,-0.1105,-0.1105
9.4440,pi,6.2800,6.2650,-0.1109,-0.1109
9.4490,pi,6.2800,6.2918,-0.1104,-0.1104
9.4541,pi,6.2800,6.2899,-0.1104,-0.1104
9.4590,pi,6.2800,6.2885,-0.1105,-0.1105
9.4641,pi,6.2800,6.2872,-0.1105,-0.1105
9.4690,pi,6.2800,6.3093,-0.1100,-0.1100
9.4741,pi,6.2800,6.3040,-0.1101,-0.1101
9.4790,pi,6.2800,6.3218,-0.1098,-0.1098
9.4841,pi,6.2800,6.2924,-0.1104,-0.1104
9.4890,pi,6.2800,6.3137,-0.1099,-0.1099
9.4941,pi,6.2800,6.3073,-0.1101,-0.1101
9.4990,pi,6.2800,6.3022,-0.1101,-0.1101
9.5041,pi,6.2800,6.2984,-0.1102,-0.1102
9.5090,pi,6.2800,6.3183,-0.1098,-0.1098
9.5140,pi,6.2800,6.2883,-0.1104,-0.1104
9.5191,pi,6.2800,6.2873,-0.1104,-0.1104
9.5240,pi,6.2800,6.2864,-0.1104,-0.1104
9.5291,pi,6.2800,6.3085,-0.1100,-0.1100
9.5340,pi,6.2800,6.2811,-0.1105,-0.1105
9.5391,pi,6.2800,6.2815,-0.1105,-0.1105
9.5441,pi,6.2800,6.2818,-0.1105,-0.1105
9.5491,pi,6.2800,6.3050,-0.1101,-0.1101
9.5540,pi,6.2800,6.2777,-0.1106,-0.1106
9.5589,pi,6.2800,6.3019,-0.1101,-0.1101
9.5640,pi,6.2800,6.2753,-0.1106,-0.1106
9.5690,pi,6.2800,6.2769,-0.1106,-0.1106
9.5740,pi,6.2800,6.2555,-0.1111,-0.1111
9.5790,pi,6.2800,6.2838,-0.1105,-0.1105
9.5840,pi,6.2800,6.2607,-0.1110,-0.1110
9.5890,pi,6.2800,6.2652,-0.1109,-0.1109
9.5940,pi,6.2800,6.2459,-0.1113,-0.1113
9.5990,pi,6.2800,6.2765,-0.1106,-0.1106
9.6041,pi,6.2800,6.2778,-0.1106,-0.1106
9.6090,pi,6.2800,6.2787,-0.1106,-0.1106
9.6141,pi,6.2800,6.2793,-0.1106,-0.1106
9.6189,pi,6.2800,6.3029,-0.1101,-0.1101
9.6240,pi,6.2800,6.2764,-0.1106,-0.1106
9.6290,pi,6.2800,6.2777,-0.1106,-0.1106
9.6340,pi,6.2800,6.2559,-0.1111,-0.1111
9.6390,pi,6.2800,6.2843,-0.1105,-0.1105
9.6441,pi,6.2800,6.2840,-0.1105,-0.1105
9.6490,pi,6.2800,6.2838,-0.1105,-0.1105
9.6540,pi,6.2800,6.2607,-0.1110,-0.1110
9.6590,pi,6.2800,6.2882,-0.1104,-0.1104
9.6641,pi,6.2800,6.2872,-0.1104,-0.1104
9.6690,pi,6.2800,6.2863,-0.1105,-0.1105
9.6741,pi,6.2800,6.2840,-0.1105,-0.1105
9.6790,pi,6.2800,6.2838,-0.1105,-0.1105
9.6841,pi,6.2800,6.2608,-0.1110,-0.1110
9.6890,pi,6.2800,6.2652,-0.1109,-0.1109
9.6940,pi,6.2800,6.2687,-0.1108,-0.1108
9.6990,pi,6.2800,6.2715,-0.1108,-0.1108
9.7041,pi,6.2800,6.2737,-0.1107,-0.1107
9.7091,pi,6.2800,6.2756,-0.1107,-0.1107
9.7140,pi,6.2800,6.2540,-0.1111,-0.1111
9.7190,pi,6.2800,6.2598,-0.1110,-0.1110
9.7240,pi,6.2800,6.2419,-0.1114,-0.1114
9.7290,pi,6.2800,6.2744,-0.1107,-0.1107
9.7341,pi,6.2800,6.2761,-0.1107,-0.1107
9.7390,pi,6.2800,6.2774,-0.1107,-0.1107
9.7440,pi,6.2800,6.2557,-0.1111,-0.1111
9.7490,pi,6.2800,6.2844,-0.1105,-0.1105
9.7540,pi,6.2800,6.2619,-0.1110,-0.1110
9.7590,pi,6.2800,6.2896,-0.1104,-0.1104
9.7640,pi,6.2800,6.2658,-0.1109,-0.1109
9.7690,pi,6.2800,6.2692,-0.1108,-0.1108
9.7740,pi,6.2800,6.2718,-0.1108,-0.1108
9.7790,pi,6.2800,6.2740,-0.1108,-0.1108
9.7841,pi,6.2800,6.2757,-0.1107,-0.1107
9.7890,pi,6.2800,6.3001,-0.1102,-0.1102
9.7941,pi,6.2800,6.2967,-0.1103,-0.1103
9.7990,pi,6.2800,6.2938,-0.1103,-0.1103
9.8041,pi,6.2800,6.2911,-0.1104,-0.1104
9.8090,pi,6.2800,6.2890,-0.1104,-0.1104
9.8141,pi,6.2800,6.2875,-0.1105,-0.1105
9.8190,pi,6.2800,6.3092,-0.1100,-0.1100
9.8241,pi,6.2800,6.2813,-0.1106,-0.1106
9.8290,pi,6.2800,6.3045,-0.1101,-0.1101
9.8341,pi,6.2800,6.2773,-0.1107,-0.1107
9.8390,pi,6.2800,6.3015,-0.1102,-0.1102
9.8441,pi,6.2800,6.2978,-0.1102,-0.1102
9.8490,pi,6.2800,6.3179,-0.1098,-0.1098
9.8540,pi,6.2800,6.3109,-0.1100,-0.1100
9.8590,pi,6.2800,6.3053,-0.1101,-0.1101
9.8641,pi,6.2800,6.3008,-0.1101,-0.1101
9.8690,pi,6.2800,6.2965,-0.1102,-0.1102
9.8741,pi,6.2800,6.2938,-0.1103,-0.1103
9.8790,pi,6.2800,6.2915,-0.1103,-0.1103
9.8841,pi,6.2800,6.2897,-0.1104,-0.1104
9.8890,pi,6.2800,6.2379,-0.1114,-0.1114
9.8940,pi,6.2800,6.2239,-0.1117,-0.1117
9.8990,pi,6.2800,6.2589,-0.1110,-0.1110
9.9040,pi,6.2800,6.2637,-0.1109,-0.1109
9.9091,pi,6.2800,6.2171,-0.1119,-0.1119
9.9140,pi,6.2800,6.2075,-0.1121,-0.1121
9.9191,pi,6.2800,6.1998,-0.1122,-0.1122
9.9240,pi,6.2800,6.2165,-0.1119,-0.1119
9.9291,pi,6.2800,6.1793,-0.1127,-0.1127
9.9340,pi,6.2800,6.2000,-0.1123,-0.1123
9.9390,pi,6.2800,6.2397,-0.1115,-0.1115
9.9440,pi,6.2800,6.2714,-0.1109,-0.1109
9.9491,pi,6.2800,6.2235,-0.1119,-0.1119
9.9540,pi,6.2800,6.2124,-0.1121,-0.1121
9.9590,pi,6.2800,6.2496,-0.1114,-0.1114
9.9640,pi,6.2800,6.2794,-0.1108,-0.1108
9.9690,pi,6.2800,6.2573,-0.1112,-0.1112
9.9740,pi,6.2800,6.2856,-0.1106,-0.1106
9.9790,pi,6.2800,6.3080,-0.1102,-0.1102
9.9840,pi,6.2800,6.3262,-0.1098,-0.1098
9.9890,pi,6.2800,6.2952,-0.1104,-0.1104
9.9940,pi,6.2800,6.2701,-0.1109,-0.1109
9.9990,pi,6.2800,6.2957,-0.1104,-0.1104
10.0040,pi,6.2800,6.3160,-0.1100,-0.1100
10.0090,pi,6.2800,6.2591,-0.1111,-0.1111
10.0140,pi,6.2800,6.2410,-0.1115,-0.1115
10.0190,pi,6.2800,6.2724,-0.1109,-0.1109
10.0241,pi,6.2800,6.2745,-0.1109,-0.1109
10.0289,pi,6.2800,6.2990,-0.1104,-0.1104
10.0341,pi,6.2800,6.2731,-0.1109,-0.1109
10.0389,pi,6.2800,6.2982,-0.1104,-0.1104
10.0441,pi,6.2800,6.2952,-0.1104,-0.1104
10.0490,pi,6.2800,6.2424,-0.1115,-0.1115
10.0541,pi,6.2800,6.2501,-0.1113,-0.1113
10.0599,pi,6.2800,6.3064,-0.1102,-0.1102
10.0650,pi,6.2800,6.3013,-0.1103,-0.1103
10.0690,pi,6.2800,6.2473,-0.1114,-0.1114
10.0739,pi,6.2800,6.2318,-0.1117,-0.1117
10.0790,pi,6.2800,6.1915,-0.1125,-0.1125
10.0839,pi,6.2800,6.1870,-0.1127,-0.1127
10.0896,pi,6.2800,6.1551,-0.1133,-0.1133
10.0952,pi,6.2800,6.1800,-0.1129,-0.1129
10.0992,pi,6.2800,6.2002,-0.1125,-0.1125
10.1039,pi,6.2800,6.2396,-0.1117,-0.1117
10.1090,pi,6.2800,6.2260,-0.1120,-0.1120
10.1139,pi,6.2800,6.2153,-0.1122,-0.1122
10.1190,pi,6.2800,6.2289,-0.1119,-0.1119
10.1240,pi,6.2800,6.2391,-0.1118,-0.1118
10.1292,pi,6.2800,6.2475,-0.1116,-0.1116
10.1341,pi,6.2800,6.2530,-0.1115,-0.1115
10.1389,pi,6.2800,6.2814,-0.1109,-0.1109
10.1441,pi,6.2800,6.3052,-0.1104,-0.1104
10.1491,pi,6.2800,6.3242,-0.1101,-0.1101
10.1542,pi,6.2800,6.3154,-0.1102,-0.1102
10.1589,pi,6.2800,6.3318,-0.1099,-0.1099
10.1640,pi,6.2800,6.3452,-0.1096,-0.1096
10.1690,pi,6.2800,6.3555,-0.1094,-0.1094
10.1740,pi,6.2800,6.3641,-0.1092,-0.1092
10.1790,pi,6.2800,6.3711,-0.1090,-0.1090
10.1841,pi,6.2800,6.3767,-0.1089,-0.1089
10.1891,pi,6.2800,6.3823,-0.1087,-0.1087
10.1941,pi,6.2800,6.3617,-0.1091,-0.1091
10.1992,pi,6.2800,6.3458,-0.1094,-0.1094
10.2042,pi,6.2800,6.3332,-0.1097,-0.1097
10.2090,pi,6.2800,6.3230,-0.1099,-0.1099
10.2140,pi,6.2800,6.3148,-0.1100,-0.1100
10.2190,pi,6.2800,6.3312,-0.1097,-0.1097
10.2241,pi,6.2800,6.2989,-0.1103,-0.1103
10.2291,pi,6.2800,6.2954,-0.1104,-0.1104
10.2340,pi,6.2800,6.2705,-0.1109,-0.1109
10.2390,pi,6.2800,6.2963,-0.1104,-0.1104
10.2440,pi,6.2800,6.2711,-0.1109,-0.1109
10.2491,pi,6.2800,6.2510,-0.1113,-0.1113
10.2540,pi,6.2800,6.2345,-0.1116,-0.1116
10.2591,pi,6.2800,6.1938,-0.1125,-0.1125
10.2640,pi,6.2800,6.2115,-0.1121,-0.1121
10.2694,pi,6.2800,6.1747,-0.1129,-0.1129
10.2743,pi,6.2800,6.1956,-0.1125,-0.1125
10.2792,pi,6.2800,6.1624,-0.1132,-0.1132
10.2840,pi,6.2800,6.1861,-0.1127,-0.1127
10.2890,pi,6.2800,6.1552,-0.1134,-0.1134
10.2940,pi,6.2800,6.1580,-0.1134,-0.1134
10.2990,pi,6.2800,6.2060,-0.1124,-0.1124
10.3041,pi,6.2800,6.2442,-0.1117,-0.1117
10.3092,pi,6.2800,6.2518,-0.1115,-0.1115
10.3140,pi,6.2800,6.2811,-0.1109,-0.1109
10.3190,pi,6.2800,6.3045,-0.1105,-0.1105
10.3240,pi,6.2800,6.3238,-0.1101,-0.1101
10.3290,pi,6.2800,6.3392,-0.1097,-0.1097
10.3341,pi,6.2800,6.3278,-0.1099,-0.1099
10.3390,pi,6.2800,6.3687,-0.1091,-0.1091
10.3441,pi,6.2800,6.3510,-0.1094,-0.1094
10.3491,pi,6.2800,6.3369,-0.1097,-0.1097
10.3540,pi,6.2800,6.3262,-0.1099,-0.1099
10.3590,pi,6.2800,6.3406,-0.1096,-0.1096
10.3641,pi,6.2800,6.3289,-0.1098,-0.1098
10.3690,pi,6.2800,6.3426,-0.1095,-0.1095
10.3741,pi,6.2800,6.3306,-0.1098,-0.1098
10.3790,pi,6.2800,6.3202,-0.1100,-0.1100
10.3846,pi,6.2800,6.3120,-0.1101,-0.1101
10.3893,pi,6.2800,6.3058,-0.1102,-0.1102
10.3940,pi,6.2800,6.3011,-0.1103,-0.1103
10.3993,pi,6.2800,6.2971,-0.1104,-0.1104
10.4040,pi,6.2800,6.2940,-0.1105,-0.1105
10.4092,pi,6.2800,6.2918,-0.1105,-0.1105
10.4140,pi,6.2800,6.2897,-0.1105,-0.1105
10.4190,pi,6.2800,6.3114,-0.1101,-0.1101
10.4240,pi,6.2800,6.2829,-0.1107,-0.1107
10.4291,pi,6.2800,6.3056,-0.1102,-0.1102
10.4340,pi,6.2800,6.2788,-0.1107,-0.1107
10.4390,pi,6.2800,6.3034,-0.1103,-0.1103
10.4440,pi,6.2800,6.2768,-0.1108,-0.1108
10.4490,pi,6.2800,6.3012,-0.1103,-0.1103
10.4540,pi,6.2800,6.2750,-0.1108,-0.1108
10.4590,pi,6.2800,6.2999,-0.1103,-0.1103
10.4640,pi,6.2800,6.2738,-0.1108,-0.1108
10.4690,pi,6.2800,6.2754,-0.1108,-0.1108
10.4740,pi,6.2800,6.2769,-0.1108,-0.1108
10.4790,pi,6.2800,6.3009,-0.1103,-0.1103
10.4840,pi,6.2800,6.2745,-0.1108,-0.1108
10.4891,pi,6.2800,6.2762,-0.1108,-0.1108
10.4940,pi,6.2800,6.2547,-0.1112,-0.1112
10.4990,pi,6.2800,6.2603,-0.1111,-0.1111
10.5040,pi,6.2800,6.2649,-0.1110,-0.1110
10.5090,pi,6.2800,6.2914,-0.1105,-0.1105
10.5141,pi,6.2800,6.3127,-0.1101,-0.1101
10.5191,pi,6.2800,6.3065,-0.1102,-0.1102
10.5240,pi,6.2800,6.2794,-0.1107,-0.1107
10.5290,pi,6.2800,6.3032,-0.1102,-0.1102
10.5340,pi,6.2800,6.2765,-0.1108,-0.1108
10.5390,pi,6.2800,6.3012,-0.1103,-0.1103
10.5440,pi,6.2800,6.2750,-0.1108,-0.1108
10.5490,pi,6.2800,6.2999,-0.1103,-0.1103
10.5540,pi,6.2800,6.2740,-0.1108,-0.1108
10.5590,pi,6.2800,6.2992,-0.1103,-0.1103
10.5640,pi,6.2800,6.2734,-0.1108,-0.1108
10.5690,pi,6.2800,6.2524,-0.1113,-0.1113
10.5741,pi,6.2800,6.3084,-0.1101,-0.1101
10.5790,pi,6.2800,6.3028,-0.1102,-0.1102
10.5841,pi,6.2800,6.2968,-0.1103,-0.1103
10.5890,pi,6.2800,6.2938,-0.1104,-0.1104
10.5940,pi,6.2800,6.2916,-0.1104,-0.1104
10.5990,pi,6.2800,6.2896,-0.1105,-0.1105
10.6041,pi,6.2800,6.2879,-0.1105,-0.1105
10.6090,pi,6.2800,6.2866,-0.1105,-0.1105
10.6140,pi,6.2800,6.3359,-0.1095,-0.1095
10.6189,pi,6.2800,6.3482,-0.1093,-0.1093
10.6240,pi,6.2800,6.3131,-0.1100,-0.1100
10.6290,pi,6.2800,6.2846,-0.1105,-0.1105
10.6340,pi,6.2800,6.2618,-0.1110,-0.1110
10.6390,pi,6.2800,6.2910,-0.1104,-0.1104
10.6440,pi,6.2800,6.2667,-0.1109,-0.1109
10.6491,pi,6.2800,6.2697,-0.1108,-0.1108
10.6541,pi,6.2800,6.2494,-0.1113,-0.1113
10.6590,pi,6.2800,6.2337,-0.1116,-0.1116
10.6640,pi,6.2800,6.2211,-0.1118,-0.1118
10.6690,pi,6.2800,6.1652,-0.1130,-0.1130
10.6740,pi,6.2800,6.1385,-0.1136,-0.1136
10.6791,pi,6.2800,6.0662,-0.1151,-0.1151
10.6840,pi,6.2800,6.0089,-0.1163,-0.1163
10.6890,pi,6.2800,5.9631,-0.1173,-0.1173
10.6940,pi,6.2800,5.9130,-0.1184,-0.1184
10.6990,pi,6.2800,5.8724,-0.1193,-0.1193
10.7041,pi,6.2800,5.7947,-0.1210,-0.1210
10.7090,pi,6.2800,5.7915,-0.1211,-0.1211
10.7139,pi,6.2800,5.7758,-0.1216,-0.1216
10.7190,pi,6.2800,5.7172,-0.1229,-0.1229
10.7240,pi,6.2800,5.6796,-0.1238,-0.1238
10.7289,pi,6.2800,5.6860,-0.1238,-0.1238
10.7340,pi,6.2800,5.6914,-0.1239,-0.1239
10.7390,pi,6.2800,5.7415,-0.1230,-0.1230
10.7440,pi,6.2800,5.7358,-0.1232,-0.1232
10.7491,pi,6.2800,5.7951,-0.1222,-0.1222
10.7540,pi,6.2800,5.8926,-0.1203,-0.1203
10.7589,pi,6.2800,5.9480,-0.1193,-0.1193
10.7639,pi,6.2800,5.9928,-0.1185,-0.1185
10.7690,pi,6.2800,6.1013,-0.1163,-0.1163
10.7740,pi,6.2800,6.1607,-0.1152,-0.1152
10.7790,pi,6.2800,6.2537,-0.1133,-0.1133
10.7840,pi,6.2800,6.3282,-0.1118,-0.1118
10.7890,pi,6.2800,6.3694,-0.1110,-0.1110
10.7940,pi,6.2800,6.4526,-0.1093,-0.1093
10.7990,pi,6.2800,6.4869,-0.1085,-0.1085
10.8040,pi,6.2800,6.5148,-0.1079,-0.1079
10.8091,pi,6.2800,6.5182,-0.1078,-0.1078
10.8140,pi,6.2800,6.5208,-0.1077,-0.1077
10.8190,pi,6.2800,6.5232,-0.1076,-0.1076
10.8240,pi,6.2800,6.5251,-0.1075,-0.1075
10.8290,pi,6.2800,6.5264,-0.1074,-0.1074
10.8340,pi,6.2800,6.4771,-0.1083,-0.1083
10.8390,pi,6.2800,6.4883,-0.1081,-0.1081
10.8440,pi,6.2800,6.4471,-0.1088,-0.1088
10.8490,pi,6.2800,6.4142,-0.1095,-0.1095
10.8540,pi,6.2800,6.3376,-0.1110,-0.1110
10.8590,pi,6.2800,6.3040,-0.1116,-0.1116
10.8640,pi,6.2800,6.2774,-0.1122,-0.1122
10.8690,pi,6.2800,6.1776,-0.1142,-0.1142
10.8740,pi,6.2800,6.1484,-0.1148,-0.1148
10.8791,pi,6.2800,6.0744,-0.1163,-0.1163
10.8840,pi,6.2800,6.0023,-0.1179,-0.1179
10.8891,pi,6.2800,5.9580,-0.1188,-0.1188
10.8941,pi,6.2800,5.9220,-0.1196,-0.1196
10.8990,pi,6.2800,5.9439,-0.1193,-0.1193
10.9040,pi,6.2800,5.9432,-0.1194,-0.1194
10.9090,pi,6.2800,5.9608,-0.1191,-0.1191
10.9140,pi,6.2800,6.0250,-0.1179,-0.1179
10.9190,pi,6.2800,6.0535,-0.1174,-0.1174
10.9240,pi,6.2800,6.1224,-0.1160,-0.1160
10.9291,pi,6.2800,6.1315,-0.1159,-0.1159
10.9340,pi,6.2800,6.2118,-0.1143,-0.1143
10.9390,pi,6.2800,6.2260,-0.1140,-0.1140
10.9440,pi,6.2800,6.2601,-0.1134,-0.1134
10.9491,pi,6.2800,6.3149,-0.1122,-0.1122
10.9541,pi,6.2800,6.3585,-0.1114,-0.1114
10.9590,pi,6.2800,6.3935,-0.1106,-0.1106
10.9641,pi,6.2800,6.4214,-0.1100,-0.1100
10.9690,pi,6.2800,6.4168,-0.1101,-0.1101
10.9741,pi,6.2800,6.4590,-0.1092,-0.1092
10.9790,pi,6.2800,6.4467,-0.1094,-0.1094
10.9840,pi,6.2800,6.4829,-0.1086,-0.1086
10.9890,pi,6.2800,6.4932,-0.1084,-0.1084
10.9940,pi,6.2800,6.5199,-0.1078,-0.1078
10.9990,pi,6.2800,6.4955,-0.1082,-0.1082
11.0040,pi,6.2800,6.4761,-0.1086,-0.1086
11.0090,pi,6.2800,6.4609,-0.1088,-0.1088
11.0140,pi,6.2800,6.4486,-0.1090,-0.1090
11.0190,pi,6.2800,6.4154,-0.1096,-0.1096
11.0240,pi,6.2800,6.3890,-0.1101,-0.1101
11.0290,pi,6.2800,6.3677,-0.1105,-0.1105
11.0340,pi,6.2800,6.3508,-0.1109,-0.1109
11.0389,pi,6.2800,6.3144,-0.1116,-0.1116
11.0440,pi,6.2800,6.2577,-0.1127,-0.1127
11.0490,pi,6.2800,6.2627,-0.1126,-0.1126
11.0540,pi,6.2800,6.2163,-0.1136,-0.1136
11.0590,pi,6.2800,6.2069,-0.1138,-0.1138
11.0640,pi,6.2800,6.2221,-0.1135,-0.1135
11.0690,pi,6.2800,6.2113,-0.1137,-0.1137
11.0741,pi,6.2800,6.1753,-0.1145,-0.1145
11.0791,pi,6.2800,6.1965,-0.1141,-0.1141
11.0841,pi,6.2800,6.1106,-0.1158,-0.1158
11.0889,pi,6.2800,6.0452,-0.1172,-0.1172
11.0940,pi,6.2800,5.9787,-0.1186,-0.1186
11.0990,pi,6.2800,5.8351,-0.1216,-0.1216
11.1040,pi,6.2800,5.6215,-0.1260,-0.1260
11.1090,pi,6.2800,5.3015,-0.1327,-0.1327
11.1140,pi,6.2800,4.9448,-0.1401,-0.1401
11.1190,pi,6.2800,4.5588,-0.1483,-0.1483
11.1239,pi,6.2800,4.1504,-0.1570,-0.1570
11.1292,pi,6.2800,3.6694,-0.1673,-0.1673
11.1342,pi,6.2800,3.2562,-0.1763,-0.1763
11.1390,pi,6.2800,2.8055,-0.1862,-0.1862
11.1440,pi,6.2800,2.3463,-0.1963,-0.1963
11.1490,pi,6.2800,1.9782,-0.2048,-0.2048
11.1539,pi,6.2800,1.6736,-0.2120,-0.2120
11.1590,pi,6.2800,1.3846,-0.2190,-0.2190
11.1640,pi,6.2800,1.1533,-0.2249,-0.2249
11.1690,pi,6.2800,0.9226,-0.2309,-0.2309
11.1742,pi,6.2800,0.7380,-0.2360,-0.2360
11.1790,pi,6.2800,0.5899,-0.2403,-0.2403
11.1840,pi,6.2800,0.4725,-0.2441,-0.2441
11.1890,pi,6.2800,0.3781,-0.2475,-0.2475
11.1939,pi,6.2800,0.3025,-0.2505,-0.2505
11.1991,pi,6.2800,0.2421,-0.2532,-0.2532
11.2040,pi,6.2800,0.1936,-0.2557,-0.2557
11.2090,pi,6.2800,0.1548,-0.2580,-0.2580
11.2140,pi,6.2800,0.1239,-0.2602,-0.2602
11.2190,pi,6.2800,0.0991,-0.2622,-0.2622
11.2241,pi,6.2800,0.0792,-0.2642,-0.2642
11.2289,pi,6.2800,0.0634,-0.2660,-0.2660
11.2340,pi,6.2800,0.0508,-0.2678,-0.2678
11.2389,pi,6.2800,0.0406,-0.2696,-0.2696
11.2440,pi,6.2800,0.0325,-0.2713,-0.2713
11.2490,pi,6.2800,0.0260,-0.2730,-0.2730
11.2540,pi,6.2800,0.0208,-0.2747,-0.2747
11.2590,pi,6.2800,0.0166,-0.2764,-0.2764
11.2640,pi,6.2800,0.0133,-0.2780,-0.2780
11.2692,pi,6.2800,0.0106,-0.2796,-0.2796
11.2740,pi,6.2800,0.0085,-0.2812,-0.2812
11.2791,pi,6.2800,0.0068,-0.2828,-0.2828
11.2840,pi,6.2800,0.0054,-0.2844,-0.2844
11.2890,pi,6.2800,0.0044,-0.2860,-0.2860
11.2940,pi,6.2800,0.0035,-0.2876,-0.2876
11.2990,pi,6.2800,0.0028,-0.2892,-0.2892
11.3040,pi,6.2800,0.0022,-0.2908,-0.2908
11.3090,pi,6.2800,0.0018,-0.2923,-0.2923
11.3140,pi,6.2800,0.0014,-0.2939,-0.2939
11.3190,pi,6.2800,0.0011,-0.2955,-0.2955
11.3240,pi,6.2800,0.0009,-0.2971,-0.2971
11.3290,pi,6.2800,0.0007,-0.2986,-0.2986
11.3340,pi,6.2800,0.0006,-0.3002,-0.3002
11.3391,pi,6.2800,0.0005,-0.3018,-0.3018
11.3440,pi,6.2800,0.0004,-0.3033,-0.3033
11.3490,pi,6.2800,0.0003,-0.3049,-0.3049
11.3540,pi,6.2800,0.0002,-0.3065,-0.3065
11.3590,pi,6.2800,0.0002,-0.3081,-0.3081
11.3640,pi,6.2800,0.0002,-0.3096,-0.3096
11.3690,pi,6.2800,0.0001,-0.3112,-0.3112
11.3739,pi,6.2800,0.0001,-0.3128,-0.3128
11.3790,pi,6.2800,0.0001,-0.3143,-0.3143
11.3841,pi,6.2800,0.0001,-0.3159,-0.3159
11.3890,pi,6.2800,0.0001,-0.3175,-0.3175
11.3939,pi,6.2800,0.0000,-0.3191,-0.3191
11.3998,pi,6.2800,0.0000,-0.3206,-0.3206
11.4044,pi,6.2800,0.0000,-0.3222,-0.3222
11.4096,pi,6.2800,0.0000,-0.3238,-0.3238
11.4147,pi,6.2800,0.0000,-0.3254,-0.3254
11.4195,pi,6.2800,0.0000,-0.3269,-0.3269
11.4242,pi,6.2800,0.0000,-0.3285,-0.3285
11.4290,pi,6.2800,0.0000,-0.3300,-0.3300
11.4340,pi,6.2800,0.0000,-0.3316,-0.3316
11.4390,pi,6.2800,0.0000,-0.3332,-0.3332
11.4441,pi,6.2800,0.0000,-0.3347,-0.3347
11.4490,pi,6.2800,0.0000,-0.3363,-0.3363
11.4542,pi,6.2800,0.0000,-0.3379,-0.3379
11.4590,pi,6.2800,0.0000,-0.3395,-0.3395
11.4640,pi,6.2800,0.0000,-0.3410,-0.3410
11.4690,pi,6.2800,0.0000,-0.3426,-0.3426
11.4740,pi,6.2800,0.0000,-0.3442,-0.3442
11.4791,pi,6.2800,0.0000,-0.3457,-0.3457
11.4840,pi,6.2800,0.0000,-0.3473,-0.3473
11.4890,pi,6.2800,0.0000,-0.3489,-0.3489
11.4940,pi,6.2800,0.0000,-0.3505,-0.3505
11.4990,pi,6.2800,0.0000,-0.3520,-0.3520
11.5040,pi,6.2800,0.0000,-0.3536,-0.3536
11.5090,pi,6.2800,0.0000,-0.3552,-0.3552
11.5140,pi,6.2800,0.0000,-0.3567,-0.3567
11.5190,pi,6.2800,0.0000,-0.3583,-0.3583
11.5240,pi,6.2800,0.0000,-0.3599,-0.3599
11.5289,pi,6.2800,0.0000,-0.3614,-0.3614
11.5340,pi,6.2800,0.0000,-0.3630,-0.3630
11.5390,pi,6.2800,0.0000,-0.3646,-0.3646
11.5440,pi,6.2800,0.0000,-0.3662,-0.3662
11.5490,pi,6.2800,0.0000,-0.3677,-0.3677
11.5540,pi,6.2800,0.0000,-0.3693,-0.3693
11.5590,pi,6.2800,0.0000,-0.3709,-0.3709
11.5639,pi,6.2800,0.0000,-0.3724,-0.3724
11.5690,pi,6.2800,0.0000,-0.3740,-0.3740
11.5741,pi,6.2800,0.0000,-0.3756,-0.3756
11.5789,pi,6.2800,0.0000,-0.3771,-0.3771
11.5841,pi,6.2800,0.0000,-0.3787,-0.3787
11.5889,pi,6.2800,0.0000,-0.3803,-0.3803
11.5940,pi,6.2800,0.0000,-0.3819,-0.3819
11.5990,pi,6.2800,0.0000,-0.3834,-0.3834
11.6040,pi,6.2800,0.0000,-0.3850,-0.3850
11.6089,pi,6.2800,0.0000,-0.3866,-0.3866
11.6140,pi,6.2800,0.0000,-0.3881,-0.3881
11.6190,pi,6.2800,0.0000,-0.3897,-0.3897
11.6240,pi,6.2800,0.0000,-0.3913,-0.3913
11.6295,pi,6.2800,0.0000,-0.3929,-0.3929
11.6341,pi,6.2800,0.0000,-0.3944,-0.3944
11.6390,pi,6.2800,0.0000,-0.3960,-0.3960
11.6440,pi,6.2800,0.0000,-0.3976,-0.3976
11.6489,pi,6.2800,0.0000,-0.3991,-0.3991
11.6539,pi,6.2800,0.0000,-0.4007,-0.4007
11.6591,pi,6.2800,0.0000,-0.4023,-0.4023
11.6645,pi,6.2800,0.0000,-0.4038,-0.4038
11.6703,pi,6.2800,0.0000,-0.4054,-0.4054
11.6754,pi,6.2800,0.0000,-0.4070,-0.4070
11.6804,pi,6.2800,0.0000,-0.4086,-0.4086
11.6861,pi,6.2800,0.0000,-0.4102,-0.4102
11.6930,pi,6.2800,0.0000,-0.4117,-0.4117
11.6980,pi,6.2800,0.0000,-0.4133,-0.4133
11.7034,pi,6.2800,0.0000,-0.4148,-0.4148
11.7090,pi,6.2800,0.0000,-0.4164,-0.4164
11.7141,pi,6.2800,0.0000,-0.4180,-0.4180
11.7186,pi,6.2800,0.0000,-0.4196,-0.4196
11.7252,pi,6.2800,0.0000,-0.4211,-0.4211
11.7321,pi,6.2800,0.0000,-0.4227,-0.4227
11.7370,pi,6.2800,0.0000,-0.4243,-0.4243
11.7415,pi,6.2800,0.0000,-0.4258,-0.4258
11.7463,pi,6.2800,0.0000,-0.4276,-0.4276
11.7519,pi,6.2800,0.0000,-0.4290,-0.4290
11.7569,pi,6.2800,0.0000,-0.4306,-0.4306
11.7616,pi,6.2800,0.0000,-0.4321,-0.4321
11.7683,pi,6.2800,0.0000,-0.4337,-0.4337
11.7750,pi,6.2800,0.0000,-0.4353,-0.4353
11.7797,pi,6.2800,0.0000,-0.4368,-0.4368
11.7859,pi,6.2800,0.0000,-0.4384,-0.4384
11.7906,pi,6.2800,0.0000,-0.4405,-0.4405
11.7957,pi,6.2800,0.0000,-0.4415,-0.4415
11.8001,pi,6.2800,0.0000,-0.4431,-0.4431
11.8065,pi,6.2800,0.0000,-0.4447,-0.4447
11.8133,pi,6.2800,0.0000,-0.4469,-0.4469
11.8185,pi,6.2800,0.0000,-0.4478,-0.4478
11.8232,pi,6.2800,0.0000,-0.4494,-0.4494
11.8278,pi,6.2800,0.0000,-0.4510,-0.4510
11.8323,pi,6.2800,0.0000,-0.4525,-0.4525
11.8364,pi,6.2800,0.0000,-0.4541,-0.4541
11.8406,pi,6.2800,0.0000,-0.4557,-0.4557
11.8446,pi,6.2800,0.0000,-0.4573,-0.4573
11.8486,pi,6.2800,0.0000,-0.4588,-0.4588
11.8528,pi,6.2800,0.0000,-0.4604,-0.4604
11.8567,pi,6.2800,0.0000,-0.4619,-0.4619
11.8615,pi,6.2800,0.0000,-0.4635,-0.4635
11.8661,pi,6.2800,0.0000,-0.4651,-0.4651
11.8700,pi,6.2800,0.0000,-0.4666,-0.4666
11.8739,pi,6.2800,0.0000,-0.4682,-0.4682
11.8780,pi,6.2800,0.0000,-0.4698,-0.4698
11.8825,pi,6.2800,0.0000,-0.4714,-0.4714
11.8864,pi,6.2800,0.0000,-0.4729,-0.4729
11.8902,pi,6.2800,0.0000,-0.4745,-0.4745
11.8941,pi,6.2800,0.0000,-0.4760,-0.4760
11.8989,pi,6.2800,0.0000,-0.4776,-0.4776
11.9040,pi,6.2800,0.0000,-0.4792,-0.4792
11.9089,pi,6.2800,0.0000,-0.4808,-0.4808
11.9140,pi,6.2800,0.0000,-0.4823,-0.4823
11.9190,pi,6.2800,0.0000,-0.4839,-0.4839
11.9241,pi,6.2800,0.0000,-0.4855,-0.4855
11.9292,pi,6.2800,0.0000,-0.4870,-0.4870
11.9341,pi,6.2800,0.0000,-0.4886,-0.4886
11.9391,pi,6.2800,0.0000,-0.4902,-0.4902
11.9440,pi,6.2800,0.0000,-0.4918,-0.4918
11.9490,pi,6.2800,0.0000,-0.4933,-0.4933
11.9540,pi,6.2800,0.0000,-0.4949,-0.4949
11.9590,pi,6.2800,0.0000,-0.4965,-0.4965
11.9644,pi,6.2800,0.0000,-0.4980,-0.4980
11.9691,pi,6.2800,0.0000,-0.4996,-0.4996
11.9740,pi,6.2800,0.0000,-0.5012,-0.5012
11.9792,pi,6.2800,0.0000,-0.5027,-0.5027
11.9840,pi,6.2800,0.0000,-0.5043,-0.5043
11.9890,pi,6.2800,0.0000,-0.5059,-0.5059
11.9940,pi,6.2800,0.0000,-0.5074,-0.5074
11.9990,pi,6.2800,0.0000,-0.5090,-0.5090
12.0040,pi,6.2800,0.0000,-0.5106,-0.5106
12.0089,pi,6.2800,0.0000,-0.5122,-0.5122
12.0140,pi,6.2800,0.0000,-0.5137,-0.5137
12.0190,pi,6.2800,0.0000,-0.5153,-0.5153
12.0240,pi,6.2800,0.0000,-0.5169,-0.5169
12.0290,pi,6.2800,0.0000,-0.5184,-0.5184
12.0340,pi,6.2800,0.0000,-0.5200,-0.5200
12.0390,pi,6.2800,0.0000,-0.5216,-0.5216
12.0440,pi,6.2800,0.0000,-0.5231,-0.5231
12.0489,pi,6.2800,0.0000,-0.5247,-0.5247
12.0540,pi,6.2800,0.0000,-0.5263,-0.5263
12.0590,pi,6.2800,0.0000,-0.5279,-0.5279
12.0640,pi,6.2800,0.0000,-0.5294,-0.5294
12.0690,pi,6.2800,0.0000,-0.5310,-0.5310
12.0739,pi,6.2800,0.0000,-0.5326,-0.5326
12.0790,pi,6.2800,0.0000,-0.5341,-0.5341
12.0840,pi,6.2800,0.0000,-0.5357,-0.5357
12.0890,pi,6.2800,0.0000,-0.5373,-0.5373
12.0940,pi,6.2800,0.0000,-0.5389,-0.5389
12.0990,pi,6.2800,0.0000,-0.5404,-0.5404
12.1039,pi,6.2800,0.0000,-0.5420,-0.5420
12.1090,pi,6.2800,0.0000,-0.5436,-0.5436
12.1140,pi,6.2800,0.0000,-0.5451,-0.5451
12.1189,pi,6.2800,0.0000,-0.5467,-0.5467
12.1240,pi,6.2800,0.0000,-0.5483,-0.5483
12.1291,pi,6.2800,0.0000,-0.5498,-0.5498
12.1342,pi,6.2800,0.0000,-0.5514,-0.5514
12.1392,pi,6.2800,0.0000,-0.5530,-0.5530
12.1442,pi,6.2800,0.0000,-0.5546,-0.5546
12.1495,pi,6.2800,0.0000,-0.5561,-0.5561
12.1543,pi,6.2800,0.0000,-0.5577,-0.5577
12.1590,pi,6.2800,0.0000,-0.5593,-0.5593
12.1640,pi,6.2800,0.0000,-0.5608,-0.5608
12.1691,pi,6.2800,0.0000,-0.5624,-0.5624
12.1739,pi,6.2800,0.0000,-0.5640,-0.5640
12.1789,pi,6.2800,0.0000,-0.5655,-0.5655
12.1849,pi,6.2800,0.0000,-0.5671,-0.5671
12.1890,pi,6.2800,0.0000,-0.5687,-0.5687
12.1942,pi,6.2800,0.0000,-0.5703,-0.5703
12.1990,pi,6.2800,0.0000,-0.5718,-0.5718
12.2046,pi,6.2800,0.0000,-0.5734,-0.5734
12.2101,pi,6.2800,0.0000,-0.5750,-0.5750
12.2151,pi,6.2800,0.0000,-0.5766,-0.5766
12.2197,pi,6.2800,0.0000,-0.5781,-0.5781
12.2264,pi,6.2800,0.0000,-0.5797,-0.5797
12.2331,pi,6.2800,0.0000,-0.5813,-0.5813
12.2380,pi,6.2800,0.0000,-0.5828,-0.5828
12.2426,pi,6.2800,0.0000,-0.5844,-0.5844
12.2472,pi,6.2800,0.0000,-0.5860,-0.5860
12.2513,pi,6.2800,0.0000,-0.5875,-0.5875
12.2559,pi,6.2800,0.0000,-0.5891,-0.5891
12.2597,pi,6.2800,0.0000,-0.5907,-0.5907
12.2642,pi,6.2800,0.0000,-0.5922,-0.5922
12.2691,pi,6.2800,0.0000,-0.5938,-0.5938
12.2740,pi,6.2800,0.0000,-0.5954,-0.5954
12.2790,pi,6.2800,0.0000,-0.5969,-0.5969
12.2840,pi,6.2800,0.0000,-0.5985,-0.5985
12.2890,pi,6.2800,0.0000,-0.6001,-0.6001
12.2940,pi,6.2800,0.0000,-0.6016,-0.6016
12.2990,pi,6.2800,0.0000,-0.6032,-0.6032
12.3040,pi,6.2800,0.0000,-0.6048,-0.6048
12.3091,pi,6.2800,0.0000,-0.6064,-0.6064
12.3141,pi,6.2800,0.0000,-0.6079,-0.6079
12.3190,pi,6.2800,0.0000,-0.6095,-0.6095
12.3240,pi,6.2800,0.0000,-0.6111,-0.6111
12.3290,pi,6.2800,0.0000,-0.6126,-0.6126
12.3340,pi,6.2800,0.0000,-0.6142,-0.6142
12.3390,pi,6.2800,0.0000,-0.6158,-0.6158
12.3440,pi,6.2800,0.0000,-0.6174,-0.6174
12.3490,pi,6.2800,0.0000,-0.6189,-0.6189
12.3540,pi,6.2800,0.0000,-0.6205,-0.6205
12.3590,pi,6.2800,0.0000,-0.6221,-0.6221
12.3640,pi,6.2800,0.0000,-0.6236,-0.6236
12.3690,pi,6.2800,0.0000,-0.6252,-0.6252
12.3740,pi,6.2800,0.0000,-0.6268,-0.6268
12.3790,pi,6.2800,0.0000,-0.6283,-0.6283
12.3840,pi,6.2800,0.0000,-0.6299,-0.6299
12.3889,pi,6.2800,0.0000,-0.6315,-0.6315
12.3940,pi,6.2800,0.0000,-0.6330,-0.6330
12.3992,pi,6.2800,0.0000,-0.6346,-0.6346
12.4044,pi,6.2800,0.0000,-0.6362,-0.6362
12.4094,pi,6.2800,0.0000,-0.6378,-0.6378
12.4139,pi,6.2800,0.0000,-0.6393,-0.6393
12.4189,pi,6.2800,0.0000,-0.6409,-0.6409
12.4242,pi,6.2800,0.0000,-0.6425,-0.6425
12.4291,pi,6.2800,0.0000,-0.6440,-0.6440
12.4339,pi,6.2800,0.0000,-0.6456,-0.6456
12.4391,pi,6.2800,0.0000,-0.6472,-0.6472
12.4439,pi,6.2800,0.0000,-0.6487,-0.6487
12.4489,pi,6.2800,0.0000,-0.6503,-0.6503
12.4540,pi,6.2800,0.0000,-0.6519,-0.6519
12.4590,pi,6.2800,0.0000,-0.6535,-0.6535
12.4640,pi,6.2800,0.0000,-0.6550,-0.6550
12.4690,pi,6.2800,0.0000,-0.6566,-0.6566
12.4740,pi,6.2800,0.0000,-0.6582,-0.6582
12.4790,pi,6.2800,0.0000,-0.6597,-0.6597
12.4840,pi,6.2800,0.0000,-0.6613,-0.6613
12.4890,pi,6.2800,0.0000,-0.6629,-0.6629
12.4939,pi,6.2800,0.0000,-0.6644,-0.6644
12.4990,pi,6.2800,0.0000,-0.6660,-0.6660
12.5040,pi,6.2800,0.0000,-0.6676,-0.6676
12.5090,pi,6.2800,0.0000,-0.6692,-0.6692
12.5139,pi,6.2800,0.0000,-0.6707,-0.6707
12.5190,pi,6.2800,0.0000,-0.6723,-0.6723
12.5240,pi,6.2800,0.0000,-0.6739,-0.6739
12.5290,pi,6.2800,0.0000,-0.6754,-0.6754
12.5340,pi,6.2800,0.0000,-0.6770,-0.6770
12.5390,pi,6.2800,0.0000,-0.6786,-0.6786
12.5440,pi,6.2800,0.0000,-0.6801,-0.6801
12.5489,pi,6.2800,0.0000,-0.6817,-0.6817
12.5540,pi,6.2800,0.0000,-0.6833,-0.6833
12.5590,pi,6.2800,0.0000,-0.6849,-0.6849
12.5640,pi,6.2800,0.0000,-0.6864,-0.6864
12.5689,pi,6.2800,0.0000,-0.6880,-0.6880
12.5740,pi,6.2800,0.0000,-0.6896,-0.6896
12.5789,pi,6.2800,0.0000,-0.6911,-0.6911
12.5840,pi,6.2800,0.0000,-0.6927,-0.6927
12.5890,pi,6.2800,0.0000,-0.6943,-0.6943
12.5939,pi,6.2800,0.0000,-0.6958,-0.6958
12.5990,pi,6.2800,0.0000,-0.6974,-0.6974
12.6040,pi,6.2800,0.0000,-0.6990,-0.6990
12.6089,pi,6.2800,0.0000,-0.7006,-0.7006
12.6140,pi,6.2800,0.0000,-0.7021,-0.7021
12.6190,pi,6.2800,0.0000,-0.7037,-0.7037
12.6239,pi,6.2800,0.0000,-0.7053,-0.7053
12.6290,pi,6.2800,0.0000,-0.7068,-0.7068
12.6339,pi,6.2800,0.0000,-0.7084,-0.7084
12.6390,pi,6.2800,0.0000,-0.7100,-0.7100
12.6440,pi,6.2800,0.0000,-0.7115,-0.7115
12.6490,pi,6.2800,0.0000,-0.7131,-0.7131
12.6540,pi,6.2800,0.0000,-0.7147,-0.7147
12.6590,pi,6.2800,0.0000,-0.7163,-0.7163
12.6640,pi,6.2800,0.0000,-0.7178,-0.7178
12.6690,pi,6.2800,0.0000,-0.7194,-0.7194
12.6740,pi,6.2800,0.0000,-0.7210,-0.7210
12.6790,pi,6.2800,0.0000,-0.7225,-0.7225
12.6840,pi,6.2800,0.0000,-0.7241,-0.7241
12.6890,pi,6.2800,0.0000,-0.7257,-0.7257
12.6939,pi,6.2800,0.0000,-0.7272,-0.7272
12.6990,pi,6.2800,0.0000,-0.7288,-0.7288
12.7040,pi,6.2800,0.0000,-0.7304,-0.7304
12.7090,pi,6.2800,0.0000,-0.7320,-0.7320
12.7139,pi,6.2800,0.0000,-0.7335,-0.7335
12.7190,pi,6.2800,0.0000,-0.7351,-0.7351
12.7240,pi,6.2800,0.0000,-0.7367,-0.7367
12.7290,pi,6.2800,0.0000,-0.7382,-0.7382
12.7340,pi,6.2800,0.0000,-0.7398,-0.7398
12.7390,pi,6.2800,0.0000,-0.7414,-0.7414
12.7440,pi,6.2800,0.0000,-0.7429,-0.7429
12.7490,pi,6.2800,0.0000,-0.7445,-0.7445
12.7539,pi,6.2800,0.0000,-0.7461,-0.7461
12.7590,pi,6.2800,0.0000,-0.7477,-0.7477
12.7640,pi,6.2800,0.0000,-0.7492,-0.7492
12.7690,pi,6.2800,0.0000,-0.7508,-0.7508
12.7740,pi,6.2800,0.0000,-0.7524,-0.7524
12.7789,pi,6.2800,0.0000,-0.7539,-0.7539
12.7840,pi,6.2800,0.0000,-0.7555,-0.7555
12.7890,pi,6.2800,0.0000,-0.7571,-0.7571
12.7940,pi,6.2800,0.0000,-0.7586,-0.7586
12.7990,pi,6.2800,0.0000,-0.7602,-0.7602
12.8040,pi,6.2800,0.0000,-0.7618,-0.7618
12.8090,pi,6.2800,0.0000,-0.7634,-0.7634
12.8140,pi,6.2800,0.0000,-0.7649,-0.7649
12.8190,pi,6.2800,0.0000,-0.7665,-0.7665
12.8239,pi,6.2800,0.0000,-0.7681,-0.7681
12.8290,pi,6.2800,0.0000,-0.7696,-0.7696
12.8339,pi,6.2800,0.0000,-0.7712,-0.7712
12.8390,pi,6.2800,0.0000,-0.7728,-0.7728
12.8440,pi,6.2800,0.0000,-0.7743,-0.7743
12.8489,pi,6.2800,0.0000,-0.7759,-0.7759
12.8540,pi,6.2800,0.0000,-0.7775,-0.7775
12.8590,pi,6.2800,0.0000,-0.7791,-0.7791
12.8640,pi,6.2800,0.0000,-0.7806,-0.7806
12.8690,pi,6.2800,0.0000,-0.7822,-0.7822
12.8740,pi,6.2800,0.0000,-0.7838,-0.7838
12.8790,pi,6.2800,0.0000,-0.7853,-0.7853
12.8840,pi,6.2800,0.0000,-0.7869,-0.7869
12.8890,pi,6.2800,0.0000,-0.7885,-0.7885
12.8940,pi,6.2800,0.0000,-0.7900,-0.7900
12.8990,pi,6.2800,0.0000,-0.7916,-0.7916
12.9040,pi,6.2800,0.0000,-0.7932,-0.7932
12.9090,pi,6.2800,0.0000,-0.7948,-0.7948
12.9140,pi,6.2800,0.0000,-0.7963,-0.7963
12.9190,pi,6.2800,0.0000,-0.7979,-0.7979
12.9240,pi,6.2800,0.0000,-0.7995,-0.7995
12.9290,pi,6.2800,0.0000,-0.8010,-0.8010
12.9340,pi,6.2800,0.0000,-0.8026,-0.8026
12.9393,pi,6.2800,0.0000,-0.8042,-0.8042
12.9448,pi,6.2800,0.0000,-0.8058,-0.8058
12.9494,pi,6.2800,0.0000,-0.8074,-0.8074
12.9544,pi,6.2800,0.0000,-0.8089,-0.8089
12.9598,pi,6.2800,0.0000,-0.8105,-0.8105
12.9643,pi,6.2800,0.0000,-0.8120,-0.8120
12.9694,pi,6.2800,0.0000,-0.8136,-0.8136
12.9741,pi,6.2800,0.0000,-0.8152,-0.8152
12.9791,pi,6.2800,0.0000,-0.8167,-0.8167
12.9841,pi,6.2800,0.0000,-0.8183,-0.8183
12.9891,pi,6.2800,0.0000,-0.8199,-0.8199
12.9941,pi,6.2800,0.0000,-0.8215,-0.8215
12.9991,pi,6.2800,0.0000,-0.8230,-0.8230
13.0041,pi,6.2800,0.0000,-0.8246,-0.8246
13.0091,pi,6.2800,0.0000,-0.8262,-0.8262
13.0141,pi,6.2800,0.0000,-0.8277,-0.8277
13.0191,pi,6.2800,0.0000,-0.8293,-0.8293
13.0246,pi,6.2800,0.0000,-0.8309,-0.8309
13.0297,pi,6.2800,0.0000,-0.8325,-0.8325
13.0343,pi,6.2800,0.0000,-0.8340,-0.8340
13.0395,pi,6.2800,0.0000,-0.8356,-0.8356
13.0444,pi,6.2800,0.0000,-0.8372,-0.8372
13.0494,pi,6.2800,0.0000,-0.8387,-0.8387
13.0544,pi,6.2800,0.0000,-0.8403,-0.8403
13.0593,pi,6.2800,0.0000,-0.8419,-0.8419
13.0643,pi,6.2800,0.0000,-0.8434,-0.8434
13.0692,pi,6.2800,0.0000,-0.8450,-0.8450
13.0742,pi,6.2800,0.0000,-0.8466,-0.8466
13.0792,pi,6.2800,0.0000,-0.8482,-0.8482
13.0844,pi,6.2800,0.0000,-0.8497,-0.8497
13.0891,pi,6.2800,0.0000,-0.8513,-0.8513
13.0941,pi,6.2800,0.0000,-0.8529,-0.8529
13.0990,pi,6.2800,0.0000,-0.8544,-0.8544
13.1041,pi,6.2800,0.0000,-0.8560,-0.8560
13.1090,pi,6.2800,0.0000,-0.8576,-0.8576
13.1140,pi,6.2800,0.0000,-0.8591,-0.8591
13.1190,pi,6.2800,0.0000,-0.8607,-0.8607
13.1240,pi,6.2800,0.0000,-0.8623,-0.8623
13.1290,pi,6.2800,0.0000,-0.8638,-0.8638
13.1341,pi,6.2800,0.0000,-0.8654,-0.8654
13.1392,pi,6.2800,0.0000,-0.8670,-0.8670
13.1440,pi,6.2800,0.0000,-0.8686,-0.8686
13.1489,pi,6.2800,0.0000,-0.8701,-0.8701
13.1540,pi,6.2800,0.0000,-0.8717,-0.8717
13.1590,pi,6.2800,0.0000,-0.8733,-0.8733
13.1640,pi,6.2800,0.0000,-0.8748,-0.8748
13.1690,pi,6.2800,0.0000,-0.8764,-0.8764
13.1740,pi,6.2800,0.0000,-0.8780,-0.8780
13.1791,pi,6.2800,0.0000,-0.8795,-0.8795
13.1840,pi,6.2800,0.0000,-0.8811,-0.8811
13.1890,pi,6.2800,0.0000,-0.8827,-0.8827
13.1941,pi,6.2800,0.0000,-0.8843,-0.8843
13.1991,pi,6.2800,0.0000,-0.8858,-0.8858
13.2043,pi,6.2800,0.0000,-0.8874,-0.8874
13.2094,pi,6.2800,0.0000,-0.8890,-0.8890
13.2143,pi,6.2800,0.0000,-0.8905,-0.8905
13.2194,pi,6.2800,0.0000,-0.8921,-0.8921
13.2240,pi,6.2800,0.0000,-0.8937,-0.8937
13.2290,pi,6.2800,0.0000,-0.8952,-0.8952
13.2342,pi,6.2800,0.0000,-0.8968,-0.8968
13.2395,pi,6.2800,0.0000,-0.8984,-0.8984
13.2447,pi,6.2800,0.0000,-0.9000,-0.9000
13.2494,pi,6.2800,0.0000,-0.9015,-0.9015
13.2541,pi,6.2800,0.0000,-0.9031,-0.9031
13.2592,pi,6.2800,0.0000,-0.9047,-0.9047
13.2640,pi,6.2800,0.0000,-0.9062,-0.9062
13.2692,pi,6.2800,0.0000,-0.9078,-0.9078
13.2741,pi,6.2800,0.0000,-0.9094,-0.9094
13.2790,pi,6.2800,0.0000,-0.9109,-0.9109
13.2841,pi,6.2800,0.0000,-0.9125,-0.9125
13.2890,pi,6.2800,0.0000,-0.9141,-0.9141
13.2942,pi,6.2800,0.0000,-0.9157,-0.9157
13.2993,pi,6.2800,0.0000,-0.9172,-0.9172
13.3041,pi,6.2800,0.0000,-0.9188,-0.9188
13.3090,pi,6.2800,0.0000,-0.9204,-0.9204
13.3139,pi,6.2800,0.0000,-0.9219,-0.9219
13.3189,pi,6.2800,0.0000,-0.9235,-0.9235
13.3240,pi,6.2800,0.0000,-0.9251,-0.9251
13.3290,pi,6.2800,0.0000,-0.9266,-0.9266
13.3340,pi,6.2800,0.0000,-0.9282,-0.9282
13.3390,pi,6.2800,0.0000,-0.9298,-0.9298
13.3442,pi,6.2800,0.0000,-0.9314,-0.9314
13.3490,pi,6.2800,0.0000,-0.9329,-0.9329
13.3540,pi,6.2800,0.0000,-0.9345,-0.9345
13.3590,pi,6.2800,0.0000,-0.9361,-0.9361
13.3640,pi,6.2800,0.0000,-0.9376,-0.9376
13.3690,pi,6.2800,0.0000,-0.9392,-0.9392
13.3739,pi,6.2800,0.0000,-0.9408,-0.9408
13.3790,pi,6.2800,0.0000,-0.9423,-0.9423
13.3841,pi,6.2800,0.0000,-0.9439,-0.9439
13.3890,pi,6.2800,0.0000,-0.9455,-0.9455
13.3941,pi,6.2800,0.0000,-0.9471,-0.9471
13.3992,pi,6.2800,0.0000,-0.9486,-0.9486
13.4045,pi,6.2800,0.0000,-0.9502,-0.9502
13.4092,pi,6.2800,0.0000,-0.9518,-0.9518
13.4142,pi,6.2800,0.0000,-0.9533,-0.9533
13.4190,pi,6.2800,0.0000,-0.9549,-0.9549
13.4240,pi,6.2800,0.0000,-0.9565,-0.9565
13.4290,pi,6.2800,0.0000,-0.9580,-0.9580
13.4340,pi,6.2800,0.0000,-0.9596,-0.9596
13.4390,pi,6.2800,0.0000,-0.9612,-0.9612
13.4440,pi,6.2800,0.0000,-0.9627,-0.9627
13.4490,pi,6.2800,0.0000,-0.9643,-0.9643
13.4540,pi,6.2800,0.0000,-0.9659,-0.9659
13.4590,pi,6.2800,0.0000,-0.9675,-0.9675
13.4640,pi,6.2800,0.0000,-0.9690,-0.9690
13.4690,pi,6.2800,0.0000,-0.9706,-0.9706
13.4740,pi,6.2800,0.0000,-0.9722,-0.9722
13.4790,pi,6.2800,0.0000,-0.9737,-0.9737
13.4840,pi,6.2800,0.0000,-0.9753,-0.9753
13.4890,pi,6.2800,0.0000,-0.9769,-0.9769
13.4940,pi,6.2800,0.0000,-0.9785,-0.9785
13.4990,pi,6.2800,0.0000,-0.9800,-0.9800
13.5041,pi,6.2800,0.0000,-0.9816,-0.9816
13.5090,pi,6.2800,0.0000,-0.9832,-0.9832
13.5140,pi,6.2800,0.0000,-0.9847,-0.9847
13.5190,pi,6.2800,0.0000,-0.9863,-0.9863
13.5240,pi,6.2800,0.0000,-0.9879,-0.9879
13.5292,pi,6.2800,0.0000,-0.9894,-0.9894
13.5341,pi,6.2800,0.0000,-0.9910,-0.9910
13.5400,pi,6.2800,0.0000,-0.9926,-0.9926
13.5454,pi,6.2800,0.0000,-0.9942,-0.9942
13.5500,pi,6.2800,0.0000,-0.9957,-0.9957
13.5543,pi,6.2800,0.0000,-0.9973,-0.9973
13.5589,pi,6.2800,0.0000,-0.9989,-0.9989
13.5639,pi,6.2800,0.0000,-1.0000,-1.0004
13.5690,pi,6.2800,0.0000,-1.0000,-1.0020
13.5740,pi,6.2800,0.0000,-1.0000,-1.0036
13.5789,pi,6.2800,0.0000,-1.0000,-1.0051
13.5840,pi,6.2800,0.0000,-1.0000,-1.0067
13.5890,pi,6.2800,0.0000,-1.0000,-1.0083
13.5940,pi,6.2800,0.0000,-1.0000,-1.0099
13.5990,pi,6.2800,0.0000,-1.0000,-1.0114
13.6040,pi,6.2800,0.0000,-1.0000,-1.0130
13.6090,pi,6.2800,0.0000,-1.0000,-1.0146
13.6140,pi,6.2800,0.0000,-1.0000,-1.0161
13.6190,pi,6.2800,0.0000,-1.0000,-1.0177
13.6240,pi,6.2800,0.0000,-1.0000,-1.0193
13.6290,pi,6.2800,0.0000,-1.0000,-1.0208
13.6340,pi,6.2800,0.0000,-1.0000,-1.0224
13.6390,pi,6.2800,0.0000,-1.0000,-1.0240
13.6440,pi,6.2800,0.0000,-1.0000,-1.0256
13.6490,pi,6.2800,0.0000,-1.0000,-1.0271
13.6540,pi,6.2800,0.0000,-1.0000,-1.0287
13.6590,pi,6.2800,0.0000,-1.0000,-1.0303
13.6640,pi,6.2800,0.0000,-1.0000,-1.0318
13.6690,pi,6.2800,0.0000,-1.0000,-1.0334
13.6740,pi,6.2800,0.0000,-1.0000,-1.0350
13.6790,pi,6.2800,0.0000,-1.0000,-1.0365
13.6840,pi,6.2800,0.0000,-1.0000,-1.0381
13.6890,pi,6.2800,0.0000,-1.0000,-1.0397
13.6940,pi,6.2800,0.0000,-1.0000,-1.0413
13.6990,pi,6.2800,0.0000,-1.0000,-1.0428
13.7040,pi,6.2800,0.0000,-1.0000,-1.0444
13.7090,pi,6.2800,0.0000,-1.0000,-1.0460
13.7140,pi,6.2800,0.0000,-1.0000,-1.0475
13.7190,pi,6.2800,0.0000,-1.0000,-1.0491
13.7240,pi,6.2800,0.0000,-1.0000,-1.0507
13.7290,pi,6.2800,0.0000,-1.0000,-1.0522
13.7340,pi,6.2800,0.0000,-1.0000,-1.0538
13.7390,pi,6.2800,0.0000,-1.0000,-1.0554
13.7440,pi,6.2800,0.0000,-1.0000,-1.0570
13.7490,pi,6.2800,0.0000,-1.0000,-1.0585
13.7540,pi,6.2800,0.0000,-1.0000,-1.0601
13.7590,pi,6.2800,0.0000,-1.0000,-1.0617
13.7640,pi,6.2800,0.0000,-1.0000,-1.0632
13.7690,pi,6.2800,0.0000,-1.0000,-1.0648
13.7739,pi,6.2800,0.0000,-1.0000,-1.0664
13.7790,pi,6.2800,0.0000,-1.0000,-1.0679
13.7840,pi,6.2800,0.0000,-1.0000,-1.0695
13.7890,pi,6.2800,0.0000,-1.0000,-1.0711
13.7940,pi,6.2800,0.0000,-1.0000,-1.0726
13.7990,pi,6.2800,0.0000,-1.0000,-1.0742
13.8040,pi,6.2800,0.0000,-1.0000,-1.0758
13.8090,pi,6.2800,0.0000,-1.0000,-1.0774
13.8140,pi,6.2800,0.0000,-1.0000,-1.0789
13.8190,pi,6.2800,0.0000,-1.0000,-1.0805
13.8240,pi,6.2800,0.0000,-1.0000,-1.0821
13.8290,pi,6.2800,0.0000,-1.0000,-1.0836
13.8340,pi,6.2800,0.0000,-1.0000,-1.0852
13.8390,pi,6.2800,0.0000,-1.0000,-1.0868
13.8440,pi,6.2800,0.0000,-1.0000,-1.0884
13.8490,pi,6.2800,0.0000,-1.0000,-1.0899
13.8540,pi,6.2800,0.0000,-1.0000,-1.0915
13.8590,pi,6.2800,0.0000,-1.0000,-1.0931
13.8640,pi,6.2800,0.0000,-1.0000,-1.0946
13.8690,pi,6.2800,0.0000,-1.0000,-1.0962
13.8740,pi,6.2800,0.0000,-1.0000,-1.0978
13.8790,pi,6.2800,0.0000,-1.0000,-1.0993
13.8841,pi,6.2800,0.0000,-1.0000,-1.1009
13.8890,pi,6.2800,0.0000,-1.0000,-1.1025
13.8940,pi,6.2800,0.0000,-1.0000,-1.1041
13.8990,pi,6.2800,0.0000,-1.0000,-1.1056
13.9041,pi,6.2800,0.0000,-1.0000,-1.1072
13.9090,pi,6.2800,0.0000,-1.0000,-1.1088
13.9140,pi,6.2800,0.0000,-1.0000,-1.1103
13.9190,pi,6.2800,0.0000,-1.0000,-1.1119
13.9240,pi,6.2800,0.0000,-1.0000,-1.1135
13.9290,pi,6.2800,0.0000,-1.0000,-1.1150
13.9340,pi,6.2800,0.0000,-1.0000,-1.1166
13.9390,pi,6.2800,0.0000,-1.0000,-1.1182
13.9440,pi,6.2800,0.0000,-1.0000,-1.1198
13.9490,pi,6.2800,0.0000,-1.0000,-1.1213
13.9540,pi,6.2800,0.0000,-1.0000,-1.1229
13.9590,pi,6.2800,0.0000,-1.0000,-1.1245
13.9640,pi,6.2800,0.0000,-1.0000,-1.1260
13.9690,pi,6.2800,0.0000,-1.0000,-1.1276
13.9740,pi,6.2800,0.0000,-1.0000,-1.1292
13.9790,pi,6.2800,0.0000,-1.0000,-1.1307
13.9840,pi,6.2800,0.0000,-1.0000,-1.1323
13.9890,pi,6.2800,0.0000,-1.0000,-1.1339
13.9940,pi,6.2800,0.0000,-1.0000,-1.1354
13.9990,pi,6.2800,0.0000,-1.0000,-1.1370
14.0040,pi,6.2800,0.0000,-1.0000,-1.1386
14.0090,pi,6.2800,0.0000,-1.0000,-1.1402
14.0140,pi,6.2800,0.0000,-1.0000,-1.1417
14.0190,pi,6.2800,0.0000,-1.0000,-1.1433
14.0240,pi,6.2800,0.0000,-1.0000,-1.1449
14.0290,pi,6.2800,0.0000,-1.0000,-1.1464
14.0340,pi,6.2800,0.0000,-1.0000,-1.1480
14.0390,pi,6.2800,0.0000,-1.0000,-1.1496
14.0440,pi,6.2800,0.0000,-1.0000,-1.1512
14.0490,pi,6.2800,0.0000,-1.0000,-1.1527
14.0540,pi,6.2800,0.0000,-1.0000,-1.1543
14.0590,pi,6.2800,0.0000,-1.0000,-1.1559
14.0640,pi,6.2800,0.0000,-1.0000,-1.1574
14.0690,pi,6.2800,0.0000,-1.0000,-1.1590
14.0740,pi,6.2800,0.0000,-1.0000,-1.1606
14.0790,pi,6.2800,0.0000,-1.0000,-1.1621
14.0840,pi,6.2800,0.0000,-1.0000,-1.1637
14.0893,pi,6.2800,0.0000,-1.0000,-1.1653
14.0944,pi,6.2800,0.0000,-1.0000,-1.1669
14.1000,pi,6.2800,0.0000,-1.0000,-1.1684
14.1044,pi,6.2800,0.0000,-1.0000,-1.1700
14.1095,pi,6.2800,0.0000,-1.0000,-1.1716
14.1144,pi,6.2800,0.0000,-1.0000,-1.1731
14.1196,pi,6.2800,0.0000,-1.0000,-1.1747
14.1245,pi,6.2800,0.0000,-1.0000,-1.1763
14.1297,pi,6.2800,0.0000,-1.0000,-1.1779
14.1357,pi,6.2800,0.0000,-1.0000,-1.1794
14.1405,pi,6.2800,0.0000,-1.0000,-1.1810
14.1453,pi,6.2800,0.0000,-1.0000,-1.1826
14.1500,pi,6.2800,0.0000,-1.0000,-1.1841
14.1540,pi,6.2800,0.0000,-1.0000,-1.1857
14.1590,pi,6.2800,0.0000,-1.0000,-1.1873
14.1640,pi,6.2800,0.0000,-1.0000,-1.1888
14.1690,pi,6.2800,0.0000,-1.0000,-1.1904
14.1740,pi,6.2800,0.0000,-1.0000,-1.1920
14.1790,pi,6.2800,0.0000,-1.0000,-1.1935
14.1840,pi,6.2800,0.0000,-1.0000,-1.1951
14.1890,pi,6.2800,0.0000,-1.0000,-1.1967
14.1940,pi,6.2800,0.0000,-1.0000,-1.1983
14.1990,pi,6.2800,0.0000,-1.0000,-1.1998
14.2040,pi,6.2800,0.0000,-1.0000,-1.2014
14.2090,pi,6.2800,0.0000,-1.0000,-1.2030
14.2140,pi,6.2800,0.0000,-1.0000,-1.2045
14.2190,pi,6.2800,0.0000,-1.0000,-1.2061
14.2240,pi,6.2800,0.0000,-1.0000,-1.2077
14.2290,pi,6.2800,0.0000,-1.0000,-1.2092
14.2341,pi,6.2800,0.0000,-1.0000,-1.2108
14.2390,pi,6.2800,0.0000,-1.0000,-1.2124
14.2440,pi,6.2800,0.0000,-1.0000,-1.2139
14.2490,pi,6.2800,0.0000,-1.0000,-1.2155
14.2540,pi,6.2800,0.0000,-1.0000,-1.2171
14.2592,pi,6.2800,0.0000,-1.0000,-1.2187
14.2640,pi,6.2800,0.0000,-1.0000,-1.2202
14.2692,pi,6.2800,0.0000,-1.0000,-1.2218
14.2740,pi,6.2800,0.0000,-1.0000,-1.2234
14.2790,pi,6.2800,0.0000,-1.0000,-1.2249
14.2840,pi,6.2800,0.0000,-1.0000,-1.2265
14.2890,pi,6.2800,0.0000,-1.0000,-1.2281
14.2940,pi,6.2800,0.0000,-1.0000,-1.2296
14.2990,pi,6.2800,0.0000,-1.0000,-1.2312
14.3040,pi,6.2800,0.0000,-1.0000,-1.2328
14.3092,pi,6.2800,0.0000,-1.0000,-1.2344
14.3141,pi,6.2800,0.0000,-1.0000,-1.2360
14.3190,pi,6.2800,0.0000,-1.0000,-1.2375
14.3241,pi,6.2800,0.0000,-1.0000,-1.2391
14.3291,pi,6.2800,0.0000,-1.0000,-1.2406
14.3340,pi,6.2800,0.0000,-1.0000,-1.2422
14.3390,pi,6.2800,0.0000,-1.0000,-1.2438
14.3439,pi,6.2800,0.0000,-1.0000,-1.2453
14.3490,pi,6.2800,0.0000,-1.0000,-1.2469
14.3541,pi,6.2800,0.0000,-1.0000,-1.2485
14.3590,pi,6.2800,0.0000,-1.0000,-1.2501
14.3640,pi,6.2800,0.0000,-1.0000,-1.2516
14.3690,pi,6.2800,0.0000,-1.0000,-1.2532
14.3740,pi,6.2800,0.0000,-1.0000,-1.2548
14.3790,pi,6.2800,0.0000,-1.0000,-1.2563
14.3841,pi,6.2800,0.0000,-1.0000,-1.2579
14.3889,pi,6.2800,0.0000,-1.0000,-1.2595
14.3940,pi,6.2800,0.0000,-1.0000,-1.2610
14.3993,pi,6.2800,0.0000,-1.0000,-1.2626
14.4040,pi,6.2800,0.0000,-1.0000,-1.2642
14.4091,pi,6.2800,0.0000,-1.0000,-1.2658
14.4141,pi,6.2800,0.0000,-1.0000,-1.2673
14.4192,pi,6.2800,0.0000,-1.0000,-1.2689
14.4246,pi,6.2800,0.0000,-1.0000,-1.2705
14.4305,pi,6.2800,0.0000,-1.0000,-1.2721
14.4350,pi,6.2800,0.0000,-1.0000,-1.2736
14.4393,pi,6.2800,0.0000,-1.0000,-1.2752
14.4440,pi,6.2800,0.0000,-1.0000,-1.2768
14.4490,pi,6.2800,0.0000,-1.0000,-1.2783
14.4539,pi,6.2800,0.0000,-1.0000,-1.2799
14.4591,pi,6.2800,0.0000,-1.0000,-1.2815
14.4639,pi,6.2800,0.0000,-1.0000,-1.2830
14.4690,pi,6.2800,0.0000,-1.0000,-1.2846
14.4740,pi,6.2800,0.0000,-1.0000,-1.2862
14.4791,pi,6.2800,0.0000,-1.0000,-1.2877
14.4843,pi,6.2800,0.0000,-1.0000,-1.2893
14.4894,pi,6.2800,0.0000,-1.0000,-1.2909
14.4943,pi,6.2800,0.0000,-1.0000,-1.2925
14.4990,pi,6.2800,0.0000,-1.0000,-1.2940
14.5039,pi,6.2800,0.0000,-1.0000,-1.2956
14.5090,pi,6.2800,0.0000,-1.0000,-1.2972
14.5140,pi,6.2800,0.0000,-1.0000,-1.2987
14.5190,pi,6.2800,0.0000,-1.0000,-1.3003
14.5240,pi,6.2800,0.0000,-1.0000,-1.3019
14.5290,pi,6.2800,0.0000,-1.0000,-1.3034
14.5340,pi,6.2800,0.0000,-1.0000,-1.3050
14.5390,pi,6.2800,0.0000,-1.0000,-1.3066
14.5440,pi,6.2800,0.0000,-1.0000,-1.3081
14.5490,pi,6.2800,0.0000,-1.0000,-1.3097
14.5540,pi,6.2800,0.0000,-1.0000,-1.3113
14.5589,pi,6.2800,0.0000,-1.0000,-1.3129
14.5640,pi,6.2800,0.0000,-1.0000,-1.3144
14.5690,pi,6.2800,0.0000,-1.0000,-1.3160
14.5740,pi,6.2800,0.0000,-1.0000,-1.3176
14.5790,pi,6.2800,0.0000,-1.0000,-1.3191
14.5839,pi,6.2800,0.0000,-1.0000,-1.3207
14.5890,pi,6.2800,0.0000,-1.0000,-1.3223
14.5940,pi,6.2800,0.0000,-1.0000,-1.3238
14.5990,pi,6.2800,0.0000,-1.0000,-1.3254
14.6040,pi,6.2800,0.0000,-1.0000,-1.3270
14.6090,pi,6.2800,0.0000,-1.0000,-1.3286
14.6139,pi,6.2800,0.0000,-1.0000,-1.3301
14.6190,pi,6.2800,0.0000,-1.0000,-1.3317
14.6240,pi,6.2800,0.0000,-1.0000,-1.3333
14.6291,pi,6.2800,0.0000,-1.0000,-1.3348
14.6340,pi,6.2800,0.0000,-1.0000,-1.3364
14.6390,pi,6.2800,0.0000,-1.0000,-1.3380
14.6439,pi,6.2800,0.0000,-1.0000,-1.3395
14.6490,pi,6.2800,0.0000,-1.0000,-1.3411
14.6540,pi,6.2800,0.0000,-1.0000,-1.3427
14.6589,pi,6.2800,0.0000,-1.0000,-1.3443
14.6641,pi,6.2800,0.0000,-1.0000,-1.3458
14.6690,pi,6.2800,0.0000,-1.0000,-1.3474
14.6740,pi,6.2800,0.0000,-1.0000,-1.3490
14.6794,pi,6.2800,0.0000,-1.0000,-1.3505
14.6849,pi,6.2800,0.0000,-1.0000,-1.3521
14.6893,pi,6.2800,0.0000,-1.0000,-1.3537
14.6939,pi,6.2800,0.0000,-1.0000,-1.3553
14.6989,pi,6.2800,0.0000,-1.0000,-1.3568
14.7040,pi,6.2800,0.0000,-1.0000,-1.3584
14.7090,pi,6.2800,0.0000,-1.0000,-1.3600
14.7140,pi,6.2800,0.0000,-1.0000,-1.3615
14.7190,pi,6.2800,0.0000,-1.0000,-1.3631
14.7240,pi,6.2800,0.0000,-1.0000,-1.3647
14.7290,pi,6.2800,0.0000,-1.0000,-1.3662
14.7340,pi,6.2800,0.0000,-1.0000,-1.3678
14.7390,pi,6.2800,0.0000,-1.0000,-1.3694
14.7440,pi,6.2800,0.0000,-1.0000,-1.3709
14.7490,pi,6.2800,0.0000,-1.0000,-1.3725
14.7540,pi,6.2800,0.0000,-1.0000,-1.3741
14.7590,pi,6.2800,0.0000,-1.0000,-1.3757
14.7640,pi,6.2800,0.0000,-1.0000,-1.3772
14.7690,pi,6.2800,0.0000,-1.0000,-1.3788
14.7740,pi,6.2800,0.0000,-1.0000,-1.3804
14.7790,pi,6.2800,0.0000,-1.0000,-1.3819
14.7840,pi,6.2800,0.0000,-1.0000,-1.3835
14.7890,pi,6.2800,0.0000,-1.0000,-1.3851
14.7940,pi,6.2800,0.0000,-1.0000,-1.3867
14.7990,pi,6.2800,0.0000,-1.0000,-1.3882
14.8040,pi,6.2800,0.0000,-1.0000,-1.3898
14.8090,pi,6.2800,0.0000,-1.0000,-1.3914
14.8140,pi,6.2800,0.0000,-1.0000,-1.3929
14.8190,pi,6.2800,0.0000,-1.0000,-1.3945
14.8240,pi,6.2800,0.0000,-1.0000,-1.3961
14.8290,pi,6.2800,0.0000,-1.0000,-1.3976
14.8340,pi,6.2800,0.0000,-1.0000,-1.3992
14.8390,pi,6.2800,0.0000,-1.0000,-1.4008
14.8440,pi,6.2800,0.0000,-1.0000,-1.4023
14.8490,pi,6.2800,0.0000,-1.0000,-1.4039
14.8540,pi,6.2800,0.0000,-1.0000,-1.4055
14.8590,pi,6.2800,0.0000,-1.0000,-1.4071
14.8640,pi,6.2800,0.0000,-1.0000,-1.4086
14.8690,pi,6.2800,0.0000,-1.0000,-1.4102
14.8740,pi,6.2800,0.0000,-1.0000,-1.4118
14.8790,pi,6.2800,0.0000,-1.0000,-1.4133
14.8841,pi,6.2800,0.0000,-1.0000,-1.4149
14.8892,pi,6.2800,0.0000,-1.0000,-1.4165
14.8942,pi,6.2800,0.0000,-1.0000,-1.4181
14.8990,pi,6.2800,0.0000,-1.0000,-1.4196
14.9039,pi,6.2800,0.0000,-1.0000,-1.4212
14.9090,pi,6.2800,0.0000,-1.0000,-1.4228
14.9140,pi,6.2800,0.0000,-1.0000,-1.4243
14.9190,pi,6.2800,0.0000,-1.0000,-1.4259
14.9240,pi,6.2800,0.0000,-1.0000,-1.4275
14.9290,pi,6.2800,0.0000,-1.0000,-1.4290
14.9340,pi,6.2800,0.0000,-1.0000,-1.4306
14.9390,pi,6.2800,0.0000,-1.0000,-1.4322
14.9440,pi,6.2800,0.0000,-1.0000,-1.4337
14.9491,pi,6.2800,0.0000,-1.0000,-1.4353
14.9540,pi,6.2800,0.0000,-1.0000,-1.4369
14.9590,pi,6.2800,0.0000,-1.0000,-1.4385
14.9640,pi,6.2800,0.0000,-1.0000,-1.4400
14.9690,pi,6.2800,0.0000,-1.0000,-1.4416
14.9739,pi,6.2800,0.0000,-1.0000,-1.4432
14.9790,pi,6.2800,0.0000,-1.0000,-1.4447
14.9840,pi,6.2800,0.0000,-1.0000,-1.4463
14.9890,pi,6.2800,0.0000,-1.0000,-1.4479
14.9940,pi,6.2800,0.0000,-1.0000,-1.4495
14.9991,pi,6.2800,0.0000,-1.0000,-1.4510
15.0041,pi,6.2800,0.0000,-1.0000,-1.4526
15.0090,pi,6.2800,0.0000,-1.0000,-1.4542
15.0140,pi,6.2800,0.0000,-1.0000,-1.4557
15.0190,pi,6.2800,0.0000,-1.0000,-1.4573
15.0240,pi,6.2800,0.0000,-1.0000,-1.4589
15.0290,pi,6.2800,0.0000,-1.0000,-1.4604
15.0340,pi,6.2800,0.0000,-1.0000,-1.4620
15.0390,pi,6.2800,0.0000,-1.0000,-1.4636
15.0439,pi,6.2800,0.0000,-1.0000,-1.4652
15.0491,pi,6.2800,0.0000,-1.0000,-1.4667
15.0542,pi,6.2800,0.0000,-1.0000,-1.4683
15.0590,pi,6.2800,0.0000,-1.0000,-1.4699
15.0640,pi,6.2800,0.0000,-1.0000,-1.4714
15.0690,pi,6.2800,0.0000,-1.0000,-1.4730
15.0740,pi,6.2800,0.0000,-1.0000,-1.4746
15.0790,pi,6.2800,0.0000,-1.0000,-1.4761
15.0841,pi,6.2800,0.0000,-1.0000,-1.4777
15.0890,pi,6.2800,0.0000,-1.0000,-1.4793
15.0939,pi,6.2800,0.0000,-1.0000,-1.4809
15.0990,pi,6.2800,0.0000,-1.0000,-1.4824
15.1040,pi,6.2800,0.0000,-1.0000,-1.4840
15.1090,pi,6.2800,0.0000,-1.0000,-1.4856
15.1140,pi,6.2800,0.0000,-1.0000,-1.4871
15.1190,pi,6.2800,0.0000,-1.0000,-1.4887
15.1240,pi,6.2800,0.0000,-1.0000,-1.4903
15.1290,pi,6.2800,0.0000,-1.0000,-1.4918
15.1340,pi,6.2800,0.0000,-1.0000,-1.4934
15.1391,pi,6.2800,0.0000,-1.0000,-1.4950
15.1442,pi,6.2800,0.0000,-1.0000,-1.4966
15.1491,pi,6.2800,0.0000,-1.0000,-1.4981
15.1541,pi,6.2800,0.0000,-1.0000,-1.4997
15.1590,pi,6.2800,0.0000,-1.0000,-1.5013
15.1639,pi,6.2800,0.0000,-1.0000,-1.5028
15.1693,pi,6.2800,0.0000,-1.0000,-1.5044
15.1741,pi,6.2800,0.0000,-1.0000,-1.5060
15.1797,pi,6.2800,0.0000,-1.0000,-1.5075
15.1848,pi,6.2800,0.0000,-1.0000,-1.5091
15.1893,pi,6.2800,0.0000,-1.0000,-1.5107
15.1940,pi,6.2800,0.0000,-1.0000,-1.5122
15.1989,pi,6.2800,0.0000,-1.0000,-1.5138
15.2040,pi,6.2800,0.0000,-1.0000,-1.5154
15.2090,pi,6.2800,0.0000,-1.0000,-1.5170
15.2140,pi,6.2800,0.0000,-1.0000,-1.5185
15.2190,pi,6.2800,0.0000,-1.0000,-1.5201
15.2241,pi,6.2800,0.0000,-1.0000,-1.5217
15.2290,pi,6.2800,0.0000,-1.0000,-1.5232
15.2340,pi,6.2800,0.0000,-1.0000,-1.5248
15.2390,pi,6.2800,0.0000,-1.0000,-1.5264
15.2440,pi,6.2800,0.0000,-1.0000,-1.5279
15.2490,pi,6.2800,0.0000,-1.0000,-1.5295
15.2542,pi,6.2800,0.0000,-1.0000,-1.5311
15.2590,pi,6.2800,0.0000,-1.0000,-1.5327
15.2640,pi,6.2800,0.0000,-1.0000,-1.5342
15.2693,pi,6.2800,0.0000,-1.0000,-1.5358
15.2745,pi,6.2800,0.0000,-1.0000,-1.5374
15.2793,pi,6.2800,0.0000,-1.0000,-1.5389
15.2840,pi,6.2800,0.0000,-1.0000,-1.5405
15.2890,pi,6.2800,0.0000,-1.0000,-1.5421
15.2940,pi,6.2800,0.0000,-1.0000,-1.5436
15.2990,pi,6.2800,0.0000,-1.0000,-1.5452
15.3043,pi,6.2800,0.0000,-1.0000,-1.5468
15.3098,pi,6.2800,0.0000,-1.0000,-1.5484
15.3142,pi,6.2800,0.0000,-1.0000,-1.5499
15.3194,pi,6.2800,0.0000,-1.0000,-1.5515
15.3239,pi,6.2800,0.0000,-1.0000,-1.5531
15.3290,pi,6.2800,0.0000,-1.0000,-1.5546
15.3340,pi,6.2800,0.0000,-1.0000,-1.5562
15.3390,pi,6.2800,0.0000,-1.0000,-1.5578
15.3440,pi,6.2800,0.0000,-1.0000,-1.5594
15.3490,pi,6.2800,0.0000,-1.0000,-1.5609
15.3540,pi,6.2800,0.0000,-1.0000,-1.5625
15.3590,pi,6.2800,0.0000,-1.0000,-1.5641
15.3640,pi,6.2800,0.0000,-1.0000,-1.5656
15.3690,pi,6.2800,0.0000,-1.0000,-1.5672
15.3740,pi,6.2800,0.0000,-1.0000,-1.5688
15.3790,pi,6.2800,0.0000,-1.0000,-1.5703
15.3841,pi,6.2800,0.0000,-1.0000,-1.5719
15.3891,pi,6.2800,0.0000,-1.0000,-1.5735
15.3939,pi,6.2800,0.0000,-1.0000,-1.5751
15.3993,pi,6.2800,0.0000,-1.0000,-1.5766
15.4043,pi,6.2800,0.0000,-1.0000,-1.5782
15.4090,pi,6.2800,0.0000,-1.0000,-1.5798
15.4141,pi,6.2800,0.0000,-1.0000,-1.5813
15.4191,pi,6.2800,0.0000,-1.0000,-1.5829
15.4240,pi,6.2800,0.0000,-1.0000,-1.5845
15.4291,pi,6.2800,0.0000,-1.0000,-1.5860
15.4339,pi,6.2800,0.0000,-1.0000,-1.5876
15.4389,pi,6.2800,0.0000,-1.0000,-1.5892
15.4440,pi,6.2800,0.0000,-1.0000,-1.5908
15.4490,pi,6.2800,0.0000,-1.0000,-1.5923
15.4540,pi,6.2800,0.0000,-1.0000,-1.5939
15.4590,pi,6.2800,0.0000,-1.0000,-1.5955
15.4640,pi,6.2800,0.0000,-1.0000,-1.5970
15.4690,pi,6.2800,0.0000,-1.0000,-1.5986
15.4740,pi,6.2800,0.0000,-1.0000,-1.6002
15.4790,pi,6.2800,0.0000,-1.0000,-1.6017
15.4841,pi,6.2800,0.0000,-1.0000,-1.6033
15.4890,pi,6.2800,0.0000,-1.0000,-1.6049
15.4940,pi,6.2800,0.0000,-1.0000,-1.6065
15.4989,pi,6.2800,0.0000,-1.0000,-1.6080
15.5040,pi,6.2800,0.0000,-1.0000,-1.6096
15.5090,pi,6.2800,0.0000,-1.0000,-1.6112
15.5140,pi,6.2800,0.0000,-1.0000,-1.6127
15.5190,pi,6.2800,0.0000,-1.0000,-1.6143
15.5240,pi,6.2800,0.0000,-1.0000,-1.6159
15.5290,pi,6.2800,0.0000,-1.0000,-1.6174
15.5340,pi,6.2800,0.0000,-1.0000,-1.6190
15.5390,pi,6.2800,0.0000,-1.0000,-1.6206
15.5440,pi,6.2800,0.0000,-1.0000,-1.6222
15.5490,pi,6.2800,0.0000,-1.0000,-1.6237
15.5540,pi,6.2800,0.0000,-1.0000,-1.6253
15.5590,pi,6.2800,0.0000,-1.0000,-1.6269
15.5640,pi,6.2800,0.0000,-1.0000,-1.6284
15.5690,pi,6.2800,0.0000,-1.0000,-1.6300
15.5740,pi,6.2800,0.0000,-1.0000,-1.6316
15.5790,pi,6.2800,0.0000,-1.0000,-1.6331
15.5841,pi,6.2800,0.0000,-1.0000,-1.6347
15.5890,pi,6.2800,0.0000,-1.0000,-1.6363
15.5940,pi,6.2800,0.0000,-1.0000,-1.6379
15.5990,pi,6.2800,0.0000,-1.0000,-1.6394
15.6040,pi,6.2800,0.0000,-1.0000,-1.6410
15.6090,pi,6.2800,0.0000,-1.0000,-1.6426
15.6140,pi,6.2800,0.0000,-1.0000,-1.6441
15.6190,pi,6.2800,0.0000,-1.0000,-1.6457
15.6240,pi,6.2800,0.0000,-1.0000,-1.6473
15.6290,pi,6.2800,0.0000,-1.0000,-1.6488
15.6340,pi,6.2800,0.0000,-1.0000,-1.6504
15.6390,pi,6.2800,0.0000,-1.0000,-1.6520
15.6440,pi,6.2800,0.0000,-1.0000,-1.6536
15.6490,pi,6.2800,0.0000,-1.0000,-1.6551
15.6540,pi,6.2800,0.0000,-1.0000,-1.6567
15.6590,pi,6.2800,0.0000,-1.0000,-1.6583
15.6640,pi,6.2800,0.0000,-1.0000,-1.6598
15.6690,pi,6.2800,0.0000,-1.0000,-1.6614
15.6740,pi,6.2800,0.0000,-1.0000,-1.6630
15.6791,pi,6.2800,0.0000,-1.0000,-1.6645
15.6841,pi,6.2800,0.0000,-1.0000,-1.6661
15.6890,pi,6.2800,0.0000,-1.0000,-1.6677
15.6940,pi,6.2800,0.0000,-1.0000,-1.6693
15.6990,pi,6.2800,0.0000,-1.0000,-1.6708
15.7040,pi,6.2800,0.0000,-1.0000,-1.6724
15.7089,pi,6.2800,0.0000,-1.0000,-1.6740
15.7140,pi,6.2800,0.0000,-1.0000,-1.6755
15.7190,pi,6.2800,0.0000,-1.0000,-1.6771
15.7239,pi,6.2800,0.0000,-1.0000,-1.6787
15.7290,pi,6.2800,0.0000,-1.0000,-1.6802
15.7340,pi,6.2800,0.0000,-1.0000,-1.6818
15.7390,pi,6.2800,0.0000,-1.0000,-1.6834
15.7440,pi,6.2800,0.0000,-1.0000,-1.6850
15.7490,pi,6.2800,0.0000,-1.0000,-1.6865
15.7540,pi,6.2800,0.0000,-1.0000,-1.6881
15.7590,pi,6.2800,0.0000,-1.0000,-1.6897
15.7640,pi,6.2800,0.0000,-1.0000,-1.6912
15.7690,pi,6.2800,0.0000,-1.0000,-1.6928
15.7740,pi,6.2800,0.0000,-1.0000,-1.6944
15.7790,pi,6.2800,0.0000,-1.0000,-1.6959
15.7840,pi,6.2800,0.0000,-1.0000,-1.6975
15.7890,pi,6.2800,0.0000,-1.0000,-1.6991
15.7940,pi,6.2800,0.0000,-1.0000,-1.7007
15.7990,pi,6.2800,0.0000,-1.0000,-1.7022
15.8039,pi,6.2800,0.0000,-1.0000,-1.7038
15.8090,pi,6.2800,0.0000,-1.0000,-1.7054
15.8140,pi,6.2800,0.0000,-1.0000,-1.7069
15.8190,pi,6.2800,0.0000,-1.0000,-1.7085
15.8240,pi,6.2800,0.0000,-1.0000,-1.7101
15.8290,pi,6.2800,0.0000,-1.0000,-1.7116
15.8340,pi,6.2800,0.0000,-1.0000,-1.7132
15.8390,pi,6.2800,0.0000,-1.0000,-1.7148
15.8440,pi,6.2800,0.0000,-1.0000,-1.7164
15.8490,pi,6.2800,0.0000,-1.0000,-1.7179
15.8540,pi,6.2800,0.0000,-1.0000,-1.7195
15.8590,pi,6.2800,0.0000,-1.0000,-1.7211
15.8640,pi,6.2800,0.0000,-1.0000,-1.7226
15.8690,pi,6.2800,0.0000,-1.0000,-1.7242
15.8740,pi,6.2800,0.0000,-1.0000,-1.7258
15.8790,pi,6.2800,0.0000,-1.0000,-1.7273
15.8841,pi,6.2800,0.0000,-1.0000,-1.7289
15.8890,pi,6.2800,0.0000,-1.0000,-1.7305
15.8940,pi,6.2800,0.0000,-1.0000,-1.7320
15.8991,pi,6.2800,0.0000,-1.0000,-1.7336
15.9045,pi,6.2800,0.0000,-1.0000,-1.7352
15.9092,pi,6.2800,0.0000,-1.0000,-1.7368
15.9146,pi,6.2800,0.0000,-1.0000,-1.7383
15.9189,pi,6.2800,0.0000,-1.0000,-1.7399
15.9239,pi,6.2800,0.0000,-1.0000,-1.7415
15.9290,pi,6.2800,0.0000,-1.0000,-1.7430
15.9340,pi,6.2800,0.0000,-1.0000,-1.7446
15.9390,pi,6.2800,0.0000,-1.0000,-1.7462
15.9440,pi,6.2800,0.0000,-1.0000,-1.7478
15.9489,pi,6.2800,0.0000,-1.0000,-1.7493
15.9541,pi,6.2800,0.0000,-1.0000,-1.7509
15.9590,pi,6.2800,0.0000,-1.0000,-1.7525
15.9641,pi,6.2800,0.0000,-1.0000,-1.7540
15.9690,pi,6.2800,0.0000,-1.0000,-1.7556
15.9741,pi,6.2800,0.0000,-1.0000,-1.7572
15.9792,pi,6.2800,0.0000,-1.0000,-1.7587
15.9841,pi,6.2800,0.0000,-1.0000,-1.7603
15.9890,pi,6.2800,0.0000,-1.0000,-1.7619
15.9940,pi,6.2800,0.0000,-1.0000,-1.7635
15.9990,pi,6.2800,0.0000,-1.0000,-1.7650
16.0041,pi,6.2800,0.0000,-1.0000,-1.7666
16.0090,pi,6.2800,0.0000,-1.0000,-1.7682
16.0140,pi,6.2800,0.0000,-1.0000,-1.7697
16.0190,pi,6.2800,0.0000,-1.0000,-1.7713
16.0241,pi,6.2800,0.0000,-1.0000,-1.7729
16.0290,pi,6.2800,0.0000,-1.0000,-1.7744
16.0340,pi,6.2800,0.0000,-1.0000,-1.7760
16.0390,pi,6.2800,0.0000,-1.0000,-1.7776
16.0440,pi,6.2800,0.0000,-1.0000,-1.7792
16.0490,pi,6.2800,0.0000,-1.0000,-1.7807
16.0540,pi,6.2800,0.0000,-1.0000,-1.7823
16.0590,pi,6.2800,0.0000,-1.0000,-1.7839
16.0640,pi,6.2800,0.0000,-1.0000,-1.7854
16.0690,pi,6.2800,0.0000,-1.0000,-1.7870
16.0739,pi,6.2800,0.0000,-1.0000,-1.7886
16.0790,pi,6.2800,0.0000,-1.0000,-1.7901
16.0841,pi,6.2800,0.0000,-1.0000,-1.7917
16.0890,pi,6.2800,0.0000,-1.0000,-1.7933
16.0940,pi,6.2800,0.0000,-1.0000,-1.7949
16.0990,pi,6.2800,0.0000,-1.0000,-1.7964
16.1040,pi,6.2800,0.0000,-1.0000,-1.7980
16.1090,pi,6.2800,0.0000,-1.0000,-1.7996
16.1140,pi,6.2800,0.0000,-1.0000,-1.8011
16.1190,pi,6.2800,0.0000,-1.0000,-1.8027
16.1240,pi,6.2800,0.0000,-1.0000,-1.8043
16.1289,pi,6.2800,0.0000,-1.0000,-1.8058
16.1340,pi,6.2800,0.0000,-1.0000,-1.8074
16.1391,pi,6.2800,0.0000,-1.0000,-1.8090
16.1442,pi,6.2800,0.0000,-1.0000,-1.8106
16.1491,pi,6.2800,0.0000,-1.0000,-1.8121
16.1547,pi,6.2800,0.0000,-1.0000,-1.8137
16.1598,pi,6.2800,0.0000,-1.0000,-1.8153
16.1641,pi,6.2800,0.0000,-1.0000,-1.8168
16.1691,pi,6.2800,0.0000,-1.0000,-1.8184
16.1739,pi,6.2800,0.0000,-1.0000,-1.8200
16.1790,pi,6.2800,0.0000,-1.0000,-1.8215
16.1840,pi,6.2800,0.0000,-1.0000,-1.8231
16.1890,pi,6.2800,0.0000,-1.0000,-1.8247
16.1940,pi,6.2800,0.0000,-1.0000,-1.8262
16.1990,pi,6.2800,0.0000,-1.0000,-1.8278
16.2040,pi,6.2800,0.0000,-1.0000,-1.8294
16.2091,pi,6.2800,0.0000,-1.0000,-1.8310
16.2140,pi,6.2800,0.0000,-1.0000,-1.8325
16.2191,pi,6.2800,0.0000,-1.0000,-1.8341
16.2240,pi,6.2800,0.0000,-1.0000,-1.8357
16.2289,pi,6.2800,0.0000,-1.0000,-1.8372
16.2340,pi,6.2800,0.0000,-1.0000,-1.8388
16.2390,pi,6.2800,0.0000,-1.0000,-1.8404
16.2439,pi,6.2800,0.0000,-1.0000,-1.8419
16.2490,pi,6.2800,0.0000,-1.0000,-1.8435
16.2540,pi,6.2800,0.0000,-1.0000,-1.8451
16.2590,pi,6.2800,0.0000,-1.0000,-1.8467
16.2640,pi,6.2800,0.0000,-1.0000,-1.8482
16.2690,pi,6.2800,0.0000,-1.0000,-1.8498
16.2740,pi,6.2800,0.0000,-1.0000,-1.8514
16.2790,pi,6.2800,0.0000,-1.0000,-1.8529
16.2840,pi,6.2800,0.0000,-1.0000,-1.8545
16.2890,pi,6.2800,0.0000,-1.0000,-1.8561
16.2940,pi,6.2800,0.0000,-1.0000,-1.8576
16.2990,pi,6.2800,0.0000,-1.0000,-1.8592
16.3039,pi,6.2800,0.0000,-1.0000,-1.8608
16.3091,pi,6.2800,0.0000,-1.0000,-1.8624
16.3140,pi,6.2800,0.0000,-1.0000,-1.8639
16.3193,pi,6.2800,0.0000,-1.0000,-1.8655
16.3244,pi,6.2800,0.0000,-1.0000,-1.8671
16.3294,pi,6.2800,0.0000,-1.0000,-1.8687
16.3346,pi,6.2800,0.0000,-1.0000,-1.8702
16.3394,pi,6.2800,0.0000,-1.0000,-1.8718
16.3449,pi,6.2800,0.0000,-1.0000,-1.8734
16.3498,pi,6.2800,0.0000,-1.0000,-1.8749
16.3545,pi,6.2800,0.0000,-1.0000,-1.8765
16.3593,pi,6.2800,0.0000,-1.0000,-1.8781
16.3642,pi,6.2800,0.0000,-1.0000,-1.8796
16.3692,pi,6.2800,0.0000,-1.0000,-1.8812
16.3741,pi,6.2800,0.0000,-1.0000,-1.8828
16.3792,pi,6.2800,0.0000,-1.0000,-1.8844
16.3846,pi,6.2800,0.0000,-1.0000,-1.8859
16.3895,pi,6.2800,0.0000,-1.0000,-1.8875
16.3944,pi,6.2800,0.0000,-1.0000,-1.8891
16.3994,pi,6.2800,0.0000,-1.0000,-1.8906
16.4045,pi,6.2800,0.0000,-1.0000,-1.8922
16.4094,pi,6.2800,0.0000,-1.0000,-1.8938
16.4143,pi,6.2800,0.0000,-1.0000,-1.8953
16.4192,pi,6.2800,0.0000,-1.0000,-1.8969
16.4242,pi,6.2800,0.0000,-1.0000,-1.8985
16.4292,pi,6.2800,0.0000,-1.0000,-1.9001
16.4342,pi,6.2800,0.0000,-1.0000,-1.9016
16.4391,pi,6.2800,0.0000,-1.0000,-1.9032
16.4442,pi,6.2800,0.0000,-1.0000,-1.9048
16.4491,pi,6.2800,0.0000,-1.0000,-1.9063
16.4542,pi,6.2800,0.0000,-1.0000,-1.9079
16.4595,pi,6.2800,0.0000,-1.0000,-1.9095
16.4644,pi,6.2800,0.0000,-1.0000,-1.9110
16.4690,pi,6.2800,0.0000,-1.0000,-1.9126
16.4740,pi,6.2800,0.0000,-1.0000,-1.9142
16.4790,pi,6.2800,0.0000,-1.0000,-1.9157
16.4841,pi,6.2800,0.0000,-1.0000,-1.9173
16.4892,pi,6.2800,0.0000,-1.0000,-1.9189
16.4948,pi,6.2800,0.0000,-1.0000,-1.9205
16.4992,pi,6.2800,0.0000,-1.0000,-1.9220
16.5040,pi,6.2800,0.0000,-1.0000,-1.9236
16.5090,pi,6.2800,0.0000,-1.0000,-1.9252
16.5143,pi,6.2800,0.0000,-1.0000,-1.9267
16.5212,pi,6.2800,0.0000,-1.0000,-1.9289
16.5268,pi,6.2800,0.0000,-1.0000,-1.9299
16.5312,pi,6.2800,0.0000,-1.0000,-1.9314
16.5353,pi,6.2800,0.0000,-1.0000,-1.9330
16.5393,pi,6.2800,0.0000,-1.0000,-1.9346
16.5441,pi,6.2800,0.0000,-1.0000,-1.9362
16.5489,pi,6.2800,0.0000,-1.0000,-1.9377
16.5539,pi,6.2800,0.0000,-1.0000,-1.9393
16.5590,pi,6.2800,0.0000,-1.0000,-1.9409
16.5640,pi,6.2800,0.0000,-1.0000,-1.9424
16.5690,pi,6.2800,0.0000,-1.0000,-1.9440
16.5740,pi,6.2800,0.0000,-1.0000,-1.9456
16.5790,pi,6.2800,0.0000,-1.0000,-1.9471
16.5840,pi,6.2800,0.0000,-1.0000,-1.9487
16.5891,pi,6.2800,0.0000,-1.0000,-1.9503
16.5939,pi,6.2800,0.0000,-1.0000,-1.9518
16.5990,pi,6.2800,0.0000,-1.0000,-1.9534
16.6040,pi,6.2800,0.0000,-1.0000,-1.9550
16.6090,pi,6.2800,0.0000,-1.0000,-1.9566
16.6140,pi,6.2800,0.0000,-1.0000,-1.9581
16.6190,pi,6.2800,0.0000,-1.0000,-1.9597
16.6240,pi,6.2800,0.0000,-1.0000,-1.9613
16.6290,pi,6.2800,0.0000,-1.0000,-1.9628
16.6339,pi,6.2800,0.0000,-1.0000,-1.9644
16.6390,pi,6.2800,0.0000,-1.0000,-1.9660
16.6442,pi,6.2800,0.0000,-1.0000,-1.9675
16.6491,pi,6.2800,0.0000,-1.0000,-1.9691
16.6544,pi,6.2800,0.0000,-1.0000,-1.9707
16.6592,pi,6.2800,0.0000,-1.0000,-1.9723
16.6639,pi,6.2800,0.0000,-1.0000,-1.9738
16.6689,pi,6.2800,0.0000,-1.0000,-1.9754
16.6740,pi,6.2800,0.0000,-1.0000,-1.9770
16.6790,pi,6.2800,0.0000,-1.0000,-1.9785
16.6840,pi,6.2800,0.0000,-1.0000,-1.9801
16.6890,pi,6.2800,0.0000,-1.0000,-1.9817
16.6939,pi,6.2800,0.0000,-1.0000,-1.9832
16.6990,pi,6.2800,0.0000,-1.0000,-1.9848
16.7040,pi,6.2800,0.0000,-1.0000,-1.9864
16.7090,pi,6.2800,0.0000,-1.0000,-1.9880
16.7140,pi,6.2800,0.0000,-1.0000,-1.9895
16.7190,pi,6.2800,0.0000,-1.0000,-1.9911
16.7240,pi,6.2800,0.0000,-1.0000,-1.9927
16.7289,pi,6.2800,0.0000,-1.0000,-1.9942
16.7340,pi,6.2800,0.0000,-1.0000,-1.9958
16.7390,pi,6.2800,0.0000,-1.0000,-1.9974
16.7440,pi,6.2800,0.0000,-1.0000,-1.9989
16.7489,pi,6.2800,0.0000,-1.0000,-2.0005
16.7540,pi,6.2800,0.0000,-1.0000,-2.0021
16.7590,pi,6.2800,0.0000,-1.0000,-2.0037
16.7640,pi,6.2800,0.0000,-1.0000,-2.0052
16.7689,pi,6.2800,0.0000,-1.0000,-2.0068
16.7740,pi,6.2800,0.0000,-1.0000,-2.0084
16.7790,pi,6.2800,0.0000,-1.0000,-2.0099
16.7840,pi,6.2800,0.0000,-1.0000,-2.0115
16.7891,pi,6.2800,0.0000,-1.0000,-2.0131
16.7943,pi,6.2800,0.0000,-1.0000,-2.0147
16.7990,pi,6.2800,0.0000,-1.0000,-2.0162
16.8039,pi,6.2800,0.0000,-1.0000,-2.0178
16.8090,pi,6.2800,0.0000,-1.0000,-2.0194
16.8140,pi,6.2800,0.0000,-1.0000,-2.0209
16.8190,pi,6.2800,0.0000,-1.0000,-2.0225
16.8240,pi,6.2800,0.0000,-1.0000,-2.0241
16.8290,pi,6.2800,0.0000,-1.0000,-2.0256
16.8339,pi,6.2800,0.0000,-1.0000,-2.0272
16.8390,pi,6.2800,0.0000,-1.0000,-2.0288
16.8439,pi,6.2800,0.0000,-1.0000,-2.0304
16.8490,pi,6.2800,0.0000,-1.0000,-2.0319
16.8540,pi,6.2800,0.0000,-1.0000,-2.0335
16.8590,pi,6.2800,0.0000,-1.0000,-2.0351
16.8640,pi,6.2800,0.0000,-1.0000,-2.0366
16.8697,pi,6.2800,0.0000,-1.0000,-2.0382
16.8752,pi,6.2800,0.0000,-1.0000,-2.0398
16.8805,pi,6.2800,0.0000,-1.0000,-2.0414
16.8855,pi,6.2800,0.0000,-1.0000,-2.0429
16.8923,pi,6.2800,0.0000,-1.0000,-2.0445
16.8984,pi,6.2800,0.0000,-1.0000,-2.0461
16.9032,pi,6.2800,0.0000,-1.0000,-2.0476
16.9095,pi,6.2800,0.0000,-1.0000,-2.0492
16.9144,pi,6.2800,0.0000,-1.0000,-2.0508
16.9193,pi,6.2800,0.0000,-1.0000,-2.0524
16.9263,pi,6.2800,0.0000,-1.0000,-2.0539
16.9333,pi,6.2800,0.0000,-1.0000,-2.0555
16.9382,pi,6.2800,0.0000,-1.0000,-2.0571
16.9432,pi,6.2800,0.0000,-1.0000,-2.0587
16.9479,pi,6.2800,0.0000,-1.0000,-2.0604
16.9535,pi,6.2800,0.0000,-1.0000,-2.0618
16.9583,pi,6.2800,0.0000,-1.0000,-2.0633
16.9629,pi,6.2800,0.0000,-1.0000,-2.0649
16.9696,pi,6.2800,0.0000,-1.0000,-2.0665
16.9764,pi,6.2800,0.0000,-1.0000,-2.0680
16.9814,pi,6.2800,0.0000,-1.0000,-2.0696
16.9880,pi,6.2800,0.0000,-1.0000,-2.0712
16.9931,pi,6.2800,0.0000,-1.0000,-2.0728
16.9980,pi,6.2800,0.0000,-1.0000,-2.0743
17.0032,pi,6.2800,0.0000,-1.0000,-2.0762
17.0099,pi,6.2800,0.0000,-1.0000,-2.0775
17.0170,pi,6.2800,0.0000,-1.0000,-2.0791
17.0219,pi,6.2800,0.0000,-1.0000,-2.0806
17.0266,pi,6.2800,0.0000,-1.0000,-2.0822
17.0312,pi,6.2800,0.0000,-1.0000,-2.0838
17.0358,pi,6.2800,0.0000,-1.0000,-2.0853
17.0400,pi,6.2800,0.0000,-1.0000,-2.0869
17.0445,pi,6.2800,0.0000,-1.0000,-2.0887
17.0485,pi,6.2800,0.0000,-1.0000,-2.0900
17.0524,pi,6.2800,0.0000,-1.0000,-2.0916
17.0565,pi,6.2800,0.0000,-1.0000,-2.0932
17.0605,pi,6.2800,0.0000,-1.0000,-2.0947
17.0649,pi,6.2800,0.0000,-1.0000,-2.0966
17.0697,pi,6.2800,0.0000,-1.0000,-2.0979
17.0739,pi,6.2800,0.0000,-1.0000,-2.0994
17.0778,pi,6.2800,0.0000,-1.0000,-2.1010
17.0818,pi,6.2800,0.0000,-1.0000,-2.1026
17.0866,pi,6.2800,0.0000,-1.0000,-2.1041
17.0914,pi,6.2800,0.0000,-1.0000,-2.1057
17.0954,pi,6.2800,0.0000,-1.0000,-2.1073
17.0994,pi,6.2800,0.0000,-1.0000,-2.1089
17.1033,pi,6.2800,0.0000,-1.0000,-2.1104
17.1070,pi,6.2800,0.0000,-1.0000,-2.1120
17.1109,pi,6.2800,0.0000,-1.0000,-2.1136
17.1148,pi,6.2800,0.0000,-1.0000,-2.1151
17.1191,pi,6.2800,0.0000,-1.0000,-2.1167
17.1240,pi,6.2800,0.0000,-1.0000,-2.1183
17.1291,pi,6.2800,0.0000,-1.0000,-2.1198
17.1340,pi,6.2800,0.0000,-1.0000,-2.1214
17.1391,pi,6.2800,0.0000,-1.0000,-2.1230
17.1443,pi,6.2800,0.0000,-1.0000,-2.1246
17.1490,pi,6.2800,0.0000,-1.0000,-2.1261
17.1539,pi,6.2800,0.0000,-1.0000,-2.1277
17.1593,pi,6.2800,0.0000,-1.0000,-2.1293
17.1641,pi,6.2800,0.0000,-1.0000,-2.1308
17.1693,pi,6.2800,0.0000,-1.0000,-2.1324
17.1741,pi,6.2800,0.0000,-1.0000,-2.1340
17.1789,pi,6.2800,0.0000,-1.0000,-2.1355
17.1840,pi,6.2800,0.0000,-1.0000,-2.1371
17.1890,pi,6.2800,0.0000,-1.0000,-2.1387
17.1940,pi,6.2800,0.0000,-1.0000,-2.1403
17.1990,pi,6.2800,0.0000,-1.0000,-2.1418
17.2041,pi,6.2800,0.0000,-1.0000,-2.1434
17.2092,pi,6.2800,0.0000,-1.0000,-2.1450
17.2142,pi,6.2800,0.0000,-1.0000,-2.1465
17.2190,pi,6.2800,0.0000,-1.0000,-2.1481
17.2239,pi,6.2800,0.0000,-1.0000,-2.1497
17.2290,pi,6.2800,0.0000,-1.0000,-2.1512
17.2340,pi,6.2800,0.0000,-1.0000,-2.1528
17.2390,pi,6.2800,0.0000,-1.0000,-2.1544
17.2440,pi,6.2800,0.0000,-1.0000,-2.1560
17.2490,pi,6.2800,0.0000,-1.0000,-2.1575
17.2540,pi,6.2800,0.0000,-1.0000,-2.1591
17.2590,pi,6.2800,0.0000,-1.0000,-2.1607
17.2640,pi,6.2800,0.0000,-1.0000,-2.1622
17.2690,pi,6.2800,0.0000,-1.0000,-2.1638
17.2740,pi,6.2800,0.0000,-1.0000,-2.1654
17.2790,pi,6.2800,0.0000,-1.0000,-2.1669
17.2840,pi,6.2800,0.0000,-1.0000,-2.1685
17.2890,pi,6.2800,0.0000,-1.0000,-2.1701
17.2939,pi,6.2800,0.0000,-1.0000,-2.1716
17.2990,pi,6.2800,0.0000,-1.0000,-2.1732
17.3040,pi,6.2800,0.0000,-1.0000,-2.1748
17.3091,pi,6.2800,0.0000,-1.0000,-2.1764
17.3139,pi,6.2800,0.0000,-1.0000,-2.1779
17.3190,pi,6.2800,0.0000,-1.0000,-2.1795
17.3239,pi,6.2800,0.0000,-1.0000,-2.1811
17.3289,pi,6.2800,0.0000,-1.0000,-2.1826
17.3340,pi,6.2800,0.0000,-1.0000,-2.1842
17.3390,pi,6.2800,0.0000,-1.0000,-2.1858
17.3439,pi,6.2800,0.0000,-1.0000,-2.1873
17.3490,pi,6.2800,0.0000,-1.0000,-2.1889
17.3539,pi,6.2800,0.0000,-1.0000,-2.1905
17.3590,pi,6.2800,0.0000,-1.0000,-2.1921
17.3640,pi,6.2800,0.0000,-1.0000,-2.1936
17.3690,pi,6.2800,0.0000,-1.0000,-2.1952
17.3741,pi,6.2800,0.0000,-1.0000,-2.1968
17.3791,pi,6.2800,0.0000,-1.0000,-2.1984
17.3840,pi,6.2800,0.0000,-1.0000,-2.1999
17.3890,pi,6.2800,0.0000,-1.0000,-2.2015
17.3940,pi,6.2800,0.0000,-1.0000,-2.2031
17.3993,pi,6.2800,0.0000,-1.0000,-2.2046
17.4041,pi,6.2800,0.0000,-1.0000,-2.2062
17.4092,pi,6.2800,0.0000,-1.0000,-2.2078
17.4145,pi,6.2800,0.0000,-1.0000,-2.2093
17.4195,pi,6.2800,0.0000,-1.0000,-2.2109
17.4249,pi,6.2800,0.0000,-1.0000,-2.2125
17.4294,pi,6.2800,0.0000,-1.0000,-2.2141
17.4352,pi,6.2800,0.0000,-1.0000,-2.2157
17.4400,pi,6.2800,0.0000,-1.0000,-2.2172
17.4446,pi,6.2800,0.0000,-1.0000,-2.2188
17.4512,pi,6.2800,0.0000,-1.0000,-2.2204
17.4582,pi,6.2800,0.0000,-1.0000,-2.2219
17.4628,pi,6.2800,0.0000,-1.0000,-2.2235
17.4679,pi,6.2800,0.0000,-1.0000,-2.2251
17.4725,pi,6.2800,0.0000,-1.0000,-2.2266
17.4766,pi,6.2800,0.0000,-1.0000,-2.2282
17.4809,pi,6.2800,0.0000,-1.0000,-2.2297
17.4848,pi,6.2800,0.0000,-1.0000,-2.2313
17.4890,pi,6.2800,0.0000,-1.0000,-2.2329
17.4941,pi,6.2800,0.0000,-1.0000,-2.2345
17.4989,pi,6.2800,0.0000,-1.0000,-2.2360
17.5040,pi,6.2800,0.0000,-1.0000,-2.2376
17.5090,pi,6.2800,0.0000,-1.0000,-2.2392
17.5140,pi,6.2800,0.0000,-1.0000,-2.2407
17.5190,pi,6.2800,0.0000,-1.0000,-2.2423
17.5240,pi,6.2800,0.0000,-1.0000,-2.2439
17.5290,pi,6.2800,0.0000,-1.0000,-2.2454
17.5340,pi,6.2800,0.0000,-1.0000,-2.2470
17.5390,pi,6.2800,0.0000,-1.0000,-2.2486
17.5440,pi,6.2800,0.0000,-1.0000,-2.2501
17.5490,pi,6.2800,0.0000,-1.0000,-2.2517
17.5540,pi,6.2800,0.0000,-1.0000,-2.2533
17.5590,pi,6.2800,0.0000,-1.0000,-2.2549
17.5640,pi,6.2800,0.0000,-1.0000,-2.2564
17.5690,pi,6.2800,0.0000,-1.0000,-2.2580
17.5740,pi,6.2800,0.0000,-1.0000,-2.2596
17.5790,pi,6.2800,0.0000,-1.0000,-2.2611
17.5840,pi,6.2800,0.0000,-1.0000,-2.2627
17.5890,pi,6.2800,0.0000,-1.0000,-2.2643
17.5940,pi,6.2800,0.0000,-1.0000,-2.2658
17.5990,pi,6.2800,0.0000,-1.0000,-2.2674
17.6039,pi,6.2800,0.0000,-1.0000,-2.2690
17.6090,pi,6.2800,0.0000,-1.0000,-2.2706
17.6140,pi,6.2800,0.0000,-1.0000,-2.2721
17.6190,pi,6.2800,0.0000,-1.0000,-2.2737
17.6240,pi,6.2800,0.0000,-1.0000,-2.2753
17.6290,pi,6.2800,0.0000,-1.0000,-2.2768
17.6340,pi,6.2800,0.0000,-1.0000,-2.2784
17.6389,pi,6.2800,0.0000,-1.0000,-2.2800
17.6440,pi,6.2800,0.0000,-1.0000,-2.2815
17.6490,pi,6.2800,0.0000,-1.0000,-2.2831
17.6540,pi,6.2800,0.0000,-1.0000,-2.2847
17.6589,pi,6.2800,0.0000,-1.0000,-2.2863
17.6640,pi,6.2800,0.0000,-1.0000,-2.2878
17.6690,pi,6.2800,0.0000,-1.0000,-2.2894
17.6740,pi,6.2800,0.0000,-1.0000,-2.2910
17.6790,pi,6.2800,0.0000,-1.0000,-2.2925
17.6840,pi,6.2800,0.0000,-1.0000,-2.2941
17.6890,pi,6.2800,0.0000,-1.0000,-2.2957
17.6940,pi,6.2800,0.0000,-1.0000,-2.2972
17.6989,pi,6.2800,0.0000,-1.0000,-2.2988
17.7040,pi,6.2800,0.0000,-1.0000,-2.3004
17.7090,pi,6.2800,0.0000,-1.0000,-2.3020
17.7140,pi,6.2800,0.0000,-1.0000,-2.3035
17.7189,pi,6.2800,0.0000,-1.0000,-2.3051
17.7240,pi,6.2800,0.0000,-1.0000,-2.3067
17.7290,pi,6.2800,0.0000,-1.0000,-2.3082
17.7340,pi,6.2800,0.0000,-1.0000,-2.3098
17.7390,pi,6.2800,0.0000,-1.0000,-2.3114
17.7439,pi,6.2800,0.0000,-1.0000,-2.3129
17.7490,pi,6.2800,0.0000,-1.0000,-2.3145
17.7540,pi,6.2800,0.0000,-1.0000,-2.3161
17.7590,pi,6.2800,0.0000,-1.0000,-2.3177
17.7639,pi,6.2800,0.0000,-1.0000,-2.3192
17.7690,pi,6.2800,0.0000,-1.0000,-2.3208
17.7740,pi,6.2800,0.0000,-1.0000,-2.3224
17.7790,pi,6.2800,0.0000,-1.0000,-2.3239
17.7839,pi,6.2800,0.0000,-1.0000,-2.3255
17.7890,pi,6.2800,0.0000,-1.0000,-2.3271
17.7940,pi,6.2800,0.0000,-1.0000,-2.3286
17.7989,pi,6.2800,0.0000,-1.0000,-2.3302
17.8040,pi,6.2800,0.0000,-1.0000,-2.3318
17.8090,pi,6.2800,0.0000,-1.0000,-2.3334
17.8140,pi,6.2800,0.0000,-1.0000,-2.3349
17.8189,pi,6.2800,0.0000,-1.0000,-2.3365
17.8240,pi,6.2800,0.0000,-1.0000,-2.3381
17.8291,pi,6.2800,0.0000,-1.0000,-2.3396
17.8340,pi,6.2800,0.0000,-1.0000,-2.3412
17.8390,pi,6.2800,0.0000,-1.0000,-2.3428
17.8439,pi,6.2800,0.0000,-1.0000,-2.3443
17.8490,pi,6.2800,0.0000,-1.0000,-2.3459
17.8540,pi,6.2800,0.0000,-1.0000,-2.3475
17.8589,pi,6.2800,0.0000,-1.0000,-2.3491
17.8640,pi,6.2800,0.0000,-1.0000,-2.3506
17.8690,pi,6.2800,0.0000,-1.0000,-2.3522
17.8740,pi,6.2800,0.0000,-1.0000,-2.3538
17.8789,pi,6.2800,0.0000,-1.0000,-2.3553
17.8840,pi,6.2800,0.0000,-1.0000,-2.3569
17.8890,pi,6.2800,0.0000,-1.0000,-2.3585
17.8940,pi,6.2800,0.0000,-1.0000,-2.3600
17.8989,pi,6.2800,0.0000,-1.0000,-2.3616
17.9040,pi,6.2800,0.0000,-1.0000,-2.3632
17.9090,pi,6.2800,0.0000,-1.0000,-2.3648
17.9140,pi,6.2800,0.0000,-1.0000,-2.3663
17.9189,pi,6.2800,0.0000,-1.0000,-2.3679
17.9240,pi,6.2800,0.0000,-1.0000,-2.3695
17.9290,pi,6.2800,0.0000,-1.0000,-2.3710
17.9340,pi,6.2800,0.0000,-1.0000,-2.3726
17.9393,pi,6.2800,0.0000,-1.0000,-2.3742
17.9448,pi,6.2800,0.0000,-1.0000,-2.3758
17.9493,pi,6.2800,0.0000,-1.0000,-2.3773
17.9548,pi,6.2800,0.0000,-1.0000,-2.3789
17.9596,pi,6.2800,0.0000,-1.0000,-2.3805
17.9643,pi,6.2800,0.0000,-1.0000,-2.3820
17.9693,pi,6.2800,0.0000,-1.0000,-2.3836
17.9741,pi,6.2800,0.0000,-1.0000,-2.3852
17.9791,pi,6.2800,0.0000,-1.0000,-2.3867
17.9842,pi,6.2800,0.0000,-1.0000,-2.3883
17.9890,pi,6.2800,0.0000,-1.0000,-2.3899
17.9941,pi,6.2800,0.0000,-1.0000,-2.3915
17.9994,pi,6.2800,0.0000,-1.0000,-2.3930
18.0044,pi,6.2800,0.0000,-1.0000,-2.3946
18.0091,pi,6.2800,0.0000,-1.0000,-2.3962
18.0141,pi,6.2800,0.0000,-1.0000,-2.3977
18.0191,pi,6.2800,0.0000,-1.0000,-2.3993
18.0247,pi,6.2800,0.0000,-1.0000,-2.4009
18.0293,pi,6.2800,0.0000,-1.0000,-2.4025
18.0345,pi,6.2800,0.0000,-1.0000,-2.4040
18.0397,pi,6.2800,0.0000,-1.0000,-2.4056
18.0447,pi,6.2800,0.0000,-1.0000,-2.4072
18.0496,pi,6.2800,0.0000,-1.0000,-2.4087
18.0546,pi,6.2800,0.0000,-1.0000,-2.4103
18.0601,pi,6.2800,0.0000,-1.0000,-2.4119
18.0645,pi,6.2800,0.0000,-1.0000,-2.4134
18.0703,pi,6.2800,0.0000,-1.0000,-2.4150
18.0746,pi,6.2800,0.0000,-1.0000,-2.4166
18.0797,pi,6.2800,0.0000,-1.0000,-2.4182
18.0850,pi,6.2800,0.0000,-1.0000,-2.4197
18.0895,pi,6.2800,0.0000,-1.0000,-2.4213
18.0940,pi,6.2800,0.0000,-1.0000,-2.4229
18.0990,pi,6.2800,0.0000,-1.0000,-2.4244
18.1040,pi,6.2800,0.0000,-1.0000,-2.4260
18.1091,pi,6.2800,0.0000,-1.0000,-2.4276
18.1140,pi,6.2800,0.0000,-1.0000,-2.4291
18.1190,pi,6.2800,0.0000,-1.0000,-2.4307
18.1240,pi,6.2800,0.0000,-1.0000,-2.4323
18.1290,pi,6.2800,0.0000,-1.0000,-2.4338
18.1340,pi,6.2800,0.0000,-1.0000,-2.4354
18.1390,pi,6.2800,0.0000,-1.0000,-2.4370
18.1444,pi,6.2800,0.0000,-1.0000,-2.4386
18.1496,pi,6.2800,0.0000,-1.0000,-2.4401
18.1542,pi,6.2800,0.0000,-1.0000,-2.4417
18.1592,pi,6.2800,0.0000,-1.0000,-2.4433
18.1639,pi,6.2800,0.0000,-1.0000,-2.4448
18.1692,pi,6.2800,0.0000,-1.0000,-2.4464
18.1740,pi,6.2800,0.0000,-1.0000,-2.4480
18.1792,pi,6.2800,0.0000,-1.0000,-2.4495
18.1840,pi,6.2800,0.0000,-1.0000,-2.4511
18.1890,pi,6.2800,0.0000,-1.0000,-2.4527
18.1940,pi,6.2800,0.0000,-1.0000,-2.4543
18.1990,pi,6.2800,0.0000,-1.0000,-2.4558
18.2040,pi,6.2800,0.0000,-1.0000,-2.4574
18.2090,pi,6.2800,0.0000,-1.0000,-2.4590
18.2140,pi,6.2800,0.0000,-1.0000,-2.4605
18.2193,pi,6.2800,0.0000,-1.0000,-2.4621
18.2241,pi,6.2800,0.0000,-1.0000,-2.4637
18.2290,pi,6.2800,0.0000,-1.0000,-2.4652
18.2340,pi,6.2800,0.0000,-1.0000,-2.4668
18.2390,pi,6.2800,0.0000,-1.0000,-2.4684
18.2440,pi,6.2800,0.0000,-1.0000,-2.4699
18.2490,pi,6.2800,0.0000,-1.0000,-2.4715
18.2542,pi,6.2800,0.0000,-1.0000,-2.4731
18.2591,pi,6.2800,0.0000,-1.0000,-2.4747
18.2640,pi,6.2800,0.0000,-1.0000,-2.4762
18.2690,pi,6.2800,0.0000,-1.0000,-2.4778
18.2740,pi,6.2800,0.0000,-1.0000,-2.4794
18.2790,pi,6.2800,0.0000,-1.0000,-2.4809
18.2840,pi,6.2800,0.0000,-1.0000,-2.4825
18.2890,pi,6.2800,0.0000,-1.0000,-2.4841
18.2940,pi,6.2800,0.0000,-1.0000,-2.4856
18.2990,pi,6.2800,0.0000,-1.0000,-2.4872
18.3040,pi,6.2800,0.0000,-1.0000,-2.4888
18.3090,pi,6.2800,0.0000,-1.0000,-2.4904
18.3140,pi,6.2800,0.0000,-1.0000,-2.4919
18.3190,pi,6.2800,0.0000,-1.0000,-2.4935
18.3239,pi,6.2800,0.0000,-1.0000,-2.4951
18.3290,pi,6.2800,0.0000,-1.0000,-2.4966
18.3341,pi,6.2800,0.0000,-1.0000,-2.4982
18.3390,pi,6.2800,0.0000,-1.0000,-2.4998
18.3441,pi,6.2800,0.0000,-1.0000,-2.5014
18.3490,pi,6.2800,0.0000,-1.0000,-2.5029
18.3540,pi,6.2800,0.0000,-1.0000,-2.5045
18.3590,pi,6.2800,0.0000,-1.0000,-2.5061
18.3640,pi,6.2800,0.0000,-1.0000,-2.5076
18.3690,pi,6.2800,0.0000,-1.0000,-2.5092
18.3741,pi,6.2800,0.0000,-1.0000,-2.5108
18.3790,pi,6.2800,0.0000,-1.0000,-2.5123
18.3842,pi,6.2800,0.0000,-1.0000,-2.5139
18.3890,pi,6.2800,0.0000,-1.0000,-2.5155
18.3939,pi,6.2800,0.0000,-1.0000,-2.5170
18.3990,pi,6.2800,0.0000,-1.0000,-2.5186
18.4040,pi,6.2800,0.0000,-1.0000,-2.5202
18.4090,pi,6.2800,0.0000,-1.0000,-2.5218
18.4140,pi,6.2800,0.0000,-1.0000,-2.5233
18.4190,pi,6.2800,0.0000,-1.0000,-2.5249
18.4240,pi,6.2800,0.0000,-1.0000,-2.5265
18.4290,pi,6.2800,0.0000,-1.0000,-2.5280
18.4340,pi,6.2800,0.0000,-1.0000,-2.5296
18.4390,pi,6.2800,0.0000,-1.0000,-2.5312
18.4440,pi,6.2800,0.0000,-1.0000,-2.5327
18.4493,pi,6.2800,0.0000,-1.0000,-2.5343
18.4540,pi,6.2800,0.0000,-1.0000,-2.5359
18.4590,pi,6.2800,0.0000,-1.0000,-2.5375
18.4639,pi,6.2800,0.0000,-1.0000,-2.5390
18.4691,pi,6.2800,0.0000,-1.0000,-2.5406
18.4740,pi,6.2800,0.0000,-1.0000,-2.5422
18.4790,pi,6.2800,0.0000,-1.0000,-2.5437
18.4840,pi,6.2800,0.0000,-1.0000,-2.5453
18.4890,pi,6.2800,0.0000,-1.0000,-2.5469
18.4939,pi,6.2800,0.0000,-1.0000,-2.5484
18.4989,pi,6.2800,0.0000,-1.0000,-2.5500
18.5040,pi,6.2800,0.0000,-1.0000,-2.5516
18.5090,pi,6.2800,0.0000,-1.0000,-2.5532
18.5140,pi,6.2800,0.0000,-1.0000,-2.5547
18.5190,pi,6.2800,0.0000,-1.0000,-2.5563
18.5240,pi,6.2800,0.0000,-1.0000,-2.5579
18.5290,pi,6.2800,0.0000,-1.0000,-2.5594
18.5340,pi,6.2800,0.0000,-1.0000,-2.5610
18.5390,pi,6.2800,0.0000,-1.0000,-2.5626
18.5440,pi,6.2800,0.0000,-1.0000,-2.5642
18.5490,pi,6.2800,0.0000,-1.0000,-2.5657
18.5540,pi,6.2800,0.0000,-1.0000,-2.5673
18.5589,pi,6.2800,0.0000,-1.0000,-2.5689
18.5640,pi,6.2800,0.0000,-1.0000,-2.5704
18.5690,pi,6.2800,0.0000,-1.0000,-2.5720
18.5740,pi,6.2800,0.0000,-1.0000,-2.5736
18.5790,pi,6.2800,0.0000,-1.0000,-2.5751
18.5840,pi,6.2800,0.0000,-1.0000,-2.5767
18.5890,pi,6.2800,0.0000,-1.0000,-2.5783
18.5940,pi,6.2800,0.0000,-1.0000,-2.5798
18.5991,pi,6.2800,0.0000,-1.0000,-2.5814
18.6039,pi,6.2800,0.0000,-1.0000,-2.5830
18.6090,pi,6.2800,0.0000,-1.0000,-2.5846
18.6139,pi,6.2800,0.0000,-1.0000,-2.5861
18.6190,pi,6.2800,0.0000,-1.0000,-2.5877
18.6239,pi,6.2800,0.0000,-1.0000,-2.5893
18.6290,pi,6.2800,0.0000,-1.0000,-2.5908
18.6340,pi,6.2800,0.0000,-1.0000,-2.5924
18.6390,pi,6.2800,0.0000,-1.0000,-2.5940
18.6439,pi,6.2800,0.0000,-1.0000,-2.5955
18.6490,pi,6.2800,0.0000,-1.0000,-2.5971
18.6539,pi,6.2800,0.0000,-1.0000,-2.5987
18.6590,pi,6.2800,0.0000,-1.0000,-2.6003
18.6639,pi,6.2800,0.0000,-1.0000,-2.6018
18.6690,pi,6.2800,0.0000,-1.0000,-2.6034
18.6740,pi,6.2800,0.0000,-1.0000,-2.6050
18.6790,pi,6.2800,0.0000,-1.0000,-2.6065
18.6839,pi,6.2800,0.0000,-1.0000,-2.6081
18.6891,pi,6.2800,0.0000,-1.0000,-2.6097
18.6940,pi,6.2800,0.0000,-1.0000,-2.6112
18.6990,pi,6.2800,0.0000,-1.0000,-2.6128
18.7040,pi,6.2800,0.0000,-1.0000,-2.6144
18.7090,pi,6.2800,0.0000,-1.0000,-2.6160
18.7140,pi,6.2800,0.0000,-1.0000,-2.6175
18.7190,pi,6.2800,0.0000,-1.0000,-2.6191
18.7240,pi,6.2800,0.0000,-1.0000,-2.6207
18.7290,pi,6.2800,0.0000,-1.0000,-2.6222
18.7340,pi,6.2800,0.0000,-1.0000,-2.6238
18.7390,pi,6.2800,0.0000,-1.0000,-2.6254
18.7440,pi,6.2800,0.0000,-1.0000,-2.6270
18.7490,pi,6.2800,0.0000,-1.0000,-2.6285
18.7540,pi,6.2800,0.0000,-1.0000,-2.6301
18.7590,pi,6.2800,0.0000,-1.0000,-2.6317
18.7640,pi,6.2800,0.0000,-1.0000,-2.6332
18.7690,pi,6.2800,0.0000,-1.0000,-2.6348
18.7740,pi,6.2800,0.0000,-1.0000,-2.6364
18.7790,pi,6.2800,0.0000,-1.0000,-2.6379
18.7840,pi,6.2800,0.0000,-1.0000,-2.6395
18.7890,pi,6.2800,0.0000,-1.0000,-2.6411
18.7940,pi,6.2800,0.0000,-1.0000,-2.6427
18.7990,pi,6.2800,0.0000,-1.0000,-2.6442
18.8040,pi,6.2800,0.0000,-1.0000,-2.6458
18.8090,pi,6.2800,0.0000,-1.0000,-2.6474
18.8140,pi,6.2800,0.0000,-1.0000,-2.6489
18.8190,pi,6.2800,0.0000,-1.0000,-2.6505
18.8240,pi,6.2800,0.0000,-1.0000,-2.6521
18.8290,pi,6.2800,0.0000,-1.0000,-2.6536
18.8340,pi,6.2800,0.0000,-1.0000,-2.6552
18.8390,pi,6.2800,0.0000,-1.0000,-2.6568
18.8440,pi,6.2800,0.0000,-1.0000,-2.6584
18.8490,pi,6.2800,0.0000,-1.0000,-2.6599
18.8540,pi,6.2800,0.0000,-1.0000,-2.6615
18.8590,pi,6.2800,0.0000,-1.0000,-2.6631
18.8640,pi,6.2800,0.0000,-1.0000,-2.6646
18.8690,pi,6.2800,0.0000,-1.0000,-2.6662
18.8740,pi,6.2800,0.0000,-1.0000,-2.6678
18.8791,pi,6.2800,0.0000,-1.0000,-2.6694
18.8840,pi,6.2800,0.0000,-1.0000,-2.6709
18.8891,pi,6.2800,0.0000,-1.0000,-2.6725
18.8940,pi,6.2800,0.0000,-1.0000,-2.6741
18.8990,pi,6.2800,0.0000,-1.0000,-2.6756
18.9040,pi,6.2800,0.0000,-1.0000,-2.6772
18.9090,pi,6.2800,0.0000,-1.0000,-2.6788
18.9140,pi,6.2800,0.0000,-1.0000,-2.6803
18.9190,pi,6.2800,0.0000,-1.0000,-2.6819
18.9240,pi,6.2800,0.0000,-1.0000,-2.6835
18.9290,pi,6.2800,0.0000,-1.0000,-2.6850
18.9340,pi,6.2800,0.0000,-1.0000,-2.6866
18.9391,pi,6.2800,0.0000,-1.0000,-2.6882
18.9440,pi,6.2800,0.0000,-1.0000,-2.6898
18.9490,pi,6.2800,0.0000,-1.0000,-2.6913
18.9540,pi,6.2800,0.0000,-1.0000,-2.6929
18.9590,pi,6.2800,0.0000,-1.0000,-2.6945
18.9641,pi,6.2800,0.0000,-1.0000,-2.6960
18.9690,pi,6.2800,0.0000,-1.0000,-2.6976
18.9740,pi,6.2800,0.0000,-1.0000,-2.6992
18.9790,pi,6.2800,0.0000,-1.0000,-2.7007
18.9840,pi,6.2800,0.0000,-1.0000,-2.7023
18.9889,pi,6.2800,0.0000,-1.0000,-2.7039
18.9940,pi,6.2800,0.0000,-1.0000,-2.7055
18.9990,pi,6.2800,0.0000,-1.0000,-2.7070
19.0041,pi,6.2800,0.0000,-1.0000,-2.7086
19.0090,pi,6.2800,0.0000,-1.0000,-2.7102
19.0140,pi,6.2800,0.0000,-1.0000,-2.7117
19.0191,pi,6.2800,0.0000,-1.0000,-2.7133
19.0242,pi,6.2800,0.0000,-1.0000,-2.7149
19.0292,pi,6.2800,0.0000,-1.0000,-2.7164
19.0342,pi,6.2800,0.0000,-1.0000,-2.7180
19.0391,pi,6.2800,0.0000,-1.0000,-2.7196
19.0439,pi,6.2800,0.0000,-1.0000,-2.7211
19.0489,pi,6.2800,0.0000,-1.0000,-2.7227
19.0539,pi,6.2800,0.0000,-1.0000,-2.7243
19.0590,pi,6.2800,0.0000,-1.0000,-2.7259
19.0640,pi,6.2800,0.0000,-1.0000,-2.7274
19.0690,pi,6.2800,0.0000,-1.0000,-2.7290
19.0740,pi,6.2800,0.0000,-1.0000,-2.7306
19.0790,pi,6.2800,0.0000,-1.0000,-2.7321
19.0840,pi,6.2800,0.0000,-1.0000,-2.7337
19.0891,pi,6.2800,0.0000,-1.0000,-2.7353
19.0942,pi,6.2800,0.0000,-1.0000,-2.7369
19.0994,pi,6.2800,0.0000,-1.0000,-2.7384
19.1046,pi,6.2800,0.0000,-1.0000,-2.7400
19.1099,pi,6.2800,0.0000,-1.0000,-2.7416
19.1142,pi,6.2800,0.0000,-1.0000,-2.7431
19.1194,pi,6.2800,0.0000,-1.0000,-2.7447
19.1244,pi,6.2800,0.0000,-1.0000,-2.7463
19.1299,pi,6.2800,0.0000,-1.0000,-2.7478
19.1343,pi,6.2800,0.0000,-1.0000,-2.7494
19.1394,pi,6.2800,0.0000,-1.0000,-2.7510
19.1447,pi,6.2800,0.0000,-1.0000,-2.7526
19.1501,pi,6.2800,0.0000,-1.0000,-2.7542
19.1543,pi,6.2800,0.0000,-1.0000,-2.7557
19.1591,pi,6.2800,0.0000,-1.0000,-2.7573
19.1644,pi,6.2800,0.0000,-1.0000,-2.7588
19.1691,pi,6.2800,0.0000,-1.0000,-2.7604
19.1744,pi,6.2800,0.0000,-1.0000,-2.7620
19.1789,pi,6.2800,0.0000,-1.0000,-2.7635
19.1840,pi,6.2800,0.0000,-1.0000,-2.7651
19.1890,pi,6.2800,0.0000,-1.0000,-2.7667
19.1940,pi,6.2800,0.0000,-1.0000,-2.7683
19.1992,pi,6.2800,0.0000,-1.0000,-2.7698
19.2045,pi,6.2800,0.0000,-1.0000,-2.7714
19.2090,pi,6.2800,0.0000,-1.0000,-2.7730
19.2140,pi,6.2800,0.0000,-1.0000,-2.7745
19.2190,pi,6.2800,0.0000,-1.0000,-2.7761
19.2242,pi,6.2800,0.0000,-1.0000,-2.7777
19.2291,pi,6.2800,0.0000,-1.0000,-2.7792
19.2341,pi,6.2800,0.0000,-1.0000,-2.7808
19.2391,pi,6.2800,0.0000,-1.0000,-2.7824
19.2440,pi,6.2800,0.0000,-1.0000,-2.7840
19.2489,pi,6.2800,0.0000,-1.0000,-2.7855
19.2539,pi,6.2800,0.0000,-1.0000,-2.7871
19.2590,pi,6.2800,0.0000,-1.0000,-2.7887
19.2641,pi,6.2800,0.0000,-1.0000,-2.7902
19.2691,pi,6.2800,0.0000,-1.0000,-2.7918
19.2741,pi,6.2800,0.0000,-1.0000,-2.7934
19.2791,pi,6.2800,0.0000,-1.0000,-2.7950
19.2839,pi,6.2800,0.0000,-1.0000,-2.7965
19.2890,pi,6.2800,0.0000,-1.0000,-2.7981
19.2941,pi,6.2800,0.0000,-1.0000,-2.7997
19.2991,pi,6.2800,0.0000,-1.0000,-2.8012
19.3039,pi,6.2800,0.0000,-1.0000,-2.8028
19.3090,pi,6.2800,0.0000,-1.0000,-2.8044
19.3139,pi,6.2800,0.0000,-1.0000,-2.8059
19.3189,pi,6.2800,0.0000,-1.0000,-2.8075
19.3240,pi,6.2800,0.0000,-1.0000,-2.8091
19.3290,pi,6.2800,0.0000,-1.0000,-2.8106
19.3340,pi,6.2800,0.0000,-1.0000,-2.8122
19.3390,pi,6.2800,0.0000,-1.0000,-2.8138
19.3440,pi,6.2800,0.0000,-1.0000,-2.8154
19.3490,pi,6.2800,0.0000,-1.0000,-2.8169
19.3540,pi,6.2800,0.0000,-1.0000,-2.8185
19.3590,pi,6.2800,0.0000,-1.0000,-2.8201
19.3640,pi,6.2800,0.0000,-1.0000,-2.8216
19.3690,pi,6.2800,0.0000,-1.0000,-2.8232
19.3740,pi,6.2800,0.0000,-1.0000,-2.8248
19.3790,pi,6.2800,0.0000,-1.0000,-2.8263
19.3841,pi,6.2800,0.0000,-1.0000,-2.8279
19.3890,pi,6.2800,0.0000,-1.0000,-2.8295
19.3940,pi,6.2800,0.0000,-1.0000,-2.8311
19.3992,pi,6.2800,0.0000,-1.0000,-2.8326
19.4042,pi,6.2800,0.0000,-1.0000,-2.8342
19.4090,pi,6.2800,0.0000,-1.0000,-2.8358
19.4140,pi,6.2800,0.0000,-1.0000,-2.8373
19.4190,pi,6.2800,0.0000,-1.0000,-2.8389
19.4240,pi,6.2800,0.0000,-1.0000,-2.8405
19.4292,pi,6.2800,0.0000,-1.0000,-2.8420
19.4340,pi,6.2800,0.0000,-1.0000,-2.8436
19.4390,pi,6.2800,0.0000,-1.0000,-2.8452
19.4440,pi,6.2800,0.0000,-1.0000,-2.8468
19.4490,pi,6.2800,0.0000,-1.0000,-2.8483
19.4540,pi,6.2800,0.0000,-1.0000,-2.8499
19.4590,pi,6.2800,0.0000,-1.0000,-2.8515
19.4641,pi,6.2800,0.0000,-1.0000,-2.8530
19.4690,pi,6.2800,0.0000,-1.0000,-2.8546
19.4740,pi,6.2800,0.0000,-1.0000,-2.8562
19.4790,pi,6.2800,0.0000,-1.0000,-2.8577
19.4840,pi,6.2800,0.0000,-1.0000,-2.8593
19.4890,pi,6.2800,0.0000,-1.0000,-2.8609
19.4941,pi,6.2800,0.0000,-1.0000,-2.8624
19.4992,pi,6.2800,0.0000,-1.0000,-2.8640
19.5041,pi,6.2800,0.0000,-1.0000,-2.8656
19.5089,pi,6.2800,0.0000,-1.0000,-2.8672
19.5139,pi,6.2800,0.0000,-1.0000,-2.8687
19.5190,pi,6.2800,0.0000,-1.0000,-2.8703
19.5240,pi,6.2800,0.0000,-1.0000,-2.8719
19.5290,pi,6.2800,0.0000,-1.0000,-2.8734
19.5340,pi,6.2800,0.0000,-1.0000,-2.8750
19.5391,pi,6.2800,0.0000,-1.0000,-2.8766
19.5440,pi,6.2800,0.0000,-1.0000,-2.8782
19.5490,pi,6.2800,0.0000,-1.0000,-2.8797
19.5540,pi,6.2800,0.0000,-1.0000,-2.8813
19.5590,pi,6.2800,0.0000,-1.0000,-2.8829
19.5640,pi,6.2800,0.0000,-1.0000,-2.8844
19.5690,pi,6.2800,0.0000,-1.0000,-2.8860
19.5740,pi,6.2800,0.0000,-1.0000,-2.8876
19.5790,pi,6.2800,0.0000,-1.0000,-2.8891
19.5840,pi,6.2800,0.0000,-1.0000,-2.8907
19.5890,pi,6.2800,0.0000,-1.0000,-2.8923
19.5940,pi,6.2800,0.0000,-1.0000,-2.8939
19.5990,pi,6.2800,0.0000,-1.0000,-2.8954
19.6040,pi,6.2800,0.0000,-1.0000,-2.8970
19.6090,pi,6.2800,0.0000,-1.0000,-2.8986
19.6140,pi,6.2800,0.0000,-1.0000,-2.9001
19.6190,pi,6.2800,0.0000,-1.0000,-2.9017
19.6240,pi,6.2800,0.0000,-1.0000,-2.9033
19.6290,pi,6.2800,0.0000,-1.0000,-2.9048
19.6340,pi,6.2800,0.0000,-1.0000,-2.9064
19.6390,pi,6.2800,0.0000,-1.0000,-2.9080
19.6440,pi,6.2800,0.0000,-1.0000,-2.9096
19.6490,pi,6.2800,0.0000,-1.0000,-2.9111
19.6540,pi,6.2800,0.0000,-1.0000,-2.9127
19.6590,pi,6.2800,0.0000,-1.0000,-2.9143
19.6640,pi,6.2800,0.0000,-1.0000,-2.9158
19.6690,pi,6.2800,0.0000,-1.0000,-2.9174
19.6740,pi,6.2800,0.0000,-1.0000,-2.9190
19.6790,pi,6.2800,0.0000,-1.0000,-2.9205
19.6840,pi,6.2800,0.0000,-1.0000,-2.9221
19.6890,pi,6.2800,0.0000,-1.0000,-2.9237
19.6940,pi,6.2800,0.0000,-1.0000,-2.9253
19.6990,pi,6.2800,0.0000,-1.0000,-2.9268
19.7040,pi,6.2800,0.0000,-1.0000,-2.9284
19.7090,pi,6.2800,0.0000,-1.0000,-2.9300
19.7140,pi,6.2800,0.0000,-1.0000,-2.9315
19.7190,pi,6.2800,0.0000,-1.0000,-2.9331
19.7239,pi,6.2800,0.0000,-1.0000,-2.9347
19.7291,pi,6.2800,0.0000,-1.0000,-2.9363
19.7340,pi,6.2800,0.0000,-1.0000,-2.9378
19.7390,pi,6.2800,0.0000,-1.0000,-2.9394
19.7441,pi,6.2800,0.0000,-1.0000,-2.9410
19.7490,pi,6.2800,0.0000,-1.0000,-2.9425
19.7540,pi,6.2800,0.0000,-1.0000,-2.9441
19.7591,pi,6.2800,0.0000,-1.0000,-2.9457
19.7640,pi,6.2800,0.0000,-1.0000,-2.9472
19.7690,pi,6.2800,0.0000,-1.0000,-2.9488
19.7740,pi,6.2800,0.0000,-1.0000,-2.9504
19.7790,pi,6.2800,0.0000,-1.0000,-2.9519
19.7840,pi,6.2800,0.0000,-1.0000,-2.9535
19.7890,pi,6.2800,0.0000,-1.0000,-2.9551
19.7940,pi,6.2800,0.0000,-1.0000,-2.9567
19.7991,pi,6.2800,0.0000,-1.0000,-2.9582
19.8040,pi,6.2800,0.0000,-1.0000,-2.9598
19.8090,pi,6.2800,0.0000,-1.0000,-2.9614
19.8140,pi,6.2800,0.0000,-1.0000,-2.9629
19.8190,pi,6.2800,0.0000,-1.0000,-2.9645
19.8240,pi,6.2800,0.0000,-1.0000,-2.9661
19.8290,pi,6.2800,0.0000,-1.0000,-2.9676
19.8340,pi,6.2800,0.0000,-1.0000,-2.9692
19.8390,pi,6.2800,0.0000,-1.0000,-2.9708
19.8440,pi,6.2800,0.0000,-1.0000,-2.9724
19.8490,pi,6.2800,0.0000,-1.0000,-2.9739
19.8540,pi,6.2800,0.0000,-1.0000,-2.9755
19.8590,pi,6.2800,0.0000,-1.0000,-2.9771
19.8640,pi,6.2800,0.0000,-1.0000,-2.9786
19.8690,pi,6.2800,0.0000,-1.0000,-2.9802
19.8740,pi,6.2800,0.0000,-1.0000,-2.9818
19.8790,pi,6.2800,0.0000,-1.0000,-2.9833
19.8840,pi,6.2800,0.0000,-1.0000,-2.9849
19.8890,pi,6.2800,0.0000,-1.0000,-2.9865
19.8941,pi,6.2800,0.0000,-1.0000,-2.9881
19.8990,pi,6.2800,0.0000,-1.0000,-2.9896
19.9040,pi,6.2800,0.0000,-1.0000,-2.9912
19.9090,pi,6.2800,0.0000,-1.0000,-2.9928
19.9140,pi,6.2800,0.0000,-1.0000,-2.9943
19.9190,pi,6.2800,0.0000,-1.0000,-2.9959
19.9240,pi,6.2800,0.0000,-1.0000,-2.9975
19.9291,pi,6.2800,0.0000,-1.0000,-2.9990
19.9339,pi,6.2800,0.0000,-1.0000,-3.0006
19.9390,pi,6.2800,0.0000,-1.0000,-3.0022
19.9441,pi,6.2800,0.0000,-1.0000,-3.0038
19.9490,pi,6.2800,0.0000,-1.0000,-3.0053
19.9540,pi,6.2800,0.0000,-1.0000,-3.0069
19.9590,pi,6.2800,0.0000,-1.0000,-3.0085
19.9640,pi,6.2800,0.0000,-1.0000,-3.0100
19.9690,pi,6.2800,0.0000,-1.0000,-3.0116
19.9740,pi,6.2800,0.0000,-1.0000,-3.0132
19.9790,pi,6.2800,0.0000,-1.0000,-3.0147
19.9841,pi,6.2800,0.0000,-1.0000,-3.0163
19.9890,pi,6.2800,0.0000,-1.0000,-3.0179
19.9940,pi,6.2800,0.0000,-1.0000,-3.0195
19.9990,pi,6.2800,0.0000,-1.0000,-3.0210
20.0040,pi,6.2800,0.0000,-1.0000,-3.0226
20.0090,pi,6.2800,0.0000,-1.0000,-3.0242
20.0140,pi,6.2800,0.0000,-1.0000,-3.0257
20.0190,pi,6.2800,0.0000,-1.0000,-3.0273
20.0242,pi,6.2800,0.0000,-1.0000,-3.0289
20.0290,pi,6.2800,0.0000,-1.0000,-3.0304
20.0340,pi,6.2800,0.0000,-1.0000,-3.0320
20.0390,pi,6.2800,0.0000,-1.0000,-3.0336
20.0440,pi,6.2800,0.0000,-1.0000,-3.0352
20.0490,pi,6.2800,0.0000,-1.0000,-3.0367
20.0541,pi,6.2800,0.0000,-1.0000,-3.0383
20.0590,pi,6.2800,0.0000,-1.0000,-3.0399
20.0640,pi,6.2800,0.0000,-1.0000,-3.0414
20.0690,pi,6.2800,0.0000,-1.0000,-3.0430
20.0740,pi,6.2800,0.0000,-1.0000,-3.0446
20.0790,pi,6.2800,0.0000,-1.0000,-3.0461
20.0840,pi,6.2800,0.0000,-1.0000,-3.0477
20.0890,pi,6.2800,0.0000,-1.0000,-3.0493
20.0941,pi,6.2800,0.0000,-1.0000,-3.0509
20.0989,pi,6.2800,0.0000,-1.0000,-3.0524
20.1039,pi,6.2800,0.0000,-1.0000,-3.0540
20.1090,pi,6.2800,0.0000,-1.0000,-3.0556
20.1140,pi,6.2800,0.0000,-1.0000,-3.0571
20.1190,pi,6.2800,0.0000,-1.0000,-3.0587
20.1240,pi,6.2800,0.0000,-1.0000,-3.0603
20.1290,pi,6.2800,0.0000,-1.0000,-3.0618
20.1340,pi,6.2800,0.0000,-1.0000,-3.0634
20.1390,pi,6.2800,0.0000,-1.0000,-3.0650
20.1440,pi,6.2800,0.0000,-1.0000,-3.0666
20.1491,pi,6.2800,0.0000,-1.0000,-3.0681
20.1542,pi,6.2800,0.0000,-1.0000,-3.0697
20.1592,pi,6.2800,0.0000,-1.0000,-3.0713
20.1647,pi,6.2800,0.0000,-1.0000,-3.0728
20.1697,pi,6.2800,0.0000,-1.0000,-3.0744
20.1743,pi,6.2800,0.0000,-1.0000,-3.0760
20.1791,pi,6.2800,0.0000,-1.0000,-3.0775
20.1840,pi,6.2800,0.0000,-1.0000,-3.0791
20.1890,pi,6.2800,0.0000,-1.0000,-3.0807
20.1940,pi,6.2800,0.0000,-1.0000,-3.0823
20.1990,pi,6.2800,0.0000,-1.0000,-3.0838
20.2040,pi,6.2800,0.0000,-1.0000,-3.0854
20.2090,pi,6.2800,0.0000,-1.0000,-3.0870
20.2140,pi,6.2800,0.0000,-1.0000,-3.0885
20.2190,pi,6.2800,0.0000,-1.0000,-3.0901
20.2240,pi,6.2800,0.0000,-1.0000,-3.0917
20.2292,pi,6.2800,0.0000,-1.0000,-3.0932
20.2341,pi,6.2800,0.0000,-1.0000,-3.0948
20.2390,pi,6.2800,0.0000,-1.0000,-3.0964
20.2440,pi,6.2800,0.0000,-1.0000,-3.0980
20.2489,pi,6.2800,0.0000,-1.0000,-3.0995
20.2540,pi,6.2800,0.0000,-1.0000,-3.1011
20.2590,pi,6.2800,0.0000,-1.0000,-3.1027
20.2640,pi,6.2800,0.0000,-1.0000,-3.1042
20.2691,pi,6.2800,0.0000,-1.0000,-3.1058
20.2741,pi,6.2800,0.0000,-1.0000,-3.1074
20.2790,pi,6.2800,0.0000,-1.0000,-3.1089
20.2841,pi,6.2800,0.0000,-1.0000,-3.1105
20.2890,pi,6.2800,0.0000,-1.0000,-3.1121
20.2940,pi,6.2800,0.0000,-1.0000,-3.1137
20.2990,pi,6.2800,0.0000,-1.0000,-3.1152
20.3040,pi,6.2800,0.0000,-1.0000,-3.1168
20.3090,pi,6.2800,0.0000,-1.0000,-3.1184
20.3140,pi,6.2800,0.0000,-1.0000,-3.1199
20.3190,pi,6.2800,0.0000,-1.0000,-3.1215
20.3241,pi,6.2800,0.0000,-1.0000,-3.1231
20.3300,pi,6.2800,0.0000,-1.0000,-3.1247
20.3353,pi,6.2800,0.0000,-1.0000,-3.1262
20.3393,pi,6.2800,0.0000,-1.0000,-3.1278
20.3440,pi,6.2800,0.0000,-1.0000,-3.1294
20.3490,pi,6.2800,0.0000,-1.0000,-3.1309
20.3539,pi,6.2800,0.0000,-1.0000,-3.1325
20.3590,pi,6.2800,0.0000,-1.0000,-3.1341
20.3640,pi,6.2800,0.0000,-1.0000,-3.1356
20.3690,pi,6.2800,0.0000,-1.0000,-3.1372
20.3740,pi,6.2800,0.0000,-1.0000,-3.1388
20.3790,pi,6.2800,0.0000,-1.0000,-3.1403
20.3841,pi,6.2800,0.0000,-1.0000,-3.1419
20.3891,pi,6.2800,0.0000,-1.0000,-3.1435
20.3940,pi,6.2800,0.0000,-1.0000,-3.1451
20.3990,pi,6.2800,0.0000,-1.0000,-3.1466
20.4040,pi,6.2800,0.0000,-1.0000,-3.1482
20.4090,pi,6.2800,0.0000,-1.0000,-3.1498
20.4140,pi,6.2800,0.0000,-1.0000,-3.1513
20.4194,pi,6.2800,0.0000,-1.0000,-3.1529
20.4240,pi,6.2800,0.0000,-1.0000,-3.1545
20.4293,pi,6.2800,0.0000,-1.0000,-3.1561
20.4339,pi,6.2800,0.0000,-1.0000,-3.1576
20.4390,pi,6.2800,0.0000,-1.0000,-3.1592
20.4441,pi,6.2800,0.0000,-1.0000,-3.1608
20.4493,pi,6.2800,0.0000,-1.0000,-3.1623
20.4541,pi,6.2800,0.0000,-1.0000,-3.1639
20.4590,pi,6.2800,0.0000,-1.0000,-3.1655
20.4639,pi,6.2800,0.0000,-1.0000,-3.1670
20.4690,pi,6.2800,0.0000,-1.0000,-3.1686
20.4740,pi,6.2800,0.0000,-1.0000,-3.1702
20.4790,pi,6.2800,0.0000,-1.0000,-3.1717
20.4840,pi,6.2800,0.0000,-1.0000,-3.1733
20.4891,pi,6.2800,0.0000,-1.0000,-3.1749
20.4940,pi,6.2800,0.0000,-1.0000,-3.1765
20.4990,pi,6.2800,0.0000,-1.0000,-3.1780
20.5040,pi,6.2800,0.0000,-1.0000,-3.1796
20.5090,pi,6.2800,0.0000,-1.0000,-3.1812
20.5140,pi,6.2800,0.0000,-1.0000,-3.1827
20.5190,pi,6.2800,0.0000,-1.0000,-3.1843
20.5240,pi,6.2800,0.0000,-1.0000,-3.1859
20.5291,pi,6.2800,0.0000,-1.0000,-3.1874
20.5340,pi,6.2800,0.0000,-1.0000,-3.1890
20.5391,pi,6.2800,0.0000,-1.0000,-3.1906
20.5440,pi,6.2800,0.0000,-1.0000,-3.1922
20.5491,pi,6.2800,0.0000,-1.0000,-3.1937
20.5540,pi,6.2800,0.0000,-1.0000,-3.1953
20.5590,pi,6.2800,0.0000,-1.0000,-3.1969
20.5640,pi,6.2800,0.0000,-1.0000,-3.1984
20.5690,pi,6.2800,0.0000,-1.0000,-3.2000
20.5740,pi,6.2800,0.0000,-1.0000,-3.2016
20.5790,pi,6.2800,0.0000,-1.0000,-3.2031
20.5840,pi,6.2800,0.0000,-1.0000,-3.2047
20.5890,pi,6.2800,0.0000,-1.0000,-3.2063
20.5940,pi,6.2800,0.0000,-1.0000,-3.2079
20.5990,pi,6.2800,0.0000,-1.0000,-3.2094
20.6040,pi,6.2800,0.0000,-1.0000,-3.2110
20.6090,pi,6.2800,0.0000,-1.0000,-3.2126
20.6140,pi,6.2800,0.0000,-1.0000,-3.2141
20.6190,pi,6.2800,0.0000,-1.0000,-3.2157
20.6240,pi,6.2800,0.0000,-1.0000,-3.2173
20.6290,pi,6.2800,0.0000,-1.0000,-3.2188
20.6340,pi,6.2800,0.0000,-1.0000,-3.2204
20.6390,pi,6.2800,0.0000,-1.0000,-3.2220
20.6440,pi,6.2800,0.0000,-1.0000,-3.2236
20.6490,pi,6.2800,0.0000,-1.0000,-3.2251
20.6540,pi,6.2800,0.0000,-1.0000,-3.2267
20.6590,pi,6.2800,0.0000,-1.0000,-3.2283
20.6641,pi,6.2800,0.0000,-1.0000,-3.2298
20.6690,pi,6.2800,0.0000,-1.0000,-3.2314
20.6740,pi,6.2800,0.0000,-1.0000,-3.2330
20.6792,pi,6.2800,0.0000,-1.0000,-3.2345
20.6840,pi,6.2800,0.0000,-1.0000,-3.2361
20.6899,pi,6.2800,0.0502,-1.0000,-3.2367
20.6954,pi,6.2800,0.1408,-1.0000,-3.2364
20.6996,pi,6.2800,0.2628,-1.0000,-3.2355
20.7041,pi,6.2800,0.4615,-1.0000,-3.2329
20.7089,pi,6.2800,0.7342,-1.0000,-3.2289
20.7140,pi,6.2800,1.0444,-1.0000,-3.2240
20.7190,pi,6.2800,1.4755,-1.0000,-3.2165
20.7240,pi,6.2800,2.0025,-1.0000,-3.2071
20.7290,pi,6.2800,2.6082,-1.0000,-3.1959
20.7341,pi,6.2800,3.2752,-1.0000,-3.1833
20.7390,pi,6.2800,4.0828,-1.0000,-3.1677
20.7440,pi,6.2800,4.9121,-1.0000,-3.1514
20.7492,pi,6.2800,5.9426,-1.0000,-3.1309
20.7540,pi,6.2800,6.8539,-1.0000,-3.1126
20.7591,pi,6.2800,7.8143,-1.0000,-3.0930
20.7640,pi,6.2800,8.7639,-1.0000,-3.0733
20.7690,pi,6.2800,9.8001,-1.0000,-3.0517
20.7741,pi,6.2800,10.9055,-1.0000,-3.0285
20.7791,pi,6.2800,11.9932,-1.0000,-3.0053
20.7841,pi,6.2800,13.1138,-1.0000,-2.9812
20.7890,pi,6.2800,14.1595,-1.0000,-2.9583
20.7940,pi,6.2800,15.2481,-1.0000,-2.9343
20.7991,pi,6.2800,16.2186,-1.0000,-2.9124
20.8045,pi,6.2800,17.2969,-1.0000,-2.8881
20.8093,pi,6.2800,18.3618,-1.0000,-2.8637
20.8140,pi,6.2800,19.4082,-1.0000,-2.8395
20.8190,pi,6.2800,20.4000,-1.0000,-2.8162
20.8240,pi,6.2800,21.3955,-1.0000,-2.7925
20.8290,pi,6.2800,22.2802,-1.0000,-2.7708
20.8340,pi,6.2800,23.1713,-1.0000,-2.7487
20.8390,pi,6.2800,24.0208,-1.0000,-2.7273
20.8440,pi,6.2800,24.9293,-1.0000,-2.7045
20.8490,pi,6.2800,25.7935,-1.0000,-2.6823
20.8541,pi,6.2800,26.6221,-1.0000,-2.6607
20.8593,pi,6.2800,27.4686,-1.0000,-2.6384
20.8648,pi,6.2800,28.4110,-1.0000,-2.6140
20.8702,pi,6.2800,29.3107,-1.0000,-2.5903
20.8745,pi,6.2800,30.1820,-1.0000,-2.5669
20.8794,pi,6.2800,31.0322,-1.0000,-2.5437
20.8843,pi,6.2800,31.8620,-1.0000,-2.5207
20.8892,pi,6.2800,32.7265,-1.0000,-2.4968
20.8942,pi,6.2800,33.5189,-1.0000,-2.4741
20.8991,pi,6.2800,34.3024,-1.0000,-2.4515
20.9041,pi,6.2800,35.0804,-1.0000,-2.4287
20.9091,pi,6.2800,35.8529,-1.0000,-2.4059
20.9140,pi,6.2800,36.5412,-1.0000,-2.3845
20.9191,pi,6.2800,37.1864,-1.0000,-2.3639
20.9241,pi,6.2800,37.9414,-1.0000,-2.3409
20.9291,pi,6.2800,38.5775,-1.0000,-2.3201
20.9340,pi,6.2800,39.2259,-1.0000,-2.2989
20.9391,pi,6.2800,39.9250,-1.0000,-2.2765
20.9441,pi,6.2800,40.6344,-1.0000,-2.2537
20.9491,pi,6.2800,41.2364,-1.0000,-2.2330
20.9541,pi,6.2800,41.8557,-1.0000,-2.2117
20.9591,pi,6.2800,42.4902,-1.0000,-2.1899
20.9641,pi,6.2800,43.0868,-1.0000,-2.1688
20.9690,pi,6.2800,43.7018,-1.0000,-2.1471
20.9740,pi,6.2800,44.2833,-1.0000,-2.1260
20.9791,pi,6.2800,44.9258,-1.0000,-2.1035
20.9840,pi,6.2800,45.5912,-1.0000,-2.0804
20.9890,pi,6.2800,46.1601,-1.0000,-2.0590
20.9940,pi,6.2800,46.7561,-1.0000,-2.0370
20.9991,pi,6.2800,47.4045,-1.0000,-2.0137
21.0040,pi,6.2800,48.0238,-1.0000,-1.9909
21.0092,pi,6.2800,48.6197,-1.0000,-1.9684
21.0143,pi,6.2800,49.1975,-1.0000,-1.9461
21.0193,pi,6.2800,49.7618,-1.0000,-1.9240
21.0245,pi,6.2800,50.3640,-1.0000,-1.9009
21.0295,pi,6.2800,50.9470,-1.0000,-1.8781
21.0346,pi,6.2800,51.4503,-1.0000,-1.8567
21.0391,pi,6.2800,51.9461,-1.0000,-1.8354
21.0442,pi,6.2800,52.4329,-1.0000,-1.8141
21.0492,pi,6.2800,52.8692,-1.0000,-1.7937
21.0544,pi,6.2800,53.3094,-1.0000,-1.7732
21.0594,pi,6.2800,53.7542,-1.0000,-1.7524
21.0646,pi,6.2800,54.1555,-1.0000,-1.7324
21.0691,pi,6.2800,54.5658,-1.0000,-1.7121
21.0742,pi,6.2800,54.9410,-1.0000,-1.6925
21.0794,pi,6.2800,55.2867,-1.0000,-1.6733
21.0845,pi,6.2800,55.6392,-1.0000,-1.6539
21.0892,pi,6.2800,55.9210,-1.0000,-1.6359
21.0943,pi,6.2800,56.1962,-1.0000,-1.6179
21.0995,pi,6.2800,56.5169,-1.0000,-1.5989
21.1046,pi,6.2800,56.7742,-1.0000,-1.5811
21.1091,pi,6.2800,57.0306,-1.0000,-1.5633
21.1142,pi,6.2800,57.2317,-1.0000,-1.5466
21.1193,pi,6.2800,57.4836,-1.0000,-1.5287
21.1244,pi,6.2800,57.6864,-1.0000,-1.5118
21.1296,pi,6.2800,57.9110,-1.0000,-1.4944
21.1340,pi,6.2800,58.0727,-1.0000,-1.4782
21.1391,pi,6.2800,58.2488,-1.0000,-1.4617
21.1443,pi,6.2800,58.4349,-1.0000,-1.4450
21.1499,pi,6.2800,58.6026,-1.0000,-1.4284
21.1546,pi,6.2800,58.6723,-1.0000,-1.4140
21.1595,pi,6.2800,58.6463,-1.0000,-1.4014
21.1646,pi,6.2800,58.6269,-1.0000,-1.3887
21.1691,pi,6.2800,58.5623,-1.0000,-1.3770
21.1743,pi,6.2800,58.5612,-1.0000,-1.3639
21.1794,pi,6.2800,58.5916,-1.0000,-1.3503
21.1846,pi,6.2800,58.5842,-1.0000,-1.3373
21.1890,pi,6.2800,58.6116,-1.0000,-1.3237
21.1942,pi,6.2800,58.6005,-1.0000,-1.3108
21.1993,pi,6.2800,58.5781,-1.0000,-1.2982
21.2045,pi,6.2800,58.6229,-1.0000,-1.2842
21.2099,pi,6.2800,58.6869,-1.0000,-1.2698
21.2148,pi,6.2800,58.8611,-1.0000,-1.2532
21.2193,pi,6.2800,59.0505,-1.0000,-1.2362
21.2245,pi,6.2800,59.2022,-1.0000,-1.2200
21.2291,coast,6.2800,59.3247,0.0000,0.0000
21.2346,coast,6.2800,59.4507,0.0000,0.0000
21.2392,coast,6.2800,59.5338,0.0000,0.0000
21.2443,coast,6.2800,59.3334,0.0000,0.0000
21.2491,coast,6.2800,59.1764,0.0000,0.0000
21.2545,coast,6.2800,58.9492,0.0000,0.0000
21.2593,coast,6.2800,58.5627,0.0000,0.0000
21.2644,coast,6.2800,58.1592,0.0000,0.0000
21.2693,coast,6.2800,57.7327,0.0000,0.0000
21.2743,coast,6.2800,57.1919,0.0000,0.0000
21.2792,coast,6.2800,56.6065,0.0000,0.0000
21.2841,coast,6.2800,56.1141,0.0000,0.0000
21.2892,coast,6.2800,55.4946,0.0000,0.0000
21.2943,coast,6.2800,55.0489,0.0000,0.0000
21.2993,coast,6.2800,54.5424,0.0000,0.0000
21.3041,coast,6.2800,54.0978,0.0000,0.0000
21.3093,coast,6.2800,53.6510,0.0000,0.0000
21.3143,coast,6.2800,53.1738,0.0000,0.0000
21.3191,coast,6.2800,52.7302,0.0000,0.0000
21.3242,coast,6.2800,52.2409,0.0000,0.0000
21.3291,coast,6.2800,51.8005,0.0000,0.0000
21.3345,coast,6.2800,51.2389,0.0000,0.0000
21.3394,coast,6.2800,50.6900,0.0000,0.0000
21.3443,coast,6.2800,50.1922,0.0000,0.0000
21.3492,coast,6.2800,49.6639,0.0000,0.0000
21.3545,coast,6.2800,49.0769,0.0000,0.0000
21.3594,coast,6.2800,48.4550,0.0000,0.0000
21.3642,coast,6.2800,47.8596,0.0000,0.0000
21.3694,coast,6.2800,47.2815,0.0000,0.0000
21.3742,coast,6.2800,46.6722,0.0000,0.0000
21.3794,coast,6.2800,46.0820,0.0000,0.0000
21.3845,coast,6.2800,45.5081,0.0000,0.0000
21.3892,coast,6.2800,44.8525,0.0000,0.0000
21.3943,coast,6.2800,44.1729,0.0000,0.0000
21.3991,coast,6.2800,43.5807,0.0000,0.0000
21.4041,coast,6.2800,42.9979,0.0000,0.0000
21.4092,coast,6.2800,42.3956,0.0000,0.0000
21.4142,coast,6.2800,41.8253,0.0000,0.0000
21.4193,coast,6.2800,41.2297,0.0000,0.0000
21.4243,coast,6.2800,40.5743,0.0000,0.0000
21.4294,coast,6.2800,39.8973,0.0000,0.0000
21.4345,coast,6.2800,39.3240,0.0000,0.0000
21.4396,coast,6.2800,38.6954,0.0000,0.0000
21.4445,coast,6.2800,38.1308,0.0000,0.0000
21.4492,coast,6.2800,37.5928,0.0000,0.0000
21.4542,coast,6.2800,36.9772,0.0000,0.0000
21.4592,coast,6.2800,36.4370,0.0000,0.0000
21.4642,coast,6.2800,35.8694,0.0000,0.0000
21.4692,coast,6.2800,35.2772,0.0000,0.0000
21.4743,coast,6.2800,34.7135,0.0000,0.0000
21.4792,coast,6.2800,34.1239,0.0000,0.0000
21.4842,coast,6.2800,33.5624,0.0000,0.0000
21.4892,coast,6.2800,32.9730,0.0000,0.0000
21.4943,coast,6.2800,32.4105,0.0000,0.0000
21.4994,coast,6.2800,31.8093,0.0000,0.0000
21.5043,coast,6.2800,31.2274,0.0000,0.0000
21.5093,coast,6.2800,30.6615,0.0000,0.0000
21.5142,coast,6.2800,30.1089,0.0000,0.0000
21.5192,coast,6.2800,29.5659,0.0000,0.0000
21.5243,coast,6.2800,29.0306,0.0000,0.0000
21.5293,coast,6.2800,28.5015,0.0000,0.0000
21.5344,coast,6.2800,27.9649,0.0000,0.0000
21.5392,coast,6.2800,27.4952,0.0000,0.0000
21.5442,coast,6.2800,27.0239,0.0000,0.0000
21.5493,coast,6.2800,26.5087,0.0000,0.0000
21.5544,coast,6.2800,25.9819,0.0000,0.0000
21.5591,coast,6.2800,25.4930,0.0000,0.0000
21.5643,coast,6.2800,24.9648,0.0000,0.0000
21.5693,coast,6.2800,24.3938,0.0000,0.0000
21.5743,coast,6.2800,23.8379,0.0000,0.0000
21.5791,coast,6.2800,23.3656,0.0000,0.0000
21.5842,coast,6.2800,22.8977,0.0000,0.0000
21.5893,coast,6.2800,22.3385,0.0000,0.0000
21.5943,coast,6.2800,21.7909,0.0000,0.0000
21.5992,coast,6.2800,21.3167,0.0000,0.0000
21.6042,coast,6.2800,20.8928,0.0000,0.0000
21.6093,coast,6.2800,20.3827,0.0000,0.0000
21.6143,coast,6.2800,19.8743,0.0000,0.0000
21.6191,coast,6.2800,19.4180,0.0000,0.0000
21.6242,coast,6.2800,18.9635,0.0000,0.0000
21.6292,coast,6.2800,18.5061,0.0000,0.0000
21.6342,coast,6.2800,18.0218,0.0000,0.0000
21.6392,coast,6.2800,17.5697,0.0000,0.0000
21.6443,coast,6.2800,17.1177,0.0000,0.0000
21.6493,coast,6.2800,16.6090,0.0000,0.0000
21.6543,coast,6.2800,16.1014,0.0000,0.0000
21.6592,coast,6.2800,15.6685,0.0000,0.0000
21.6649,coast,6.2800,15.2461,0.0000,0.0000
21.6693,coast,6.2800,14.8097,0.0000,0.0000
21.6744,coast,6.2800,14.3606,0.0000,0.0000
21.6791,coast,6.2800,13.9017,0.0000,0.0000
21.6840,coast,6.2800,13.4991,0.0000,0.0000
21.6893,coast,6.2800,13.0599,0.0000,0.0000
21.6943,coast,6.2800,12.6085,0.0000,0.0000
21.6992,coast,6.2800,12.2350,0.0000,0.0000
21.7043,coast,6.2800,11.8441,0.0000,0.0000
21.7093,coast,6.2800,11.3854,0.0000,0.0000
21.7142,coast,6.2800,10.9816,0.0000,0.0000
21.7192,coast,6.2800,10.5686,0.0000,0.0000
21.7241,coast,6.2800,10.1929,0.0000,0.0000
21.7292,coast,6.2800,9.7995,0.0000,0.0000
21.7342,coast,6.2800,9.3976,0.0000,0.0000
21.7393,coast,6.2800,9.0260,0.0000,0.0000
21.7443,coast,6.2800,8.6371,0.0000,0.0000
21.7492,coast,6.2800,8.2808,0.0000,0.0000
21.7542,coast,6.2800,7.9042,0.0000,0.0000
21.7594,coast,6.2800,7.4789,0.0000,0.0000
21.7642,coast,6.2800,7.0880,0.0000,0.0000
21.7692,coast,6.2800,6.7255,0.0000,0.0000
21.7742,coast,6.2800,6.3355,0.0000,0.0000
21.7792,coast,6.2800,5.9723,0.0000,0.0000
21.7842,coast,6.2800,5.5820,0.0000,0.0000
21.7892,coast,6.2800,5.2141,0.0000,0.0000
21.7943,coast,6.2800,4.8779,0.0000,0.0000
21.7994,coast,6.2800,4.5503,0.0000,0.0000
21.8041,coast,6.2800,4.1980,0.0000,0.0000
21.8092,coast,6.2800,3.9115,0.0000,0.0000
21.8141,coast,6.2800,3.6315,0.0000,0.0000
21.8192,coast,6.2800,3.3622,0.0000,0.0000
21.8243,coast,6.2800,3.0417,0.0000,0.0000
21.8293,coast,6.2800,2.7345,0.0000,0.0000
21.8341,coast,6.2800,2.4390,0.0000,0.0000
21.8391,coast,6.2800,2.1798,0.0000,0.0000
21.8441,coast,6.2800,1.9269,0.0000,0.0000
21.8491,coast,6.2800,1.6786,0.0000,0.0000
21.8542,coast,6.2800,1.4433,0.0000,0.0000
21.8592,coast,6.2800,1.2049,0.0000,0.0000
21.8642,coast,6.2800,1.0141,0.0000,0.0000
21.8692,coast,6.2800,0.8113,0.0000,0.0000
21.8741,coast,6.2800,0.6494,0.0000,0.0000
21.8791,coast,6.2800,0.5194,0.0000,0.0000
21.8842,coast,6.2800,0.4154,0.0000,0.0000
21.8892,coast,6.2800,0.3323,0.0000,0.0000
21.8943,coast,6.2800,0.2658,0.0000,0.0000
21.8992,coast,6.2800,0.2127,0.0000,0.0000
21.9041,coast,6.2800,0.1702,0.0000,0.0000
21.9091,coast,6.2800,0.1362,0.0000,0.0000
21.9141,coast,6.2800,0.1089,0.0000,0.0000
21.9191,coast,6.2800,0.0871,0.0000,0.0000
21.9243,coast,6.2800,0.0697,0.0000,0.0000
21.9294,coast,6.2800,0.0557,0.0000,0.0000
21.9342,coast,6.2800,0.0446,0.0000,0.0000
21.9393,coast,6.2800,0.0357,0.0000,0.0000
21.9442,coast,6.2800,0.0286,0.0000,0.0000
21.9492,coast,6.2800,0.0228,0.0000,0.0000
21.9541,coast,6.2800,0.0183,0.0000,0.0000
21.9591,coast,6.2800,0.0146,0.0000,0.0000
21.9641,coast,6.2800,0.0117,0.0000,0.0000
21.9692,coast,6.2800,0.0094,0.0000,0.0000
21.9743,coast,6.2800,0.0075,0.0000,0.0000
21.9791,coast,6.2800,0.0060,0.0000,0.0000
21.9841,coast,6.2800,0.0048,0.0000,0.0000
21.9891,coast,6.2800,0.0038,0.0000,0.0000
21.9943,coast,6.2800,0.0031,0.0000,0.0000
21.9992,coast,6.2800,0.0025,0.0000,0.0000
22.0043,coast,6.2800,0.0020,0.0000,0.0000
22.0092,coast,6.2800,0.0016,0.0000,0.0000
22.0142,coast,6.2800,0.0013,0.0000,0.0000
22.0191,coast,6.2800,0.0010,0.0000,0.0000
22.0242,coast,6.2800,0.0008,0.0000,0.0000
22.0292,coast,6.2800,0.0006,0.0000,0.0000
22.0342,coast,6.2800,0.0005,0.0000,0.0000
22.0391,coast,6.2800,0.0004,0.0000,0.0000
22.0441,coast,6.2800,0.0003,0.0000,0.0000
22.0492,coast,6.2800,0.0003,0.0000,0.0000
22.0542,coast,6.2800,0.0002,0.0000,0.0000
22.0591,coast,6.2800,0.0002,0.0000,0.0000
22.0641,coast,6.2800,0.0001,0.0000,0.0000
22.0691,coast,6.2800,0.0001,0.0000,0.0000
22.0746,coast,6.2800,0.0001,0.0000,0.0000
22.0801,coast,6.2800,0.0001,0.0000,0.0000
22.0846,coast,6.2800,0.0001,0.0000,0.0000
22.0895,coast,6.2800,0.0000,0.0000,0.0000
22.0953,coast,6.2800,0.0000,0.0000,0.0000
22.1002,coast,6.2800,0.0000,0.0000,0.0000
22.1050,coast,6.2800,0.0000,0.0000,0.0000
22.1092,coast,6.2800,0.0000,0.0000,0.0000
22.1178,coast,6.2800,0.0000,0.0000,0.0000
22.1195,coast,6.2800,0.0000,0.0000,0.0000
22.1244,coast,6.2800,0.0000,0.0000,0.0000
22.1295,coast,6.2800,0.0000,0.0000,0.0000
22.1353,coast,6.2800,0.0000,0.0000,0.0000
22.1401,coast,6.2800,0.0000,0.0000,0.0000
22.1449,coast,6.2800,0.0000,0.0000,0.0000
22.1492,coast,6.2800,0.0000,0.0000,0.0000
22.1544,coast,6.2800,0.0000,0.0000,0.0000
22.1593,coast,6.2800,0.0000,0.0000,0.0000
22.1652,coast,6.2800,0.0000,0.0000,0.0000
22.1695,coast,6.2800,0.0000,0.0000,0.0000
22.1742,coast,6.2800,0.0000,0.0000,0.0000
22.1803,coast,6.2800,0.0000,0.0000,0.0000
22.1851,coast,6.2800,0.0000,0.0000,0.0000
22.1901,coast,6.2800,0.0000,0.0000,0.0000
22.1944,coast,6.2800,0.0000,0.0000,0.0000
22.2009,coast,6.2800,0.0000,0.0000,0.0000
22.2055,coast,6.2800,0.0000,0.0000,0.0000
22.2096,coast,6.2800,0.0000,0.0000,0.0000
22.2154,coast,6.2800,0.0000,0.0000,0.0000
22.2209,coast,6.2800,0.0000,0.0000,0.0000
22.2266,coast,6.2800,0.0000,0.0000,0.0000
22.2310,coast,6.2800,0.0000,0.0000,0.0000
22.2343,coast,6.2800,0.0000,0.0000,0.0000
22.2392,coast,6.2800,0.0000,0.0000,0.0000
22.2442,coast,6.2800,0.0000,0.0000,0.0000
22.2491,coast,6.2800,0.0000,0.0000,0.0000
22.2541,coast,6.2800,0.0000,0.0000,0.0000
22.2591,coast,6.2800,0.0000,0.0000,0.0000
22.2640,coast,6.2800,0.0000,0.0000,0.0000
22.2691,coast,6.2800,0.0000,0.0000,0.0000
22.2744,coast,6.2800,0.0000,0.0000,0.0000
22.2794,coast,6.2800,0.0000,0.0000,0.0000
22.2843,coast,6.2800,0.0000,0.0000,0.0000
22.2892,coast,6.2800,0.0000,0.0000,0.0000
22.2943,coast,6.2800,0.0000,0.0000,0.0000
22.2997,coast,6.2800,0.0000,0.0000,0.0000
22.3042,coast,6.2800,0.0000,0.0000,0.0000
22.3091,coast,6.2800,0.0000,0.0000,0.0000
22.3142,coast,6.2800,0.0000,0.0000,0.0000
22.3192,coast,6.2800,0.0000,0.0000,0.0000
22.3242,coast,6.2800,0.0000,0.0000,0.0000
22.3291,coast,6.2800,0.0000,0.0000,0.0000
22.3343,coast,6.2800,0.0000,0.0000,0.0000
22.3392,coast,6.2800,0.0000,0.0000,0.0000
22.3444,coast,6.2800,0.0000,0.0000,0.0000
22.3492,coast,6.2800,0.0000,0.0000,0.0000
22.3544,coast,6.2800,0.0000,0.0000,0.0000
22.3594,coast,6.2800,0.0000,0.0000,0.0000
22.3643,coast,6.2800,0.0000,0.0000,0.0000
22.3695,coast,6.2800,0.0000,0.0000,0.0000
22.3742,coast,6.2800,0.0000,0.0000,0.0000
22.3797,coast,6.2800,0.0000,0.0000,0.0000
22.3845,coast,6.2800,0.0000,0.0000,0.0000
22.3890,coast,6.2800,0.0000,0.0000,0.0000
22.3942,coast,6.2800,0.0000,0.0000,0.0000
22.3992,coast,6.2800,0.0000,0.0000,0.0000
22.4041,coast,6.2800,0.0000,0.0000,0.0000
22.4091,coast,6.2800,0.0000,0.0000,0.0000
22.4141,coast,6.2800,0.0000,0.0000,0.0000
22.4191,coast,6.2800,0.0000,0.0000,0.0000
22.4241,coast,6.2800,0.0000,0.0000,0.0000
22.4292,coast,6.2800,0.0000,0.0000,0.0000
22.4343,coast,6.2800,0.0000,0.0000,0.0000
22.4392,coast,6.2800,0.0000,0.0000,0.0000
22.4441,coast,6.2800,0.0000,0.0000,0.0000
22.4492,coast,6.2800,0.0000,0.0000,0.0000
22.4541,coast,6.2800,0.0000,0.0000,0.0000
22.4592,coast,6.2800,0.0000,0.0000,0.0000
22.4641,coast,6.2800,0.0000,0.0000,0.0000
22.4691,coast,6.2800,0.0000,0.0000,0.0000
22.4742,coast,6.2800,0.0000,0.0000,0.0000
22.4792,coast,6.2800,0.0000,0.0000,0.0000
22.4841,coast,6.2800,0.0000,0.0000,0.0000
22.4893,coast,6.2800,0.0000,0.0000,0.0000
22.4943,coast,6.2800,0.0000,0.0000,0.0000
22.4993,coast,6.2800,0.0000,0.0000,0.0000
22.5042,coast,6.2800,0.0000,0.0000,0.0000
22.5092,coast,6.2800,0.0000,0.0000,0.0000
22.5142,coast,6.2800,0.0000,0.0000,0.0000
22.5192,coast,6.2800,0.0000,0.0000,0.0000
22.5241,coast,6.2800,0.0000,0.0000,0.0000
22.5292,coast,6.2800,0.0000,0.0000,0.0000
22.5342,coast,6.2800,0.0000,0.0000,0.0000
22.5391,coast,6.2800,0.0000,0.0000,0.0000
22.5442,coast,6.2800,0.0000,0.0000,0.0000
22.5492,coast,6.2800,0.0000,0.0000,0.0000
22.5542,coast,6.2800,0.0000,0.0000,0.0000
22.5592,coast,6.2800,0.0000,0.0000,0.0000
22.5642,coast,6.2800,0.0000,0.0000,0.0000
22.5692,coast,6.2800,0.0000,0.0000,0.0000
22.5741,coast,6.2800,0.0000,0.0000,0.0000
22.5792,coast,6.2800,0.0000,0.0000,0.0000
22.5843,coast,6.2800,0.0000,0.0000,0.0000
22.5892,coast,6.2800,0.0000,0.0000,0.0000
22.5942,coast,6.2800,0.0000,0.0000,0.0000
22.5992,coast,6.2800,0.0000,0.0000,0.0000
22.6041,coast,6.2800,0.0000,0.0000,0.0000
22.6092,coast,6.2800,0.0000,0.0000,0.0000
22.6141,coast,6.2800,0.0000,0.0000,0.0000
22.6192,coast,6.2800,0.0000,0.0000,0.0000
22.6242,coast,6.2800,0.0000,0.0000,0.0000
22.6292,coast,6.2800,0.0000,0.0000,0.0000
22.6341,coast,6.2800,0.0000,0.0000,0.0000
22.6393,coast,6.2800,0.0000,0.0000,0.0000
22.6443,coast,6.2800,0.0000,0.0000,0.0000
22.6491,coast,6.2800,0.0000,0.0000,0.0000
22.6547,coast,6.2800,0.0000,0.0000,0.0000
22.6600,coast,6.2800,0.0000,0.0000,0.0000
22.6648,coast,6.2800,0.0000,0.0000,0.0000
22.6695,coast,6.2800,0.0000,0.0000,0.0000
22.6754,coast,6.2800,0.0000,0.0000,0.0000
22.6801,coast,6.2800,0.0000,0.0000,0.0000
22.6850,coast,6.2800,0.0000,0.0000,0.0000
22.6892,coast,6.2800,0.0000,0.0000,0.0000
22.6944,coast,6.2800,0.0000,0.0000,0.0000
22.6994,coast,6.2800,0.0000,0.0000,0.0000
22.7039,coast,6.2800,0.0000,0.0000,0.0000
22.7094,coast,6.2800,0.0000,0.0000,0.0000
22.7142,coast,6.2800,0.0000,0.0000,0.0000
22.7192,coast,6.2800,0.0000,0.0000,0.0000
22.7244,coast,6.2800,0.0000,0.0000,0.0000
22.7291,coast,6.2800,0.0000,0.0000,0.0000
22.7341,coast,6.2800,0.0000,0.0000,0.0000
22.7391,coast,6.2800,0.0000,0.0000,0.0000
22.7441,coast,6.2800,0.0000,0.0000,0.0000
22.7491,coast,6.2800,0.0000,0.0000,0.0000
22.7542,coast,6.2800,0.0000,0.0000,0.0000
22.7592,coast,6.2800,0.0000,0.0000,0.0000
22.7643,coast,6.2800,0.0000,0.0000,0.0000
22.7691,coast,6.2800,0.0000,0.0000,0.0000
22.7741,coast,6.2800,0.0000,0.0000,0.0000
22.7792,coast,6.2800,0.0000,0.0000,0.0000
22.7841,coast,6.2800,0.0000,0.0000,0.0000
22.7893,coast,6.2800,0.0000,0.0000,0.0000
22.7942,coast,6.2800,0.0000,0.0000,0.0000
22.7992,coast,6.2800,0.0000,0.0000,0.0000
22.8040,coast,6.2800,0.0000,0.0000,0.0000
22.8092,coast,6.2800,0.0000,0.0000,0.0000
22.8142,coast,6.2800,0.0000,0.0000,0.0000
22.8191,coast,6.2800,0.0000,0.0000,0.0000
22.8242,coast,6.2800,0.0000,0.0000,0.0000
22.8293,coast,6.2800,0.0000,0.0000,0.0000
22.8345,coast,6.2800,0.0000,0.0000,0.0000
22.8395,coast,6.2800,0.0000,0.0000,0.0000
22.8440,coast,6.2800,0.0000,0.0000,0.0000
22.8491,coast,6.2800,0.0000,0.0000,0.0000
22.8541,coast,6.2800,0.0000,0.0000,0.0000
22.8592,coast,6.2800,0.0000,0.0000,0.0000
22.8641,coast,6.2800,0.0000,0.0000,0.0000
22.8692,coast,6.2800,0.0000,0.0000,0.0000
22.8742,coast,6.2800,0.0000,0.0000,0.0000
22.8791,coast,6.2800,0.0000,0.0000,0.0000
22.8841,coast,6.2800,0.0000,0.0000,0.0000
22.8891,coast,6.2800,0.0000,0.0000,0.0000
22.8943,coast,6.2800,0.0000,0.0000,0.0000
22.8992,coast,6.2800,0.0000,0.0000,0.0000
22.9041,coast,6.2800,0.0000,0.0000,0.0000
22.9091,coast,6.2800,0.0000,0.0000,0.0000
22.9141,coast,6.2800,0.0000,0.0000,0.0000
22.9191,coast,6.2800,0.0000,0.0000,0.0000
22.9242,coast,6.2800,0.0000,0.0000,0.0000
22.9292,coast,6.2800,0.0000,0.0000,0.0000
22.9342,coast,6.2800,0.0000,0.0000,0.0000
22.9396,coast,6.2800,0.0000,0.0000,0.0000
22.9445,coast,6.2800,0.0000,0.0000,0.0000
22.9494,coast,6.2800,0.0000,0.0000,0.0000
22.9544,coast,6.2800,0.0000,0.0000,0.0000
22.9596,coast,6.2800,0.0000,0.0000,0.0000
22.9644,coast,6.2800,0.0000,0.0000,0.0000
22.9694,coast,6.2800,0.0000,0.0000,0.0000
22.9742,coast,6.2800,0.0000,0.0000,0.0000
22.9792,coast,6.2800,0.0000,0.0000,0.0000
22.9841,coast,6.2800,0.0000,0.0000,0.0000
22.9891,coast,6.2800,0.0000,0.0000,0.0000
22.9941,coast,6.2800,0.0000,0.0000,0.0000
22.9991,coast,6.2800,0.0000,0.0000,0.0000
23.0041,coast,6.2800,0.0000,0.0000,0.0000
23.0091,coast,6.2800,0.0000,0.0000,0.0000
23.0141,coast,6.2800,0.0000,0.0000,0.0000
23.0191,coast,6.2800,0.0000,0.0000,0.0000
23.0241,coast,6.2800,0.0000,0.0000,0.0000
23.0293,coast,6.2800,0.0000,0.0000,0.0000
23.0345,coast,6.2800,0.0000,0.0000,0.0000
23.0395,coast,6.2800,0.0000,0.0000,0.0000
23.0444,coast,6.2800,0.0000,0.0000,0.0000
23.0494,coast,6.2800,0.0000,0.0000,0.0000
23.0545,coast,6.2800,0.0000,0.0000,0.0000
23.0594,coast,6.2800,0.0000,0.0000,0.0000
23.0644,coast,6.2800,0.0000,0.0000,0.0000
23.0694,coast,6.2800,0.0000,0.0000,0.0000
23.0744,coast,6.2800,0.0000,0.0000,0.0000
23.0793,coast,6.2800,0.0000,0.0000,0.0000
23.0843,coast,6.2800,0.0000,0.0000,0.0000
23.0893,coast,6.2800,0.0000,0.0000,0.0000
23.0944,coast,6.2800,0.0000,0.0000,0.0000
23.0994,coast,6.2800,0.0000,0.0000,0.0000
23.1042,coast,6.2800,0.0000,0.0000,0.0000
23.1091,coast,6.2800,0.0000,0.0000,0.0000
23.1141,coast,6.2800,0.0000,0.0000,0.0000
23.1192,coast,6.2800,0.0000,0.0000,0.0000
23.1242,coast,6.2800,0.0000,0.0000,0.0000
23.1292,coast,6.2800,0.0000,0.0000,0.0000
23.1342,coast,6.2800,0.0000,0.0000,0.0000
23.1391,coast,6.2800,0.0000,0.0000,0.0000
23.1441,coast,6.2800,0.0000,0.0000,0.0000
23.1491,coast,6.2800,0.0000,0.0000,0.0000
23.1542,coast,6.2800,0.0000,0.0000,0.0000
23.1593,coast,6.2800,0.0000,0.0000,0.0000
23.1642,coast,6.2800,0.0000,0.0000,0.0000
23.1691,coast,6.2800,0.0000,0.0000,0.0000
23.1741,coast,6.2800,0.0000,0.0000,0.0000
23.1793,coast,6.2800,0.0000,0.0000,0.0000
23.1842,coast,6.2800,0.0000,0.0000,0.0000
23.1891,coast,6.2800,0.0000,0.0000,0.0000
23.1941,coast,6.2800,0.0000,0.0000,0.0000
23.1992,coast,6.2800,0.0000,0.0000,0.0000
23.2042,coast,6.2800,0.0000,0.0000,0.0000
23.2092,coast,6.2800,0.0000,0.0000,0.0000
23.2141,coast,6.2800,0.0000,0.0000,0.0000
23.2191,coast,6.2800,0.0000,0.0000,0.0000
23.2242,coast,6.2800,0.0000,0.0000,0.0000
23.2293,coast,6.2800,0.0000,0.0000,0.0000
23.2343,coast,6.2800,0.0000,0.0000,0.0000
23.2394,coast,6.2800,0.0000,0.0000,0.0000
23.2441,coast,6.2800,0.0000,0.0000,0.0000
23.2492,coast,6.2800,0.0000,0.0000,0.0000
23.2541,coast,6.2800,0.0000,0.0000,0.0000
23.2591,coast,6.2800,0.0000,0.0000,0.0000
23.2641,coast,6.2800,0.0000,0.0000,0.0000
23.2691,coast,6.2800,0.0000,0.0000,0.0000
23.2746,coast,6.2800,0.0000,0.0000,0.0000
23.2793,coast,6.2800,0.0000,0.0000,0.0000
23.2841,coast,6.2800,0.0000,0.0000,0.0000
23.2890,coast,6.2800,0.0000,0.0000,0.0000
23.2941,coast,6.2800,0.0000,0.0000,0.0000
23.2993,coast,6.2800,0.0000,0.0000,0.0000
23.3042,coast,6.2800,0.0000,0.0000,0.0000
23.3092,coast,6.2800,0.0000,0.0000,0.0000
23.3144,coast,6.2800,0.0000,0.0000,0.0000
23.3192,coast,6.2800,0.0000,0.0000,0.0000
23.3241,coast,6.2800,0.0000,0.0000,0.0000
23.3292,coast,6.2800,0.0000,0.0000,0.0000
23.3347,coast,6.2800,0.0000,0.0000,0.0000
23.3396,coast,6.2800,0.0000,0.0000,0.0000
23.3442,coast,6.2800,0.0000,0.0000,0.0000
23.3493,coast,6.2800,0.0000,0.0000,0.0000
23.3542,coast,6.2800,0.0000,0.0000,0.0000
23.3592,coast,6.2800,0.0000,0.0000,0.0000
23.3643,coast,6.2800,0.0000,0.0000,0.0000
23.3691,coast,6.2800,0.0000,0.0000,0.0000
23.3741,coast,6.2800,0.0000,0.0000,0.0000
23.3792,coast,6.2800,0.0000,0.0000,0.0000
23.3841,coast,6.2800,0.0000,0.0000,0.0000
23.3892,coast,6.2800,0.0000,0.0000,0.0000
23.3943,coast,6.2800,0.0000,0.0000,0.0000
23.3997,coast,6.2800,0.0000,0.0000,0.0000
23.4044,coast,6.2800,0.0000,0.0000,0.0000
23.4095,coast,6.2800,0.0000,0.0000,0.0000
23.4144,coast,6.2800,0.0000,0.0000,0.0000
23.4193,coast,6.2800,0.0000,0.0000,0.0000
23.4243,coast,6.2800,0.0000,0.0000,0.0000
23.4290,coast,6.2800,0.0000,0.0000,0.0000
23.4340,coast,6.2800,0.0000,0.0000,0.0000
23.4392,coast,6.2800,0.0000,0.0000,0.0000
23.4444,coast,6.2800,0.0000,0.0000,0.0000
23.4492,coast,6.2800,0.0000,0.0000,0.0000
23.4542,coast,6.2800,0.0000,0.0000,0.0000
23.4592,coast,6.2800,0.0000,0.0000,0.0000
23.4641,coast,6.2800,0.0000,0.0000,0.0000
23.4691,coast,6.2800,0.0000,0.0000,0.0000
23.4741,coast,6.2800,0.0000,0.0000,0.0000
23.4793,coast,6.2800,0.0000,0.0000,0.0000
23.4842,coast,6.2800,0.0000,0.0000,0.0000
23.4892,coast,6.2800,0.0000,0.0000,0.0000
23.4941,coast,6.2800,0.0000,0.0000,0.0000
23.4992,coast,6.2800,0.0000,0.0000,0.0000
23.5041,coast,6.2800,0.0000,0.0000,0.0000
23.5092,coast,6.2800,0.0000,0.0000,0.0000
23.5141,coast,6.2800,0.0000,0.0000,0.0000
23.5192,coast,6.2800,0.0000,0.0000,0.0000
23.5242,coast,6.2800,0.0000,0.0000,0.0000
23.5294,coast,6.2800,0.0000,0.0000,0.0000
23.5342,coast,6.2800,0.0000,0.0000,0.0000
23.5391,coast,6.2800,0.0000,0.0000,0.0000
23.5442,coast,6.2800,0.0000,0.0000,0.0000
23.5493,coast,6.2800,0.0000,0.0000,0.0000
23.5542,coast,6.2800,0.0000,0.0000,0.0000
23.5592,coast,6.2800,0.0000,0.0000,0.0000
23.5641,coast,6.2800,0.0000,0.0000,0.0000
23.5691,coast,6.2800,0.0000,0.0000,0.0000
23.5742,coast,6.2800,0.0000,0.0000,0.0000
23.5792,coast,6.2800,0.0000,0.0000,0.0000
23.5841,coast,6.2800,0.0000,0.0000,0.0000
23.5892,coast,6.2800,0.0000,0.0000,0.0000
23.5943,coast,6.2800,0.0000,0.0000,0.0000
23.5992,coast,6.2800,0.0000,0.0000,0.0000
23.6041,coast,6.2800,0.0000,0.0000,0.0000
23.6092,coast,6.2800,0.0000,0.0000,0.0000
23.6142,coast,6.2800,0.0000,0.0000,0.0000
23.6193,coast,6.2800,0.0000,0.0000,0.0000
23.6242,coast,6.2800,0.0000,0.0000,0.0000
23.6293,coast,6.2800,0.0000,0.0000,0.0000
23.6341,coast,6.2800,0.0000,0.0000,0.0000
23.6391,coast,6.2800,0.0000,0.0000,0.0000
23.6441,coast,6.2800,0.0000,0.0000,0.0000
23.6492,coast,6.2800,0.0000,0.0000,0.0000
23.6542,coast,6.2800,0.0000,0.0000,0.0000
23.6592,coast,6.2800,0.0000,0.0000,0.0000
23.6641,coast,6.2800,0.0000,0.0000,0.0000
23.6691,coast,6.2800,0.0000,0.0000,0.0000
23.6741,coast,6.2800,0.0000,0.0000,0.0000
23.6791,coast,6.2800,0.0000,0.0000,0.0000
23.6842,coast,6.2800,0.0000,0.0000,0.0000
23.6892,coast,6.2800,0.0000,0.0000,0.0000
23.6941,coast,6.2800,0.0000,0.0000,0.0000
23.6992,coast,6.2800,0.0000,0.0000,0.0000
23.7042,coast,6.2800,0.0000,0.0000,0.0000
23.7091,coast,6.2800,0.0000,0.0000,0.0000
23.7141,coast,6.2800,0.0000,0.0000,0.0000
23.7191,coast,6.2800,0.0000,0.0000,0.0000
23.7243,coast,6.2800,0.0000,0.0000,0.0000
23.7292,coast,6.2800,0.0000,0.0000,0.0000
23.7342,coast,6.2800,0.0000,0.0000,0.0000
23.7391,coast,6.2800,0.0000,0.0000,0.0000
23.7443,coast,6.2800,0.0000,0.0000,0.0000
23.7492,coast,6.2800,0.0000,0.0000,0.0000
23.7544,coast,6.2800,0.0000,0.0000,0.0000
23.7592,coast,6.2800,0.0000,0.0000,0.0000
23.7642,coast,6.2800,0.0000,0.0000,0.0000
23.7691,coast,6.2800,0.0000,0.0000,0.0000
23.7741,coast,6.2800,0.0000,0.0000,0.0000
23.7791,coast,6.2800,0.0000,0.0000,0.0000
23.7842,coast,6.2800,0.0000,0.0000,0.0000
23.7892,coast,6.2800,0.0000,0.0000,0.0000
23.7942,coast,6.2800,0.0000,0.0000,0.0000
23.7991,coast,6.2800,0.0000,0.0000,0.0000
23.8041,coast,6.2800,0.0000,0.0000,0.0000
23.8091,coast,6.2800,0.0000,0.0000,0.0000
23.8141,coast,6.2800,0.0000,0.0000,0.0000
23.8192,coast,6.2800,0.0000,0.0000,0.0000
23.8243,coast,6.2800,0.0000,0.0000,0.0000
23.8292,coast,6.2800,0.0000,0.0000,0.0000
23.8342,coast,6.2800,0.0000,0.0000,0.0000
23.8391,coast,6.2800,0.0000,0.0000,0.0000
23.8441,coast,6.2800,0.0000,0.0000,0.0000
23.8492,coast,6.2800,0.0000,0.0000,0.0000
23.8541,coast,6.2800,0.0000,0.0000,0.0000
23.8593,coast,6.2800,0.0000,0.0000,0.0000
23.8642,coast,6.2800,0.0000,0.0000,0.0000
23.8692,coast,6.2800,0.0000,0.0000,0.0000
23.8741,coast,6.2800,0.0000,0.0000,0.0000
23.8792,coast,6.2800,0.0000,0.0000,0.0000
23.8842,coast,6.2800,0.0000,0.0000,0.0000
23.8892,coast,6.2800,0.0000,0.0000,0.0000
23.8942,coast,6.2800,0.0000,0.0000,0.0000
23.8992,coast,6.2800,0.0000,0.0000,0.0000
23.9042,coast,6.2800,0.0000,0.0000,0.0000
23.9092,coast,6.2800,0.0000,0.0000,0.0000
23.9141,coast,6.2800,0.0000,0.0000,0.0000
23.9193,coast,6.2800,0.0000,0.0000,0.0000
23.9242,coast,6.2800,0.0000,0.0000,0.0000
23.9293,coast,6.2800,0.0000,0.0000,0.0000
23.9341,coast,6.2800,0.0000,0.0000,0.0000
23.9392,coast,6.2800,0.0000,0.0000,0.0000
23.9442,coast,6.2800,0.0000,0.0000,0.0000
23.9492,coast,6.2800,0.0000,0.0000,0.0000
23.9542,coast,6.2800,0.0000,0.0000,0.0000
23.9593,coast,6.2800,0.0000,0.0000,0.0000
23.9642,coast,6.2800,0.0000,0.0000,0.0000
23.9691,coast,6.2800,0.0000,0.0000,0.0000
23.9741,coast,6.2800,0.0000,0.0000,0.0000
23.9791,coast,6.2800,0.0000,0.0000,0.0000
23.9843,coast,6.2800,0.0000,0.0000,0.0000
23.9892,coast,6.2800,0.0000,0.0000,0.0000
23.9941,coast,6.2800,0.0000,0.0000,0.0000
23.9991,coast,6.2800,0.0000,0.0000,0.0000
24.0041,coast,6.2800,0.0000,0.0000,0.0000
24.0091,coast,6.2800,0.0000,0.0000,0.0000
24.0142,coast,6.2800,0.0000,0.0000,0.0000
24.0192,coast,6.2800,0.0000,0.0000,0.0000
24.0242,coast,6.2800,0.0000,0.0000,0.0000
24.0291,coast,6.2800,0.0000,0.0000,0.0000
24.0341,coast,6.2800,0.0000,0.0000,0.0000
24.0391,coast,6.2800,0.0000,0.0000,0.0000
24.0441,coast,6.2800,0.0000,0.0000,0.0000
24.0492,coast,6.2800,0.0000,0.0000,0.0000
24.0542,coast,6.2800,0.0000,0.0000,0.0000
24.0592,coast,6.2800,0.0000,0.0000,0.0000
24.0642,coast,6.2800,0.0000,0.0000,0.0000
24.0691,coast,6.2800,0.0000,0.0000,0.0000
24.0741,coast,6.2800,0.0000,0.0000,0.0000
24.0792,coast,6.2800,0.0000,0.0000,0.0000
24.0844,coast,6.2800,0.0000,0.0000,0.0000
24.0891,coast,6.2800,0.0000,0.0000,0.0000
24.0942,coast,6.2800,0.0000,0.0000,0.0000
24.0992,coast,6.2800,0.0000,0.0000,0.0000
24.1045,coast,6.2800,0.0000,0.0000,0.0000
24.1095,coast,6.2800,0.0000,0.0000,0.0000
24.1146,coast,6.2800,0.0000,0.0000,0.0000
24.1193,coast,6.2800,0.0000,0.0000,0.0000
24.1244,coast,6.2800,0.0000,0.0000,0.0000
24.1294,coast,6.2800,0.0000,0.0000,0.0000
24.1343,coast,6.2800,0.0000,0.0000,0.0000
24.1393,coast,6.2800,0.0000,0.0000,0.0000
24.1445,coast,6.2800,0.0000,0.0000,0.0000
24.1494,coast,6.2800,0.0000,0.0000,0.0000
24.1544,coast,6.2800,0.0000,0.0000,0.0000
24.1593,coast,6.2800,0.0000,0.0000,0.0000
24.1644,coast,6.2800,0.0000,0.0000,0.0000
24.1692,coast,6.2800,0.0000,0.0000,0.0000
24.1741,coast,6.2800,0.0000,0.0000,0.0000
24.1792,coast,6.2800,0.0000,0.0000,0.0000
24.1841,coast,6.2800,0.0000,0.0000,0.0000
24.1892,coast,6.2800,0.0000,0.0000,0.0000
24.1942,coast,6.2800,0.0000,0.0000,0.0000
24.1991,coast,6.2800,0.0000,0.0000,0.0000
24.2041,coast,6.2800,0.0000,0.0000,0.0000
24.2092,coast,6.2800,0.0000,0.0000,0.0000
24.2143,coast,6.2800,0.0000,0.0000,0.0000
24.2192,coast,6.2800,0.0000,0.0000,0.0000
24.2242,coast,6.2800,0.0000,0.0000,0.0000
24.2290,coast,6.2800,0.0000,0.0000,0.0000
24.2341,coast,6.2800,0.0000,0.0000,0.0000
24.2392,coast,6.2800,0.0000,0.0000,0.0000
24.2442,coast,6.2800,0.0000,0.0000,0.0000
24.2492,coast,6.2800,0.0000,0.0000,0.0000
24.2544,coast,6.2800,0.0000,0.0000,0.0000
24.2592,coast,6.2800,0.0000,0.0000,0.0000
24.2640,coast,6.2800,0.0000,0.0000,0.0000
24.2692,coast,6.2800,0.0000,0.0000,0.0000
24.2743,coast,6.2800,0.0000,0.0000,0.0000
24.2792,coast,6.2800,0.0000,0.0000,0.0000
24.2841,coast,6.2800,0.0000,0.0000,0.0000
24.2891,coast,6.2800,0.0000,0.0000,0.0000
24.2945,coast,6.2800,0.0000,0.0000,0.0000
24.2993,coast,6.2800,0.0000,0.0000,0.0000
24.3043,coast,6.2800,0.0000,0.0000,0.0000
24.3094,coast,6.2800,0.0000,0.0000,0.0000
24.3142,coast,6.2800,0.0000,0.0000,0.0000
24.3191,coast,6.2800,0.0000,0.0000,0.0000
24.3244,coast,6.2800,0.0000,0.0000,0.0000
24.3293,coast,6.2800,0.0000,0.0000,0.0000
24.3342,coast,6.2800,0.0000,0.0000,0.0000
24.3392,coast,6.2800,0.0000,0.0000,0.0000
24.3441,coast,6.2800,0.0000,0.0000,0.0000
24.3492,coast,6.2800,0.0000,0.0000,0.0000
24.3542,coast,6.2800,0.0000,0.0000,0.0000
24.3592,coast,6.2800,0.0000,0.0000,0.0000
24.3642,coast,6.2800,0.0000,0.0000,0.0000
24.3693,coast,6.2800,0.0000,0.0000,0.0000
24.3741,coast,6.2800,0.0000,0.0000,0.0000
24.3791,coast,6.2800,0.0000,0.0000,0.0000
24.3842,coast,6.2800,0.0000,0.0000,0.0000
24.3892,coast,6.2800,0.0000,0.0000,0.0000
24.3942,coast,6.2800,0.0000,0.0000,0.0000
24.3992,coast,6.2800,0.0000,0.0000,0.0000
24.4042,coast,6.2800,0.0000,0.0000,0.0000
24.4091,coast,6.2800,0.0000,0.0000,0.0000
24.4142,coast,6.2800,0.0000,0.0000,0.0000
24.4192,coast,6.2800,0.0000,0.0000,0.0000
24.4242,coast,6.2800,0.0000,0.0000,0.0000
24.4294,coast,6.2800,0.0000,0.0000,0.0000
24.4342,coast,6.2800,0.0000,0.0000,0.0000
24.4392,coast,6.2800,0.0000,0.0000,0.0000
24.4442,coast,6.2800,0.0000,0.0000,0.0000
24.4491,coast,6.2800,0.0000,0.0000,0.0000
24.4542,coast,6.2800,0.0000,0.0000,0.0000
24.4592,coast,6.2800,0.0000,0.0000,0.0000
24.4642,coast,6.2800,0.0000,0.0000,0.0000
24.4692,coast,6.2800,0.0000,0.0000,0.0000
24.4741,coast,6.2800,0.0000,0.0000,0.0000
24.4791,coast,6.2800,0.0000,0.0000,0.0000
24.4841,coast,6.2800,0.0000,0.0000,0.0000
24.4891,coast,6.2800,0.0000,0.0000,0.0000
24.4942,coast,6.2800,0.0000,0.0000,0.0000
24.4993,coast,6.2800,0.0000,0.0000,0.0000
24.5042,coast,6.2800,0.0000,0.0000,0.0000
24.5091,coast,6.2800,0.0000,0.0000,0.0000
24.5142,coast,6.2800,0.0000,0.0000,0.0000
24.5193,coast,6.2800,0.0000,0.0000,0.0000
24.5242,coast,6.2800,0.0000,0.0000,0.0000
24.5292,coast,6.2800,0.0000,0.0000,0.0000
24.5341,coast,6.2800,0.0000,0.0000,0.0000
24.5391,coast,6.2800,0.0000,0.0000,0.0000
24.5442,coast,6.2800,0.0000,0.0000,0.0000
24.5492,coast,6.2800,0.0000,0.0000,0.0000
24.5544,coast,6.2800,0.0000,0.0000,0.0000
24.5592,coast,6.2800,0.0000,0.0000,0.0000
24.5642,coast,6.2800,0.0000,0.0000,0.0000
24.5691,coast,6.2800,0.0000,0.0000,0.0000
24.5742,coast,6.2800,0.0000,0.0000,0.0000
24.5791,coast,6.2800,0.0000,0.0000,0.0000
24.5842,coast,6.2800,0.0000,0.0000,0.0000
24.5892,coast,6.2800,0.0000,0.0000,0.0000
24.5941,coast,6.2800,0.0000,0.0000,0.0000
24.5991,coast,6.2800,0.0000,0.0000,0.0000
24.6041,coast,6.2800,0.0000,0.0000,0.0000
24.6094,coast,6.2800,0.0000,0.0000,0.0000
24.6144,coast,6.2800,0.0000,0.0000,0.0000
24.6191,coast,6.2800,0.0000,0.0000,0.0000
24.6241,coast,6.2800,0.0000,0.0000,0.0000
24.6291,coast,6.2800,0.0000,0.0000,0.0000
24.6341,coast,6.2800,0.0000,0.0000,0.0000
24.6392,coast,6.2800,0.0000,0.0000,0.0000
24.6442,coast,6.2800,0.0000,0.0000,0.0000
24.6492,coast,6.2800,0.0000,0.0000,0.0000
24.6542,coast,6.2800,0.0000,0.0000,0.0000
24.6591,coast,6.2800,0.0000,0.0000,0.0000
24.6642,coast,6.2800,0.0000,0.0000,0.0000
24.6692,coast,6.2800,0.0000,0.0000,0.0000
24.6742,coast,6.2800,0.0000,0.0000,0.0000
24.6792,coast,6.2800,0.0000,0.0000,0.0000
24.6842,coast,6.2800,0.0000,0.0000,0.0000
24.6891,coast,6.2800,0.0000,0.0000,0.0000
24.6942,coast,6.2800,0.0000,0.0000,0.0000
24.6993,coast,6.2800,0.0000,0.0000,0.0000
24.7041,coast,6.2800,0.0000,0.0000,0.0000
24.7091,coast,6.2800,0.0000,0.0000,0.0000
24.7142,coast,6.2800,0.0000,0.0000,0.0000
24.7192,coast,6.2800,0.0000,0.0000,0.0000
24.7242,coast,6.2800,0.0000,0.0000,0.0000
24.7293,coast,6.2800,0.0000,0.0000,0.0000
24.7341,coast,6.2800,0.0000,0.0000,0.0000
24.7392,coast,6.2800,0.0000,0.0000,0.0000
24.7443,coast,6.2800,0.0000,0.0000,0.0000
24.7493,coast,6.2800,0.0000,0.0000,0.0000
24.7542,coast,6.2800,0.0000,0.0000,0.0000
24.7591,coast,6.2800,0.0000,0.0000,0.0000
24.7641,coast,6.2800,0.0000,0.0000,0.0000
24.7691,coast,6.2800,0.0000,0.0000,0.0000
24.7743,coast,6.2800,0.0000,0.0000,0.0000
24.7791,coast,6.2800,0.0000,0.0000,0.0000
24.7841,coast,6.2800,0.0000,0.0000,0.0000
24.7892,coast,6.2800,0.0000,0.0000,0.0000
24.7942,coast,6.2800,0.0000,0.0000,0.0000
24.7992,coast,6.2800,0.0000,0.0000,0.0000
24.8041,coast,6.2800,0.0000,0.0000,0.0000
24.8092,coast,6.2800,0.0000,0.0000,0.0000
24.8141,coast,6.2800,0.0000,0.0000,0.0000
24.8191,coast,6.2800,0.0000,0.0000,0.0000
24.8242,coast,6.2800,0.0000,0.0000,0.0000
24.8292,coast,6.2800,0.0000,0.0000,0.0000
24.8342,coast,6.2800,0.0000,0.0000,0.0000
24.8392,coast,6.2800,0.0000,0.0000,0.0000
24.8441,coast,6.2800,0.0000,0.0000,0.0000
24.8491,coast,6.2800,0.0000,0.0000,0.0000
24.8542,coast,6.2800,0.0000,0.0000,0.0000
24.8592,coast,6.2800,0.0000,0.0000,0.0000
24.8642,coast,6.2800,0.0000,0.0000,0.0000
24.8691,coast,6.2800,0.0000,0.0000,0.0000
24.8741,coast,6.2800,0.0000,0.0000,0.0000
24.8791,coast,6.2800,0.0000,0.0000,0.0000
24.8842,coast,6.2800,0.0000,0.0000,0.0000
24.8892,coast,6.2800,0.0000,0.0000,0.0000
24.8943,coast,6.2800,0.0000,0.0000,0.0000
24.8993,coast,6.2800,0.0000,0.0000,0.0000
24.9044,coast,6.2800,0.0000,0.0000,0.0000
24.9091,coast,6.2800,0.0000,0.0000,0.0000
24.9141,coast,6.2800,0.0000,0.0000,0.0000
24.9191,coast,6.2800,0.0000,0.0000,0.0000
24.9242,coast,6.2800,0.0000,0.0000,0.0000
24.9293,coast,6.2800,0.0000,0.0000,0.0000
24.9342,coast,6.2800,0.0000,0.0000,0.0000
24.9391,coast,6.2800,0.0000,0.0000,0.0000
24.9441,coast,6.2800,0.0000,0.0000,0.0000
24.9491,coast,6.2800,0.0000,0.0000,0.0000
24.9541,coast,6.2800,0.0000,0.0000,0.0000
24.9592,coast,6.2800,0.0000,0.0000,0.0000
24.9642,coast,6.2800,0.0000,0.0000,0.0000
24.9692,coast,6.2800,0.0000,0.0000,0.0000
24.9742,coast,6.2800,0.0000,0.0000,0.0000
24.9791,coast,6.2800,0.0000,0.0000,0.0000
24.9841,coast,6.2800,0.0000,0.0000,0.0000
24.9891,coast,6.2800,0.0000,0.0000,0.0000
24.9941,coast,6.2800,0.0000,0.0000,0.0000
24.9991,coast,6.2800,0.0000,0.0000,0.0000
25.0042,coast,6.2800,0.0000,0.0000,0.0000
25.0092,coast,6.2800,0.0000,0.0000,0.0000
25.0141,coast,6.2800,0.0000,0.0000,0.0000
25.0192,coast,6.2800,0.0000,0.0000,0.0000
25.0242,coast,6.2800,0.0000,0.0000,0.0000
25.0291,coast,6.2800,0.0000,0.0000,0.0000
25.0341,coast,6.2800,0.0000,0.0000,0.0000
25.0393,coast,6.2800,0.0000,0.0000,0.0000
25.0442,coast,6.2800,0.0000,0.0000,0.0000
25.0493,coast,6.2800,0.0000,0.0000,0.0000
25.0543,coast,6.2800,0.0000,0.0000,0.0000
25.0593,coast,6.2800,0.0000,0.0000,0.0000
25.0640,coast,6.2800,0.0000,0.0000,0.0000
25.0691,coast,6.2800,0.0000,0.0000,0.0000
25.0742,coast,6.2800,0.0000,0.0000,0.0000
25.0793,coast,6.2800,0.0000,0.0000,0.0000
25.0841,coast,6.2800,0.0000,0.0000,0.0000
25.0892,coast,6.2800,0.0000,0.0000,0.0000
25.0941,coast,6.2800,0.0000,0.0000,0.0000
25.0992,coast,6.2800,0.0000,0.0000,0.0000
25.1041,coast,6.2800,0.0000,0.0000,0.0000
25.1091,coast,6.2800,0.0000,0.0000,0.0000
25.1143,coast,6.2800,0.0000,0.0000,0.0000
25.1192,coast,6.2800,0.0000,0.0000,0.0000
25.1241,coast,6.2800,0.0000,0.0000,0.0000
25.1291,coast,6.2800,0.0000,0.0000,0.0000
25.1342,coast,6.2800,0.0000,0.0000,0.0000
25.1391,coast,6.2800,0.0000,0.0000,0.0000
25.1442,coast,6.2800,0.0000,0.0000,0.0000
25.1492,coast,6.2800,0.0000,0.0000,0.0000
25.1541,coast,6.2800,0.0000,0.0000,0.0000
25.1591,coast,6.2800,0.0000,0.0000,0.0000
25.1642,coast,6.2800,0.0000,0.0000,0.0000
25.1692,coast,6.2800,0.0000,0.0000,0.0000
25.1742,coast,6.2800,0.0000,0.0000,0.0000
25.1791,coast,6.2800,0.0000,0.0000,0.0000
25.1841,coast,6.2800,0.0000,0.0000,0.0000
25.1892,coast,6.2800,0.0000,0.0000,0.0000
25.1943,coast,6.2800,0.0000,0.0000,0.0000
25.1993,coast,6.2800,0.0000,0.0000,0.0000
25.2042,coast,6.2800,0.0000,0.0000,0.0000
25.2091,coast,6.2800,0.0000,0.0000,0.0000
25.2141,coast,6.2800,0.0000,0.0000,0.0000
25.2192,coast,6.2800,0.0000,0.0000,0.0000
25.2242,coast,6.2800,0.0000,0.0000,0.0000
25.2291,coast,6.2800,0.0000,0.0000,0.0000
25.2343,coast,6.2800,0.0000,0.0000,0.0000
25.2393,coast,6.2800,0.0000,0.0000,0.0000
25.2443,coast,6.2800,0.0000,0.0000,0.0000
25.2491,coast,6.2800,0.0000,0.0000,0.0000
25.2542,coast,6.2800,0.0000,0.0000,0.0000
25.2591,coast,6.2800,0.0000,0.0000,0.0000
25.2642,coast,6.2800,0.0000,0.0000,0.0000
25.2691,coast,6.2800,0.0000,0.0000,0.0000
25.2744,coast,6.2800,0.0000,0.0000,0.0000
25.2791,coast,6.2800,0.0000,0.0000,0.0000
25.2841,coast,6.2800,0.0000,0.0000,0.0000
25.2892,coast,6.2800,0.0000,0.0000,0.0000
25.2942,coast,6.2800,0.0000,0.0000,0.0000
25.2993,coast,6.2800,0.0000,0.0000,0.0000
25.3046,coast,6.2800,0.0000,0.0000,0.0000
25.3093,coast,6.2800,0.0000,0.0000,0.0000
25.3142,coast,6.2800,0.0000,0.0000,0.0000
25.3194,coast,6.2800,0.0000,0.0000,0.0000
25.3241,coast,6.2800,0.0000,0.0000,0.0000
25.3293,coast,6.2800,0.0000,0.0000,0.0000
25.3341,coast,6.2800,0.0000,0.0000,0.0000
25.3393,coast,6.2800,0.0000,0.0000,0.0000
25.3442,coast,6.2800,0.0000,0.0000,0.0000
25.3492,coast,6.2800,0.0000,0.0000,0.0000
25.3541,coast,6.2800,0.0000,0.0000,0.0000
25.3592,coast,6.2800,0.0000,0.0000,0.0000
25.3643,coast,6.2800,0.0000,0.0000,0.0000
25.3693,coast,6.2800,0.0000,0.0000,0.0000
25.3741,coast,6.2800,0.0000,0.0000,0.0000
25.3792,coast,6.2800,0.0000,0.0000,0.0000
25.3842,coast,6.2800,0.0000,0.0000,0.0000
25.3892,coast,6.2800,0.0000,0.0000,0.0000
25.3941,coast,6.2800,0.0000,0.0000,0.0000
25.3992,coast,6.2800,0.0000,0.0000,0.0000
25.4042,coast,6.2800,0.0000,0.0000,0.0000
25.4092,coast,6.2800,0.0000,0.0000,0.0000
25.4142,coast,6.2800,0.0000,0.0000,0.0000
25.4192,coast,6.2800,0.0000,0.0000,0.0000
25.4242,coast,6.2800,0.0000,0.0000,0.0000
25.4292,coast,6.2800,0.0000,0.0000,0.0000
25.4342,coast,6.2800,0.0000,0.0000,0.0000
25.4392,coast,6.2800,0.0000,0.0000,0.0000
25.4441,coast,6.2800,0.0000,0.0000,0.0000
25.4492,coast,6.2800,0.0000,0.0000,0.0000
25.4542,coast,6.2800,0.0000,0.0000,0.0000
25.4592,coast,6.2800,0.0000,0.0000,0.0000
25.4641,coast,6.2800,0.0000,0.0000,0.0000
25.4692,coast,6.2800,0.0000,0.0000,0.0000
25.4742,coast,6.2800,0.0000,0.0000,0.0000
25.4791,coast,6.2800,0.0000,0.0000,0.0000
25.4842,coast,6.2800,0.0000,0.0000,0.0000
25.4892,coast,6.2800,0.0000,0.0000,0.0000
25.4941,coast,6.2800,0.0000,0.0000,0.0000
25.4992,coast,6.2800,0.0000,0.0000,0.0000
25.5042,coast,6.2800,0.0000,0.0000,0.0000
25.5091,coast,6.2800,0.0000,0.0000,0.0000
25.5141,coast,6.2800,0.0000,0.0000,0.0000
25.5193,coast,6.2800,0.0000,0.0000,0.0000
25.5243,coast,6.2800,0.0000,0.0000,0.0000
25.5291,coast,6.2800,0.0000,0.0000,0.0000
25.5342,coast,6.2800,0.0000,0.0000,0.0000
25.5392,coast,6.2800,0.0000,0.0000,0.0000
25.5443,coast,6.2800,0.0000,0.0000,0.0000
25.5492,coast,6.2800,0.0000,0.0000,0.0000
25.5542,coast,6.2800,0.0000,0.0000,0.0000
25.5592,coast,6.2800,0.0000,0.0000,0.0000
25.5642,coast,6.2800,0.0000,0.0000,0.0000
25.5691,coast,6.2800,0.0000,0.0000,0.0000
25.5742,coast,6.2800,0.0000,0.0000,0.0000
25.5792,coast,6.2800,0.0000,0.0000,0.0000
25.5842,coast,6.2800,0.0000,0.0000,0.0000
25.5892,coast,6.2800,0.0000,0.0000,0.0000
25.5942,coast,6.2800,0.0000,0.0000,0.0000
25.5992,coast,6.2800,0.0000,0.0000,0.0000
25.6041,coast,6.2800,0.0000,0.0000,0.0000
25.6092,coast,6.2800,0.0000,0.0000,0.0000
25.6141,coast,6.2800,0.0000,0.0000,0.0000
25.6191,coast,6.2800,0.0000,0.0000,0.0000
25.6241,coast,6.2800,0.0000,0.0000,0.0000
25.6292,coast,6.2800,0.0000,0.0000,0.0000
25.6342,coast,6.2800,0.0000,0.0000,0.0000
25.6391,coast,6.2800,0.0000,0.0000,0.0000
25.6442,coast,6.2800,0.0000,0.0000,0.0000
25.6492,coast,6.2800,0.0000,0.0000,0.0000
25.6542,coast,6.2800,0.0000,0.0000,0.0000
25.6592,coast,6.2800,0.0000,0.0000,0.0000
25.6642,coast,6.2800,0.0000,0.0000,0.0000
25.6692,coast,6.2800,0.0000,0.0000,0.0000
25.6742,coast,6.2800,0.0000,0.0000,0.0000
25.6793,coast,6.2800,0.0000,0.0000,0.0000
25.6842,coast,6.2800,0.0000,0.0000,0.0000
25.6892,coast,6.2800,0.0000,0.0000,0.0000
25.6942,coast,6.2800,0.0000,0.0000,0.0000
25.6993,coast,6.2800,0.0000,0.0000,0.0000
25.7042,coast,6.2800,0.0000,0.0000,0.0000
25.7091,coast,6.2800,0.0000,0.0000,0.0000
25.7141,coast,6.2800,0.0000,0.0000,0.0000
25.7192,coast,6.2800,0.0000,0.0000,0.0000
25.7242,coast,6.2800,0.0000,0.0000,0.0000
25.7292,coast,6.2800,0.0000,0.0000,0.0000
25.7341,coast,6.2800,0.0000,0.0000,0.0000
25.7392,coast,6.2800,0.0000,0.0000,0.0000
25.7441,coast,6.2800,0.0000,0.0000,0.0000
25.7492,coast,6.2800,0.0000,0.0000,0.0000
25.7542,coast,6.2800,0.0000,0.0000,0.0000
25.7592,coast,6.2800,0.0000,0.0000,0.0000
25.7641,coast,6.2800,0.0000,0.0000,0.0000
25.7691,coast,6.2800,0.0000,0.0000,0.0000
25.7743,coast,6.2800,0.0000,0.0000,0.0000
25.7792,coast,6.2800,0.0000,0.0000,0.0000
25.7841,coast,6.2800,0.0000,0.0000,0.0000
25.7891,coast,6.2800,0.0000,0.0000,0.0000
25.7941,coast,6.2800,0.0000,0.0000,0.0000
25.7991,coast,6.2800,0.0000,0.0000,0.0000
25.8042,coast,6.2800,0.0000,0.0000,0.0000
25.8092,coast,6.2800,0.0000,0.0000,0.0000
25.8142,coast,6.2800,0.0000,0.0000,0.0000
25.8191,coast,6.2800,0.0000,0.0000,0.0000
25.8241,coast,6.2800,0.0000,0.0000,0.0000
25.8291,coast,6.2800,0.0000,0.0000,0.0000
25.8343,coast,6.2800,0.0000,0.0000,0.0000
25.8392,coast,6.2800,0.0000,0.0000,0.0000
25.8441,coast,6.2800,0.0000,0.0000,0.0000
25.8491,coast,6.2800,0.0000,0.0000,0.0000
25.8541,coast,6.2800,0.0000,0.0000,0.0000
25.8591,coast,6.2800,0.0000,0.0000,0.0000
25.8642,coast,6.2800,0.0000,0.0000,0.0000
25.8692,coast,6.2800,0.0000,0.0000,0.0000
25.8742,coast,6.2800,0.0000,0.0000,0.0000
25.8791,coast,6.2800,0.0000,0.0000,0.0000
25.8841,coast,6.2800,0.0000,0.0000,0.0000
25.8891,coast,6.2800,0.0000,0.0000,0.0000
25.8942,coast,6.2800,0.0000,0.0000,0.0000
25.8992,coast,6.2800,0.0000,0.0000,0.0000
25.9042,coast,6.2800,0.0000,0.0000,0.0000
25.9091,coast,6.2800,0.0000,0.0000,0.0000
25.9142,coast,6.2800,0.0000,0.0000,0.0000
25.9192,coast,6.2800,0.0000,0.0000,0.0000
25.9241,coast,6.2800,0.0000,0.0000,0.0000
25.9291,coast,6.2800,0.0000,0.0000,0.0000
25.9341,coast,6.2800,0.0000,0.0000,0.0000
25.9392,coast,6.2800,0.0000,0.0000,0.0000
25.9442,coast,6.2800,0.0000,0.0000,0.0000
25.9492,coast,6.2800,0.0000,0.0000,0.0000
25.9542,coast,6.2800,0.0000,0.0000,0.0000
25.9592,coast,6.2800,0.0000,0.0000,0.0000
25.9641,coast,6.2800,0.0000,0.0000,0.0000
25.9691,coast,6.2800,0.0000,0.0000,0.0000
25.9741,coast,6.2800,0.0000,0.0000,0.0000
25.9793,coast,6.2800,0.0000,0.0000,0.0000
25.9842,coast,6.2800,0.0000,0.0000,0.0000
25.9892,coast,6.2800,0.0000,0.0000,0.0000
25.9941,coast,6.2800,0.0000,0.0000,0.0000
25.9992,coast,6.2800,0.0000,0.0000,0.0000
26.0043,coast,6.2800,0.0000,0.0000,0.0000
26.0095,coast,6.2800,0.0000,0.0000,0.0000
26.0141,coast,6.2800,0.0000,0.0000,0.0000
26.0192,coast,6.2800,0.0000,0.0000,0.0000
26.0241,coast,6.2800,0.0000,0.0000,0.0000
26.0292,coast,6.2800,0.0000,0.0000,0.0000
26.0342,coast,6.2800,0.0000,0.0000,0.0000
26.0391,coast,6.2800,0.0000,0.0000,0.0000
26.0442,coast,6.2800,0.0000,0.0000,0.0000
26.0491,coast,6.2800,0.0000,0.0000,0.0000
26.0542,coast,6.2800,0.0000,0.0000,0.0000
26.0591,coast,6.2800,0.0000,0.0000,0.0000
26.0643,coast,6.2800,0.0000,0.0000,0.0000
26.0692,coast,6.2800,0.0000,0.0000,0.0000
26.0742,coast,6.2800,0.0000,0.0000,0.0000
26.0792,coast,6.2800,0.0000,0.0000,0.0000
26.0841,coast,6.2800,0.0000,0.0000,0.0000
26.0892,coast,6.2800,0.0000,0.0000,0.0000
26.0946,coast,6.2800,0.0000,0.0000,0.0000
26.0992,coast,6.2800,0.0000,0.0000,0.0000
26.1041,coast,6.2800,0.0000,0.0000,0.0000
26.1092,coast,6.2800,0.0000,0.0000,0.0000
26.1142,coast,6.2800,0.0000,0.0000,0.0000
26.1192,coast,6.2800,0.0000,0.0000,0.0000
26.1241,coast,6.2800,0.0000,0.0000,0.0000
26.1292,coast,6.2800,0.0000,0.0000,0.0000
26.1343,coast,6.2800,0.0000,0.0000,0.0000
26.1392,coast,6.2800,0.0000,0.0000,0.0000
26.1442,coast,6.2800,0.0000,0.0000,0.0000
26.1491,coast,6.2800,0.0000,0.0000,0.0000
26.1542,coast,6.2800,0.0000,0.0000,0.0000
26.1592,coast,6.2800,0.0000,0.0000,0.0000
26.1641,coast,6.2800,0.0000,0.0000,0.0000
26.1692,coast,6.2800,0.0000,0.0000,0.0000
26.1742,coast,6.2800,0.0000,0.0000,0.0000
26.1793,coast,6.2800,0.0000,0.0000,0.0000
26.1841,coast,6.2800,0.0000,0.0000,0.0000
26.1892,coast,6.2800,0.0000,0.0000,0.0000
26.1942,coast,6.2800,0.0000,0.0000,0.0000
26.1992,coast,6.2800,0.0000,0.0000,0.0000
26.2042,coast,6.2800,0.0000,0.0000,0.0000
26.2091,coast,6.2800,0.0000,0.0000,0.0000
26.2143,coast,6.2800,0.0000,0.0000,0.0000
26.2193,coast,6.2800,0.0000,0.0000,0.0000
26.2243,coast,6.2800,0.0000,0.0000,0.0000
26.2291,coast,6.2800,0.0000,0.0000,0.0000
26.2343,coast,6.2800,0.0000,0.0000,0.0000
26.2392,coast,6.2800,0.0000,0.0000,0.0000
26.2442,coast,6.2800,0.0000,0.0000,0.0000
26.2492,coast,6.2800,0.0000,0.0000,0.0000
26.2544,coast,6.2800,0.0000,0.0000,0.0000
26.2592,coast,6.2800,0.0000,0.0000,0.0000
26.2641,coast,6.2800,0.0000,0.0000,0.0000
26.2692,coast,6.2800,0.0000,0.0000,0.0000
26.2744,coast,6.2800,0.0000,0.0000,0.0000
26.2792,coast,6.2800,0.0000,0.0000,0.0000
26.2842,coast,6.2800,0.0000,0.0000,0.0000
26.2891,coast,6.2800,0.0000,0.0000,0.0000
26.2941,coast,6.2800,0.0000,0.0000,0.0000
26.2992,coast,6.2800,0.0000,0.0000,0.0000
26.3042,coast,6.2800,0.0000,0.0000,0.0000
26.3092,coast,6.2800,0.0000,0.0000,0.0000
26.3142,coast,6.2800,0.0000,0.0000,0.0000
26.3194,coast,6.2800,0.0000,0.0000,0.0000
26.3246,coast,6.2800,0.0000,0.0000,0.0000
26.3294,coast,6.2800,0.0000,0.0000,0.0000
26.3341,coast,6.2800,0.0000,0.0000,0.0000
26.3394,coast,6.2800,0.0000,0.0000,0.0000
26.3442,coast,6.2800,0.0000,0.0000,0.0000
26.3492,coast,6.2800,0.0000,0.0000,0.0000
26.3541,coast,6.2800,0.0000,0.0000,0.0000
26.3593,coast,6.2800,0.0000,0.0000,0.0000
26.3642,coast,6.2800,0.0000,0.0000,0.0000
26.3692,coast,6.2800,0.0000,0.0000,0.0000
26.3741,coast,6.2800,0.0000,0.0000,0.0000
26.3792,coast,6.2800,0.0000,0.0000,0.0000
26.3842,coast,6.2800,0.0000,0.0000,0.0000
26.3891,coast,6.2800,0.0000,0.0000,0.0000
26.3941,coast,6.2800,0.0000,0.0000,0.0000
26.3992,coast,6.2800,0.0000,0.0000,0.0000
26.4042,coast,6.2800,0.0000,0.0000,0.0000
26.4092,coast,6.2800,0.0000,0.0000,0.0000
26.4141,coast,6.2800,0.0000,0.0000,0.0000
26.4191,coast,6.2800,0.0000,0.0000,0.0000
26.4242,coast,6.2800,0.0000,0.0000,0.0000
26.4292,coast,6.2800,0.0000,0.0000,0.0000
26.4343,coast,6.2800,0.0000,0.0000,0.0000
26.4392,coast,6.2800,0.0000,0.0000,0.0000
26.4442,coast,6.2800,0.0000,0.0000,0.0000
26.4491,coast,6.2800,0.0000,0.0000,0.0000
26.4543,coast,6.2800,0.0000,0.0000,0.0000
26.4592,coast,6.2800,0.0000,0.0000,0.0000
26.4642,coast,6.2800,0.0000,0.0000,0.0000
26.4691,coast,6.2800,0.0000,0.0000,0.0000
26.4741,coast,6.2800,0.0000,0.0000,0.0000
26.4793,coast,6.2800,0.0000,0.0000,0.0000
26.4844,coast,6.2800,0.0000,0.0000,0.0000
26.4891,coast,6.2800,0.0000,0.0000,0.0000
26.4942,coast,6.2800,0.0000,0.0000,0.0000
26.4992,coast,6.2800,0.0000,0.0000,0.0000
26.5043,coast,6.2800,0.0000,0.0000,0.0000
26.5092,coast,6.2800,0.0000,0.0000,0.0000
26.5142,coast,6.2800,0.0000,0.0000,0.0000
26.5192,coast,6.2800,0.0000,0.0000,0.0000
26.5242,coast,6.2800,0.0000,0.0000,0.0000
26.5292,coast,6.2800,0.0000,0.0000,0.0000
26.5341,coast,6.2800,0.0000,0.0000,0.0000
26.5392,coast,6.2800,0.0000,0.0000,0.0000
26.5441,coast,6.2800,0.0000,0.0000,0.0000
26.5492,coast,6.2800,0.0000,0.0000,0.0000
26.5542,coast,6.2800,0.0000,0.0000,0.0000
26.5591,coast,6.2800,0.0000,0.0000,0.0000
26.5642,coast,6.2800,0.0000,0.0000,0.0000
26.5691,coast,6.2800,0.0000,0.0000,0.0000
26.5742,coast,6.2800,0.0000,0.0000,0.0000
26.5792,coast,6.2800,0.0000,0.0000,0.0000
26.5841,coast,6.2800,0.0000,0.0000,0.0000
26.5892,coast,6.2800,0.0000,0.0000,0.0000
26.5942,coast,6.2800,0.0000,0.0000,0.0000
26.5991,coast,6.2800,0.0000,0.0000,0.0000
26.6041,coast,6.2800,0.0000,0.0000,0.0000
26.6092,coast,6.2800,0.0000,0.0000,0.0000
26.6142,coast,6.2800,0.0000,0.0000,0.0000
26.6191,coast,6.2800,0.0000,0.0000,0.0000
26.6242,coast,6.2800,0.0000,0.0000,0.0000
26.6295,coast,6.2800,0.0000,0.0000,0.0000
26.6345,coast,6.2800,0.0000,0.0000,0.0000
26.6392,coast,6.2800,0.0000,0.0000,0.0000
26.6441,coast,6.2800,0.0000,0.0000,0.0000
26.6491,coast,6.2800,0.0000,0.0000,0.0000
26.6542,coast,6.2800,0.0000,0.0000,0.0000
26.6592,coast,6.2800,0.0000,0.0000,0.0000
26.6642,coast,6.2800,0.0000,0.0000,0.0000
26.6692,coast,6.2800,0.0000,0.0000,0.0000
26.6741,coast,6.2800,0.0000,0.0000,0.0000
26.6792,coast,6.2800,0.0000,0.0000,0.0000
26.6842,coast,6.2800,0.0000,0.0000,0.0000
26.6910,coast,6.2800,0.0000,0.0000,0.0000
26.6943,coast,6.2800,0.0000,0.0000,0.0000
26.6993,coast,6.2800,0.0000,0.0000,0.0000
26.7043,coast,6.2800,0.0000,0.0000,0.0000
26.7093,coast,6.2800,0.0000,0.0000,0.0000
26.7141,coast,6.2800,0.0000,0.0000,0.0000
26.7192,coast,6.2800,0.0000,0.0000,0.0000
26.7243,coast,6.2800,0.0000,0.0000,0.0000
26.7292,coast,6.2800,0.0000,0.0000,0.0000
26.7342,coast,6.2800,0.0000,0.0000,0.0000
26.7391,coast,6.2800,0.0000,0.0000,0.0000
26.7441,coast,6.2800,0.0000,0.0000,0.0000
26.7491,coast,6.2800,0.0000,0.0000,0.0000
26.7542,coast,6.2800,0.0000,0.0000,0.0000
26.7593,coast,6.2800,0.0000,0.0000,0.0000
26.7641,coast,6.2800,0.0000,0.0000,0.0000
26.7691,coast,6.2800,0.0000,0.0000,0.0000
26.7741,coast,6.2800,0.0000,0.0000,0.0000
26.7791,coast,6.2800,0.0000,0.0000,0.0000
26.7843,coast,6.2800,0.0000,0.0000,0.0000
26.7892,coast,6.2800,0.0000,0.0000,0.0000
26.7942,coast,6.2800,0.0000,0.0000,0.0000
26.7991,coast,6.2800,0.0000,0.0000,0.0000
26.8041,coast,6.2800,0.0000,0.0000,0.0000
26.8091,coast,6.2800,0.0000,0.0000,0.0000
26.8142,coast,6.2800,0.0000,0.0000,0.0000
26.8192,coast,6.2800,0.0000,0.0000,0.0000
26.8242,coast,6.2800,0.0000,0.0000,0.0000
26.8292,coast,6.2800,0.0000,0.0000,0.0000
26.8343,coast,6.2800,0.0000,0.0000,0.0000
26.8392,coast,6.2800,0.0000,0.0000,0.0000
26.8442,coast,6.2800,0.0000,0.0000,0.0000
26.8492,coast,6.2800,0.0000,0.0000,0.0000
26.8541,coast,6.2800,0.0000,0.0000,0.0000
26.8591,coast,6.2800,0.0000,0.0000,0.0000
26.8642,coast,6.2800,0.0000,0.0000,0.0000
26.8693,coast,6.2800,0.0000,0.0000,0.0000
26.8743,coast,6.2800,0.0000,0.0000,0.0000
26.8791,coast,6.2800,0.0000,0.0000,0.0000
26.8841,coast,6.2800,0.0000,0.0000,0.0000
26.8891,coast,6.2800,0.0000,0.0000,0.0000
26.8941,coast,6.2800,0.0000,0.0000,0.0000
26.8992,coast,6.2800,0.0000,0.0000,0.0000
26.9043,coast,6.2800,0.0000,0.0000,0.0000
26.9092,coast,6.2800,0.0000,0.0000,0.0000
26.9141,coast,6.2800,0.0000,0.0000,0.0000
26.9191,coast,6.2800,0.0000,0.0000,0.0000
26.9241,coast,6.2800,0.0000,0.0000,0.0000
26.9293,coast,6.2800,0.0000,0.0000,0.0000
26.9341,coast,6.2800,0.0000,0.0000,0.0000
26.9392,coast,6.2800,0.0000,0.0000,0.0000
26.9442,coast,6.2800,0.0000,0.0000,0.0000
26.9493,coast,6.2800,0.0000,0.0000,0.0000
26.9542,coast,6.2800,0.0000,0.0000,0.0000
26.9593,coast,6.2800,0.0000,0.0000,0.0000
26.9643,coast,6.2800,0.0000,0.0000,0.0000
26.9692,coast,6.2800,0.0000,0.0000,0.0000
26.9742,coast,6.2800,0.0000,0.0000,0.0000
26.9792,coast,6.2800,0.0000,0.0000,0.0000
26.9842,coast,6.2800,0.0000,0.0000,0.0000
26.9892,coast,6.2800,0.0000,0.0000,0.0000
26.9941,coast,6.2800,0.0000,0.0000,0.0000
26.9991,coast,6.2800,0.0000,0.0000,0.0000
27.0042,coast,6.2800,0.0000,0.0000,0.0000
27.0092,coast,6.2800,0.0000,0.0000,0.0000
27.0143,coast,6.2800,0.0000,0.0000,0.0000
27.0192,coast,6.2800,0.0000,0.0000,0.0000
27.0242,coast,6.2800,0.0000,0.0000,0.0000
27.0292,coast,6.2800,0.0000,0.0000,0.0000
27.0341,coast,6.2800,0.0000,0.0000,0.0000
27.0392,coast,6.2800,0.0000,0.0000,0.0000
27.0441,coast,6.2800,0.0000,0.0000,0.0000
27.0491,coast,6.2800,0.0000,0.0000,0.0000
27.0542,coast,6.2800,0.0000,0.0000,0.0000
27.0593,coast,6.2800,0.0000,0.0000,0.0000
27.0643,coast,6.2800,0.0000,0.0000,0.0000
27.0691,coast,6.2800,0.0000,0.0000,0.0000
27.0741,coast,6.2800,0.0000,0.0000,0.0000
27.0792,coast,6.2800,0.0000,0.0000,0.0000
27.0843,coast,6.2800,0.0000,0.0000,0.0000
27.0892,coast,6.2800,0.0000,0.0000,0.0000
27.0944,coast,6.2800,0.0000,0.0000,0.0000
27.0992,coast,6.2800,0.0000,0.0000,0.0000
27.1043,coast,6.2800,0.0000,0.0000,0.0000
27.1091,coast,6.2800,0.0000,0.0000,0.0000
27.1141,coast,6.2800,0.0000,0.0000,0.0000
27.1192,coast,6.2800,0.0000,0.0000,0.0000
27.1242,coast,6.2800,0.0000,0.0000,0.0000
27.1292,coast,6.2800,0.0000,0.0000,0.0000
27.1341,coast,6.2800,0.0000,0.0000,0.0000
27.1391,coast,6.2800,0.0000,0.0000,0.0000
27.1441,coast,6.2800,0.0000,0.0000,0.0000
27.1492,coast,6.2800,0.0000,0.0000,0.0000
27.1542,coast,6.2800,0.0000,0.0000,0.0000
27.1593,coast,6.2800,0.0000,0.0000,0.0000
27.1642,coast,6.2800,0.0000,0.0000,0.0000
27.1691,coast,6.2800,0.0000,0.0000,0.0000
27.1741,coast,6.2800,0.0000,0.0000,0.0000
27.1792,coast,6.2800,0.0000,0.0000,0.0000
27.1842,coast,6.2800,0.0000,0.0000,0.0000
27.1892,coast,6.2800,0.0000,0.0000,0.0000
27.1942,coast,6.2800,0.0000,0.0000,0.0000
27.1992,coast,6.2800,0.0000,0.0000,0.0000
27.2042,coast,6.2800,0.0000,0.0000,0.0000
27.2093,coast,6.2800,0.0000,0.0000,0.0000
27.2141,coast,6.2800,0.0000,0.0000,0.0000
27.2192,coast,6.2800,0.0000,0.0000,0.0000
27.2242,coast,6.2800,0.0000,0.0000,0.0000
27.2292,coast,6.2800,0.0000,0.0000,0.0000
27.2345,coast,6.2800,0.0000,0.0000,0.0000
27.2392,coast,6.2800,0.0000,0.0000,0.0000
27.2442,coast,6.2800,0.0000,0.0000,0.0000
27.2492,coast,6.2800,0.0000,0.0000,0.0000
27.2543,coast,6.2800,0.0000,0.0000,0.0000
27.2591,coast,6.2800,0.0000,0.0000,0.0000
27.2641,coast,6.2800,0.0000,0.0000,0.0000
27.2691,coast,6.2800,0.0000,0.0000,0.0000
27.2744,coast,6.2800,0.0000,0.0000,0.0000
27.2792,coast,6.2800,0.0000,0.0000,0.0000
27.2844,coast,6.2800,0.0000,0.0000,0.0000
27.2901,coast,6.2800,0.0000,0.0000,0.0000
27.2948,coast,6.2800,0.0000,0.0000,0.0000
27.2994,coast,6.2800,0.0000,0.0000,0.0000
27.3053,coast,6.2800,0.0000,0.0000,0.0000
27.3102,coast,6.2800,0.0000,0.0000,0.0000
27.3151,coast,6.2800,0.0000,0.0000,0.0000
27.3195,coast,6.2800,0.0000,0.0000,0.0000
27.3252,coast,6.2800,0.0000,0.0000,0.0000
27.3293,coast,6.2800,0.0000,0.0000,0.0000
27.3346,coast,6.2800,0.0000,0.0000,0.0000
27.3402,coast,6.2800,0.0000,0.0000,0.0000
27.3454,coast,6.2800,0.0000,0.0000,0.0000
27.3499,coast,6.2800,0.0000,0.0000,0.0000
27.3542,coast,6.2800,0.0000,0.0000,0.0000
27.3592,coast,6.2800,0.0000,0.0000,0.0000
27.3643,coast,6.2800,0.0000,0.0000,0.0000
27.3704,coast,6.2800,0.0000,0.0000,0.0000
27.3746,coast,6.2800,0.0000,0.0000,0.0000
27.3794,coast,6.2800,0.0000,0.0000,0.0000
27.3852,coast,6.2800,0.0000,0.0000,0.0000
27.3902,coast,6.2800,0.0000,0.0000,0.0000
27.3952,coast,6.2800,0.0000,0.0000,0.0000
27.3992,coast,6.2800,0.0000,0.0000,0.0000
27.4058,coast,6.2800,0.0000,0.0000,0.0000
27.4094,coast,6.2800,0.0000,0.0000,0.0000
27.4147,coast,6.2800,0.0000,0.0000,0.0000
27.4202,coast,6.2800,0.0000,0.0000,0.0000
27.4271,coast,6.2800,0.0000,0.0000,0.0000
27.4328,coast,6.2800,0.0000,0.0000,0.0000
27.4361,coast,6.2800,0.0000,0.0000,0.0000
27.4396,coast,6.2800,0.0000,0.0000,0.0000
27.4456,coast,6.2800,0.0000,0.0000,0.0000
27.4491,coast,6.2800,0.0000,0.0000,0.0000
27.4542,coast,6.2800,0.0000,0.0000,0.0000
27.4591,coast,6.2800,0.0000,0.0000,0.0000
27.4641,coast,6.2800,0.0000,0.0000,0.0000
27.4690,coast,6.2800,0.0000,0.0000,0.0000
27.4742,coast,6.2800,0.0000,0.0000,0.0000
27.4791,coast,6.2800,0.0000,0.0000,0.0000
27.4844,coast,6.2800,0.0000,0.0000,0.0000
27.4892,coast,6.2800,0.0000,0.0000,0.0000
27.4943,coast,6.2800,0.0000,0.0000,0.0000
27.5011,coast,6.2800,0.0000,0.0000,0.0000
27.5043,coast,6.2800,0.0000,0.0000,0.0000
27.5091,coast,6.2800,0.0000,0.0000,0.0000
27.5140,coast,6.2800,0.0000,0.0000,0.0000
27.5192,coast,6.2800,0.0000,0.0000,0.0000
27.5241,coast,6.2800,0.0000,0.0000,0.0000
27.5292,coast,6.2800,0.0000,0.0000,0.0000
27.5341,coast,6.2800,0.0000,0.0000,0.0000
27.5392,coast,6.2800,0.0000,0.0000,0.0000
27.5442,coast,6.2800,0.0000,0.0000,0.0000
27.5491,coast,6.2800,0.0000,0.0000,0.0000
27.5542,coast,6.2800,0.0000,0.0000,0.0000
27.5591,coast,6.2800,0.0000,0.0000,0.0000
27.5641,coast,6.2800,0.0000,0.0000,0.0000
27.5692,coast,6.2800,0.0000,0.0000,0.0000
27.5741,coast,6.2800,0.0000,0.0000,0.0000
27.5793,coast,6.2800,0.0000,0.0000,0.0000
27.5845,coast,6.2800,0.0000,0.0000,0.0000
27.5892,coast,6.2800,0.0000,0.0000,0.0000
27.5941,coast,6.2800,0.0000,0.0000,0.0000
27.5994,coast,6.2800,0.0000,0.0000,0.0000
27.6042,coast,6.2800,0.0000,0.0000,0.0000
27.6092,coast,6.2800,0.0000,0.0000,0.0000
27.6142,coast,6.2800,0.0000,0.0000,0.0000
27.6193,coast,6.2800,0.0000,0.0000,0.0000
27.6241,coast,6.2800,0.0000,0.0000,0.0000
27.6292,coast,6.2800,0.0000,0.0000,0.0000
27.6342,coast,6.2800,0.0000,0.0000,0.0000
27.6392,coast,6.2800,0.0000,0.0000,0.0000
27.6441,coast,6.2800,0.0000,0.0000,0.0000
27.6492,coast,6.2800,0.0000,0.0000,0.0000
27.6542,coast,6.2800,0.0000,0.0000,0.0000
27.6592,coast,6.2800,0.0000,0.0000,0.0000
27.6641,coast,6.2800,0.0000,0.0000,0.0000
27.6691,coast,6.2800,0.0000,0.0000,0.0000
27.6741,coast,6.2800,0.0000,0.0000,0.0000
27.6793,coast,6.2800,0.0000,0.0000,0.0000
27.6842,coast,6.2800,0.0000,0.0000,0.0000
27.6893,coast,6.2800,0.0000,0.0000,0.0000
27.6942,coast,6.2800,0.0000,0.0000,0.0000
27.6991,coast,6.2800,0.0000,0.0000,0.0000
27.7042,coast,6.2800,0.0000,0.0000,0.0000
27.7092,coast,6.2800,0.0000,0.0000,0.0000
27.7141,coast,6.2800,0.0000,0.0000,0.0000
27.7191,coast,6.2800,0.0000,0.0000,0.0000
27.7241,coast,6.2800,0.0000,0.0000,0.0000
27.7292,coast,6.2800,0.0000,0.0000,0.0000
27.7341,coast,6.2800,0.0000,0.0000,0.0000
27.7391,coast,6.2800,0.0000,0.0000,0.0000
27.7442,coast,6.2800,0.0000,0.0000,0.0000
27.7492,coast,6.2800,0.0000,0.0000,0.0000
27.7540,coast,6.2800,0.0000,0.0000,0.0000
27.7591,coast,6.2800,0.0000,0.0000,0.0000
27.7641,coast,6.2800,0.0000,0.0000,0.0000
27.7691,coast,6.2800,0.0000,0.0000,0.0000
27.7742,coast,6.2800,0.0000,0.0000,0.0000
27.7793,coast,6.2800,0.0000,0.0000,0.0000
27.7842,coast,6.2800,0.0000,0.0000,0.0000
27.7894,coast,6.2800,0.0000,0.0000,0.0000
27.7942,coast,6.2800,0.0000,0.0000,0.0000
27.7991,coast,6.2800,0.0000,0.0000,0.0000
27.8042,coast,6.2800,0.0000,0.0000,0.0000
27.8092,coast,6.2800,0.0000,0.0000,0.0000
27.8142,coast,6.2800,0.0000,0.0000,0.0000
27.8191,coast,6.2800,0.0000,0.0000,0.0000
27.8242,coast,6.2800,0.0000,0.0000,0.0000
27.8291,coast,6.2800,0.0000,0.0000,0.0000
27.8342,coast,6.2800,0.0000,0.0000,0.0000
27.8391,coast,6.2800,0.0000,0.0000,0.0000
27.8442,coast,6.2800,0.0000,0.0000,0.0000
27.8492,coast,6.2800,0.0000,0.0000,0.0000
27.8543,coast,6.2800,0.0000,0.0000,0.0000
27.8592,coast,6.2800,0.0000,0.0000,0.0000
27.8642,coast,6.2800,0.0000,0.0000,0.0000
27.8691,coast,6.2800,0.0000,0.0000,0.0000
27.8741,coast,6.2800,0.0000,0.0000,0.0000
27.8795,coast,6.2800,0.0000,0.0000,0.0000
27.8844,coast,6.2800,0.0000,0.0000,0.0000
27.8893,coast,6.2800,0.0000,0.0000,0.0000
27.8948,coast,6.2800,0.0000,0.0000,0.0000
27.8998,coast,6.2800,0.0000,0.0000,0.0000
27.9049,coast,6.2800,0.0000,0.0000,0.0000
27.9092,coast,6.2800,0.0000,0.0000,0.0000
27.9153,coast,6.2800,0.0000,0.0000,0.0000
27.9202,coast,6.2800,0.0000,0.0000,0.0000
27.9251,coast,6.2800,0.0000,0.0000,0.0000
27.9293,coast,6.2800,0.0000,0.0000,0.0000
27.9343,coast,6.2800,0.0000,0.0000,0.0000
27.9392,coast,6.2800,0.0000,0.0000,0.0000
27.9441,coast,6.2800,0.0000,0.0000,0.0000
27.9492,coast,6.2800,0.0000,0.0000,0.0000
27.9544,coast,6.2800,0.0000,0.0000,0.0000
27.9592,coast,6.2800,0.0000,0.0000,0.0000
27.9641,coast,6.2800,0.0000,0.0000,0.0000
27.9691,coast,6.2800,0.0000,0.0000,0.0000
27.9741,coast,6.2800,0.0000,0.0000,0.0000
27.9792,coast,6.2800,0.0000,0.0000,0.0000
27.9842,coast,6.2800,0.0000,0.0000,0.0000
27.9892,coast,6.2800,0.0000,0.0000,0.0000
27.9943,coast,6.2800,0.0000,0.0000,0.0000
27.9992,coast,6.2800,0.0000,0.0000,0.0000
28.0042,coast,6.2800,0.0000,0.0000,0.0000
28.0091,coast,6.2800,0.0000,0.0000,0.0000
28.0141,coast,6.2800,0.0000,0.0000,0.0000
28.0192,coast,6.2800,0.0000,0.0000,0.0000
28.0242,coast,6.2800,0.0000,0.0000,0.0000
28.0293,coast,6.2800,0.0000,0.0000,0.0000
28.0342,coast,6.2800,0.0000,0.0000,0.0000
28.0394,coast,6.2800,0.0000,0.0000,0.0000
28.0442,coast,6.2800,0.0000,0.0000,0.0000
28.0492,coast,6.2800,0.0000,0.0000,0.0000
28.0541,coast,6.2800,0.0000,0.0000,0.0000
28.0592,coast,6.2800,0.0000,0.0000,0.0000
28.0642,coast,6.2800,0.0000,0.0000,0.0000
28.0692,coast,6.2800,0.0000,0.0000,0.0000
28.0741,coast,6.2800,0.0000,0.0000,0.0000
28.0792,coast,6.2800,0.0000,0.0000,0.0000
28.0842,coast,6.2800,0.0000,0.0000,0.0000
28.0892,coast,6.2800,0.0000,0.0000,0.0000
28.0942,coast,6.2800,0.0000,0.0000,0.0000
28.0992,coast,6.2800,0.0000,0.0000,0.0000
28.1042,coast,6.2800,0.0000,0.0000,0.0000
28.1093,coast,6.2800,0.0000,0.0000,0.0000
28.1141,coast,6.2800,0.0000,0.0000,0.0000
28.1192,coast,6.2800,0.0000,0.0000,0.0000
28.1242,coast,6.2800,0.0000,0.0000,0.0000
28.1292,coast,6.2800,0.0000,0.0000,0.0000
28.1343,coast,6.2800,0.0000,0.0000,0.0000
28.1393,coast,6.2800,0.0000,0.0000,0.0000
28.1441,coast,6.2800,0.0000,0.0000,0.0000
28.1491,coast,6.2800,0.0000,0.0000,0.0000
28.1540,coast,6.2800,0.0000,0.0000,0.0000
28.1591,coast,6.2800,0.0000,0.0000,0.0000
28.1643,coast,6.2800,0.0000,0.0000,0.0000
28.1693,coast,6.2800,0.0000,0.0000,0.0000
28.1742,coast,6.2800,0.0000,0.0000,0.0000
28.1793,coast,6.2800,0.0000,0.0000,0.0000
28.1841,coast,6.2800,0.0000,0.0000,0.0000
28.1891,coast,6.2800,0.0000,0.0000,0.0000
28.1942,coast,6.2800,0.0000,0.0000,0.0000
28.1993,coast,6.2800,0.0000,0.0000,0.0000
28.2044,coast,6.2800,0.0000,0.0000,0.0000
28.2091,coast,6.2800,0.0000,0.0000,0.0000
28.2143,coast,6.2800,0.0000,0.0000,0.0000
28.2191,coast,6.2800,0.0000,0.0000,0.0000
28.2242,coast,6.2800,0.0000,0.0000,0.0000
28.2292,coast,6.2800,0.0000,0.0000,0.0000
28.2348,coast,6.2800,0.0000,0.0000,0.0000
28.2391,coast,6.2800,0.0000,0.0000,0.0000
28.2441,coast,6.2800,0.0000,0.0000,0.0000
28.2494,coast,6.2800,0.0000,0.0000,0.0000
28.2542,coast,6.2800,0.0000,0.0000,0.0000
28.2592,coast,6.2800,0.0000,0.0000,0.0000
28.2642,coast,6.2800,0.0000,0.0000,0.0000
28.2692,coast,6.2800,0.0000,0.0000,0.0000
28.2745,coast,6.2800,0.0000,0.0000,0.0000
28.2791,coast,6.2800,0.0000,0.0000,0.0000
28.2841,coast,6.2800,0.0000,0.0000,0.0000
28.2892,coast,6.2800,0.0000,0.0000,0.0000
28.2941,coast,6.2800,0.0000,0.0000,0.0000
28.2992,coast,6.2800,0.0000,0.0000,0.0000
28.3042,coast,6.2800,0.0000,0.0000,0.0000
28.3093,coast,6.2800,0.0000,0.0000,0.0000
28.3141,coast,6.2800,0.0000,0.0000,0.0000
28.3192,coast,6.2800,0.0000,0.0000,0.0000
28.3241,coast,6.2800,0.0000,0.0000,0.0000
28.3292,coast,6.2800,0.0000,0.0000,0.0000
28.3342,coast,6.2800,0.0000,0.0000,0.0000
28.3392,coast,6.2800,0.0000,0.0000,0.0000
28.3442,coast,6.2800,0.0000,0.0000,0.0000
28.3492,coast,6.2800,0.0000,0.0000,0.0000
28.3542,coast,6.2800,0.0000,0.0000,0.0000
28.3591,coast,6.2800,0.0000,0.0000,0.0000
28.3642,coast,6.2800,0.0000,0.0000,0.0000
28.3691,coast,6.2800,0.0000,0.0000,0.0000
28.3742,coast,6.2800,0.0000,0.0000,0.0000
28.3791,coast,6.2800,0.0000,0.0000,0.0000
28.3841,coast,6.2800,0.0000,0.0000,0.0000
28.3891,coast,6.2800,0.0000,0.0000,0.0000
28.3941,coast,6.2800,0.0000,0.0000,0.0000
28.3992,coast,6.2800,0.0000,0.0000,0.0000
28.4045,coast,6.2800,0.0000,0.0000,0.0000
28.4092,coast,6.2800,0.0000,0.0000,0.0000
28.4142,coast,6.2800,0.0000,0.0000,0.0000
28.4191,coast,6.2800,0.0000,0.0000,0.0000
28.4241,coast,6.2800,0.0000,0.0000,0.0000
28.4293,coast,6.2800,0.0000,0.0000,0.0000
28.4342,coast,6.2800,0.0000,0.0000,0.0000
28.4392,coast,6.2800,0.0000,0.0000,0.0000
28.4441,coast,6.2800,0.0000,0.0000,0.0000
28.4492,coast,6.2800,0.0000,0.0000,0.0000
28.4543,coast,6.2800,0.0000,0.0000,0.0000
28.4595,coast,6.2800,0.0000,0.0000,0.0000
28.4641,coast,6.2800,0.0000,0.0000,0.0000
28.4692,coast,6.2800,0.0000,0.0000,0.0000
28.4742,coast,6.2800,0.0000,0.0000,0.0000
28.4792,coast,6.2800,0.0000,0.0000,0.0000
28.4842,coast,6.2800,0.0000,0.0000,0.0000
28.4892,coast,6.2800,0.0000,0.0000,0.0000
28.4942,coast,6.2800,0.0000,0.0000,0.0000
28.4992,coast,6.2800,0.0000,0.0000,0.0000
28.5042,coast,6.2800,0.0000,0.0000,0.0000
28.5092,coast,6.2800,0.0000,0.0000,0.0000
28.5142,coast,6.2800,0.0000,0.0000,0.0000
28.5191,coast,6.2800,0.0000,0.0000,0.0000
28.5242,coast,6.2800,0.0000,0.0000,0.0000
28.5294,coast,6.2800,0.0000,0.0000,0.0000
28.5342,coast,6.2800,0.0000,0.0000,0.0000
28.5391,coast,6.2800,0.0000,0.0000,0.0000
28.5443,coast,6.2800,0.0000,0.0000,0.0000
28.5492,coast,6.2800,0.0000,0.0000,0.0000
28.5541,coast,6.2800,0.0000,0.0000,0.0000
28.5592,coast,6.2800,0.0000,0.0000,0.0000
28.5642,coast,6.2800,0.0000,0.0000,0.0000
28.5692,coast,6.2800,0.0000,0.0000,0.0000
28.5742,coast,6.2800,0.0000,0.0000,0.0000
28.5791,coast,6.2800,0.0000,0.0000,0.0000
28.5842,coast,6.2800,0.0000,0.0000,0.0000
28.5892,coast,6.2800,0.0000,0.0000,0.0000
28.5941,coast,6.2800,0.0000,0.0000,0.0000
28.5992,coast,6.2800,0.0000,0.0000,0.0000
28.6041,coast,6.2800,0.0000,0.0000,0.0000
28.6092,coast,6.2800,0.0000,0.0000,0.0000
28.6142,coast,6.2800,0.0000,0.0000,0.0000
28.6191,coast,6.2800,0.0000,0.0000,0.0000
28.6242,coast,6.2800,0.0000,0.0000,0.0000
28.6293,coast,6.2800,0.0000,0.0000,0.0000
28.6343,coast,6.2800,0.0000,0.0000,0.0000
28.6391,coast,6.2800,0.0000,0.0000,0.0000
28.6441,coast,6.2800,0.0000,0.0000,0.0000
28.6492,coast,6.2800,0.0000,0.0000,0.0000
28.6543,coast,6.2800,0.0000,0.0000,0.0000
28.6592,coast,6.2800,0.0000,0.0000,0.0000
28.6643,coast,6.2800,0.0000,0.0000,0.0000
28.6691,coast,6.2800,0.0000,0.0000,0.0000
28.6742,coast,6.2800,0.0000,0.0000,0.0000
28.6792,coast,6.2800,0.0000,0.0000,0.0000
28.6842,coast,6.2800,0.0000,0.0000,0.0000
28.6892,coast,6.2800,0.0000,0.0000,0.0000
28.6942,coast,6.2800,0.0000,0.0000,0.0000
28.6991,coast,6.2800,0.0000,0.0000,0.0000
28.7041,coast,6.2800,0.0000,0.0000,0.0000
28.7094,coast,6.2800,0.0000,0.0000,0.0000
28.7143,coast,6.2800,0.0000,0.0000,0.0000
28.7191,coast,6.2800,0.0000,0.0000,0.0000
28.7242,coast,6.2800,0.0000,0.0000,0.0000
28.7291,coast,6.2800,0.0000,0.0000,0.0000
28.7342,coast,6.2800,0.0000,0.0000,0.0000
28.7392,coast,6.2800,0.0000,0.0000,0.0000
28.7441,coast,6.2800,0.0000,0.0000,0.0000
28.7492,coast,6.2800,0.0000,0.0000,0.0000
28.7542,coast,6.2800,0.0000,0.0000,0.0000
28.7591,coast,6.2800,0.0000,0.0000,0.0000
28.7642,coast,6.2800,0.0000,0.0000,0.0000
28.7693,coast,6.2800,0.0000,0.0000,0.0000
28.7742,coast,6.2800,0.0000,0.0000,0.0000
28.7793,coast,6.2800,0.0000,0.0000,0.0000
28.7842,coast,6.2800,0.0000,0.0000,0.0000
28.7891,coast,6.2800,0.0000,0.0000,0.0000
28.7942,coast,6.2800,0.0000,0.0000,0.0000
28.7992,coast,6.2800,0.0000,0.0000,0.0000
28.8042,coast,6.2800,0.0000,0.0000,0.0000
28.8092,coast,6.2800,0.0000,0.0000,0.0000
28.8141,coast,6.2800,0.0000,0.0000,0.0000
28.8191,coast,6.2800,0.0000,0.0000,0.0000
28.8243,coast,6.2800,0.0000,0.0000,0.0000
28.8293,coast,6.2800,0.0000,0.0000,0.0000
28.8342,coast,6.2800,0.0000,0.0000,0.0000
28.8392,coast,6.2800,0.0000,0.0000,0.0000
28.8442,coast,6.2800,0.0000,0.0000,0.0000
28.8491,coast,6.2800,0.0000,0.0000,0.0000
28.8542,coast,6.2800,0.0000,0.0000,0.0000
28.8592,coast,6.2800,0.0000,0.0000,0.0000
28.8641,coast,6.2800,0.0000,0.0000,0.0000
28.8692,coast,6.2800,0.0000,0.0000,0.0000
28.8741,coast,6.2800,0.0000,0.0000,0.0000
28.8792,coast,6.2800,0.0000,0.0000,0.0000
28.8843,coast,6.2800,0.0000,0.0000,0.0000
28.8892,coast,6.2800,0.0000,0.0000,0.0000
28.8943,coast,6.2800,0.0000,0.0000,0.0000
28.8992,coast,6.2800,0.0000,0.0000,0.0000
28.9042,coast,6.2800,0.0000,0.0000,0.0000
28.9092,coast,6.2800,0.0000,0.0000,0.0000
28.9142,coast,6.2800,0.0000,0.0000,0.0000
28.9191,coast,6.2800,0.0000,0.0000,0.0000
28.9241,coast,6.2800,0.0000,0.0000,0.0000
28.9293,coast,6.2800,0.0000,0.0000,0.0000
28.9342,coast,6.2800,0.0000,0.0000,0.0000
28.9392,coast,6.2800,0.0000,0.0000,0.0000
28.9441,coast,6.2800,0.0000,0.0000,0.0000
28.9493,coast,6.2800,0.0000,0.0000,0.0000
28.9543,coast,6.2800,0.0000,0.0000,0.0000
28.9591,coast,6.2800,0.0000,0.0000,0.0000
28.9642,coast,6.2800,0.0000,0.0000,0.0000
28.9692,coast,6.2800,0.0000,0.0000,0.0000
28.9741,coast,6.2800,0.0000,0.0000,0.0000
28.9792,coast,6.2800,0.0000,0.0000,0.0000
28.9841,coast,6.2800,0.0000,0.0000,0.0000
28.9892,coast,6.2800,0.0000,0.0000,0.0000
28.9942,coast,6.2800,0.0000,0.0000,0.0000
28.9991,coast,6.2800,0.0000,0.0000,0.0000
29.0042,coast,6.2800,0.0000,0.0000,0.0000
29.0092,coast,6.2800,0.0000,0.0000,0.0000
29.0144,coast,6.2800,0.0000,0.0000,0.0000
29.0193,coast,6.2800,0.0000,0.0000,0.0000
29.0241,coast,6.2800,0.0000,0.0000,0.0000
29.0291,coast,6.2800,0.0000,0.0000,0.0000
29.0342,coast,6.2800,0.0000,0.0000,0.0000
29.0392,coast,6.2800,0.0000,0.0000,0.0000
29.0442,coast,6.2800,0.0000,0.0000,0.0000
29.0492,coast,6.2800,0.0000,0.0000,0.0000
29.0541,coast,6.2800,0.0000,0.0000,0.0000
29.0592,coast,6.2800,0.0000,0.0000,0.0000
29.0642,coast,6.2800,0.0000,0.0000,0.0000
29.0692,coast,6.2800,0.0000,0.0000,0.0000
29.0741,coast,6.2800,0.0000,0.0000,0.0000
29.0792,coast,6.2800,0.0000,0.0000,0.0000
29.0841,coast,6.2800,0.0000,0.0000,0.0000
29.0891,coast,6.2800,0.0000,0.0000,0.0000
29.0945,coast,6.2800,0.0000,0.0000,0.0000
29.0992,coast,6.2800,0.0000,0.0000,0.0000
29.1042,coast,6.2800,0.0000,0.0000,0.0000
29.1094,coast,6.2800,0.0000,0.0000,0.0000
29.1141,coast,6.2800,0.0000,0.0000,0.0000
29.1193,coast,6.2800,0.0000,0.0000,0.0000
29.1241,coast,6.2800,0.0000,0.0000,0.0000
29.1291,coast,6.2800,0.0000,0.0000,0.0000
29.1342,coast,6.2800,0.0000,0.0000,0.0000
29.1391,coast,6.2800,0.0000,0.0000,0.0000
29.1442,coast,6.2800,0.0000,0.0000,0.0000
29.1493,coast,6.2800,0.0000,0.0000,0.0000
29.1544,coast,6.2800,0.0000,0.0000,0.0000
29.1591,coast,6.2800,0.0000,0.0000,0.0000
29.1642,coast,6.2800,0.0000,0.0000,0.0000
29.1692,coast,6.2800,0.0000,0.0000,0.0000
29.1742,coast,6.2800,0.0000,0.0000,0.0000
29.1792,coast,6.2800,0.0000,0.0000,0.0000
29.1842,coast,6.2800,0.0000,0.0000,0.0000
29.1891,coast,6.2800,0.0000,0.0000,0.0000
29.1944,coast,6.2800,0.0000,0.0000,0.0000
29.1993,coast,6.2800,0.0000,0.0000,0.0000
29.2042,coast,6.2800,0.0000,0.0000,0.0000
29.2091,coast,6.2800,0.0000,0.0000,0.0000
29.2141,coast,6.2800,0.0000,0.0000,0.0000
29.2192,coast,6.2800,0.0000,0.0000,0.0000
29.2242,coast,6.2800,0.0000,0.0000,0.0000
29.2295,coast,6.2800,0.0000,0.0000,0.0000
29.2343,coast,6.2800,0.0000,0.0000,0.0000
29.2395,coast,6.2800,0.0000,0.0000,0.0000
29.2441,coast,6.2800,0.0000,0.0000,0.0000
29.2492,coast,6.2800,0.0000,0.0000,0.0000
29.2542,coast,6.2800,0.0000,0.0000,0.0000
29.2592,coast,6.2800,0.0000,0.0000,0.0000
29.2642,coast,6.2800,0.0000,0.0000,0.0000
29.2692,coast,6.2800,0.0000,0.0000,0.0000
29.2743,coast,6.2800,0.0000,0.0000,0.0000
29.2792,coast,6.2800,0.0000,0.0000,0.0000
29.2842,coast,6.2800,0.0000,0.0000,0.0000
29.2892,coast,6.2800,0.0000,0.0000,0.0000
29.2942,coast,6.2800,0.0000,0.0000,0.0000
29.2993,coast,6.2800,0.0000,0.0000,0.0000
29.3041,coast,6.2800,0.0000,0.0000,0.0000
29.3092,coast,6.2800,0.0000,0.0000,0.0000
29.3141,coast,6.2800,0.0000,0.0000,0.0000
29.3192,coast,6.2800,0.0000,0.0000,0.0000
29.3242,coast,6.2800,0.0000,0.0000,0.0000
29.3294,coast,6.2800,0.0000,0.0000,0.0000
29.3341,coast,6.2800,0.0000,0.0000,0.0000
29.3392,coast,6.2800,0.0000,0.0000,0.0000
29.3441,coast,6.2800,0.0000,0.0000,0.0000
29.3491,coast,6.2800,0.0000,0.0000,0.0000
29.3543,coast,6.2800,0.0000,0.0000,0.0000
29.3592,coast,6.2800,0.0000,0.0000,0.0000
29.3642,coast,6.2800,0.0000,0.0000,0.0000
29.3691,coast,6.2800,0.0000,0.0000,0.0000
29.3742,coast,6.2800,0.0000,0.0000,0.0000
29.3791,coast,6.2800,0.0000,0.0000,0.0000
29.3842,coast,6.2800,0.0000,0.0000,0.0000
29.3891,coast,6.2800,0.0000,0.0000,0.0000
29.3941,coast,6.2800,0.0000,0.0000,0.0000
29.3992,coast,6.2800,0.0000,0.0000,0.0000
29.4043,coast,6.2800,0.0000,0.0000,0.0000
29.4092,coast,6.2800,0.0000,0.0000,0.0000
29.4143,coast,6.2800,0.0000,0.0000,0.0000
29.4192,coast,6.2800,0.0000,0.0000,0.0000
29.4242,coast,6.2800,0.0000,0.0000,0.0000
29.4293,coast,6.2800,0.0000,0.0000,0.0000
29.4342,coast,6.2800,0.0000,0.0000,0.0000
29.4391,coast,6.2800,0.0000,0.0000,0.0000
29.4441,coast,6.2800,0.0000,0.0000,0.0000
29.4491,coast,6.2800,0.0000,0.0000,0.0000
29.4541,coast,6.2800,0.0000,0.0000,0.0000
29.4593,coast,6.2800,0.0000,0.0000,0.0000
29.4642,coast,6.2800,0.0000,0.0000,0.0000
29.4691,coast,6.2800,0.0000,0.0000,0.0000
29.4741,coast,6.2800,0.0000,0.0000,0.0000
29.4791,coast,6.2800,0.0000,0.0000,0.0000
29.4841,coast,6.2800,0.0000,0.0000,0.0000
29.4892,coast,6.2800,0.0000,0.0000,0.0000
29.4942,coast,6.2800,0.0000,0.0000,0.0000
29.4991,coast,6.2800,0.0000,0.0000,0.0000
29.5041,coast,6.2800,0.0000,0.0000,0.0000
29.5092,coast,6.2800,0.0000,0.0000,0.0000
29.5141,coast,6.2800,0.0000,0.0000,0.0000
29.5191,coast,6.2800,0.0000,0.0000,0.0000
29.5241,coast,6.2800,0.0000,0.0000,0.0000
29.5293,coast,6.2800,0.0000,0.0000,0.0000
29.5342,coast,6.2800,0.0000,0.0000,0.0000
29.5392,coast,6.2800,0.0000,0.0000,0.0000
29.5441,coast,6.2800,0.0000,0.0000,0.0000
29.5492,coast,6.2800,0.0000,0.0000,0.0000
29.5542,coast,6.2800,0.0000,0.0000,0.0000
29.5592,coast,6.2800,0.0000,0.0000,0.0000
29.5641,coast,6.2800,0.0000,0.0000,0.0000
29.5691,coast,6.2800,0.0000,0.0000,0.0000
29.5742,coast,6.2800,0.0000,0.0000,0.0000
29.5792,coast,6.2800,0.0000,0.0000,0.0000
29.5842,coast,6.2800,0.0000,0.0000,0.0000
29.5893,coast,6.2800,0.0000,0.0000,0.0000
29.5941,coast,6.2800,0.0000,0.0000,0.0000
29.5992,coast,6.2800,0.0000,0.0000,0.0000
29.6041,coast,6.2800,0.0000,0.0000,0.0000
29.6091,coast,6.2800,0.0000,0.0000,0.0000
29.6142,coast,6.2800,0.0000,0.0000,0.0000
29.6191,coast,6.2800,0.0000,0.0000,0.0000
29.6241,coast,6.2800,0.0000,0.0000,0.0000
29.6292,coast,6.2800,0.0000,0.0000,0.0000
29.6341,coast,6.2800,0.0000,0.0000,0.0000
29.6391,coast,6.2800,0.0000,0.0000,0.0000
29.6442,coast,6.2800,0.0000,0.0000,0.0000
29.6491,coast,6.2800,0.0000,0.0000,0.0000
29.6542,coast,6.2800,0.0000,0.0000,0.0000
29.6592,coast,6.2800,0.0000,0.0000,0.0000
29.6642,coast,6.2800,0.0000,0.0000,0.0000
29.6691,coast,6.2800,0.0000,0.0000,0.0000
29.6742,coast,6.2800,0.0000,0.0000,0.0000
29.6792,coast,6.2800,0.0000,0.0000,0.0000
29.6842,coast,6.2800,0.0000,0.0000,0.0000
29.6892,coast,6.2800,0.0000,0.0000,0.0000
29.6941,coast,6.2800,0.0000,0.0000,0.0000
29.6991,coast,6.2800,0.0000,0.0000,0.0000
29.7041,coast,6.2800,0.0000,0.0000,0.0000
29.7093,coast,6.2800,0.0000,0.0000,0.0000
29.7143,coast,6.2800,0.0000,0.0000,0.0000
29.7193,coast,6.2800,0.0000,0.0000,0.0000
29.7243,coast,6.2800,0.0000,0.0000,0.0000
29.7291,coast,6.2800,0.0000,0.0000,0.0000
29.7342,coast,6.2800,0.0000,0.0000,0.0000
29.7392,coast,6.2800,0.0000,0.0000,0.0000
29.7441,coast,6.2800,0.0000,0.0000,0.0000
29.7493,coast,6.2800,0.0000,0.0000,0.0000
29.7542,coast,6.2800,0.0000,0.0000,0.0000
29.7592,coast,6.2800,0.0000,0.0000,0.0000
29.7641,coast,6.2800,0.0000,0.0000,0.0000
29.7692,coast,6.2800,0.0000,0.0000,0.0000
29.7742,coast,6.2800,0.0000,0.0000,0.0000
29.7792,coast,6.2800,0.0000,0.0000,0.0000
29.7841,coast,6.2800,0.0000,0.0000,0.0000
29.7892,coast,6.2800,0.0000,0.0000,0.0000
29.7942,coast,6.2800,0.0000,0.0000,0.0000
29.7991,coast,6.2800,0.0000,0.0000,0.0000
29.8041,coast,6.2800,0.0000,0.0000,0.0000
29.8092,coast,6.2800,0.0000,0.0000,0.0000
29.8142,coast,6.2800,0.0000,0.0000,0.0000
29.8193,coast,6.2800,0.0000,0.0000,0.0000
29.8243,coast,6.2800,0.0000,0.0000,0.0000
29.8291,coast,6.2800,0.0000,0.0000,0.0000
29.8342,coast,6.2800,0.0000,0.0000,0.0000
29.8391,coast,6.2800,0.0000,0.0000,0.0000
29.8441,coast,6.2800,0.0000,0.0000,0.0000
29.8492,coast,6.2800,0.0000,0.0000,0.0000
29.8542,coast,6.2800,0.0000,0.0000,0.0000
29.8592,coast,6.2800,0.0000,0.0000,0.0000
29.8641,coast,6.2800,0.0000,0.0000,0.0000
29.8693,coast,6.2800,0.0000,0.0000,0.0000
29.8742,coast,6.2800,0.0000,0.0000,0.0000
29.8794,coast,6.2800,0.0000,0.0000,0.0000
29.8841,coast,6.2800,0.0000,0.0000,0.0000
29.8892,coast,6.2800,0.0000,0.0000,0.0000
29.8942,coast,6.2800,0.0000,0.0000,0.0000
29.8992,coast,6.2800,0.0000,0.0000,0.0000
29.9041,coast,6.2800,0.0000,0.0000,0.0000
29.9093,coast,6.2800,0.0000,0.0000,0.0000
29.9143,coast,6.2800,0.0000,0.0000,0.0000
29.9192,coast,6.2800,0.0000,0.0000,0.0000
29.9242,coast,6.2800,0.0000,0.0000,0.0000
29.9292,coast,6.2800,0.0000,0.0000,0.0000
29.9341,coast,6.2800,0.0000,0.0000,0.0000
29.9392,coast,6.2800,0.0000,0.0000,0.0000
29.9441,coast,6.2800,0.0000,0.0000,0.0000
29.9491,coast,6.2800,0.0000,0.0000,0.0000
29.9542,coast,6.2800,0.0000,0.0000,0.0000
29.9592,coast,6.2800,0.0000,0.0000,0.0000
29.9642,coast,6.2800,0.0000,0.0000,0.0000
29.9691,coast,6.2800,0.0000,0.0000,0.0000
29.9742,coast,6.2800,0.0000,0.0000,0.0000
29.9793,coast,6.2800,0.0000,0.0000,0.0000
29.9841,coast,6.2800,0.0000,0.0000,0.0000
29.9891,coast,6.2800,0.0000,0.0000,0.0000
29.9942,coast,6.2800,0.0000,0.0000,0.0000
29.9992,coast,6.2800,0.0000,0.0000,0.0000
30.0042,coast,6.2800,0.0000,0.0000,0.0000
30.0091,coast,6.2800,0.0000,0.0000,0.0000
30.0143,coast,6.2800,0.0000,0.0000,0.0000
30.0193,coast,6.2800,0.0000,0.0000,0.0000
30.0244,coast,6.2800,0.0000,0.0000,0.0000
30.0291,coast,6.2800,0.0000,0.0000,0.0000
30.0342,coast,6.2800,0.0000,0.0000,0.0000
30.0391,coast,6.2800,0.0000,0.0000,0.0000
30.0442,coast,6.2800,0.0000,0.0000,0.0000
30.0492,coast,6.2800,0.0000,0.0000,0.0000
30.0545,coast,6.2800,0.0000,0.0000,0.0000
30.0592,coast,6.2800,0.0000,0.0000,0.0000
30.0641,coast,6.2800,0.0000,0.0000,0.0000
30.0691,coast,6.2800,0.0000,0.0000,0.0000
30.0741,coast,6.2800,0.0000,0.0000,0.0000
30.0791,coast,6.2800,0.0000,0.0000,0.0000
30.0841,coast,6.2800,0.0000,0.0000,0.0000
30.0892,coast,6.2800,0.0000,0.0000,0.0000
30.0942,coast,6.2800,0.0000,0.0000,0.0000
30.0993,coast,6.2800,0.0000,0.0000,0.0000
30.1042,coast,6.2800,0.0000,0.0000,0.0000
30.1092,coast,6.2800,0.0000,0.0000,0.0000
30.1142,coast,6.2800,0.0000,0.0000,0.0000
30.1191,coast,6.2800,0.0000,0.0000,0.0000
30.1241,coast,6.2800,0.0000,0.0000,0.0000
30.1293,coast,6.2800,0.0000,0.0000,0.0000
30.1342,coast,6.2800,0.0000,0.0000,0.0000
30.1391,coast,6.2800,0.0000,0.0000,0.0000
30.1441,coast,6.2800,0.0000,0.0000,0.0000
30.1492,coast,6.2800,0.0000,0.0000,0.0000
30.1542,coast,6.2800,0.0000,0.0000,0.0000
30.1593,coast,6.2800,0.0000,0.0000,0.0000
30.1642,coast,6.2800,0.0000,0.0000,0.0000
30.1693,coast,6.2800,0.0000,0.0000,0.0000
30.1744,coast,6.2800,0.0000,0.0000,0.0000
30.1791,coast,6.2800,0.0000,0.0000,0.0000
30.1841,coast,6.2800,0.0000,0.0000,0.0000
30.1896,coast,6.2800,0.0000,0.0000,0.0000
30.1943,coast,6.2800,0.0000,0.0000,0.0000
30.1993,coast,6.2800,0.0000,0.0000,0.0000
30.2043,coast,6.2800,0.0000,0.0000,0.0000
30.2092,coast,6.2800,0.0000,0.0000,0.0000
30.2142,coast,6.2800,0.0000,0.0000,0.0000
30.2191,coast,6.2800,0.0000,0.0000,0.0000
30.2242,coast,6.2800,0.0000,0.0000,0.0000
30.2292,coast,6.2800,0.0000,0.0000,0.0000
30.2343,coast,6.2800,0.0000,0.0000,0.0000
30.2392,coast,6.2800,0.0000,0.0000,0.0000
30.2442,coast,6.2800,0.0000,0.0000,0.0000
30.2491,coast,6.2800,0.0000,0.0000,0.0000
30.2543,coast,6.2800,0.0000,0.0000,0.0000
30.2592,coast,6.2800,0.0000,0.0000,0.0000
30.2641,coast,6.2800,0.0000,0.0000,0.0000
30.2691,coast,6.2800,0.0000,0.0000,0.0000
30.2743,coast,6.2800,0.0000,0.0000,0.0000
30.2792,coast,6.2800,0.0000,0.0000,0.0000
30.2842,coast,6.2800,0.0000,0.0000,0.0000
30.2891,coast,6.2800,0.0000,0.0000,0.0000
30.2942,coast,6.2800,0.0000,0.0000,0.0000
30.2992,coast,6.2800,0.0000,0.0000,0.0000
30.3042,coast,6.2800,0.0000,0.0000,0.0000
30.3091,coast,6.2800,0.0000,0.0000,0.0000
30.3142,coast,6.2800,0.0000,0.0000,0.0000
30.3192,coast,6.2800,0.0000,0.0000,0.0000
30.3241,coast,6.2800,0.0000,0.0000,0.0000
30.3291,coast,6.2800,0.0000,0.0000,0.0000
30.3342,coast,6.2800,0.0000,0.0000,0.0000
30.3392,coast,6.2800,0.0000,0.0000,0.0000
30.3441,coast,6.2800,0.0000,0.0000,0.0000
30.3491,coast,6.2800,0.0000,0.0000,0.0000
30.3541,coast,6.2800,0.0000,0.0000,0.0000
30.3591,coast,6.2800,0.0000,0.0000,0.0000
30.3641,coast,6.2800,0.0000,0.0000,0.0000
30.3692,coast,6.2800,0.0000,0.0000,0.0000
30.3742,coast,6.2800,0.0000,0.0000,0.0000
30.3791,coast,6.2800,0.0000,0.0000,0.0000
30.3841,coast,6.2800,0.0000,0.0000,0.0000
30.3891,coast,6.2800,0.0000,0.0000,0.0000
30.3943,coast,6.2800,0.0000,0.0000,0.0000
30.3993,coast,6.2800,0.0000,0.0000,0.0000
30.4044,coast,6.2800,0.0000,0.0000,0.0000
30.4091,coast,6.2800,0.0000,0.0000,0.0000
30.4142,coast,6.2800,0.0000,0.0000,0.0000
30.4192,coast,6.2800,0.0000,0.0000,0.0000
30.4242,coast,6.2800,0.0000,0.0000,0.0000
30.4292,coast,6.2800,0.0000,0.0000,0.0000
30.4341,coast,6.2800,0.0000,0.0000,0.0000
30.4391,coast,6.2800,0.0000,0.0000,0.0000
30.4441,coast,6.2800,0.0000,0.0000,0.0000
30.4493,coast,6.2800,0.0000,0.0000,0.0000
30.4543,coast,6.2800,0.0000,0.0000,0.0000
30.4591,coast,6.2800,0.0000,0.0000,0.0000
30.4641,coast,6.2800,0.0000,0.0000,0.0000
30.4691,coast,6.2800,0.0000,0.0000,0.0000
30.4740,coast,6.2800,0.0000,0.0000,0.0000
30.4793,coast,6.2800,0.0000,0.0000,0.0000
30.4842,coast,6.2800,0.0000,0.0000,0.0000
30.4891,coast,6.2800,0.0000,0.0000,0.0000
30.4940,coast,6.2800,0.0000,0.0000,0.0000
30.4991,coast,6.2800,0.0000,0.0000,0.0000
30.5041,coast,6.2800,0.0000,0.0000,0.0000
30.5092,coast,6.2800,0.0000,0.0000,0.0000
30.5142,coast,6.2800,0.0000,0.0000,0.0000
30.5192,coast,6.2800,0.0000,0.0000,0.0000
30.5241,coast,6.2800,0.0000,0.0000,0.0000
30.5291,coast,6.2800,0.0000,0.0000,0.0000
30.5342,coast,6.2800,0.0000,0.0000,0.0000
30.5393,coast,6.2800,0.0000,0.0000,0.0000
30.5441,coast,6.2800,0.0000,0.0000,0.0000
30.5492,coast,6.2800,0.0000,0.0000,0.0000
30.5541,coast,6.2800,0.0000,0.0000,0.0000
30.5592,coast,6.2800,0.0000,0.0000,0.0000
30.5641,coast,6.2800,0.0000,0.0000,0.0000
30.5692,coast,6.2800,0.0000,0.0000,0.0000
30.5741,coast,6.2800,0.0000,0.0000,0.0000
30.5791,coast,6.2800,0.0000,0.0000,0.0000
30.5841,coast,6.2800,0.0000,0.0000,0.0000
30.5891,coast,6.2800,0.0000,0.0000,0.0000
30.5943,coast,6.2800,0.0000,0.0000,0.0000
30.5992,coast,6.2800,0.0000,0.0000,0.0000
30.6041,coast,6.2800,0.0000,0.0000,0.0000
30.6091,coast,6.2800,0.0000,0.0000,0.0000
30.6141,coast,6.2800,0.0000,0.0000,0.0000
30.6191,coast,6.2800,0.0000,0.0000,0.0000
30.6242,coast,6.2800,0.0000,0.0000,0.0000
30.6292,coast,6.2800,0.0000,0.0000,0.0000
30.6342,coast,6.2800,0.0000,0.0000,0.0000
30.6392,coast,6.2800,0.0000,0.0000,0.0000
30.6441,coast,6.2800,0.0000,0.0000,0.0000
30.6491,coast,6.2800,0.0000,0.0000,0.0000
30.6541,coast,6.2800,0.0000,0.0000,0.0000
30.6591,coast,6.2800,0.0000,0.0000,0.0000
30.6641,coast,6.2800,0.0000,0.0000,0.0000
30.6691,coast,6.2800,0.0000,0.0000,0.0000
30.6742,coast,6.2800,0.0000,0.0000,0.0000
30.6794,coast,6.2800,0.0000,0.0000,0.0000
30.6841,coast,6.2800,0.0000,0.0000,0.0000
30.6891,coast,6.2800,0.0000,0.0000,0.0000
30.6941,coast,6.2800,0.0000,0.0000,0.0000
30.6992,coast,6.2800,0.0000,0.0000,0.0000
30.7043,coast,6.2800,0.0000,0.0000,0.0000
30.7092,coast,6.2800,0.0000,0.0000,0.0000
30.7142,coast,6.2800,0.0000,0.0000,0.0000
30.7191,coast,6.2800,0.0000,0.0000,0.0000
30.7241,coast,6.2800,0.0000,0.0000,0.0000
30.7292,coast,6.2800,0.0000,0.0000,0.0000
30.7342,coast,6.2800,0.0000,0.0000,0.0000
30.7391,coast,6.2800,0.0000,0.0000,0.0000
30.7442,coast,6.2800,0.0000,0.0000,0.0000
30.7492,coast,6.2800,0.0000,0.0000,0.0000
30.7544,coast,6.2800,0.0000,0.0000,0.0000
30.7591,coast,6.2800,0.0000,0.0000,0.0000
30.7642,coast,6.2800,0.0000,0.0000,0.0000
30.7691,coast,6.2800,0.0000,0.0000,0.0000
30.7742,coast,6.2800,0.0000,0.0000,0.0000
30.7791,coast,6.2800,0.0000,0.0000,0.0000
30.7842,coast,6.2800,0.0000,0.0000,0.0000
30.7892,coast,6.2800,0.0000,0.0000,0.0000
30.7941,coast,6.2800,0.0000,0.0000,0.0000
30.7991,coast,6.2800,0.0000,0.0000,0.0000
30.8042,coast,6.2800,0.0000,0.0000,0.0000
30.8092,coast,6.2800,0.0000,0.0000,0.0000
30.8142,coast,6.2800,0.0000,0.0000,0.0000
30.8191,coast,6.2800,0.0000,0.0000,0.0000
30.8242,coast,6.2800,0.0000,0.0000,0.0000
30.8291,coast,6.2800,0.0000,0.0000,0.0000
30.8342,coast,6.2800,0.0000,0.0000,0.0000
30.8392,coast,6.2800,0.0000,0.0000,0.0000
30.8441,coast,6.2800,0.0000,0.0000,0.0000
30.8491,coast,6.2800,0.0000,0.0000,0.0000
30.8542,coast,6.2800,0.0000,0.0000,0.0000
30.8591,coast,6.2800,0.0000,0.0000,0.0000
30.8641,coast,6.2800,0.0000,0.0000,0.0000
30.8692,coast,6.2800,0.0000,0.0000,0.0000
30.8743,coast,6.2800,0.0000,0.0000,0.0000
30.8793,coast,6.2800,0.0000,0.0000,0.0000
30.8842,coast,6.2800,0.0000,0.0000,0.0000
30.8891,coast,6.2800,0.0000,0.0000,0.0000
30.8942,coast,6.2800,0.0000,0.0000,0.0000
30.8992,coast,6.2800,0.0000,0.0000,0.0000
30.9041,coast,6.2800,0.0000,0.0000,0.0000
30.9092,coast,6.2800,0.0000,0.0000,0.0000
30.9142,coast,6.2800,0.0000,0.0000,0.0000
30.9191,coast,6.2800,0.0000,0.0000,0.0000
30.9241,coast,6.2800,0.0000,0.0000,0.0000
30.9292,coast,6.2800,0.0000,0.0000,0.0000
30.9341,coast,6.2800,0.0000,0.0000,0.0000
30.9391,coast,6.2800,0.0000,0.0000,0.0000
30.9441,coast,6.2800,0.0000,0.0000,0.0000
30.9491,coast,6.2800,0.0000,0.0000,0.0000
30.9541,coast,6.2800,0.0000,0.0000,0.0000
30.9592,coast,6.2800,0.0000,0.0000,0.0000
30.9641,coast,6.2800,0.0000,0.0000,0.0000
30.9691,coast,6.2800,0.0000,0.0000,0.0000
30.9742,coast,6.2800,0.0000,0.0000,0.0000
30.9791,coast,6.2800,0.0000,0.0000,0.0000
30.9842,coast,6.2800,0.0000,0.0000,0.0000
30.9891,coast,6.2800,0.0000,0.0000,0.0000
30.9942,coast,6.2800,0.0000,0.0000,0.0000
30.9991,coast,6.2800,0.0000,0.0000,0.0000
31.0041,coast,6.2800,0.0000,0.0000,0.0000
31.0091,coast,6.2800,0.0000,0.0000,0.0000
31.0142,coast,6.2800,0.0000,0.0000,0.0000
31.0192,coast,6.2800,0.0000,0.0000,0.0000
31.0242,coast,6.2800,0.0000,0.0000,0.0000
31.0291,coast,6.2800,0.0000,0.0000,0.0000
31.0341,coast,6.2800,0.0000,0.0000,0.0000
31.0392,coast,6.2800,0.0000,0.0000,0.0000
31.0442,coast,6.2800,0.0000,0.0000,0.0000
31.0492,coast,6.2800,0.0000,0.0000,0.0000
31.0542,coast,6.2800,0.0000,0.0000,0.0000
31.0592,coast,6.2800,0.0000,0.0000,0.0000
31.0642,coast,6.2800,0.0000,0.0000,0.0000
31.0691,coast,6.2800,0.0000,0.0000,0.0000
31.0742,coast,6.2800,0.0000,0.0000,0.0000
31.0793,coast,6.2800,0.0000,0.0000,0.0000
31.0843,coast,6.2800,0.0000,0.0000,0.0000
31.0891,coast,6.2800,0.0000,0.0000,0.0000
31.0942,coast,6.2800,0.0000,0.0000,0.0000
31.0992,coast,6.2800,0.0000,0.0000,0.0000
31.1044,coast,6.2800,0.0000,0.0000,0.0000
31.1092,coast,6.2800,0.0000,0.0000,0.0000
31.1143,coast,6.2800,0.0000,0.0000,0.0000
31.1191,coast,6.2800,0.0000,0.0000,0.0000
31.1242,coast,6.2800,0.0000,0.0000,0.0000
31.1292,coast,6.2800,0.0000,0.0000,0.0000
31.1342,coast,6.2800,0.0000,0.0000,0.0000
31.1392,coast,6.2800,0.0000,0.0000,0.0000
31.1441,coast,6.2800,0.0000,0.0000,0.0000
31.1492,coast,6.2800,0.0000,0.0000,0.0000
31.1544,coast,6.2800,0.0000,0.0000,0.0000
31.1595,coast,6.2800,0.0000,0.0000,0.0000
31.1643,coast,6.2800,0.0000,0.0000,0.0000
31.1695,coast,6.2800,0.0000,0.0000,0.0000
31.1743,coast,6.2800,0.0000,0.0000,0.0000
31.1792,coast,6.2800,0.0000,0.0000,0.0000
31.1842,coast,6.2800,0.0000,0.0000,0.0000
31.1892,coast,6.2800,0.0000,0.0000,0.0000
31.1941,coast,6.2800,0.0000,0.0000,0.0000
31.1991,coast,6.2800,0.0000,0.0000,0.0000
31.2041,coast,6.2800,0.0000,0.0000,0.0000
31.2092,coast,6.2800,0.0000,0.0000,0.0000
31.2141,coast,6.2800,0.0000,0.0000,0.0000
31.2192,coast,6.2800,0.0000,0.0000,0.0000
31.2243,coast,6.2800,0.0000,0.0000,0.0000
31.2293,coast,6.2800,0.0000,0.0000,0.0000
31.2344,coast,6.2800,0.0000,0.0000,0.0000
31.2396,coast,6.2800,0.0000,0.0000,0.0000
31.2445,coast,6.2800,0.0000,0.0000,0.0000
31.2496,coast,6.2800,0.0000,0.0000,0.0000
31.2542,coast,6.2800,0.0000,0.0000,0.0000
31.2592,coast,6.2800,0.0000,0.0000,0.0000
31.2640,coast,6.2800,0.0000,0.0000,0.0000
31.2691,coast,6.2800,0.0000,0.0000,0.0000
31.2745,coast,6.2800,0.0000,0.0000,0.0000
31.2794,coast,6.2800,0.0000,0.0000,0.0000
31.2842,coast,6.2800,0.0000,0.0000,0.0000
31.2892,coast,6.2800,0.0000,0.0000,0.0000
31.2942,coast,6.2800,0.0000,0.0000,0.0000
31.2992,coast,6.2800,0.0000,0.0000,0.0000
31.3042,coast,6.2800,0.0000,0.0000,0.0000
31.3092,coast,6.2800,0.0000,0.0000,0.0000
31.3143,coast,6.2800,0.0000,0.0000,0.0000
31.3192,coast,6.2800,0.0000,0.0000,0.0000
31.3241,coast,6.2800,0.0000,0.0000,0.0000
31.3292,coast,6.2800,0.0000,0.0000,0.0000
31.3342,coast,6.2800,0.0000,0.0000,0.0000
31.3392,coast,6.2800,0.0000,0.0000,0.0000
31.3443,coast,6.2800,0.0000,0.0000,0.0000
31.3493,coast,6.2800,0.0000,0.0000,0.0000
31.3541,coast,6.2800,0.0000,0.0000,0.0000
31.3592,coast,6.2800,0.0000,0.0000,0.0000
31.3642,coast,6.2800,0.0000,0.0000,0.0000
31.3692,coast,6.2800,0.0000,0.0000,0.0000
31.3742,coast,6.2800,0.0000,0.0000,0.0000
31.3791,coast,6.2800,0.0000,0.0000,0.0000
31.3842,coast,6.2800,0.0000,0.0000,0.0000
31.3892,coast,6.2800,0.0000,0.0000,0.0000
31.3942,coast,6.2800,0.0000,0.0000,0.0000
31.3992,coast,6.2800,0.0000,0.0000,0.0000
31.4043,coast,6.2800,0.0000,0.0000,0.0000
31.4093,coast,6.2800,0.0000,0.0000,0.0000
31.4143,coast,6.2800,0.0000,0.0000,0.0000
31.4191,coast,6.2800,0.0000,0.0000,0.0000
31.4242,coast,6.2800,0.0000,0.0000,0.0000
31.4293,coast,6.2800,0.0000,0.0000,0.0000
31.4342,coast,6.2800,0.0000,0.0000,0.0000
31.4392,coast,6.2800,0.0000,0.0000,0.0000
31.4442,coast,6.2800,0.0000,0.0000,0.0000
31.4492,coast,6.2800,0.0000,0.0000,0.0000
31.4541,coast,6.2800,0.0000,0.0000,0.0000
31.4592,coast,6.2800,0.0000,0.0000,0.0000
31.4642,coast,6.2800,0.0000,0.0000,0.0000
31.4692,coast,6.2800,0.0000,0.0000,0.0000
31.4741,coast,6.2800,0.0000,0.0000,0.0000
31.4792,coast,6.2800,0.0000,0.0000,0.0000
31.4842,coast,6.2800,0.0000,0.0000,0.0000
31.4892,coast,6.2800,0.0000,0.0000,0.0000
31.4942,coast,6.2800,0.0000,0.0000,0.0000
31.4991,coast,6.2800,0.0000,0.0000,0.0000
31.5042,coast,6.2800,0.0000,0.0000,0.0000
31.5092,coast,6.2800,0.0000,0.0000,0.0000
31.5143,coast,6.2800,0.0000,0.0000,0.0000
31.5191,coast,6.2800,0.0000,0.0000,0.0000
31.5242,coast,6.2800,0.0000,0.0000,0.0000
31.5292,coast,6.2800,0.0000,0.0000,0.0000
31.5342,coast,6.2800,0.0000,0.0000,0.0000
31.5392,coast,6.2800,0.0000,0.0000,0.0000
31.5442,coast,6.2800,0.0000,0.0000,0.0000
31.5492,coast,6.2800,0.0000,0.0000,0.0000
31.5541,coast,6.2800,0.0000,0.0000,0.0000
31.5592,coast,6.2800,0.0000,0.0000,0.0000
31.5642,coast,6.2800,0.0000,0.0000,0.0000
31.5692,coast,6.2800,0.0000,0.0000,0.0000
31.5742,coast,6.2800,0.0000,0.0000,0.0000
31.5792,coast,6.2800,0.0000,0.0000,0.0000
31.5841,coast,6.2800,0.0000,0.0000,0.0000
31.5892,coast,6.2800,0.0000,0.0000,0.0000
31.5942,coast,6.2800,0.0000,0.0000,0.0000
31.5991,coast,6.2800,0.0000,0.0000,0.0000
31.6041,coast,6.2800,0.0000,0.0000,0.0000
31.6092,coast,6.2800,0.0000,0.0000,0.0000
31.6141,coast,6.2800,0.0000,0.0000,0.0000
31.6192,coast,6.2800,0.0000,0.0000,0.0000
31.6243,coast,6.2800,0.0000,0.0000,0.0000
31.6293,coast,6.2800,0.0000,0.0000,0.0000
31.6342,coast,6.2800,0.0000,0.0000,0.0000
31.6393,coast,6.2800,0.0000,0.0000,0.0000
31.6441,coast,6.2800,0.0000,0.0000,0.0000
31.6492,coast,6.2800,0.0000,0.0000,0.0000
31.6541,coast,6.2800,0.0000,0.0000,0.0000
31.6592,coast,6.2800,0.0000,0.0000,0.0000
31.6641,coast,6.2800,0.0000,0.0000,0.0000
31.6692,coast,6.2800,0.0000,0.0000,0.0000
31.6741,coast,6.2800,0.0000,0.0000,0.0000
31.6792,coast,6.2800,0.0000,0.0000,0.0000
31.6842,coast,6.2800,0.0000,0.0000,0.0000
31.6893,coast,6.2800,0.0000,0.0000,0.0000
31.6942,coast,6.2800,0.0000,0.0000,0.0000
31.6992,coast,6.2800,0.0000,0.0000,0.0000
31.7041,coast,6.2800,0.0000,0.0000,0.0000
31.7092,coast,6.2800,0.0000,0.0000,0.0000
31.7145,coast,6.2800,0.0000,0.0000,0.0000
31.7194,coast,6.2800,0.0000,0.0000,0.0000
31.7243,coast,6.2800,0.0000,0.0000,0.0000
31.7292,coast,6.2800,0.0000,0.0000,0.0000
31.7340,coast,6.2800,0.0000,0.0000,0.0000
31.7391,coast,6.2800,0.0000,0.0000,0.0000
31.7442,coast,6.2800,0.0000,0.0000,0.0000
31.7491,coast,6.2800,0.0000,0.0000,0.0000
31.7542,coast,6.2800,0.0000,0.0000,0.0000
31.7593,coast,6.2800,0.0000,0.0000,0.0000
31.7641,coast,6.2800,0.0000,0.0000,0.0000
31.7692,coast,6.2800,0.0000,0.0000,0.0000
31.7742,coast,6.2800,0.0000,0.0000,0.0000
31.7792,coast,6.2800,0.0000,0.0000,0.0000
31.7843,coast,6.2800,0.0000,0.0000,0.0000
31.7892,coast,6.2800,0.0000,0.0000,0.0000
31.7942,coast,6.2800,0.0000,0.0000,0.0000
31.7992,coast,6.2800,0.0000,0.0000,0.0000
31.8042,coast,6.2800,0.0000,0.0000,0.0000
31.8091,coast,6.2800,0.0000,0.0000,0.0000
31.8141,coast,6.2800,0.0000,0.0000,0.0000
31.8191,coast,6.2800,0.0000,0.0000,0.0000
31.8241,coast,6.2800,0.0000,0.0000,0.0000
31.8292,coast,6.2800,0.0000,0.0000,0.0000
31.8342,coast,6.2800,0.0000,0.0000,0.0000
31.8392,coast,6.2800,0.0000,0.0000,0.0000
31.8441,coast,6.2800,0.0000,0.0000,0.0000
31.8491,coast,6.2800,0.0000,0.0000,0.0000
31.8541,coast,6.2800,0.0000,0.0000,0.0000
31.8592,coast,6.2800,0.0000,0.0000,0.0000
31.8642,coast,6.2800,0.0000,0.0000,0.0000
31.8691,coast,6.2800,0.0000,0.0000,0.0000
31.8741,coast,6.2800,0.0000,0.0000,0.0000
31.8791,coast,6.2800,0.0000,0.0000,0.0000
31.8841,coast,6.2800,0.0000,0.0000,0.0000
31.8893,coast,6.2800,0.0000,0.0000,0.0000
31.8942,coast,6.2800,0.0000,0.0000,0.0000
31.8992,coast,6.2800,0.0000,0.0000,0.0000
31.9041,coast,6.2800,0.0000,0.0000,0.0000
31.9091,coast,6.2800,0.0000,0.0000,0.0000
31.9142,coast,6.2800,0.0000,0.0000,0.0000
31.9192,coast,6.2800,0.0000,0.0000,0.0000
31.9241,coast,6.2800,0.0000,0.0000,0.0000
31.9293,coast,6.2800,0.0000,0.0000,0.0000
31.9343,coast,6.2800,0.0000,0.0000,0.0000
31.9394,coast,6.2800,0.0000,0.0000,0.0000
31.9441,coast,6.2800,0.0000,0.0000,0.0000
31.9492,coast,6.2800,0.0000,0.0000,0.0000
31.9542,coast,6.2800,0.0000,0.0000,0.0000
31.9591,coast,6.2800,0.0000,0.0000,0.0000
31.9642,coast,6.2800,0.0000,0.0000,0.0000
31.9692,coast,6.2800,0.0000,0.0000,0.0000
31.9741,coast,6.2800,0.0000,0.0000,0.0000
31.9792,coast,6.2800,0.0000,0.0000,0.0000
31.9842,coast,6.2800,0.0000,0.0000,0.0000
31.9891,coast,6.2800,0.0000,0.0000,0.0000
31.9942,coast,6.2800,0.0000,0.0000,0.0000
31.9991,coast,6.2800,0.0000,0.0000,0.0000
32.0042,coast,6.2800,0.0000,0.0000,0.0000
32.0092,coast,6.2800,0.0000,0.0000,0.0000
32.0142,coast,6.2800,0.0000,0.0000,0.0000
32.0192,coast,6.2800,0.0000,0.0000,0.0000
32.0242,coast,6.2800,0.0000,0.0000,0.0000
32.0291,coast,6.2800,0.0000,0.0000,0.0000
32.0341,coast,6.2800,0.0000,0.0000,0.0000
32.0391,coast,6.2800,0.0000,0.0000,0.0000
32.0442,coast,6.2800,0.0000,0.0000,0.0000
32.0492,coast,6.2800,0.0000,0.0000,0.0000
32.0541,coast,6.2800,0.0000,0.0000,0.0000
32.0593,coast,6.2800,0.0000,0.0000,0.0000
32.0642,coast,6.2800,0.0000,0.0000,0.0000
32.0692,coast,6.2800,0.0000,0.0000,0.0000
32.0742,coast,6.2800,0.0000,0.0000,0.0000
32.0792,coast,6.2800,0.0000,0.0000,0.0000
32.0843,coast,6.2800,0.0000,0.0000,0.0000
32.0892,coast,6.2800,0.0000,0.0000,0.0000
32.0947,coast,6.2800,0.0000,0.0000,0.0000
32.0991,coast,6.2800,0.0000,0.0000,0.0000
32.1041,coast,6.2800,0.0000,0.0000,0.0000
32.1091,coast,6.2800,0.0000,0.0000,0.0000
32.1142,coast,6.2800,0.0000,0.0000,0.0000
32.1193,coast,6.2800,0.0000,0.0000,0.0000
32.1243,coast,6.2800,0.0000,0.0000,0.0000
32.1292,coast,6.2800,0.0000,0.0000,0.0000
32.1345,coast,6.2800,0.0000,0.0000,0.0000
32.1391,coast,6.2800,0.0000,0.0000,0.0000
32.1441,coast,6.2800,0.0000,0.0000,0.0000
32.1495,coast,6.2800,0.0000,0.0000,0.0000
32.1542,coast,6.2800,0.0000,0.0000,0.0000
32.1594,coast,6.2800,0.0000,0.0000,0.0000
32.1642,coast,6.2800,0.0000,0.0000,0.0000
32.1691,coast,6.2800,0.0000,0.0000,0.0000
32.1742,coast,6.2800,0.0000,0.0000,0.0000
32.1792,coast,6.2800,0.0000,0.0000,0.0000
32.1842,coast,6.2800,0.0000,0.0000,0.0000
32.1891,coast,6.2800,0.0000,0.0000,0.0000
32.1942,coast,6.2800,0.0000,0.0000,0.0000
32.1992,coast,6.2800,0.0000,0.0000,0.0000
32.2042,coast,6.2800,0.0000,0.0000,0.0000
32.2091,coast,6.2800,0.0000,0.0000,0.0000
32.2141,coast,6.2800,0.0000,0.0000,0.0000
32.2192,coast,6.2800,0.0000,0.0000,0.0000
32.2242,coast,6.2800,0.0000,0.0000,0.0000
32.2292,coast,6.2800,0.0000,0.0000,0.0000
32.2341,coast,6.2800,0.0000,0.0000,0.0000
32.2392,coast,6.2800,0.0000,0.0000,0.0000
32.2442,coast,6.2800,0.0000,0.0000,0.0000
32.2494,coast,6.2800,0.0000,0.0000,0.0000
32.2541,coast,6.2800,0.0000,0.0000,0.0000
32.2592,coast,6.2800,0.0000,0.0000,0.0000
32.2642,coast,6.2800,0.0000,0.0000,0.0000
32.2692,coast,6.2800,0.0000,0.0000,0.0000
32.2744,coast,6.2800,0.0000,0.0000,0.0000
32.2795,coast,6.2800,0.0000,0.0000,0.0000
32.2842,coast,6.2800,0.0000,0.0000,0.0000
32.2891,coast,6.2800,0.0000,0.0000,0.0000
32.2942,coast,6.2800,0.0000,0.0000,0.0000
32.2991,coast,6.2800,0.0000,0.0000,0.0000
32.3042,coast,6.2800,0.0000,0.0000,0.0000
32.3091,coast,6.2800,0.0000,0.0000,0.0000
32.3142,coast,6.2800,0.0000,0.0000,0.0000
32.3191,coast,6.2800,0.0000,0.0000,0.0000
32.3242,coast,6.2800,0.0000,0.0000,0.0000
32.3292,coast,6.2800,0.0000,0.0000,0.0000
32.3341,coast,6.2800,0.0000,0.0000,0.0000
32.3391,coast,6.2800,0.0000,0.0000,0.0000
32.3441,coast,6.2800,0.0000,0.0000,0.0000
32.3491,coast,6.2800,0.0000,0.0000,0.0000
32.3542,coast,6.2800,0.0000,0.0000,0.0000
32.3592,coast,6.2800,0.0000,0.0000,0.0000
32.3642,coast,6.2800,0.0000,0.0000,0.0000
32.3692,coast,6.2800,0.0000,0.0000,0.0000
32.3741,coast,6.2800,0.0000,0.0000,0.0000
32.3791,coast,6.2800,0.0000,0.0000,0.0000
32.3842,coast,6.2800,0.0000,0.0000,0.0000
32.3892,coast,6.2800,0.0000,0.0000,0.0000
32.3941,coast,6.2800,0.0000,0.0000,0.0000
32.3991,coast,6.2800,0.0000,0.0000,0.0000
32.4042,coast,6.2800,0.0000,0.0000,0.0000
32.4092,coast,6.2800,0.0000,0.0000,0.0000
32.4142,coast,6.2800,0.0000,0.0000,0.0000
32.4191,coast,6.2800,0.0000,0.0000,0.0000
32.4241,coast,6.2800,0.0000,0.0000,0.0000
32.4292,coast,6.2800,0.0000,0.0000,0.0000
32.4341,coast,6.2800,0.0000,0.0000,0.0000
32.4392,coast,6.2800,0.0000,0.0000,0.0000
32.4443,coast,6.2800,0.0000,0.0000,0.0000
32.4492,coast,6.2800,0.0000,0.0000,0.0000
32.4543,coast,6.2800,0.0000,0.0000,0.0000
32.4591,coast,6.2800,0.0000,0.0000,0.0000
32.4642,coast,6.2800,0.0000,0.0000,0.0000
32.4692,coast,6.2800,0.0000,0.0000,0.0000
32.4741,coast,6.2800,0.0000,0.0000,0.0000
32.4791,coast,6.2800,0.0000,0.0000,0.0000
32.4842,coast,6.2800,0.0000,0.0000,0.0000
32.4895,coast,6.2800,0.0000,0.0000,0.0000
32.4952,coast,6.2800,0.0000,0.0000,0.0000
32.4992,coast,6.2800,0.0000,0.0000,0.0000
32.5045,coast,6.2800,0.0000,0.0000,0.0000
32.5101,coast,6.2800,0.0000,0.0000,0.0000
32.5153,coast,6.2800,0.0000,0.0000,0.0000
32.5199,coast,6.2800,0.0000,0.0000,0.0000
32.5242,coast,6.2800,0.0000,0.0000,0.0000
32.5314,coast,6.2800,0.0000,0.0000,0.0000
32.5343,coast,6.2800,0.0000,0.0000,0.0000
32.5396,coast,6.2800,0.0000,0.0000,0.0000
32.5450,coast,6.2800,0.0000,0.0000,0.0000
32.5503,coast,6.2800,0.0000,0.0000,0.0000
32.5552,coast,6.2800,0.0000,0.0000,0.0000
32.5595,coast,6.2800,0.0000,0.0000,0.0000
32.5643,coast,6.2800,0.0000,0.0000,0.0000
32.5693,coast,6.2800,0.0000,0.0000,0.0000
32.5751,coast,6.2800,0.0000,0.0000,0.0000
32.5794,coast,6.2800,0.0000,0.0000,0.0000
32.5845,coast,6.2800,0.0000,0.0000,0.0000
32.5902,coast,6.2800,0.0000,0.0000,0.0000
32.5952,coast,6.2800,0.0000,0.0000,0.0000
32.5998,coast,6.2800,0.0000,0.0000,0.0000
32.6042,coast,6.2800,0.0000,0.0000,0.0000
32.6101,coast,6.2800,0.0000,0.0000,0.0000
32.6162,coast,6.2800,0.0000,0.0000,0.0000
32.6201,coast,6.2800,0.0000,0.0000,0.0000
32.6252,coast,6.2800,0.0000,0.0000,0.0000
32.6309,coast,6.2800,0.0000,0.0000,0.0000
32.6371,coast,6.2800,0.0000,0.0000,0.0000
32.6404,coast,6.2800,0.0000,0.0000,0.0000
32.6445,coast,6.2800,0.0000,0.0000,0.0000
32.6494,coast,6.2800,0.0000,0.0000,0.0000
32.6541,coast,6.2800,0.0000,0.0000,0.0000
32.6591,coast,6.2800,0.0000,0.0000,0.0000
32.6641,coast,6.2800,0.0000,0.0000,0.0000
32.6691,coast,6.2800,0.0000,0.0000,0.0000
32.6741,coast,6.2800,0.0000,0.0000,0.0000
32.6792,coast,6.2800,0.0000,0.0000,0.0000
32.6841,coast,6.2800,0.0000,0.0000,0.0000
32.6893,coast,6.2800,0.0000,0.0000,0.0000
32.6943,coast,6.2800,0.0000,0.0000,0.0000
32.6992,coast,6.2800,0.0000,0.0000,0.0000
32.7046,coast,6.2800,0.0000,0.0000,0.0000
32.7095,coast,6.2800,0.0000,0.0000,0.0000
32.7142,coast,6.2800,0.0000,0.0000,0.0000
32.7191,coast,6.2800,0.0000,0.0000,0.0000
32.7243,coast,6.2800,0.0000,0.0000,0.0000
32.7292,coast,6.2800,0.0000,0.0000,0.0000
32.7342,coast,6.2800,0.0000,0.0000,0.0000
32.7391,coast,6.2800,0.0000,0.0000,0.0000
32.7441,coast,6.2800,0.0000,0.0000,0.0000
32.7492,coast,6.2800,0.0000,0.0000,0.0000
32.7542,coast,6.2800,0.0000,0.0000,0.0000
32.7591,coast,6.2800,0.0000,0.0000,0.0000
32.7643,coast,6.2800,0.0000,0.0000,0.0000
32.7692,coast,6.2800,0.0000,0.0000,0.0000
32.7742,coast,6.2800,0.0000,0.0000,0.0000
32.7792,coast,6.2800,0.0000,0.0000,0.0000
32.7842,coast,6.2800,0.0000,0.0000,0.0000
32.7892,coast,6.2800,0.0000,0.0000,0.0000
32.7944,coast,6.2800,0.0000,0.0000,0.0000
32.7992,coast,6.2800,0.0000,0.0000,0.0000
32.8042,coast,6.2800,0.0000,0.0000,0.0000
32.8093,coast,6.2800,0.0000,0.0000,0.0000
32.8142,coast,6.2800,0.0000,0.0000,0.0000
32.8193,coast,6.2800,0.0000,0.0000,0.0000
32.8243,coast,6.2800,0.0000,0.0000,0.0000
32.8292,coast,6.2800,0.0000,0.0000,0.0000
32.8343,coast,6.2800,0.0000,0.0000,0.0000
32.8392,coast,6.2800,0.0000,0.0000,0.0000
32.8441,coast,6.2800,0.0000,0.0000,0.0000
32.8493,coast,6.2800,0.0000,0.0000,0.0000
32.8542,coast,6.2800,0.0000,0.0000,0.0000
32.8591,coast,6.2800,0.0000,0.0000,0.0000
32.8642,coast,6.2800,0.0000,0.0000,0.0000
32.8692,coast,6.2800,0.0000,0.0000,0.0000
32.8742,coast,6.2800,0.0000,0.0000,0.0000
32.8792,coast,6.2800,0.0000,0.0000,0.0000
32.8842,coast,6.2800,0.0000,0.0000,0.0000
32.8892,coast,6.2800,0.0000,0.0000,0.0000
32.8942,coast,6.2800,0.0000,0.0000,0.0000
32.8992,coast,6.2800,0.0000,0.0000,0.0000
32.9042,coast,6.2800,0.0000,0.0000,0.0000
32.9091,coast,6.2800,0.0000,0.0000,0.0000
32.9143,coast,6.2800,0.0000,0.0000,0.0000
32.9192,coast,6.2800,0.0000,0.0000,0.0000
32.9241,coast,6.2800,0.0000,0.0000,0.0000
32.9292,coast,6.2800,0.0000,0.0000,0.0000
32.9342,coast,6.2800,0.0000,0.0000,0.0000
32.9392,coast,6.2800,0.0000,0.0000,0.0000
32.9441,coast,6.2800,0.0000,0.0000,0.0000
32.9492,coast,6.2800,0.0000,0.0000,0.0000
32.9541,coast,6.2800,0.0000,0.0000,0.0000
32.9592,coast,6.2800,0.0000,0.0000,0.0000
32.9641,coast,6.2800,0.0000,0.0000,0.0000
32.9692,coast,6.2800,0.0000,0.0000,0.0000
32.9742,coast,6.2800,0.0000,0.0000,0.0000
32.9792,coast,6.2800,0.0000,0.0000,0.0000
32.9842,coast,6.2800,0.0000,0.0000,0.0000
32.9891,coast,6.2800,0.0000,0.0000,0.0000
32.9945,coast,6.2800,0.0000,0.0000,0.0000
32.9994,coast,6.2800,0.0000,0.0000,0.0000
33.0041,coast,6.2800,0.0000,0.0000,0.0000
33.0094,coast,6.2800,0.0000,0.0000,0.0000
33.0143,coast,6.2800,0.0000,0.0000,0.0000
33.0193,coast,6.2800,0.0000,0.0000,0.0000
33.0243,coast,6.2800,0.0000,0.0000,0.0000
33.0302,coast,6.2800,0.0000,0.0000,0.0000
33.0344,coast,6.2800,0.0000,0.0000,0.0000
33.0398,coast,6.2800,0.0000,0.0000,0.0000
33.0441,coast,6.2800,0.0000,0.0000,0.0000
33.0502,coast,6.2800,0.0000,0.0000,0.0000
33.0550,coast,6.2800,0.0000,0.0000,0.0000
33.0598,coast,6.2800,0.0000,0.0000,0.0000
33.0646,coast,6.2800,0.0000,0.0000,0.0000
33.0694,coast,6.2800,0.0000,0.0000,0.0000
33.0742,coast,6.2800,0.0000,0.0000,0.0000
33.0790,coast,6.2800,0.0000,0.0000,0.0000
33.0843,coast,6.2800,0.0000,0.0000,0.0000
33.0892,coast,6.2800,0.0000,0.0000,0.0000
33.0942,coast,6.2800,0.0000,0.0000,0.0000
33.0991,coast,6.2800,0.0000,0.0000,0.0000
33.1041,coast,6.2800,0.0000,0.0000,0.0000
33.1093,coast,6.2800,0.0000,0.0000,0.0000
33.1145,coast,6.2800,0.0000,0.0000,0.0000
33.1191,coast,6.2800,0.0000,0.0000,0.0000
33.1241,coast,6.2800,0.0000,0.0000,0.0000
33.1294,coast,6.2800,0.0000,0.0000,0.0000
33.1343,coast,6.2800,0.0000,0.0000,0.0000
33.1392,coast,6.2800,0.0000,0.0000,0.0000
33.1445,coast,6.2800,0.0000,0.0000,0.0000
33.1492,coast,6.2800,0.0000,0.0000,0.0000
33.1542,coast,6.2800,0.0000,0.0000,0.0000
33.1591,coast,6.2800,0.0000,0.0000,0.0000
33.1643,coast,6.2800,0.0000,0.0000,0.0000
33.1692,coast,6.2800,0.0000,0.0000,0.0000
33.1743,coast,6.2800,0.0000,0.0000,0.0000
33.1793,coast,6.2800,0.0000,0.0000,0.0000
33.1841,coast,6.2800,0.0000,0.0000,0.0000
33.1893,coast,6.2800,0.0000,0.0000,0.0000
33.1942,coast,6.2800,0.0000,0.0000,0.0000
33.1993,coast,6.2800,0.0000,0.0000,0.0000
33.2042,coast,6.2800,0.0000,0.0000,0.0000
33.2091,coast,6.2800,0.0000,0.0000,0.0000
33.2142,coast,6.2800,0.0000,0.0000,0.0000
33.2192,coast,6.2800,0.0000,0.0000,0.0000
33.2242,coast,6.2800,0.0000,0.0000,0.0000
33.2291,coast,6.2800,0.0000,0.0000,0.0000
33.2342,coast,6.2800,0.0000,0.0000,0.0000
33.2392,coast,6.2800,0.0000,0.0000,0.0000
33.2441,coast,6.2800,0.0000,0.0000,0.0000
33.2491,coast,6.2800,0.0000,0.0000,0.0000
33.2542,coast,6.2800,0.0000,0.0000,0.0000
33.2592,coast,6.2800,0.0000,0.0000,0.0000
33.2641,coast,6.2800,0.0000,0.0000,0.0000
33.2692,coast,6.2800,0.0000,0.0000,0.0000
33.2745,coast,6.2800,0.0000,0.0000,0.0000
33.2794,coast,6.2800,0.0000,0.0000,0.0000
33.2843,coast,6.2800,0.0000,0.0000,0.0000
33.2894,coast,6.2800,0.0000,0.0000,0.0000
33.2941,coast,6.2800,0.0000,0.0000,0.0000
33.2991,coast,6.2800,0.0000,0.0000,0.0000
33.3041,coast,6.2800,0.0000,0.0000,0.0000
33.3091,coast,6.2800,0.0000,0.0000,0.0000
33.3141,coast,6.2800,0.0000,0.0000,0.0000
33.3192,coast,6.2800,0.0000,0.0000,0.0000
33.3242,coast,6.2800,0.0000,0.0000,0.0000
33.3292,coast,6.2800,0.0000,0.0000,0.0000
33.3341,coast,6.2800,0.0000,0.0000,0.0000
33.3392,coast,6.2800,0.0000,0.0000,0.0000
33.3443,coast,6.2800,0.0000,0.0000,0.0000
33.3492,coast,6.2800,0.0000,0.0000,0.0000
33.3541,coast,6.2800,0.0000,0.0000,0.0000
33.3592,coast,6.2800,0.0000,0.0000,0.0000
33.3642,coast,6.2800,0.0000,0.0000,0.0000
33.3692,coast,6.2800,0.0000,0.0000,0.0000
33.3741,coast,6.2800,0.0000,0.0000,0.0000
33.3791,coast,6.2800,0.0000,0.0000,0.0000
33.3841,coast,6.2800,0.0000,0.0000,0.0000
33.3892,coast,6.2800,0.0000,0.0000,0.0000
33.3942,coast,6.2800,0.0000,0.0000,0.0000
33.3992,coast,6.2800,0.0000,0.0000,0.0000
33.4042,coast,6.2800,0.0000,0.0000,0.0000
33.4092,coast,6.2800,0.0000,0.0000,0.0000
33.4141,coast,6.2800,0.0000,0.0000,0.0000
33.4191,coast,6.2800,0.0000,0.0000,0.0000
33.4243,coast,6.2800,0.0000,0.0000,0.0000
33.4291,coast,6.2800,0.0000,0.0000,0.0000
33.4341,coast,6.2800,0.0000,0.0000,0.0000
33.4391,coast,6.2800,0.0000,0.0000,0.0000
33.4443,coast,6.2800,0.0000,0.0000,0.0000
33.4492,coast,6.2800,0.0000,0.0000,0.0000
33.4544,coast,6.2800,0.0000,0.0000,0.0000
33.4591,coast,6.2800,0.0000,0.0000,0.0000
33.4643,coast,6.2800,0.0000,0.0000,0.0000
33.4692,coast,6.2800,0.0000,0.0000,0.0000
33.4742,coast,6.2800,0.0000,0.0000,0.0000
33.4791,coast,6.2800,0.0000,0.0000,0.0000
33.4842,coast,6.2800,0.0000,0.0000,0.0000
33.4892,coast,6.2800,0.0000,0.0000,0.0000
33.4942,coast,6.2800,0.0000,0.0000,0.0000
33.4992,coast,6.2800,0.0000,0.0000,0.0000
33.5041,coast,6.2800,0.0000,0.0000,0.0000
33.5092,coast,6.2800,0.0000,0.0000,0.0000
33.5141,coast,6.2800,0.0000,0.0000,0.0000
33.5193,coast,6.2800,0.0000,0.0000,0.0000
33.5242,coast,6.2800,0.0000,0.0000,0.0000
33.5293,coast,6.2800,0.0000,0.0000,0.0000
33.5341,coast,6.2800,0.0000,0.0000,0.0000
33.5392,coast,6.2800,0.0000,0.0000,0.0000
33.5442,coast,6.2800,0.0000,0.0000,0.0000
33.5491,coast,6.2800,0.0000,0.0000,0.0000
33.5541,coast,6.2800,0.0000,0.0000,0.0000
33.5592,coast,6.2800,0.0000,0.0000,0.0000
33.5641,coast,6.2800,0.0000,0.0000,0.0000
33.5692,coast,6.2800,0.0000,0.0000,0.0000
33.5743,coast,6.2800,0.0000,0.0000,0.0000
33.5792,coast,6.2800,0.0000,0.0000,0.0000
33.5841,coast,6.2800,0.0000,0.0000,0.0000
33.5892,coast,6.2800,0.0000,0.0000,0.0000
33.5942,coast,6.2800,0.0000,0.0000,0.0000
33.5992,coast,6.2800,0.0000,0.0000,0.0000
33.6041,coast,6.2800,0.0000,0.0000,0.0000
33.6092,coast,6.2800,0.0000,0.0000,0.0000
33.6142,coast,6.2800,0.0000,0.0000,0.0000
33.6193,coast,6.2800,0.0000,0.0000,0.0000
33.6241,coast,6.2800,0.0000,0.0000,0.0000
33.6292,coast,6.2800,0.0000,0.0000,0.0000
33.6342,coast,6.2800,0.0000,0.0000,0.0000
33.6392,coast,6.2800,0.0000,0.0000,0.0000
33.6442,coast,6.2800,0.0000,0.0000,0.0000
33.6493,coast,6.2800,0.0000,0.0000,0.0000
33.6541,coast,6.2800,0.0000,0.0000,0.0000
33.6592,coast,6.2800,0.0000,0.0000,0.0000
33.6642,coast,6.2800,0.0000,0.0000,0.0000
33.6692,coast,6.2800,0.0000,0.0000,0.0000
33.6744,coast,6.2800,0.0000,0.0000,0.0000
33.6792,coast,6.2800,0.0000,0.0000,0.0000
33.6843,coast,6.2800,0.0000,0.0000,0.0000
33.6892,coast,6.2800,0.0000,0.0000,0.0000
33.6942,coast,6.2800,0.0000,0.0000,0.0000
33.6992,coast,6.2800,0.0000,0.0000,0.0000
33.7041,coast,6.2800,0.0000,0.0000,0.0000
33.7091,coast,6.2800,0.0000,0.0000,0.0000
33.7143,coast,6.2800,0.0000,0.0000,0.0000
33.7192,coast,6.2800,0.0000,0.0000,0.0000
33.7242,coast,6.2800,0.0000,0.0000,0.0000
33.7291,coast,6.2800,0.0000,0.0000,0.0000
33.7341,coast,6.2800,0.0000,0.0000,0.0000
33.7392,coast,6.2800,0.0000,0.0000,0.0000
33.7442,coast,6.2800,0.0000,0.0000,0.0000
33.7492,coast,6.2800,0.0000,0.0000,0.0000
33.7542,coast,6.2800,0.0000,0.0000,0.0000
33.7591,coast,6.2800,0.0000,0.0000,0.0000
