t_s,mode,target_rad_s,speed_rad_s,u,u_unsaturated
0.0907,coast,6.2800,0.0000,0.0000,0.0000
0.0926,pi,6.2800,0.0000,-0.1256,-0.1256
0.0971,pi,6.2800,0.0000,-0.1256,-0.1256
0.1015,pi,6.2800,0.0000,-0.1256,-0.1256
0.1059,pi,6.2800,0.0000,-0.1256,-0.1256
0.1102,pi,6.2800,0.0000,-0.1256,-0.1256
0.1139,pi,6.2800,0.0000,-0.1256,-0.1256
0.1177,pi,6.2800,0.0000,-0.1256,-0.1256
0.1215,pi,6.2800,0.0000,-0.1256,-0.1256
0.1257,pi,6.2800,0.0000,-0.1256,-0.1256
0.1299,pi,6.2800,0.0000,-0.1256,-0.1256
0.1336,pi,6.2800,0.0000,-0.1256,-0.1256
0.1374,pi,6.2800,0.0000,-0.1256,-0.1256
0.1412,pi,6.2800,0.0000,-0.1256,-0.1256
0.1453,pi,6.2800,0.0000,-0.1256,-0.1256
0.1491,pi,6.2800,0.0000,-0.1256,-0.1256
0.1529,pi,6.2800,0.0000,-0.1256,-0.1256
0.1567,pi,6.2800,0.0000,-0.1256,-0.1256
0.1604,pi,6.2800,0.0000,-0.1256,-0.1256
0.1651,pi,6.2800,0.0000,-0.1256,-0.1256
0.1703,pi,6.2800,0.0000,-0.1256,-0.1256
0.1751,pi,6.2800,0.0000,-0.1256,-0.1256
0.1805,pi,6.2800,0.0000,-0.1256,-0.1256
0.1853,pi,6.2800,0.0000,-0.1256,-0.1256
0.1909,pi,6.2800,0.0000,-0.1256,-0.1256
0.1959,pi,6.2800,0.0000,-0.1256,-0.1256
0.2005,pi,6.2800,0.0000,-0.1256,-0.1256
0.2052,pi,6.2800,0.0000,-0.1256,-0.1256
0.2102,pi,6.2800,0.0000,-0.1256,-0.1256
0.2152,pi,6.2800,0.0000,-0.1256,-0.1256
0.2202,pi,6.2800,0.0000,-0.1256,-0.1256
0.2252,pi,6.2800,0.0000,-0.1256,-0.1256
0.2305,pi,6.2800,0.0000,-0.1256,-0.1256
0.2352,pi,6.2800,0.0000,-0.1256,-0.1256
0.2407,pi,6.2800,0.0000,-0.1256,-0.1256
0.2452,pi,6.2800,0.0000,-0.1256,-0.1256
0.2504,pi,6.2800,0.0000,-0.1256,-0.1256
0.2557,pi,6.2800,0.0000,-0.1256,-0.1256
0.2602,pi,6.2800,0.0000,-0.1256,-0.1256
0.2652,pi,6.2800,0.0000,-0.1256,-0.1256
0.2703,pi,6.2800,0.0000,-0.1256,-0.1256
0.2751,pi,6.2800,0.0000,-0.1256,-0.1256
0.2803,pi,6.2800,0.0000,-0.1256,-0.1256
0.2852,pi,6.2800,0.0000,-0.1256,-0.1256
0.2902,pi,6.2800,0.0000,-0.1256,-0.1256
0.2952,pi,6.2800,0.0000,-0.1256,-0.1256
0.3002,pi,6.2800,0.0000,-0.1256,-0.1256
0.3052,pi,6.2800,0.0000,-0.1256,-0.1256
0.3102,pi,6.2800,0.0000,-0.1256,-0.1256
0.3152,pi,6.2800,0.0000,-0.1256,-0.1256
0.3202,pi,6.2800,0.0000,-0.1256,-0.1256
0.3252,pi,6.2800,0.0000,-0.1256,-0.1256
0.3302,pi,6.2800,0.0000,-0.1256,-0.1256
0.3351,pi,6.2800,0.0000,-0.1256,-0.1256
0.3402,pi,6.2800,0.0000,-0.1256,-0.1256
0.3452,pi,6.2800,0.0000,-0.1256,-0.1256
0.3502,pi,6.2800,0.0000,-0.1256,-0.1256
0.3552,pi,6.2800,0.0000,-0.1256,-0.1256
0.3602,pi,6.2800,0.0000,-0.1256,-0.1256
0.3652,pi,6.2800,0.0000,-0.1256,-0.1256
0.3702,pi,6.2800,0.0000,-0.1256,-0.1256
0.3752,pi,6.2800,0.0000,-0.1256,-0.1256
0.3802,pi,6.2800,0.0000,-0.1256,-0.1256
0.3852,pi,6.2800,0.0000,-0.1256,-0.1256
0.3902,pi,6.2800,0.0000,-0.1256,-0.1256
0.3952,pi,6.2800,0.0000,-0.1256,-0.1256
0.4002,pi,6.2800,0.0000,-0.1256,-0.1256
0.4051,pi,6.2800,0.0000,-0.1256,-0.1256
0.4102,pi,6.2800,0.0000,-0.1256,-0.1256
0.4152,pi,6.2800,0.0000,-0.1256,-0.1256
0.4202,pi,6.2800,0.0000,-0.1256,-0.1256
0.4251,pi,6.2800,0.0000,-0.1256,-0.1256
0.4302,pi,6.2800,0.0000,-0.1256,-0.1256
0.4352,pi,6.2800,0.0000,-0.1256,-0.1256
0.4402,pi,6.2800,0.0000,-0.1256,-0.1256
0.4451,pi,6.2800,0.0000,-0.1256,-0.1256
0.4502,pi,6.2800,0.0000,-0.1256,-0.1256
0.4552,pi,6.2800,0.0000,-0.1256,-0.1256
0.4602,pi,6.2800,0.0000,-0.1256,-0.1256
0.4651,pi,6.2800,0.0000,-0.1256,-0.1256
0.4702,pi,6.2800,0.0000,-0.1256,-0.1256
0.4752,pi,6.2800,0.0000,-0.1256,-0.1256
0.4802,pi,6.2800,0.0000,-0.1256,-0.1256
0.4851,pi,6.2800,0.0000,-0.1256,-0.1256
0.4902,pi,6.2800,0.0000,-0.1256,-0.1256
0.4952,pi,6.2800,0.0000,-0.1256,-0.1256
0.5002,pi,6.2800,0.0000,-0.1256,-0.1256
0.5051,pi,6.2800,0.0000,-0.1256,-0.1256
0.5102,pi,6.2800,0.0000,-0.1256,-0.1256
0.5152,pi,6.2800,0.0000,-0.1256,-0.1256
0.5202,pi,6.2800,0.0000,-0.1256,-0.1256
0.5252,pi,6.2800,0.0000,-0.1256,-0.1256
0.5301,pi,6.2800,0.0000,-0.1256,-0.1256
0.5352,pi,6.2800,0.0000,-0.1256,-0.1256
0.5402,pi,6.2800,0.0000,-0.1256,-0.1256
0.5452,pi,6.2800,0.0000,-0.1256,-0.1256
0.5502,pi,6.2800,0.0000,-0.1256,-0.1256
0.5552,pi,6.2800,0.0000,-0.1256,-0.1256
0.5602,pi,6.2800,0.0000,-0.1256,-0.1256
0.5652,pi,6.2800,0.0000,-0.1256,-0.1256
0.5701,pi,6.2800,0.0000,-0.1256,-0.1256
0.5752,pi,6.2800,0.0000,-0.1256,-0.1256
0.5802,pi,6.2800,0.0000,-0.1256,-0.1256
0.5852,pi,6.2800,0.0000,-0.1256,-0.1256
0.5902,pi,6.2800,0.0000,-0.1256,-0.1256
0.5952,pi,6.2800,0.0000,-0.1256,-0.1256
0.6002,pi,6.2800,0.0000,-0.1256,-0.1256
0.6052,pi,6.2800,0.0000,-0.1256,-0.1256
0.6102,pi,6.2800,0.0000,-0.1256,-0.1256
0.6152,pi,6.2800,0.0000,-0.1256,-0.1256
0.6202,pi,6.2800,0.0000,-0.1256,-0.1256
0.6252,pi,6.2800,0.0000,-0.1256,-0.1256
0.6302,pi,6.2800,0.0000,-0.1256,-0.1256
0.6352,pi,6.2800,0.0000,-0.1256,-0.1256
0.6402,pi,6.2800,0.0000,-0.1256,-0.1256
0.6452,pi,6.2800,0.0000,-0.1256,-0.1256
0.6502,pi,6.2800,0.0000,-0.1256,-0.1256
0.6552,pi,6.2800,0.0000,-0.1256,-0.1256
0.6602,pi,6.2800,0.0000,-0.1256,-0.1256
0.6652,pi,6.2800,0.0000,-0.1256,-0.1256
0.6701,pi,6.2800,0.0000,-0.1256,-0.1256
0.6752,pi,6.2800,0.0000,-0.1256,-0.1256
0.6802,pi,6.2800,0.0000,-0.1256,-0.1256
0.6851,pi,6.2800,0.0000,-0.1256,-0.1256
0.6902,pi,6.2800,0.0000,-0.1256,-0.1256
0.6952,pi,6.2800,0.0000,-0.1256,-0.1256
0.7002,pi,6.2800,0.0000,-0.1256,-0.1256
0.7052,pi,6.2800,0.0000,-0.1256,-0.1256
0.7101,pi,6.2800,0.0000,-0.1256,-0.1256
0.7152,pi,6.2800,0.0000,-0.1256,-0.1256
0.7202,pi,6.2800,0.0000,-0.1256,-0.1256
0.7251,pi,6.2800,0.0000,-0.1256,-0.1256
0.7302,pi,6.2800,0.0000,-0.1256,-0.1256
0.7352,pi,6.2800,0.0000,-0.1256,-0.1256
0.7402,pi,6.2800,0.0000,-0.1256,-0.1256
0.7452,pi,6.2800,0.0000,-0.1256,-0.1256
0.7501,pi,6.2800,0.0000,-0.1256,-0.1256
0.7552,pi,6.2800,0.0000,-0.1256,-0.1256
0.7602,pi,6.2800,0.0000,-0.1256,-0.1256
0.7651,pi,6.2800,0.0000,-0.1256,-0.1256
0.7702,pi,6.2800,0.0000,-0.1256,-0.1256
0.7752,pi,6.2800,0.0000,-0.1256,-0.1256
0.7802,pi,6.2800,0.0000,-0.1256,-0.1256
0.7851,pi,6.2800,0.0000,-0.1256,-0.1256
0.7902,pi,6.2800,0.0000,-0.1256,-0.1256
0.7952,pi,6.2800,0.0000,-0.1256,-0.1256
0.8002,pi,6.2800,0.0000,-0.1256,-0.1256
0.8051,pi,6.2800,0.0000,-0.1256,-0.1256
0.8101,pi,6.2800,0.0000,-0.1256,-0.1256
0.8152,pi,6.2800,0.0000,-0.1256,-0.1256
0.8202,pi,6.2800,0.0000,-0.1256,-0.1256
0.8252,pi,6.2800,0.0000,-0.1256,-0.1256
0.8302,pi,6.2800,0.0000,-0.1256,-0.1256
0.8352,pi,6.2800,0.0000,-0.1256,-0.1256
0.8402,pi,6.2800,0.0000,-0.1256,-0.1256
0.8451,pi,6.2800,0.0000,-0.1256,-0.1256
0.8502,pi,6.2800,0.0000,-0.1256,-0.1256
0.8551,pi,6.2800,0.0000,-0.1256,-0.1256
0.8602,pi,6.2800,0.0000,-0.1256,-0.1256
0.8651,pi,6.2800,0.0000,-0.1256,-0.1256
0.8701,pi,6.2800,0.0000,-0.1256,-0.1256
0.8752,pi,6.2800,0.0000,-0.1256,-0.1256
0.8802,pi,6.2800,0.0000,-0.1256,-0.1256
0.8851,pi,6.2800,0.0000,-0.1256,-0.1256
0.8902,pi,6.2800,0.0000,-0.1256,-0.1256
0.8952,pi,6.2800,0.0000,-0.1256,-0.1256
0.9001,pi,6.2800,0.0000,-0.1256,-0.1256
0.9052,pi,6.2800,0.0000,-0.1256,-0.1256
0.9102,pi,6.2800,0.0000,-0.1256,-0.1256
0.9152,pi,6.2800,0.0000,-0.1256,-0.1256
0.9202,pi,6.2800,0.0000,-0.1256,-0.1256
0.9251,pi,6.2800,0.0000,-0.1256,-0.1256
0.9302,pi,6.2800,0.0000,-0.1256,-0.1256
0.9352,pi,6.2800,0.0000,-0.1256,-0.1256
0.9401,pi,6.2800,0.0000,-0.1256,-0.1256
0.9451,pi,6.2800,0.0000,-0.1256,-0.1256
0.9502,pi,6.2800,0.0000,-0.1256,-0.1256
0.9552,pi,6.2800,0.0000,-0.1256,-0.1256
0.9602,pi,6.2800,0.0000,-0.1256,-0.1256
0.9652,pi,6.2800,0.0000,-0.1256,-0.1256
0.9701,pi,6.2800,0.0000,-0.1256,-0.1256
0.9752,pi,6.2800,0.0000,-0.1256,-0.1256
0.9801,pi,6.2800,0.0000,-0.1256,-0.1256
0.9852,pi,6.2800,0.0000,-0.1256,-0.1256
0.9902,pi,6.2800,0.0000,-0.1256,-0.1256
0.9952,pi,6.2800,0.0000,-0.1256,-0.1256
1.0001,pi,6.2800,0.0000,-0.1256,-0.1256
1.0051,pi,6.2800,0.0000,-0.1256,-0.1256
1.0103,pi,6.2800,0.0000,-0.1256,-0.1256
1.0152,pi,6.2800,0.0000,-0.1256,-0.1256
1.0202,pi,6.2800,0.0000,-0.1256,-0.1256
1.0251,pi,6.2800,0.0000,-0.1256,-0.1256
1.0302,pi,6.2800,0.0000,-0.1256,-0.1256
1.0352,pi,6.2800,0.0000,-0.1256,-0.1256
1.0402,pi,6.2800,0.0000,-0.1256,-0.1256
1.0451,pi,6.2800,0.0000,-0.1256,-0.1256
1.0502,pi,6.2800,0.0000,-0.1256,-0.1256
1.0553,pi,6.2800,0.0000,-0.1256,-0.1256
1.0602,pi,6.2800,0.0000,-0.1256,-0.1256
1.0651,pi,6.2800,0.0000,-0.1256,-0.1256
1.0701,pi,6.2800,0.0000,-0.1256,-0.1256
1.0751,pi,6.2800,0.0000,-0.1256,-0.1256
1.0802,pi,6.2800,0.0000,-0.1256,-0.1256
1.0851,pi,6.2800,0.0000,-0.1256,-0.1256
1.0903,pi,6.2800,0.0000,-0.1256,-0.1256
1.0951,pi,6.2800,0.0000,-0.1256,-0.1256
1.1003,pi,6.2800,0.0000,-0.1256,-0.1256
1.1054,pi,6.2800,0.0000,-0.1256,-0.1256
1.1102,pi,6.2800,0.0000,-0.1256,-0.1256
1.1152,pi,6.2800,0.0000,-0.1256,-0.1256
1.1202,pi,6.2800,0.0000,-0.1256,-0.1256
1.1251,pi,6.2800,0.0000,-0.1256,-0.1256
1.1304,pi,6.2800,0.0000,-0.1256,-0.1256
1.1352,pi,6.2800,0.0000,-0.1256,-0.1256
1.1402,pi,6.2800,0.0000,-0.1256,-0.1256
1.1452,pi,6.2800,0.0000,-0.1256,-0.1256
1.1501,pi,6.2800,0.0000,-0.1256,-0.1256
1.1552,pi,6.2800,0.0000,-0.1256,-0.1256
1.1602,pi,6.2800,0.0000,-0.1256,-0.1256
1.1653,pi,6.2800,0.0000,-0.1256,-0.1256
1.1703,pi,6.2800,0.0000,-0.1256,-0.1256
1.1753,pi,6.2800,0.0000,-0.1256,-0.1256
1.1802,pi,6.2800,0.0000,-0.1256,-0.1256
1.1857,pi,6.2800,0.0000,-0.1256,-0.1256
1.1904,pi,6.2800,0.0000,-0.1256,-0.1256
1.1960,pi,6.2800,0.0000,-0.1256,-0.1256
1.2010,pi,6.2800,0.0000,-0.1256,-0.1256
1.2053,pi,6.2800,0.0000,-0.1256,-0.1256
1.2103,pi,6.2800,0.0000,-0.1256,-0.1256
1.2151,pi,6.2800,0.0000,-0.1256,-0.1256
1.2201,pi,6.2800,0.0000,-0.1256,-0.1256
1.2251,pi,6.2800,0.0000,-0.1256,-0.1256
1.2302,pi,6.2800,0.0000,-0.1256,-0.1256
1.2352,pi,6.2800,0.0000,-0.1256,-0.1256
1.2402,pi,6.2800,0.0000,-0.1256,-0.1256
1.2452,pi,6.2800,0.0000,-0.1256,-0.1256
1.2502,pi,6.2800,0.0000,-0.1256,-0.1256
1.2553,pi,6.2800,0.0000,-0.1256,-0.1256
1.2601,pi,6.2800,0.0000,-0.1256,-0.1256
1.2652,pi,6.2800,0.0000,-0.1256,-0.1256
1.2702,pi,6.2800,0.0000,-0.1256,-0.1256
1.2752,pi,6.2800,0.0000,-0.1256,-0.1256
1.2802,pi,6.2800,0.0000,-0.1256,-0.1256
1.2851,pi,6.2800,0.0000,-0.1256,-0.1256
1.2902,pi,6.2800,0.0000,-0.1256,-0.1256
1.2951,pi,6.2800,0.0000,-0.1256,-0.1256
1.3002,pi,6.2800,0.0000,-0.1256,-0.1256
1.3051,pi,6.2800,0.0000,-0.1256,-0.1256
1.3110,pi,6.2800,0.0000,-0.1256,-0.1256
1.3157,pi,6.2800,0.0000,-0.1256,-0.1256
1.3209,pi,6.2800,0.0000,-0.1256,-0.1256
1.3255,pi,6.2800,0.0000,-0.1256,-0.1256
1.3306,pi,6.2800,0.0000,-0.1256,-0.1256
1.3352,pi,6.2800,0.0000,-0.1256,-0.1256
1.3402,pi,6.2800,0.0000,-0.1256,-0.1256
1.3451,pi,6.2800,0.0000,-0.1256,-0.1256
1.3502,pi,6.2800,0.0000,-0.1256,-0.1256
1.3553,pi,6.2800,0.0000,-0.1256,-0.1256
1.3601,pi,6.2800,0.0000,-0.1256,-0.1256
1.3652,pi,6.2800,0.0000,-0.1256,-0.1256
1.3702,pi,6.2800,0.0000,-0.1256,-0.1256
1.3752,pi,6.2800,0.0000,-0.1256,-0.1256
1.3802,pi,6.2800,0.0000,-0.1256,-0.1256
1.3852,pi,6.2800,0.0000,-0.1256,-0.1256
1.3902,pi,6.2800,0.0000,-0.1256,-0.1256
1.3952,pi,6.2800,0.0000,-0.1256,-0.1256
1.4001,pi,6.2800,0.0000,-0.1256,-0.1256
1.4052,pi,6.2800,0.0000,-0.1256,-0.1256
1.4102,pi,6.2800,0.0000,-0.1256,-0.1256
1.4153,pi,6.2800,0.0000,-0.1256,-0.1256
1.4202,pi,6.2800,0.0000,-0.1256,-0.1256
1.4251,pi,6.2800,0.0000,-0.1256,-0.1256
1.4302,pi,6.2800,0.0000,-0.1256,-0.1256
1.4351,pi,6.2800,0.0000,-0.1256,-0.1256
1.4402,pi,6.2800,0.0000,-0.1256,-0.1256
1.4451,pi,6.2800,0.0000,-0.1256,-0.1256
1.4501,pi,6.2800,0.0000,-0.1256,-0.1256
1.4551,pi,6.2800,0.0000,-0.1256,-0.1256
1.4601,pi,6.2800,0.0000,-0.1256,-0.1256
1.4651,pi,6.2800,0.0000,-0.1256,-0.1256
1.4701,pi,6.2800,0.0000,-0.1256,-0.1256
1.4751,pi,6.2800,0.0000,-0.1256,-0.1256
1.4802,pi,6.2800,0.0000,-0.1256,-0.1256
1.4852,pi,6.2800,0.0000,-0.1256,-0.1256
1.4901,pi,6.2800,0.0000,-0.1256,-0.1256
1.4952,pi,6.2800,0.0000,-0.1256,-0.1256
1.5001,pi,6.2800,0.0000,-0.1256,-0.1256
1.5052,pi,6.2800,0.0000,-0.1256,-0.1256
1.5101,pi,6.2800,0.0000,-0.1256,-0.1256
1.5151,pi,6.2800,0.0000,-0.1256,-0.1256
1.5201,pi,6.2800,0.0000,-0.1256,-0.1256
1.5252,pi,6.2800,0.0000,-0.1256,-0.1256
1.5301,pi,6.2800,0.0000,-0.1256,-0.1256
1.5352,pi,6.2800,0.0000,-0.1256,-0.1256
1.5402,pi,6.2800,0.0000,-0.1256,-0.1256
1.5451,pi,6.2800,0.0000,-0.1256,-0.1256
1.5501,pi,6.2800,0.0000,-0.1256,-0.1256
1.5551,pi,6.2800,0.0000,-0.1256,-0.1256
1.5602,pi,6.2800,0.0000,-0.1256,-0.1256
1.5652,pi,6.2800,0.0000,-0.1256,-0.1256
1.5701,pi,6.2800,0.0000,-0.1256,-0.1256
1.5752,pi,6.2800,0.0000,-0.1256,-0.1256
1.5802,pi,6.2800,0.0000,-0.1256,-0.1256
1.5851,pi,6.2800,0.0000,-0.1256,-0.1256
1.5902,pi,6.2800,0.0000,-0.1256,-0.1256
1.5951,pi,6.2800,0.0000,-0.1256,-0.1256
1.6001,pi,6.2800,0.0000,-0.1256,-0.1256
1.6051,pi,6.2800,0.0000,-0.1256,-0.1256
1.6101,pi,6.2800,0.0000,-0.1256,-0.1256
1.6152,pi,6.2800,0.0000,-0.1256,-0.1256
1.6202,pi,6.2800,0.0000,-0.1256,-0.1256
1.6251,pi,6.2800,0.0000,-0.1256,-0.1256
1.6301,pi,6.2800,0.0000,-0.1256,-0.1256
1.6351,pi,6.2800,0.0000,-0.1256,-0.1256
1.6402,pi,6.2800,0.0000,-0.1256,-0.1256
1.6451,pi,6.2800,0.0000,-0.1256,-0.1256
1.6502,pi,6.2800,0.0000,-0.1256,-0.1256
1.6551,pi,6.2800,0.0000,-0.1256,-0.1256
1.6601,pi,6.2800,0.0000,-0.1256,-0.1256
1.6652,pi,6.2800,0.0000,-0.1256,-0.1256
1.6701,pi,6.2800,0.0000,-0.1256,-0.1256
1.6751,pi,6.2800,0.0000,-0.1256,-0.1256
1.6802,pi,6.2800,0.0000,-0.1256,-0.1256
1.6851,pi,6.2800,0.0000,-0.1256,-0.1256
1.6901,pi,6.2800,0.0000,-0.1256,-0.1256
1.6951,pi,6.2800,0.0000,-0.1256,-0.1256
1.7002,pi,6.2800,0.0000,-0.1256,-0.1256
1.7051,pi,6.2800,0.0000,-0.1256,-0.1256
1.7102,pi,6.2800,0.0000,-0.1256,-0.1256
1.7151,pi,6.2800,0.0000,-0.1256,-0.1256
1.7202,pi,6.2800,0.0000,-0.1256,-0.1256
1.7251,pi,6.2800,0.0000,-0.1256,-0.1256
1.7302,pi,6.2800,0.0000,-0.1256,-0.1256
1.7351,pi,6.2800,0.0000,-0.1256,-0.1256
1.7402,pi,6.2800,0.0000,-0.1256,-0.1256
1.7451,pi,6.2800,0.0000,-0.1256,-0.1256
1.7502,pi,6.2800,0.0000,-0.1256,-0.1256
1.7551,pi,6.2800,0.0000,-0.1256,-0.1256
1.7602,pi,6.2800,0.0000,-0.1256,-0.1256
1.7652,pi,6.2800,0.0000,-0.1256,-0.1256
1.7702,pi,6.2800,0.0000,-0.1256,-0.1256
1.7752,pi,6.2800,0.0000,-0.1256,-0.1256
1.7801,pi,6.2800,0.0000,-0.1256,-0.1256
1.7852,pi,6.2800,0.0000,-0.1256,-0.1256
1.7902,pi,6.2800,0.0000,-0.1256,-0.1256
1.7951,pi,6.2800,0.0000,-0.1256,-0.1256
1.8002,pi,6.2800,0.0000,-0.1256,-0.1256
1.8052,pi,6.2800,0.0000,-0.1256,-0.1256
1.8101,pi,6.2800,0.0000,-0.1256,-0.1256
1.8152,pi,6.2800,0.0000,-0.1256,-0.1256
1.8202,pi,6.2800,0.0000,-0.1256,-0.1256
1.8251,pi,6.2800,0.0000,-0.1256,-0.1256
1.8302,pi,6.2800,0.0000,-0.1256,-0.1256
1.8351,pi,6.2800,0.0000,-0.1256,-0.1256
1.8402,pi,6.2800,0.0000,-0.1256,-0.1256
1.8451,pi,6.2800,0.0000,-0.1256,-0.1256
1.8501,pi,6.2800,0.0000,-0.1256,-0.1256
1.8551,pi,6.2800,0.0000,-0.1256,-0.1256
1.8602,pi,6.2800,0.0000,-0.1256,-0.1256
1.8651,pi,6.2800,0.0000,-0.1256,-0.1256
1.8701,pi,6.2800,0.0000,-0.1256,-0.1256
1.8751,pi,6.2800,0.0000,-0.1256,-0.1256
1.8802,pi,6.2800,0.0000,-0.1256,-0.1256
1.8851,pi,6.2800,0.0000,-0.1256,-0.1256
1.8901,pi,6.2800,0.0000,-0.1256,-0.1256
1.8952,pi,6.2800,0.0000,-0.1256,-0.1256
1.9002,pi,6.2800,0.0000,-0.1256,-0.1256
1.9052,pi,6.2800,0.0000,-0.1256,-0.1256
1.9101,pi,6.2800,0.0000,-0.1256,-0.1256
1.9151,pi,6.2800,0.0000,-0.1256,-0.1256
1.9201,pi,6.2800,0.0000,-0.1256,-0.1256
1.9253,pi,6.2800,0.0000,-0.1256,-0.1256
1.9303,pi,6.2800,0.0000,-0.1256,-0.1256
1.9353,pi,6.2800,0.0000,-0.1256,-0.1256
1.9402,pi,6.2800,0.0000,-0.1256,-0.1256
1.9452,pi,6.2800,0.0000,-0.1256,-0.1256
1.9502,pi,6.2800,0.0000,-0.1256,-0.1256
1.9552,pi,6.2800,0.0000,-0.1256,-0.1256
1.9602,pi,6.2800,0.0000,-0.1256,-0.1256
1.9652,pi,6.2800,0.0000,-0.1256,-0.1256
1.9702,pi,6.2800,0.0000,-0.1256,-0.1256
1.9752,pi,6.2800,0.0000,-0.1256,-0.1256
1.9801,pi,6.2800,0.0000,-0.1256,-0.1256
1.9852,pi,6.2800,0.0000,-0.1256,-0.1256
1.9903,pi,6.2800,0.0000,-0.1256,-0.1256
1.9956,pi,6.2800,0.0000,-0.1256,-0.1256
2.0009,pi,6.2800,0.0000,-0.1256,-0.1256
2.0053,pi,6.2800,0.0000,-0.1256,-0.1256
2.0101,pi,6.2800,0.0000,-0.1256,-0.1256
2.0152,pi,6.2800,0.0000,-0.1256,-0.1256
2.0203,pi,6.2800,0.0000,-0.1256,-0.1256
2.0253,pi,6.2800,0.0000,-0.1256,-0.1256
2.0302,pi,6.2800,0.0000,-0.1256,-0.1256
2.0356,pi,6.2800,0.0000,-0.1256,-0.1256
2.0402,pi,6.2800,0.0000,-0.1256,-0.1256
2.0451,pi,6.2800,0.0000,-0.1256,-0.1256
2.0502,pi,6.2800,0.0000,-0.1256,-0.1256
2.0552,pi,6.2800,0.0000,-0.1256,-0.1256
2.0603,pi,6.2800,0.0000,-0.1256,-0.1256
2.0652,pi,6.2800,0.0000,-0.1256,-0.1256
2.0701,pi,6.2800,0.0000,-0.1256,-0.1256
2.0751,pi,6.2800,0.0000,-0.1256,-0.1256
2.0801,pi,6.2800,0.0000,-0.1256,-0.1256
2.0851,pi,6.2800,0.0000,-0.1256,-0.1256
2.0902,pi,6.2800,0.0000,-0.1256,-0.1256
2.0952,pi,6.2800,0.0000,-0.1256,-0.1256
2.1001,pi,6.2800,0.0000,-0.1256,-0.1256
2.1053,pi,6.2800,0.0000,-0.1256,-0.1256
2.1104,pi,6.2800,0.0000,-0.1256,-0.1256
2.1157,pi,6.2800,0.0000,-0.1256,-0.1256
2.1201,pi,6.2800,0.0000,-0.1256,-0.1256
2.1252,pi,6.2800,0.0000,-0.1256,-0.1256
2.1303,pi,6.2800,0.0000,-0.1256,-0.1256
2.1352,pi,6.2800,0.0000,-0.1256,-0.1256
2.1404,pi,6.2800,0.0000,-0.1256,-0.1256
2.1452,pi,6.2800,0.0000,-0.1256,-0.1256
2.1503,pi,6.2800,0.0000,-0.1256,-0.1256
2.1551,pi,6.2800,0.0000,-0.1256,-0.1256
2.1602,pi,6.2800,0.0000,-0.1256,-0.1256
2.1652,pi,6.2800,0.0000,-0.1256,-0.1256
2.1702,pi,6.2800,0.0000,-0.1256,-0.1256
2.1752,pi,6.2800,0.0000,-0.1256,-0.1256
2.1802,pi,6.2800,0.0000,-0.1256,-0.1256
2.1852,pi,6.2800,0.0000,-0.1256,-0.1256
2.1902,pi,6.2800,0.0000,-0.1256,-0.1256
2.1953,pi,6.2800,0.0000,-0.1256,-0.1256
2.2005,pi,6.2800,0.0000,-0.1256,-0.1256
2.2052,pi,6.2800,0.0000,-0.1256,-0.1256
2.2103,pi,6.2800,0.0000,-0.1256,-0.1256
2.2152,pi,6.2800,0.0000,-0.1256,-0.1256
2.2202,pi,6.2800,0.0000,-0.1256,-0.1256
2.2251,pi,6.2800,0.0000,-0.1256,-0.1256
2.2301,pi,6.2800,0.0000,-0.1256,-0.1256
2.2352,pi,6.2800,0.0000,-0.1256,-0.1256
2.2402,pi,6.2800,0.0000,-0.1256,-0.1256
2.2452,pi,6.2800,0.0000,-0.1256,-0.1256
2.2502,pi,6.2800,0.0000,-0.1256,-0.1256
2.2552,pi,6.2800,0.0000,-0.1256,-0.1256
2.2602,pi,6.2800,0.0000,-0.1256,-0.1256
2.2652,pi,6.2800,0.0000,-0.1256,-0.1256
2.2702,pi,6.2800,0.0000,-0.1256,-0.1256
2.2752,pi,6.2800,0.0000,-0.1256,-0.1256
2.2802,pi,6.2800,0.0000,-0.1256,-0.1256
2.2852,pi,6.2800,0.0000,-0.1256,-0.1256
2.2901,pi,6.2800,0.0000,-0.1256,-0.1256
2.2952,pi,6.2800,0.0000,-0.1256,-0.1256
2.3001,pi,6.2800,0.0000,-0.1256,-0.1256
2.3052,pi,6.2800,0.0000,-0.1256,-0.1256
2.3102,pi,6.2800,0.0000,-0.1256,-0.1256
2.3151,pi,6.2800,0.0000,-0.1256,-0.1256
2.3201,pi,6.2800,0.0000,-0.1256,-0.1256
2.3251,pi,6.2800,0.0000,-0.1256,-0.1256
2.3301,pi,6.2800,0.0000,-0.1256,-0.1256
2.3352,pi,6.2800,0.0000,-0.1256,-0.1256
2.3402,pi,6.2800,0.0000,-0.1256,-0.1256
2.3452,pi,6.2800,0.0000,-0.1256,-0.1256
2.3502,pi,6.2800,0.0000,-0.1256,-0.1256
2.3552,pi,6.2800,0.0000,-0.1256,-0.1256
2.3602,pi,6.2800,0.0000,-0.1256,-0.1256
2.3652,pi,6.2800,0.0000,-0.1256,-0.1256
2.3702,pi,6.2800,0.0000,-0.1256,-0.1256
2.3752,pi,6.2800,0.0000,-0.1256,-0.1256
2.3802,pi,6.2800,0.0000,-0.1256,-0.1256
2.3851,pi,6.2800,0.0000,-0.1256,-0.1256
2.3902,pi,6.2800,0.0000,-0.1256,-0.1256
2.3952,pi,6.2800,0.0000,-0.1256,-0.1256
2.4002,pi,6.2800,0.0000,-0.1256,-0.1256
2.4051,pi,6.2800,0.0000,-0.1256,-0.1256
2.4102,pi,6.2800,0.0000,-0.1256,-0.1256
2.4152,pi,6.2800,0.0000,-0.1256,-0.1256
2.4202,pi,6.2800,0.0000,-0.1256,-0.1256
2.4252,pi,6.2800,0.0000,-0.1256,-0.1256
2.4301,pi,6.2800,0.0000,-0.1256,-0.1256
2.4352,pi,6.2800,0.0000,-0.1256,-0.1256
2.4401,pi,6.2800,0.0000,-0.1256,-0.1256
2.4452,pi,6.2800,0.0000,-0.1256,-0.1256
2.4502,pi,6.2800,0.0000,-0.1256,-0.1256
2.4552,pi,6.2800,0.0000,-0.1256,-0.1256
2.4602,pi,6.2800,0.0000,-0.1256,-0.1256
2.4652,pi,6.2800,0.0000,-0.1256,-0.1256
2.4702,pi,6.2800,0.0000,-0.1256,-0.1256
2.4751,pi,6.2800,0.0000,-0.1256,-0.1256
2.4802,pi,6.2800,0.0000,-0.1256,-0.1256
2.4851,pi,6.2800,0.0000,-0.1256,-0.1256
2.4902,pi,6.2800,0.0000,-0.1256,-0.1256
2.4952,pi,6.2800,0.0000,-0.1256,-0.1256
2.5002,pi,6.2800,0.0000,-0.1256,-0.1256
2.5052,pi,6.2800,0.0000,-0.1256,-0.1256
2.5102,pi,6.2800,0.0000,-0.1256,-0.1256
2.5152,pi,6.2800,0.0000,-0.1256,-0.1256
2.5202,pi,6.2800,0.0000,-0.1256,-0.1256
2.5252,pi,6.2800,0.0000,-0.1256,-0.1256
2.5301,pi,6.2800,0.0000,-0.1256,-0.1256
2.5352,pi,6.2800,0.0000,-0.1256,-0.1256
2.5402,pi,6.2800,0.0000,-0.1256,-0.1256
2.5451,pi,6.2800,0.0000,-0.1256,-0.1256
2.5502,pi,6.2800,0.0000,-0.1256,-0.1256
2.5552,pi,6.2800,0.0000,-0.1256,-0.1256
2.5601,pi,6.2800,0.0000,-0.1256,-0.1256
2.5652,pi,6.2800,0.0000,-0.1256,-0.1256
2.5702,pi,6.2800,0.0000,-0.1256,-0.1256
2.5752,pi,6.2800,0.0000,-0.1256,-0.1256
2.5801,pi,6.2800,0.0000,-0.1256,-0.1256
2.5852,pi,6.2800,0.0000,-0.1256,-0.1256
2.5903,pi,6.2800,0.0000,-0.1256,-0.1256
2.5952,pi,6.2800,0.0000,-0.1256,-0.1256
2.6001,pi,6.2800,0.0000,-0.1256,-0.1256
2.6052,pi,6.2800,0.0000,-0.1256,-0.1256
2.6102,pi,6.2800,0.0000,-0.1256,-0.1256
2.6152,pi,6.2800,0.0000,-0.1256,-0.1256
2.6201,pi,6.2800,0.0000,-0.1256,-0.1256
2.6252,pi,6.2800,0.0000,-0.1256,-0.1256
2.6302,pi,6.2800,0.0000,-0.1256,-0.1256
2.6351,pi,6.2800,0.0000,-0.1256,-0.1256
2.6401,pi,6.2800,0.0000,-0.1256,-0.1256
2.6452,pi,6.2800,0.0000,-0.1256,-0.1256
2.6501,pi,6.2800,0.0000,-0.1256,-0.1256
2.6551,pi,6.2800,0.0000,-0.1256,-0.1256
2.6601,pi,6.2800,0.0000,-0.1256,-0.1256
2.6651,pi,6.2800,0.0000,-0.1256,-0.1256
2.6701,pi,6.2800,0.0000,-0.1256,-0.1256
2.6751,pi,6.2800,0.0000,-0.1256,-0.1256
2.6801,pi,6.2800,0.0000,-0.1256,-0.1256
2.6852,pi,6.2800,0.0000,-0.1256,-0.1256
2.6901,pi,6.2800,0.0000,-0.1256,-0.1256
2.6952,pi,6.2800,0.0000,-0.1256,-0.1256
2.7001,pi,6.2800,0.0000,-0.1256,-0.1256
2.7052,pi,6.2800,0.0000,-0.1256,-0.1256
2.7102,pi,6.2800,0.0000,-0.1256,-0.1256
2.7152,pi,6.2800,0.0000,-0.1256,-0.1256
2.7201,pi,6.2800,0.0000,-0.1256,-0.1256
2.7252,pi,6.2800,0.0000,-0.1256,-0.1256
2.7302,pi,6.2800,0.0000,-0.1256,-0.1256
2.7352,pi,6.2800,0.0000,-0.1256,-0.1256
2.7401,pi,6.2800,0.0000,-0.1256,-0.1256
2.7451,pi,6.2800,0.0000,-0.1256,-0.1256
2.7502,pi,6.2800,0.0000,-0.1256,-0.1256
2.7551,pi,6.2800,0.0000,-0.1256,-0.1256
2.7601,pi,6.2800,0.0000,-0.1256,-0.1256
2.7651,pi,6.2800,0.0000,-0.1256,-0.1256
2.7702,pi,6.2800,0.0000,-0.1256,-0.1256
2.7751,pi,6.2800,0.0000,-0.1256,-0.1256
2.7801,pi,6.2800,0.0000,-0.1256,-0.1256
2.7852,pi,6.2800,0.0000,-0.1256,-0.1256
2.7902,pi,6.2800,0.0000,-0.1256,-0.1256
2.7952,pi,6.2800,0.0000,-0.1256,-0.1256
2.8002,pi,6.2800,0.0000,-0.1256,-0.1256
2.8057,pi,6.2800,0.0000,-0.1256,-0.1256
2.8103,pi,6.2800,0.0000,-0.1256,-0.1256
2.8152,pi,6.2800,0.0000,-0.1256,-0.1256
2.8201,pi,6.2800,0.0000,-0.1256,-0.1256
2.8251,pi,6.2800,0.0000,-0.1256,-0.1256
2.8301,pi,6.2800,0.0000,-0.1256,-0.1256
2.8351,pi,6.2800,0.0000,-0.1256,-0.1256
2.8401,pi,6.2800,0.0000,-0.1256,-0.1256
2.8452,pi,6.2800,0.0000,-0.1256,-0.1256
2.8501,pi,6.2800,0.0000,-0.1256,-0.1256
2.8551,pi,6.2800,0.0000,-0.1256,-0.1256
2.8602,pi,6.2800,0.0000,-0.1256,-0.1256
2.8651,pi,6.2800,0.0000,-0.1256,-0.1256
2.8702,pi,6.2800,0.0000,-0.1256,-0.1256
2.8751,pi,6.2800,0.0000,-0.1256,-0.1256
2.8801,pi,6.2800,0.0000,-0.1256,-0.1256
2.8852,pi,6.2800,0.0000,-0.1256,-0.1256
2.8902,pi,6.2800,0.0000,-0.1256,-0.1256
2.8952,pi,6.2800,0.0000,-0.1256,-0.1256
2.9002,pi,6.2800,0.0000,-0.1256,-0.1256
2.9052,pi,6.2800,0.0000,-0.1256,-0.1256
2.9101,pi,6.2800,0.0000,-0.1256,-0.1256
2.9152,pi,6.2800,0.0000,-0.1256,-0.1256
2.9201,pi,6.2800,0.0000,-0.1256,-0.1256
2.9252,pi,6.2800,0.0000,-0.1256,-0.1256
2.9301,pi,6.2800,0.0000,-0.1256,-0.1256
2.9351,pi,6.2800,0.0000,-0.1256,-0.1256
2.9402,pi,6.2800,0.0000,-0.1256,-0.1256
2.9451,pi,6.2800,0.0000,-0.1256,-0.1256
2.9502,pi,6.2800,0.0000,-0.1256,-0.1256
2.9551,pi,6.2800,0.0000,-0.1256,-0.1256
2.9602,pi,6.2800,0.0000,-0.1256,-0.1256
2.9652,pi,6.2800,0.0000,-0.1256,-0.1256
2.9702,pi,6.2800,0.0000,-0.1256,-0.1256
2.9752,pi,6.2800,0.0000,-0.1256,-0.1256
2.9801,pi,6.2800,0.0000,-0.1256,-0.1256
2.9852,pi,6.2800,0.0000,-0.1256,-0.1256
2.9902,pi,6.2800,0.0000,-0.1256,-0.1256
2.9952,pi,6.2800,0.0000,-0.1256,-0.1256
3.0002,pi,6.2800,0.0000,-0.1256,-0.1256
3.0052,pi,6.2800,0.0000,-0.1256,-0.1256
3.0102,pi,6.2800,0.0000,-0.1256,-0.1256
3.0153,pi,6.2800,0.0000,-0.1256,-0.1256
3.0202,pi,6.2800,0.0000,-0.1256,-0.1256
3.0252,pi,6.2800,0.0000,-0.1256,-0.1256
3.0302,pi,6.2800,0.0000,-0.1256,-0.1256
3.0352,pi,6.2800,0.0000,-0.1256,-0.1256
3.0402,pi,6.2800,0.0000,-0.1256,-0.1256
3.0452,pi,6.2800,0.0000,-0.1256,-0.1256
3.0502,pi,6.2800,0.0000,-0.1256,-0.1256
3.0552,pi,6.2800,0.0000,-0.1256,-0.1256
3.0603,pi,6.2800,0.0000,-0.1256,-0.1256
3.0651,pi,6.2800,0.0000,-0.1256,-0.1256
3.0702,pi,6.2800,0.0000,-0.1256,-0.1256
3.0752,pi,6.2800,0.0000,-0.1256,-0.1256
3.0802,pi,6.2800,0.0000,-0.1256,-0.1256
3.0852,pi,6.2800,0.0000,-0.1256,-0.1256
3.0905,pi,6.2800,0.0000,-0.1256,-0.1256
3.0961,pi,6.2800,0.0000,-0.1256,-0.1256
3.1005,pi,6.2800,0.0000,-0.1256,-0.1256
3.1060,pi,6.2800,0.0000,-0.1256,-0.1256
3.1108,pi,6.2800,0.0000,-0.1256,-0.1256
3.1170,pi,6.2800,0.0000,-0.1256,-0.1256
3.1216,pi,6.2800,0.0000,-0.1256,-0.1256
3.1256,pi,6.2800,0.0000,-0.1256,-0.1256
3.1303,pi,6.2800,0.0000,-0.1256,-0.1256
3.1353,pi,6.2800,0.0000,-0.1256,-0.1256
3.1402,pi,6.2800,0.0000,-0.1256,-0.1256
3.1455,pi,6.2800,0.0000,-0.1256,-0.1256
3.1502,pi,6.2800,0.0000,-0.1256,-0.1256
3.1553,pi,6.2800,0.0000,-0.1256,-0.1256
3.1603,pi,6.2800,0.0000,-0.1256,-0.1256
3.1653,pi,6.2800,0.0000,-0.1256,-0.1256
3.1703,pi,6.2800,0.0000,-0.1256,-0.1256
3.1754,pi,6.2800,0.0000,-0.1256,-0.1256
3.1809,pi,6.2800,0.0000,-0.1256,-0.1256
3.1866,pi,6.2800,0.0000,-0.1256,-0.1256
3.1912,pi,6.2800,0.0000,-0.1256,-0.1256
3.1955,pi,6.2800,0.0000,-0.1256,-0.1256
3.2004,pi,6.2800,0.0000,-0.1256,-0.1256
3.2054,pi,6.2800,0.0000,-0.1256,-0.1256
3.2103,pi,6.2800,0.0000,-0.1256,-0.1256
3.2157,pi,6.2800,0.0000,-0.1256,-0.1256
3.2209,pi,6.2800,0.0000,-0.1256,-0.1256
3.2266,pi,6.2800,0.0000,-0.1256,-0.1256
3.2313,pi,6.2800,0.0000,-0.1256,-0.1256
3.2361,pi,6.2800,0.0000,-0.1256,-0.1256
3.2406,pi,6.2800,0.0000,-0.1256,-0.1256
3.2459,pi,6.2800,0.0000,-0.1256,-0.1256
3.2504,pi,6.2800,0.0000,-0.1256,-0.1256
3.2551,pi,6.2800,0.0000,-0.1256,-0.1256
3.2602,pi,6.2800,0.0000,-0.1256,-0.1256
3.2652,pi,6.2800,0.0000,-0.1256,-0.1256
3.2702,pi,6.2800,0.0000,-0.1256,-0.1256
3.2751,pi,6.2800,0.0000,-0.1256,-0.1256
3.2802,pi,6.2800,0.0000,-0.1256,-0.1256
3.2852,pi,6.2800,0.0000,-0.1256,-0.1256
3.2902,pi,6.2800,0.0000,-0.1256,-0.1256
3.2952,pi,6.2800,0.0000,-0.1256,-0.1256
3.3002,pi,6.2800,0.0000,-0.1256,-0.1256
3.3052,pi,6.2800,0.0000,-0.1256,-0.1256
3.3102,pi,6.2800,0.0000,-0.1256,-0.1256
3.3152,pi,6.2800,0.0000,-0.1256,-0.1256
3.3202,pi,6.2800,0.0000,-0.1256,-0.1256
3.3252,pi,6.2800,0.0000,-0.1256,-0.1256
3.3302,pi,6.2800,0.0000,-0.1256,-0.1256
3.3352,pi,6.2800,0.0000,-0.1256,-0.1256
3.3402,pi,6.2800,0.0000,-0.1256,-0.1256
3.3452,pi,6.2800,0.0000,-0.1256,-0.1256
3.3502,pi,6.2800,0.0000,-0.1256,-0.1256
3.3552,pi,6.2800,0.0000,-0.1256,-0.1256
3.3601,pi,6.2800,0.0000,-0.1256,-0.1256
3.3652,pi,6.2800,0.0000,-0.1256,-0.1256
3.3701,pi,6.2800,0.0000,-0.1256,-0.1256
3.3752,pi,6.2800,0.0000,-0.1256,-0.1256
3.3802,pi,6.2800,0.0000,-0.1256,-0.1256
3.3852,pi,6.2800,0.0000,-0.1256,-0.1256
3.3901,pi,6.2800,0.0000,-0.1256,-0.1256
3.3952,pi,6.2800,0.0000,-0.1256,-0.1256
3.4002,pi,6.2800,0.0000,-0.1256,-0.1256
3.4052,pi,6.2800,0.0000,-0.1256,-0.1256
3.4102,pi,6.2800,0.0000,-0.1256,-0.1256
3.4151,pi,6.2800,0.0000,-0.1256,-0.1256
3.4202,pi,6.2800,0.0000,-0.1256,-0.1256
3.4252,pi,6.2800,0.0000,-0.1256,-0.1256
3.4302,pi,6.2800,0.0000,-0.1256,-0.1256
3.4351,pi,6.2800,0.0000,-0.1256,-0.1256
3.4402,pi,6.2800,0.0000,-0.1256,-0.1256
3.4452,pi,6.2800,0.0000,-0.1256,-0.1256
3.4502,pi,6.2800,0.0000,-0.1256,-0.1256
3.4551,pi,6.2800,0.0000,-0.1256,-0.1256
3.4602,pi,6.2800,0.0000,-0.1256,-0.1256
3.4652,pi,6.2800,0.0000,-0.1256,-0.1256
3.4702,pi,6.2800,0.0000,-0.1256,-0.1256
3.4752,pi,6.2800,0.0000,-0.1256,-0.1256
3.4801,pi,6.2800,0.0000,-0.1256,-0.1256
3.4852,pi,6.2800,0.0000,-0.1256,-0.1256
3.4901,pi,6.2800,0.0000,-0.1256,-0.1256
3.4952,pi,6.2800,0.0000,-0.1256,-0.1256
3.5002,pi,6.2800,0.0000,-0.1256,-0.1256
3.5052,pi,6.2800,0.0000,-0.1256,-0.1256
3.5102,pi,6.2800,0.0000,-0.1256,-0.1256
3.5152,pi,6.2800,0.0000,-0.1256,-0.1256
3.5201,pi,6.2800,0.0000,-0.1256,-0.1256
3.5252,pi,6.2800,0.0000,-0.1256,-0.1256
3.5302,pi,6.2800,0.0000,-0.1256,-0.1256
3.5352,pi,6.2800,0.0000,-0.1256,-0.1256
3.5402,pi,6.2800,0.0000,-0.1256,-0.1256
3.5452,pi,6.2800,0.0000,-0.1256,-0.1256
3.5502,pi,6.2800,0.0000,-0.1256,-0.1256
3.5552,pi,6.2800,0.0000,-0.1256,-0.1256
3.5602,pi,6.2800,0.0000,-0.1256,-0.1256
3.5651,pi,6.2800,0.0000,-0.1256,-0.1256
3.5702,pi,6.2800,0.0000,-0.1256,-0.1256
3.5752,pi,6.2800,0.0000,-0.1256,-0.1256
3.5802,pi,6.2800,0.0000,-0.1256,-0.1256
3.5852,pi,6.2800,0.0000,-0.1256,-0.1256
3.5902,pi,6.2800,0.0000,-0.1256,-0.1256
3.5952,pi,6.2800,0.0000,-0.1256,-0.1256
3.6002,pi,6.2800,0.0000,-0.1256,-0.1256
3.6051,pi,6.2800,0.0000,-0.1256,-0.1256
3.6102,pi,6.2800,0.0000,-0.1256,-0.1256
3.6152,pi,6.2800,0.0000,-0.1256,-0.1256
3.6202,pi,6.2800,0.0000,-0.1256,-0.1256
3.6251,pi,6.2800,0.0000,-0.1256,-0.1256
3.6302,pi,6.2800,0.0000,-0.1256,-0.1256
3.6352,pi,6.2800,0.0000,-0.1256,-0.1256
3.6402,pi,6.2800,0.0000,-0.1256,-0.1256
3.6452,pi,6.2800,0.0000,-0.1256,-0.1256
3.6502,pi,6.2800,0.0000,-0.1256,-0.1256
3.6552,pi,6.2800,0.0000,-0.1256,-0.1256
3.6602,pi,6.2800,0.0000,-0.1256,-0.1256
3.6651,pi,6.2800,0.0000,-0.1256,-0.1256
3.6702,pi,6.2800,0.0000,-0.1256,-0.1256
3.6752,pi,6.2800,0.0000,-0.1256,-0.1256
3.6802,pi,6.2800,0.0000,-0.1256,-0.1256
3.6852,pi,6.2800,0.0000,-0.1256,-0.1256
3.6902,pi,6.2800,0.0000,-0.1256,-0.1256
3.6952,pi,6.2800,0.0000,-0.1256,-0.1256
3.7002,pi,6.2800,0.0000,-0.1256,-0.1256
3.7052,pi,6.2800,0.0000,-0.1256,-0.1256
3.7102,pi,6.2800,0.0000,-0.1256,-0.1256
3.7152,pi,6.2800,0.0000,-0.1256,-0.1256
3.7202,pi,6.2800,0.0000,-0.1256,-0.1256
3.7252,pi,6.2800,0.0000,-0.1256,-0.1256
3.7302,pi,6.2800,0.0000,-0.1256,-0.1256
3.7352,pi,6.2800,0.0000,-0.1256,-0.1256
3.7402,pi,6.2800,0.0000,-0.1256,-0.1256
3.7452,pi,6.2800,0.0000,-0.1256,-0.1256
3.7502,pi,6.2800,0.0000,-0.1256,-0.1256
3.7552,pi,6.2800,0.0000,-0.1256,-0.1256
3.7602,pi,6.2800,0.0000,-0.1256,-0.1256
3.7652,pi,6.2800,0.0000,-0.1256,-0.1256
3.7701,pi,6.2800,0.0000,-0.1256,-0.1256
3.7752,pi,6.2800,0.0000,-0.1256,-0.1256
3.7802,pi,6.2800,0.0000,-0.1256,-0.1256
3.7852,pi,6.2800,0.0000,-0.1256,-0.1256
3.7901,pi,6.2800,0.0000,-0.1256,-0.1256
3.7952,pi,6.2800,0.0000,-0.1256,-0.1256
3.8002,pi,6.2800,0.0000,-0.1256,-0.1256
3.8052,pi,6.2800,0.0000,-0.1256,-0.1256
3.8101,pi,6.2800,0.0000,-0.1256,-0.1256
3.8152,pi,6.2800,0.0000,-0.1256,-0.1256
3.8202,pi,6.2800,0.0000,-0.1256,-0.1256
3.8251,pi,6.2800,0.0000,-0.1256,-0.1256
3.8302,pi,6.2800,0.0000,-0.1256,-0.1256
3.8352,pi,6.2800,0.0000,-0.1256,-0.1256
3.8402,pi,6.2800,0.0000,-0.1256,-0.1256
3.8452,pi,6.2800,0.0000,-0.1256,-0.1256
3.8501,pi,6.2800,0.0000,-0.1256,-0.1256
3.8552,pi,6.2800,0.0000,-0.1256,-0.1256
3.8602,pi,6.2800,0.0000,-0.1256,-0.1256
3.8652,pi,6.2800,0.0000,-0.1256,-0.1256
3.8701,pi,6.2800,0.0000,-0.1256,-0.1256
3.8752,pi,6.2800,0.0000,-0.1256,-0.1256
3.8802,pi,6.2800,0.0000,-0.1256,-0.1256
3.8852,pi,6.2800,0.0000,-0.1256,-0.1256
3.8901,pi,6.2800,0.0000,-0.1256,-0.1256
3.8952,pi,6.2800,0.0000,-0.1256,-0.1256
3.9002,pi,6.2800,0.0000,-0.1256,-0.1256
3.9051,pi,6.2800,0.0000,-0.1256,-0.1256
3.9102,pi,6.2800,0.0000,-0.1256,-0.1256
3.9152,pi,6.2800,0.0000,-0.1256,-0.1256
3.9202,pi,6.2800,0.0000,-0.1256,-0.1256
3.9251,pi,6.2800,0.0000,-0.1256,-0.1256
3.9302,pi,6.2800,0.0000,-0.1256,-0.1256
3.9352,pi,6.2800,0.0000,-0.1256,-0.1256
3.9402,pi,6.2800,0.0000,-0.1256,-0.1256
3.9451,pi,6.2800,0.0000,-0.1256,-0.1256
3.9502,pi,6.2800,0.0000,-0.1256,-0.1256
3.9552,pi,6.2800,0.0000,-0.1256,-0.1256
3.9601,pi,6.2800,0.0000,-0.1256,-0.1256
3.9652,pi,6.2800,0.0000,-0.1256,-0.1256
3.9701,pi,6.2800,0.0000,-0.1256,-0.1256
3.9752,pi,6.2800,0.0000,-0.1256,-0.1256
3.9802,pi,6.2800,0.0000,-0.1256,-0.1256
3.9852,pi,6.2800,0.0000,-0.1256,-0.1256
3.9901,pi,6.2800,0.0000,-0.1256,-0.1256
3.9952,pi,6.2800,0.0000,-0.1256,-0.1256
4.0002,pi,6.2800,0.0000,-0.1256,-0.1256
4.0052,pi,6.2800,0.0000,-0.1256,-0.1256
4.0102,pi,6.2800,0.0000,-0.1256,-0.1256
4.0152,pi,6.2800,0.0000,-0.1256,-0.1256
4.0202,pi,6.2800,0.0000,-0.1256,-0.1256
4.0251,pi,6.2800,0.0000,-0.1256,-0.1256
4.0302,pi,6.2800,0.0000,-0.1256,-0.1256
4.0352,pi,6.2800,0.0000,-0.1256,-0.1256
4.0402,pi,6.2800,0.0000,-0.1256,-0.1256
4.0452,pi,6.2800,0.0000,-0.1256,-0.1256
4.0501,pi,6.2800,0.0000,-0.1256,-0.1256
4.0552,pi,6.2800,0.0000,-0.1256,-0.1256
4.0603,pi,6.2800,0.0000,-0.1256,-0.1256
4.0652,pi,6.2800,0.0000,-0.1256,-0.1256
4.0702,pi,6.2800,0.0000,-0.1256,-0.1256
4.0751,pi,6.2800,0.0000,-0.1256,-0.1256
4.0802,pi,6.2800,0.0000,-0.1256,-0.1256
4.0852,pi,6.2800,0.0000,-0.1256,-0.1256
4.0902,pi,6.2800,0.0000,-0.1256,-0.1256
4.0951,pi,6.2800,0.0000,-0.1256,-0.1256
4.1002,pi,6.2800,0.0000,-0.1256,-0.1256
4.1051,pi,6.2800,0.0000,-0.1256,-0.1256
4.1103,pi,6.2800,0.0000,-0.1256,-0.1256
4.1155,pi,6.2800,0.0000,-0.1256,-0.1256
4.1202,pi,6.2800,0.0000,-0.1256,-0.1256
4.1252,pi,6.2800,0.0000,-0.1256,-0.1256
4.1301,pi,6.2800,0.0000,-0.1256,-0.1256
4.1352,pi,6.2800,0.0000,-0.1256,-0.1256
4.1402,pi,6.2800,0.0000,-0.1256,-0.1256
4.1452,pi,6.2800,0.0000,-0.1256,-0.1256
4.1501,pi,6.2800,0.0000,-0.1256,-0.1256
4.1552,pi,6.2800,0.0000,-0.1256,-0.1256
4.1601,pi,6.2800,0.0000,-0.1256,-0.1256
4.1652,pi,6.2800,0.0000,-0.1256,-0.1256
4.1702,pi,6.2800,0.0000,-0.1256,-0.1256
4.1752,pi,6.2800,0.0000,-0.1256,-0.1256
4.1802,pi,6.2800,0.0000,-0.1256,-0.1256
4.1851,pi,6.2800,0.0000,-0.1256,-0.1256
4.1902,pi,6.2800,0.0000,-0.1256,-0.1256
4.1952,pi,6.2800,0.0000,-0.1256,-0.1256
4.2002,pi,6.2800,0.0000,-0.1256,-0.1256
4.2052,pi,6.2800,0.0000,-0.1256,-0.1256
4.2101,pi,6.2800,0.0000,-0.1256,-0.1256
4.2152,pi,6.2800,0.0000,-0.1256,-0.1256
4.2202,pi,6.2800,0.0000,-0.1256,-0.1256
4.2252,pi,6.2800,0.0000,-0.1256,-0.1256
4.2301,pi,6.2800,0.0000,-0.1256,-0.1256
4.2352,pi,6.2800,0.0000,-0.1256,-0.1256
4.2409,pi,6.2800,0.0000,-0.1256,-0.1256
4.2457,pi,6.2800,0.0000,-0.1256,-0.1256
4.2506,pi,6.2800,0.0000,-0.1256,-0.1256
4.2558,pi,6.2800,0.0000,-0.1256,-0.1256
4.2608,pi,6.2800,0.0000,-0.1256,-0.1256
4.2659,pi,6.2800,0.0000,-0.1256,-0.1256
4.2705,pi,6.2800,0.0000,-0.1256,-0.1256
4.2758,pi,6.2800,0.0000,-0.1256,-0.1256
4.2803,pi,6.2800,0.0000,-0.1256,-0.1256
4.2858,pi,6.2800,0.0000,-0.1256,-0.1256
4.2908,pi,6.2800,0.0000,-0.1256,-0.1256
4.2960,pi,6.2800,0.0000,-0.1256,-0.1256
4.3009,pi,6.2800,0.0000,-0.1256,-0.1256
4.3059,pi,6.2800,0.0000,-0.1256,-0.1256
4.3106,pi,6.2800,0.0000,-0.1256,-0.1256
4.3152,pi,6.2800,0.0000,-0.1256,-0.1256
4.3201,pi,6.2800,0.0000,-0.1256,-0.1256
4.3252,pi,6.2800,0.0000,-0.1256,-0.1256
4.3302,pi,6.2800,0.0000,-0.1256,-0.1256
4.3352,pi,6.2800,0.0000,-0.1256,-0.1256
4.3401,pi,6.2800,0.0000,-0.1256,-0.1256
4.3452,pi,6.2800,0.0000,-0.1256,-0.1256
4.3501,pi,6.2800,0.0000,-0.1256,-0.1256
4.3551,pi,6.2800,0.0000,-0.1256,-0.1256
4.3601,pi,6.2800,0.0000,-0.1256,-0.1256
4.3652,pi,6.2800,0.0000,-0.1256,-0.1256
4.3701,pi,6.2800,0.0000,-0.1256,-0.1256
4.3752,pi,6.2800,0.0000,-0.1256,-0.1256
4.3802,pi,6.2800,0.0000,-0.1256,-0.1256
4.3851,pi,6.2800,0.0000,-0.1256,-0.1256
4.3901,pi,6.2800,0.0000,-0.1256,-0.1256
4.3951,pi,6.2800,0.0000,-0.1256,-0.1256
4.4002,pi,6.2800,0.0000,-0.1256,-0.1256
4.4051,pi,6.2800,0.0000,-0.1256,-0.1256
4.4101,pi,6.2800,0.0000,-0.1256,-0.1256
4.4151,pi,6.2800,0.0000,-0.1256,-0.1256
4.4202,pi,6.2800,0.0000,-0.1256,-0.1256
4.4252,pi,6.2800,0.0000,-0.1256,-0.1256
4.4302,pi,6.2800,0.0000,-0.1256,-0.1256
4.4351,pi,6.2800,0.0000,-0.1256,-0.1256
4.4402,pi,6.2800,0.0000,-0.1256,-0.1256
4.4451,pi,6.2800,0.0000,-0.1256,-0.1256
4.4502,pi,6.2800,0.0000,-0.1256,-0.1256
4.4551,pi,6.2800,0.0000,-0.1256,-0.1256
4.4601,pi,6.2800,0.0000,-0.1256,-0.1256
4.4651,pi,6.2800,0.0000,-0.1256,-0.1256
4.4701,pi,6.2800,0.0000,-0.1256,-0.1256
4.4751,pi,6.2800,0.0000,-0.1256,-0.1256
4.4801,pi,6.2800,0.0000,-0.1256,-0.1256
4.4852,pi,6.2800,0.0000,-0.1256,-0.1256
4.4901,pi,6.2800,0.0000,-0.1256,-0.1256
4.4952,pi,6.2800,0.0000,-0.1256,-0.1256
4.5002,pi,6.2800,0.0000,-0.1256,-0.1256
4.5051,pi,6.2800,0.0000,-0.1256,-0.1256
4.5102,pi,6.2800,0.0000,-0.1256,-0.1256
4.5152,pi,6.2800,0.0000,-0.1256,-0.1256
4.5202,pi,6.2800,0.0000,-0.1256,-0.1256
4.5251,pi,6.2800,0.0000,-0.1256,-0.1256
4.5302,pi,6.2800,0.0000,-0.1256,-0.1256
4.5351,pi,6.2800,0.0000,-0.1256,-0.1256
4.5402,pi,6.2800,0.0000,-0.1256,-0.1256
4.5451,pi,6.2800,0.0000,-0.1256,-0.1256
4.5501,pi,6.2800,0.0000,-0.1256,-0.1256
4.5551,pi,6.2800,0.0000,-0.1256,-0.1256
4.5602,pi,6.2800,0.0000,-0.1256,-0.1256
4.5651,pi,6.2800,0.0000,-0.1256,-0.1256
4.5702,pi,6.2800,0.0000,-0.1256,-0.1256
4.5751,pi,6.2800,0.0000,-0.1256,-0.1256
4.5802,pi,6.2800,0.0000,-0.1256,-0.1256
4.5852,pi,6.2800,0.0000,-0.1256,-0.1256
4.5901,pi,6.2800,0.0000,-0.1256,-0.1256
4.5951,pi,6.2800,0.0000,-0.1256,-0.1256
4.6002,pi,6.2800,0.0000,-0.1256,-0.1256
4.6051,pi,6.2800,0.0000,-0.1256,-0.1256
4.6102,pi,6.2800,0.0000,-0.1256,-0.1256
4.6151,pi,6.2800,0.0000,-0.1256,-0.1256
4.6202,pi,6.2800,0.0000,-0.1256,-0.1256
4.6252,pi,6.2800,0.0000,-0.1256,-0.1256
4.6301,pi,6.2800,0.0000,-0.1256,-0.1256
4.6352,pi,6.2800,0.0000,-0.1256,-0.1256
4.6402,pi,6.2800,0.0000,-0.1256,-0.1256
4.6451,pi,6.2800,0.0000,-0.1256,-0.1256
4.6501,pi,6.2800,0.0000,-0.1256,-0.1256
4.6551,pi,6.2800,0.0000,-0.1256,-0.1256
4.6601,pi,6.2800,0.0000,-0.1256,-0.1256
4.6652,pi,6.2800,0.0000,-0.1256,-0.1256
4.6701,pi,6.2800,0.0000,-0.1256,-0.1256
4.6751,pi,6.2800,0.0000,-0.1256,-0.1256
4.6801,pi,6.2800,0.0000,-0.1256,-0.1256
4.6852,pi,6.2800,0.0000,-0.1256,-0.1256
4.6901,pi,6.2800,0.0000,-0.1256,-0.1256
4.6952,pi,6.2800,0.0000,-0.1256,-0.1256
4.7002,pi,6.2800,0.0000,-0.1256,-0.1256
4.7052,pi,6.2800,0.0000,-0.1256,-0.1256
4.7102,pi,6.2800,0.0000,-0.1256,-0.1256
4.7152,pi,6.2800,0.0000,-0.1256,-0.1256
4.7202,pi,6.2800,0.0000,-0.1256,-0.1256
4.7252,pi,6.2800,0.0000,-0.1256,-0.1256
4.7302,pi,6.2800,0.0000,-0.1256,-0.1256
4.7352,pi,6.2800,0.0000,-0.1256,-0.1256
4.7402,pi,6.2800,0.0000,-0.1256,-0.1256
4.7451,pi,6.2800,0.0000,-0.1256,-0.1256
4.7502,pi,6.2800,0.0000,-0.1256,-0.1256
4.7552,pi,6.2800,0.0000,-0.1256,-0.1256
4.7602,pi,6.2800,0.0000,-0.1256,-0.1256
4.7652,pi,6.2800,0.0000,-0.1256,-0.1256
4.7702,pi,6.2800,0.0000,-0.1256,-0.1256
4.7752,pi,6.2800,0.0000,-0.1256,-0.1256
4.7802,pi,6.2800,0.0000,-0.1256,-0.1256
4.7852,pi,6.2800,0.0000,-0.1256,-0.1256
4.7901,pi,6.2800,0.0000,-0.1256,-0.1256
4.7952,pi,6.2800,0.0000,-0.1256,-0.1256
4.8001,pi,6.2800,0.0000,-0.1256,-0.1256
4.8052,pi,6.2800,0.0000,-0.1256,-0.1256
4.8102,pi,6.2800,0.0000,-0.1256,-0.1256
4.8151,pi,6.2800,0.0000,-0.1256,-0.1256
4.8202,pi,6.2800,0.0000,-0.1256,-0.1256
4.8252,pi,6.2800,0.0000,-0.1256,-0.1256
4.8301,pi,6.2800,0.0000,-0.1256,-0.1256
4.8352,pi,6.2800,0.0000,-0.1256,-0.1256
4.8402,pi,6.2800,0.0000,-0.1256,-0.1256
4.8452,pi,6.2800,0.0000,-0.1256,-0.1256
4.8502,pi,6.2800,0.0000,-0.1256,-0.1256
4.8552,pi,6.2800,0.0000,-0.1256,-0.1256
4.8601,pi,6.2800,0.0000,-0.1256,-0.1256
4.8652,pi,6.2800,0.0000,-0.1256,-0.1256
4.8701,pi,6.2800,0.0000,-0.1256,-0.1256
4.8752,pi,6.2800,0.0000,-0.1256,-0.1256
4.8802,pi,6.2800,0.0000,-0.1256,-0.1256
4.8852,pi,6.2800,0.0000,-0.1256,-0.1256
4.8901,pi,6.2800,0.0000,-0.1256,-0.1256
4.8952,pi,6.2800,0.0000,-0.1256,-0.1256
4.9001,pi,6.2800,0.0000,-0.1256,-0.1256
4.9052,pi,6.2800,0.0000,-0.1256,-0.1256
4.9102,pi,6.2800,0.0000,-0.1256,-0.1256
4.9151,pi,6.2800,0.0000,-0.1256,-0.1256
4.9202,pi,6.2800,0.0000,-0.1256,-0.1256
4.9252,pi,6.2800,0.0000,-0.1256,-0.1256
4.9302,pi,6.2800,0.0000,-0.1256,-0.1256
4.9351,pi,6.2800,0.0000,-0.1256,-0.1256
4.9402,pi,6.2800,0.0000,-0.1256,-0.1256
4.9451,pi,6.2800,0.0000,-0.1256,-0.1256
4.9502,pi,6.2800,0.0000,-0.1256,-0.1256
4.9552,pi,6.2800,0.0000,-0.1256,-0.1256
4.9602,pi,6.2800,0.0000,-0.1256,-0.1256
4.9652,pi,6.2800,0.0000,-0.1256,-0.1256
4.9701,pi,6.2800,0.0000,-0.1256,-0.1256
4.9752,pi,6.2800,0.0000,-0.1256,-0.1256
4.9802,pi,6.2800,0.0000,-0.1256,-0.1256
4.9852,pi,6.2800,0.0000,-0.1256,-0.1256
4.9901,pi,6.2800,0.0000,-0.1256,-0.1256
4.9952,pi,6.2800,0.0000,-0.1256,-0.1256
5.0002,pi,6.2800,0.0000,-0.1256,-0.1256
5.0051,pi,6.2800,0.0000,-0.1256,-0.1256
5.0102,pi,6.2800,0.0000,-0.1256,-0.1256
5.0152,pi,6.2800,0.0000,-0.1256,-0.1256
5.0203,pi,6.2800,0.0000,-0.1256,-0.1256
5.0252,pi,6.2800,0.0000,-0.1256,-0.1256
5.0301,pi,6.2800,0.0000,-0.1256,-0.1256
5.0352,pi,6.2800,0.0000,-0.1256,-0.1256
5.0402,pi,6.2800,0.0000,-0.1256,-0.1256
5.0451,pi,6.2800,0.0000,-0.1256,-0.1256
5.0502,pi,6.2800,0.0000,-0.1256,-0.1256
5.0552,pi,6.2800,0.0000,-0.1256,-0.1256
5.0604,pi,6.2800,0.0000,-0.1256,-0.1256
5.0653,pi,6.2800,0.0000,-0.1256,-0.1256
5.0708,pi,6.2800,0.0000,-0.1256,-0.1256
5.0756,pi,6.2800,0.0000,-0.1256,-0.1256
5.0801,pi,6.2800,0.0000,-0.1256,-0.1256
5.0851,pi,6.2800,0.0000,-0.1256,-0.1256
5.0901,pi,6.2800,0.0000,-0.1256,-0.1256
5.0951,pi,6.2800,0.0000,-0.1256,-0.1256
5.1001,pi,6.2800,0.0000,-0.1256,-0.1256
5.1051,pi,6.2800,0.0000,-0.1256,-0.1256
5.1101,pi,6.2800,0.0000,-0.1256,-0.1256
5.1153,pi,6.2800,0.0000,-0.1256,-0.1256
5.1205,pi,6.2800,0.0000,-0.1256,-0.1256
5.1253,pi,6.2800,0.0000,-0.1256,-0.1256
5.1302,pi,6.2800,0.0000,-0.1256,-0.1256
5.1352,pi,6.2800,0.0000,-0.1256,-0.1256
5.1402,pi,6.2800,0.0000,-0.1256,-0.1256
5.1452,pi,6.2800,0.0000,-0.1256,-0.1256
5.1502,pi,6.2800,0.0000,-0.1256,-0.1256
5.1552,pi,6.2800,0.0000,-0.1256,-0.1256
5.1603,pi,6.2800,0.0000,-0.1256,-0.1256
5.1653,pi,6.2800,0.0000,-0.1256,-0.1256
5.1701,pi,6.2800,0.0000,-0.1256,-0.1256
5.1751,pi,6.2800,0.0000,-0.1256,-0.1256
5.1802,pi,6.2800,0.0000,-0.1256,-0.1256
5.1852,pi,6.2800,0.0000,-0.1256,-0.1256
5.1903,pi,6.2800,0.0000,-0.1256,-0.1256
5.1952,pi,6.2800,0.0000,-0.1256,-0.1256
5.2001,pi,6.2800,0.0000,-0.1256,-0.1256
5.2052,pi,6.2800,0.0000,-0.1256,-0.1256
5.2103,pi,6.2800,0.0000,-0.1256,-0.1256
5.2152,pi,6.2800,0.0000,-0.1256,-0.1256
5.2202,pi,6.2800,0.0000,-0.1256,-0.1256
5.2252,pi,6.2800,0.0000,-0.1256,-0.1256
5.2303,pi,6.2800,0.0000,-0.1256,-0.1256
5.2352,pi,6.2800,0.0000,-0.1256,-0.1256
5.2401,pi,6.2800,0.0000,-0.1256,-0.1256
5.2452,pi,6.2800,0.0000,-0.1256,-0.1256
5.2502,pi,6.2800,0.0000,-0.1256,-0.1256
5.2552,pi,6.2800,0.0000,-0.1256,-0.1256
5.2602,pi,6.2800,0.0000,-0.1256,-0.1256
5.2653,pi,6.2800,0.0000,-0.1256,-0.1256
5.2702,pi,6.2800,0.0000,-0.1256,-0.1256
5.2752,pi,6.2800,0.0000,-0.1256,-0.1256
5.2805,pi,6.2800,0.0000,-0.1256,-0.1256
5.2852,pi,6.2800,0.0000,-0.1256,-0.1256
5.2902,pi,6.2800,0.0000,-0.1256,-0.1256
5.2951,pi,6.2800,0.0000,-0.1256,-0.1256
5.3002,pi,6.2800,0.0000,-0.1256,-0.1256
5.3052,pi,6.2800,0.0000,-0.1256,-0.1256
5.3101,pi,6.2800,0.0000,-0.1256,-0.1256
5.3151,pi,6.2800,0.0000,-0.1256,-0.1256
5.3202,pi,6.2800,0.0000,-0.1256,-0.1256
5.3252,pi,6.2800,0.0000,-0.1256,-0.1256
5.3302,pi,6.2800,0.0000,-0.1256,-0.1256
5.3352,pi,6.2800,0.0000,-0.1256,-0.1256
5.3402,pi,6.2800,0.0000,-0.1256,-0.1256
5.3452,pi,6.2800,0.0000,-0.1256,-0.1256
5.3502,pi,6.2800,0.0000,-0.1256,-0.1256
5.3551,pi,6.2800,0.0000,-0.1256,-0.1256
5.3602,pi,6.2800,0.0000,-0.1256,-0.1256
5.3652,pi,6.2800,0.0000,-0.1256,-0.1256
5.3702,pi,6.2800,0.0000,-0.1256,-0.1256
5.3751,pi,6.2800,0.0000,-0.1256,-0.1256
5.3802,pi,6.2800,0.0000,-0.1256,-0.1256
5.3852,pi,6.2800,0.0000,-0.1256,-0.1256
5.3901,pi,6.2800,0.0000,-0.1256,-0.1256
5.3952,pi,6.2800,0.0000,-0.1256,-0.1256
5.4002,pi,6.2800,0.0000,-0.1256,-0.1256
5.4052,pi,6.2800,0.0000,-0.1256,-0.1256
5.4101,pi,6.2800,0.0000,-0.1256,-0.1256
5.4151,pi,6.2800,0.0000,-0.1256,-0.1256
5.4202,pi,6.2800,0.0000,-0.1256,-0.1256
5.4252,pi,6.2800,0.0000,-0.1256,-0.1256
5.4301,pi,6.2800,0.0000,-0.1256,-0.1256
5.4352,pi,6.2800,0.0000,-0.1256,-0.1256
5.4402,pi,6.2800,0.0000,-0.1256,-0.1256
5.4452,pi,6.2800,0.0000,-0.1256,-0.1256
5.4501,pi,6.2800,0.0000,-0.1256,-0.1256
5.4551,pi,6.2800,0.0000,-0.1256,-0.1256
5.4601,pi,6.2800,0.0000,-0.1256,-0.1256
5.4652,pi,6.2800,0.0000,-0.1256,-0.1256
5.4701,pi,6.2800,0.0000,-0.1256,-0.1256
5.4751,pi,6.2800,0.0000,-0.1256,-0.1256
5.4802,pi,6.2800,0.0000,-0.1256,-0.1256
5.4852,pi,6.2800,0.0000,-0.1256,-0.1256
5.4901,pi,6.2800,0.0000,-0.1256,-0.1256
5.4952,pi,6.2800,0.0000,-0.1256,-0.1256
5.5002,pi,6.2800,0.0000,-0.1256,-0.1256
5.5052,pi,6.2800,0.0000,-0.1256,-0.1256
5.5101,pi,6.2800,0.0000,-0.1256,-0.1256
5.5153,pi,6.2800,0.0000,-0.1256,-0.1256
5.5201,pi,6.2800,0.0000,-0.1256,-0.1256
5.5252,pi,6.2800,0.0000,-0.1256,-0.1256
5.5301,pi,6.2800,0.0000,-0.1256,-0.1256
5.5352,pi,6.2800,0.0000,-0.1256,-0.1256
5.5402,pi,6.2800,0.0000,-0.1256,-0.1256
5.5451,pi,6.2800,0.0000,-0.1256,-0.1256
5.5502,pi,6.2800,0.0000,-0.1256,-0.1256
5.5552,pi,6.2800,0.0000,-0.1256,-0.1256
5.5601,pi,6.2800,0.0000,-0.1256,-0.1256
5.5651,pi,6.2800,0.0000,-0.1256,-0.1256
5.5702,pi,6.2800,0.0000,-0.1256,-0.1256
5.5752,pi,6.2800,0.0000,-0.1256,-0.1256
5.5801,pi,6.2800,0.0000,-0.1256,-0.1256
5.5851,pi,6.2800,0.0000,-0.1256,-0.1256
5.5902,pi,6.2800,0.0000,-0.1256,-0.1256
5.5952,pi,6.2800,0.0000,-0.1256,-0.1256
5.6001,pi,6.2800,0.0000,-0.1256,-0.1256
5.6051,pi,6.2800,0.0000,-0.1256,-0.1256
5.6101,pi,6.2800,0.0000,-0.1256,-0.1256
5.6151,pi,6.2800,0.0000,-0.1256,-0.1256
5.6202,pi,6.2800,0.0000,-0.1256,-0.1256
5.6252,pi,6.2800,0.0000,-0.1256,-0.1256
5.6302,pi,6.2800,0.0000,-0.1256,-0.1256
5.6351,pi,6.2800,0.0000,-0.1256,-0.1256
5.6401,pi,6.2800,0.0000,-0.1256,-0.1256
5.6452,pi,6.2800,0.0000,-0.1256,-0.1256
5.6501,pi,6.2800,0.0000,-0.1256,-0.1256
5.6552,pi,6.2800,0.0000,-0.1256,-0.1256
5.6602,pi,6.2800,0.0000,-0.1256,-0.1256
5.6651,pi,6.2800,0.0000,-0.1256,-0.1256
5.6701,pi,6.2800,0.0000,-0.1256,-0.1256
5.6752,pi,6.2800,0.0000,-0.1256,-0.1256
5.6802,pi,6.2800,0.0000,-0.1256,-0.1256
5.6851,pi,6.2800,0.0000,-0.1256,-0.1256
5.6902,pi,6.2800,0.0000,-0.1256,-0.1256
5.6952,pi,6.2800,0.0000,-0.1256,-0.1256
5.7003,pi,6.2800,0.0000,-0.1256,-0.1256
5.7051,pi,6.2800,0.0000,-0.1256,-0.1256
5.7102,pi,6.2800,0.0000,-0.1256,-0.1256
5.7152,pi,6.2800,0.0000,-0.1256,-0.1256
5.7202,pi,6.2800,0.0000,-0.1256,-0.1256
5.7251,pi,6.2800,0.0000,-0.1256,-0.1256
5.7302,pi,6.2800,0.0000,-0.1256,-0.1256
5.7351,pi,6.2800,0.0000,-0.1256,-0.1256
5.7402,pi,6.2800,0.0000,-0.1256,-0.1256
5.7451,pi,6.2800,0.0000,-0.1256,-0.1256
5.7502,pi,6.2800,0.0000,-0.1256,-0.1256
5.7552,pi,6.2800,0.0000,-0.1256,-0.1256
5.7601,pi,6.2800,0.0000,-0.1256,-0.1256
5.7651,pi,6.2800,0.0000,-0.1256,-0.1256
5.7702,pi,6.2800,0.0000,-0.1256,-0.1256
5.7751,pi,6.2800,0.0000,-0.1256,-0.1256
5.7803,pi,6.2800,0.0000,-0.1256,-0.1256
5.7852,pi,6.2800,0.0000,-0.1256,-0.1256
5.7902,pi,6.2800,0.0000,-0.1256,-0.1256
5.7951,pi,6.2800,0.0000,-0.1256,-0.1256
5.8001,pi,6.2800,0.0000,-0.1256,-0.1256
5.8051,pi,6.2800,0.0000,-0.1256,-0.1256
5.8101,pi,6.2800,0.0000,-0.1256,-0.1256
5.8151,pi,6.2800,0.0000,-0.1256,-0.1256
5.8202,pi,6.2800,0.0000,-0.1256,-0.1256
5.8252,pi,6.2800,0.0000,-0.1256,-0.1256
5.8302,pi,6.2800,0.0000,-0.1256,-0.1256
5.8351,pi,6.2800,0.0000,-0.1256,-0.1256
5.8402,pi,6.2800,0.0000,-0.1256,-0.1256
5.8452,pi,6.2800,0.0000,-0.1256,-0.1256
5.8501,pi,6.2800,0.0000,-0.1256,-0.1256
5.8552,pi,6.2800,0.0000,-0.1256,-0.1256
5.8602,pi,6.2800,0.0000,-0.1256,-0.1256
5.8651,pi,6.2800,0.0000,-0.1256,-0.1256
5.8701,pi,6.2800,0.0000,-0.1256,-0.1256
5.8751,pi,6.2800,0.0000,-0.1256,-0.1256
5.8802,pi,6.2800,0.0000,-0.1256,-0.1256
5.8852,pi,6.2800,0.0000,-0.1256,-0.1256
5.8901,pi,6.2800,0.0000,-0.1256,-0.1256
5.8952,pi,6.2800,0.0000,-0.1256,-0.1256
5.9001,pi,6.2800,0.0000,-0.1256,-0.1256
5.9051,pi,6.2800,0.0000,-0.1256,-0.1256
5.9101,pi,6.2800,0.0000,-0.1256,-0.1256
5.9152,pi,6.2800,0.0000,-0.1256,-0.1256
5.9201,pi,6.2800,0.0000,-0.1256,-0.1256
5.9251,pi,6.2800,0.0000,-0.1256,-0.1256
5.9302,pi,6.2800,0.0000,-0.1256,-0.1256
5.9352,pi,6.2800,0.0000,-0.1256,-0.1256
5.9401,pi,6.2800,0.0000,-0.1256,-0.1256
5.9452,pi,6.2800,0.0000,-0.1256,-0.1256
5.9502,pi,6.2800,0.0000,-0.1256,-0.1256
5.9552,pi,6.2800,0.0000,-0.1256,-0.1256
5.9601,pi,6.2800,0.0000,-0.1256,-0.1256
5.9652,pi,6.2800,0.0000,-0.1256,-0.1256
5.9702,pi,6.2800,0.0000,-0.1256,-0.1256
5.9752,pi,6.2800,0.0000,-0.1256,-0.1256
5.9801,pi,6.2800,0.0000,-0.1256,-0.1256
5.9852,pi,6.2800,0.0000,-0.1256,-0.1256
5.9902,pi,6.2800,0.0000,-0.1256,-0.1256
5.9951,pi,6.2800,0.0000,-0.1256,-0.1256
6.0001,pi,6.2800,0.0000,-0.1256,-0.1256
6.0056,pi,6.2800,0.0000,-0.1256,-0.1256
6.0111,pi,6.2800,0.0000,-0.1256,-0.1256
6.0163,pi,6.2800,0.0000,-0.1256,-0.1256
6.0213,pi,6.2800,0.0000,-0.1256,-0.1256
6.0261,pi,6.2800,0.0000,-0.1256,-0.1256
6.0309,pi,6.2800,0.0000,-0.1256,-0.1256
6.0357,pi,6.2800,0.0000,-0.1256,-0.1256
6.0406,pi,6.2800,0.0000,-0.1256,-0.1256
6.0455,pi,6.2800,0.0000,-0.1256,-0.1256
6.0506,pi,6.2800,0.0000,-0.1256,-0.1256
6.0555,pi,6.2800,0.0000,-0.1256,-0.1256
6.0603,pi,6.2800,0.0000,-0.1256,-0.1256
6.0653,pi,6.2800,0.0000,-0.1256,-0.1256
6.0703,pi,6.2800,0.0000,-0.1256,-0.1256
6.0754,pi,6.2800,0.0000,-0.1256,-0.1256
6.0803,pi,6.2800,0.0000,-0.1256,-0.1256
6.0853,pi,6.2800,0.0000,-0.1256,-0.1256
6.0903,pi,6.2800,0.0000,-0.1256,-0.1256
6.0955,pi,6.2800,0.0000,-0.1256,-0.1256
6.1004,pi,6.2800,0.0000,-0.1256,-0.1256
6.1054,pi,6.2800,0.0000,-0.1256,-0.1256
6.1103,pi,6.2800,0.0000,-0.1256,-0.1256
6.1159,pi,6.2800,0.0000,-0.1256,-0.1256
6.1216,pi,6.2800,0.0000,-0.1256,-0.1256
6.1262,pi,6.2800,0.0000,-0.1256,-0.1256
6.1306,pi,6.2800,0.0000,-0.1256,-0.1256
6.1354,pi,6.2800,0.0000,-0.1256,-0.1256
6.1403,pi,6.2800,0.0000,-0.1256,-0.1256
6.1466,pi,6.2800,0.0000,-0.1256,-0.1256
6.1507,pi,6.2800,0.0000,-0.1256,-0.1256
6.1553,pi,6.2800,0.0000,-0.1256,-0.1256
6.1603,pi,6.2800,0.0000,-0.1256,-0.1256
6.1653,pi,6.2800,0.0000,-0.1256,-0.1256
6.1702,pi,6.2800,0.0000,-0.1256,-0.1256
6.1752,pi,6.2800,0.0000,-0.1256,-0.1256
6.1804,pi,6.2800,0.0000,-0.1256,-0.1256
6.1852,pi,6.2800,0.0000,-0.1256,-0.1256
6.1902,pi,6.2800,0.0000,-0.1256,-0.1256
6.1952,pi,6.2800,0.0000,-0.1256,-0.1256
6.2002,pi,6.2800,0.0000,-0.1256,-0.1256
6.2053,pi,6.2800,0.0000,-0.1256,-0.1256
6.2103,pi,6.2800,0.0000,-0.1256,-0.1256
6.2156,pi,6.2800,0.0000,-0.1256,-0.1256
6.2203,pi,6.2800,0.0000,-0.1256,-0.1256
6.2251,pi,6.2800,0.0000,-0.1256,-0.1256
6.2301,pi,6.2800,0.0000,-0.1256,-0.1256
6.2353,pi,6.2800,0.0000,-0.1256,-0.1256
6.2404,pi,6.2800,0.0000,-0.1256,-0.1256
6.2452,pi,6.2800,0.0000,-0.1256,-0.1256
6.2502,pi,6.2800,0.0000,-0.1256,-0.1256
6.2552,pi,6.2800,0.0000,-0.1256,-0.1256
6.2601,pi,6.2800,0.0000,-0.1256,-0.1256
6.2652,pi,6.2800,0.0000,-0.1256,-0.1256
6.2702,pi,6.2800,0.0000,-0.1256,-0.1256
6.2752,pi,6.2800,0.0000,-0.1256,-0.1256
6.2802,pi,6.2800,0.0000,-0.1256,-0.1256
6.2851,pi,6.2800,0.0000,-0.1256,-0.1256
6.2906,pi,6.2800,0.0000,-0.1256,-0.1256
6.2956,pi,6.2800,0.0000,-0.1256,-0.1256
6.3009,pi,6.2800,0.0000,-0.1256,-0.1256
6.3061,pi,6.2800,0.0000,-0.1256,-0.1256
6.3102,pi,6.2800,0.0000,-0.1256,-0.1256
6.3151,pi,6.2800,0.0000,-0.1256,-0.1256
6.3202,pi,6.2800,0.0000,-0.1256,-0.1256
6.3251,pi,6.2800,0.0000,-0.1256,-0.1256
6.3302,pi,6.2800,0.0000,-0.1256,-0.1256
6.3352,pi,6.2800,0.0000,-0.1256,-0.1256
6.3402,pi,6.2800,0.0000,-0.1256,-0.1256
6.3452,pi,6.2800,0.0000,-0.1256,-0.1256
6.3502,pi,6.2800,0.0000,-0.1256,-0.1256
6.3552,pi,6.2800,0.0000,-0.1256,-0.1256
6.3602,pi,6.2800,0.0000,-0.1256,-0.1256
6.3653,pi,6.2800,0.0000,-0.1256,-0.1256
6.3702,pi,6.2800,0.0000,-0.1256,-0.1256
6.3752,pi,6.2800,0.0000,-0.1256,-0.1256
6.3802,pi,6.2800,0.0000,-0.1256,-0.1256
6.3851,pi,6.2800,0.0000,-0.1256,-0.1256
6.3902,pi,6.2800,0.0000,-0.1256,-0.1256
6.3952,pi,6.2800,0.0000,-0.1256,-0.1256
6.4002,pi,6.2800,0.0000,-0.1256,-0.1256
6.4052,pi,6.2800,0.0000,-0.1256,-0.1256
6.4102,pi,6.2800,0.0000,-0.1256,-0.1256
6.4152,pi,6.2800,0.0000,-0.1256,-0.1256
6.4202,pi,6.2800,0.0000,-0.1256,-0.1256
6.4252,pi,6.2800,0.0000,-0.1256,-0.1256
6.4302,pi,6.2800,0.0000,-0.1256,-0.1256
6.4351,pi,6.2800,0.0000,-0.1256,-0.1256
6.4402,pi,6.2800,0.0000,-0.1256,-0.1256
6.4452,pi,6.2800,0.0000,-0.1256,-0.1256
6.4502,pi,6.2800,0.0000,-0.1256,-0.1256
6.4551,pi,6.2800,0.0000,-0.1256,-0.1256
6.4602,pi,6.2800,0.0000,-0.1256,-0.1256
6.4652,pi,6.2800,0.0000,-0.1256,-0.1256
6.4702,pi,6.2800,0.0000,-0.1256,-0.1256
6.4751,pi,6.2800,0.0000,-0.1256,-0.1256
6.4802,pi,6.2800,0.0000,-0.1256,-0.1256
6.4852,pi,6.2800,0.0000,-0.1256,-0.1256
6.4902,pi,6.2800,0.0000,-0.1256,-0.1256
6.4951,pi,6.2800,0.0000,-0.1256,-0.1256
6.5002,pi,6.2800,0.0000,-0.1256,-0.1256
6.5052,pi,6.2800,0.0000,-0.1256,-0.1256
6.5102,pi,6.2800,0.0000,-0.1256,-0.1256
6.5152,pi,6.2800,0.0000,-0.1256,-0.1256
6.5202,pi,6.2800,0.0000,-0.1256,-0.1256
6.5252,pi,6.2800,0.0000,-0.1256,-0.1256
6.5302,pi,6.2800,0.0000,-0.1256,-0.1256
6.5352,pi,6.2800,0.0000,-0.1256,-0.1256
6.5402,pi,6.2800,0.0000,-0.1256,-0.1256
6.5452,pi,6.2800,0.0000,-0.1256,-0.1256
6.5502,pi,6.2800,0.0000,-0.1256,-0.1256
6.5552,pi,6.2800,0.0000,-0.1256,-0.1256
6.5602,pi,6.2800,0.0000,-0.1256,-0.1256
6.5652,pi,6.2800,0.0000,-0.1256,-0.1256
6.5702,pi,6.2800,0.0000,-0.1256,-0.1256
6.5751,pi,6.2800,0.0000,-0.1256,-0.1256
6.5802,pi,6.2800,0.0000,-0.1256,-0.1256
6.5851,pi,6.2800,0.0000,-0.1256,-0.1256
6.5902,pi,6.2800,0.0000,-0.1256,-0.1256
6.5952,pi,6.2800,0.0000,-0.1256,-0.1256
6.6002,pi,6.2800,0.0000,-0.1256,-0.1256
6.6052,pi,6.2800,0.0000,-0.1256,-0.1256
6.6101,pi,6.2800,0.0000,-0.1256,-0.1256
6.6152,pi,6.2800,0.0000,-0.1256,-0.1256
6.6202,pi,6.2800,0.0000,-0.1256,-0.1256
6.6252,pi,6.2800,0.0000,-0.1256,-0.1256
6.6302,pi,6.2800,0.0000,-0.1256,-0.1256
6.6352,pi,6.2800,0.0000,-0.1256,-0.1256
6.6401,pi,6.2800,0.0000,-0.1256,-0.1256
6.6452,pi,6.2800,0.0000,-0.1256,-0.1256
6.6502,pi,6.2800,0.0000,-0.1256,-0.1256
6.6551,pi,6.2800,0.0000,-0.1256,-0.1256
6.6602,pi,6.2800,0.0000,-0.1256,-0.1256
6.6651,pi,6.2800,0.0000,-0.1256,-0.1256
6.6702,pi,6.2800,0.0000,-0.1256,-0.1256
6.6752,pi,6.2800,0.0000,-0.1256,-0.1256
6.6801,pi,6.2800,0.0000,-0.1256,-0.1256
6.6852,pi,6.2800,0.0000,-0.1256,-0.1256
6.6901,pi,6.2800,0.0000,-0.1256,-0.1256
6.6951,pi,6.2800,0.0000,-0.1256,-0.1256
6.7002,pi,6.2800,0.0000,-0.1256,-0.1256
6.7052,pi,6.2800,0.0000,-0.1256,-0.1256
6.7101,pi,6.2800,0.0000,-0.1256,-0.1256
6.7152,pi,6.2800,0.0000,-0.1256,-0.1256
6.7201,pi,6.2800,0.0000,-0.1256,-0.1256
6.7252,pi,6.2800,0.0000,-0.1256,-0.1256
6.7302,pi,6.2800,0.0000,-0.1256,-0.1256
6.7352,pi,6.2800,0.0000,-0.1256,-0.1256
6.7403,pi,6.2800,0.0000,-0.1256,-0.1256
6.7452,pi,6.2800,0.0000,-0.1256,-0.1256
6.7501,pi,6.2800,0.0000,-0.1256,-0.1256
6.7551,pi,6.2800,0.0000,-0.1256,-0.1256
6.7601,pi,6.2800,0.0000,-0.1256,-0.1256
6.7651,pi,6.2800,0.0000,-0.1256,-0.1256
6.7701,pi,6.2800,0.0000,-0.1256,-0.1256
6.7751,pi,6.2800,0.0000,-0.1256,-0.1256
6.7802,pi,6.2800,0.0000,-0.1256,-0.1256
6.7852,pi,6.2800,0.0000,-0.1256,-0.1256
6.7902,pi,6.2800,0.0000,-0.1256,-0.1256
6.7952,pi,6.2800,0.0000,-0.1256,-0.1256
6.8002,pi,6.2800,0.0000,-0.1256,-0.1256
6.8052,pi,6.2800,0.0000,-0.1256,-0.1256
6.8102,pi,6.2800,0.0000,-0.1256,-0.1256
6.8152,pi,6.2800,0.0000,-0.1256,-0.1256
6.8202,pi,6.2800,0.0000,-0.1256,-0.1256
6.8252,pi,6.2800,0.0000,-0.1256,-0.1256
6.8302,pi,6.2800,0.0000,-0.1256,-0.1256
6.8352,pi,6.2800,0.0000,-0.1256,-0.1256
6.8402,pi,6.2800,0.0000,-0.1256,-0.1256
6.8452,pi,6.2800,0.0000,-0.1256,-0.1256
6.8501,pi,6.2800,0.0000,-0.1256,-0.1256
6.8552,pi,6.2800,0.0000,-0.1256,-0.1256
6.8602,pi,6.2800,0.0000,-0.1256,-0.1256
6.8652,pi,6.2800,0.0000,-0.1256,-0.1256
6.8702,pi,6.2800,0.0000,-0.1256,-0.1256
6.8752,pi,6.2800,0.0000,-0.1256,-0.1256
6.8802,pi,6.2800,0.0000,-0.1256,-0.1256
6.8851,pi,6.2800,0.0000,-0.1256,-0.1256
6.8902,pi,6.2800,0.0000,-0.1256,-0.1256
6.8952,pi,6.2800,0.0000,-0.1256,-0.1256
6.9002,pi,6.2800,0.0000,-0.1256,-0.1256
6.9051,pi,6.2800,0.0000,-0.1256,-0.1256
6.9102,pi,6.2800,0.0000,-0.1256,-0.1256
6.9151,pi,6.2800,0.0000,-0.1256,-0.1256
6.9202,pi,6.2800,0.0000,-0.1256,-0.1256
6.9253,pi,6.2800,0.0000,-0.1256,-0.1256
6.9302,pi,6.2800,0.0000,-0.1256,-0.1256
6.9352,pi,6.2800,0.0000,-0.1256,-0.1256
6.9402,pi,6.2800,0.0000,-0.1256,-0.1256
6.9452,pi,6.2800,0.0000,-0.1256,-0.1256
6.9501,pi,6.2800,0.0000,-0.1256,-0.1256
6.9551,pi,6.2800,0.0000,-0.1256,-0.1256
6.9602,pi,6.2800,0.0000,-0.1256,-0.1256
6.9652,pi,6.2800,0.0000,-0.1256,-0.1256
6.9701,pi,6.2800,0.0000,-0.1256,-0.1256
6.9752,pi,6.2800,0.0000,-0.1256,-0.1256
6.9802,pi,6.2800,0.0000,-0.1256,-0.1256
6.9852,pi,6.2800,0.0000,-0.1256,-0.1256
6.9901,pi,6.2800,0.0000,-0.1256,-0.1256
6.9952,pi,6.2800,0.0000,-0.1256,-0.1256
7.0002,pi,6.2800,0.0000,-0.1256,-0.1256
7.0053,pi,6.2800,0.0000,-0.1256,-0.1256
7.0102,pi,6.2800,0.0000,-0.1256,-0.1256
7.0151,pi,6.2800,0.0000,-0.1256,-0.1256
7.0202,pi,6.2800,0.0000,-0.1256,-0.1256
7.0258,pi,6.2800,0.0000,-0.1256,-0.1256
7.0304,pi,6.2800,0.0000,-0.1256,-0.1256
7.0353,pi,6.2800,0.0000,-0.1256,-0.1256
7.0402,pi,6.2800,0.0000,-0.1256,-0.1256
7.0451,pi,6.2800,0.0000,-0.1256,-0.1256
7.0501,pi,6.2800,0.0000,-0.1256,-0.1256
7.0552,pi,6.2800,0.0000,-0.1256,-0.1256
7.0602,pi,6.2800,0.0000,-0.1256,-0.1256
7.0652,pi,6.2800,0.0000,-0.1256,-0.1256
7.0703,pi,6.2800,0.0000,-0.1256,-0.1256
7.0757,pi,6.2800,0.0000,-0.1256,-0.1256
7.0806,pi,6.2800,0.0000,-0.1256,-0.1256
7.0851,pi,6.2800,0.0000,-0.1256,-0.1256
7.0901,pi,6.2800,0.0000,-0.1256,-0.1256
7.0951,pi,6.2800,0.0000,-0.1256,-0.1256
7.1002,pi,6.2800,0.0000,-0.1256,-0.1256
7.1052,pi,6.2800,0.0000,-0.1256,-0.1256
7.1102,pi,6.2800,0.0000,-0.1256,-0.1256
7.1152,pi,6.2800,0.0000,-0.1256,-0.1256
7.1205,pi,6.2800,0.0000,-0.1256,-0.1256
7.1257,pi,6.2800,0.0000,-0.1256,-0.1256
7.1307,pi,6.2800,0.0000,-0.1256,-0.1256
7.1351,pi,6.2800,0.0000,-0.1256,-0.1256
7.1401,pi,6.2800,0.0000,-0.1256,-0.1256
7.1454,pi,6.2800,0.0000,-0.1256,-0.1256
7.1502,pi,6.2800,0.0000,-0.1256,-0.1256
7.1552,pi,6.2800,0.0000,-0.1256,-0.1256
7.1602,pi,6.2800,0.0000,-0.1256,-0.1256
7.1651,pi,6.2800,0.0000,-0.1256,-0.1256
7.1702,pi,6.2800,0.0000,-0.1256,-0.1256
7.1752,pi,6.2800,0.0000,-0.1256,-0.1256
7.1802,pi,6.2800,0.0000,-0.1256,-0.1256
7.1852,pi,6.2800,0.0000,-0.1256,-0.1256
7.1902,pi,6.2800,0.0000,-0.1256,-0.1256
7.1952,pi,6.2800,0.0000,-0.1256,-0.1256
7.2002,pi,6.2800,0.0000,-0.1256,-0.1256
7.2051,pi,6.2800,0.0000,-0.1256,-0.1256
7.2102,pi,6.2800,0.0000,-0.1256,-0.1256
7.2152,pi,6.2800,0.0000,-0.1256,-0.1256
7.2202,pi,6.2800,0.0000,-0.1256,-0.1256
7.2252,pi,6.2800,0.0000,-0.1256,-0.1256
7.2304,pi,6.2800,0.0000,-0.1256,-0.1256
7.2352,pi,6.2800,0.0000,-0.1256,-0.1256
7.2402,pi,6.2800,0.0000,-0.1256,-0.1256
7.2452,pi,6.2800,0.0000,-0.1256,-0.1256
7.2502,pi,6.2800,0.0000,-0.1256,-0.1256
7.2552,pi,6.2800,0.0000,-0.1256,-0.1256
7.2602,pi,6.2800,0.0000,-0.1256,-0.1256
7.2651,pi,6.2800,0.0000,-0.1256,-0.1256
7.2702,pi,6.2800,0.0000,-0.1256,-0.1256
7.2751,pi,6.2800,0.0000,-0.1256,-0.1256
7.2802,pi,6.2800,0.0000,-0.1256,-0.1256
7.2852,pi,6.2800,0.0000,-0.1256,-0.1256
7.2902,pi,6.2800,0.0000,-0.1256,-0.1256
7.2952,pi,6.2800,0.0000,-0.1256,-0.1256
7.3002,pi,6.2800,0.0000,-0.1256,-0.1256
7.3051,pi,6.2800,0.0000,-0.1256,-0.1256
7.3102,pi,6.2800,0.0000,-0.1256,-0.1256
7.3153,pi,6.2800,0.0000,-0.1256,-0.1256
7.3202,pi,6.2800,0.0000,-0.1256,-0.1256
7.3252,pi,6.2800,0.0000,-0.1256,-0.1256
7.3305,pi,6.2800,0.0000,-0.1256,-0.1256
7.3355,pi,6.2800,0.0000,-0.1256,-0.1256
7.3402,pi,6.2800,0.0000,-0.1256,-0.1256
7.3460,pi,6.2800,0.0000,-0.1256,-0.1256
7.3503,pi,6.2800,0.0000,-0.1256,-0.1256
7.3551,pi,6.2800,0.0000,-0.1256,-0.1256
7.3602,pi,6.2800,0.0000,-0.1256,-0.1256
7.3651,pi,6.2800,0.0000,-0.1256,-0.1256
7.3701,pi,6.2800,0.0000,-0.1256,-0.1256
7.3751,pi,6.2800,0.0000,-0.1256,-0.1256
7.3802,pi,6.2800,0.0000,-0.1256,-0.1256
7.3852,pi,6.2800,0.0000,-0.1256,-0.1256
7.3901,pi,6.2800,0.0000,-0.1256,-0.1256
7.3952,pi,6.2800,0.0000,-0.1256,-0.1256
7.4002,pi,6.2800,0.0000,-0.1256,-0.1256
7.4052,pi,6.2800,0.0000,-0.1256,-0.1256
7.4102,pi,6.2800,0.0000,-0.1256,-0.1256
7.4152,pi,6.2800,0.0000,-0.1256,-0.1256
7.4202,pi,6.2800,0.0000,-0.1256,-0.1256
7.4252,pi,6.2800,0.0000,-0.1256,-0.1256
7.4302,pi,6.2800,0.0000,-0.1256,-0.1256
7.4352,pi,6.2800,0.0000,-0.1256,-0.1256
7.4402,pi,6.2800,0.0000,-0.1256,-0.1256
7.4451,pi,6.2800,0.0000,-0.1256,-0.1256
7.4502,pi,6.2800,0.0000,-0.1256,-0.1256
7.4552,pi,6.2800,0.0000,-0.1256,-0.1256
7.4601,pi,6.2800,0.0000,-0.1256,-0.1256
7.4652,pi,6.2800,0.0000,-0.1256,-0.1256
7.4702,pi,6.2800,0.0000,-0.1256,-0.1256
7.4752,pi,6.2800,0.0000,-0.1256,-0.1256
7.4801,pi,6.2800,0.0000,-0.1256,-0.1256
7.4852,pi,6.2800,0.0000,-0.1256,-0.1256
7.4902,pi,6.2800,0.0000,-0.1256,-0.1256
7.4952,pi,6.2800,0.0000,-0.1256,-0.1256
7.5001,pi,6.2800,0.0000,-0.1256,-0.1256
7.5052,pi,6.2800,0.0000,-0.1256,-0.1256
7.5102,pi,6.2800,0.0000,-0.1256,-0.1256
7.5152,pi,6.2800,0.0000,-0.1256,-0.1256
7.5201,pi,6.2800,0.0000,-0.1256,-0.1256
7.5252,pi,6.2800,0.0000,-0.1256,-0.1256
7.5302,pi,6.2800,0.0000,-0.1256,-0.1256
7.5352,pi,6.2800,0.0000,-0.1256,-0.1256
7.5401,pi,6.2800,0.0000,-0.1256,-0.1256
7.5452,pi,6.2800,0.0000,-0.1256,-0.1256
7.5502,pi,6.2800,0.0000,-0.1256,-0.1256
7.5552,pi,6.2800,0.0000,-0.1256,-0.1256
7.5602,pi,6.2800,0.0000,-0.1256,-0.1256
7.5652,pi,6.2800,0.0000,-0.1256,-0.1256
7.5701,pi,6.2800,0.0000,-0.1256,-0.1256
7.5752,pi,6.2800,0.0000,-0.1256,-0.1256
7.5802,pi,6.2800,0.0000,-0.1256,-0.1256
7.5851,pi,6.2800,0.0000,-0.1256,-0.1256
7.5902,pi,6.2800,0.0000,-0.1256,-0.1256
7.5952,pi,6.2800,0.0000,-0.1256,-0.1256
7.6002,pi,6.2800,0.0000,-0.1256,-0.1256
7.6052,pi,6.2800,0.0000,-0.1256,-0.1256
7.6102,pi,6.2800,0.0000,-0.1256,-0.1256
7.6151,pi,6.2800,0.0000,-0.1256,-0.1256
7.6202,pi,6.2800,0.0000,-0.1256,-0.1256
7.6252,pi,6.2800,0.0000,-0.1256,-0.1256
7.6302,pi,6.2800,0.0000,-0.1256,-0.1256
7.6352,pi,6.2800,0.0000,-0.1256,-0.1256
7.6401,pi,6.2800,0.0000,-0.1256,-0.1256
7.6452,pi,6.2800,0.0000,-0.1256,-0.1256
7.6501,pi,6.2800,0.0000,-0.1256,-0.1256
7.6552,pi,6.2800,0.0000,-0.1256,-0.1256
7.6606,pi,6.2800,0.0000,-0.1256,-0.1256
7.6659,pi,6.2800,0.0000,-0.1256,-0.1256
7.6704,pi,6.2800,0.0000,-0.1256,-0.1256
7.6751,pi,6.2800,0.0000,-0.1256,-0.1256
7.6801,pi,6.2800,0.0000,-0.1256,-0.1256
7.6852,pi,6.2800,0.0000,-0.1256,-0.1256
7.6902,pi,6.2800,0.0000,-0.1256,-0.1256
7.6952,pi,6.2800,0.0000,-0.1256,-0.1256
7.7002,pi,6.2800,0.0000,-0.1256,-0.1256
7.7053,pi,6.2800,0.0000,-0.1256,-0.1256
7.7102,pi,6.2800,0.0000,-0.1256,-0.1256
7.7153,pi,6.2800,0.0000,-0.1256,-0.1256
7.7201,pi,6.2800,0.0000,-0.1256,-0.1256
7.7251,pi,6.2800,0.0000,-0.1256,-0.1256
7.7302,pi,6.2800,0.0000,-0.1256,-0.1256
7.7351,pi,6.2800,0.0000,-0.1256,-0.1256
7.7401,pi,6.2800,0.0000,-0.1256,-0.1256
7.7452,pi,6.2800,0.0000,-0.1256,-0.1256
7.7501,pi,6.2800,0.0000,-0.1256,-0.1256
7.7552,pi,6.2800,0.0000,-0.1256,-0.1256
7.7602,pi,6.2800,0.0000,-0.1256,-0.1256
7.7652,pi,6.2800,0.0000,-0.1256,-0.1256
7.7702,pi,6.2800,0.0000,-0.1256,-0.1256
7.7752,pi,6.2800,0.0000,-0.1256,-0.1256
7.7801,pi,6.2800,0.0000,-0.1256,-0.1256
7.7852,pi,6.2800,0.0000,-0.1256,-0.1256
7.7902,pi,6.2800,0.0000,-0.1256,-0.1256
7.7951,pi,6.2800,0.0000,-0.1256,-0.1256
7.8001,pi,6.2800,0.0000,-0.1256,-0.1256
7.8052,pi,6.2800,0.0000,-0.1256,-0.1256
7.8102,pi,6.2800,0.0000,-0.1256,-0.1256
7.8152,pi,6.2800,0.0000,-0.1256,-0.1256
7.8207,pi,6.2800,0.0000,-0.1256,-0.1256
7.8257,pi,6.2800,0.0000,-0.1256,-0.1256
7.8302,pi,6.2800,0.0000,-0.1256,-0.1256
7.8351,pi,6.2800,0.0000,-0.1256,-0.1256
7.8401,pi,6.2800,0.0000,-0.1256,-0.1256
7.8452,pi,6.2800,0.0000,-0.1256,-0.1256
7.8501,pi,6.2800,0.0000,-0.1256,-0.1256
7.8551,pi,6.2800,0.0000,-0.1256,-0.1256
7.8601,pi,6.2800,0.0000,-0.1256,-0.1256
7.8651,pi,6.2800,0.0000,-0.1256,-0.1256
7.8702,pi,6.2800,0.0000,-0.1256,-0.1256
7.8751,pi,6.2800,0.0000,-0.1256,-0.1256
7.8804,pi,6.2800,0.0000,-0.1256,-0.1256
7.8858,pi,6.2800,0.0000,-0.1256,-0.1256
7.8905,pi,6.2800,0.0000,-0.1256,-0.1256
7.8952,pi,6.2800,0.0000,-0.1256,-0.1256
7.9002,pi,6.2800,0.0000,-0.1256,-0.1256
7.9051,pi,6.2800,0.0000,-0.1256,-0.1256
7.9102,pi,6.2800,0.0000,-0.1256,-0.1256
7.9153,pi,6.2800,0.0000,-0.1256,-0.1256
7.9205,pi,6.2800,0.0000,-0.1256,-0.1256
7.9251,pi,6.2800,0.0000,-0.1256,-0.1256
7.9301,pi,6.2800,0.0000,-0.1256,-0.1256
7.9351,pi,6.2800,0.0000,-0.1256,-0.1256
7.9401,pi,6.2800,0.0000,-0.1256,-0.1256
7.9452,pi,6.2800,0.0000,-0.1256,-0.1256
7.9503,pi,6.2800,0.0000,-0.1256,-0.1256
7.9551,pi,6.2800,0.0000,-0.1256,-0.1256
7.9602,pi,6.2800,0.0000,-0.1256,-0.1256
7.9652,pi,6.2800,0.0000,-0.1256,-0.1256
7.9702,pi,6.2800,0.0000,-0.1256,-0.1256
7.9752,pi,6.2800,0.0000,-0.1256,-0.1256
7.9802,pi,6.2800,0.0000,-0.1256,-0.1256
7.9852,pi,6.2800,0.0000,-0.1256,-0.1256
7.9902,pi,6.2800,0.0000,-0.1256,-0.1256
7.9951,pi,6.2800,0.0000,-0.1256,-0.1256
8.0002,pi,6.2800,0.0000,-0.1256,-0.1256
8.0052,pi,6.2800,0.0000,-0.1256,-0.1256
8.0102,pi,6.2800,0.0000,-0.1256,-0.1256
8.0152,pi,6.2800,0.0000,-0.1256,-0.1256
8.0201,pi,6.2800,0.0000,-0.1256,-0.1256
8.0252,pi,6.2800,0.0000,-0.1256,-0.1256
8.0302,pi,6.2800,0.0000,-0.1256,-0.1256
8.0352,pi,6.2800,0.0000,-0.1256,-0.1256
8.0402,pi,6.2800,0.0000,-0.1256,-0.1256
8.0452,pi,6.2800,0.0000,-0.1256,-0.1256
8.0501,pi,6.2800,0.0000,-0.1256,-0.1256
8.0552,pi,6.2800,0.0000,-0.1256,-0.1256
8.0602,pi,6.2800,0.0000,-0.1256,-0.1256
8.0651,pi,6.2800,0.0000,-0.1256,-0.1256
8.0702,pi,6.2800,0.0000,-0.1256,-0.1256
8.0752,pi,6.2800,0.0000,-0.1256,-0.1256
8.0802,pi,6.2800,0.0000,-0.1256,-0.1256
8.0852,pi,6.2800,0.0000,-0.1256,-0.1256
8.0905,pi,6.2800,0.0000,-0.1256,-0.1256
8.0959,pi,6.2800,0.0000,-0.1256,-0.1256
8.1009,pi,6.2800,0.0000,-0.1256,-0.1256
8.1061,pi,6.2800,0.0000,-0.1256,-0.1256
8.1108,pi,6.2800,0.0000,-0.1256,-0.1256
8.1157,pi,6.2800,0.0000,-0.1256,-0.1256
8.1205,pi,6.2800,0.0000,-0.1256,-0.1256
8.1253,pi,6.2800,0.0000,-0.1256,-0.1256
8.1305,pi,6.2800,0.0000,-0.1256,-0.1256
8.1353,pi,6.2800,0.0000,-0.1256,-0.1256
8.1403,pi,6.2800,0.0000,-0.1256,-0.1256
8.1452,pi,6.2800,0.0000,-0.1256,-0.1256
8.1505,pi,6.2800,0.0000,-0.1256,-0.1256
8.1554,pi,6.2800,0.0000,-0.1256,-0.1256
8.1604,pi,6.2800,0.0000,-0.1256,-0.1256
8.1653,pi,6.2800,0.0000,-0.1256,-0.1256
8.1702,pi,6.2800,0.0000,-0.1256,-0.1256
8.1763,pi,6.2800,0.0000,-0.1256,-0.1256
8.1809,pi,6.2800,0.0000,-0.1256,-0.1256
8.1856,pi,6.2800,0.0000,-0.1256,-0.1256
8.1908,pi,6.2800,0.0000,-0.1256,-0.1256
8.1965,pi,6.2800,0.0000,-0.1256,-0.1256
8.2011,pi,6.2800,0.0000,-0.1256,-0.1256
8.2056,pi,6.2800,0.0000,-0.1256,-0.1256
8.2109,pi,6.2800,0.0000,-0.1256,-0.1256
8.2158,pi,6.2800,0.0000,-0.1256,-0.1256
8.2207,pi,6.2800,0.0000,-0.1256,-0.1256
8.2256,pi,6.2800,0.0000,-0.1256,-0.1256
8.2306,pi,6.2800,0.0000,-0.1256,-0.1256
8.2356,pi,6.2800,0.0000,-0.1256,-0.1256
8.2403,pi,6.2800,0.0000,-0.1256,-0.1256
8.2451,pi,6.2800,0.0000,-0.1256,-0.1256
8.2501,pi,6.2800,0.0000,-0.1256,-0.1256
8.2552,pi,6.2800,0.0000,-0.1256,-0.1256
8.2602,pi,6.2800,0.0000,-0.1256,-0.1256
8.2652,pi,6.2800,0.0000,-0.1256,-0.1256
8.2702,pi,6.2800,0.0000,-0.1256,-0.1256
8.2752,pi,6.2800,0.0000,-0.1256,-0.1256
8.2803,pi,6.2800,0.0000,-0.1256,-0.1256
8.2852,pi,6.2800,0.0000,-0.1256,-0.1256
8.2902,pi,6.2800,0.0000,-0.1256,-0.1256
8.2952,pi,6.2800,0.0000,-0.1256,-0.1256
8.3002,pi,6.2800,0.0000,-0.1256,-0.1256
8.3051,pi,6.2800,0.0000,-0.1256,-0.1256
8.3102,pi,6.2800,0.0000,-0.1256,-0.1256
8.3152,pi,6.2800,0.0000,-0.1256,-0.1256
8.3202,pi,6.2800,0.0000,-0.1256,-0.1256
8.3251,pi,6.2800,0.0000,-0.1256,-0.1256
8.3301,pi,6.2800,0.0000,-0.1256,-0.1256
8.3352,pi,6.2800,0.0000,-0.1256,-0.1256
8.3403,pi,6.2800,0.0000,-0.1256,-0.1256
8.3452,pi,6.2800,0.0000,-0.1256,-0.1256
8.3502,pi,6.2800,0.0000,-0.1256,-0.1256
8.3558,pi,6.2800,0.0000,-0.1256,-0.1256
8.3609,pi,6.2800,0.0000,-0.1256,-0.1256
8.3658,pi,6.2800,0.0000,-0.1256,-0.1256
8.3706,pi,6.2800,0.0000,-0.1256,-0.1256
8.3752,pi,6.2800,0.0000,-0.1256,-0.1256
8.3801,pi,6.2800,0.0000,-0.1256,-0.1256
8.3851,pi,6.2800,0.0000,-0.1256,-0.1256
8.3902,pi,6.2800,0.0000,-0.1256,-0.1256
8.3952,pi,6.2800,0.0000,-0.1256,-0.1256
8.4002,pi,6.2800,0.0000,-0.1256,-0.1256
8.4052,pi,6.2800,0.0000,-0.1256,-0.1256
8.4102,pi,6.2800,0.0000,-0.1256,-0.1256
8.4152,pi,6.2800,0.0000,-0.1256,-0.1256
8.4202,pi,6.2800,0.0000,-0.1256,-0.1256
8.4253,pi,6.2800,0.0000,-0.1256,-0.1256
8.4301,pi,6.2800,0.0000,-0.1256,-0.1256
8.4352,pi,6.2800,0.0000,-0.1256,-0.1256
8.4402,pi,6.2800,0.0000,-0.1256,-0.1256
8.4452,pi,6.2800,0.0000,-0.1256,-0.1256
8.4502,pi,6.2800,0.0000,-0.1256,-0.1256
8.4552,pi,6.2800,0.0000,-0.1256,-0.1256
8.4602,pi,6.2800,0.0000,-0.1256,-0.1256
8.4652,pi,6.2800,0.0000,-0.1256,-0.1256
8.4702,pi,6.2800,0.0000,-0.1256,-0.1256
8.4752,pi,6.2800,0.0000,-0.1256,-0.1256
8.4802,pi,6.2800,0.0000,-0.1256,-0.1256
8.4852,pi,6.2800,0.0000,-0.1256,-0.1256
8.4901,pi,6.2800,0.0000,-0.1256,-0.1256
8.4952,pi,6.2800,0.0000,-0.1256,-0.1256
8.5002,pi,6.2800,0.0000,-0.1256,-0.1256
8.5052,pi,6.2800,0.0000,-0.1256,-0.1256
8.5101,pi,6.2800,0.0000,-0.1256,-0.1256
8.5152,pi,6.2800,0.0000,-0.1256,-0.1256
8.5202,pi,6.2800,0.0000,-0.1256,-0.1256
8.5252,pi,6.2800,0.0000,-0.1256,-0.1256
8.5302,pi,6.2800,0.0000,-0.1256,-0.1256
8.5353,pi,6.2800,0.0000,-0.1256,-0.1256
8.5402,pi,6.2800,0.0000,-0.1256,-0.1256
8.5451,pi,6.2800,0.0000,-0.1256,-0.1256
8.5502,pi,6.2800,0.0000,-0.1256,-0.1256
8.5561,pi,6.2800,0.0000,-0.1256,-0.1256
8.5628,pi,6.2800,0.0000,-0.1256,-0.1256
8.5680,pi,6.2800,0.0000,-0.1256,-0.1256
8.5726,pi,6.2800,0.0000,-0.1256,-0.1256
8.5789,pi,6.2800,0.0000,-0.1256,-0.1256
8.5852,pi,6.2800,0.0000,-0.1256,-0.1256
8.5902,pi,6.2800,0.0000,-0.1256,-0.1256
8.5970,pi,6.2800,0.0000,-0.1256,-0.1256
8.6018,pi,6.2800,0.0000,-0.1256,-0.1256
8.6066,pi,6.2800,0.0000,-0.1256,-0.1256
8.6124,pi,6.2800,0.0000,-0.1256,-0.1256
8.6189,pi,6.2800,0.0000,-0.1256,-0.1256
8.6240,pi,6.2800,0.0000,-0.1256,-0.1256
8.6291,pi,6.2800,0.0000,-0.1256,-0.1256
8.6337,pi,6.2800,0.0000,-0.1256,-0.1256
8.6386,pi,6.2800,0.0000,-0.1256,-0.1256
8.6436,pi,6.2800,0.0000,-0.1256,-0.1256
8.6486,pi,6.2800,0.0000,-0.1256,-0.1256
8.6533,pi,6.2800,0.0000,-0.1256,-0.1256
8.6602,pi,6.2800,0.0000,-0.1256,-0.1256
8.6662,pi,6.2800,0.0000,-0.1256,-0.1256
8.6710,pi,6.2800,0.0000,-0.1256,-0.1256
8.6772,pi,6.2800,0.0000,-0.1256,-0.1256
8.6822,pi,6.2800,0.0000,-0.1256,-0.1256
8.6867,pi,6.2800,0.0000,-0.1256,-0.1256
8.6929,pi,6.2800,0.0000,-0.1256,-0.1256
8.6993,pi,6.2800,0.0000,-0.1256,-0.1256
8.7047,pi,6.2800,0.0000,-0.1256,-0.1256
8.7095,pi,6.2800,0.0000,-0.1256,-0.1256
8.7140,pi,6.2800,0.0000,-0.1256,-0.1256
8.7185,pi,6.2800,0.0000,-0.1256,-0.1256
8.7226,pi,6.2800,0.0000,-0.1256,-0.1256
8.7267,pi,6.2800,0.0000,-0.1256,-0.1256
8.7307,pi,6.2800,0.0000,-0.1256,-0.1256
8.7347,pi,6.2800,0.0000,-0.1256,-0.1256
8.7385,pi,6.2800,0.0000,-0.1256,-0.1256
8.7425,pi,6.2800,0.0000,-0.1256,-0.1256
8.7464,pi,6.2800,0.0000,-0.1256,-0.1256
8.7504,pi,6.2800,0.0000,-0.1256,-0.1256
8.7543,pi,6.2800,0.0000,-0.1256,-0.1256
8.7582,pi,6.2800,0.0000,-0.1256,-0.1256
8.7621,pi,6.2800,0.0000,-0.1256,-0.1256
8.7660,pi,6.2800,0.0000,-0.1256,-0.1256
8.7705,pi,6.2800,0.0000,-0.1256,-0.1256
8.7753,pi,6.2800,0.0000,-0.1256,-0.1256
8.7802,pi,6.2800,0.0000,-0.1256,-0.1256
8.7852,pi,6.2800,0.0000,-0.1256,-0.1256
8.7902,pi,6.2800,0.0000,-0.1256,-0.1256
8.7952,pi,6.2800,0.0000,-0.1256,-0.1256
8.8002,pi,6.2800,0.0000,-0.1256,-0.1256
8.8052,pi,6.2800,0.0000,-0.1256,-0.1256
8.8102,pi,6.2800,0.0000,-0.1256,-0.1256
8.8152,pi,6.2800,0.0000,-0.1256,-0.1256
8.8202,pi,6.2800,0.0000,-0.1256,-0.1256
8.8252,pi,6.2800,0.0000,-0.1256,-0.1256
8.8302,pi,6.2800,0.0000,-0.1256,-0.1256
8.8352,pi,6.2800,0.0000,-0.1256,-0.1256
8.8403,pi,6.2800,0.0000,-0.1256,-0.1256
8.8452,pi,6.2800,0.0000,-0.1256,-0.1256
8.8502,pi,6.2800,0.0000,-0.1256,-0.1256
8.8552,pi,6.2800,0.0000,-0.1256,-0.1256
8.8602,pi,6.2800,0.0000,-0.1256,-0.1256
8.8652,pi,6.2800,0.0000,-0.1256,-0.1256
8.8702,pi,6.2800,0.0000,-0.1256,-0.1256
8.8752,pi,6.2800,0.0000,-0.1256,-0.1256
8.8802,pi,6.2800,0.0000,-0.1256,-0.1256
8.8852,pi,6.2800,0.0000,-0.1256,-0.1256
8.8902,pi,6.2800,0.0000,-0.1256,-0.1256
8.8952,pi,6.2800,0.0000,-0.1256,-0.1256
8.9002,pi,6.2800,0.0000,-0.1256,-0.1256
8.9052,pi,6.2800,0.0000,-0.1256,-0.1256
8.9102,pi,6.2800,0.0000,-0.1256,-0.1256
8.9152,pi,6.2800,0.0000,-0.1256,-0.1256
8.9202,pi,6.2800,0.0000,-0.1256,-0.1256
8.9252,pi,6.2800,0.0000,-0.1256,-0.1256
8.9302,pi,6.2800,0.0000,-0.1256,-0.1256
8.9352,pi,6.2800,0.0000,-0.1256,-0.1256
8.9402,pi,6.2800,0.0000,-0.1256,-0.1256
8.9453,pi,6.2800,0.0000,-0.1256,-0.1256
8.9502,pi,6.2800,0.0000,-0.1256,-0.1256
8.9552,pi,6.2800,0.0000,-0.1256,-0.1256
8.9603,pi,6.2800,0.0000,-0.1256,-0.1256
8.9652,pi,6.2800,0.0000,-0.1256,-0.1256
8.9702,pi,6.2800,0.0000,-0.1256,-0.1256
8.9752,pi,6.2800,0.0000,-0.1256,-0.1256
8.9803,pi,6.2800,0.0000,-0.1256,-0.1256
8.9853,pi,6.2800,0.0000,-0.1256,-0.1256
8.9902,pi,6.2800,0.0000,-0.1256,-0.1256
8.9952,pi,6.2800,0.0000,-0.1256,-0.1256
9.0002,pi,6.2800,0.0000,-0.1256,-0.1256
9.0052,pi,6.2800,0.0000,-0.1256,-0.1256
9.0102,pi,6.2800,0.0000,-0.1256,-0.1256
9.0152,pi,6.2800,0.0000,-0.1256,-0.1256
9.0202,pi,6.2800,0.0000,-0.1256,-0.1256
9.0253,pi,6.2800,0.0000,-0.1256,-0.1256
9.0303,pi,6.2800,0.0000,-0.1256,-0.1256
9.0353,pi,6.2800,0.0000,-0.1256,-0.1256
9.0403,pi,6.2800,0.0000,-0.1256,-0.1256
9.0452,pi,6.2800,0.0000,-0.1256,-0.1256
9.0502,pi,6.2800,0.0000,-0.1256,-0.1256
9.0552,pi,6.2800,0.0000,-0.1256,-0.1256
9.0602,pi,6.2800,0.0000,-0.1256,-0.1256
9.0653,pi,6.2800,0.0000,-0.1256,-0.1256
9.0702,pi,6.2800,0.0000,-0.1256,-0.1256
9.0753,pi,6.2800,0.0000,-0.1256,-0.1256
9.0802,pi,6.2800,0.0000,-0.1256,-0.1256
9.0852,pi,6.2800,0.0000,-0.1256,-0.1256
9.0904,pi,6.2800,0.0000,-0.1256,-0.1256
9.0952,pi,6.2800,0.0000,-0.1256,-0.1256
9.1002,pi,6.2800,0.0000,-0.1256,-0.1256
9.1052,pi,6.2800,0.0000,-0.1256,-0.1256
9.1102,pi,6.2800,0.0000,-0.1256,-0.1256
9.1152,pi,6.2800,0.0000,-0.1256,-0.1256
9.1202,pi,6.2800,0.0000,-0.1256,-0.1256
9.1254,pi,6.2800,0.0000,-0.1256,-0.1256
9.1306,pi,6.2800,0.0000,-0.1256,-0.1256
9.1353,pi,6.2800,0.0000,-0.1256,-0.1256
9.1405,pi,6.2800,0.0000,-0.1256,-0.1256
9.1460,pi,6.2800,0.0000,-0.1256,-0.1256
9.1523,pi,6.2800,0.0000,-0.1256,-0.1256
9.1570,pi,6.2800,0.0000,-0.1256,-0.1256
9.1617,pi,6.2800,0.0000,-0.1256,-0.1256
9.1656,pi,6.2800,0.0000,-0.1256,-0.1256
9.1711,pi,6.2800,0.0000,-0.1256,-0.1256
9.1757,pi,6.2800,0.0000,-0.1256,-0.1256
9.1805,pi,6.2800,0.0000,-0.1256,-0.1256
9.1860,pi,6.2800,0.0000,-0.1256,-0.1256
9.1906,pi,6.2800,0.0000,-0.1256,-0.1256
9.1955,pi,6.2800,0.0000,-0.1256,-0.1256
9.2008,pi,6.2800,0.0000,-0.1256,-0.1256
9.2060,pi,6.2800,0.0000,-0.1256,-0.1256
9.2111,pi,6.2800,0.0000,-0.1256,-0.1256
9.2152,pi,6.2800,0.0000,-0.1256,-0.1256
9.2202,pi,6.2800,0.0000,-0.1256,-0.1256
9.2252,pi,6.2800,0.0000,-0.1256,-0.1256
9.2302,pi,6.2800,0.0000,-0.1256,-0.1256
9.2352,pi,6.2800,0.0000,-0.1256,-0.1256
9.2409,pi,6.2800,0.0000,-0.1256,-0.1256
9.2473,pi,6.2800,0.0000,-0.1256,-0.1256
9.2526,pi,6.2800,0.0000,-0.1256,-0.1256
9.2580,pi,6.2800,0.0000,-0.1256,-0.1256
9.2636,pi,6.2800,0.0000,-0.1256,-0.1256
9.2688,pi,6.2800,0.0000,-0.1256,-0.1256
9.2741,pi,6.2800,0.0000,-0.1256,-0.1256
9.2793,pi,6.2800,0.0000,-0.1256,-0.1256
9.2847,pi,6.2800,0.0000,-0.1256,-0.1256
9.2901,pi,6.2800,0.0000,-0.1256,-0.1256
9.2958,pi,6.2800,0.0000,-0.1256,-0.1256
9.3010,pi,6.2800,0.0000,-0.1256,-0.1256
9.3065,pi,6.2800,0.0000,-0.1256,-0.1256
9.3116,pi,6.2800,0.0000,-0.1256,-0.1256
9.3163,pi,6.2800,0.0000,-0.1256,-0.1256
9.3209,pi,6.2800,0.0000,-0.1256,-0.1256
9.3256,pi,6.2800,0.0000,-0.1256,-0.1256
9.3302,pi,6.2800,0.0000,-0.1256,-0.1256
9.3347,pi,6.2800,0.0000,-0.1256,-0.1256
9.3395,pi,6.2800,0.0000,-0.1256,-0.1256
9.3438,pi,6.2800,0.0000,-0.1256,-0.1256
9.3483,pi,6.2800,0.0000,-0.1256,-0.1256
9.3522,pi,6.2800,0.0000,-0.1256,-0.1256
9.3560,pi,6.2800,0.0000,-0.1256,-0.1256
9.3604,pi,6.2800,0.0000,-0.1256,-0.1256
9.3652,pi,6.2800,0.0000,-0.1256,-0.1256
9.3702,pi,6.2800,0.0000,-0.1256,-0.1256
9.3751,pi,6.2800,0.0000,-0.1256,-0.1256
9.3802,pi,6.2800,0.0000,-0.1256,-0.1256
9.3852,pi,6.2800,0.0000,-0.1256,-0.1256
9.3902,pi,6.2800,0.0000,-0.1256,-0.1256
9.3953,pi,6.2800,0.0000,-0.1256,-0.1256
9.4002,pi,6.2800,0.0000,-0.1256,-0.1256
9.4051,pi,6.2800,0.0000,-0.1256,-0.1256
9.4101,pi,6.2800,0.0000,-0.1256,-0.1256
9.4152,pi,6.2800,0.0000,-0.1256,-0.1256
9.4202,pi,6.2800,0.0000,-0.1256,-0.1256
9.4252,pi,6.2800,0.0000,-0.1256,-0.1256
9.4302,pi,6.2800,0.0000,-0.1256,-0.1256
9.4352,pi,6.2800,0.0000,-0.1256,-0.1256
9.4402,pi,6.2800,0.0000,-0.1256,-0.1256
9.4452,pi,6.2800,0.0000,-0.1256,-0.1256
9.4502,pi,6.2800,0.0000,-0.1256,-0.1256
9.4552,pi,6.2800,0.0000,-0.1256,-0.1256
9.4604,pi,6.2800,0.0000,-0.1256,-0.1256
9.4652,pi,6.2800,0.0000,-0.1256,-0.1256
9.4711,pi,6.2800,0.0000,-0.1256,-0.1256
9.4764,pi,6.2800,0.0000,-0.1256,-0.1256
9.4808,pi,6.2800,0.0000,-0.1256,-0.1256
9.4852,pi,6.2800,0.0000,-0.1256,-0.1256
9.4901,pi,6.2800,0.0000,-0.1256,-0.1256
9.4951,pi,6.2800,0.0000,-0.1256,-0.1256
9.5002,pi,6.2800,0.0000,-0.1256,-0.1256
9.5052,pi,6.2800,0.0000,-0.1256,-0.1256
9.5101,pi,6.2800,0.0000,-0.1256,-0.1256
9.5152,pi,6.2800,0.0000,-0.1256,-0.1256
9.5202,pi,6.2800,0.0000,-0.1256,-0.1256
9.5251,pi,6.2800,0.0000,-0.1256,-0.1256
9.5302,pi,6.2800,0.0000,-0.1256,-0.1256
9.5352,pi,6.2800,0.0000,-0.1256,-0.1256
9.5401,pi,6.2800,0.0000,-0.1256,-0.1256
9.5452,pi,6.2800,0.0000,-0.1256,-0.1256
9.5502,pi,6.2800,0.0000,-0.1256,-0.1256
9.5552,pi,6.2800,0.0000,-0.1256,-0.1256
9.5601,pi,6.2800,0.0000,-0.1256,-0.1256
9.5652,pi,6.2800,0.0000,-0.1256,-0.1256
9.5702,pi,6.2800,0.0000,-0.1256,-0.1256
9.5752,pi,6.2800,0.0000,-0.1256,-0.1256
9.5804,pi,6.2800,0.0000,-0.1256,-0.1256
9.5852,pi,6.2800,0.0000,-0.1256,-0.1256
9.5902,pi,6.2800,0.0000,-0.1256,-0.1256
9.5951,pi,6.2800,0.0000,-0.1256,-0.1256
9.6001,pi,6.2800,0.0000,-0.1256,-0.1256
9.6052,pi,6.2800,0.0000,-0.1256,-0.1256
9.6101,pi,6.2800,0.0000,-0.1256,-0.1256
9.6152,pi,6.2800,0.0000,-0.1256,-0.1256
9.6201,pi,6.2800,0.0000,-0.1256,-0.1256
9.6252,pi,6.2800,0.0000,-0.1256,-0.1256
9.6302,pi,6.2800,0.0000,-0.1256,-0.1256
9.6352,pi,6.2800,0.0000,-0.1256,-0.1256
9.6401,pi,6.2800,0.0000,-0.1256,-0.1256
9.6451,pi,6.2800,0.0000,-0.1256,-0.1256
9.6502,pi,6.2800,0.0000,-0.1256,-0.1256
9.6551,pi,6.2800,0.0000,-0.1256,-0.1256
9.6601,pi,6.2800,0.0000,-0.1256,-0.1256
9.6651,pi,6.2800,0.0000,-0.1256,-0.1256
9.6702,pi,6.2800,0.0000,-0.1256,-0.1256
9.6751,pi,6.2800,0.0000,-0.1256,-0.1256
9.6803,pi,6.2800,0.0000,-0.1256,-0.1256
9.6852,pi,6.2800,0.0000,-0.1256,-0.1256
9.6902,pi,6.2800,0.0000,-0.1256,-0.1256
9.6960,pi,6.2800,0.0000,-0.1256,-0.1256
9.7012,pi,6.2800,0.0000,-0.1256,-0.1256
9.7062,pi,6.2800,0.0000,-0.1256,-0.1256
9.7106,pi,6.2800,0.0000,-0.1256,-0.1256
9.7151,pi,6.2800,0.0000,-0.1256,-0.1256
9.7202,pi,6.2800,0.0000,-0.1256,-0.1256
9.7251,pi,6.2800,0.0000,-0.1256,-0.1256
9.7302,pi,6.2800,0.0000,-0.1256,-0.1256
9.7351,pi,6.2800,0.0000,-0.1256,-0.1256
9.7401,pi,6.2800,0.0000,-0.1256,-0.1256
9.7451,pi,6.2800,0.0000,-0.1256,-0.1256
9.7502,pi,6.2800,0.0000,-0.1256,-0.1256
9.7551,pi,6.2800,0.0000,-0.1256,-0.1256
9.7601,pi,6.2800,0.0000,-0.1256,-0.1256
9.7651,pi,6.2800,0.0000,-0.1256,-0.1256
9.7702,pi,6.2800,0.0000,-0.1256,-0.1256
9.7751,pi,6.2800,0.0000,-0.1256,-0.1256
9.7802,pi,6.2800,0.0000,-0.1256,-0.1256
9.7852,pi,6.2800,0.0000,-0.1256,-0.1256
9.7902,pi,6.2800,0.0000,-0.1256,-0.1256
9.7952,pi,6.2800,0.0000,-0.1256,-0.1256
9.8001,pi,6.2800,0.0000,-0.1256,-0.1256
9.8052,pi,6.2800,0.0000,-0.1256,-0.1256
9.8102,pi,6.2800,0.0000,-0.1256,-0.1256
9.8152,pi,6.2800,0.0000,-0.1256,-0.1256
9.8201,pi,6.2800,0.0000,-0.1256,-0.1256
9.8252,pi,6.2800,0.0000,-0.1256,-0.1256
9.8302,pi,6.2800,0.0000,-0.1256,-0.1256
9.8352,pi,6.2800,0.0000,-0.1256,-0.1256
9.8401,pi,6.2800,0.0000,-0.1256,-0.1256
9.8452,pi,6.2800,0.0000,-0.1256,-0.1256
9.8502,pi,6.2800,0.0000,-0.1256,-0.1256
9.8552,pi,6.2800,0.0000,-0.1256,-0.1256
9.8601,pi,6.2800,0.0000,-0.1256,-0.1256
9.8652,pi,6.2800,0.0000,-0.1256,-0.1256
9.8702,pi,6.2800,0.0000,-0.1256,-0.1256
9.8752,pi,6.2800,0.0000,-0.1256,-0.1256
9.8801,pi,6.2800,0.0000,-0.1256,-0.1256
9.8852,pi,6.2800,0.0000,-0.1256,-0.1256
9.8906,pi,6.2800,0.0000,-0.1256,-0.1256
9.8957,pi,6.2800,0.0000,-0.1256,-0.1256
9.9005,pi,6.2800,0.0000,-0.1256,-0.1256
9.9061,pi,6.2800,0.0000,-0.1256,-0.1256
9.9108,pi,6.2800,0.0000,-0.1256,-0.1256
9.9156,pi,6.2800,0.0000,-0.1256,-0.1256
9.9210,pi,6.2800,0.0000,-0.1256,-0.1256
9.9258,pi,6.2800,0.0000,-0.1256,-0.1256
9.9307,pi,6.2800,0.0000,-0.1256,-0.1256
9.9353,pi,6.2800,0.0000,-0.1256,-0.1256
9.9403,pi,6.2800,0.0000,-0.1256,-0.1256
9.9455,pi,6.2800,0.0000,-0.1256,-0.1256
9.9503,pi,6.2800,0.0000,-0.1256,-0.1256
9.9553,pi,6.2800,0.0000,-0.1256,-0.1256
9.9603,pi,6.2800,0.0000,-0.1256,-0.1256
9.9653,pi,6.2800,0.0000,-0.1256,-0.1256
9.9703,pi,6.2800,0.0000,-0.1256,-0.1256
9.9753,pi,6.2800,0.0000,-0.1256,-0.1256
9.9805,pi,6.2800,0.0000,-0.1256,-0.1256
9.9853,pi,6.2800,0.0000,-0.1256,-0.1256
9.9903,pi,6.2800,0.0000,-0.1256,-0.1256
9.9954,pi,6.2800,0.0000,-0.1256,-0.1256
10.0003,pi,6.2800,0.0000,-0.1256,-0.1256
10.0054,pi,6.2800,0.0000,-0.1256,-0.1256
10.0103,pi,6.2800,0.0000,-0.1256,-0.1256
10.0154,pi,6.2800,0.0000,-0.1256,-0.1256
10.0203,pi,6.2800,0.0000,-0.1256,-0.1256
10.0255,pi,6.2800,0.0000,-0.1256,-0.1256
10.0303,pi,6.2800,0.0000,-0.1256,-0.1256
10.0354,pi,6.2800,0.0000,-0.1256,-0.1256
10.0404,pi,6.2800,0.0000,-0.1256,-0.1256
10.0453,pi,6.2800,0.0000,-0.1256,-0.1256
10.0504,pi,6.2800,0.0000,-0.1256,-0.1256
10.0553,pi,6.2800,0.0000,-0.1256,-0.1256
10.0603,pi,6.2800,0.0000,-0.1256,-0.1256
10.0652,pi,6.2800,0.0000,-0.1256,-0.1256
10.0702,pi,6.2800,0.0000,-0.1256,-0.1256
10.0752,pi,6.2800,0.0000,-0.1256,-0.1256
10.0802,pi,6.2800,0.0000,-0.1256,-0.1256
10.0852,pi,6.2800,0.0000,-0.1256,-0.1256
10.0902,pi,6.2800,0.0000,-0.1256,-0.1256
10.0952,pi,6.2800,0.0000,-0.1256,-0.1256
10.1002,pi,6.2800,0.0000,-0.1256,-0.1256
10.1052,pi,6.2800,0.0000,-0.1256,-0.1256
10.1101,pi,6.2800,0.0000,-0.1256,-0.1256
10.1151,pi,6.2800,0.0000,-0.1256,-0.1256
10.1202,pi,6.2800,0.0000,-0.1256,-0.1256
10.1253,pi,6.2800,0.0000,-0.1256,-0.1256
10.1305,pi,6.2800,0.0000,-0.1256,-0.1256
10.1353,pi,6.2800,0.0000,-0.1256,-0.1256
10.1409,pi,6.2800,0.0000,-0.1256,-0.1256
10.1460,pi,6.2800,0.0000,-0.1256,-0.1256
10.1506,pi,6.2800,0.0000,-0.1256,-0.1256
10.1552,pi,6.2800,0.0000,-0.1256,-0.1256
10.1602,pi,6.2800,0.0000,-0.1256,-0.1256
10.1652,pi,6.2800,0.0000,-0.1256,-0.1256
10.1701,pi,6.2800,0.0000,-0.1256,-0.1256
10.1753,pi,6.2800,0.0000,-0.1256,-0.1256
10.1802,pi,6.2800,0.0000,-0.1256,-0.1256
10.1853,pi,6.2800,0.0000,-0.1256,-0.1256
10.1911,pi,6.2800,0.0000,-0.1256,-0.1256
10.1967,pi,6.2800,0.0000,-0.1256,-0.1256
10.2009,pi,6.2800,0.0000,-0.1256,-0.1256
10.2056,pi,6.2800,0.0000,-0.1256,-0.1256
10.2102,pi,6.2800,0.0000,-0.1256,-0.1256
10.2151,pi,6.2800,0.0000,-0.1256,-0.1256
10.2202,pi,6.2800,0.0000,-0.1256,-0.1256
10.2251,pi,6.2800,0.0000,-0.1256,-0.1256
10.2302,pi,6.2800,0.0000,-0.1256,-0.1256
10.2351,pi,6.2800,0.0000,-0.1256,-0.1256
10.2402,pi,6.2800,0.0000,-0.1256,-0.1256
10.2452,pi,6.2800,0.0000,-0.1256,-0.1256
10.2502,pi,6.2800,0.0000,-0.1256,-0.1256
10.2552,pi,6.2800,0.0000,-0.1256,-0.1256
10.2602,pi,6.2800,0.0000,-0.1256,-0.1256
10.2652,pi,6.2800,0.0000,-0.1256,-0.1256
10.2702,pi,6.2800,0.0000,-0.1256,-0.1256
10.2752,pi,6.2800,0.0000,-0.1256,-0.1256
10.2802,pi,6.2800,0.0000,-0.1256,-0.1256
10.2852,pi,6.2800,0.0000,-0.1256,-0.1256
10.2903,pi,6.2800,0.0000,-0.1256,-0.1256
10.2954,pi,6.2800,0.0000,-0.1256,-0.1256
10.3006,pi,6.2800,0.0000,-0.1256,-0.1256
10.3052,pi,6.2800,0.0000,-0.1256,-0.1256
10.3102,pi,6.2800,0.0000,-0.1256,-0.1256
10.3151,pi,6.2800,0.0000,-0.1256,-0.1256
10.3201,pi,6.2800,0.0000,-0.1256,-0.1256
10.3252,pi,6.2800,0.0000,-0.1256,-0.1256
10.3302,pi,6.2800,0.0000,-0.1256,-0.1256
10.3352,pi,6.2800,0.0000,-0.1256,-0.1256
10.3404,pi,6.2800,0.0000,-0.1256,-0.1256
10.3454,pi,6.2800,0.0000,-0.1256,-0.1256
10.3507,pi,6.2800,0.0000,-0.1256,-0.1256
10.3552,pi,6.2800,0.0000,-0.1256,-0.1256
10.3602,pi,6.2800,0.0000,-0.1256,-0.1256
10.3652,pi,6.2800,0.0000,-0.1256,-0.1256
10.3702,pi,6.2800,0.0000,-0.1256,-0.1256
10.3752,pi,6.2800,0.0000,-0.1256,-0.1256
10.3802,pi,6.2800,0.0000,-0.1256,-0.1256
10.3852,pi,6.2800,0.0000,-0.1256,-0.1256
10.3903,pi,6.2800,0.0000,-0.1256,-0.1256
10.3952,pi,6.2800,0.0000,-0.1256,-0.1256
10.4005,pi,6.2800,0.0000,-0.1256,-0.1256
10.4057,pi,6.2800,0.0000,-0.1256,-0.1256
10.4102,pi,6.2800,0.0000,-0.1256,-0.1256
10.4155,pi,6.2800,0.0000,-0.1256,-0.1256
10.4202,pi,6.2800,0.0000,-0.1256,-0.1256
10.4251,pi,6.2800,0.0000,-0.1256,-0.1256
10.4302,pi,6.2800,0.0000,-0.1256,-0.1256
10.4352,pi,6.2800,0.0000,-0.1256,-0.1256
10.4402,pi,6.2800,0.0000,-0.1256,-0.1256
10.4452,pi,6.2800,0.0000,-0.1256,-0.1256
10.4501,pi,6.2800,0.0000,-0.1256,-0.1256
10.4552,pi,6.2800,0.0000,-0.1256,-0.1256
10.4602,pi,6.2800,0.0000,-0.1256,-0.1256
10.4651,pi,6.2800,0.0000,-0.1256,-0.1256
10.4702,pi,6.2800,0.0000,-0.1256,-0.1256
10.4752,pi,6.2800,0.0000,-0.1256,-0.1256
10.4802,pi,6.2800,0.0000,-0.1256,-0.1256
10.4853,pi,6.2800,0.0000,-0.1256,-0.1256
10.4902,pi,6.2800,0.0000,-0.1256,-0.1256
10.4951,pi,6.2800,0.0000,-0.1256,-0.1256
10.5002,pi,6.2800,0.0000,-0.1256,-0.1256
10.5051,pi,6.2800,0.0000,-0.1256,-0.1256
10.5101,pi,6.2800,0.0000,-0.1256,-0.1256
10.5151,pi,6.2800,0.0000,-0.1256,-0.1256
10.5201,pi,6.2800,0.0000,-0.1256,-0.1256
10.5252,pi,6.2800,0.0000,-0.1256,-0.1256
10.5302,pi,6.2800,0.0000,-0.1256,-0.1256
10.5352,pi,6.2800,0.0000,-0.1256,-0.1256
10.5402,pi,6.2800,0.0000,-0.1256,-0.1256
10.5452,pi,6.2800,0.0000,-0.1256,-0.1256
10.5502,pi,6.2800,0.0000,-0.1256,-0.1256
10.5552,pi,6.2800,0.0000,-0.1256,-0.1256
10.5602,pi,6.2800,0.0000,-0.1256,-0.1256
10.5655,pi,6.2800,0.0000,-0.1256,-0.1256
10.5702,pi,6.2800,0.0000,-0.1256,-0.1256
10.5751,pi,6.2800,0.0000,-0.1256,-0.1256
10.5801,pi,6.2800,0.0000,-0.1256,-0.1256
10.5851,pi,6.2800,0.0000,-0.1256,-0.1256
10.5902,pi,6.2800,0.0000,-0.1256,-0.1256
10.5952,pi,6.2800,0.0000,-0.1256,-0.1256
10.6002,pi,6.2800,0.0000,-0.1256,-0.1256
10.6051,pi,6.2800,0.0000,-0.1256,-0.1256
10.6102,pi,6.2800,0.0000,-0.1256,-0.1256
10.6152,pi,6.2800,0.0000,-0.1256,-0.1256
10.6202,pi,6.2800,0.0000,-0.1256,-0.1256
10.6252,pi,6.2800,0.0000,-0.1256,-0.1256
10.6302,pi,6.2800,0.0000,-0.1256,-0.1256
10.6352,pi,6.2800,0.0000,-0.1256,-0.1256
10.6401,pi,6.2800,0.0000,-0.1256,-0.1256
10.6452,pi,6.2800,0.0000,-0.1256,-0.1256
10.6502,pi,6.2800,0.0000,-0.1256,-0.1256
10.6552,pi,6.2800,0.0000,-0.1256,-0.1256
10.6601,pi,6.2800,0.0000,-0.1256,-0.1256
10.6652,pi,6.2800,0.0000,-0.1256,-0.1256
10.6702,pi,6.2800,0.0000,-0.1256,-0.1256
10.6752,pi,6.2800,0.0000,-0.1256,-0.1256
10.6802,pi,6.2800,0.0000,-0.1256,-0.1256
10.6852,pi,6.2800,0.0000,-0.1256,-0.1256
10.6902,pi,6.2800,0.0000,-0.1256,-0.1256
10.6952,pi,6.2800,0.0000,-0.1256,-0.1256
10.7002,pi,6.2800,0.0000,-0.1256,-0.1256
10.7051,pi,6.2800,0.0000,-0.1256,-0.1256
10.7103,pi,6.2800,0.0000,-0.1256,-0.1256
10.7152,pi,6.2800,0.0000,-0.1256,-0.1256
10.7202,pi,6.2800,0.0000,-0.1256,-0.1256
10.7251,pi,6.2800,0.0000,-0.1256,-0.1256
10.7302,pi,6.2800,0.0000,-0.1256,-0.1256
10.7352,pi,6.2800,0.0000,-0.1256,-0.1256
10.7402,pi,6.2800,0.0000,-0.1256,-0.1256
10.7451,pi,6.2800,0.0000,-0.1256,-0.1256
10.7502,pi,6.2800,0.0000,-0.1256,-0.1256
10.7552,pi,6.2800,0.0000,-0.1256,-0.1256
10.7602,pi,6.2800,0.0000,-0.1256,-0.1256
10.7651,pi,6.2800,0.0000,-0.1256,-0.1256
10.7702,pi,6.2800,0.0000,-0.1256,-0.1256
10.7752,pi,6.2800,0.0000,-0.1256,-0.1256
10.7801,pi,6.2800,0.0000,-0.1256,-0.1256
10.7852,pi,6.2800,0.0000,-0.1256,-0.1256
10.7902,pi,6.2800,0.0000,-0.1256,-0.1256
10.7951,pi,6.2800,0.0000,-0.1256,-0.1256
10.8001,pi,6.2800,0.0000,-0.1256,-0.1256
10.8051,pi,6.2800,0.0000,-0.1256,-0.1256
10.8102,pi,6.2800,0.0000,-0.1256,-0.1256
10.8153,pi,6.2800,0.0000,-0.1256,-0.1256
10.8201,pi,6.2800,0.0000,-0.1256,-0.1256
10.8253,pi,6.2800,0.0000,-0.1256,-0.1256
10.8305,pi,6.2800,0.0000,-0.1256,-0.1256
10.8356,pi,6.2800,0.0000,-0.1256,-0.1256
10.8401,pi,6.2800,0.0000,-0.1256,-0.1256
10.8451,pi,6.2800,0.0000,-0.1256,-0.1256
10.8501,pi,6.2800,0.0000,-0.1256,-0.1256
10.8551,pi,6.2800,0.0000,-0.1256,-0.1256
10.8601,pi,6.2800,0.0000,-0.1256,-0.1256
10.8651,pi,6.2800,0.0000,-0.1256,-0.1256
10.8701,pi,6.2800,0.0000,-0.1256,-0.1256
10.8751,pi,6.2800,0.0000,-0.1256,-0.1256
10.8801,pi,6.2800,0.0000,-0.1256,-0.1256
10.8851,pi,6.2800,0.0000,-0.1256,-0.1256
10.8902,pi,6.2800,0.0000,-0.1256,-0.1256
10.8952,pi,6.2800,0.0000,-0.1256,-0.1256
10.9001,pi,6.2800,0.0000,-0.1256,-0.1256
10.9051,pi,6.2800,0.0000,-0.1256,-0.1256
10.9101,pi,6.2800,0.0000,-0.1256,-0.1256
10.9152,pi,6.2800,0.0000,-0.1256,-0.1256
10.9201,pi,6.2800,0.0000,-0.1256,-0.1256
10.9251,pi,6.2800,0.0000,-0.1256,-0.1256
10.9302,pi,6.2800,0.0000,-0.1256,-0.1256
10.9352,pi,6.2800,0.0000,-0.1256,-0.1256
10.9401,pi,6.2800,0.0000,-0.1256,-0.1256
10.9451,pi,6.2800,0.0000,-0.1256,-0.1256
10.9501,pi,6.2800,0.0000,-0.1256,-0.1256
10.9552,pi,6.2800,0.0000,-0.1256,-0.1256
10.9601,pi,6.2800,0.0000,-0.1256,-0.1256
10.9651,pi,6.2800,0.0000,-0.1256,-0.1256
10.9701,pi,6.2800,0.0000,-0.1256,-0.1256
10.9752,pi,6.2800,0.0000,-0.1256,-0.1256
10.9801,pi,6.2800,0.0000,-0.1256,-0.1256
10.9852,pi,6.2800,0.0000,-0.1256,-0.1256
10.9901,pi,6.2800,0.0000,-0.1256,-0.1256
10.9951,pi,6.2800,0.0000,-0.1256,-0.1256
11.0001,pi,6.2800,0.0000,-0.1256,-0.1256
11.0051,pi,6.2800,0.0000,-0.1256,-0.1256
11.0101,pi,6.2800,0.0000,-0.1256,-0.1256
11.0151,pi,6.2800,0.0000,-0.1256,-0.1256
11.0202,pi,6.2800,0.0000,-0.1256,-0.1256
11.0251,pi,6.2800,0.0000,-0.1256,-0.1256
11.0302,pi,6.2800,0.0000,-0.1256,-0.1256
11.0352,pi,6.2800,0.0000,-0.1256,-0.1256
11.0402,pi,6.2800,0.0000,-0.1256,-0.1256
11.0451,pi,6.2800,0.0000,-0.1256,-0.1256
11.0502,pi,6.2800,0.0000,-0.1256,-0.1256
11.0551,pi,6.2800,0.0000,-0.1256,-0.1256
11.0601,pi,6.2800,0.0000,-0.1256,-0.1256
11.0652,pi,6.2800,0.0000,-0.1256,-0.1256
11.0701,pi,6.2800,0.0000,-0.1256,-0.1256
11.0751,pi,6.2800,0.0000,-0.1256,-0.1256
11.0802,pi,6.2800,0.0000,-0.1256,-0.1256
11.0851,pi,6.2800,0.0000,-0.1256,-0.1256
11.0902,pi,6.2800,0.0000,-0.1256,-0.1256
11.0952,pi,6.2800,0.0000,-0.1256,-0.1256
11.1001,pi,6.2800,0.0000,-0.1256,-0.1256
11.1052,pi,6.2800,0.0000,-0.1256,-0.1256
11.1102,pi,6.2800,0.0000,-0.1256,-0.1256
11.1151,pi,6.2800,0.0000,-0.1256,-0.1256
11.1202,pi,6.2800,0.0000,-0.1256,-0.1256
11.1253,pi,6.2800,0.0000,-0.1256,-0.1256
11.1317,pi,6.2800,0.0000,-0.1256,-0.1256
11.1358,pi,6.2800,0.0000,-0.1256,-0.1256
11.1401,pi,6.2800,0.0000,-0.1256,-0.1256
11.1452,pi,6.2800,0.0000,-0.1256,-0.1256
11.1502,pi,6.2800,0.0000,-0.1256,-0.1256
11.1552,pi,6.2800,0.0000,-0.1256,-0.1256
11.1602,pi,6.2800,0.0000,-0.1256,-0.1256
11.1651,pi,6.2800,0.0000,-0.1256,-0.1256
11.1702,pi,6.2800,0.0000,-0.1256,-0.1256
11.1751,pi,6.2800,0.0000,-0.1256,-0.1256
11.1802,pi,6.2800,0.0000,-0.1256,-0.1256
11.1852,pi,6.2800,0.0000,-0.1256,-0.1256
11.1906,pi,6.2800,0.0000,-0.1256,-0.1256
11.1958,pi,6.2800,0.0000,-0.1256,-0.1256
11.2007,pi,6.2800,0.0000,-0.1256,-0.1256
11.2052,pi,6.2800,0.0000,-0.1256,-0.1256
11.2101,pi,6.2800,0.0000,-0.1256,-0.1256
11.2152,pi,6.2800,0.0000,-0.1256,-0.1256
11.2201,pi,6.2800,0.0000,-0.1256,-0.1256
11.2252,pi,6.2800,0.0000,-0.1256,-0.1256
11.2303,pi,6.2800,0.0000,-0.1256,-0.1256
11.2353,pi,6.2800,0.0000,-0.1256,-0.1256
11.2402,pi,6.2800,0.0000,-0.1256,-0.1256
11.2452,pi,6.2800,0.0000,-0.1256,-0.1256
11.2505,pi,6.2800,0.0000,-0.1256,-0.1256
11.2552,pi,6.2800,0.0000,-0.1256,-0.1256
11.2601,pi,6.2800,0.0000,-0.1256,-0.1256
11.2652,pi,6.2800,0.0000,-0.1256,-0.1256
11.2702,pi,6.2800,0.0000,-0.1256,-0.1256
11.2752,pi,6.2800,0.0000,-0.1256,-0.1256
11.2802,pi,6.2800,0.0000,-0.1256,-0.1256
11.2852,pi,6.2800,0.0000,-0.1256,-0.1256
11.2902,pi,6.2800,0.0000,-0.1256,-0.1256
11.2952,pi,6.2800,0.0000,-0.1256,-0.1256
11.3002,pi,6.2800,0.0000,-0.1256,-0.1256
11.3051,pi,6.2800,0.0000,-0.1256,-0.1256
11.3103,pi,6.2800,0.0000,-0.1256,-0.1256
11.3152,pi,6.2800,0.0000,-0.1256,-0.1256
11.3202,pi,6.2800,0.0000,-0.1256,-0.1256
11.3252,pi,6.2800,0.0000,-0.1256,-0.1256
11.3302,pi,6.2800,0.0000,-0.1256,-0.1256
11.3352,pi,6.2800,0.0000,-0.1256,-0.1256
11.3402,pi,6.2800,0.0000,-0.1256,-0.1256
11.3452,pi,6.2800,0.0000,-0.1256,-0.1256
11.3502,pi,6.2800,0.0000,-0.1256,-0.1256
11.3553,pi,6.2800,0.0000,-0.1256,-0.1256
11.3601,pi,6.2800,0.0000,-0.1256,-0.1256
11.3652,pi,6.2800,0.0000,-0.1256,-0.1256
11.3702,pi,6.2800,0.0000,-0.1256,-0.1256
11.3751,pi,6.2800,0.0000,-0.1256,-0.1256
11.3802,pi,6.2800,0.0000,-0.1256,-0.1256
11.3853,pi,6.2800,0.0000,-0.1256,-0.1256
11.3902,pi,6.2800,0.0000,-0.1256,-0.1256
11.3956,pi,6.2800,0.0000,-0.1256,-0.1256
11.4006,pi,6.2800,0.0000,-0.1256,-0.1256
11.4051,pi,6.2800,0.0000,-0.1256,-0.1256
11.4101,pi,6.2800,0.0000,-0.1256,-0.1256
11.4152,pi,6.2800,0.0000,-0.1256,-0.1256
11.4202,pi,6.2800,0.0000,-0.1256,-0.1256
11.4253,pi,6.2800,0.0000,-0.1256,-0.1256
11.4311,pi,6.2800,0.0000,-0.1256,-0.1256
11.4367,pi,6.2800,0.0000,-0.1256,-0.1256
11.4427,pi,6.2800,0.0000,-0.1256,-0.1256
11.4468,pi,6.2800,0.0000,-0.1256,-0.1256
11.4506,pi,6.2800,0.0000,-0.1256,-0.1256
11.4551,pi,6.2800,0.0000,-0.1256,-0.1256
11.4602,pi,6.2800,0.0000,-0.1256,-0.1256
11.4652,pi,6.2800,0.0000,-0.1256,-0.1256
11.4702,pi,6.2800,0.0000,-0.1256,-0.1256
11.4759,pi,6.2800,0.0000,-0.1256,-0.1256
11.4812,pi,6.2800,0.0000,-0.1256,-0.1256
11.4856,pi,6.2800,0.0000,-0.1256,-0.1256
11.4901,pi,6.2800,0.0000,-0.1256,-0.1256
11.4951,pi,6.2800,0.0000,-0.1256,-0.1256
11.5002,pi,6.2800,0.0000,-0.1256,-0.1256
11.5051,pi,6.2800,0.0000,-0.1256,-0.1256
11.5102,pi,6.2800,0.0000,-0.1256,-0.1256
11.5151,pi,6.2800,0.0000,-0.1256,-0.1256
11.5202,pi,6.2800,0.0000,-0.1256,-0.1256
11.5251,pi,6.2800,0.0000,-0.1256,-0.1256
11.5302,pi,6.2800,0.0000,-0.1256,-0.1256
11.5352,pi,6.2800,0.0000,-0.1256,-0.1256
11.5402,pi,6.2800,0.0000,-0.1256,-0.1256
11.5453,pi,6.2800,0.0000,-0.1256,-0.1256
11.5502,pi,6.2800,0.0000,-0.1256,-0.1256
11.5552,pi,6.2800,0.0000,-0.1256,-0.1256
11.5602,pi,6.2800,0.0000,-0.1256,-0.1256
11.5652,pi,6.2800,0.0000,-0.1256,-0.1256
11.5701,pi,6.2800,0.0000,-0.1256,-0.1256
11.5752,pi,6.2800,0.0000,-0.1256,-0.1256
11.5802,pi,6.2800,0.0000,-0.1256,-0.1256
11.5851,pi,6.2800,0.0000,-0.1256,-0.1256
11.5901,pi,6.2800,0.0000,-0.1256,-0.1256
11.5952,pi,6.2800,0.0000,-0.1256,-0.1256
11.6002,pi,6.2800,0.0000,-0.1256,-0.1256
11.6052,pi,6.2800,0.0000,-0.1256,-0.1256
11.6102,pi,6.2800,0.0000,-0.1256,-0.1256
11.6152,pi,6.2800,0.0000,-0.1256,-0.1256
11.6202,pi,6.2800,0.0000,-0.1256,-0.1256
11.6252,pi,6.2800,0.0000,-0.1256,-0.1256
11.6302,pi,6.2800,0.0000,-0.1256,-0.1256
11.6352,pi,6.2800,0.0000,-0.1256,-0.1256
11.6402,pi,6.2800,0.0000,-0.1256,-0.1256
11.6451,pi,6.2800,0.0000,-0.1256,-0.1256
11.6502,pi,6.2800,0.0000,-0.1256,-0.1256
11.6552,pi,6.2800,0.0000,-0.1256,-0.1256
11.6602,pi,6.2800,0.0000,-0.1256,-0.1256
11.6652,pi,6.2800,0.0000,-0.1256,-0.1256
11.6701,pi,6.2800,0.0000,-0.1256,-0.1256
11.6752,pi,6.2800,0.0000,-0.1256,-0.1256
11.6801,pi,6.2800,0.0000,-0.1256,-0.1256
11.6852,pi,6.2800,0.0000,-0.1256,-0.1256
11.6902,pi,6.2800,0.0000,-0.1256,-0.1256
11.6952,pi,6.2800,0.0000,-0.1256,-0.1256
11.7002,pi,6.2800,0.0000,-0.1256,-0.1256
11.7051,pi,6.2800,0.0000,-0.1256,-0.1256
11.7102,pi,6.2800,0.0000,-0.1256,-0.1256
11.7152,pi,6.2800,0.0000,-0.1256,-0.1256
11.7202,pi,6.2800,0.0000,-0.1256,-0.1256
11.7252,pi,6.2800,0.0000,-0.1256,-0.1256
11.7301,pi,6.2800,0.0000,-0.1256,-0.1256
11.7352,pi,6.2800,0.0000,-0.1256,-0.1256
11.7402,pi,6.2800,0.0000,-0.1256,-0.1256
11.7451,pi,6.2800,0.0000,-0.1256,-0.1256
11.7502,pi,6.2800,0.0000,-0.1256,-0.1256
11.7552,pi,6.2800,0.0000,-0.1256,-0.1256
11.7602,pi,6.2800,0.0000,-0.1256,-0.1256
11.7652,pi,6.2800,0.0000,-0.1256,-0.1256
11.7701,pi,6.2800,0.0000,-0.1256,-0.1256
11.7752,pi,6.2800,0.0000,-0.1256,-0.1256
11.7802,pi,6.2800,0.0000,-0.1256,-0.1256
11.7851,pi,6.2800,0.0000,-0.1256,-0.1256
11.7902,pi,6.2800,0.0000,-0.1256,-0.1256
11.7952,pi,6.2800,0.0000,-0.1256,-0.1256
11.8002,pi,6.2800,0.0000,-0.1256,-0.1256
11.8051,pi,6.2800,0.0000,-0.1256,-0.1256
11.8102,pi,6.2800,0.0000,-0.1256,-0.1256
11.8152,pi,6.2800,0.0000,-0.1256,-0.1256
11.8202,pi,6.2800,0.0000,-0.1256,-0.1256
11.8252,pi,6.2800,0.0000,-0.1256,-0.1256
11.8302,pi,6.2800,0.0000,-0.1256,-0.1256
11.8352,pi,6.2800,0.0000,-0.1256,-0.1256
11.8402,pi,6.2800,0.0000,-0.1256,-0.1256
11.8452,pi,6.2800,0.0000,-0.1256,-0.1256
11.8501,pi,6.2800,0.0000,-0.1256,-0.1256
11.8552,pi,6.2800,0.0000,-0.1256,-0.1256
11.8602,pi,6.2800,0.0000,-0.1256,-0.1256
11.8652,pi,6.2800,0.0000,-0.1256,-0.1256
11.8701,pi,6.2800,0.0000,-0.1256,-0.1256
11.8752,pi,6.2800,0.0000,-0.1256,-0.1256
11.8802,pi,6.2800,0.0000,-0.1256,-0.1256
11.8851,pi,6.2800,0.0000,-0.1256,-0.1256
11.8902,pi,6.2800,0.0000,-0.1256,-0.1256
11.8951,pi,6.2800,0.0000,-0.1256,-0.1256
11.9001,pi,6.2800,0.0000,-0.1256,-0.1256
11.9051,pi,6.2800,0.0000,-0.1256,-0.1256
11.9101,pi,6.2800,0.0000,-0.1256,-0.1256
11.9151,pi,6.2800,0.0000,-0.1256,-0.1256
11.9201,pi,6.2800,0.0000,-0.1256,-0.1256
11.9253,pi,6.2800,0.0000,-0.1256,-0.1256
11.9302,pi,6.2800,0.0000,-0.1256,-0.1256
11.9352,pi,6.2800,0.0000,-0.1256,-0.1256
11.9402,pi,6.2800,0.0000,-0.1256,-0.1256
11.9451,pi,6.2800,0.0000,-0.1256,-0.1256
11.9502,pi,6.2800,0.0000,-0.1256,-0.1256
11.9552,pi,6.2800,0.0000,-0.1256,-0.1256
11.9601,pi,6.2800,0.0000,-0.1256,-0.1256
11.9651,pi,6.2800,0.0000,-0.1256,-0.1256
11.9702,pi,6.2800,0.0000,-0.1256,-0.1256
11.9751,pi,6.2800,0.0000,-0.1256,-0.1256
11.9801,pi,6.2800,0.0000,-0.1256,-0.1256
11.9851,pi,6.2800,0.0000,-0.1256,-0.1256
11.9902,pi,6.2800,0.0000,-0.1256,-0.1256
11.9952,pi,6.2800,0.0000,-0.1256,-0.1256
12.0002,pi,6.2800,0.0000,-0.1256,-0.1256
12.0051,pi,6.2800,0.0000,-0.1256,-0.1256
12.0102,pi,6.2800,0.0000,-0.1256,-0.1256
12.0151,pi,6.2800,0.0000,-0.1256,-0.1256
12.0201,pi,6.2800,0.0000,-0.1256,-0.1256
12.0251,pi,6.2800,0.0000,-0.1256,-0.1256
12.0302,pi,6.2800,0.0000,-0.1256,-0.1256
12.0352,pi,6.2800,0.0000,-0.1256,-0.1256
12.0401,pi,6.2800,0.0000,-0.1256,-0.1256
12.0457,pi,6.2800,0.0000,-0.1256,-0.1256
12.0503,pi,6.2800,0.0000,-0.1256,-0.1256
12.0554,pi,6.2800,0.0000,-0.1256,-0.1256
12.0602,pi,6.2800,0.0000,-0.1256,-0.1256
12.0652,pi,6.2800,0.0000,-0.1256,-0.1256
12.0702,pi,6.2800,0.0000,-0.1256,-0.1256
12.0752,pi,6.2800,0.0000,-0.1256,-0.1256
12.0802,pi,6.2800,0.0000,-0.1256,-0.1256
12.0852,pi,6.2800,0.0000,-0.1256,-0.1256
12.0902,pi,6.2800,0.0000,-0.1256,-0.1256
12.0951,pi,6.2800,0.0000,-0.1256,-0.1256
12.1002,pi,6.2800,0.0000,-0.1256,-0.1256
12.1052,pi,6.2800,0.0000,-0.1256,-0.1256
12.1102,pi,6.2800,0.0000,-0.1256,-0.1256
12.1152,pi,6.2800,0.0000,-0.1256,-0.1256
12.1201,pi,6.2800,0.0000,-0.1256,-0.1256
12.1252,pi,6.2800,0.0000,-0.1256,-0.1256
12.1303,pi,6.2800,0.0000,-0.1256,-0.1256
12.1355,pi,6.2800,0.0000,-0.1256,-0.1256
12.1402,pi,6.2800,0.0000,-0.1256,-0.1256
12.1452,pi,6.2800,0.0000,-0.1256,-0.1256
12.1502,pi,6.2800,0.0000,-0.1256,-0.1256
12.1552,pi,6.2800,0.0000,-0.1256,-0.1256
12.1606,pi,6.2800,0.0000,-0.1256,-0.1256
12.1652,pi,6.2800,0.0000,-0.1256,-0.1256
12.1704,pi,6.2800,0.0000,-0.1256,-0.1256
12.1754,pi,6.2800,0.0000,-0.1256,-0.1256
12.1802,pi,6.2800,0.0000,-0.1256,-0.1256
12.1851,pi,6.2800,0.0000,-0.1256,-0.1256
12.1903,pi,6.2800,0.0000,-0.1256,-0.1256
12.1952,pi,6.2800,0.0000,-0.1256,-0.1256
12.2002,pi,6.2800,0.0000,-0.1256,-0.1256
12.2055,pi,6.2800,0.0000,-0.1256,-0.1256
12.2104,pi,6.2800,0.0000,-0.1256,-0.1256
12.2155,pi,6.2800,0.0000,-0.1256,-0.1256
12.2207,pi,6.2800,0.0000,-0.1256,-0.1256
12.2252,pi,6.2800,0.0000,-0.1256,-0.1256
12.2302,pi,6.2800,0.0000,-0.1256,-0.1256
12.2351,pi,6.2800,0.0000,-0.1256,-0.1256
12.2401,pi,6.2800,0.0000,-0.1256,-0.1256
12.2452,pi,6.2800,0.0000,-0.1256,-0.1256
12.2502,pi,6.2800,0.0000,-0.1256,-0.1256
12.2552,pi,6.2800,0.0000,-0.1256,-0.1256
12.2602,pi,6.2800,0.0000,-0.1256,-0.1256
12.2652,pi,6.2800,0.0000,-0.1256,-0.1256
12.2702,pi,6.2800,0.0000,-0.1256,-0.1256
12.2752,pi,6.2800,0.0000,-0.1256,-0.1256
12.2802,pi,6.2800,0.0000,-0.1256,-0.1256
12.2852,pi,6.2800,0.0000,-0.1256,-0.1256
12.2902,pi,6.2800,0.0000,-0.1256,-0.1256
12.2951,pi,6.2800,0.0000,-0.1256,-0.1256
12.3002,pi,6.2800,0.0000,-0.1256,-0.1256
12.3052,pi,6.2800,0.0000,-0.1256,-0.1256
12.3102,pi,6.2800,0.0000,-0.1256,-0.1256
12.3152,pi,6.2800,0.0000,-0.1256,-0.1256
12.3202,pi,6.2800,0.0000,-0.1256,-0.1256
12.3252,pi,6.2800,0.0000,-0.1256,-0.1256
12.3302,pi,6.2800,0.0000,-0.1256,-0.1256
12.3352,pi,6.2800,0.0000,-0.1256,-0.1256
12.3401,pi,6.2800,0.0000,-0.1256,-0.1256
12.3452,pi,6.2800,0.0000,-0.1256,-0.1256
12.3501,pi,6.2800,0.0000,-0.1256,-0.1256
12.3552,pi,6.2800,0.0000,-0.1256,-0.1256
12.3602,pi,6.2800,0.0000,-0.1256,-0.1256
12.3652,pi,6.2800,0.0000,-0.1256,-0.1256
12.3702,pi,6.2800,0.0000,-0.1256,-0.1256
12.3752,pi,6.2800,0.0000,-0.1256,-0.1256
12.3802,pi,6.2800,0.0000,-0.1256,-0.1256
12.3852,pi,6.2800,0.0000,-0.1256,-0.1256
12.3902,pi,6.2800,0.0000,-0.1256,-0.1256
12.3951,pi,6.2800,0.0000,-0.1256,-0.1256
12.4001,pi,6.2800,0.0000,-0.1256,-0.1256
12.4052,pi,6.2800,0.0000,-0.1256,-0.1256
12.4102,pi,6.2800,0.0000,-0.1256,-0.1256
12.4152,pi,6.2800,0.0000,-0.1256,-0.1256
12.4201,pi,6.2800,0.0000,-0.1256,-0.1256
12.4252,pi,6.2800,0.0000,-0.1256,-0.1256
12.4302,pi,6.2800,0.0000,-0.1256,-0.1256
12.4352,pi,6.2800,0.0000,-0.1256,-0.1256
12.4402,pi,6.2800,0.0000,-0.1256,-0.1256
12.4452,pi,6.2800,0.0000,-0.1256,-0.1256
12.4502,pi,6.2800,0.0000,-0.1256,-0.1256
12.4551,pi,6.2800,0.0000,-0.1256,-0.1256
12.4602,pi,6.2800,0.0000,-0.1256,-0.1256
12.4652,pi,6.2800,0.0000,-0.1256,-0.1256
12.4702,pi,6.2800,0.0000,-0.1256,-0.1256
12.4755,pi,6.2800,0.0000,-0.1256,-0.1256
12.4804,pi,6.2800,0.0000,-0.1256,-0.1256
12.4852,pi,6.2800,0.0000,-0.1256,-0.1256
12.4902,pi,6.2800,0.0000,-0.1256,-0.1256
12.4951,pi,6.2800,0.0000,-0.1256,-0.1256
12.5001,pi,6.2800,0.0000,-0.1256,-0.1256
12.5052,pi,6.2800,0.0000,-0.1256,-0.1256
12.5102,pi,6.2800,0.0000,-0.1256,-0.1256
12.5152,pi,6.2800,0.0000,-0.1256,-0.1256
12.5202,pi,6.2800,0.0000,-0.1256,-0.1256
12.5251,pi,6.2800,0.0000,-0.1256,-0.1256
12.5302,pi,6.2800,0.0000,-0.1256,-0.1256
12.5352,pi,6.2800,0.0000,-0.1256,-0.1256
12.5402,pi,6.2800,0.0000,-0.1256,-0.1256
12.5452,pi,6.2800,0.0000,-0.1256,-0.1256
12.5502,pi,6.2800,0.0000,-0.1256,-0.1256
12.5551,pi,6.2800,0.0000,-0.1256,-0.1256
12.5601,pi,6.2800,0.0000,-0.1256,-0.1256
12.5652,pi,6.2800,0.0000,-0.1256,-0.1256
12.5702,pi,6.2800,0.0000,-0.1256,-0.1256
12.5752,pi,6.2800,0.0000,-0.1256,-0.1256
12.5801,pi,6.2800,0.0000,-0.1256,-0.1256
12.5851,pi,6.2800,0.0000,-0.1256,-0.1256
12.5902,pi,6.2800,0.0000,-0.1256,-0.1256
12.5952,pi,6.2800,0.0000,-0.1256,-0.1256
12.6002,pi,6.2800,0.0000,-0.1256,-0.1256
12.6051,pi,6.2800,0.0000,-0.1256,-0.1256
12.6102,pi,6.2800,0.0000,-0.1256,-0.1256
12.6152,pi,6.2800,0.0000,-0.1256,-0.1256
12.6202,pi,6.2800,0.0000,-0.1256,-0.1256
12.6251,pi,6.2800,0.0000,-0.1256,-0.1256
12.6302,pi,6.2800,0.0000,-0.1256,-0.1256
12.6353,pi,6.2800,0.0000,-0.1256,-0.1256
12.6402,pi,6.2800,0.0000,-0.1256,-0.1256
12.6453,pi,6.2800,0.0000,-0.1256,-0.1256
12.6502,pi,6.2800,0.0000,-0.1256,-0.1256
12.6552,pi,6.2800,0.0000,-0.1256,-0.1256
12.6605,pi,6.2800,0.0000,-0.1256,-0.1256
12.6652,pi,6.2800,0.0000,-0.1256,-0.1256
12.6707,pi,6.2800,0.0000,-0.1256,-0.1256
12.6757,pi,6.2800,0.0000,-0.1256,-0.1256
12.6802,pi,6.2800,0.0000,-0.1256,-0.1256
12.6852,pi,6.2800,0.0000,-0.1256,-0.1256
12.6902,pi,6.2800,0.0000,-0.1256,-0.1256
12.6953,pi,6.2800,0.0000,-0.1256,-0.1256
12.7002,pi,6.2800,0.0000,-0.1256,-0.1256
12.7052,pi,6.2800,0.0000,-0.1256,-0.1256
12.7103,pi,6.2800,0.0000,-0.1256,-0.1256
12.7151,pi,6.2800,0.0000,-0.1256,-0.1256
12.7201,pi,6.2800,0.0000,-0.1256,-0.1256
12.7252,pi,6.2800,0.0000,-0.1256,-0.1256
12.7303,pi,6.2800,0.0000,-0.1256,-0.1256
12.7353,pi,6.2800,0.0000,-0.1256,-0.1256
12.7402,pi,6.2800,0.0000,-0.1256,-0.1256
12.7452,pi,6.2800,0.0000,-0.1256,-0.1256
12.7502,pi,6.2800,0.0000,-0.1256,-0.1256
12.7552,pi,6.2800,0.0000,-0.1256,-0.1256
12.7603,pi,6.2800,0.0000,-0.1256,-0.1256
12.7653,pi,6.2800,0.0000,-0.1256,-0.1256
12.7702,pi,6.2800,0.0000,-0.1256,-0.1256
12.7752,pi,6.2800,0.0000,-0.1256,-0.1256
12.7803,pi,6.2800,0.0000,-0.1256,-0.1256
12.7852,pi,6.2800,0.0000,-0.1256,-0.1256
12.7902,pi,6.2800,0.0000,-0.1256,-0.1256
12.7952,pi,6.2800,0.0000,-0.1256,-0.1256
12.8002,pi,6.2800,0.0000,-0.1256,-0.1256
12.8052,pi,6.2800,0.0000,-0.1256,-0.1256
12.8102,pi,6.2800,0.0000,-0.1256,-0.1256
12.8152,pi,6.2800,0.0000,-0.1256,-0.1256
12.8202,pi,6.2800,0.0000,-0.1256,-0.1256
12.8252,pi,6.2800,0.0000,-0.1256,-0.1256
12.8302,pi,6.2800,0.0000,-0.1256,-0.1256
12.8352,pi,6.2800,0.0000,-0.1256,-0.1256
12.8402,pi,6.2800,0.0000,-0.1256,-0.1256
12.8452,pi,6.2800,0.0000,-0.1256,-0.1256
12.8501,pi,6.2800,0.0000,-0.1256,-0.1256
12.8552,pi,6.2800,0.0000,-0.1256,-0.1256
12.8602,pi,6.2800,0.0000,-0.1256,-0.1256
12.8652,pi,6.2800,0.0000,-0.1256,-0.1256
12.8702,pi,6.2800,0.0000,-0.1256,-0.1256
12.8751,pi,6.2800,0.0000,-0.1256,-0.1256
12.8802,pi,6.2800,0.0000,-0.1256,-0.1256
12.8852,pi,6.2800,0.0000,-0.1256,-0.1256
12.8902,pi,6.2800,0.0000,-0.1256,-0.1256
12.8952,pi,6.2800,0.0000,-0.1256,-0.1256
12.9001,pi,6.2800,0.0000,-0.1256,-0.1256
12.9051,pi,6.2800,0.0000,-0.1256,-0.1256
12.9101,pi,6.2800,0.0000,-0.1256,-0.1256
12.9152,pi,6.2800,0.0000,-0.1256,-0.1256
12.9202,pi,6.2800,0.0000,-0.1256,-0.1256
12.9251,pi,6.2800,0.0000,-0.1256,-0.1256
12.9302,pi,6.2800,0.0000,-0.1256,-0.1256
12.9351,pi,6.2800,0.0000,-0.1256,-0.1256
12.9402,pi,6.2800,0.0000,-0.1256,-0.1256
12.9451,pi,6.2800,0.0000,-0.1256,-0.1256
12.9502,pi,6.2800,0.0000,-0.1256,-0.1256
12.9552,pi,6.2800,0.0000,-0.1256,-0.1256
12.9602,pi,6.2800,0.0000,-0.1256,-0.1256
12.9652,pi,6.2800,0.0000,-0.1256,-0.1256
12.9702,pi,6.2800,0.0000,-0.1256,-0.1256
12.9752,pi,6.2800,0.0000,-0.1256,-0.1256
12.9802,pi,6.2800,0.0000,-0.1256,-0.1256
12.9852,pi,6.2800,0.0000,-0.1256,-0.1256
12.9901,pi,6.2800,0.0000,-0.1256,-0.1256
12.9952,pi,6.2800,0.0000,-0.1256,-0.1256
13.0002,pi,6.2800,0.0000,-0.1256,-0.1256
13.0051,pi,6.2800,0.0000,-0.1256,-0.1256
13.0102,pi,6.2800,0.0000,-0.1256,-0.1256
13.0152,pi,6.2800,0.0000,-0.1256,-0.1256
13.0201,pi,6.2800,0.0000,-0.1256,-0.1256
13.0252,pi,6.2800,0.0000,-0.1256,-0.1256
13.0302,pi,6.2800,0.0000,-0.1256,-0.1256
13.0352,pi,6.2800,0.0000,-0.1256,-0.1256
13.0402,pi,6.2800,0.0000,-0.1256,-0.1256
13.0451,pi,6.2800,0.0000,-0.1256,-0.1256
13.0501,pi,6.2800,0.0000,-0.1256,-0.1256
13.0552,pi,6.2800,0.0000,-0.1256,-0.1256
13.0602,pi,6.2800,0.0000,-0.1256,-0.1256
13.0651,pi,6.2800,0.0000,-0.1256,-0.1256
13.0702,pi,6.2800,0.0000,-0.1256,-0.1256
13.0751,pi,6.2800,0.0000,-0.1256,-0.1256
13.0801,pi,6.2800,0.0000,-0.1256,-0.1256
13.0852,pi,6.2800,0.0000,-0.1256,-0.1256
13.0907,pi,6.2800,0.0000,-0.1256,-0.1256
13.0960,pi,6.2800,0.0000,-0.1256,-0.1256
13.1006,pi,6.2800,0.0000,-0.1256,-0.1256
13.1058,pi,6.2800,0.0000,-0.1256,-0.1256
13.1104,pi,6.2800,0.0000,-0.1256,-0.1256
13.1155,pi,6.2800,0.0000,-0.1256,-0.1256
13.1204,pi,6.2800,0.0000,-0.1256,-0.1256
13.1253,pi,6.2800,0.0000,-0.1256,-0.1256
13.1307,pi,6.2800,0.0000,-0.1256,-0.1256
13.1355,pi,6.2800,0.0000,-0.1256,-0.1256
13.1406,pi,6.2800,0.0000,-0.1256,-0.1256
13.1453,pi,6.2800,0.0000,-0.1256,-0.1256
13.1503,pi,6.2800,0.0000,-0.1256,-0.1256
13.1553,pi,6.2800,0.0000,-0.1256,-0.1256
13.1606,pi,6.2800,0.0000,-0.1256,-0.1256
13.1655,pi,6.2800,0.0000,-0.1256,-0.1256
13.1704,pi,6.2800,0.0000,-0.1256,-0.1256
13.1761,pi,6.2800,0.0000,-0.1256,-0.1256
13.1806,pi,6.2800,0.0000,-0.1256,-0.1256
13.1857,pi,6.2800,0.0000,-0.1256,-0.1256
13.1907,pi,6.2800,0.0000,-0.1256,-0.1256
13.1958,pi,6.2800,0.0000,-0.1256,-0.1256
13.2009,pi,6.2800,0.0000,-0.1256,-0.1256
13.2057,pi,6.2800,0.0000,-0.1256,-0.1256
13.2109,pi,6.2800,0.0000,-0.1256,-0.1256
13.2167,pi,6.2800,0.0000,-0.1256,-0.1256
13.2211,pi,6.2800,0.0000,-0.1256,-0.1256
13.2265,pi,6.2800,0.0000,-0.1256,-0.1256
13.2311,pi,6.2800,0.0000,-0.1256,-0.1256
13.2358,pi,6.2800,0.0000,-0.1256,-0.1256
13.2407,pi,6.2800,0.0000,-0.1256,-0.1256
13.2456,pi,6.2800,0.0000,-0.1256,-0.1256
13.2502,pi,6.2800,0.0000,-0.1256,-0.1256
13.2551,pi,6.2800,0.0000,-0.1256,-0.1256
13.2601,pi,6.2800,0.0000,-0.1256,-0.1256
13.2652,pi,6.2800,0.0000,-0.1256,-0.1256
13.2702,pi,6.2800,0.0000,-0.1256,-0.1256
13.2752,pi,6.2800,0.0000,-0.1256,-0.1256
13.2801,pi,6.2800,0.0000,-0.1256,-0.1256
13.2851,pi,6.2800,0.0000,-0.1256,-0.1256
13.2902,pi,6.2800,0.0000,-0.1256,-0.1256
13.2951,pi,6.2800,0.0000,-0.1256,-0.1256
13.3002,pi,6.2800,0.0000,-0.1256,-0.1256
13.3052,pi,6.2800,0.0000,-0.1256,-0.1256
13.3102,pi,6.2800,0.0000,-0.1256,-0.1256
13.3152,pi,6.2800,0.0000,-0.1256,-0.1256
13.3202,pi,6.2800,0.0000,-0.1256,-0.1256
13.3252,pi,6.2800,0.0000,-0.1256,-0.1256
13.3302,pi,6.2800,0.0000,-0.1256,-0.1256
13.3352,pi,6.2800,0.0000,-0.1256,-0.1256
13.3402,pi,6.2800,0.0000,-0.1256,-0.1256
13.3452,pi,6.2800,0.0000,-0.1256,-0.1256
13.3501,pi,6.2800,0.0000,-0.1256,-0.1256
13.3551,pi,6.2800,0.0000,-0.1256,-0.1256
13.3601,pi,6.2800,0.0000,-0.1256,-0.1256
13.3652,pi,6.2800,0.0000,-0.1256,-0.1256
13.3702,pi,6.2800,0.0000,-0.1256,-0.1256
13.3752,pi,6.2800,0.0000,-0.1256,-0.1256
13.3802,pi,6.2800,0.0000,-0.1256,-0.1256
13.3852,pi,6.2800,0.0000,-0.1256,-0.1256
13.3901,pi,6.2800,0.0000,-0.1256,-0.1256
13.3951,pi,6.2800,0.0000,-0.1256,-0.1256
13.4001,pi,6.2800,0.0000,-0.1256,-0.1256
13.4052,pi,6.2800,0.0000,-0.1256,-0.1256
13.4101,pi,6.2800,0.0000,-0.1256,-0.1256
13.4154,pi,6.2800,0.0000,-0.1256,-0.1256
13.4206,pi,6.2800,0.0000,-0.1256,-0.1256
13.4252,pi,6.2800,0.0000,-0.1256,-0.1256
13.4302,pi,6.2800,0.0000,-0.1256,-0.1256
13.4352,pi,6.2800,0.0000,-0.1256,-0.1256
13.4402,pi,6.2800,0.0000,-0.1256,-0.1256
13.4451,pi,6.2800,0.0000,-0.1256,-0.1256
13.4502,pi,6.2800,0.0000,-0.1256,-0.1256
13.4552,pi,6.2800,0.0000,-0.1256,-0.1256
13.4602,pi,6.2800,0.0000,-0.1256,-0.1256
13.4652,pi,6.2800,0.0000,-0.1256,-0.1256
13.4703,pi,6.2800,0.0000,-0.1256,-0.1256
13.4752,pi,6.2800,0.0000,-0.1256,-0.1256
13.4802,pi,6.2800,0.0000,-0.1256,-0.1256
13.4852,pi,6.2800,0.0000,-0.1256,-0.1256
13.4902,pi,6.2800,0.0000,-0.1256,-0.1256
13.4952,pi,6.2800,0.0000,-0.1256,-0.1256
13.5002,pi,6.2800,0.0000,-0.1256,-0.1256
13.5052,pi,6.2800,0.0000,-0.1256,-0.1256
13.5102,pi,6.2800,0.0000,-0.1256,-0.1256
13.5152,pi,6.2800,0.0000,-0.1256,-0.1256
13.5205,pi,6.2800,0.0000,-0.1256,-0.1256
13.5252,pi,6.2800,0.0000,-0.1256,-0.1256
13.5302,pi,6.2800,0.0000,-0.1256,-0.1256
13.5351,pi,6.2800,0.0000,-0.1256,-0.1256
13.5401,pi,6.2800,0.0000,-0.1256,-0.1256
13.5452,pi,6.2800,0.0000,-0.1256,-0.1256
13.5502,pi,6.2800,0.0000,-0.1256,-0.1256
13.5552,pi,6.2800,0.0000,-0.1256,-0.1256
13.5602,pi,6.2800,0.0000,-0.1256,-0.1256
13.5652,pi,6.2800,0.0000,-0.1256,-0.1256
13.5702,pi,6.2800,0.0000,-0.1256,-0.1256
13.5752,pi,6.2800,0.0000,-0.1256,-0.1256
13.5802,pi,6.2800,0.0000,-0.1256,-0.1256
13.5851,pi,6.2800,0.0000,-0.1256,-0.1256
13.5902,pi,6.2800,0.0000,-0.1256,-0.1256
13.5952,pi,6.2800,0.0000,-0.1256,-0.1256
13.6002,pi,6.2800,0.0000,-0.1256,-0.1256
13.6052,pi,6.2800,0.0000,-0.1256,-0.1256
13.6102,pi,6.2800,0.0000,-0.1256,-0.1256
13.6151,pi,6.2800,0.0000,-0.1256,-0.1256
13.6202,pi,6.2800,0.0000,-0.1256,-0.1256
13.6252,pi,6.2800,0.0000,-0.1256,-0.1256
13.6303,pi,6.2800,0.0000,-0.1256,-0.1256
13.6352,pi,6.2800,0.0000,-0.1256,-0.1256
13.6402,pi,6.2800,0.0000,-0.1256,-0.1256
13.6452,pi,6.2800,0.0000,-0.1256,-0.1256
13.6501,pi,6.2800,0.0000,-0.1256,-0.1256
13.6552,pi,6.2800,0.0000,-0.1256,-0.1256
13.6601,pi,6.2800,0.0000,-0.1256,-0.1256
13.6652,pi,6.2800,0.0000,-0.1256,-0.1256
13.6702,pi,6.2800,0.0000,-0.1256,-0.1256
13.6751,pi,6.2800,0.0000,-0.1256,-0.1256
13.6802,pi,6.2800,0.0000,-0.1256,-0.1256
13.6852,pi,6.2800,0.0000,-0.1256,-0.1256
13.6902,pi,6.2800,0.0000,-0.1256,-0.1256
13.6952,pi,6.2800,0.0000,-0.1256,-0.1256
13.7002,pi,6.2800,0.0000,-0.1256,-0.1256
13.7052,pi,6.2800,0.0000,-0.1256,-0.1256
13.7102,pi,6.2800,0.0000,-0.1256,-0.1256
13.7151,pi,6.2800,0.0000,-0.1256,-0.1256
13.7202,pi,6.2800,0.0000,-0.1256,-0.1256
13.7252,pi,6.2800,0.0000,-0.1256,-0.1256
13.7301,pi,6.2800,0.0000,-0.1256,-0.1256
13.7352,pi,6.2800,0.0000,-0.1256,-0.1256
13.7402,pi,6.2800,0.0000,-0.1256,-0.1256
13.7452,pi,6.2800,0.0000,-0.1256,-0.1256
13.7501,pi,6.2800,0.0000,-0.1256,-0.1256
13.7552,pi,6.2800,0.0000,-0.1256,-0.1256
13.7602,pi,6.2800,0.0000,-0.1256,-0.1256
13.7652,pi,6.2800,0.0000,-0.1256,-0.1256
13.7702,pi,6.2800,0.0000,-0.1256,-0.1256
13.7752,pi,6.2800,0.0000,-0.1256,-0.1256
13.7802,pi,6.2800,0.0000,-0.1256,-0.1256
13.7851,pi,6.2800,0.0000,-0.1256,-0.1256
13.7902,pi,6.2800,0.0000,-0.1256,-0.1256
13.7952,pi,6.2800,0.0000,-0.1256,-0.1256
13.8002,pi,6.2800,0.0000,-0.1256,-0.1256
13.8052,pi,6.2800,0.0000,-0.1256,-0.1256
13.8101,pi,6.2800,0.0000,-0.1256,-0.1256
13.8152,pi,6.2800,0.0000,-0.1256,-0.1256
13.8201,pi,6.2800,0.0000,-0.1256,-0.1256
13.8252,pi,6.2800,0.0000,-0.1256,-0.1256
13.8302,pi,6.2800,0.0000,-0.1256,-0.1256
13.8352,pi,6.2800,0.0000,-0.1256,-0.1256
13.8402,pi,6.2800,0.0000,-0.1256,-0.1256
13.8451,pi,6.2800,0.0000,-0.1256,-0.1256
13.8502,pi,6.2800,0.0000,-0.1256,-0.1256
13.8552,pi,6.2800,0.0000,-0.1256,-0.1256
13.8602,pi,6.2800,0.0000,-0.1256,-0.1256
13.8651,pi,6.2800,0.0000,-0.1256,-0.1256
13.8702,pi,6.2800,0.0000,-0.1256,-0.1256
13.8752,pi,6.2800,0.0000,-0.1256,-0.1256
13.8802,pi,6.2800,0.0000,-0.1256,-0.1256
13.8852,pi,6.2800,0.0000,-0.1256,-0.1256
13.8902,pi,6.2800,0.0000,-0.1256,-0.1256
13.8952,pi,6.2800,0.0000,-0.1256,-0.1256
13.9002,pi,6.2800,0.0000,-0.1256,-0.1256
13.9051,pi,6.2800,0.0000,-0.1256,-0.1256
13.9102,pi,6.2800,0.0000,-0.1256,-0.1256
13.9152,pi,6.2800,0.0000,-0.1256,-0.1256
13.9202,pi,6.2800,0.0000,-0.1256,-0.1256
13.9251,pi,6.2800,0.0000,-0.1256,-0.1256
13.9302,pi,6.2800,0.0000,-0.1256,-0.1256
13.9352,pi,6.2800,0.0000,-0.1256,-0.1256
13.9402,pi,6.2800,0.0000,-0.1256,-0.1256
13.9451,pi,6.2800,0.0000,-0.1256,-0.1256
13.9502,pi,6.2800,0.0000,-0.1256,-0.1256
13.9552,pi,6.2800,0.0000,-0.1256,-0.1256
13.9601,pi,6.2800,0.0000,-0.1256,-0.1256
13.9652,pi,6.2800,0.0000,-0.1256,-0.1256
13.9702,pi,6.2800,0.0000,-0.1256,-0.1256
13.9752,pi,6.2800,0.0000,-0.1256,-0.1256
13.9802,pi,6.2800,0.0000,-0.1256,-0.1256
13.9851,pi,6.2800,0.0000,-0.1256,-0.1256
13.9902,pi,6.2800,0.0000,-0.1256,-0.1256
13.9952,pi,6.2800,0.0000,-0.1256,-0.1256
14.0002,pi,6.2800,0.0000,-0.1256,-0.1256
14.0051,pi,6.2800,0.0000,-0.1256,-0.1256
14.0102,pi,6.2800,0.0000,-0.1256,-0.1256
14.0152,pi,6.2800,0.0000,-0.1256,-0.1256
14.0202,pi,6.2800,0.0000,-0.1256,-0.1256
14.0251,pi,6.2800,0.0000,-0.1256,-0.1256
14.0303,pi,6.2800,0.0000,-0.1256,-0.1256
14.0352,pi,6.2800,0.0000,-0.1256,-0.1256
14.0409,pi,6.2800,0.0000,-0.1256,-0.1256
14.0458,pi,6.2800,0.0000,-0.1256,-0.1256
14.0501,pi,6.2800,0.0000,-0.1256,-0.1256
14.0551,pi,6.2800,0.0000,-0.1256,-0.1256
14.0601,pi,6.2800,0.0000,-0.1256,-0.1256
14.0651,pi,6.2800,0.0000,-0.1256,-0.1256
14.0703,pi,6.2800,0.0000,-0.1256,-0.1256
14.0753,pi,6.2800,0.0000,-0.1256,-0.1256
14.0801,pi,6.2800,0.0000,-0.1256,-0.1256
14.0852,pi,6.2800,0.0000,-0.1256,-0.1256
14.0902,pi,6.2800,0.0000,-0.1256,-0.1256
14.0951,pi,6.2800,0.0000,-0.1256,-0.1256
14.1002,pi,6.2800,0.0000,-0.1256,-0.1256
14.1052,pi,6.2800,0.0000,-0.1256,-0.1256
14.1101,pi,6.2800,0.0000,-0.1256,-0.1256
14.1152,pi,6.2800,0.0000,-0.1256,-0.1256
14.1202,pi,6.2800,0.0000,-0.1256,-0.1256
14.1252,pi,6.2800,0.0000,-0.1256,-0.1256
14.1302,pi,6.2800,0.0000,-0.1256,-0.1256
14.1352,pi,6.2800,0.0000,-0.1256,-0.1256
14.1403,pi,6.2800,0.0000,-0.1256,-0.1256
14.1452,pi,6.2800,0.0000,-0.1256,-0.1256
14.1505,pi,6.2800,0.0000,-0.1256,-0.1256
14.1555,pi,6.2800,0.0000,-0.1256,-0.1256
14.1605,pi,6.2800,0.0000,-0.1256,-0.1256
14.1667,pi,6.2800,0.0000,-0.1256,-0.1256
14.1716,pi,6.2800,0.0000,-0.1256,-0.1256
14.1763,pi,6.2800,0.0000,-0.1256,-0.1256
14.1822,pi,6.2800,0.0000,-0.1256,-0.1256
14.1891,pi,6.2800,0.0000,-0.1256,-0.1256
14.1941,pi,6.2800,0.0000,-0.1256,-0.1256
14.1997,pi,6.2800,0.0000,-0.1256,-0.1256
14.2050,pi,6.2800,0.0000,-0.1256,-0.1256
14.2099,pi,6.2800,0.0000,-0.1256,-0.1256
14.2148,pi,6.2800,0.0000,-0.1256,-0.1256
14.2213,pi,6.2800,0.0000,-0.1256,-0.1256
14.2273,pi,6.2800,0.0000,-0.1256,-0.1256
14.2322,pi,6.2800,0.0000,-0.1256,-0.1256
14.2368,pi,6.2800,0.0000,-0.1256,-0.1256
14.2418,pi,6.2800,0.0000,-0.1256,-0.1256
14.2478,pi,6.2800,0.0000,-0.1256,-0.1256
14.2537,pi,6.2800,0.0000,-0.1256,-0.1256
14.2597,pi,6.2800,0.0000,-0.1256,-0.1256
14.2672,pi,6.2800,0.0000,-0.1256,-0.1256
14.2734,pi,6.2800,0.0000,-0.1256,-0.1256
14.2793,pi,6.2800,0.0000,-0.1256,-0.1256
14.2853,pi,6.2800,0.0000,-0.1256,-0.1256
14.2903,pi,6.2800,0.0000,-0.1256,-0.1256
14.2952,pi,6.2800,0.0000,-0.1256,-0.1256
14.3000,pi,6.2800,0.0000,-0.1256,-0.1256
14.3070,pi,6.2800,0.0000,-0.1256,-0.1256
14.3141,pi,6.2800,0.0000,-0.1256,-0.1256
14.3201,pi,6.2800,0.0000,-0.1256,-0.1256
14.3252,pi,6.2800,0.0000,-0.1256,-0.1256
14.3315,pi,6.2800,0.0000,-0.1256,-0.1256
14.3361,pi,6.2800,0.0000,-0.1256,-0.1256
14.3409,pi,6.2800,0.0000,-0.1256,-0.1256
14.3453,pi,6.2800,0.0000,-0.1256,-0.1256
14.3494,pi,6.2800,0.0000,-0.1256,-0.1256
14.3536,pi,6.2800,0.0000,-0.1256,-0.1256
14.3575,pi,6.2800,0.0000,-0.1256,-0.1256
14.3615,pi,6.2800,0.0000,-0.1256,-0.1256
14.3654,pi,6.2800,0.0000,-0.1256,-0.1256
14.3693,pi,6.2800,0.0000,-0.1256,-0.1256
14.3732,pi,6.2800,0.0000,-0.1256,-0.1256
14.3772,pi,6.2800,0.0000,-0.1256,-0.1256
14.3811,pi,6.2800,0.0000,-0.1256,-0.1256
14.3850,pi,6.2800,0.0000,-0.1256,-0.1256
14.3889,pi,6.2800,0.0000,-0.1256,-0.1256
14.3928,pi,6.2800,0.0000,-0.1256,-0.1256
14.3968,pi,6.2800,0.0000,-0.1256,-0.1256
14.4008,pi,6.2800,0.0000,-0.1256,-0.1256
14.4050,pi,6.2800,0.0000,-0.1256,-0.1256
14.4092,pi,6.2800,0.0000,-0.1256,-0.1256
14.4133,pi,6.2800,0.0000,-0.1256,-0.1256
14.4178,pi,6.2800,0.0000,-0.1256,-0.1256
14.4218,pi,6.2800,0.0000,-0.1256,-0.1256
14.4268,pi,6.2800,0.0000,-0.1256,-0.1256
14.4313,pi,6.2800,0.0000,-0.1256,-0.1256
14.4356,pi,6.2800,0.0000,-0.1256,-0.1256
14.4403,pi,6.2800,0.0000,-0.1256,-0.1256
14.4452,pi,6.2800,0.0000,-0.1256,-0.1256
14.4502,pi,6.2800,0.0000,-0.1256,-0.1256
14.4552,pi,6.2800,0.0000,-0.1256,-0.1256
14.4602,pi,6.2800,0.0000,-0.1256,-0.1256
14.4652,pi,6.2800,0.0000,-0.1256,-0.1256
14.4702,pi,6.2800,0.0000,-0.1256,-0.1256
14.4753,pi,6.2800,0.0000,-0.1256,-0.1256
14.4802,pi,6.2800,0.0000,-0.1256,-0.1256
14.4852,pi,6.2800,0.0000,-0.1256,-0.1256
14.4902,pi,6.2800,0.0000,-0.1256,-0.1256
14.4953,pi,6.2800,0.0000,-0.1256,-0.1256
14.5002,pi,6.2800,0.0000,-0.1256,-0.1256
14.5053,pi,6.2800,0.0000,-0.1256,-0.1256
14.5102,pi,6.2800,0.0000,-0.1256,-0.1256
14.5152,pi,6.2800,0.0000,-0.1256,-0.1256
14.5202,pi,6.2800,0.0000,-0.1256,-0.1256
14.5253,pi,6.2800,0.0000,-0.1256,-0.1256
14.5302,pi,6.2800,0.0000,-0.1256,-0.1256
14.5352,pi,6.2800,0.0000,-0.1256,-0.1256
14.5402,pi,6.2800,0.0000,-0.1256,-0.1256
14.5452,pi,6.2800,0.0000,-0.1256,-0.1256
14.5502,pi,6.2800,0.0000,-0.1256,-0.1256
14.5552,pi,6.2800,0.0000,-0.1256,-0.1256
14.5602,pi,6.2800,0.0000,-0.1256,-0.1256
14.5653,pi,6.2800,0.0000,-0.1256,-0.1256
14.5702,pi,6.2800,0.0000,-0.1256,-0.1256
14.5753,pi,6.2800,0.0000,-0.1256,-0.1256
14.5802,pi,6.2800,0.0000,-0.1256,-0.1256
14.5852,pi,6.2800,0.0000,-0.1256,-0.1256
14.5903,pi,6.2800,0.0000,-0.1256,-0.1256
14.5952,pi,6.2800,0.0000,-0.1256,-0.1256
14.6002,pi,6.2800,0.0000,-0.1256,-0.1256
14.6052,pi,6.2800,0.0000,-0.1256,-0.1256
14.6102,pi,6.2800,0.0000,-0.1256,-0.1256
14.6152,pi,6.2800,0.0000,-0.1256,-0.1256
14.6203,pi,6.2800,0.0000,-0.1256,-0.1256
14.6266,pi,6.2800,0.0000,-0.1256,-0.1256
14.6307,pi,6.2800,0.0000,-0.1256,-0.1256
14.6352,pi,6.2800,0.0000,-0.1256,-0.1256
14.6402,pi,6.2800,0.0000,-0.1256,-0.1256
14.6452,pi,6.2800,0.0000,-0.1256,-0.1256
14.6502,pi,6.2800,0.0000,-0.1256,-0.1256
14.6552,pi,6.2800,0.0000,-0.1256,-0.1256
14.6602,pi,6.2800,0.0000,-0.1256,-0.1256
14.6653,pi,6.2800,0.0000,-0.1256,-0.1256
14.6702,pi,6.2800,0.0000,-0.1256,-0.1256
14.6752,pi,6.2800,0.0000,-0.1256,-0.1256
14.6802,pi,6.2800,0.0000,-0.1256,-0.1256
14.6852,pi,6.2800,0.0000,-0.1256,-0.1256
14.6902,pi,6.2800,0.0000,-0.1256,-0.1256
14.6953,pi,6.2800,0.0000,-0.1256,-0.1256
14.7002,pi,6.2800,0.0000,-0.1256,-0.1256
14.7053,pi,6.2800,0.0000,-0.1256,-0.1256
14.7104,pi,6.2800,0.0000,-0.1256,-0.1256
14.7153,pi,6.2800,0.0000,-0.1256,-0.1256
14.7205,pi,6.2800,0.0000,-0.1256,-0.1256
14.7261,pi,6.2800,0.0000,-0.1256,-0.1256
14.7307,pi,6.2800,0.0000,-0.1256,-0.1256
14.7353,pi,6.2800,0.0000,-0.1256,-0.1256
14.7403,pi,6.2800,0.0000,-0.1256,-0.1256
14.7453,pi,6.2800,0.0000,-0.1256,-0.1256
14.7503,pi,6.2800,0.0000,-0.1256,-0.1256
14.7552,pi,6.2800,0.0000,-0.1256,-0.1256
14.7605,pi,6.2800,0.0000,-0.1256,-0.1256
14.7655,pi,6.2800,0.0000,-0.1256,-0.1256
14.7721,pi,6.2800,0.0000,-0.1256,-0.1256
14.7773,pi,6.2800,0.0000,-0.1256,-0.1256
14.7814,pi,6.2800,0.0000,-0.1256,-0.1256
14.7852,pi,6.2800,0.0000,-0.1256,-0.1256
14.7901,pi,6.2800,0.0000,-0.1256,-0.1256
14.7952,pi,6.2800,0.0000,-0.1256,-0.1256
14.8035,pi,6.2800,0.0000,-0.1256,-0.1256
14.8079,pi,6.2800,0.0000,-0.1256,-0.1256
14.8120,pi,6.2800,0.0000,-0.1256,-0.1256
14.8160,pi,6.2800,0.0000,-0.1256,-0.1256
14.8202,pi,6.2800,0.0000,-0.1256,-0.1256
14.8252,pi,6.2800,0.0000,-0.1256,-0.1256
14.8301,pi,6.2800,0.0000,-0.1256,-0.1256
14.8352,pi,6.2800,0.0000,-0.1256,-0.1256
14.8402,pi,6.2800,0.0000,-0.1256,-0.1256
14.8451,pi,6.2800,0.0000,-0.1256,-0.1256
14.8502,pi,6.2800,0.0000,-0.1256,-0.1256
14.8552,pi,6.2800,0.0000,-0.1256,-0.1256
14.8602,pi,6.2800,0.0000,-0.1256,-0.1256
14.8655,pi,6.2800,0.0000,-0.1256,-0.1256
14.8710,pi,6.2800,0.0000,-0.1256,-0.1256
14.8768,pi,6.2800,0.0000,-0.1256,-0.1256
14.8818,pi,6.2800,0.0000,-0.1256,-0.1256
14.8868,pi,6.2800,0.0000,-0.1256,-0.1256
14.8913,pi,6.2800,0.0000,-0.1256,-0.1256
14.8960,pi,6.2800,0.0000,-0.1256,-0.1256
14.9007,pi,6.2800,0.0000,-0.1256,-0.1256
14.9060,pi,6.2800,0.0000,-0.1256,-0.1256
14.9109,pi,6.2800,0.0000,-0.1256,-0.1256
14.9157,pi,6.2800,0.0000,-0.1256,-0.1256
14.9207,pi,6.2800,0.0000,-0.1256,-0.1256
14.9257,pi,6.2800,0.0000,-0.1256,-0.1256
14.9306,pi,6.2800,0.0000,-0.1256,-0.1256
14.9359,pi,6.2800,0.0000,-0.1256,-0.1256
14.9405,pi,6.2800,0.0000,-0.1256,-0.1256
14.9458,pi,6.2800,0.0000,-0.1256,-0.1256
14.9516,pi,6.2800,0.0000,-0.1256,-0.1256
14.9560,pi,6.2800,0.0000,-0.1256,-0.1256
14.9603,pi,6.2800,0.0000,-0.1256,-0.1256
14.9652,pi,6.2800,0.0000,-0.1256,-0.1256
14.9702,pi,6.2800,0.0000,-0.1256,-0.1256
14.9752,pi,6.2800,0.0000,-0.1256,-0.1256
14.9802,pi,6.2800,0.0000,-0.1256,-0.1256
14.9852,pi,6.2800,0.0000,-0.1256,-0.1256
14.9901,pi,6.2800,0.0000,-0.1256,-0.1256
14.9952,pi,6.2800,0.0000,-0.1256,-0.1256
15.0002,pi,6.2800,0.0000,-0.1256,-0.1256
15.0052,pi,6.2800,0.0000,-0.1256,-0.1256
15.0101,pi,6.2800,0.0000,-0.1256,-0.1256
15.0151,pi,6.2800,0.0000,-0.1256,-0.1256
15.0202,pi,6.2800,0.0000,-0.1256,-0.1256
15.0252,pi,6.2800,0.0000,-0.1256,-0.1256
15.0301,pi,6.2800,0.0000,-0.1256,-0.1256
15.0352,pi,6.2800,0.0000,-0.1256,-0.1256
15.0402,pi,6.2800,0.0000,-0.1256,-0.1256
15.0451,pi,6.2800,0.0000,-0.1256,-0.1256
15.0502,pi,6.2800,0.0000,-0.1256,-0.1256
15.0552,pi,6.2800,0.0000,-0.1256,-0.1256
15.0602,pi,6.2800,0.0000,-0.1256,-0.1256
15.0652,pi,6.2800,0.0000,-0.1256,-0.1256
15.0702,pi,6.2800,0.0000,-0.1256,-0.1256
15.0754,pi,6.2800,0.0000,-0.1256,-0.1256
15.0803,pi,6.2800,0.0000,-0.1256,-0.1256
15.0855,pi,6.2800,0.0000,-0.1256,-0.1256
15.0909,pi,6.2800,0.0000,-0.1256,-0.1256
15.0959,pi,6.2800,0.0000,-0.1256,-0.1256
15.1003,pi,6.2800,0.0000,-0.1256,-0.1256
15.1051,pi,6.2800,0.0000,-0.1256,-0.1256
15.1102,pi,6.2800,0.0000,-0.1256,-0.1256
15.1151,pi,6.2800,0.0000,-0.1256,-0.1256
15.1202,pi,6.2800,0.0000,-0.1256,-0.1256
15.1252,pi,6.2800,0.0000,-0.1256,-0.1256
15.1301,pi,6.2800,0.0000,-0.1256,-0.1256
15.1353,pi,6.2800,0.0000,-0.1256,-0.1256
15.1405,pi,6.2800,0.0000,-0.1256,-0.1256
15.1461,pi,6.2800,0.0000,-0.1256,-0.1256
15.1509,pi,6.2800,0.0000,-0.1256,-0.1256
15.1556,pi,6.2800,0.0000,-0.1256,-0.1256
15.1602,pi,6.2800,0.0000,-0.1256,-0.1256
15.1654,pi,6.2800,0.0000,-0.1256,-0.1256
15.1702,pi,6.2800,0.0000,-0.1256,-0.1256
15.1752,pi,6.2800,0.0000,-0.1256,-0.1256
15.1801,pi,6.2800,0.0000,-0.1256,-0.1256
15.1855,pi,6.2800,0.0000,-0.1256,-0.1256
15.1908,pi,6.2800,0.0000,-0.1256,-0.1256
15.1957,pi,6.2800,0.0000,-0.1256,-0.1256
15.2006,pi,6.2800,0.0000,-0.1256,-0.1256
15.2052,pi,6.2800,0.0000,-0.1256,-0.1256
15.2104,pi,6.2800,0.0000,-0.1256,-0.1256
15.2152,pi,6.2800,0.0000,-0.1256,-0.1256
15.2202,pi,6.2800,0.0000,-0.1256,-0.1256
15.2252,pi,6.2800,0.0000,-0.1256,-0.1256
15.2302,pi,6.2800,0.0000,-0.1256,-0.1256
15.2352,pi,6.2800,0.0000,-0.1256,-0.1256
15.2402,pi,6.2800,0.0000,-0.1256,-0.1256
15.2452,pi,6.2800,0.0000,-0.1256,-0.1256
15.2502,pi,6.2800,0.0000,-0.1256,-0.1256
15.2552,pi,6.2800,0.0000,-0.1256,-0.1256
15.2601,pi,6.2800,0.0000,-0.1256,-0.1256
15.2652,pi,6.2800,0.0000,-0.1256,-0.1256
15.2701,pi,6.2800,0.0000,-0.1256,-0.1256
15.2752,pi,6.2800,0.0000,-0.1256,-0.1256
15.2802,pi,6.2800,0.0000,-0.1256,-0.1256
15.2852,pi,6.2800,0.0000,-0.1256,-0.1256
15.2902,pi,6.2800,0.0000,-0.1256,-0.1256
15.2952,pi,6.2800,0.0000,-0.1256,-0.1256
15.3002,pi,6.2800,0.0000,-0.1256,-0.1256
15.3052,pi,6.2800,0.0000,-0.1256,-0.1256
15.3103,pi,6.2800,0.0000,-0.1256,-0.1256
15.3152,pi,6.2800,0.0000,-0.1256,-0.1256
15.3202,pi,6.2800,0.0000,-0.1256,-0.1256
15.3252,pi,6.2800,0.0000,-0.1256,-0.1256
15.3302,pi,6.2800,0.0000,-0.1256,-0.1256
15.3352,pi,6.2800,0.0000,-0.1256,-0.1256
15.3402,pi,6.2800,0.0000,-0.1256,-0.1256
15.3452,pi,6.2800,0.0000,-0.1256,-0.1256
15.3502,pi,6.2800,0.0000,-0.1256,-0.1256
15.3552,pi,6.2800,0.0000,-0.1256,-0.1256
15.3602,pi,6.2800,0.0000,-0.1256,-0.1256
15.3652,pi,6.2800,0.0000,-0.1256,-0.1256
15.3702,pi,6.2800,0.0000,-0.1256,-0.1256
15.3752,pi,6.2800,0.0000,-0.1256,-0.1256
15.3801,pi,6.2800,0.0000,-0.1256,-0.1256
15.3853,pi,6.2800,0.0000,-0.1256,-0.1256
15.3902,pi,6.2800,0.0000,-0.1256,-0.1256
15.3952,pi,6.2800,0.0000,-0.1256,-0.1256
15.4008,pi,6.2800,0.0000,-0.1256,-0.1256
15.4056,pi,6.2800,0.0000,-0.1256,-0.1256
15.4103,pi,6.2800,0.0000,-0.1256,-0.1256
15.4152,pi,6.2800,0.0000,-0.1256,-0.1256
15.4201,pi,6.2800,0.0000,-0.1256,-0.1256
15.4251,pi,6.2800,0.0000,-0.1256,-0.1256
15.4302,pi,6.2800,0.0000,-0.1256,-0.1256
15.4352,pi,6.2800,0.0000,-0.1256,-0.1256
15.4402,pi,6.2800,0.0000,-0.1256,-0.1256
15.4452,pi,6.2800,0.0000,-0.1256,-0.1256
15.4501,pi,6.2800,0.0000,-0.1256,-0.1256
15.4552,pi,6.2800,0.0000,-0.1256,-0.1256
15.4602,pi,6.2800,0.0000,-0.1256,-0.1256
15.4652,pi,6.2800,0.0000,-0.1256,-0.1256
15.4702,pi,6.2800,0.0000,-0.1256,-0.1256
15.4752,pi,6.2800,0.0000,-0.1256,-0.1256
15.4801,pi,6.2800,0.0000,-0.1256,-0.1256
15.4852,pi,6.2800,0.0000,-0.1256,-0.1256
15.4902,pi,6.2800,0.0000,-0.1256,-0.1256
15.4952,pi,6.2800,0.0000,-0.1256,-0.1256
15.5002,pi,6.2800,0.0000,-0.1256,-0.1256
15.5052,pi,6.2800,0.0000,-0.1256,-0.1256
15.5102,pi,6.2800,0.0000,-0.1256,-0.1256
15.5151,pi,6.2800,0.0000,-0.1256,-0.1256
15.5202,pi,6.2800,0.0000,-0.1256,-0.1256
15.5251,pi,6.2800,0.0000,-0.1256,-0.1256
15.5302,pi,6.2800,0.0000,-0.1256,-0.1256
15.5351,pi,6.2800,0.0000,-0.1256,-0.1256
15.5402,pi,6.2800,0.0000,-0.1256,-0.1256
15.5452,pi,6.2800,0.0000,-0.1256,-0.1256
15.5502,pi,6.2800,0.0000,-0.1256,-0.1256
15.5552,pi,6.2800,0.0000,-0.1256,-0.1256
15.5602,pi,6.2800,0.0000,-0.1256,-0.1256
15.5652,pi,6.2800,0.0000,-0.1256,-0.1256
15.5702,pi,6.2800,0.0000,-0.1256,-0.1256
15.5752,pi,6.2800,0.0000,-0.1256,-0.1256
15.5801,pi,6.2800,0.0000,-0.1256,-0.1256
15.5852,pi,6.2800,0.0000,-0.1256,-0.1256
15.5902,pi,6.2800,0.0000,-0.1256,-0.1256
15.5952,pi,6.2800,0.0000,-0.1256,-0.1256
15.6002,pi,6.2800,0.0000,-0.1256,-0.1256
15.6052,pi,6.2800,0.0000,-0.1256,-0.1256
15.6101,pi,6.2800,0.0000,-0.1256,-0.1256
15.6152,pi,6.2800,0.0000,-0.1256,-0.1256
15.6202,pi,6.2800,0.0000,-0.1256,-0.1256
15.6252,pi,6.2800,0.0000,-0.1256,-0.1256
15.6301,pi,6.2800,0.0000,-0.1256,-0.1256
15.6352,pi,6.2800,0.0000,-0.1256,-0.1256
15.6401,pi,6.2800,0.0000,-0.1256,-0.1256
15.6452,pi,6.2800,0.0000,-0.1256,-0.1256
15.6501,pi,6.2800,0.0000,-0.1256,-0.1256
15.6552,pi,6.2800,0.0000,-0.1256,-0.1256
15.6602,pi,6.2800,0.0000,-0.1256,-0.1256
15.6652,pi,6.2800,0.0000,-0.1256,-0.1256
15.6702,pi,6.2800,0.0000,-0.1256,-0.1256
15.6751,pi,6.2800,0.0000,-0.1256,-0.1256
15.6802,pi,6.2800,0.0000,-0.1256,-0.1256
15.6855,pi,6.2800,0.0000,-0.1256,-0.1256
15.6903,pi,6.2800,0.0000,-0.1256,-0.1256
15.6952,pi,6.2800,0.0000,-0.1256,-0.1256
15.7002,pi,6.2800,0.0000,-0.1256,-0.1256
15.7052,pi,6.2800,0.0000,-0.1256,-0.1256
15.7111,pi,6.2800,0.0000,-0.1256,-0.1256
15.7165,pi,6.2800,0.0000,-0.1256,-0.1256
15.7205,pi,6.2800,0.0000,-0.1256,-0.1256
15.7252,pi,6.2800,0.0000,-0.1256,-0.1256
15.7301,pi,6.2800,0.0000,-0.1256,-0.1256
15.7351,pi,6.2800,0.0000,-0.1256,-0.1256
15.7403,pi,6.2800,0.0000,-0.1256,-0.1256
15.7451,pi,6.2800,0.0000,-0.1256,-0.1256
15.7502,pi,6.2800,0.0000,-0.1256,-0.1256
15.7551,pi,6.2800,0.0000,-0.1256,-0.1256
15.7604,pi,6.2800,0.0000,-0.1256,-0.1256
15.7658,pi,6.2800,0.0000,-0.1256,-0.1256
15.7703,pi,6.2800,0.0000,-0.1256,-0.1256
15.7751,pi,6.2800,0.0000,-0.1256,-0.1256
15.7801,pi,6.2800,0.0000,-0.1256,-0.1256
15.7851,pi,6.2800,0.0000,-0.1256,-0.1256
15.7901,pi,6.2800,0.0000,-0.1256,-0.1256
15.7951,pi,6.2800,0.0000,-0.1256,-0.1256
15.8002,pi,6.2800,0.0000,-0.1256,-0.1256
15.8052,pi,6.2800,0.0000,-0.1256,-0.1256
15.8101,pi,6.2800,0.0000,-0.1256,-0.1256
15.8152,pi,6.2800,0.0000,-0.1256,-0.1256
15.8202,pi,6.2800,0.0000,-0.1256,-0.1256
15.8251,pi,6.2800,0.0000,-0.1256,-0.1256
15.8302,pi,6.2800,0.0000,-0.1256,-0.1256
15.8352,pi,6.2800,0.0000,-0.1256,-0.1256
15.8402,pi,6.2800,0.0000,-0.1256,-0.1256
15.8451,pi,6.2800,0.0000,-0.1256,-0.1256
15.8502,pi,6.2800,0.0000,-0.1256,-0.1256
15.8551,pi,6.2800,0.0000,-0.1256,-0.1256
15.8602,pi,6.2800,0.0000,-0.1256,-0.1256
15.8652,pi,6.2800,0.0000,-0.1256,-0.1256
15.8702,pi,6.2800,0.0000,-0.1256,-0.1256
15.8751,pi,6.2800,0.0000,-0.1256,-0.1256
15.8802,pi,6.2800,0.0000,-0.1256,-0.1256
15.8852,pi,6.2800,0.0000,-0.1256,-0.1256
15.8902,pi,6.2800,0.0000,-0.1256,-0.1256
15.8952,pi,6.2800,0.0000,-0.1256,-0.1256
15.9002,pi,6.2800,0.0000,-0.1256,-0.1256
15.9059,pi,6.2800,0.0000,-0.1256,-0.1256
15.9112,pi,6.2800,0.0000,-0.1256,-0.1256
15.9153,pi,6.2800,0.0000,-0.1256,-0.1256
15.9202,pi,6.2800,0.0000,-0.1256,-0.1256
15.9252,pi,6.2800,0.0000,-0.1256,-0.1256
15.9302,pi,6.2800,0.0000,-0.1256,-0.1256
15.9352,pi,6.2800,0.0000,-0.1256,-0.1256
15.9402,pi,6.2800,0.0000,-0.1256,-0.1256
15.9452,pi,6.2800,0.0000,-0.1256,-0.1256
15.9501,pi,6.2800,0.0000,-0.1256,-0.1256
15.9552,pi,6.2800,0.0000,-0.1256,-0.1256
15.9602,pi,6.2800,0.0000,-0.1256,-0.1256
15.9652,pi,6.2800,0.0000,-0.1256,-0.1256
15.9702,pi,6.2800,0.0000,-0.1256,-0.1256
15.9752,pi,6.2800,0.0000,-0.1256,-0.1256
15.9801,pi,6.2800,0.0000,-0.1256,-0.1256
15.9852,pi,6.2800,0.0000,-0.1256,-0.1256
15.9901,pi,6.2800,0.0000,-0.1256,-0.1256
15.9952,pi,6.2800,0.0000,-0.1256,-0.1256
16.0002,pi,6.2800,0.0000,-0.1256,-0.1256
16.0052,pi,6.2800,0.0000,-0.1256,-0.1256
16.0102,pi,6.2800,0.0000,-0.1256,-0.1256
16.0152,pi,6.2800,0.0000,-0.1256,-0.1256
16.0201,pi,6.2800,0.0000,-0.1256,-0.1256
16.0252,pi,6.2800,0.0000,-0.1256,-0.1256
16.0302,pi,6.2800,0.0000,-0.1256,-0.1256
16.0352,pi,6.2800,0.0000,-0.1256,-0.1256
16.0402,pi,6.2800,0.0000,-0.1256,-0.1256
16.0451,pi,6.2800,0.0000,-0.1256,-0.1256
16.0502,pi,6.2800,0.0000,-0.1256,-0.1256
16.0551,pi,6.2800,0.0000,-0.1256,-0.1256
16.0602,pi,6.2800,0.0000,-0.1256,-0.1256
16.0652,pi,6.2800,0.0000,-0.1256,-0.1256
16.0702,pi,6.2800,0.0000,-0.1256,-0.1256
16.0751,pi,6.2800,0.0000,-0.1256,-0.1256
16.0802,pi,6.2800,0.0000,-0.1256,-0.1256
16.0852,pi,6.2800,0.0000,-0.1256,-0.1256
16.0903,pi,6.2800,0.0000,-0.1256,-0.1256
16.0953,pi,6.2800,0.0000,-0.1256,-0.1256
16.1001,pi,6.2800,0.0000,-0.1256,-0.1256
16.1052,pi,6.2800,0.0000,-0.1256,-0.1256
16.1102,pi,6.2800,0.0000,-0.1256,-0.1256
16.1152,pi,6.2800,0.0000,-0.1256,-0.1256
16.1202,pi,6.2800,0.0000,-0.1256,-0.1256
16.1252,pi,6.2800,0.0000,-0.1256,-0.1256
16.1302,pi,6.2800,0.0000,-0.1256,-0.1256
16.1353,pi,6.2800,0.0000,-0.1256,-0.1256
16.1405,pi,6.2800,0.0000,-0.1256,-0.1256
16.1453,pi,6.2800,0.0000,-0.1256,-0.1256
16.1506,pi,6.2800,0.0000,-0.1256,-0.1256
16.1557,pi,6.2800,0.0000,-0.1256,-0.1256
16.1609,pi,6.2800,0.0000,-0.1256,-0.1256
16.1653,pi,6.2800,0.0000,-0.1256,-0.1256
16.1701,pi,6.2800,0.0000,-0.1256,-0.1256
16.1751,pi,6.2800,0.0000,-0.1256,-0.1256
16.1802,pi,6.2800,0.0000,-0.1256,-0.1256
16.1852,pi,6.2800,0.0000,-0.1256,-0.1256
16.1901,pi,6.2800,0.0000,-0.1256,-0.1256
16.1951,pi,6.2800,0.0000,-0.1256,-0.1256
16.2001,pi,6.2800,0.0000,-0.1256,-0.1256
16.2051,pi,6.2800,0.0000,-0.1256,-0.1256
16.2102,pi,6.2800,0.0000,-0.1256,-0.1256
16.2151,pi,6.2800,0.0000,-0.1256,-0.1256
16.2203,pi,6.2800,0.0000,-0.1256,-0.1256
16.2252,pi,6.2800,0.0000,-0.1256,-0.1256
16.2302,pi,6.2800,0.0000,-0.1256,-0.1256
16.2352,pi,6.2800,0.0000,-0.1256,-0.1256
16.2401,pi,6.2800,0.0000,-0.1256,-0.1256
16.2452,pi,6.2800,0.0000,-0.1256,-0.1256
16.2502,pi,6.2800,0.0000,-0.1256,-0.1256
16.2555,pi,6.2800,0.0000,-0.1256,-0.1256
16.2602,pi,6.2800,0.0000,-0.1256,-0.1256
16.2654,pi,6.2800,0.0000,-0.1256,-0.1256
16.2703,pi,6.2800,0.0000,-0.1256,-0.1256
16.2752,pi,6.2800,0.0000,-0.1256,-0.1256
16.2802,pi,6.2800,0.0000,-0.1256,-0.1256
16.2852,pi,6.2800,0.0000,-0.1256,-0.1256
16.2902,pi,6.2800,0.0000,-0.1256,-0.1256
16.2951,pi,6.2800,0.0000,-0.1256,-0.1256
16.3002,pi,6.2800,0.0000,-0.1256,-0.1256
16.3052,pi,6.2800,0.0000,-0.1256,-0.1256
16.3102,pi,6.2800,0.0000,-0.1256,-0.1256
16.3151,pi,6.2800,0.0000,-0.1256,-0.1256
16.3201,pi,6.2800,0.0000,-0.1256,-0.1256
16.3251,pi,6.2800,0.0000,-0.1256,-0.1256
16.3301,pi,6.2800,0.0000,-0.1256,-0.1256
16.3351,pi,6.2800,0.0000,-0.1256,-0.1256
16.3402,pi,6.2800,0.0000,-0.1256,-0.1256
16.3451,pi,6.2800,0.0000,-0.1256,-0.1256
16.3502,pi,6.2800,0.0000,-0.1256,-0.1256
16.3553,pi,6.2800,0.0000,-0.1256,-0.1256
16.3602,pi,6.2800,0.0000,-0.1256,-0.1256
16.3653,pi,6.2800,0.0000,-0.1256,-0.1256
16.3702,pi,6.2800,0.0000,-0.1256,-0.1256
16.3754,pi,6.2800,0.0000,-0.1256,-0.1256
16.3804,pi,6.2800,0.0000,-0.1256,-0.1256
16.3854,pi,6.2800,0.0000,-0.1256,-0.1256
16.3901,pi,6.2800,0.0000,-0.1256,-0.1256
16.3955,pi,6.2800,0.0000,-0.1256,-0.1256
16.4003,pi,6.2800,0.0000,-0.1256,-0.1256
16.4051,pi,6.2800,0.0000,-0.1256,-0.1256
16.4102,pi,6.2800,0.0000,-0.1256,-0.1256
16.4151,pi,6.2800,0.0000,-0.1256,-0.1256
16.4202,pi,6.2800,0.0000,-0.1256,-0.1256
16.4251,pi,6.2800,0.0000,-0.1256,-0.1256
16.4301,pi,6.2800,0.0000,-0.1256,-0.1256
16.4352,pi,6.2800,0.0000,-0.1256,-0.1256
16.4402,pi,6.2800,0.0000,-0.1256,-0.1256
16.4451,pi,6.2800,0.0000,-0.1256,-0.1256
16.4502,pi,6.2800,0.0000,-0.1256,-0.1256
16.4551,pi,6.2800,0.0000,-0.1256,-0.1256
16.4602,pi,6.2800,0.0000,-0.1256,-0.1256
16.4652,pi,6.2800,0.0000,-0.1256,-0.1256
16.4701,pi,6.2800,0.0000,-0.1256,-0.1256
16.4752,pi,6.2800,0.0000,-0.1256,-0.1256
16.4802,pi,6.2800,0.0000,-0.1256,-0.1256
16.4852,pi,6.2800,0.0000,-0.1256,-0.1256
16.4901,pi,6.2800,0.0000,-0.1256,-0.1256
16.4951,pi,6.2800,0.0000,-0.1256,-0.1256
16.5001,pi,6.2800,0.0000,-0.1256,-0.1256
16.5052,pi,6.2800,0.0000,-0.1256,-0.1256
16.5101,pi,6.2800,0.0000,-0.1256,-0.1256
16.5152,pi,6.2800,0.0000,-0.1256,-0.1256
16.5201,pi,6.2800,0.0000,-0.1256,-0.1256
16.5252,pi,6.2800,0.0000,-0.1256,-0.1256
16.5301,pi,6.2800,0.0000,-0.1256,-0.1256
16.5351,pi,6.2800,0.0000,-0.1256,-0.1256
16.5401,pi,6.2800,0.0000,-0.1256,-0.1256
16.5451,pi,6.2800,0.0000,-0.1256,-0.1256
16.5501,pi,6.2800,0.0000,-0.1256,-0.1256
16.5553,pi,6.2800,0.0000,-0.1256,-0.1256
