t_s,mode,target_rad_s,speed_rad_s,u,u_unsaturated
0.0902,coast,6.2800,0.0000,0.0000,0.0000
0.0922,pi,6.2800,0.0000,0.1256,0.1256
0.0971,pi,6.2800,0.0000,0.1272,0.1272
0.1011,pi,6.2800,0.0000,0.1287,0.1287
0.1052,pi,6.2800,0.0000,0.1303,0.1303
0.1094,pi,6.2800,0.0000,0.1319,0.1319
0.1131,pi,6.2800,0.0835,0.1318,0.1318
0.1169,pi,6.2800,0.2103,0.1308,0.1308
0.1206,pi,6.2800,0.3564,0.1294,0.1294
0.1246,pi,6.2800,0.5083,0.1278,0.1278
0.1286,pi,6.2800,0.7079,0.1253,0.1253
0.1323,pi,6.2800,0.9689,0.1215,0.1215
0.1362,pi,6.2800,1.2266,0.1176,0.1176
0.1401,pi,6.2800,1.5336,0.1128,0.1128
0.1439,pi,6.2800,1.8211,0.1082,0.1082
0.1477,pi,6.2800,2.1427,0.1029,0.1029
0.1515,pi,6.2800,2.4901,0.0970,0.0970
0.1553,pi,6.2800,2.8147,0.0914,0.0914
0.1603,pi,6.2800,3.1576,0.0854,0.0854
0.1653,pi,6.2800,3.4395,0.0806,0.0806
0.1706,pi,6.2800,3.7073,0.0759,0.0759
0.1765,pi,6.2800,3.9226,0.0723,0.0723
0.1811,pi,6.2800,4.1400,0.0685,0.0685
0.1860,pi,6.2800,4.3168,0.0655,0.0655
0.1916,pi,6.2800,4.4070,0.0642,0.0642
0.1984,pi,6.2800,4.4792,0.0632,0.0632
0.2045,pi,6.2800,4.5357,0.0626,0.0626
0.2095,pi,6.2800,4.5823,0.0621,0.0621
0.2145,pi,6.2800,4.5659,0.0628,0.0628
0.2189,pi,6.2800,4.5569,0.0634,0.0634
0.2230,pi,6.2800,4.5001,0.0650,0.0650
0.2268,pi,6.2800,4.4685,0.0661,0.0661
0.2307,pi,6.2800,4.3993,0.0679,0.0679
0.2356,pi,6.2800,4.3418,0.0695,0.0695
0.2405,pi,6.2800,4.2519,0.0718,0.0718
0.2461,pi,6.2800,4.2241,0.0729,0.0729
0.2514,pi,6.2800,4.1575,0.0747,0.0747
0.2559,pi,6.2800,4.1046,0.0763,0.0763
0.2604,pi,6.2800,4.0600,0.0777,0.0777
0.2653,pi,6.2800,4.0283,0.0789,0.0789
0.2703,pi,6.2800,4.0001,0.0800,0.0800
0.2753,pi,6.2800,4.0230,0.0802,0.0802
0.2803,pi,6.2800,4.0412,0.0804,0.0804
0.2853,pi,6.2800,4.0555,0.0806,0.0806
0.2904,pi,6.2800,4.0676,0.0809,0.0809
0.2954,pi,6.2800,4.1226,0.0804,0.0804
0.3004,pi,6.2800,4.1668,0.0800,0.0800
0.3053,pi,6.2800,4.2023,0.0799,0.0799
0.3104,pi,6.2800,4.2301,0.0798,0.0798
0.3154,pi,6.2800,4.2889,0.0792,0.0792
0.3204,pi,6.2800,4.2855,0.0797,0.0797
0.3253,pi,6.2800,4.2827,0.0803,0.0803
0.3303,pi,6.2800,4.2805,0.0808,0.0808
0.3354,pi,6.2800,4.2788,0.0814,0.0814
0.3404,pi,6.2800,4.2772,0.0819,0.0819
0.3453,pi,6.2800,4.2761,0.0824,0.0824
0.3503,pi,6.2800,4.2890,0.0827,0.0827
0.3553,pi,6.2800,4.2539,0.0839,0.0839
0.3603,pi,6.2800,4.2714,0.0840,0.0840
0.3653,pi,6.2800,4.2855,0.0842,0.0842
0.3703,pi,6.2800,4.2968,0.0845,0.0845
0.3753,pi,6.2800,4.3059,0.0848,0.0848
0.3803,pi,6.2800,4.3132,0.0852,0.0852
0.3853,pi,6.2800,4.3187,0.0856,0.0856
0.3903,pi,6.2800,4.3689,0.0850,0.0850
0.3953,pi,6.2800,4.4093,0.0847,0.0847
0.4003,pi,6.2800,4.4416,0.0845,0.0845
0.4055,pi,6.2800,4.4580,0.0847,0.0847
0.4104,pi,6.2800,4.4708,0.0849,0.0849
0.4153,pi,6.2800,4.4905,0.0849,0.0849
0.4203,pi,6.2800,4.5063,0.0851,0.0851
0.4254,pi,6.2800,4.5601,0.0844,0.0844
0.4303,pi,6.2800,4.6077,0.0839,0.0839
0.4354,pi,6.2800,4.6000,0.0845,0.0845
0.4403,pi,6.2800,4.5847,0.0852,0.0852
0.4453,pi,6.2800,4.5724,0.0859,0.0859
0.4503,pi,6.2800,4.5626,0.0865,0.0865
0.4553,pi,6.2800,4.5639,0.0869,0.0869
0.4611,pi,6.2800,4.6062,0.0865,0.0865
0.4665,pi,6.2800,4.6388,0.0862,0.0862
0.4713,pi,6.2800,4.6649,0.0861,0.0861
0.4760,pi,6.2800,4.6355,0.0871,0.0871
0.4819,pi,6.2800,4.6108,0.0880,0.0880
0.4884,pi,6.2800,4.6401,0.0879,0.0879
0.4935,pi,6.2800,4.6644,0.0878,0.0878
0.4985,pi,6.2800,4.6848,0.0878,0.0878
0.5031,pi,6.2800,4.7022,0.0878,0.0878
0.5088,pi,6.2800,4.7164,0.0879,0.0879
0.5137,pi,6.2800,4.7171,0.0883,0.0883
0.5188,pi,6.2800,4.7195,0.0887,0.0887
0.5234,pi,6.2800,4.6924,0.0896,0.0896
0.5303,pi,6.2800,4.7528,0.0888,0.0888
0.5368,pi,6.2800,4.7563,0.0891,0.0891
0.5412,pi,6.2800,4.7636,0.0893,0.0893
0.5456,pi,6.2800,4.7729,0.0895,0.0895
0.5500,pi,6.2800,4.7794,0.0898,0.0898
0.5540,pi,6.2800,4.7776,0.0902,0.0902
0.5579,pi,6.2800,4.7769,0.0906,0.0906
0.5617,pi,6.2800,4.7814,0.0909,0.0909
0.5657,pi,6.2800,4.7959,0.0909,0.0909
0.5719,pi,6.2800,4.8416,0.0904,0.0904
0.5765,pi,6.2800,4.8783,0.0900,0.0900
0.5816,pi,6.2800,4.8722,0.0905,0.0905
0.5867,pi,6.2800,4.9043,0.0902,0.0902
0.5932,pi,6.2800,4.9278,0.0901,0.0901
0.5992,pi,6.2800,4.9471,0.0900,0.0900
0.6038,pi,6.2800,4.9627,0.0901,0.0901
0.6087,pi,6.2800,4.9743,0.0902,0.0902
0.6134,pi,6.2800,4.9776,0.0904,0.0904
0.6181,pi,6.2800,4.9861,0.0906,0.0906
0.6222,pi,6.2800,4.9937,0.0907,0.0907
0.6261,pi,6.2800,5.0021,0.0909,0.0909
0.6307,pi,6.2800,5.0074,0.0911,0.0911
0.6353,pi,6.2800,5.0125,0.0913,0.0913
0.6405,pi,6.2800,5.0165,0.0916,0.0916
0.6453,pi,6.2800,5.0206,0.0918,0.0918
0.6503,pi,6.2800,5.0228,0.0921,0.0921
0.6559,pi,6.2800,5.0242,0.0923,0.0923
0.6607,pi,6.2800,5.0259,0.0926,0.0926
0.6654,pi,6.2800,5.0326,0.0928,0.0928
0.6704,pi,6.2800,5.0318,0.0931,0.0931
0.6753,pi,6.2800,5.0311,0.0935,0.0935
0.6807,pi,6.2800,5.0304,0.0938,0.0938
0.6858,pi,6.2800,5.0293,0.0941,0.0941
0.6905,pi,6.2800,5.0276,0.0945,0.0945
0.6953,pi,6.2800,5.0277,0.0948,0.0948
0.7003,pi,6.2800,5.0277,0.0951,0.0951
0.7053,pi,6.2800,5.0733,0.0945,0.0945
0.7103,pi,6.2800,5.1102,0.0941,0.0941
0.7155,pi,6.2800,5.1394,0.0938,0.0938
0.7203,pi,6.2800,5.1627,0.0936,0.0936
0.7256,pi,6.2800,5.1857,0.0934,0.0934
0.7306,pi,6.2800,5.2038,0.0933,0.0933
0.7352,pi,6.2800,5.2138,0.0934,0.0934
0.7405,pi,6.2800,5.2222,0.0935,0.0935
0.7454,pi,6.2800,5.2328,0.0935,0.0935
0.7504,pi,6.2800,5.2416,0.0936,0.0936
0.7553,pi,6.2800,5.1984,0.0947,0.0947
0.7603,pi,6.2800,5.2142,0.0947,0.0947
0.7657,pi,6.2800,5.2268,0.0947,0.0947
0.7703,pi,6.2800,5.2369,0.0948,0.0948
0.7753,pi,6.2800,5.2450,0.0949,0.0949
0.7802,pi,6.2800,5.2471,0.0951,0.0951
0.7853,pi,6.2800,5.2489,0.0953,0.0953
0.7903,pi,6.2800,5.2502,0.0955,0.0955
0.7953,pi,6.2800,5.2514,0.0958,0.0958
0.8004,pi,6.2800,5.2523,0.0960,0.0960
0.8054,pi,6.2800,5.2572,0.0962,0.0962
0.8104,pi,6.2800,5.2109,0.0974,0.0974
0.8153,pi,6.2800,5.1739,0.0984,0.0984
0.8203,pi,6.2800,5.1447,0.0992,0.0992
0.8253,pi,6.2800,5.1669,0.0991,0.0991
0.8303,pi,6.2800,5.1890,0.0989,0.0989
0.8354,pi,6.2800,5.2068,0.0988,0.0988
0.8403,pi,6.2800,5.2209,0.0988,0.0988
0.8453,pi,6.2800,5.2734,0.0980,0.0980
0.8504,pi,6.2800,5.3155,0.0974,0.0974
0.8554,pi,6.2800,5.3491,0.0970,0.0970
0.8607,pi,6.2800,5.3843,0.0965,0.0965
0.8657,pi,6.2800,5.4128,0.0962,0.0962
0.8709,pi,6.2800,5.4359,0.0959,0.0959
0.8756,pi,6.2800,5.4040,0.0968,0.0968
0.8803,pi,6.2800,5.3788,0.0975,0.0975
0.8852,pi,6.2800,5.3999,0.0973,0.0973
0.8904,pi,6.2800,5.4169,0.0972,0.0972
0.8954,pi,6.2800,5.4305,0.0971,0.0971
0.9004,pi,6.2800,5.3954,0.0980,0.0980
0.9054,pi,6.2800,5.3676,0.0988,0.0988
0.9103,pi,6.2800,5.3912,0.0986,0.0986
0.9153,pi,6.2800,5.4111,0.0984,0.0984
0.9203,pi,6.2800,5.4262,0.0983,0.0983
0.9254,pi,6.2800,5.4380,0.0983,0.0983
0.9303,pi,6.2800,5.4476,0.0983,0.0983
0.9353,pi,6.2800,5.4639,0.0982,0.0982
0.9403,pi,6.2800,5.4677,0.0983,0.0983
0.9453,pi,6.2800,5.4709,0.0985,0.0985
0.9504,pi,6.2800,5.4822,0.0984,0.0984
0.9554,pi,6.2800,5.4915,0.0985,0.0985
0.9603,pi,6.2800,5.4988,0.0985,0.0985
0.9652,pi,6.2800,5.4958,0.0988,0.0988
0.9703,pi,6.2800,5.4934,0.0990,0.0990
0.9754,pi,6.2800,5.4914,0.0992,0.0992
0.9807,pi,6.2800,5.4981,0.0993,0.0993
0.9872,pi,6.2800,5.4599,0.1003,0.1003
0.9920,pi,6.2800,5.4693,0.1004,0.1004
0.9969,pi,6.2800,5.4799,0.1003,0.1003
1.0020,pi,6.2800,5.4891,0.1003,0.1003
1.0066,pi,6.2800,5.4958,0.1004,0.1004
1.0114,pi,6.2800,5.5009,0.1005,0.1005
1.0154,pi,6.2800,5.5055,0.1006,0.1006
1.0205,pi,6.2800,5.5094,0.1007,0.1007
1.0254,pi,6.2800,5.5127,0.1008,0.1008
1.0303,pi,6.2800,5.5522,0.1002,0.1002
1.0354,pi,6.2800,5.5846,0.0997,0.0997
1.0405,pi,6.2800,5.5992,0.0996,0.0996
1.0455,pi,6.2800,5.6353,0.0991,0.0991
1.0504,pi,6.2800,5.6514,0.0989,0.0989
1.0554,pi,6.2800,5.6643,0.0988,0.0988
1.0604,pi,6.2800,5.6747,0.0987,0.0987
1.0662,pi,6.2800,5.6373,0.0996,0.0996
1.0706,pi,6.2800,5.6658,0.0992,0.0992
1.0758,pi,6.2800,5.6885,0.0989,0.0989
1.0806,pi,6.2800,5.6558,0.0997,0.0997
1.0855,pi,6.2800,5.6294,0.1004,0.1004
1.0904,pi,6.2800,5.6590,0.1000,0.1000
1.0961,pi,6.2800,5.6173,0.1010,0.1010
1.1009,pi,6.2800,5.6007,0.1015,0.1015
1.1064,pi,6.2800,5.5855,0.1020,0.1020
1.1112,pi,6.2800,5.6233,0.1014,0.1014
1.1156,pi,6.2800,5.6542,0.1009,0.1009
1.1205,pi,6.2800,5.6659,0.1008,0.1008
1.1255,pi,6.2800,5.6295,0.1017,0.1017
1.1303,pi,6.2800,5.6466,0.1015,0.1015
1.1353,pi,6.2800,5.6606,0.1014,0.1014
1.1403,pi,6.2800,5.6722,0.1013,0.1013
1.1455,pi,6.2800,5.6345,0.1022,0.1022
1.1504,pi,6.2800,5.6632,0.1018,0.1018
1.1552,pi,6.2800,5.6737,0.1018,0.1018
1.1604,pi,6.2800,5.6825,0.1018,0.1018
1.1653,pi,6.2800,5.6440,0.1027,0.1027
1.1703,pi,6.2800,5.6583,0.1025,0.1025
1.1753,pi,6.2800,5.6694,0.1025,0.1025
1.1804,pi,6.2800,5.6786,0.1024,0.1024
1.1853,pi,6.2800,5.6483,0.1032,0.1032
1.1905,pi,6.2800,5.6742,0.1028,0.1028
1.1953,pi,6.2800,5.6814,0.1029,0.1029
1.2003,pi,6.2800,5.7337,0.1020,0.1020
1.2053,pi,6.2800,5.7310,0.1021,0.1021
1.2104,pi,6.2800,5.7407,0.1021,0.1021
1.2162,pi,6.2800,5.7480,0.1021,0.1021
1.2226,pi,6.2800,5.7523,0.1021,0.1021
1.2277,pi,6.2800,5.7567,0.1022,0.1022
1.2330,pi,6.2800,5.7602,0.1022,0.1022
1.2406,pi,6.2800,5.7613,0.1023,0.1023
1.2472,pi,6.2800,5.7615,0.1025,0.1025
1.2525,pi,6.2800,5.7633,0.1026,0.1026
1.2579,pi,6.2800,5.7162,0.1036,0.1036
1.2643,pi,6.2800,5.7277,0.1035,0.1035
1.2695,pi,6.2800,5.7366,0.1035,0.1035
1.2745,pi,6.2800,5.7449,0.1035,0.1035
1.2815,pi,6.2800,5.7520,0.1035,0.1035
1.2883,pi,6.2800,5.6576,0.1055,0.1055
1.2932,pi,6.2800,5.5776,0.1072,0.1072
1.2993,pi,6.2800,5.5128,0.1087,0.1087
1.3048,pi,6.2800,5.5087,0.1090,0.1090
1.3100,pi,6.2800,5.4364,0.1106,0.1106
1.3149,pi,6.2800,5.4189,0.1113,0.1113
1.3224,pi,6.2800,5.4311,0.1112,0.1112
1.3292,pi,6.2800,5.4003,0.1120,0.1120
1.3341,pi,6.2800,5.3753,0.1127,0.1127
1.3395,pi,6.2800,5.3536,0.1134,0.1134
1.3447,pi,6.2800,5.4362,0.1119,0.1119
1.3510,pi,6.2800,5.4455,0.1120,0.1120
1.3561,pi,6.2800,5.4842,0.1114,0.1114
1.3612,pi,6.2800,5.4539,0.1123,0.1123
1.3682,pi,6.2800,5.4594,0.1123,0.1123
1.3752,pi,6.2800,5.4726,0.1122,0.1122
1.3805,pi,6.2800,5.3996,0.1139,0.1139
1.3876,pi,6.2800,5.3686,0.1150,0.1150
1.3925,pi,6.2800,5.3505,0.1156,0.1156
1.3982,pi,6.2800,5.3325,0.1162,0.1162
1.4052,pi,6.2800,5.3713,0.1156,0.1156
1.4135,pi,6.2800,5.3620,0.1160,0.1160
1.4194,pi,6.2800,5.3496,0.1168,0.1168
1.4245,pi,6.2800,5.3317,0.1173,0.1173
1.4300,pi,6.2800,5.3776,0.1166,0.1166
1.4342,pi,6.2800,5.4296,0.1159,0.1159
1.4384,pi,6.2800,5.3941,0.1167,0.1167
1.4426,pi,6.2800,5.3709,0.1175,0.1175
1.4469,pi,6.2800,5.3511,0.1181,0.1181
1.4510,pi,6.2800,5.3798,0.1177,0.1177
1.4551,pi,6.2800,5.4013,0.1175,0.1175
1.4592,pi,6.2800,5.4528,0.1167,0.1167
1.4633,pi,6.2800,5.5900,0.1142,0.1142
1.4675,pi,6.2800,5.6621,0.1129,0.1129
1.4717,pi,6.2800,5.7638,0.1110,0.1110
1.4758,pi,6.2800,5.8462,0.1095,0.1095
1.4799,pi,6.2800,5.8660,0.1092,0.1092
1.4839,pi,6.2800,6.0284,0.1061,0.1061
1.4880,pi,6.2800,6.1078,0.1045,0.1045
1.4921,pi,6.2800,6.2124,0.1025,0.1025
1.4964,pi,6.2800,6.3235,0.1003,0.1003
1.5008,pi,6.2800,6.3632,0.0995,0.0995
1.5057,pi,6.2800,6.3973,0.0988,0.0988
1.5099,pi,6.2800,6.3972,0.0988,0.0988
1.5140,pi,6.2800,6.3240,0.1003,0.1003
1.5180,pi,6.2800,6.2476,0.1018,0.1018
1.5222,pi,6.2800,6.1395,0.1040,0.1040
1.5264,pi,6.2800,6.0680,0.1054,0.1054
1.5304,pi,6.2800,5.9965,0.1069,0.1069
1.5344,pi,6.2800,5.9394,0.1081,0.1081
1.5385,pi,6.2800,5.8940,0.1091,0.1091
1.5426,pi,6.2800,5.8193,0.1107,0.1107
1.5467,pi,6.2800,5.7981,0.1112,0.1112
1.5508,pi,6.2800,5.7440,0.1125,0.1125
1.5555,pi,6.2800,5.8015,0.1114,0.1114
1.5605,pi,6.2800,5.8474,0.1106,0.1106
1.5654,pi,6.2800,5.9116,0.1095,0.1095
1.5705,pi,6.2800,5.9354,0.1091,0.1091
1.5754,pi,6.2800,5.9542,0.1088,0.1088
1.5804,pi,6.2800,6.0198,0.1076,0.1076
1.5854,pi,6.2800,6.0497,0.1070,0.1070
1.5904,pi,6.2800,6.0738,0.1066,0.1066
1.5954,pi,6.2800,6.0653,0.1068,0.1068
1.6004,pi,6.2800,6.0401,0.1074,0.1074
1.6054,pi,6.2800,6.0660,0.1069,0.1069
1.6104,pi,6.2800,6.0411,0.1075,0.1075
1.6154,pi,6.2800,6.0392,0.1076,0.1076
1.6203,pi,6.2800,6.0193,0.1080,0.1080
1.6254,pi,6.2800,6.0035,0.1084,0.1084
1.6304,pi,6.2800,6.0372,0.1078,0.1078
1.6354,pi,6.2800,6.0180,0.1083,0.1083
1.6404,pi,6.2800,6.0208,0.1083,0.1083
1.6453,pi,6.2800,6.0047,0.1086,0.1086
1.6504,pi,6.2800,6.0376,0.1081,0.1081
1.6554,pi,6.2800,6.0364,0.1081,0.1081
1.6604,pi,6.2800,6.0857,0.1072,0.1072
1.6654,pi,6.2800,6.1025,0.1069,0.1069
1.6704,pi,6.2800,6.0702,0.1076,0.1076
1.6753,pi,6.2800,6.0904,0.1073,0.1073
1.6803,pi,6.2800,6.1066,0.1070,0.1070
1.6853,pi,6.2800,6.1192,0.1068,0.1068
1.6904,pi,6.2800,6.1292,0.1066,0.1066
1.6953,pi,6.2800,6.1373,0.1065,0.1065
1.7004,pi,6.2800,6.1438,0.1064,0.1064
1.7053,pi,6.2800,6.1490,0.1063,0.1063
1.7104,pi,6.2800,6.1532,0.1063,0.1063
1.7154,pi,6.2800,6.1288,0.1068,0.1068
1.7203,pi,6.2800,6.1370,0.1067,0.1067
1.7254,pi,6.2800,6.1157,0.1071,0.1071
1.7304,pi,6.2800,6.1491,0.1065,0.1065
1.7353,pi,6.2800,6.1256,0.1070,0.1070
1.7404,pi,6.2800,6.1066,0.1074,0.1074
1.7453,pi,6.2800,6.0916,0.1078,0.1078
1.7504,pi,6.2800,6.0795,0.1081,0.1081
1.7553,pi,6.2800,6.0699,0.1083,0.1083
1.7604,pi,6.2800,6.0622,0.1085,0.1085
1.7654,pi,6.2800,6.0377,0.1091,0.1091
1.7705,pi,6.2800,6.0359,0.1092,0.1092
1.7753,pi,6.2800,6.0850,0.1082,0.1082
1.7804,pi,6.2800,6.0743,0.1085,0.1085
1.7854,pi,6.2800,6.0658,0.1087,0.1087
1.7904,pi,6.2800,6.0863,0.1084,0.1084
1.7954,pi,6.2800,6.0752,0.1086,0.1086
1.8003,pi,6.2800,6.0939,0.1083,0.1083
1.8057,pi,6.2800,6.0795,0.1086,0.1086
1.8108,pi,6.2800,6.1195,0.1079,0.1079
1.8155,pi,6.2800,6.1521,0.1073,0.1073
1.8203,pi,6.2800,6.2012,0.1063,0.1063
1.8255,pi,6.2800,6.1670,0.1070,0.1070
1.8304,pi,6.2800,6.1397,0.1076,0.1076
1.8354,pi,6.2800,6.1455,0.1075,0.1075
1.8404,pi,6.2800,6.1723,0.1070,0.1070
1.8453,pi,6.2800,6.1716,0.1071,0.1071
1.8504,pi,6.2800,6.1433,0.1077,0.1077
1.8554,pi,6.2800,6.1485,0.1076,0.1076
1.8605,pi,6.2800,6.1754,0.1071,0.1071
1.8663,pi,6.2800,6.1955,0.1067,0.1067
1.8706,pi,6.2800,6.1624,0.1074,0.1074
1.8752,pi,6.2800,6.1639,0.1074,0.1074
1.8803,pi,6.2800,6.1656,0.1074,0.1074
1.8853,pi,6.2800,6.2126,0.1065,0.1065
1.8904,pi,6.2800,6.2039,0.1067,0.1067
1.8955,pi,6.2800,6.1521,0.1077,0.1077
1.9006,pi,6.2800,6.1556,0.1077,0.1077
1.9063,pi,6.2800,6.1802,0.1072,0.1072
1.9114,pi,6.2800,6.1501,0.1079,0.1079
1.9160,pi,6.2800,6.1070,0.1087,0.1087
1.9205,pi,6.2800,6.1205,0.1085,0.1085
1.9254,pi,6.2800,6.1028,0.1089,0.1089
1.9302,pi,6.2800,6.1162,0.1087,0.1087
1.9354,pi,6.2800,6.0993,0.1091,0.1091
1.9403,pi,6.2800,6.0856,0.1094,0.1094
1.9455,pi,6.2800,6.1251,0.1086,0.1086
1.9503,pi,6.2800,6.1062,0.1091,0.1091
1.9553,pi,6.2800,6.1187,0.1089,0.1089
1.9605,pi,6.2800,6.0834,0.1096,0.1096
1.9663,pi,6.2800,6.1008,0.1093,0.1093
1.9714,pi,6.2800,6.0863,0.1096,0.1096
1.9763,pi,6.2800,6.1247,0.1089,0.1089
1.9814,pi,6.2800,6.1047,0.1094,0.1094
1.9862,pi,6.2800,6.1394,0.1087,0.1087
1.9911,pi,6.2800,6.1673,0.1082,0.1082
1.9957,pi,6.2800,6.1900,0.1078,0.1078
2.0002,pi,6.2800,6.1858,0.1079,0.1079
2.0053,pi,6.2800,6.1828,0.1079,0.1079
2.0104,pi,6.2800,6.1802,0.1080,0.1080
2.0153,pi,6.2800,6.2243,0.1072,0.1072
2.0204,pi,6.2800,6.2138,0.1074,0.1074
2.0253,pi,6.2800,6.2057,0.1076,0.1076
2.0304,pi,6.2800,6.1993,0.1077,0.1077
2.0355,pi,6.2800,6.2401,0.1069,0.1069
2.0403,pi,6.2800,6.2263,0.1072,0.1072
2.0453,pi,6.2800,6.2158,0.1074,0.1074
2.0503,pi,6.2800,6.2069,0.1076,0.1076
2.0554,pi,6.2800,6.2218,0.1073,0.1073
2.0604,pi,6.2800,6.2338,0.1071,0.1071
2.0654,pi,6.2800,6.1932,0.1079,0.1079
2.0703,pi,6.2800,6.2111,0.1076,0.1076
2.0753,pi,6.2800,6.2026,0.1078,0.1078
2.0804,pi,6.2800,6.2174,0.1075,0.1075
2.0853,pi,6.2800,6.2077,0.1077,0.1077
2.0904,pi,6.2800,6.1719,0.1085,0.1085
2.0953,pi,6.2800,6.1715,0.1085,0.1085
2.1004,pi,6.2800,6.1430,0.1091,0.1091
2.1054,pi,6.2800,6.1707,0.1086,0.1086
2.1108,pi,6.2800,6.1409,0.1092,0.1092
2.1153,pi,6.2800,6.1689,0.1087,0.1087
2.1203,pi,6.2800,6.1691,0.1087,0.1087
2.1253,pi,6.2800,6.1692,0.1087,0.1087
2.1307,pi,6.2800,6.1685,0.1088,0.1088
2.1362,pi,6.2800,6.1402,0.1094,0.1094
2.1409,pi,6.2800,6.1681,0.1088,0.1088
2.1460,pi,6.2800,6.1902,0.1084,0.1084
2.1510,pi,6.2800,6.2084,0.1081,0.1081
2.1560,pi,6.2800,6.1727,0.1088,0.1088
2.1605,pi,6.2800,6.1719,0.1089,0.1089
2.1657,pi,6.2800,6.1436,0.1094,0.1094
2.1710,pi,6.2800,6.1705,0.1089,0.1089
2.1761,pi,6.2800,6.1423,0.1095,0.1095
2.1807,pi,6.2800,6.1704,0.1090,0.1090
2.1853,pi,6.2800,6.1706,0.1090,0.1090
2.1905,pi,6.2800,6.2166,0.1081,0.1081
2.1954,pi,6.2800,6.2077,0.1083,0.1083
2.2003,pi,6.2800,6.2006,0.1085,0.1085
2.2053,pi,6.2800,6.1950,0.1086,0.1086
2.2103,pi,6.2800,6.2365,0.1078,0.1078
2.2155,pi,6.2800,6.2232,0.1081,0.1081
2.2206,pi,6.2800,6.2583,0.1074,0.1074
2.2253,pi,6.2800,6.2413,0.1077,0.1077
2.2304,pi,6.2800,6.2732,0.1071,0.1071
2.2357,pi,6.2800,6.2728,0.1071,0.1071
2.2407,pi,6.2800,6.2248,0.1081,0.1081
2.2454,pi,6.2800,6.2138,0.1083,0.1083
2.2507,pi,6.2800,6.2256,0.1081,0.1081
2.2563,pi,6.2800,6.2330,0.1080,0.1080
2.2616,pi,6.2800,6.1911,0.1088,0.1088
2.2664,pi,6.2800,6.2087,0.1085,0.1085
2.2722,pi,6.2800,6.1704,0.1093,0.1093
2.2789,pi,6.2800,6.1901,0.1089,0.1089
2.2841,pi,6.2800,6.1547,0.1096,0.1096
2.2890,pi,6.2800,6.1115,0.1105,0.1105
2.2937,pi,6.2800,6.1445,0.1099,0.1099
2.2979,pi,6.2800,6.1214,0.1104,0.1104
2.3020,pi,6.2800,6.1302,0.1103,0.1103
2.3059,pi,6.2800,6.0941,0.1110,0.1110
2.3107,pi,6.2800,6.1125,0.1107,0.1107
2.3153,pi,6.2800,6.1255,0.1105,0.1105
2.3206,pi,6.2800,6.1343,0.1104,0.1104
2.3254,pi,6.2800,6.1435,0.1102,0.1102
2.3306,pi,6.2800,6.1506,0.1101,0.1101
2.3362,pi,6.2800,6.1570,0.1100,0.1100
2.3406,pi,6.2800,6.2056,0.1091,0.1091
2.3457,pi,6.2800,6.2708,0.1078,0.1078
2.3502,pi,6.2800,6.2968,0.1073,0.1073
2.3554,pi,6.2800,6.3179,0.1068,0.1068
2.3603,pi,6.2800,6.3342,0.1065,0.1065
2.3654,pi,6.2800,6.3015,0.1072,0.1072
2.3703,pi,6.2800,6.3209,0.1068,0.1068
2.3753,pi,6.2800,6.2912,0.1074,0.1074
2.3803,pi,6.2800,6.3129,0.1069,0.1069
2.3854,pi,6.2800,6.2851,0.1075,0.1075
2.3903,pi,6.2800,6.3083,0.1070,0.1070
2.3953,pi,6.2800,6.2811,0.1076,0.1076
2.4003,pi,6.2800,6.2611,0.1080,0.1080
2.4054,pi,6.2800,6.2151,0.1089,0.1089
2.4103,pi,6.2800,6.1602,0.1100,0.1100
2.4154,pi,6.2800,6.1619,0.1100,0.1100
2.4203,pi,6.2800,6.1861,0.1096,0.1096
2.4253,pi,6.2800,6.1826,0.1097,0.1097
2.4303,pi,6.2800,6.1802,0.1097,0.1097
2.4353,pi,6.2800,6.2005,0.1093,0.1093
2.4403,pi,6.2800,6.2167,0.1090,0.1090
2.4453,pi,6.2800,6.2298,0.1088,0.1088
2.4503,pi,6.2800,6.1897,0.1096,0.1096
2.4553,pi,6.2800,6.2083,0.1093,0.1093
2.4603,pi,6.2800,6.2007,0.1094,0.1094
2.4653,pi,6.2800,6.2400,0.1087,0.1087
2.4706,pi,6.2800,6.1978,0.1095,0.1095
2.4755,pi,6.2800,6.2146,0.1092,0.1092
2.4807,pi,6.2800,6.2280,0.1089,0.1089
2.4852,pi,6.2800,6.2617,0.1083,0.1083
2.4904,pi,6.2800,6.2157,0.1092,0.1092
2.4952,pi,6.2800,6.2064,0.1094,0.1094
2.5003,pi,6.2800,6.1989,0.1096,0.1096
2.5054,pi,6.2800,6.2156,0.1093,0.1093
2.5104,pi,6.2800,6.2285,0.1090,0.1090
2.5153,pi,6.2800,6.2394,0.1088,0.1088
2.5203,pi,6.2800,6.2252,0.1091,0.1091
2.5253,pi,6.2800,6.2601,0.1084,0.1084
2.5304,pi,6.2800,6.2421,0.1088,0.1088
2.5354,pi,6.2800,6.1999,0.1096,0.1096
2.5404,pi,6.2800,6.2164,0.1093,0.1093
2.5453,pi,6.2800,6.2296,0.1091,0.1091
2.5503,pi,6.2800,6.2402,0.1089,0.1089
2.5553,pi,6.2800,6.2259,0.1092,0.1092
2.5603,pi,6.2800,6.2148,0.1094,0.1094
2.5654,pi,6.2800,6.1780,0.1102,0.1102
2.5703,pi,6.2800,6.1985,0.1098,0.1098
2.5754,pi,6.2800,6.1651,0.1105,0.1105
2.5803,pi,6.2800,6.1659,0.1105,0.1105
2.5853,pi,6.2800,6.1665,0.1105,0.1105
2.5904,pi,6.2800,6.1898,0.1101,0.1101
2.5954,pi,6.2800,6.1580,0.1107,0.1107
2.6003,pi,6.2800,6.1602,0.1107,0.1107
2.6054,pi,6.2800,6.1847,0.1103,0.1103
2.6103,pi,6.2800,6.2042,0.1099,0.1099
2.6153,pi,6.2800,6.1969,0.1101,0.1101
2.6204,pi,6.2800,6.2373,0.1093,0.1093
2.6253,pi,6.2800,6.2243,0.1095,0.1095
2.6303,pi,6.2800,6.2593,0.1089,0.1089
2.6353,pi,6.2800,6.2412,0.1092,0.1092
2.6404,pi,6.2800,6.2725,0.1086,0.1086
2.6453,pi,6.2800,6.2519,0.1090,0.1090
2.6504,pi,6.2800,6.2815,0.1084,0.1084
2.6553,pi,6.2800,6.2590,0.1089,0.1089
2.6603,pi,6.2800,6.2870,0.1083,0.1083
2.6653,pi,6.2800,6.2635,0.1088,0.1088
2.6703,pi,6.2800,6.2673,0.1087,0.1087
2.6753,pi,6.2800,6.2474,0.1091,0.1091
2.6803,pi,6.2800,6.2777,0.1085,0.1085
2.6853,pi,6.2800,6.2559,0.1090,0.1090
2.6903,pi,6.2800,6.2842,0.1084,0.1084
2.6953,pi,6.2800,6.2612,0.1089,0.1089
2.7003,pi,6.2800,6.2150,0.1098,0.1098
2.7054,pi,6.2800,6.2056,0.1100,0.1100
2.7103,pi,6.2800,6.2209,0.1097,0.1097
2.7153,pi,6.2800,6.2332,0.1095,0.1095
2.7203,pi,6.2800,6.1930,0.1103,0.1103
2.7253,pi,6.2800,6.1882,0.1104,0.1104
2.7304,pi,6.2800,6.1567,0.1111,0.1111
2.7354,pi,6.2800,6.1803,0.1106,0.1106
2.7404,pi,6.2800,6.1506,0.1112,0.1112
2.7453,pi,6.2800,6.1769,0.1107,0.1107
2.7503,pi,6.2800,6.1752,0.1108,0.1108
2.7553,pi,6.2800,6.2197,0.1099,0.1099
2.7607,pi,6.2800,6.1817,0.1107,0.1107
2.7660,pi,6.2800,6.2016,0.1103,0.1103
2.7704,pi,6.2800,6.2178,0.1100,0.1100
2.7752,pi,6.2800,6.2538,0.1093,0.1093
2.7803,pi,6.2800,6.2371,0.1097,0.1097
2.7853,pi,6.2800,6.2694,0.1090,0.1090
2.7904,pi,6.2800,6.2507,0.1094,0.1094
2.7954,pi,6.2800,6.2570,0.1093,0.1093
2.8003,pi,6.2800,6.2620,0.1092,0.1092
2.8054,pi,6.2800,6.2660,0.1091,0.1091
2.8103,pi,6.2800,6.2466,0.1095,0.1095
2.8153,pi,6.2800,6.2773,0.1089,0.1089
2.8204,pi,6.2800,6.2784,0.1089,0.1089
2.8254,pi,6.2800,6.2789,0.1089,0.1089
2.8306,pi,6.2800,6.3289,0.1079,0.1079
2.8361,pi,6.2800,6.3189,0.1081,0.1081
2.8405,pi,6.2800,6.2888,0.1087,0.1087
2.8453,pi,6.2800,6.3108,0.1082,0.1082
2.8503,pi,6.2800,6.3555,0.1074,0.1074
2.8552,pi,6.2800,6.3643,0.1072,0.1072
2.8603,pi,6.2800,6.3256,0.1080,0.1080
2.8653,pi,6.2800,6.3403,0.1077,0.1077
2.8704,pi,6.2800,6.3057,0.1084,0.1084
2.8753,pi,6.2800,6.3241,0.1080,0.1080
2.8805,pi,6.2800,6.2928,0.1086,0.1086
2.8856,pi,6.2800,6.2906,0.1087,0.1087
2.8902,pi,6.2800,6.2890,0.1087,0.1087
2.8952,pi,6.2800,6.3110,0.1082,0.1082
2.9004,pi,6.2800,6.2827,0.1088,0.1088
2.9054,pi,6.2800,6.2319,0.1098,0.1098
2.9103,pi,6.2800,6.2418,0.1096,0.1096
2.9153,pi,6.2800,6.2729,0.1090,0.1090
2.9203,pi,6.2800,6.2520,0.1094,0.1094
2.9254,pi,6.2800,6.2078,0.1103,0.1103
2.9303,pi,6.2800,6.2002,0.1105,0.1105
2.9354,pi,6.2800,6.1942,0.1106,0.1106
2.9403,pi,6.2800,6.2119,0.1103,0.1103
2.9453,pi,6.2800,6.1754,0.1111,0.1111
2.9503,pi,6.2800,6.1967,0.1107,0.1107
2.9553,pi,6.2800,6.1907,0.1108,0.1108
2.9603,pi,6.2800,6.2322,0.1100,0.1100
2.9653,pi,6.2800,6.1918,0.1108,0.1108
2.9703,pi,6.2800,6.2099,0.1105,0.1105
2.9753,pi,6.2800,6.2014,0.1107,0.1107
2.9803,pi,6.2800,6.2408,0.1099,0.1099
2.9854,pi,6.2800,6.2493,0.1097,0.1097
2.9903,pi,6.2800,6.2790,0.1092,0.1092
2.9953,pi,6.2800,6.3028,0.1087,0.1087
3.0003,pi,6.2800,6.2989,0.1088,0.1088
3.0053,pi,6.2800,6.3187,0.1084,0.1084
3.0103,pi,6.2800,6.3347,0.1080,0.1080
3.0153,pi,6.2800,6.3473,0.1078,0.1078
3.0203,pi,6.2800,6.3345,0.1080,0.1080
3.0253,pi,6.2800,6.3242,0.1082,0.1082
3.0305,pi,6.2800,6.3158,0.1084,0.1084
3.0356,pi,6.2800,6.3592,0.1075,0.1075
3.0410,pi,6.2800,6.3434,0.1079,0.1079
3.0457,pi,6.2800,6.2807,0.1091,0.1091
3.0503,pi,6.2800,6.2812,0.1091,0.1091
3.0553,pi,6.2800,6.2815,0.1091,0.1091
3.0603,pi,6.2800,6.2818,0.1091,0.1091
3.0653,pi,6.2800,6.2315,0.1101,0.1101
3.0704,pi,6.2800,6.2418,0.1099,0.1099
3.0763,pi,6.2800,6.2998,0.1088,0.1088
3.0817,pi,6.2800,6.2960,0.1088,0.1088
3.0857,pi,6.2800,6.2707,0.1093,0.1093
3.0903,pi,6.2800,6.2507,0.1097,0.1097
3.0953,pi,6.2800,6.2805,0.1092,0.1092
3.1003,pi,6.2800,6.3043,0.1087,0.1087
3.1054,pi,6.2800,6.2496,0.1098,0.1098
3.1104,pi,6.2800,6.2556,0.1097,0.1097
3.1155,pi,6.2800,6.3110,0.1086,0.1086
3.1203,pi,6.2800,6.3051,0.1087,0.1087
3.1255,pi,6.2800,6.2773,0.1092,0.1092
3.1308,pi,6.2800,6.2561,0.1097,0.1097
3.1353,pi,6.2800,6.3116,0.1086,0.1086
3.1402,pi,6.2800,6.3288,0.1082,0.1082
3.1455,pi,6.2800,6.3427,0.1079,0.1079
3.1504,pi,6.2800,6.3302,0.1082,0.1082
3.1554,pi,6.2800,6.3709,0.1074,0.1074
3.1603,pi,6.2800,6.3762,0.1073,0.1073
3.1653,pi,6.2800,6.3810,0.1072,0.1072
3.1703,pi,6.2800,6.3387,0.1080,0.1080
3.1753,pi,6.2800,6.3506,0.1078,0.1078
3.1803,pi,6.2800,6.3605,0.1076,0.1076
3.1853,pi,6.2800,6.3683,0.1074,0.1074
3.1904,pi,6.2800,6.3512,0.1078,0.1078
3.1955,pi,6.2800,6.3374,0.1080,0.1080
3.2004,pi,6.2800,6.3262,0.1083,0.1083
3.2053,pi,6.2800,6.2952,0.1089,0.1089
3.2103,pi,6.2800,6.2928,0.1089,0.1089
3.2153,pi,6.2800,6.2908,0.1090,0.1090
3.2203,pi,6.2800,6.2664,0.1095,0.1095
3.2255,pi,6.2800,6.2171,0.1104,0.1104
3.2303,pi,6.2800,6.2299,0.1102,0.1102
3.2353,pi,6.2800,6.2179,0.1105,0.1105
3.2405,pi,6.2800,6.2305,0.1102,0.1102
3.2454,pi,6.2800,6.1907,0.1110,0.1110
3.2503,pi,6.2800,6.1866,0.1111,0.1111
3.2554,pi,6.2800,6.1838,0.1112,0.1112
3.2603,pi,6.2800,6.2268,0.1104,0.1104
3.2653,pi,6.2800,6.2153,0.1106,0.1106
3.2703,pi,6.2800,6.2061,0.1108,0.1108
3.2753,pi,6.2800,6.1988,0.1110,0.1110
3.2804,pi,6.2800,6.2157,0.1107,0.1107
3.2854,pi,6.2800,6.2287,0.1104,0.1104
3.2902,pi,6.2800,6.2622,0.1098,0.1098
3.2953,pi,6.2800,6.2899,0.1092,0.1092
3.3004,pi,6.2800,6.3118,0.1088,0.1088
3.3054,pi,6.2800,6.3059,0.1089,0.1089
3.3103,pi,6.2800,6.3013,0.1090,0.1090
3.3153,pi,6.2800,6.3478,0.1081,0.1081
3.3203,pi,6.2800,6.3578,0.1079,0.1079
3.3253,pi,6.2800,6.3428,0.1082,0.1082
3.3303,pi,6.2800,6.3538,0.1079,0.1079
3.3353,pi,6.2800,6.3629,0.1078,0.1078
3.3403,pi,6.2800,6.3702,0.1076,0.1076
3.3454,pi,6.2800,6.3024,0.1090,0.1090
3.3503,pi,6.2800,6.2985,0.1090,0.1090
3.3553,pi,6.2800,6.2725,0.1096,0.1096
3.3603,pi,6.2800,6.2976,0.1091,0.1091
3.3653,pi,6.2800,6.2719,0.1096,0.1096
3.3703,pi,6.2800,6.2516,0.1100,0.1100
3.3753,pi,6.2800,6.2351,0.1103,0.1103
3.3804,pi,6.2800,6.2442,0.1101,0.1101
3.3853,pi,6.2800,6.2016,0.1110,0.1110
3.3904,pi,6.2800,6.2177,0.1107,0.1107
3.3953,pi,6.2800,6.2081,0.1109,0.1109
3.4004,pi,6.2800,6.2460,0.1102,0.1102
3.4056,pi,6.2800,6.2532,0.1100,0.1100
3.4103,pi,6.2800,6.2591,0.1099,0.1099
3.4156,pi,6.2800,6.2635,0.1098,0.1098
3.4203,pi,6.2800,6.2672,0.1098,0.1098
3.4253,pi,6.2800,6.2476,0.1102,0.1102
3.4303,pi,6.2800,6.2779,0.1096,0.1096
3.4354,pi,6.2800,6.2566,0.1100,0.1100
3.4403,pi,6.2800,6.2849,0.1094,0.1094
3.4453,pi,6.2800,6.2843,0.1095,0.1095
3.4503,pi,6.2800,6.2836,0.1095,0.1095
3.4553,pi,6.2800,6.3063,0.1090,0.1090
3.4603,pi,6.2800,6.3247,0.1086,0.1086
3.4653,pi,6.2800,6.2943,0.1093,0.1093
3.4704,pi,6.2800,6.2919,0.1093,0.1093
3.4752,pi,6.2800,6.3135,0.1089,0.1089
3.4803,pi,6.2800,6.3071,0.1090,0.1090
3.4853,pi,6.2800,6.3525,0.1081,0.1081
3.4903,pi,6.2800,6.3386,0.1084,0.1084
3.4953,pi,6.2800,6.3504,0.1081,0.1081
3.5004,pi,6.2800,6.3597,0.1079,0.1079
3.5057,pi,6.2800,6.2933,0.1093,0.1093
3.5109,pi,6.2800,6.2903,0.1093,0.1093
3.5159,pi,6.2800,6.3375,0.1084,0.1084
3.5205,pi,6.2800,6.3266,0.1086,0.1086
3.5260,pi,6.2800,6.2667,0.1098,0.1098
3.5302,pi,6.2800,6.2470,0.1102,0.1102
3.5354,pi,6.2800,6.2038,0.1111,0.1111
3.5402,pi,6.2800,6.1968,0.1112,0.1112
3.5454,pi,6.2800,6.1638,0.1119,0.1119
3.5504,pi,6.2800,6.1876,0.1115,0.1115
3.5554,pi,6.2800,6.1836,0.1116,0.1116
3.5603,pi,6.2800,6.2266,0.1107,0.1107
3.5653,pi,6.2800,6.2159,0.1110,0.1110
3.5703,pi,6.2800,6.2075,0.1111,0.1111
3.5754,pi,6.2800,6.2004,0.1113,0.1113
3.5803,pi,6.2800,6.2405,0.1105,0.1105
3.5853,pi,6.2800,6.2261,0.1108,0.1108
3.5903,pi,6.2800,6.2607,0.1101,0.1101
3.5953,pi,6.2800,6.2884,0.1096,0.1096
3.6003,pi,6.2800,6.3105,0.1092,0.1092
3.6054,pi,6.2800,6.2824,0.1097,0.1097
3.6103,pi,6.2800,6.3058,0.1092,0.1092
3.6153,pi,6.2800,6.3244,0.1089,0.1089
3.6203,pi,6.2800,6.3160,0.1090,0.1090
3.6254,pi,6.2800,6.3594,0.1082,0.1082
3.6303,pi,6.2800,6.3439,0.1085,0.1085
3.6353,pi,6.2800,6.3818,0.1077,0.1077
3.6403,pi,6.2800,6.3616,0.1081,0.1081
3.6454,pi,6.2800,6.3456,0.1085,0.1085
3.6503,pi,6.2800,6.3327,0.1087,0.1087
3.6553,pi,6.2800,6.3454,0.1085,0.1085
3.6603,pi,6.2800,6.3558,0.1082,0.1082
3.6654,pi,6.2800,6.3187,0.1090,0.1090
3.6704,pi,6.2800,6.3113,0.1091,0.1091
3.6753,pi,6.2800,6.3057,0.1092,0.1092
3.6803,pi,6.2800,6.2785,0.1098,0.1098
3.6854,pi,6.2800,6.2291,0.1108,0.1108
3.6903,pi,6.2800,6.2172,0.1110,0.1110
3.6954,pi,6.2800,6.1800,0.1118,0.1118
3.7003,pi,6.2800,6.2005,0.1114,0.1114
3.7054,pi,6.2800,6.1665,0.1121,0.1121
3.7102,pi,6.2800,6.1670,0.1121,0.1121
3.7154,pi,6.2800,6.1902,0.1117,0.1117
3.7203,pi,6.2800,6.2315,0.1109,0.1109
3.7254,pi,6.2800,6.1911,0.1117,0.1117
3.7303,pi,6.2800,6.2093,0.1114,0.1114
3.7354,pi,6.2800,6.2738,0.1101,0.1101
3.7403,pi,6.2800,6.2755,0.1101,0.1101
3.7454,pi,6.2800,6.2770,0.1100,0.1100
3.7504,pi,6.2800,6.2781,0.1100,0.1100
3.7554,pi,6.2800,6.3020,0.1095,0.1095
3.7602,pi,6.2800,6.2980,0.1096,0.1096
3.7653,pi,6.2800,6.3445,0.1087,0.1087
3.7703,pi,6.2800,6.3550,0.1085,0.1085
3.7753,pi,6.2800,6.3635,0.1083,0.1083
3.7803,pi,6.2800,6.3708,0.1082,0.1082
3.7853,pi,6.2800,6.3761,0.1080,0.1080
3.7903,pi,6.2800,6.3357,0.1089,0.1089
3.7953,pi,6.2800,6.3482,0.1086,0.1086
3.8003,pi,6.2800,6.3580,0.1084,0.1084
3.8054,pi,6.2800,6.3661,0.1082,0.1082
3.8103,pi,6.2800,6.3271,0.1090,0.1090
3.8153,pi,6.2800,6.3415,0.1087,0.1087
3.8203,pi,6.2800,6.3298,0.1090,0.1090
3.8253,pi,6.2800,6.3435,0.1087,0.1087
3.8304,pi,6.2800,6.3313,0.1089,0.1089
3.8353,pi,6.2800,6.3215,0.1091,0.1091
3.8403,pi,6.2800,6.3136,0.1093,0.1093
3.8453,pi,6.2800,6.3075,0.1094,0.1094
3.8503,pi,6.2800,6.2798,0.1100,0.1100
3.8553,pi,6.2800,6.3034,0.1095,0.1095
3.8604,pi,6.2800,6.2989,0.1096,0.1096
3.8653,pi,6.2800,6.2952,0.1097,0.1097
3.8704,pi,6.2800,6.2924,0.1097,0.1097
3.8753,pi,6.2800,6.2901,0.1098,0.1098
3.8803,pi,6.2800,6.2886,0.1098,0.1098
3.8853,pi,6.2800,6.2371,0.1108,0.1108
3.8904,pi,6.2800,6.2235,0.1111,0.1111
3.8954,pi,6.2800,6.2348,0.1109,0.1109
3.9004,pi,6.2800,6.2442,0.1107,0.1107
3.9053,pi,6.2800,6.2010,0.1116,0.1116
3.9103,pi,6.2800,6.2164,0.1113,0.1113
3.9153,pi,6.2800,6.2526,0.1106,0.1106
3.9203,pi,6.2800,6.2362,0.1109,0.1109
3.9254,pi,6.2800,6.1953,0.1118,0.1118
3.9303,pi,6.2800,6.1902,0.1119,0.1119
3.9353,pi,6.2800,6.2317,0.1111,0.1111
3.9403,pi,6.2800,6.2420,0.1109,0.1109
3.9453,pi,6.2800,6.2732,0.1103,0.1103
3.9503,pi,6.2800,6.2528,0.1107,0.1107
3.9553,pi,6.2800,6.2819,0.1101,0.1101
3.9603,pi,6.2800,6.3056,0.1096,0.1096
3.9653,pi,6.2800,6.3010,0.1097,0.1097
3.9703,pi,6.2800,6.2974,0.1098,0.1098
3.9753,pi,6.2800,6.3441,0.1089,0.1089
3.9803,pi,6.2800,6.3550,0.1086,0.1086
3.9853,pi,6.2800,6.3635,0.1085,0.1085
3.9904,pi,6.2800,6.3474,0.1088,0.1088
3.9953,pi,6.2800,6.3345,0.1091,0.1091
4.0003,pi,6.2800,6.3013,0.1097,0.1097
4.0053,pi,6.2800,6.3207,0.1093,0.1093
4.0103,pi,6.2800,6.3131,0.1095,0.1095
4.0153,pi,6.2800,6.3071,0.1096,0.1096
4.0203,pi,6.2800,6.2794,0.1102,0.1102
4.0253,pi,6.2800,6.3031,0.1097,0.1097
4.0303,pi,6.2800,6.3232,0.1093,0.1093
4.0353,pi,6.2800,6.3152,0.1094,0.1094
4.0403,pi,6.2800,6.2858,0.1100,0.1100
4.0453,pi,6.2800,6.2852,0.1100,0.1100
4.0504,pi,6.2800,6.2847,0.1100,0.1100
4.0553,pi,6.2800,6.2843,0.1101,0.1101
4.0603,pi,6.2800,6.2612,0.1105,0.1105
4.0653,pi,6.2800,6.2888,0.1100,0.1100
4.0704,pi,6.2800,6.3107,0.1095,0.1095
4.0753,pi,6.2800,6.3048,0.1097,0.1097
4.0803,pi,6.2800,6.2779,0.1102,0.1102
4.0853,pi,6.2800,6.2560,0.1106,0.1106
4.0903,pi,6.2800,6.2845,0.1101,0.1101
4.0953,pi,6.2800,6.3074,0.1096,0.1096
4.1003,pi,6.2800,6.3257,0.1092,0.1092
4.1053,pi,6.2800,6.3404,0.1089,0.1089
4.1103,pi,6.2800,6.3521,0.1087,0.1087
4.1154,pi,6.2800,6.3374,0.1090,0.1090
4.1205,pi,6.2800,6.3262,0.1092,0.1092
4.1255,pi,6.2800,6.3175,0.1094,0.1094
4.1310,pi,6.2800,6.3601,0.1086,0.1086
4.1362,pi,6.2800,6.3441,0.1089,0.1089
4.1405,pi,6.2800,6.3313,0.1091,0.1091
4.1454,pi,6.2800,6.3212,0.1093,0.1093
4.1503,pi,6.2800,6.3133,0.1095,0.1095
4.1553,pi,6.2800,6.3069,0.1096,0.1096
4.1604,pi,6.2800,6.3016,0.1097,0.1097
4.1653,pi,6.2800,6.2746,0.1103,0.1103
4.1703,pi,6.2800,6.2996,0.1098,0.1098
4.1754,pi,6.2800,6.2737,0.1103,0.1103
4.1803,pi,6.2800,6.2990,0.1098,0.1098
4.1854,pi,6.2800,6.2733,0.1103,0.1103
4.1903,pi,6.2800,6.2986,0.1098,0.1098
4.1954,pi,6.2800,6.2728,0.1103,0.1103
4.2003,pi,6.2800,6.2979,0.1098,0.1098
4.2056,pi,6.2800,6.2944,0.1099,0.1099
4.2104,pi,6.2800,6.2920,0.1099,0.1099
4.2153,pi,6.2800,6.2902,0.1100,0.1100
4.2202,pi,6.2800,6.3120,0.1095,0.1095
4.2253,pi,6.2800,6.2834,0.1101,0.1101
4.2304,pi,6.2800,6.3064,0.1096,0.1096
4.2354,pi,6.2800,6.3017,0.1097,0.1097
4.2404,pi,6.2800,6.2980,0.1098,0.1098
4.2453,pi,6.2800,6.2949,0.1099,0.1099
4.2503,pi,6.2800,6.2911,0.1099,0.1099
4.2553,pi,6.2800,6.2666,0.1104,0.1104
4.2603,pi,6.2800,6.2934,0.1099,0.1099
4.2653,pi,6.2800,6.3145,0.1095,0.1095
4.2704,pi,6.2800,6.3078,0.1096,0.1096
4.2753,pi,6.2800,6.3524,0.1087,0.1087
4.2803,pi,6.2800,6.3386,0.1090,0.1090
4.2853,pi,6.2800,6.3501,0.1088,0.1088
4.2903,pi,6.2800,6.3597,0.1086,0.1086
4.2953,pi,6.2800,6.3215,0.1093,0.1093
4.3003,pi,6.2800,6.3369,0.1090,0.1090
4.3053,pi,6.2800,6.3503,0.1088,0.1088
4.3103,pi,6.2800,6.3367,0.1090,0.1090
4.3153,pi,6.2800,6.2756,0.1103,0.1103
4.3203,pi,6.2800,6.2544,0.1107,0.1107
4.3254,pi,6.2800,6.2374,0.1110,0.1110
4.3304,pi,6.2800,6.2464,0.1109,0.1109
4.3353,pi,6.2800,6.2034,0.1117,0.1117
4.3403,pi,6.2800,6.1966,0.1119,0.1119
4.3453,pi,6.2800,6.2368,0.1111,0.1111
4.3503,pi,6.2800,6.2460,0.1109,0.1109
4.3553,pi,6.2800,6.2030,0.1118,0.1118
4.3603,pi,6.2800,6.1961,0.1119,0.1119
4.3653,pi,6.2800,6.2366,0.1112,0.1112
4.3703,pi,6.2800,6.2690,0.1105,0.1105
4.3754,pi,6.2800,6.3217,0.1095,0.1095
4.3803,pi,6.2800,6.3370,0.1092,0.1092
4.3853,pi,6.2800,6.3491,0.1089,0.1089
4.3904,pi,6.2800,6.3351,0.1092,0.1092
4.3953,pi,6.2800,6.3245,0.1094,0.1094
4.4003,pi,6.2800,6.3159,0.1096,0.1096
4.4053,pi,6.2800,6.3321,0.1093,0.1093
4.4104,pi,6.2800,6.3221,0.1095,0.1095
4.4153,pi,6.2800,6.3143,0.1096,0.1096
4.4204,pi,6.2800,6.3576,0.1088,0.1088
4.4253,pi,6.2800,6.3654,0.1086,0.1086
4.4304,pi,6.2800,6.3489,0.1089,0.1089
4.4353,pi,6.2800,6.3357,0.1092,0.1092
4.4403,pi,6.2800,6.3482,0.1089,0.1089
4.4453,pi,6.2800,6.3587,0.1087,0.1087
4.4503,pi,6.2800,6.3207,0.1095,0.1095
4.4553,pi,6.2800,6.3362,0.1092,0.1092
4.4604,pi,6.2800,6.3243,0.1094,0.1094
4.4653,pi,6.2800,6.3160,0.1096,0.1096
4.4704,pi,6.2800,6.2861,0.1102,0.1102
4.4754,pi,6.2800,6.2634,0.1106,0.1106
4.4804,pi,6.2800,6.3169,0.1096,0.1096
4.4853,pi,6.2800,6.3102,0.1097,0.1097
4.4903,pi,6.2800,6.2822,0.1103,0.1103
4.4953,pi,6.2800,6.2598,0.1107,0.1107
4.5004,pi,6.2800,6.2639,0.1106,0.1106
4.5053,pi,6.2800,6.2908,0.1101,0.1101
4.5104,pi,6.2800,6.2664,0.1106,0.1106
4.5154,pi,6.2800,6.2686,0.1105,0.1105
4.5203,pi,6.2800,6.2942,0.1100,0.1100
4.5253,pi,6.2800,6.3153,0.1096,0.1096
4.5303,pi,6.2800,6.2862,0.1102,0.1102
4.5353,pi,6.2800,6.2636,0.1107,0.1107
4.5404,pi,6.2800,6.2672,0.1106,0.1106
4.5453,pi,6.2800,6.2700,0.1105,0.1105
4.5503,pi,6.2800,6.2493,0.1109,0.1109
4.5553,pi,6.2800,6.2558,0.1108,0.1108
4.5604,pi,6.2800,6.3108,0.1097,0.1097
4.5653,pi,6.2800,6.3280,0.1094,0.1094
4.5704,pi,6.2800,6.2688,0.1106,0.1106
4.5753,pi,6.2800,6.2488,0.1110,0.1110
4.5803,pi,6.2800,6.2787,0.1104,0.1104
4.5853,pi,6.2800,6.2795,0.1104,0.1104
4.5903,pi,6.2800,6.3031,0.1099,0.1099
4.5953,pi,6.2800,6.3222,0.1095,0.1095
4.6003,pi,6.2800,6.3373,0.1092,0.1092
4.6053,pi,6.2800,6.3264,0.1094,0.1094
4.6103,pi,6.2800,6.3406,0.1091,0.1091
4.6153,pi,6.2800,6.3290,0.1094,0.1094
4.6203,pi,6.2800,6.3428,0.1091,0.1091
4.6253,pi,6.2800,6.3537,0.1089,0.1089
4.6303,pi,6.2800,6.3627,0.1087,0.1087
4.6353,pi,6.2800,6.3237,0.1095,0.1095
4.6403,pi,6.2800,6.3155,0.1096,0.1096
4.6453,pi,6.2800,6.3090,0.1098,0.1098
4.6505,pi,6.2800,6.2529,0.1109,0.1109
4.6553,pi,6.2800,6.2361,0.1112,0.1112
4.6605,pi,6.2800,6.2448,0.1111,0.1111
4.6653,pi,6.2800,6.2296,0.1114,0.1114
4.6703,pi,6.2800,6.2177,0.1116,0.1116
4.6753,pi,6.2800,6.2080,0.1119,0.1119
4.6803,pi,6.2800,6.2461,0.1111,0.1111
4.6853,pi,6.2800,6.2305,0.1114,0.1114
4.6904,pi,6.2800,6.1907,0.1122,0.1122
4.6955,pi,6.2800,6.2078,0.1119,0.1119
4.7010,pi,6.2800,6.2726,0.1106,0.1106
4.7067,pi,6.2800,6.2724,0.1106,0.1106
4.7108,pi,6.2800,6.2971,0.1102,0.1102
4.7154,pi,6.2800,6.2942,0.1102,0.1102
4.7202,pi,6.2800,6.3150,0.1098,0.1098
4.7254,pi,6.2800,6.3316,0.1095,0.1095
4.7303,pi,6.2800,6.3217,0.1097,0.1097
4.7354,pi,6.2800,6.3137,0.1098,0.1098
4.7404,pi,6.2800,6.3576,0.1089,0.1089
4.7453,pi,6.2800,6.3656,0.1088,0.1088
4.7504,pi,6.2800,6.3735,0.1086,0.1086
4.7554,pi,6.2800,6.3788,0.1085,0.1085
4.7604,pi,6.2800,6.3595,0.1089,0.1089
4.7654,pi,6.2800,6.3441,0.1092,0.1092
4.7704,pi,6.2800,6.3317,0.1095,0.1095
4.7753,pi,6.2800,6.3217,0.1097,0.1097
4.7803,pi,6.2800,6.3368,0.1094,0.1094
4.7853,pi,6.2800,6.3031,0.1100,0.1100
4.7904,pi,6.2800,6.3222,0.1097,0.1097
4.7953,pi,6.2800,6.3374,0.1093,0.1093
4.8003,pi,6.2800,6.3265,0.1096,0.1096
4.8054,pi,6.2800,6.2674,0.1107,0.1107
4.8103,pi,6.2800,6.2479,0.1111,0.1111
4.8153,pi,6.2800,6.2324,0.1115,0.1115
4.8204,pi,6.2800,6.2658,0.1108,0.1108
4.8253,pi,6.2800,6.2690,0.1107,0.1107
4.8304,pi,6.2800,6.2718,0.1107,0.1107
4.8353,pi,6.2800,6.2968,0.1102,0.1102
4.8404,pi,6.2800,6.2941,0.1102,0.1102
4.8453,pi,6.2800,6.2416,0.1113,0.1113
4.8502,pi,6.2800,6.2274,0.1116,0.1116
4.8560,pi,6.2800,6.2890,0.1104,0.1104
4.8610,pi,6.2800,6.2872,0.1104,0.1104
4.8656,pi,6.2800,6.3361,0.1094,0.1094
4.8703,pi,6.2800,6.3253,0.1096,0.1096
4.8752,pi,6.2800,6.3396,0.1094,0.1094
4.8803,pi,6.2800,6.3517,0.1091,0.1091
4.8853,pi,6.2800,6.3608,0.1089,0.1089
4.8903,pi,6.2800,6.3226,0.1097,0.1097
4.8953,pi,6.2800,6.3378,0.1094,0.1094
4.9003,pi,6.2800,6.3501,0.1091,0.1091
4.9053,pi,6.2800,6.3594,0.1090,0.1090
4.9103,pi,6.2800,6.3675,0.1088,0.1088
4.9153,pi,6.2800,6.3743,0.1087,0.1087
4.9203,pi,6.2800,6.3338,0.1095,0.1095
4.9253,pi,6.2800,6.3470,0.1092,0.1092
4.9303,pi,6.2800,6.3118,0.1099,0.1099
4.9353,pi,6.2800,6.3290,0.1096,0.1096
4.9404,pi,6.2800,6.3198,0.1098,0.1098
4.9453,pi,6.2800,6.3354,0.1094,0.1094
4.9504,pi,6.2800,6.3246,0.1097,0.1097
4.9553,pi,6.2800,6.3162,0.1098,0.1098
4.9603,pi,6.2800,6.2594,0.1110,0.1110
4.9652,pi,6.2800,6.2414,0.1113,0.1113
4.9704,pi,6.2800,6.2269,0.1116,0.1116
4.9753,pi,6.2800,6.2381,0.1114,0.1114
4.9804,pi,6.2800,6.2469,0.1113,0.1113
4.9853,pi,6.2800,6.2769,0.1107,0.1107
4.9904,pi,6.2800,6.3284,0.1096,0.1096
4.9953,pi,6.2800,6.3193,0.1098,0.1098
5.0003,pi,6.2800,6.2890,0.1104,0.1104
5.0053,pi,6.2800,6.3108,0.1100,0.1100
5.0103,pi,6.2800,6.3283,0.1096,0.1096
5.0153,pi,6.2800,6.3193,0.1098,0.1098
5.0203,pi,6.2800,6.3622,0.1090,0.1090
5.0253,pi,6.2800,6.3464,0.1093,0.1093
5.0303,pi,6.2800,6.3567,0.1091,0.1091
5.0353,pi,6.2800,6.3418,0.1094,0.1094
5.0403,pi,6.2800,6.3528,0.1091,0.1091
5.0454,pi,6.2800,6.3164,0.1099,0.1099
5.0507,pi,6.2800,6.3598,0.1090,0.1090
5.0557,pi,6.2800,6.3437,0.1093,0.1093
5.0603,pi,6.2800,6.3310,0.1096,0.1096
5.0654,pi,6.2800,6.3211,0.1098,0.1098
5.0703,pi,6.2800,6.3132,0.1099,0.1099
5.0754,pi,6.2800,6.3071,0.1101,0.1101
5.0803,pi,6.2800,6.3253,0.1097,0.1097
5.0853,pi,6.2800,6.3396,0.1094,0.1094
5.0904,pi,6.2800,6.3278,0.1096,0.1096
5.0953,pi,6.2800,6.3688,0.1088,0.1088
5.1003,pi,6.2800,6.3743,0.1087,0.1087
5.1053,pi,6.2800,6.3795,0.1086,0.1086
5.1103,pi,6.2800,6.3836,0.1085,0.1085
5.1154,pi,6.2800,6.3630,0.1089,0.1089
5.1205,pi,6.2800,6.3466,0.1093,0.1093
5.1253,pi,6.2800,6.3838,0.1085,0.1085
5.1303,pi,6.2800,6.3633,0.1089,0.1089
5.1353,pi,6.2800,6.3470,0.1093,0.1093
5.1403,pi,6.2800,6.3111,0.1100,0.1100
5.1453,pi,6.2800,6.3286,0.1096,0.1096
5.1503,pi,6.2800,6.3194,0.1098,0.1098
5.1553,pi,6.2800,6.3121,0.1100,0.1100
5.1604,pi,6.2800,6.3062,0.1101,0.1101
5.1653,pi,6.2800,6.3246,0.1097,0.1097
5.1703,pi,6.2800,6.3397,0.1094,0.1094
5.1753,pi,6.2800,6.3519,0.1092,0.1092
5.1812,pi,6.2800,6.3362,0.1095,0.1095
5.1855,pi,6.2800,6.3248,0.1097,0.1097
5.1903,pi,6.2800,6.3164,0.1099,0.1099
5.1952,pi,6.2800,6.3327,0.1095,0.1095
5.2003,pi,6.2800,6.2999,0.1102,0.1102
5.2053,pi,6.2800,6.2965,0.1103,0.1103
5.2103,pi,6.2800,6.2708,0.1108,0.1108
5.2153,pi,6.2800,6.2731,0.1107,0.1107
5.2203,pi,6.2800,6.2751,0.1107,0.1107
5.2253,pi,6.2800,6.2766,0.1107,0.1107
5.2303,pi,6.2800,6.2550,0.1111,0.1111
5.2355,pi,6.2800,6.2849,0.1105,0.1105
5.2405,pi,6.2800,6.3344,0.1095,0.1095
5.2454,pi,6.2800,6.3239,0.1097,0.1097
5.2503,pi,6.2800,6.3152,0.1099,0.1099
5.2552,pi,6.2800,6.3317,0.1096,0.1096
5.2604,pi,6.2800,6.3451,0.1093,0.1093
5.2654,pi,6.2800,6.3324,0.1096,0.1096
5.2706,pi,6.2800,6.3219,0.1098,0.1098
5.2757,pi,6.2800,6.3137,0.1099,0.1099
5.2807,pi,6.2800,6.3070,0.1101,0.1101
5.2852,pi,6.2800,6.3249,0.1097,0.1097
5.2903,pi,6.2800,6.2940,0.1103,0.1103
5.2953,pi,6.2800,6.2697,0.1108,0.1108
5.3003,pi,6.2800,6.2953,0.1103,0.1103
5.3053,pi,6.2800,6.2927,0.1104,0.1104
5.3103,pi,6.2800,6.2402,0.1114,0.1114
5.3153,pi,6.2800,6.2257,0.1117,0.1117
5.3203,pi,6.2800,6.2603,0.1110,0.1110
5.3253,pi,6.2800,6.2884,0.1105,0.1105
5.3303,pi,6.2800,6.3109,0.1100,0.1100
5.3353,pi,6.2800,6.3288,0.1097,0.1097
5.3403,pi,6.2800,6.3427,0.1094,0.1094
5.3453,pi,6.2800,6.3537,0.1092,0.1092
5.3503,pi,6.2800,6.3625,0.1090,0.1090
5.3553,pi,6.2800,6.3241,0.1098,0.1098
5.3603,pi,6.2800,6.3391,0.1095,0.1095
5.3653,pi,6.2800,6.3510,0.1092,0.1092
5.3703,pi,6.2800,6.3606,0.1090,0.1090
5.3753,pi,6.2800,6.3682,0.1089,0.1089
5.3803,pi,6.2800,6.3743,0.1088,0.1088
5.3853,pi,6.2800,6.3789,0.1087,0.1087
5.3903,pi,6.2800,6.3594,0.1091,0.1091
5.3953,pi,6.2800,6.3942,0.1084,0.1084
5.4003,pi,6.2800,6.3718,0.1088,0.1088
5.4053,pi,6.2800,6.3538,0.1092,0.1092
5.4103,pi,6.2800,6.3392,0.1095,0.1095
5.4153,pi,6.2800,6.3778,0.1087,0.1087
5.4203,pi,6.2800,6.3584,0.1091,0.1091
5.4253,pi,6.2800,6.2930,0.1104,0.1104
5.4303,pi,6.2800,6.2905,0.1104,0.1104
5.4353,pi,6.2800,6.2887,0.1105,0.1105
5.4403,pi,6.2800,6.2876,0.1105,0.1105
5.4453,pi,6.2800,6.2640,0.1110,0.1110
5.4503,pi,6.2800,6.2678,0.1109,0.1109
5.4553,pi,6.2800,6.3210,0.1098,0.1098
5.4603,pi,6.2800,6.3362,0.1095,0.1095
5.4653,pi,6.2800,6.3487,0.1093,0.1093
5.4704,pi,6.2800,6.3354,0.1095,0.1095
5.4753,pi,6.2800,6.3749,0.1088,0.1088
5.4803,pi,6.2800,6.3565,0.1091,0.1091
5.4853,pi,6.2800,6.3647,0.1090,0.1090
5.4903,pi,6.2800,6.3257,0.1097,0.1097
5.4953,pi,6.2800,6.3674,0.1089,0.1089
5.5003,pi,6.2800,6.3503,0.1092,0.1092
5.5053,pi,6.2800,6.3598,0.1091,0.1091
5.5103,pi,6.2800,6.3216,0.1098,0.1098
5.5154,pi,6.2800,6.3131,0.1100,0.1100
5.5203,pi,6.2800,6.2843,0.1106,0.1106
5.5254,pi,6.2800,6.2840,0.1106,0.1106
5.5303,pi,6.2800,6.2612,0.1110,0.1110
5.5354,pi,6.2800,6.2655,0.1109,0.1109
5.5403,pi,6.2800,6.2689,0.1109,0.1109
5.5453,pi,6.2800,6.2946,0.1104,0.1104
5.5504,pi,6.2800,6.2691,0.1109,0.1109
5.5553,pi,6.2800,6.2951,0.1104,0.1104
5.5603,pi,6.2800,6.2700,0.1109,0.1109
5.5653,pi,6.2800,6.2954,0.1104,0.1104
5.5704,pi,6.2800,6.2928,0.1104,0.1104
5.5756,pi,6.2800,6.2906,0.1105,0.1105
5.5804,pi,6.2800,6.2888,0.1105,0.1105
5.5853,pi,6.2800,6.3106,0.1101,0.1101
5.5903,pi,6.2800,6.2822,0.1106,0.1106
5.5953,pi,6.2800,6.2823,0.1106,0.1106
5.6003,pi,6.2800,6.2596,0.1111,0.1111
5.6053,pi,6.2800,6.2877,0.1105,0.1105
5.6103,pi,6.2800,6.2638,0.1110,0.1110
5.6153,pi,6.2800,6.2907,0.1105,0.1105
5.6203,pi,6.2800,6.2667,0.1109,0.1109
5.6253,pi,6.2800,6.2932,0.1104,0.1104
5.6303,pi,6.2800,6.3150,0.1100,0.1100
5.6353,pi,6.2800,6.3321,0.1096,0.1096
5.6404,pi,6.2800,6.3222,0.1098,0.1098
5.6453,pi,6.2800,6.3143,0.1100,0.1100
5.6503,pi,6.2800,6.3580,0.1091,0.1091
5.6553,pi,6.2800,6.3425,0.1094,0.1094
5.6603,pi,6.2800,6.3806,0.1087,0.1087
5.6653,pi,6.2800,6.3609,0.1091,0.1091
5.6703,pi,6.2800,6.3953,0.1084,0.1084
5.6753,pi,6.2800,6.3725,0.1088,0.1088
5.6803,pi,6.2800,6.3040,0.1102,0.1102
5.6853,pi,6.2800,6.2993,0.1103,0.1103
5.6904,pi,6.2800,6.3460,0.1094,0.1094
5.6953,pi,6.2800,6.3334,0.1096,0.1096
5.7003,pi,6.2800,6.3463,0.1094,0.1094
5.7053,pi,6.2800,6.3109,0.1101,0.1101
5.7103,pi,6.2800,6.3284,0.1097,0.1097
5.7153,pi,6.2800,6.3192,0.1099,0.1099
5.7203,pi,6.2800,6.3349,0.1096,0.1096
5.7253,pi,6.2800,6.3017,0.1102,0.1102
5.7303,pi,6.2800,6.3211,0.1099,0.1099
5.7353,pi,6.2800,6.3363,0.1096,0.1096
5.7403,pi,6.2800,6.3487,0.1093,0.1093
5.7453,pi,6.2800,6.3356,0.1096,0.1096
5.7503,pi,6.2800,6.3250,0.1098,0.1098
5.7553,pi,6.2800,6.2936,0.1104,0.1104
5.7604,pi,6.2800,6.2402,0.1115,0.1115
5.7653,pi,6.2800,6.2260,0.1118,0.1118
5.7703,pi,6.2800,6.2604,0.1111,0.1111
5.7753,pi,6.2800,6.2649,0.1110,0.1110
5.7803,pi,6.2800,6.2684,0.1109,0.1109
5.7853,pi,6.2800,6.2485,0.1113,0.1113
5.7903,pi,6.2800,6.2553,0.1112,0.1112
5.7953,pi,6.2800,6.2608,0.1111,0.1111
5.8003,pi,6.2800,6.2652,0.1110,0.1110
5.8055,pi,6.2800,6.2461,0.1114,0.1114
5.8103,pi,6.2800,6.2764,0.1108,0.1108
5.8155,pi,6.2800,6.2774,0.1108,0.1108
5.8209,pi,6.2800,6.2782,0.1108,0.1108
5.8256,pi,6.2800,6.3292,0.1098,0.1098
5.8303,pi,6.2800,6.3198,0.1099,0.1099
5.8352,pi,6.2800,6.2897,0.1106,0.1106
5.8403,pi,6.2800,6.3111,0.1101,0.1101
5.8454,pi,6.2800,6.3284,0.1098,0.1098
5.8503,pi,6.2800,6.3425,0.1095,0.1095
5.8553,pi,6.2800,6.3538,0.1093,0.1093
5.8603,pi,6.2800,6.3625,0.1091,0.1091
5.8653,pi,6.2800,6.3700,0.1089,0.1089
5.8704,pi,6.2800,6.3757,0.1088,0.1088
5.8753,pi,6.2800,6.3806,0.1087,0.1087
5.8803,pi,6.2800,6.3390,0.1096,0.1096
5.8853,pi,6.2800,6.3511,0.1093,0.1093
5.8903,pi,6.2800,6.3602,0.1091,0.1091
5.8953,pi,6.2800,6.3677,0.1090,0.1090
5.9003,pi,6.2800,6.3282,0.1098,0.1098
5.9054,pi,6.2800,6.3184,0.1100,0.1100
5.9103,pi,6.2800,6.2885,0.1106,0.1106
5.9153,pi,6.2800,6.3105,0.1101,0.1101
5.9203,pi,6.2800,6.2823,0.1107,0.1107
5.9253,pi,6.2800,6.3057,0.1102,0.1102
5.9303,pi,6.2800,6.2785,0.1108,0.1108
5.9353,pi,6.2800,6.3023,0.1103,0.1103
5.9404,pi,6.2800,6.2984,0.1104,0.1104
5.9453,pi,6.2800,6.2951,0.1104,0.1104
5.9512,pi,6.2800,6.2916,0.1105,0.1105
5.9565,pi,6.2800,6.2898,0.1105,0.1105
5.9606,pi,6.2800,6.2882,0.1106,0.1106
5.9653,pi,6.2800,6.2866,0.1106,0.1106
5.9703,pi,6.2800,6.2855,0.1106,0.1106
5.9754,pi,6.2800,6.2848,0.1106,0.1106
5.9806,pi,6.2800,6.3338,0.1097,0.1097
5.9864,pi,6.2800,6.3208,0.1099,0.1099
5.9911,pi,6.2800,6.3128,0.1101,0.1101
5.9960,pi,6.2800,6.3053,0.1102,0.1102
6.0007,pi,6.2800,6.3506,0.1093,0.1093
6.0061,pi,6.2800,6.3361,0.1096,0.1096
6.0109,pi,6.2800,6.3742,0.1089,0.1089
6.0156,pi,6.2800,6.3553,0.1092,0.1092
6.0205,pi,6.2800,6.3906,0.1085,0.1085
6.0255,pi,6.2800,6.3683,0.1090,0.1090
6.0304,pi,6.2800,6.3738,0.1089,0.1089
6.0355,pi,6.2800,6.3328,0.1097,0.1097
6.0404,pi,6.2800,6.3473,0.1094,0.1094
6.0455,pi,6.2800,6.3574,0.1092,0.1092
6.0504,pi,6.2800,6.3668,0.1090,0.1090
6.0554,pi,6.2800,6.3278,0.1098,0.1098
6.0604,pi,6.2800,6.3427,0.1095,0.1095
6.0655,pi,6.2800,6.3087,0.1102,0.1102
6.0710,pi,6.2800,6.3031,0.1103,0.1103
6.0756,pi,6.2800,6.2987,0.1104,0.1104
6.0810,pi,6.2800,6.2949,0.1104,0.1104
6.0856,pi,6.2800,6.2920,0.1105,0.1105
6.0908,pi,6.2800,6.2897,0.1106,0.1106
6.0959,pi,6.2800,6.3380,0.1096,0.1096
6.1012,pi,6.2800,6.3263,0.1098,0.1098
6.1056,pi,6.2800,6.3175,0.1100,0.1100
6.1107,pi,6.2800,6.3104,0.1101,0.1101
6.1165,pi,6.2800,6.3376,0.1096,0.1096
6.1214,pi,6.2800,6.3213,0.1099,0.1099
6.1261,pi,6.2800,6.3137,0.1101,0.1101
6.1307,pi,6.2800,6.3073,0.1102,0.1102
6.1352,pi,6.2800,6.3260,0.1098,0.1098
6.1403,pi,6.2800,6.3413,0.1095,0.1095
6.1453,pi,6.2800,6.3535,0.1093,0.1093
6.1503,pi,6.2800,6.3178,0.1100,0.1100
6.1553,pi,6.2800,6.3347,0.1097,0.1097
6.1604,pi,6.2800,6.3476,0.1094,0.1094
6.1653,pi,6.2800,6.3579,0.1092,0.1092
6.1703,pi,6.2800,6.3391,0.1096,0.1096
6.1753,pi,6.2800,6.3580,0.1092,0.1092
6.1803,pi,6.2800,6.4130,0.1081,0.1081
6.1854,pi,6.2800,6.3869,0.1086,0.1086
6.1903,pi,6.2800,6.3890,0.1086,0.1086
6.1954,pi,6.2800,6.3677,0.1090,0.1090
6.2003,pi,6.2800,6.4007,0.1083,0.1083
6.2054,pi,6.2800,6.3772,0.1088,0.1088
6.2103,pi,6.2800,6.3812,0.1087,0.1087
6.2154,pi,6.2800,6.3848,0.1086,0.1086
6.2204,pi,6.2800,6.4147,0.1081,0.1081
6.2253,pi,6.2800,6.4113,0.1081,0.1081
6.2304,pi,6.2800,6.3857,0.1086,0.1086
6.2352,pi,6.2800,6.3422,0.1095,0.1095
6.2405,pi,6.2800,6.2800,0.1107,0.1107
6.2454,pi,6.2800,6.2805,0.1107,0.1107
6.2503,pi,6.2800,6.2810,0.1107,0.1107
6.2555,pi,6.2800,6.2810,0.1107,0.1107
6.2605,pi,6.2800,6.2808,0.1107,0.1107
6.2657,pi,6.2800,6.2811,0.1107,0.1107
6.2703,pi,6.2800,6.2814,0.1107,0.1107
6.2752,pi,6.2800,6.2593,0.1112,0.1112
6.2803,pi,6.2800,6.2414,0.1115,0.1115
6.2855,pi,6.2800,6.2496,0.1114,0.1114
6.2907,pi,6.2800,6.3065,0.1102,0.1102
6.2957,pi,6.2800,6.3248,0.1099,0.1099
6.3003,pi,6.2800,6.3164,0.1100,0.1100
6.3054,pi,6.2800,6.2869,0.1106,0.1106
6.3105,pi,6.2800,6.3093,0.1102,0.1102
6.3155,pi,6.2800,6.3032,0.1103,0.1103
6.3206,pi,6.2800,6.2981,0.1104,0.1104
6.3256,pi,6.2800,6.2946,0.1105,0.1105
6.3303,pi,6.2800,6.3424,0.1095,0.1095
6.3352,pi,6.2800,6.3534,0.1093,0.1093
6.3403,pi,6.2800,6.3626,0.1091,0.1091
6.3453,pi,6.2800,6.3700,0.1090,0.1090
6.3503,pi,6.2800,6.3756,0.1089,0.1089
6.3554,pi,6.2800,6.3345,0.1097,0.1097
6.3603,pi,6.2800,6.3470,0.1094,0.1094
6.3653,pi,6.2800,6.3575,0.1092,0.1092
6.3703,pi,6.2800,6.3664,0.1090,0.1090
6.3753,pi,6.2800,6.3736,0.1089,0.1089
6.3804,pi,6.2800,6.3554,0.1093,0.1093
6.3853,pi,6.2800,6.3907,0.1086,0.1086
6.3903,pi,6.2800,6.3690,0.1090,0.1090
6.3953,pi,6.2800,6.2991,0.1104,0.1104
6.4003,pi,6.2800,6.2957,0.1105,0.1105
6.4053,pi,6.2800,6.3159,0.1101,0.1101
6.4103,pi,6.2800,6.3322,0.1097,0.1097
6.4154,pi,6.2800,6.3223,0.1099,0.1099
6.4203,pi,6.2800,6.2918,0.1105,0.1105
6.4253,pi,6.2800,6.3133,0.1101,0.1101
6.4303,pi,6.2800,6.2851,0.1107,0.1107
6.4353,pi,6.2800,6.3080,0.1102,0.1102
6.4403,pi,6.2800,6.2807,0.1108,0.1108
6.4453,pi,6.2800,6.3043,0.1103,0.1103
6.4503,pi,6.2800,6.3247,0.1099,0.1099
6.4553,pi,6.2800,6.3397,0.1096,0.1096
6.4603,pi,6.2800,6.3057,0.1103,0.1103
6.4653,pi,6.2800,6.3243,0.1099,0.1099
6.4703,pi,6.2800,6.2935,0.1105,0.1105
6.4753,pi,6.2800,6.3144,0.1101,0.1101
6.4803,pi,6.2800,6.3312,0.1097,0.1097
6.4853,pi,6.2800,6.3214,0.1099,0.1099
6.4903,pi,6.2800,6.3366,0.1096,0.1096
6.4953,pi,6.2800,6.3259,0.1099,0.1099
6.5003,pi,6.2800,6.3675,0.1090,0.1090
6.5053,pi,6.2800,6.3505,0.1094,0.1094
6.5102,pi,6.2800,6.3599,0.1092,0.1092
6.5153,pi,6.2800,6.3676,0.1090,0.1090
6.5203,pi,6.2800,6.3736,0.1089,0.1089
6.5253,pi,6.2800,6.3553,0.1093,0.1093
6.5306,pi,6.2800,6.2896,0.1106,0.1106
6.5359,pi,6.2800,6.2873,0.1106,0.1106
6.5407,pi,6.2800,6.2858,0.1107,0.1107
6.5453,pi,6.2800,6.2847,0.1107,0.1107
6.5503,pi,6.2800,6.2340,0.1117,0.1117
6.5553,pi,6.2800,6.2435,0.1115,0.1115
6.5603,pi,6.2800,6.2512,0.1114,0.1114
6.5654,pi,6.2800,6.2570,0.1113,0.1113
6.5706,pi,6.2800,6.2615,0.1112,0.1112
6.5753,pi,6.2800,6.2656,0.1111,0.1111
6.5802,pi,6.2800,6.2922,0.1106,0.1106
6.5852,pi,6.2800,6.3139,0.1101,0.1101
6.5903,pi,6.2800,6.3318,0.1098,0.1098
6.5953,pi,6.2800,6.2998,0.1104,0.1104
6.6003,pi,6.2800,6.3198,0.1100,0.1100
6.6053,pi,6.2800,6.3356,0.1097,0.1097
6.6103,pi,6.2800,6.3484,0.1094,0.1094
6.6153,pi,6.2800,6.3125,0.1102,0.1102
6.6203,pi,6.2800,6.3297,0.1098,0.1098
6.6261,pi,6.2800,6.3196,0.1100,0.1100
6.6320,pi,6.2800,6.3111,0.1102,0.1102
6.6360,pi,6.2800,6.3050,0.1103,0.1103
6.6404,pi,6.2800,6.3000,0.1104,0.1104
6.6456,pi,6.2800,6.2952,0.1105,0.1105
6.6503,pi,6.2800,6.2920,0.1106,0.1106
6.6555,pi,6.2800,6.3400,0.1096,0.1096
6.6610,pi,6.2800,6.3280,0.1099,0.1099
6.6653,pi,6.2800,6.3691,0.1090,0.1090
6.6704,pi,6.2800,6.3518,0.1094,0.1094
6.6752,pi,6.2800,6.3611,0.1092,0.1092
6.6803,pi,6.2800,6.3693,0.1090,0.1090
6.6853,pi,6.2800,6.3758,0.1089,0.1089
6.6903,pi,6.2800,6.3801,0.1088,0.1088
6.6953,pi,6.2800,6.3837,0.1087,0.1087
6.7003,pi,6.2800,6.3873,0.1087,0.1087
6.7054,pi,6.2800,6.3662,0.1091,0.1091
6.7103,pi,6.2800,6.3267,0.1099,0.1099
6.7153,pi,6.2800,6.3178,0.1101,0.1101
6.7203,pi,6.2800,6.2879,0.1107,0.1107
6.7253,pi,6.2800,6.2867,0.1107,0.1107
6.7303,pi,6.2800,6.2859,0.1107,0.1107
6.7353,pi,6.2800,6.2852,0.1107,0.1107
6.7403,pi,6.2800,6.2847,0.1107,0.1107
6.7454,pi,6.2800,6.2842,0.1107,0.1107
6.7504,pi,6.2800,6.2836,0.1107,0.1107
6.7553,pi,6.2800,6.3063,0.1103,0.1103
6.7603,pi,6.2800,6.2791,0.1108,0.1108
6.7653,pi,6.2800,6.3030,0.1104,0.1104
6.7703,pi,6.2800,6.2763,0.1109,0.1109
6.7754,pi,6.2800,6.2772,0.1109,0.1109
6.7803,pi,6.2800,6.2559,0.1113,0.1113
6.7853,pi,6.2800,6.2842,0.1107,0.1107
6.7904,pi,6.2800,6.2612,0.1112,0.1112
6.7954,pi,6.2800,6.2656,0.1111,0.1111
6.8006,pi,6.2800,6.2687,0.1111,0.1111
6.8064,pi,6.2800,6.2712,0.1110,0.1110
6.8105,pi,6.2800,6.3235,0.1100,0.1100
6.8153,pi,6.2800,6.3150,0.1101,0.1101
6.8203,pi,6.2800,6.3587,0.1093,0.1093
6.8252,pi,6.2800,6.4120,0.1082,0.1082
6.8303,pi,6.2800,6.4098,0.1082,0.1082
6.8353,pi,6.2800,6.3842,0.1087,0.1087
6.8403,pi,6.2800,6.3870,0.1087,0.1087
6.8454,pi,6.2800,6.3892,0.1086,0.1086
6.8503,pi,6.2800,6.3914,0.1086,0.1086
6.8553,pi,6.2800,6.3936,0.1086,0.1086
6.8603,pi,6.2800,6.3952,0.1085,0.1085
6.8653,pi,6.2800,6.3503,0.1094,0.1094
6.8707,pi,6.2800,6.3358,0.1097,0.1097
6.8764,pi,6.2800,6.2690,0.1111,0.1111
6.8809,pi,6.2800,6.2701,0.1110,0.1110
6.8858,pi,6.2800,6.2705,0.1110,0.1110
6.8919,pi,6.2800,6.2707,0.1110,0.1110
6.8986,pi,6.2800,6.2681,0.1111,0.1111
6.9042,pi,6.2800,6.2673,0.1111,0.1111
6.9093,pi,6.2800,6.2691,0.1111,0.1111
6.9152,pi,6.2800,6.2697,0.1111,0.1111
6.9192,pi,6.2800,6.2671,0.1111,0.1111
6.9242,pi,6.2800,6.2693,0.1111,0.1111
6.9289,pi,6.2800,6.2483,0.1115,0.1115
6.9356,pi,6.2800,6.2524,0.1114,0.1114
6.9419,pi,6.2800,6.2582,0.1113,0.1113
6.9467,pi,6.2800,6.2630,0.1112,0.1112
6.9515,pi,6.2800,6.2902,0.1107,0.1107
6.9561,pi,6.2800,6.3148,0.1102,0.1102
6.9617,pi,6.2800,6.2878,0.1107,0.1107
6.9661,pi,6.2800,6.2845,0.1108,0.1108
6.9712,pi,6.2800,6.3074,0.1103,0.1103
6.9758,pi,6.2800,6.3020,0.1104,0.1104
6.9827,pi,6.2800,6.3217,0.1100,0.1100
6.9892,pi,6.2800,6.3648,0.1092,0.1092
6.9940,pi,6.2800,6.3980,0.1085,0.1085
7.0001,pi,6.2800,6.3992,0.1085,0.1085
7.0047,pi,6.2800,6.3413,0.1097,0.1097
7.0099,pi,6.2800,6.3350,0.1098,0.1098
7.0147,pi,6.2800,6.3477,0.1095,0.1095
7.0218,pi,6.2800,6.3571,0.1093,0.1093
7.0290,pi,6.2800,6.2910,0.1107,0.1107
7.0341,pi,6.2800,6.3113,0.1103,0.1103
7.0388,pi,6.2800,6.3038,0.1104,0.1104
7.0434,pi,6.2800,6.2534,0.1114,0.1114
7.0475,pi,6.2800,6.2439,0.1116,0.1116
7.0517,pi,6.2800,6.2763,0.1110,0.1110
7.0561,pi,6.2800,6.3011,0.1105,0.1105
7.0603,pi,6.2800,6.3413,0.1097,0.1097
7.0643,pi,6.2800,6.3543,0.1094,0.1094
7.0682,pi,6.2800,6.3632,0.1092,0.1092
7.0723,pi,6.2800,6.3709,0.1091,0.1091
7.0763,pi,6.2800,6.4233,0.1080,0.1080
7.0802,pi,6.2800,6.3734,0.1090,0.1090
7.0841,pi,6.2800,6.3807,0.1089,0.1089
7.0881,pi,6.2800,6.3769,0.1090,0.1090
7.0920,pi,6.2800,6.3819,0.1089,0.1089
7.0960,pi,6.2800,6.3397,0.1097,0.1097
7.1004,pi,6.2800,6.3516,0.1095,0.1095
7.1054,pi,6.2800,6.3153,0.1102,0.1102
7.1104,pi,6.2800,6.3318,0.1099,0.1099
7.1154,pi,6.2800,6.3456,0.1096,0.1096
7.1208,pi,6.2800,6.3566,0.1094,0.1094
7.1256,pi,6.2800,6.3645,0.1092,0.1092
7.1309,pi,6.2800,6.2474,0.1116,0.1116
7.1363,pi,6.2800,6.1534,0.1134,0.1134
7.1417,pi,6.2800,6.0783,0.1150,0.1150
7.1467,pi,6.2800,6.0685,0.1152,0.1152
7.1522,pi,6.2800,6.0100,0.1164,0.1164
7.1571,pi,6.2800,5.9129,0.1185,0.1185
7.1630,pi,6.2800,5.7859,0.1211,0.1211
7.1678,pi,6.2800,5.6833,0.1233,0.1233
7.1725,pi,6.2800,5.6521,0.1240,0.1240
7.1774,pi,6.2800,5.5520,0.1262,0.1262
7.1822,pi,6.2800,5.6364,0.1247,0.1247
7.1870,pi,6.2800,5.7013,0.1235,0.1235
7.1918,pi,6.2800,5.7567,0.1226,0.1226
7.1966,pi,6.2800,5.8392,0.1211,0.1211
7.2013,pi,6.2800,5.9244,0.1195,0.1195
7.2054,pi,6.2800,5.9712,0.1186,0.1186
7.2104,pi,6.2800,6.1028,0.1161,0.1161
7.2154,pi,6.2800,6.2535,0.1131,0.1131
7.2204,pi,6.2800,6.3745,0.1107,0.1107
7.2254,pi,6.2800,6.4252,0.1097,0.1097
7.2303,pi,6.2800,6.5298,0.1076,0.1076
7.2354,pi,6.2800,6.5486,0.1072,0.1072
7.2404,pi,6.2800,6.6343,0.1055,0.1055
7.2453,pi,6.2800,6.6792,0.1046,0.1046
7.2503,pi,6.2800,6.6691,0.1048,0.1048
7.2554,pi,6.2800,6.6690,0.1048,0.1048
7.2604,pi,6.2800,6.6415,0.1054,0.1054
7.2653,pi,6.2800,6.6387,0.1054,0.1054
7.2709,pi,6.2800,6.5671,0.1068,0.1068
7.2755,pi,6.2800,6.5603,0.1070,0.1070
7.2804,pi,6.2800,6.5046,0.1081,0.1081
7.2853,pi,6.2800,6.4831,0.1085,0.1085
7.2904,pi,6.2800,6.4430,0.1093,0.1093
7.2953,pi,6.2800,6.4110,0.1100,0.1100
7.3004,pi,6.2800,6.4348,0.1095,0.1095
7.3054,pi,6.2800,6.4041,0.1101,0.1101
7.3103,pi,6.2800,6.4022,0.1101,0.1101
7.3154,pi,6.2800,6.3782,0.1106,0.1106
7.3204,pi,6.2800,6.3819,0.1105,0.1105
7.3254,pi,6.2800,6.3853,0.1105,0.1105
7.3304,pi,6.2800,6.3423,0.1113,0.1113
7.3354,pi,6.2800,6.3302,0.1116,0.1116
7.3404,pi,6.2800,6.3206,0.1118,0.1118
7.3454,pi,6.2800,6.3129,0.1119,0.1119
7.3504,pi,6.2800,6.2837,0.1125,0.1125
7.3554,pi,6.2800,6.2617,0.1129,0.1129
7.3604,pi,6.2800,6.2890,0.1124,0.1124
7.3654,pi,6.2800,6.2878,0.1124,0.1124
7.3704,pi,6.2800,6.2364,0.1135,0.1135
7.3754,pi,6.2800,6.2457,0.1133,0.1133
7.3803,pi,6.2800,6.2762,0.1127,0.1127
7.3854,pi,6.2800,6.2776,0.1127,0.1127
7.3903,pi,6.2800,6.3017,0.1122,0.1122
7.3954,pi,6.2800,6.2980,0.1122,0.1122
7.4003,pi,6.2800,6.3179,0.1118,0.1118
7.4055,pi,6.2800,6.3109,0.1120,0.1120
7.4104,pi,6.2800,6.3049,0.1121,0.1121
7.4153,pi,6.2800,6.3236,0.1117,0.1117
7.4204,pi,6.2800,6.3384,0.1114,0.1114
7.4255,pi,6.2800,6.3759,0.1107,0.1107
7.4304,pi,6.2800,6.3575,0.1111,0.1111
7.4353,pi,6.2800,6.3655,0.1109,0.1109
7.4404,pi,6.2800,6.3489,0.1112,0.1112
7.4454,pi,6.2800,6.3585,0.1110,0.1110
7.4504,pi,6.2800,6.3937,0.1103,0.1103
7.4555,pi,6.2800,6.4218,0.1098,0.1098
7.4604,pi,6.2800,6.4444,0.1093,0.1093
7.4654,pi,6.2800,6.4120,0.1100,0.1100
7.4705,pi,6.2800,6.4090,0.1100,0.1100
7.4755,pi,6.2800,6.4065,0.1101,0.1101
7.4811,pi,6.2800,6.4317,0.1096,0.1096
7.4862,pi,6.2800,6.3999,0.1102,0.1102
7.4904,pi,6.2800,6.4259,0.1097,0.1097
7.4953,pi,6.2800,6.3974,0.1103,0.1103
7.5004,pi,6.2800,6.3743,0.1107,0.1107
7.5053,pi,6.2800,6.3333,0.1115,0.1115
7.5103,pi,6.2800,6.3464,0.1113,0.1113
7.5153,pi,6.2800,6.3114,0.1120,0.1120
7.5203,pi,6.2800,6.3289,0.1116,0.1116
7.5253,pi,6.2800,6.2968,0.1123,0.1123
7.5303,pi,6.2800,6.3173,0.1119,0.1119
7.5357,pi,6.2800,6.2867,0.1125,0.1125
7.5409,pi,6.2800,6.3098,0.1120,0.1120
7.5458,pi,6.2800,6.3044,0.1121,0.1121
7.5505,pi,6.2800,6.3231,0.1117,0.1117
7.5553,pi,6.2800,6.3151,0.1119,0.1119
7.5602,pi,6.2800,6.3321,0.1116,0.1116
7.5652,pi,6.2800,6.3454,0.1113,0.1113
7.5704,pi,6.2800,6.3316,0.1116,0.1116
7.5754,pi,6.2800,6.3718,0.1108,0.1108
7.5806,pi,6.2800,6.3539,0.1111,0.1111
7.5862,pi,6.2800,6.3617,0.1110,0.1110
7.5911,pi,6.2800,6.3452,0.1113,0.1113
7.5957,pi,6.2800,6.3818,0.1106,0.1106
7.6010,pi,6.2800,6.4110,0.1100,0.1100
7.6060,pi,6.2800,6.4341,0.1095,0.1095
7.6107,pi,6.2800,6.4521,0.1092,0.1092
7.6153,pi,6.2800,6.4176,0.1099,0.1099
7.6202,pi,6.2800,6.4132,0.1099,0.1099
7.6253,pi,6.2800,6.4112,0.1100,0.1100
7.6304,pi,6.2800,6.3628,0.1110,0.1110
7.6353,pi,6.2800,6.3695,0.1108,0.1108
7.6403,pi,6.2800,6.3759,0.1107,0.1107
7.6453,pi,6.2800,6.3815,0.1106,0.1106
7.6503,pi,6.2800,6.3859,0.1105,0.1105
7.6553,pi,6.2800,6.3437,0.1113,0.1113
7.6603,pi,6.2800,6.3563,0.1111,0.1111
7.6656,pi,6.2800,6.3203,0.1118,0.1118
7.6706,pi,6.2800,6.3121,0.1120,0.1120
7.6760,pi,6.2800,6.3053,0.1121,0.1121
7.6805,pi,6.2800,6.3503,0.1112,0.1112
7.6857,pi,6.2800,6.3362,0.1115,0.1115
7.6909,pi,6.2800,6.3247,0.1117,0.1117
7.6953,pi,6.2800,6.3164,0.1119,0.1119
7.7002,pi,6.2800,6.3329,0.1115,0.1115
7.7054,pi,6.2800,6.3003,0.1122,0.1122
7.7104,pi,6.2800,6.2966,0.1123,0.1123
7.7153,pi,6.2800,6.3437,0.1113,0.1113
7.7203,pi,6.2800,6.3546,0.1111,0.1111
7.7253,pi,6.2800,6.3634,0.1109,0.1109
7.7303,pi,6.2800,6.3714,0.1108,0.1108
7.7353,pi,6.2800,6.3778,0.1107,0.1107
7.7403,pi,6.2800,6.3831,0.1105,0.1105
7.7453,pi,6.2800,6.3871,0.1105,0.1105
7.7503,pi,6.2800,6.3897,0.1104,0.1104
7.7553,pi,6.2800,6.3915,0.1104,0.1104
7.7604,pi,6.2800,6.3927,0.1104,0.1104
7.7653,pi,6.2800,6.3938,0.1103,0.1103
7.7704,pi,6.2800,6.4215,0.1098,0.1098
7.7755,pi,6.2800,6.3919,0.1104,0.1104
7.7803,pi,6.2800,6.4197,0.1098,0.1098
7.7855,pi,6.2800,6.3920,0.1104,0.1104
7.7903,pi,6.2800,6.4199,0.1098,0.1098
7.7954,pi,6.2800,6.3921,0.1104,0.1104
7.8009,pi,6.2800,6.4195,0.1098,0.1098
7.8061,pi,6.2800,6.3909,0.1104,0.1104
7.8103,pi,6.2800,6.4188,0.1098,0.1098
7.8153,pi,6.2800,6.3915,0.1104,0.1104
7.8203,pi,6.2800,6.3928,0.1104,0.1104
7.8256,pi,6.2800,6.3480,0.1112,0.1112
7.8305,pi,6.2800,6.3345,0.1115,0.1115
7.8354,pi,6.2800,6.3741,0.1107,0.1107
7.8406,pi,6.2800,6.3787,0.1106,0.1106
7.8464,pi,6.2800,6.4075,0.1101,0.1101
7.8512,pi,6.2800,6.3828,0.1106,0.1106
7.8571,pi,6.2800,6.3599,0.1110,0.1110
7.8617,pi,6.2800,6.3443,0.1113,0.1113
7.8683,pi,6.2800,6.3799,0.1106,0.1106
7.8745,pi,6.2800,6.3429,0.1113,0.1113
7.8793,pi,6.2800,6.2828,0.1126,0.1126
7.8842,pi,6.2800,6.1819,0.1146,0.1146
7.8889,pi,6.2800,6.1012,0.1162,0.1162
7.8930,pi,6.2800,6.0365,0.1175,0.1175
7.8971,pi,6.2800,6.0173,0.1180,0.1180
7.9010,pi,6.2800,6.0045,0.1183,0.1183
7.9055,pi,6.2800,5.9923,0.1186,0.1186
7.9103,pi,6.2800,6.0309,0.1179,0.1179
7.9153,pi,6.2800,6.0139,0.1183,0.1183
7.9203,pi,6.2800,6.0018,0.1186,0.1186
7.9253,pi,6.2800,6.0490,0.1178,0.1178
7.9303,pi,6.2800,6.1218,0.1164,0.1164
7.9353,pi,6.2800,6.2245,0.1143,0.1143
7.9403,pi,6.2800,6.2603,0.1136,0.1136
7.9453,pi,6.2800,6.3343,0.1122,0.1122
7.9503,pi,6.2800,6.3741,0.1114,0.1114
7.9553,pi,6.2800,6.3785,0.1113,0.1113
7.9603,pi,6.2800,6.4287,0.1103,0.1103
7.9657,pi,6.2800,6.5000,0.1089,0.1089
7.9711,pi,6.2800,6.5037,0.1088,0.1088
7.9753,pi,6.2800,6.5093,0.1087,0.1087
7.9803,pi,6.2800,6.4873,0.1091,0.1091
7.9853,pi,6.2800,6.5151,0.1086,0.1086
7.9904,pi,6.2800,6.5187,0.1085,0.1085
7.9954,pi,6.2800,6.5196,0.1085,0.1085
8.0003,pi,6.2800,6.5225,0.1084,0.1084
8.0054,pi,6.2800,6.5249,0.1084,0.1084
8.0103,pi,6.2800,6.5262,0.1083,0.1083
8.0153,pi,6.2800,6.4998,0.1089,0.1089
8.0203,pi,6.2800,6.4799,0.1093,0.1093
8.0253,pi,6.2800,6.4660,0.1095,0.1095
8.0304,pi,6.2800,6.4794,0.1093,0.1093
8.0354,pi,6.2800,6.4396,0.1101,0.1101
8.0403,pi,6.2800,6.4310,0.1102,0.1102
8.0453,pi,6.2800,6.4243,0.1104,0.1104
8.0503,pi,6.2800,6.4209,0.1104,0.1104
8.0553,pi,6.2800,6.4163,0.1105,0.1105
8.0604,pi,6.2800,6.3895,0.1111,0.1111
8.0653,pi,6.2800,6.3911,0.1110,0.1110
8.0704,pi,6.2800,6.3923,0.1110,0.1110
8.0753,pi,6.2800,6.3933,0.1110,0.1110
8.0804,pi,6.2800,6.3712,0.1114,0.1114
8.0853,pi,6.2800,6.3763,0.1113,0.1113
8.0903,pi,6.2800,6.3808,0.1112,0.1112
8.0953,pi,6.2800,6.3841,0.1112,0.1112
8.1004,pi,6.2800,6.3637,0.1116,0.1116
8.1053,pi,6.2800,6.3475,0.1119,0.1119
8.1103,pi,6.2800,6.3574,0.1117,0.1117
8.1154,pi,6.2800,6.3424,0.1120,0.1120
8.1204,pi,6.2800,6.3304,0.1122,0.1122
8.1254,pi,6.2800,6.3204,0.1124,0.1124
8.1307,pi,6.2800,6.3625,0.1116,0.1116
8.1355,pi,6.2800,6.3459,0.1119,0.1119
8.1403,pi,6.2800,6.3831,0.1112,0.1112
8.1454,pi,6.2800,6.4113,0.1106,0.1106
8.1502,pi,6.2800,6.4087,0.1107,0.1107
8.1554,pi,6.2800,6.3835,0.1112,0.1112
8.1605,pi,6.2800,6.3627,0.1116,0.1116
8.1653,pi,6.2800,6.3966,0.1109,0.1109
8.1704,pi,6.2800,6.4239,0.1104,0.1104
8.1753,pi,6.2800,6.4643,0.1096,0.1096
8.1803,pi,6.2800,6.4517,0.1098,0.1098
8.1853,pi,6.2800,6.4415,0.1100,0.1100
8.1904,pi,6.2800,6.4333,0.1102,0.1102
8.1953,pi,6.2800,6.4265,0.1103,0.1103
8.2004,pi,6.2800,6.4481,0.1099,0.1099
8.2054,pi,6.2800,6.4651,0.1096,0.1096
8.2103,pi,6.2800,6.4518,0.1098,0.1098
8.2154,pi,6.2800,6.4419,0.1100,0.1100
8.2203,pi,6.2800,6.4337,0.1102,0.1102
8.2254,pi,6.2800,6.4022,0.1108,0.1108
8.2303,pi,6.2800,6.4017,0.1108,0.1108
8.2354,pi,6.2800,6.3774,0.1113,0.1113
8.2405,pi,6.2800,6.4085,0.1107,0.1107
8.2455,pi,6.2800,6.3807,0.1112,0.1112
8.2503,pi,6.2800,6.3839,0.1112,0.1112
8.2554,pi,6.2800,6.3410,0.1120,0.1120
8.2603,pi,6.2800,6.3528,0.1118,0.1118
8.2654,pi,6.2800,6.3384,0.1121,0.1121
8.2703,pi,6.2800,6.3271,0.1123,0.1123
8.2753,pi,6.2800,6.3406,0.1120,0.1120
8.2803,pi,6.2800,6.3289,0.1123,0.1123
8.2853,pi,6.2800,6.2965,0.1129,0.1129
8.2904,pi,6.2800,6.3170,0.1125,0.1125
8.2954,pi,6.2800,6.3333,0.1122,0.1122
8.3004,pi,6.2800,6.3225,0.1124,0.1124
8.3053,pi,6.2800,6.3375,0.1121,0.1121
8.3104,pi,6.2800,6.3264,0.1123,0.1123
8.3153,pi,6.2800,6.3404,0.1120,0.1120
8.3204,pi,6.2800,6.3286,0.1123,0.1123
8.3253,pi,6.2800,6.3421,0.1120,0.1120
8.3303,pi,6.2800,6.3536,0.1118,0.1118
8.3353,pi,6.2800,6.3622,0.1116,0.1116
8.3403,pi,6.2800,6.4151,0.1106,0.1106
8.3453,pi,6.2800,6.4115,0.1106,0.1106
8.3503,pi,6.2800,6.4089,0.1107,0.1107
8.3554,pi,6.2800,6.3835,0.1112,0.1112
8.3603,pi,6.2800,6.4137,0.1106,0.1106
8.3653,pi,6.2800,6.4562,0.1097,0.1097
8.3703,pi,6.2800,6.4443,0.1100,0.1100
8.3753,pi,6.2800,6.4809,0.1092,0.1092
8.3804,pi,6.2800,6.4412,0.1100,0.1100
8.3853,pi,6.2800,6.4323,0.1102,0.1102
8.3904,pi,6.2800,6.4024,0.1108,0.1108
8.3953,pi,6.2800,6.4014,0.1108,0.1108
8.4004,pi,6.2800,6.4464,0.1099,0.1099
8.4054,pi,6.2800,6.4640,0.1096,0.1096
8.4104,pi,6.2800,6.4276,0.1103,0.1103
8.4153,pi,6.2800,6.3985,0.1109,0.1109
8.4203,pi,6.2800,6.3983,0.1109,0.1109
8.4254,pi,6.2800,6.3752,0.1114,0.1114
8.4304,pi,6.2800,6.4061,0.1107,0.1107
8.4353,pi,6.2800,6.3816,0.1112,0.1112
8.4403,pi,6.2800,6.3849,0.1112,0.1112
8.4453,pi,6.2800,6.3644,0.1116,0.1116
8.4503,pi,6.2800,6.3480,0.1119,0.1119
8.4553,pi,6.2800,6.3125,0.1126,0.1126
8.4604,pi,6.2800,6.3569,0.1117,0.1117
8.4653,pi,6.2800,6.3654,0.1115,0.1115
8.4703,pi,6.2800,6.3723,0.1114,0.1114
8.4754,pi,6.2800,6.4038,0.1108,0.1108
8.4803,pi,6.2800,6.4028,0.1108,0.1108
8.4853,pi,6.2800,6.3572,0.1117,0.1117
8.4903,pi,6.2800,6.3656,0.1115,0.1115
8.4954,pi,6.2800,6.3993,0.1109,0.1109
8.5003,pi,6.2800,6.3994,0.1109,0.1109
8.5054,pi,6.2800,6.3759,0.1113,0.1113
8.5103,pi,6.2800,6.3799,0.1113,0.1113
8.5162,pi,6.2800,6.4101,0.1107,0.1107
8.5217,pi,6.2800,6.3838,0.1112,0.1112
8.5263,pi,6.2800,6.3863,0.1111,0.1111
8.5307,pi,6.2800,6.3654,0.1115,0.1115
8.5352,pi,6.2800,6.3718,0.1114,0.1114
8.5403,pi,6.2800,6.3771,0.1113,0.1113
8.5453,pi,6.2800,6.3810,0.1112,0.1112
8.5503,pi,6.2800,6.3850,0.1112,0.1112
8.5553,pi,6.2800,6.3875,0.1111,0.1111
8.5604,pi,6.2800,6.3895,0.1111,0.1111
8.5653,pi,6.2800,6.3914,0.1110,0.1110
8.5703,pi,6.2800,6.3935,0.1110,0.1110
8.5753,pi,6.2800,6.3949,0.1110,0.1110
8.5803,pi,6.2800,6.3958,0.1109,0.1109
8.5853,pi,6.2800,6.3963,0.1109,0.1109
8.5903,pi,6.2800,6.4239,0.1104,0.1104
8.5953,pi,6.2800,6.3957,0.1109,0.1109
8.6003,pi,6.2800,6.3732,0.1114,0.1114
8.6053,pi,6.2800,6.3551,0.1118,0.1118
8.6103,pi,6.2800,6.3634,0.1116,0.1116
8.6153,pi,6.2800,6.3705,0.1114,0.1114
8.6203,pi,6.2800,6.3530,0.1118,0.1118
8.6253,pi,6.2800,6.3617,0.1116,0.1116
8.6303,pi,6.2800,6.3459,0.1119,0.1119
8.6354,pi,6.2800,6.3831,0.1112,0.1112
8.6403,pi,6.2800,6.3631,0.1116,0.1116
8.6453,pi,6.2800,6.3702,0.1115,0.1115
8.6503,pi,6.2800,6.3758,0.1113,0.1113
8.6553,pi,6.2800,6.3802,0.1113,0.1113
8.6604,pi,6.2800,6.3608,0.1116,0.1116
8.6653,pi,6.2800,6.3955,0.1109,0.1109
8.6706,pi,6.2800,6.3712,0.1114,0.1114
8.6762,pi,6.2800,6.3523,0.1118,0.1118
8.6804,pi,6.2800,6.3376,0.1121,0.1121
8.6854,pi,6.2800,6.3491,0.1119,0.1119
8.6903,pi,6.2800,6.3357,0.1121,0.1121
8.6953,pi,6.2800,6.3244,0.1124,0.1124
8.7004,pi,6.2800,6.3658,0.1115,0.1115
8.7054,pi,6.2800,6.3488,0.1119,0.1119
8.7103,pi,6.2800,6.3856,0.1111,0.1111
8.7154,pi,6.2800,6.3644,0.1116,0.1116
8.7203,pi,6.2800,6.3708,0.1114,0.1114
8.7254,pi,6.2800,6.3776,0.1113,0.1113
8.7311,pi,6.2800,6.4088,0.1107,0.1107
8.7354,pi,6.2800,6.4334,0.1102,0.1102
8.7403,pi,6.2800,6.4534,0.1098,0.1098
8.7452,pi,6.2800,6.4884,0.1091,0.1091
8.7503,pi,6.2800,6.4705,0.1094,0.1094
8.7553,pi,6.2800,6.4563,0.1097,0.1097
8.7603,pi,6.2800,6.4447,0.1100,0.1100
8.7653,pi,6.2800,6.4358,0.1101,0.1101
8.7704,pi,6.2800,6.4051,0.1108,0.1108
8.7753,pi,6.2800,6.4304,0.1102,0.1102
8.7803,pi,6.2800,6.4234,0.1104,0.1104
8.7854,pi,6.2800,6.4190,0.1105,0.1105
8.7904,pi,6.2800,6.4421,0.1100,0.1100
8.7953,pi,6.2800,6.4092,0.1107,0.1107
8.8003,pi,6.2800,6.4331,0.1102,0.1102
8.8055,pi,6.2800,6.4032,0.1108,0.1108
8.8103,pi,6.2800,6.4290,0.1103,0.1103
8.8153,pi,6.2800,6.3996,0.1109,0.1109
8.8203,pi,6.2800,6.3988,0.1109,0.1109
8.8253,pi,6.2800,6.3987,0.1109,0.1109
8.8303,pi,6.2800,6.3987,0.1109,0.1109
8.8353,pi,6.2800,6.3984,0.1109,0.1109
8.8403,pi,6.2800,6.3984,0.1109,0.1109
8.8454,pi,6.2800,6.3526,0.1118,0.1118
8.8510,pi,6.2800,6.3383,0.1121,0.1121
8.8557,pi,6.2800,6.3764,0.1113,0.1113
8.8603,pi,6.2800,6.3803,0.1113,0.1113
8.8656,pi,6.2800,6.4108,0.1106,0.1106
8.8705,pi,6.2800,6.3844,0.1112,0.1112
8.8754,pi,6.2800,6.4127,0.1106,0.1106
8.8803,pi,6.2800,6.3869,0.1111,0.1111
8.8853,pi,6.2800,6.3890,0.1111,0.1111
8.8904,pi,6.2800,6.3678,0.1115,0.1115
8.8953,pi,6.2800,6.3738,0.1114,0.1114
8.9003,pi,6.2800,6.3786,0.1113,0.1113
8.9053,pi,6.2800,6.3837,0.1112,0.1112
8.9103,pi,6.2800,6.3412,0.1120,0.1120
8.9153,pi,6.2800,6.3527,0.1118,0.1118
8.9204,pi,6.2800,6.3161,0.1125,0.1125
8.9253,pi,6.2800,6.3332,0.1122,0.1122
8.9304,pi,6.2800,6.3020,0.1128,0.1128
8.9353,pi,6.2800,6.2981,0.1129,0.1129
8.9403,pi,6.2800,6.3179,0.1125,0.1125
8.9454,pi,6.2800,6.3108,0.1126,0.1126
8.9503,pi,6.2800,6.3280,0.1123,0.1123
8.9553,pi,6.2800,6.3190,0.1125,0.1125
8.9603,pi,6.2800,6.3347,0.1122,0.1122
8.9653,pi,6.2800,6.3476,0.1119,0.1119
8.9704,pi,6.2800,6.3848,0.1112,0.1112
8.9753,pi,6.2800,6.4332,0.1102,0.1102
8.9803,pi,6.2800,6.4261,0.1103,0.1103
8.9854,pi,6.2800,6.4477,0.1099,0.1099
8.9904,pi,6.2800,6.4146,0.1106,0.1106
8.9953,pi,6.2800,6.4385,0.1101,0.1101
9.0003,pi,6.2800,6.4072,0.1107,0.1107
9.0053,pi,6.2800,6.4325,0.1102,0.1102
9.0103,pi,6.2800,6.4024,0.1108,0.1108
9.0153,pi,6.2800,6.4286,0.1103,0.1103
9.0203,pi,6.2800,6.4220,0.1104,0.1104
9.0254,pi,6.2800,6.3940,0.1110,0.1110
9.0303,pi,6.2800,6.4221,0.1104,0.1104
9.0353,pi,6.2800,6.3942,0.1110,0.1110
9.0403,pi,6.2800,6.3950,0.1110,0.1110
9.0453,pi,6.2800,6.4414,0.1100,0.1100
9.0503,pi,6.2800,6.4326,0.1102,0.1102
9.0554,pi,6.2800,6.4026,0.1108,0.1108
9.0603,pi,6.2800,6.4016,0.1108,0.1108
9.0653,pi,6.2800,6.4465,0.1099,0.1099
9.0703,pi,6.2800,6.4368,0.1101,0.1101
9.0754,pi,6.2800,6.4561,0.1097,0.1097
9.0803,pi,6.2800,6.4216,0.1104,0.1104
9.0853,pi,6.2800,6.4166,0.1105,0.1105
9.0904,pi,6.2800,6.3899,0.1111,0.1111
9.0953,pi,6.2800,6.3684,0.1115,0.1115
9.1003,pi,6.2800,6.3513,0.1118,0.1118
9.1053,pi,6.2800,6.3605,0.1116,0.1116
9.1104,pi,6.2800,6.3450,0.1120,0.1120
9.1153,pi,6.2800,6.3556,0.1117,0.1117
9.1203,pi,6.2800,6.3640,0.1116,0.1116
9.1253,pi,6.2800,6.3708,0.1114,0.1114
9.1304,pi,6.2800,6.4032,0.1108,0.1108
9.1355,pi,6.2800,6.3786,0.1113,0.1113
9.1403,pi,6.2800,6.4087,0.1107,0.1107
9.1454,pi,6.2800,6.3836,0.1112,0.1112
9.1505,pi,6.2800,6.4135,0.1106,0.1106
9.1556,pi,6.2800,6.4374,0.1101,0.1101
9.1605,pi,6.2800,6.4564,0.1097,0.1097
9.1654,pi,6.2800,6.4716,0.1094,0.1094
9.1703,pi,6.2800,6.4339,0.1102,0.1102
9.1753,pi,6.2800,6.4266,0.1103,0.1103
9.1804,pi,6.2800,6.4207,0.1104,0.1104
9.1853,pi,6.2800,6.4164,0.1105,0.1105
9.1904,pi,6.2800,6.4131,0.1106,0.1106
9.1953,pi,6.2800,6.4109,0.1106,0.1106
9.2003,pi,6.2800,6.4083,0.1107,0.1107
9.2053,pi,6.2800,6.4064,0.1107,0.1107
9.2103,pi,6.2800,6.4052,0.1108,0.1108
9.2153,pi,6.2800,6.4039,0.1108,0.1108
9.2203,pi,6.2800,6.3575,0.1117,0.1117
9.2254,pi,6.2800,6.3425,0.1120,0.1120
9.2303,pi,6.2800,6.3539,0.1118,0.1118
9.2355,pi,6.2800,6.3378,0.1121,0.1121
9.2403,pi,6.2800,6.3767,0.1113,0.1113
9.2453,pi,6.2800,6.3810,0.1112,0.1112
9.2503,pi,6.2800,6.3846,0.1112,0.1112
9.2553,pi,6.2800,6.3875,0.1111,0.1111
9.2604,pi,6.2800,6.3664,0.1115,0.1115
9.2653,pi,6.2800,6.3268,0.1123,0.1123
9.2704,pi,6.2800,6.3681,0.1115,0.1115
9.2754,pi,6.2800,6.3509,0.1118,0.1118
9.2803,pi,6.2800,6.3373,0.1121,0.1121
9.2854,pi,6.2800,6.3487,0.1119,0.1119
9.2904,pi,6.2800,6.3356,0.1121,0.1121
9.2953,pi,6.2800,6.3247,0.1124,0.1124
9.3003,pi,6.2800,6.3160,0.1125,0.1125
9.3053,pi,6.2800,6.3594,0.1117,0.1117
9.3103,pi,6.2800,6.3441,0.1120,0.1120
9.3153,pi,6.2800,6.3548,0.1118,0.1118
9.3204,pi,6.2800,6.3906,0.1110,0.1110
9.3253,pi,6.2800,6.3919,0.1110,0.1110
9.3303,pi,6.2800,6.4200,0.1105,0.1105
9.3353,pi,6.2800,6.4150,0.1106,0.1106
9.3403,pi,6.2800,6.4117,0.1106,0.1106
9.3453,pi,6.2800,6.4087,0.1107,0.1107
9.3504,pi,6.2800,6.4522,0.1098,0.1098
9.3554,pi,6.2800,6.4180,0.1105,0.1105
9.3604,pi,6.2800,6.4409,0.1100,0.1100
9.3654,pi,6.2800,6.4094,0.1107,0.1107
9.3705,pi,6.2800,6.3841,0.1112,0.1112
9.3759,pi,6.2800,6.4140,0.1106,0.1106
9.3807,pi,6.2800,6.3874,0.1111,0.1111
9.3853,pi,6.2800,6.4157,0.1105,0.1105
9.3903,pi,6.2800,6.4122,0.1106,0.1106
9.3953,pi,6.2800,6.4095,0.1107,0.1107
9.4003,pi,6.2800,6.4073,0.1107,0.1107
9.4053,pi,6.2800,6.4055,0.1107,0.1107
9.4103,pi,6.2800,6.4501,0.1099,0.1099
9.4153,pi,6.2800,6.4404,0.1101,0.1101
9.4204,pi,6.2800,6.4592,0.1097,0.1097
9.4253,pi,6.2800,6.4470,0.1099,0.1099
9.4304,pi,6.2800,6.4645,0.1096,0.1096
9.4353,pi,6.2800,6.4515,0.1098,0.1098
9.4404,pi,6.2800,6.4177,0.1105,0.1105
9.4453,pi,6.2800,6.3906,0.1110,0.1110
9.4504,pi,6.2800,6.4193,0.1105,0.1105
9.4553,pi,6.2800,6.3919,0.1110,0.1110
9.4603,pi,6.2800,6.3699,0.1115,0.1115
9.4653,pi,6.2800,6.3522,0.1118,0.1118
9.4703,pi,6.2800,6.3609,0.1116,0.1116
9.4754,pi,6.2800,6.3452,0.1120,0.1120
9.4803,pi,6.2800,6.3558,0.1117,0.1117
9.4854,pi,6.2800,6.3412,0.1120,0.1120
9.4903,pi,6.2800,6.3798,0.1113,0.1113
9.4953,pi,6.2800,6.3835,0.1112,0.1112
9.5004,pi,6.2800,6.3633,0.1116,0.1116
9.5055,pi,6.2800,6.3969,0.1109,0.1109
9.5115,pi,6.2800,6.3730,0.1114,0.1114
9.5169,pi,6.2800,6.4027,0.1108,0.1108
9.5213,pi,6.2800,6.3782,0.1113,0.1113
9.5258,pi,6.2800,6.4088,0.1107,0.1107
9.5306,pi,6.2800,6.3830,0.1112,0.1112
9.5353,pi,6.2800,6.3858,0.1111,0.1111
9.5403,pi,6.2800,6.3883,0.1111,0.1111
9.5454,pi,6.2800,6.4174,0.1105,0.1105
9.5503,pi,6.2800,6.3905,0.1110,0.1110
9.5553,pi,6.2800,6.3921,0.1110,0.1110
9.5604,pi,6.2800,6.3701,0.1115,0.1115
9.5653,pi,6.2800,6.3764,0.1113,0.1113
9.5703,pi,6.2800,6.3376,0.1121,0.1121
9.5753,pi,6.2800,6.3504,0.1118,0.1118
9.5803,pi,6.2800,6.3603,0.1117,0.1117
9.5853,pi,6.2800,6.3445,0.1120,0.1120
9.5903,pi,6.2800,6.3096,0.1127,0.1127
9.5953,pi,6.2800,6.3272,0.1123,0.1123
9.6003,pi,6.2800,6.3414,0.1120,0.1120
9.6053,pi,6.2800,6.3529,0.1118,0.1118
9.6103,pi,6.2800,6.3619,0.1116,0.1116
9.6154,pi,6.2800,6.3461,0.1119,0.1119
9.6203,pi,6.2800,6.3837,0.1112,0.1112
9.6253,pi,6.2800,6.3628,0.1116,0.1116
9.6303,pi,6.2800,6.3699,0.1115,0.1115
9.6354,pi,6.2800,6.3757,0.1113,0.1113
9.6403,pi,6.2800,6.4074,0.1107,0.1107
9.6453,pi,6.2800,6.4328,0.1102,0.1102
9.6503,pi,6.2800,6.4028,0.1108,0.1108
9.6553,pi,6.2800,6.4292,0.1103,0.1103
9.6603,pi,6.2800,6.4229,0.1104,0.1104
9.6654,pi,6.2800,6.4178,0.1105,0.1105
9.6703,pi,6.2800,6.4140,0.1106,0.1106
9.6754,pi,6.2800,6.4106,0.1106,0.1106
9.6804,pi,6.2800,6.3850,0.1112,0.1112
9.6853,pi,6.2800,6.3645,0.1116,0.1116
9.6903,pi,6.2800,6.3255,0.1123,0.1123
9.6953,pi,6.2800,6.3169,0.1125,0.1125
9.7004,pi,6.2800,6.3098,0.1127,0.1127
9.7053,pi,6.2800,6.3044,0.1128,0.1128
9.7103,pi,6.2800,6.3499,0.1119,0.1119
9.7153,pi,6.2800,6.3365,0.1121,0.1121
9.7203,pi,6.2800,6.3761,0.1113,0.1113
9.7253,pi,6.2800,6.3803,0.1113,0.1113
9.7303,pi,6.2800,6.3839,0.1112,0.1112
9.7354,pi,6.2800,6.3637,0.1116,0.1116
9.7403,pi,6.2800,6.3706,0.1114,0.1114
9.7454,pi,6.2800,6.3531,0.1118,0.1118
9.7503,pi,6.2800,6.3620,0.1116,0.1116
9.7554,pi,6.2800,6.3461,0.1119,0.1119
9.7603,pi,6.2800,6.3564,0.1117,0.1117
9.7653,pi,6.2800,6.3651,0.1116,0.1116
9.7703,pi,6.2800,6.3716,0.1114,0.1114
9.7753,pi,6.2800,6.3769,0.1113,0.1113
9.7803,pi,6.2800,6.3581,0.1117,0.1117
9.7853,pi,6.2800,6.3658,0.1115,0.1115
9.7903,pi,6.2800,6.3724,0.1114,0.1114
9.7954,pi,6.2800,6.4045,0.1108,0.1108
9.8003,pi,6.2800,6.4302,0.1103,0.1103
9.8054,pi,6.2800,6.4510,0.1098,0.1098
9.8103,pi,6.2800,6.4676,0.1095,0.1095
9.8153,pi,6.2800,6.4305,0.1102,0.1102
9.8203,pi,6.2800,6.4512,0.1098,0.1098
9.8253,pi,6.2800,6.4173,0.1105,0.1105
9.8303,pi,6.2800,6.4133,0.1106,0.1106
9.8353,pi,6.2800,6.4100,0.1107,0.1107
9.8404,pi,6.2800,6.4348,0.1102,0.1102
9.8453,pi,6.2800,6.4270,0.1103,0.1103
9.8503,pi,6.2800,6.4215,0.1104,0.1104
9.8553,pi,6.2800,6.3714,0.1114,0.1114
9.8604,pi,6.2800,6.3532,0.1118,0.1118
9.8653,pi,6.2800,6.3164,0.1125,0.1125
9.8704,pi,6.2800,6.3093,0.1127,0.1127
9.8754,pi,6.2800,6.3037,0.1128,0.1128
9.8804,pi,6.2800,6.2995,0.1129,0.1129
9.8853,pi,6.2800,6.2961,0.1129,0.1129
9.8903,pi,6.2800,6.2935,0.1130,0.1130
9.8953,pi,6.2800,6.3143,0.1126,0.1126
9.9004,pi,6.2800,6.3311,0.1122,0.1122
9.9053,pi,6.2800,6.3445,0.1120,0.1120
9.9104,pi,6.2800,6.3550,0.1118,0.1118
9.9153,pi,6.2800,6.3640,0.1116,0.1116
9.9204,pi,6.2800,6.3708,0.1114,0.1114
9.9253,pi,6.2800,6.3765,0.1113,0.1113
9.9303,pi,6.2800,6.4270,0.1103,0.1103
9.9353,pi,6.2800,6.4210,0.1104,0.1104
9.9405,pi,6.2800,6.3922,0.1110,0.1110
9.9453,pi,6.2800,6.3702,0.1115,0.1115
9.9504,pi,6.2800,6.4030,0.1108,0.1108
9.9553,pi,6.2800,6.3787,0.1113,0.1113
9.9604,pi,6.2800,6.4098,0.1107,0.1107
9.9653,pi,6.2800,6.4531,0.1098,0.1098
9.9703,pi,6.2800,6.4419,0.1100,0.1100
9.9754,pi,6.2800,6.4594,0.1097,0.1097
9.9804,pi,6.2800,6.4238,0.1104,0.1104
9.9853,pi,6.2800,6.4183,0.1105,0.1105
9.9903,pi,6.2800,6.4142,0.1106,0.1106
9.9953,pi,6.2800,6.4577,0.1097,0.1097
10.0004,pi,6.2800,6.4227,0.1104,0.1104
10.0053,pi,6.2800,6.4176,0.1105,0.1105
10.0106,pi,6.2800,6.3896,0.1111,0.1111
10.0153,pi,6.2800,6.3916,0.1110,0.1110
10.0203,pi,6.2800,6.3469,0.1119,0.1119
10.0253,pi,6.2800,6.3570,0.1117,0.1117
10.0307,pi,6.2800,6.3420,0.1120,0.1120
10.0354,pi,6.2800,6.3298,0.1123,0.1123
10.0403,pi,6.2800,6.3706,0.1114,0.1114
10.0453,pi,6.2800,6.3528,0.1118,0.1118
10.0502,pi,6.2800,6.3617,0.1116,0.1116
10.0553,pi,6.2800,6.3689,0.1115,0.1115
10.0603,pi,6.2800,6.3746,0.1114,0.1114
10.0660,pi,6.2800,6.3548,0.1118,0.1118
10.0708,pi,6.2800,6.3898,0.1111,0.1111
10.0757,pi,6.2800,6.4178,0.1105,0.1105
10.0803,pi,6.2800,6.4138,0.1106,0.1106
10.0853,pi,6.2800,6.4112,0.1106,0.1106
10.0903,pi,6.2800,6.4089,0.1107,0.1107
10.0954,pi,6.2800,6.4330,0.1102,0.1102
10.1004,pi,6.2800,6.4027,0.1108,0.1108
10.1055,pi,6.2800,6.4269,0.1103,0.1103
10.1104,pi,6.2800,6.4471,0.1099,0.1099
10.1153,pi,6.2800,6.4373,0.1101,0.1101
10.1204,pi,6.2800,6.4755,0.1093,0.1093
10.1253,pi,6.2800,6.4606,0.1096,0.1096
10.1304,pi,6.2800,6.4750,0.1094,0.1094
10.1356,pi,6.2800,6.4862,0.1091,0.1091
10.1406,pi,6.2800,6.4951,0.1090,0.1090
10.1454,pi,6.2800,6.4755,0.1093,0.1093
10.1503,pi,6.2800,6.4611,0.1096,0.1096
10.1553,pi,6.2800,6.4489,0.1099,0.1099
10.1607,pi,6.2800,6.4405,0.1100,0.1100
10.1657,pi,6.2800,6.4087,0.1107,0.1107
10.1702,pi,6.2800,6.4063,0.1107,0.1107
10.1754,pi,6.2800,6.3816,0.1112,0.1112
10.1803,pi,6.2800,6.3849,0.1112,0.1112
10.1853,pi,6.2800,6.3420,0.1120,0.1120
10.1903,pi,6.2800,6.3536,0.1118,0.1118
10.1953,pi,6.2800,6.3174,0.1125,0.1125
10.2004,pi,6.2800,6.3336,0.1122,0.1122
10.2053,pi,6.2800,6.3466,0.1119,0.1119
10.2103,pi,6.2800,6.3566,0.1117,0.1117
10.2155,pi,6.2800,6.3418,0.1120,0.1120
10.2203,pi,6.2800,6.3532,0.1118,0.1118
10.2253,pi,6.2800,6.3623,0.1116,0.1116
10.2304,pi,6.2800,6.3696,0.1115,0.1115
10.2353,pi,6.2800,6.3752,0.1114,0.1114
10.2404,pi,6.2800,6.3562,0.1117,0.1117
10.2452,pi,6.2800,6.3644,0.1116,0.1116
10.2505,pi,6.2800,6.3474,0.1119,0.1119
10.2554,pi,6.2800,6.3341,0.1122,0.1122
10.2603,pi,6.2800,6.3739,0.1114,0.1114
10.2653,pi,6.2800,6.3784,0.1113,0.1113
10.2704,pi,6.2800,6.4096,0.1107,0.1107
10.2753,pi,6.2800,6.3835,0.1112,0.1112
10.2803,pi,6.2800,6.4135,0.1106,0.1106
10.2853,pi,6.2800,6.3874,0.1111,0.1111
10.2903,pi,6.2800,6.3893,0.1111,0.1111
10.2953,pi,6.2800,6.4182,0.1105,0.1105
10.3003,pi,6.2800,6.4136,0.1106,0.1106
10.3053,pi,6.2800,6.4108,0.1106,0.1106
10.3103,pi,6.2800,6.4084,0.1107,0.1107
10.3153,pi,6.2800,6.4065,0.1107,0.1107
10.3204,pi,6.2800,6.4049,0.1108,0.1108
10.3253,pi,6.2800,6.4035,0.1108,0.1108
10.3304,pi,6.2800,6.3788,0.1113,0.1113
10.3353,pi,6.2800,6.4096,0.1107,0.1107
10.3404,pi,6.2800,6.3841,0.1112,0.1112
10.3453,pi,6.2800,6.3639,0.1116,0.1116
10.3503,pi,6.2800,6.3248,0.1124,0.1124
10.3554,pi,6.2800,6.3667,0.1115,0.1115
10.3604,pi,6.2800,6.3496,0.1119,0.1119
10.3653,pi,6.2800,6.3362,0.1121,0.1121
10.3703,pi,6.2800,6.3484,0.1119,0.1119
10.3754,pi,6.2800,6.3353,0.1122,0.1122
10.3803,pi,6.2800,6.3019,0.1128,0.1128
10.3853,pi,6.2800,6.3214,0.1124,0.1124
10.3903,pi,6.2800,6.3368,0.1121,0.1121
10.3953,pi,6.2800,6.3490,0.1119,0.1119
10.4003,pi,6.2800,6.3589,0.1117,0.1117
10.4053,pi,6.2800,6.3667,0.1115,0.1115
10.4103,pi,6.2800,6.3731,0.1114,0.1114
10.4154,pi,6.2800,6.4051,0.1108,0.1108
10.4203,pi,6.2800,6.3804,0.1112,0.1112
10.4253,pi,6.2800,6.4112,0.1106,0.1106
10.4303,pi,6.2800,6.4085,0.1107,0.1107
10.4353,pi,6.2800,6.4336,0.1102,0.1102
10.4403,pi,6.2800,6.4034,0.1108,0.1108
10.4453,pi,6.2800,6.4295,0.1103,0.1103
10.4504,pi,6.2800,6.3997,0.1109,0.1109
10.4553,pi,6.2800,6.3993,0.1109,0.1109
10.4604,pi,6.2800,6.3759,0.1113,0.1113
10.4653,pi,6.2800,6.3800,0.1113,0.1113
10.4705,pi,6.2800,6.3606,0.1116,0.1116
10.4754,pi,6.2800,6.3682,0.1115,0.1115
10.4803,pi,6.2800,6.3511,0.1118,0.1118
10.4853,pi,6.2800,6.3604,0.1116,0.1116
10.4904,pi,6.2800,6.3224,0.1124,0.1124
10.4954,pi,6.2800,6.3374,0.1121,0.1121
10.5005,pi,6.2800,6.3495,0.1119,0.1119
10.5054,pi,6.2800,6.3361,0.1121,0.1121
10.5102,pi,6.2800,6.3484,0.1119,0.1119
10.5153,pi,6.2800,6.3585,0.1117,0.1117
10.5203,pi,6.2800,6.3666,0.1115,0.1115
10.5254,pi,6.2800,6.3498,0.1119,0.1119
10.5303,pi,6.2800,6.3594,0.1117,0.1117
10.5354,pi,6.2800,6.3438,0.1120,0.1120
10.5403,pi,6.2800,6.3817,0.1112,0.1112
10.5453,pi,6.2800,6.3619,0.1116,0.1116
10.5502,pi,6.2800,6.3692,0.1115,0.1115
10.5553,pi,6.2800,6.3750,0.1114,0.1114
10.5604,pi,6.2800,6.3563,0.1117,0.1117
10.5653,pi,6.2800,6.3918,0.1110,0.1110
10.5703,pi,6.2800,6.3697,0.1115,0.1115
10.5753,pi,6.2800,6.4022,0.1108,0.1108
10.5803,pi,6.2800,6.4014,0.1108,0.1108
10.5854,pi,6.2800,6.4005,0.1108,0.1108
10.5903,pi,6.2800,6.4459,0.1099,0.1099
10.5953,pi,6.2800,6.4362,0.1101,0.1101
10.6003,pi,6.2800,6.4558,0.1097,0.1097
10.6053,pi,6.2800,6.4210,0.1104,0.1104
10.6103,pi,6.2800,6.4163,0.1105,0.1105
10.6154,pi,6.2800,6.3895,0.1111,0.1111
10.6203,pi,6.2800,6.3910,0.1110,0.1110
10.6253,pi,6.2800,6.3923,0.1110,0.1110
10.6305,pi,6.2800,6.4205,0.1104,0.1104
10.6357,pi,6.2800,6.3925,0.1110,0.1110
10.6408,pi,6.2800,6.3706,0.1114,0.1114
10.6453,pi,6.2800,6.3530,0.1118,0.1118
10.6503,pi,6.2800,6.3390,0.1121,0.1121
10.6553,pi,6.2800,6.3050,0.1128,0.1128
10.6604,pi,6.2800,6.3237,0.1124,0.1124
10.6653,pi,6.2800,6.3384,0.1121,0.1121
10.6704,pi,6.2800,6.3272,0.1123,0.1123
10.6753,pi,6.2800,6.3412,0.1120,0.1120
10.6804,pi,6.2800,6.3524,0.1118,0.1118
10.6853,pi,6.2800,6.3617,0.1116,0.1116
10.6903,pi,6.2800,6.3694,0.1115,0.1115
10.6953,pi,6.2800,6.3752,0.1114,0.1114
10.7003,pi,6.2800,6.3567,0.1117,0.1117
10.7054,pi,6.2800,6.3922,0.1110,0.1110
10.7104,pi,6.2800,6.3691,0.1115,0.1115
10.7154,pi,6.2800,6.3520,0.1118,0.1118
10.7203,pi,6.2800,6.3611,0.1116,0.1116
10.7254,pi,6.2800,6.3453,0.1120,0.1120
10.7303,pi,6.2800,6.3558,0.1117,0.1117
10.7354,pi,6.2800,6.3413,0.1120,0.1120
10.7404,pi,6.2800,6.3797,0.1113,0.1113
10.7453,pi,6.2800,6.4105,0.1106,0.1106
10.7504,pi,6.2800,6.4352,0.1102,0.1102
10.7553,pi,6.2800,6.4548,0.1098,0.1098
10.7604,pi,6.2800,6.4431,0.1100,0.1100
10.7653,pi,6.2800,6.4807,0.1092,0.1092
10.7704,pi,6.2800,6.4643,0.1096,0.1096
10.7753,pi,6.2800,6.4510,0.1098,0.1098
10.7805,pi,6.2800,6.4174,0.1105,0.1105
10.7852,pi,6.2800,6.4134,0.1106,0.1106
10.7903,pi,6.2800,6.4105,0.1106,0.1106
10.7953,pi,6.2800,6.4082,0.1107,0.1107
10.8004,pi,6.2800,6.3604,0.1116,0.1116
10.8053,pi,6.2800,6.3680,0.1115,0.1115
10.8104,pi,6.2800,6.3507,0.1118,0.1118
10.8152,pi,6.2800,6.3603,0.1117,0.1117
10.8203,pi,6.2800,6.3449,0.1120,0.1120
10.8254,pi,6.2800,6.3555,0.1117,0.1117
10.8303,pi,6.2800,6.3182,0.1125,0.1125
10.8353,pi,6.2800,6.3342,0.1122,0.1122
10.8404,pi,6.2800,6.3237,0.1124,0.1124
10.8454,pi,6.2800,6.3155,0.1125,0.1125
10.8503,pi,6.2800,6.3593,0.1117,0.1117
10.8554,pi,6.2800,6.3437,0.1120,0.1120
10.8603,pi,6.2800,6.3541,0.1118,0.1118
10.8654,pi,6.2800,6.3397,0.1121,0.1121
10.8703,pi,6.2800,6.3785,0.1113,0.1113
10.8754,pi,6.2800,6.3592,0.1117,0.1117
10.8803,pi,6.2800,6.3940,0.1110,0.1110
10.8853,pi,6.2800,6.4216,0.1104,0.1104
10.8903,pi,6.2800,6.4439,0.1100,0.1100
10.8953,pi,6.2800,6.4617,0.1096,0.1096
10.9003,pi,6.2800,6.4259,0.1103,0.1103
10.9053,pi,6.2800,6.4202,0.1105,0.1105
10.9103,pi,6.2800,6.4157,0.1105,0.1105
10.9155,pi,6.2800,6.4382,0.1101,0.1101
10.9204,pi,6.2800,6.4071,0.1107,0.1107
10.9254,pi,6.2800,6.4323,0.1102,0.1102
10.9306,pi,6.2800,6.4013,0.1108,0.1108
10.9357,pi,6.2800,6.3775,0.1113,0.1113
10.9405,pi,6.2800,6.4084,0.1107,0.1107
10.9453,pi,6.2800,6.4063,0.1107,0.1107
10.9504,pi,6.2800,6.3814,0.1112,0.1112
10.9557,pi,6.2800,6.3606,0.1116,0.1116
10.9606,pi,6.2800,6.3948,0.1110,0.1110
10.9655,pi,6.2800,6.3951,0.1110,0.1110
10.9703,pi,6.2800,6.3968,0.1109,0.1109
10.9756,pi,6.2800,6.3733,0.1114,0.1114
10.9805,pi,6.2800,6.3778,0.1113,0.1113
10.9860,pi,6.2800,6.3579,0.1117,0.1117
10.9916,pi,6.2800,6.3219,0.1124,0.1124
10.9963,pi,6.2800,6.3144,0.1126,0.1126
11.0014,pi,6.2800,6.3573,0.1117,0.1117
11.0061,pi,6.2800,6.3423,0.1120,0.1120
11.0109,pi,6.2800,6.3296,0.1123,0.1123
11.0160,pi,6.2800,6.3703,0.1115,0.1115
11.0209,pi,6.2800,6.3522,0.1118,0.1118
11.0257,pi,6.2800,6.3609,0.1116,0.1116
11.0305,pi,6.2800,6.3687,0.1115,0.1115
11.0355,pi,6.2800,6.3745,0.1114,0.1114
11.0405,pi,6.2800,6.3799,0.1113,0.1113
11.0456,pi,6.2800,6.4004,0.1109,0.1109
11.0505,pi,6.2800,6.4460,0.1099,0.1099
11.0556,pi,6.2800,6.4371,0.1101,0.1101
11.0605,pi,6.2800,6.4756,0.1093,0.1093
11.0658,pi,6.2800,6.4369,0.1101,0.1101
11.0711,pi,6.2800,6.4562,0.1097,0.1097
11.0760,pi,6.2800,6.4205,0.1104,0.1104
11.0807,pi,6.2800,6.4424,0.1100,0.1100
11.0859,pi,6.2800,6.4099,0.1107,0.1107
11.0912,pi,6.2800,6.4346,0.1102,0.1102
11.0957,pi,6.2800,6.4030,0.1108,0.1108
11.1010,pi,6.2800,6.3790,0.1113,0.1113
11.1056,pi,6.2800,6.4102,0.1107,0.1107
11.1109,pi,6.2800,6.3840,0.1112,0.1112
11.1162,pi,6.2800,6.3631,0.1116,0.1116
11.1208,pi,6.2800,6.3467,0.1119,0.1119
11.1259,pi,6.2800,6.3570,0.1117,0.1117
11.1309,pi,6.2800,6.3656,0.1115,0.1115
11.1355,pi,6.2800,6.3722,0.1114,0.1114
11.1406,pi,6.2800,6.3778,0.1113,0.1113
11.1453,pi,6.2800,6.3824,0.1112,0.1112
11.1503,pi,6.2800,6.3870,0.1111,0.1111
11.1553,pi,6.2800,6.3897,0.1111,0.1111
11.1605,pi,6.2800,6.3457,0.1119,0.1119
11.1653,pi,6.2800,6.3566,0.1117,0.1117
11.1704,pi,6.2800,6.3656,0.1115,0.1115
11.1753,pi,6.2800,6.3731,0.1114,0.1114
11.1804,pi,6.2800,6.3786,0.1113,0.1113
11.1855,pi,6.2800,6.3593,0.1117,0.1117
11.1906,pi,6.2800,6.3672,0.1115,0.1115
11.1953,pi,6.2800,6.3502,0.1119,0.1119
11.2003,pi,6.2800,6.3870,0.1111,0.1111
11.2053,pi,6.2800,6.3659,0.1115,0.1115
11.2103,pi,6.2800,6.3717,0.1114,0.1114
11.2154,pi,6.2800,6.3770,0.1113,0.1113
11.2203,pi,6.2800,6.3813,0.1112,0.1112
11.2254,pi,6.2800,6.3616,0.1116,0.1116
11.2303,pi,6.2800,6.3459,0.1119,0.1119
11.2353,pi,6.2800,6.3561,0.1117,0.1117
11.2403,pi,6.2800,6.3652,0.1116,0.1116
11.2453,pi,6.2800,6.3261,0.1123,0.1123
11.2504,pi,6.2800,6.3167,0.1125,0.1125
11.2553,pi,6.2800,6.3600,0.1117,0.1117
11.2603,pi,6.2800,6.3674,0.1115,0.1115
11.2654,pi,6.2800,6.4007,0.1108,0.1108
11.2703,pi,6.2800,6.4002,0.1109,0.1109
11.2753,pi,6.2800,6.4000,0.1109,0.1109
11.2804,pi,6.2800,6.3998,0.1109,0.1109
11.2853,pi,6.2800,6.3994,0.1109,0.1109
11.2904,pi,6.2800,6.3760,0.1113,0.1113
11.2953,pi,6.2800,6.3803,0.1113,0.1113
11.3004,pi,6.2800,6.3838,0.1112,0.1112
11.3053,pi,6.2800,6.3873,0.1111,0.1111
11.3104,pi,6.2800,6.4167,0.1105,0.1105
11.3153,pi,6.2800,6.4130,0.1106,0.1106
11.3204,pi,6.2800,6.3870,0.1111,0.1111
11.3253,pi,6.2800,6.3662,0.1115,0.1115
11.3303,pi,6.2800,6.3725,0.1114,0.1114
11.3353,pi,6.2800,6.3545,0.1118,0.1118
11.3403,pi,6.2800,6.3631,0.1116,0.1116
11.3453,pi,6.2800,6.3701,0.1115,0.1115
11.3503,pi,6.2800,6.3756,0.1113,0.1113
11.3554,pi,6.2800,6.3570,0.1117,0.1117
11.3603,pi,6.2800,6.3652,0.1116,0.1116
11.3653,pi,6.2800,6.3718,0.1114,0.1114
11.3703,pi,6.2800,6.3769,0.1113,0.1113
11.3753,pi,6.2800,6.4084,0.1107,0.1107
11.3803,pi,6.2800,6.3833,0.1112,0.1112
11.3853,pi,6.2800,6.3860,0.1111,0.1111
11.3904,pi,6.2800,6.3653,0.1116,0.1116
11.3953,pi,6.2800,6.3716,0.1114,0.1114
11.4004,pi,6.2800,6.3539,0.1118,0.1118
11.4053,pi,6.2800,6.3899,0.1111,0.1111
11.4111,pi,6.2800,6.3680,0.1115,0.1115
11.4159,pi,6.2800,6.3507,0.1118,0.1118
11.4203,pi,6.2800,6.3872,0.1111,0.1111
11.4253,pi,6.2800,6.3664,0.1115,0.1115
11.4303,pi,6.2800,6.3271,0.1123,0.1123
11.4354,pi,6.2800,6.3181,0.1125,0.1125
11.4409,pi,6.2800,6.3608,0.1116,0.1116
11.4460,pi,6.2800,6.3448,0.1120,0.1120
11.4504,pi,6.2800,6.3553,0.1118,0.1118
11.4553,pi,6.2800,6.3639,0.1116,0.1116
11.4603,pi,6.2800,6.3711,0.1114,0.1114
11.4653,pi,6.2800,6.3771,0.1113,0.1113
11.4703,pi,6.2800,6.3817,0.1112,0.1112
11.4753,pi,6.2800,6.3396,0.1121,0.1121
11.4803,pi,6.2800,6.3514,0.1118,0.1118
11.4853,pi,6.2800,6.3606,0.1116,0.1116
11.4903,pi,6.2800,6.3684,0.1115,0.1115
11.4953,pi,6.2800,6.3752,0.1114,0.1114
11.5003,pi,6.2800,6.3803,0.1113,0.1113
11.5054,pi,6.2800,6.4109,0.1106,0.1106
11.5103,pi,6.2800,6.3853,0.1112,0.1112
11.5153,pi,6.2800,6.3877,0.1111,0.1111
11.5203,pi,6.2800,6.3667,0.1115,0.1115
11.5253,pi,6.2800,6.3729,0.1114,0.1114
11.5303,pi,6.2800,6.3778,0.1113,0.1113
11.5353,pi,6.2800,6.3818,0.1112,0.1112
11.5404,pi,6.2800,6.3619,0.1116,0.1116
11.5454,pi,6.2800,6.3458,0.1119,0.1119
11.5503,pi,6.2800,6.3332,0.1122,0.1122
11.5552,pi,6.2800,6.3460,0.1119,0.1119
11.5603,pi,6.2800,6.3333,0.1122,0.1122
11.5653,pi,6.2800,6.3233,0.1124,0.1124
11.5703,pi,6.2800,6.3655,0.1115,0.1115
11.5753,pi,6.2800,6.3490,0.1119,0.1119
11.5803,pi,6.2800,6.3356,0.1121,0.1121
11.5854,pi,6.2800,6.3247,0.1124,0.1124
11.5905,pi,6.2800,6.3663,0.1115,0.1115
11.5960,pi,6.2800,6.3489,0.1119,0.1119
11.6007,pi,6.2800,6.3352,0.1122,0.1122
11.6054,pi,6.2800,6.3241,0.1124,0.1124
11.6103,pi,6.2800,6.3660,0.1115,0.1115
11.6153,pi,6.2800,6.3490,0.1119,0.1119
11.6203,pi,6.2800,6.3358,0.1121,0.1121
11.6254,pi,6.2800,6.3248,0.1124,0.1124
11.6303,pi,6.2800,6.3667,0.1115,0.1115
11.6354,pi,6.2800,6.3498,0.1119,0.1119
11.6404,pi,6.2800,6.3594,0.1117,0.1117
11.6453,pi,6.2800,6.3671,0.1115,0.1115
11.6504,pi,6.2800,6.3738,0.1114,0.1114
11.6553,pi,6.2800,6.3789,0.1113,0.1113
11.6604,pi,6.2800,6.3597,0.1117,0.1117
11.6653,pi,6.2800,6.3672,0.1115,0.1115
11.6704,pi,6.2800,6.3503,0.1119,0.1119
11.6753,pi,6.2800,6.3596,0.1117,0.1117
11.6805,pi,6.2800,6.3425,0.1120,0.1120
11.6852,pi,6.2800,6.3534,0.1118,0.1118
11.6903,pi,6.2800,6.4082,0.1107,0.1107
11.6954,pi,6.2800,6.3831,0.1112,0.1112
11.7004,pi,6.2800,6.4133,0.1106,0.1106
11.7053,pi,6.2800,6.4374,0.1101,0.1101
11.7103,pi,6.2800,6.4752,0.1094,0.1094
11.7154,pi,6.2800,6.4365,0.1101,0.1101
11.7204,pi,6.2800,6.4559,0.1097,0.1097
11.7254,pi,6.2800,6.4212,0.1104,0.1104
11.7303,pi,6.2800,6.4165,0.1105,0.1105
11.7353,pi,6.2800,6.4600,0.1097,0.1097
11.7403,pi,6.2800,6.4244,0.1104,0.1104
11.7453,pi,6.2800,6.3730,0.1114,0.1114
11.7503,pi,6.2800,6.3781,0.1113,0.1113
11.7553,pi,6.2800,6.3821,0.1112,0.1112
11.7603,pi,6.2800,6.3622,0.1116,0.1116
11.7653,pi,6.2800,6.3693,0.1115,0.1115
11.7703,pi,6.2800,6.3752,0.1114,0.1114
11.7753,pi,6.2800,6.3798,0.1113,0.1113
11.7803,pi,6.2800,6.3836,0.1112,0.1112
11.7853,pi,6.2800,6.3864,0.1111,0.1111
11.7903,pi,6.2800,6.3429,0.1120,0.1120
11.7953,pi,6.2800,6.3539,0.1118,0.1118
11.8003,pi,6.2800,6.3629,0.1116,0.1116
11.8053,pi,6.2800,6.3469,0.1119,0.1119
11.8104,pi,6.2800,6.3841,0.1112,0.1112
11.8153,pi,6.2800,6.3638,0.1116,0.1116
11.8204,pi,6.2800,6.3477,0.1119,0.1119
11.8253,pi,6.2800,6.3347,0.1122,0.1122
11.8303,pi,6.2800,6.3746,0.1114,0.1114
11.8353,pi,6.2800,6.3562,0.1117,0.1117
11.8403,pi,6.2800,6.3644,0.1116,0.1116
11.8454,pi,6.2800,6.3480,0.1119,0.1119
11.8503,pi,6.2800,6.3852,0.1112,0.1112
11.8553,pi,6.2800,6.3647,0.1116,0.1116
11.8603,pi,6.2800,6.3712,0.1114,0.1114
11.8654,pi,6.2800,6.3532,0.1118,0.1118
11.8703,pi,6.2800,6.3893,0.1111,0.1111
11.8753,pi,6.2800,6.3910,0.1110,0.1110
11.8804,pi,6.2800,6.3694,0.1115,0.1115
11.8853,pi,6.2800,6.3749,0.1114,0.1114
11.8904,pi,6.2800,6.3563,0.1117,0.1117
11.8953,pi,6.2800,6.3645,0.1116,0.1116
11.9003,pi,6.2800,6.3712,0.1114,0.1114
11.9054,pi,6.2800,6.4039,0.1108,0.1108
11.9104,pi,6.2800,6.3791,0.1113,0.1113
11.9153,pi,6.2800,6.3825,0.1112,0.1112
11.9203,pi,6.2800,6.3859,0.1111,0.1111
11.9254,pi,6.2800,6.3884,0.1111,0.1111
11.9304,pi,6.2800,6.3672,0.1115,0.1115
11.9354,pi,6.2800,6.3502,0.1119,0.1119
11.9403,pi,6.2800,6.3596,0.1117,0.1117
11.9453,pi,6.2800,6.3442,0.1120,0.1120
11.9503,pi,6.2800,6.3822,0.1112,0.1112
11.9554,pi,6.2800,6.3623,0.1116,0.1116
11.9604,pi,6.2800,6.3692,0.1115,0.1115
11.9654,pi,6.2800,6.3518,0.1118,0.1118
11.9703,pi,6.2800,6.3883,0.1111,0.1111
11.9752,pi,6.2800,6.4360,0.1101,0.1101
11.9804,pi,6.2800,6.4284,0.1103,0.1103
11.9854,pi,6.2800,6.4492,0.1099,0.1099
11.9904,pi,6.2800,6.4157,0.1105,0.1105
11.9953,pi,6.2800,6.4121,0.1106,0.1106
12.0004,pi,6.2800,6.3863,0.1111,0.1111
12.0053,pi,6.2800,6.3886,0.1111,0.1111
12.0103,pi,6.2800,6.4362,0.1101,0.1101
12.0153,pi,6.2800,6.4287,0.1103,0.1103
12.0204,pi,6.2800,6.3996,0.1109,0.1109
12.0253,pi,6.2800,6.3760,0.1113,0.1113
12.0303,pi,6.2800,6.3802,0.1113,0.1113
12.0353,pi,6.2800,6.3835,0.1112,0.1112
12.0403,pi,6.2800,6.3869,0.1111,0.1111
12.0454,pi,6.2800,6.3661,0.1115,0.1115
12.0503,pi,6.2800,6.3725,0.1114,0.1114
12.0553,pi,6.2800,6.3545,0.1118,0.1118
12.0604,pi,6.2800,6.3631,0.1116,0.1116
12.0656,pi,6.2800,6.3465,0.1119,0.1119
12.0704,pi,6.2800,6.3837,0.1112,0.1112
12.0756,pi,6.2800,6.3624,0.1116,0.1116
12.0803,pi,6.2800,6.3463,0.1119,0.1119
12.0852,pi,6.2800,6.3565,0.1117,0.1117
12.0903,pi,6.2800,6.3649,0.1116,0.1116
12.0953,pi,6.2800,6.3988,0.1109,0.1109
12.1004,pi,6.2800,6.3755,0.1113,0.1113
12.1053,pi,6.2800,6.3798,0.1113,0.1113
12.1104,pi,6.2800,6.3603,0.1117,0.1117
12.1153,pi,6.2800,6.3677,0.1115,0.1115
12.1203,pi,6.2800,6.3740,0.1114,0.1114
12.1253,pi,6.2800,6.3791,0.1113,0.1113
12.1304,pi,6.2800,6.3838,0.1112,0.1112
12.1358,pi,6.2800,6.3543,0.1118,0.1118
12.1412,pi,6.2800,6.3877,0.1111,0.1111
12.1459,pi,6.2800,6.3662,0.1115,0.1115
12.1511,pi,6.2800,6.3987,0.1109,0.1109
12.1555,pi,6.2800,6.3745,0.1114,0.1114
12.1605,pi,6.2800,6.4058,0.1107,0.1107
12.1655,pi,6.2800,6.3801,0.1113,0.1113
12.1706,pi,6.2800,6.4102,0.1107,0.1107
12.1756,pi,6.2800,6.4343,0.1102,0.1102
12.1811,pi,6.2800,6.4530,0.1098,0.1098
12.1856,pi,6.2800,6.4405,0.1100,0.1100
12.1907,pi,6.2800,6.4089,0.1107,0.1107
12.1955,pi,6.2800,6.4336,0.1102,0.1102
12.2003,pi,6.2800,6.4266,0.1103,0.1103
12.2053,pi,6.2800,6.3765,0.1113,0.1113
12.2103,pi,6.2800,6.3818,0.1112,0.1112
12.2153,pi,6.2800,6.3857,0.1111,0.1111
12.2203,pi,6.2800,6.3892,0.1111,0.1111
12.2254,pi,6.2800,6.3912,0.1110,0.1110
12.2303,pi,6.2800,6.3476,0.1119,0.1119
12.2353,pi,6.2800,6.3586,0.1117,0.1117
12.2404,pi,6.2800,6.3673,0.1115,0.1115
12.2453,pi,6.2800,6.3740,0.1114,0.1114
12.2503,pi,6.2800,6.3340,0.1122,0.1122
12.2554,pi,6.2800,6.3729,0.1114,0.1114
12.2603,pi,6.2800,6.3547,0.1118,0.1118
12.2653,pi,6.2800,6.3403,0.1121,0.1121
12.2703,pi,6.2800,6.3517,0.1118,0.1118
12.2753,pi,6.2800,6.3609,0.1116,0.1116
12.2804,pi,6.2800,6.3451,0.1120,0.1120
12.2853,pi,6.2800,6.3556,0.1117,0.1117
12.2903,pi,6.2800,6.3643,0.1116,0.1116
12.2953,pi,6.2800,6.3714,0.1114,0.1114
12.3003,pi,6.2800,6.3770,0.1113,0.1113
12.3053,pi,6.2800,6.3813,0.1112,0.1112
12.3103,pi,6.2800,6.3858,0.1111,0.1111
12.3153,pi,6.2800,6.3652,0.1116,0.1116
12.3203,pi,6.2800,6.3718,0.1114,0.1114
12.3253,pi,6.2800,6.3770,0.1113,0.1113
12.3303,pi,6.2800,6.3812,0.1112,0.1112
12.3353,pi,6.2800,6.4306,0.1102,0.1102
12.3403,pi,6.2800,6.4242,0.1104,0.1104
12.3453,pi,6.2800,6.4188,0.1105,0.1105
12.3503,pi,6.2800,6.3917,0.1110,0.1110
12.3553,pi,6.2800,6.3928,0.1110,0.1110
12.3604,pi,6.2800,6.3937,0.1110,0.1110
12.3654,pi,6.2800,6.4214,0.1104,0.1104
12.3705,pi,6.2800,6.3926,0.1110,0.1110
12.3759,pi,6.2800,6.3699,0.1115,0.1115
12.3808,pi,6.2800,6.4020,0.1108,0.1108
12.3852,pi,6.2800,6.3775,0.1113,0.1113
12.3903,pi,6.2800,6.3582,0.1117,0.1117
12.3953,pi,6.2800,6.3428,0.1120,0.1120
12.4004,pi,6.2800,6.3808,0.1112,0.1112
12.4053,pi,6.2800,6.3609,0.1116,0.1116
12.4104,pi,6.2800,6.3945,0.1110,0.1110
12.4153,pi,6.2800,6.3949,0.1110,0.1110
12.4203,pi,6.2800,6.3958,0.1109,0.1109
12.4253,pi,6.2800,6.3969,0.1109,0.1109
12.4304,pi,6.2800,6.3734,0.1114,0.1114
12.4353,pi,6.2800,6.3330,0.1122,0.1122
12.4403,pi,6.2800,6.3463,0.1119,0.1119
12.4453,pi,6.2800,6.3566,0.1117,0.1117
12.4504,pi,6.2800,6.3419,0.1120,0.1120
12.4553,pi,6.2800,6.3072,0.1127,0.1127
12.4603,pi,6.2800,6.3253,0.1124,0.1124
12.4654,pi,6.2800,6.3167,0.1125,0.1125
12.4703,pi,6.2800,6.3100,0.1127,0.1127
12.4753,pi,6.2800,6.3276,0.1123,0.1123
12.4804,pi,6.2800,6.3415,0.1120,0.1120
12.4857,pi,6.2800,6.3798,0.1113,0.1113
12.4914,pi,6.2800,6.3579,0.1117,0.1117
12.4963,pi,6.2800,6.3920,0.1110,0.1110
12.5016,pi,6.2800,6.3655,0.1115,0.1115
12.5061,pi,6.2800,6.3977,0.1109,0.1109
12.5129,pi,6.2800,6.3683,0.1115,0.1115
12.5193,pi,6.2800,6.3974,0.1109,0.1109
12.5241,pi,6.2800,6.3691,0.1115,0.1115
12.5305,pi,6.2800,6.3503,0.1119,0.1119
12.5355,pi,6.2800,6.3311,0.1122,0.1122
12.5405,pi,6.2800,6.3207,0.1124,0.1124
12.5453,pi,6.2800,6.2896,0.1131,0.1131
12.5512,pi,6.2800,6.3125,0.1126,0.1126
12.5575,pi,6.2800,6.3292,0.1123,0.1123
12.5631,pi,6.2800,6.3157,0.1125,0.1125
12.5680,pi,6.2800,6.2417,0.1140,0.1140
12.5725,pi,6.2800,6.1862,0.1151,0.1151
12.5773,pi,6.2800,6.0944,0.1170,0.1170
12.5830,pi,6.2800,6.0678,0.1176,0.1176
12.5876,pi,6.2800,6.0413,0.1182,0.1182
12.5925,pi,6.2800,6.0249,0.1186,0.1186
12.5983,pi,6.2800,6.0252,0.1186,0.1186
12.6052,pi,6.2800,6.0258,0.1187,0.1187
12.6108,pi,6.2800,5.9757,0.1197,0.1197
12.6156,pi,6.2800,5.9680,0.1200,0.1200
12.6221,pi,6.2800,6.0305,0.1188,0.1188
12.6267,pi,6.2800,6.1296,0.1169,0.1169
12.6318,pi,6.2800,6.2071,0.1154,0.1154
12.6367,pi,6.2800,6.2041,0.1154,0.1154
12.6439,pi,6.2800,6.1998,0.1155,0.1155
12.6506,pi,6.2800,6.1949,0.1157,0.1157
12.6555,pi,6.2800,6.1936,0.1157,0.1157
12.6617,pi,6.2800,6.1641,0.1163,0.1163
12.6671,pi,6.2800,6.1646,0.1163,0.1163
12.6713,pi,6.2800,6.1662,0.1163,0.1163
12.6757,pi,6.2800,6.1199,0.1173,0.1173
12.6799,pi,6.2800,6.0572,0.1186,0.1186
12.6841,pi,6.2800,5.9901,0.1200,0.1200
12.6882,pi,6.2800,5.9839,0.1202,0.1202
12.6922,pi,6.2800,6.0369,0.1192,0.1192
12.6963,pi,6.2800,6.0642,0.1187,0.1187
12.7002,pi,6.2800,6.0857,0.1183,0.1183
12.7041,pi,6.2800,6.1217,0.1176,0.1176
12.7082,pi,6.2800,6.1330,0.1175,0.1175
12.7121,pi,6.2800,6.0500,0.1192,0.1192
12.7161,pi,6.2800,6.0291,0.1196,0.1196
12.7201,pi,6.2800,6.0270,0.1197,0.1197
12.7240,pi,6.2800,6.0582,0.1192,0.1192
12.7281,pi,6.2800,6.1265,0.1179,0.1179
12.7321,pi,6.2800,6.1353,0.1177,0.1177
12.7362,pi,6.2800,6.1649,0.1172,0.1172
12.7407,pi,6.2800,6.1883,0.1167,0.1167
12.7453,pi,6.2800,6.2072,0.1164,0.1164
12.7503,pi,6.2800,6.1997,0.1165,0.1165
12.7554,pi,6.2800,6.2399,0.1158,0.1158
12.7603,pi,6.2800,6.3633,0.1133,0.1133
12.7654,pi,6.2800,6.4478,0.1116,0.1116
12.7703,pi,6.2800,6.5291,0.1100,0.1100
12.7754,pi,6.2800,6.5948,0.1087,0.1087
12.7804,pi,6.2800,6.6016,0.1085,0.1085
12.7854,pi,6.2800,6.6525,0.1075,0.1075
12.7904,pi,6.2800,6.6479,0.1076,0.1076
12.7954,pi,6.2800,6.6438,0.1077,0.1077
12.8004,pi,6.2800,6.6405,0.1078,0.1078
12.8054,pi,6.2800,6.6191,0.1082,0.1082
12.8105,pi,6.2800,6.5514,0.1095,0.1095
12.8154,pi,6.2800,6.5479,0.1096,0.1096
12.8204,pi,6.2800,6.5451,0.1097,0.1097
12.8254,pi,6.2800,6.4927,0.1107,0.1107
12.8304,pi,6.2800,6.5010,0.1106,0.1106
12.8353,pi,6.2800,6.4573,0.1114,0.1114
12.8403,pi,6.2800,6.4454,0.1117,0.1117
12.8454,pi,6.2800,6.4127,0.1123,0.1123
12.8504,pi,6.2800,6.3868,0.1128,0.1128
12.8553,pi,6.2800,6.3431,0.1137,0.1137
12.8603,pi,6.2800,6.3540,0.1135,0.1135
12.8654,pi,6.2800,6.3629,0.1133,0.1133
12.8704,pi,6.2800,6.3701,0.1132,0.1132
12.8754,pi,6.2800,6.3300,0.1140,0.1140
12.8805,pi,6.2800,6.3433,0.1137,0.1137
12.8854,pi,6.2800,6.3311,0.1140,0.1140
12.8904,pi,6.2800,6.3213,0.1141,0.1141
12.8953,pi,6.2800,6.3366,0.1138,0.1138
12.9004,pi,6.2800,6.3257,0.1141,0.1141
12.9054,pi,6.2800,6.3673,0.1132,0.1132
12.9104,pi,6.2800,6.3504,0.1136,0.1136
12.9153,pi,6.2800,6.3598,0.1134,0.1134
12.9204,pi,6.2800,6.3442,0.1137,0.1137
12.9254,pi,6.2800,6.3819,0.1129,0.1129
12.9303,pi,6.2800,6.4307,0.1120,0.1120
12.9354,pi,6.2800,6.4243,0.1121,0.1121
12.9404,pi,6.2800,6.4652,0.1113,0.1113
12.9453,pi,6.2800,6.4979,0.1106,0.1106
12.9504,pi,6.2800,6.4775,0.1110,0.1110
12.9553,pi,6.2800,6.5075,0.1104,0.1104
12.9604,pi,6.2800,6.4860,0.1109,0.1109
12.9654,pi,6.2800,6.4955,0.1107,0.1107
12.9704,pi,6.2800,6.4760,0.1111,0.1111
12.9754,pi,6.2800,6.5062,0.1104,0.1104
12.9803,pi,6.2800,6.5308,0.1100,0.1100
12.9853,pi,6.2800,6.5040,0.1105,0.1105
12.9904,pi,6.2800,6.5286,0.1100,0.1100
12.9954,pi,6.2800,6.4793,0.1110,0.1110
13.0003,pi,6.2800,6.4629,0.1113,0.1113
13.0054,pi,6.2800,6.4268,0.1120,0.1120
13.0103,pi,6.2800,6.4210,0.1122,0.1122
13.0154,pi,6.2800,6.4160,0.1123,0.1123
13.0203,pi,6.2800,6.4129,0.1123,0.1123
13.0254,pi,6.2800,6.4101,0.1124,0.1124
13.0304,pi,6.2800,6.3843,0.1129,0.1129
13.0353,pi,6.2800,6.3869,0.1128,0.1128
13.0405,pi,6.2800,6.3637,0.1133,0.1133
13.0454,pi,6.2800,6.3973,0.1126,0.1126
13.0504,pi,6.2800,6.3739,0.1131,0.1131
13.0555,pi,6.2800,6.4052,0.1125,0.1125
13.0610,pi,6.2800,6.3778,0.1130,0.1130
13.0658,pi,6.2800,6.4081,0.1124,0.1124
13.0705,pi,6.2800,6.4327,0.1119,0.1119
13.0757,pi,6.2800,6.4519,0.1115,0.1115
13.0804,pi,6.2800,6.4678,0.1112,0.1112
13.0854,pi,6.2800,6.4804,0.1110,0.1110
13.0904,pi,6.2800,6.4632,0.1113,0.1113
13.0954,pi,6.2800,6.4773,0.1110,0.1110
13.1004,pi,6.2800,6.4612,0.1113,0.1113
13.1054,pi,6.2800,6.4943,0.1107,0.1107
13.1104,pi,6.2800,6.4755,0.1111,0.1111
13.1156,pi,6.2800,6.5076,0.1104,0.1104
13.1216,pi,6.2800,6.4612,0.1113,0.1113
13.1262,pi,6.2800,6.4756,0.1111,0.1111
13.1310,pi,6.2800,6.4364,0.1118,0.1118
13.1363,pi,6.2800,6.4046,0.1125,0.1125
13.1407,pi,6.2800,6.4301,0.1120,0.1120
13.1454,pi,6.2800,6.4004,0.1126,0.1126
13.1504,pi,6.2800,6.3769,0.1130,0.1130
13.1554,pi,6.2800,6.3811,0.1129,0.1129
13.1604,pi,6.2800,6.4116,0.1123,0.1123
13.1654,pi,6.2800,6.4087,0.1124,0.1124
13.1703,pi,6.2800,6.4069,0.1124,0.1124
13.1754,pi,6.2800,6.4067,0.1124,0.1124
13.1803,pi,6.2800,6.4059,0.1125,0.1125
13.1853,pi,6.2800,6.4053,0.1125,0.1125
13.1903,pi,6.2800,6.4054,0.1125,0.1125
13.1953,pi,6.2800,6.4044,0.1125,0.1125
13.2005,pi,6.2800,6.4297,0.1120,0.1120
13.2053,pi,6.2800,6.4503,0.1116,0.1116
13.2103,pi,6.2800,6.4398,0.1118,0.1118
13.2155,pi,6.2800,6.4316,0.1119,0.1119
13.2211,pi,6.2800,6.4011,0.1125,0.1125
13.2259,pi,6.2800,6.4263,0.1120,0.1120
13.2308,pi,6.2800,6.3961,0.1127,0.1127
13.2358,pi,6.2800,6.4218,0.1121,0.1121
13.2413,pi,6.2800,6.4426,0.1117,0.1117
13.2461,pi,6.2800,6.4085,0.1124,0.1124
13.2506,pi,6.2800,6.4057,0.1125,0.1125
13.2554,pi,6.2800,6.3812,0.1129,0.1129
13.2603,pi,6.2800,6.4117,0.1123,0.1123
13.2653,pi,6.2800,6.4546,0.1115,0.1115
13.2703,pi,6.2800,6.4432,0.1117,0.1117
13.2753,pi,6.2800,6.4805,0.1110,0.1110
13.2803,pi,6.2800,6.4654,0.1113,0.1113
13.2853,pi,6.2800,6.4992,0.1106,0.1106
13.2903,pi,6.2800,6.4805,0.1110,0.1110
13.2953,pi,6.2800,6.4653,0.1113,0.1113
13.3003,pi,6.2800,6.4995,0.1106,0.1106
13.3053,pi,6.2800,6.4799,0.1110,0.1110
13.3103,pi,6.2800,6.4636,0.1113,0.1113
13.3154,pi,6.2800,6.4275,0.1120,0.1120
13.3203,pi,6.2800,6.4216,0.1121,0.1121
13.3253,pi,6.2800,6.4171,0.1122,0.1122
13.3303,pi,6.2800,6.4133,0.1123,0.1123
13.3354,pi,6.2800,6.4369,0.1118,0.1118
13.3403,pi,6.2800,6.4293,0.1120,0.1120
13.3454,pi,6.2800,6.4231,0.1121,0.1121
13.3503,pi,6.2800,6.4182,0.1122,0.1122
13.3553,pi,6.2800,6.4143,0.1123,0.1123
13.3603,pi,6.2800,6.4110,0.1124,0.1124
13.3653,pi,6.2800,6.4544,0.1115,0.1115
13.3703,pi,6.2800,6.4202,0.1122,0.1122
13.3753,pi,6.2800,6.4156,0.1123,0.1123
13.3803,pi,6.2800,6.4121,0.1123,0.1123
13.3853,pi,6.2800,6.4092,0.1124,0.1124
13.3903,pi,6.2800,6.4078,0.1124,0.1124
13.3954,pi,6.2800,6.4329,0.1119,0.1119
13.4003,pi,6.2800,6.4529,0.1115,0.1115
13.4053,pi,6.2800,6.4185,0.1122,0.1122
13.4103,pi,6.2800,6.4414,0.1117,0.1117
13.4153,pi,6.2800,6.4092,0.1124,0.1124
13.4203,pi,6.2800,6.4339,0.1119,0.1119
13.4254,pi,6.2800,6.4031,0.1125,0.1125
13.4304,pi,6.2800,6.4285,0.1120,0.1120
13.4354,pi,6.2800,6.3987,0.1126,0.1126
13.4403,pi,6.2800,6.3752,0.1131,0.1131
13.4455,pi,6.2800,6.4067,0.1124,0.1124
13.4503,pi,6.2800,6.3815,0.1129,0.1129
13.4552,pi,6.2800,6.3848,0.1129,0.1129
13.4603,pi,6.2800,6.3874,0.1128,0.1128
13.4653,pi,6.2800,6.3894,0.1128,0.1128
13.4703,pi,6.2800,6.3912,0.1127,0.1127
13.4757,pi,6.2800,6.4198,0.1122,0.1122
13.4805,pi,6.2800,6.4427,0.1117,0.1117
13.4853,pi,6.2800,6.4340,0.1119,0.1119
13.4904,pi,6.2800,6.4535,0.1115,0.1115
13.4953,pi,6.2800,6.4425,0.1117,0.1117
13.5003,pi,6.2800,6.4341,0.1119,0.1119
13.5054,pi,6.2800,6.4034,0.1125,0.1125
13.5103,pi,6.2800,6.4022,0.1125,0.1125
13.5154,pi,6.2800,6.3783,0.1130,0.1130
13.5204,pi,6.2800,6.4095,0.1124,0.1124
13.5254,pi,6.2800,6.4071,0.1124,0.1124
13.5304,pi,6.2800,6.3814,0.1129,0.1129
13.5353,pi,6.2800,6.3852,0.1129,0.1129
13.5403,pi,6.2800,6.3878,0.1128,0.1128
13.5453,pi,6.2800,6.3906,0.1128,0.1128
13.5504,pi,6.2800,6.3691,0.1132,0.1132
13.5553,pi,6.2800,6.3746,0.1131,0.1131
13.5604,pi,6.2800,6.3562,0.1134,0.1134
13.5653,pi,6.2800,6.3918,0.1127,0.1127
13.5703,pi,6.2800,6.4387,0.1118,0.1118
13.5754,pi,6.2800,6.4578,0.1114,0.1114
13.5803,pi,6.2800,6.4915,0.1107,0.1107
13.5863,pi,6.2800,6.4485,0.1116,0.1116
13.5918,pi,6.2800,6.4651,0.1113,0.1113
13.5970,pi,6.2800,6.4274,0.1120,0.1120
13.6024,pi,6.2800,6.4471,0.1116,0.1116
13.6081,pi,6.2800,6.4629,0.1113,0.1113
13.6145,pi,6.2800,6.4692,0.1112,0.1112
13.6204,pi,6.2800,6.4792,0.1110,0.1110
13.6252,pi,6.2800,6.4381,0.1118,0.1118
13.6297,pi,6.2800,6.4488,0.1116,0.1116
13.6342,pi,6.2800,6.4145,0.1123,0.1123
13.6380,pi,6.2800,6.4103,0.1124,0.1124
13.6420,pi,6.2800,6.4082,0.1124,0.1124
13.6458,pi,6.2800,6.4065,0.1124,0.1124
13.6503,pi,6.2800,6.4051,0.1125,0.1125
13.6554,pi,6.2800,6.4046,0.1125,0.1125
13.6603,pi,6.2800,6.4048,0.1125,0.1125
13.6654,pi,6.2800,6.4106,0.1124,0.1124
13.6704,pi,6.2800,6.4108,0.1124,0.1124
13.6754,pi,6.2800,6.4102,0.1124,0.1124
13.6804,pi,6.2800,6.4153,0.1123,0.1123
13.6856,pi,6.2800,6.3888,0.1128,0.1128
13.6906,pi,6.2800,6.4175,0.1122,0.1122
13.6954,pi,6.2800,6.4400,0.1118,0.1118
13.7003,pi,6.2800,6.4315,0.1119,0.1119
13.7053,pi,6.2800,6.4708,0.1112,0.1112
13.7104,pi,6.2800,6.4330,0.1119,0.1119
13.7155,pi,6.2800,6.4531,0.1115,0.1115
13.7206,pi,6.2800,6.4186,0.1122,0.1122
13.7256,pi,6.2800,6.4412,0.1117,0.1117
13.7303,pi,6.2800,6.4778,0.1110,0.1110
13.7353,pi,6.2800,6.4621,0.1113,0.1113
13.7403,pi,6.2800,6.4956,0.1107,0.1107
13.7453,pi,6.2800,6.4767,0.1110,0.1110
13.7503,pi,6.2800,6.4616,0.1113,0.1113
13.7554,pi,6.2800,6.4256,0.1121,0.1121
13.7603,pi,6.2800,6.4473,0.1116,0.1116
13.7653,pi,6.2800,6.4371,0.1118,0.1118
13.7703,pi,6.2800,6.4296,0.1120,0.1120
13.7753,pi,6.2800,6.4235,0.1121,0.1121
13.7803,pi,6.2800,6.4186,0.1122,0.1122
13.7853,pi,6.2800,6.4146,0.1123,0.1123
13.7904,pi,6.2800,6.3882,0.1128,0.1128
13.7953,pi,6.2800,6.3901,0.1128,0.1128
13.8003,pi,6.2800,6.3918,0.1127,0.1127
13.8054,pi,6.2800,6.4204,0.1122,0.1122
13.8104,pi,6.2800,6.3927,0.1127,0.1127
13.8153,pi,6.2800,6.3939,0.1127,0.1127
13.8203,pi,6.2800,6.4409,0.1118,0.1118
13.8253,pi,6.2800,6.4327,0.1119,0.1119
13.8303,pi,6.2800,6.4718,0.1111,0.1111
13.8353,pi,6.2800,6.4571,0.1114,0.1114
13.8403,pi,6.2800,6.4454,0.1117,0.1117
13.8453,pi,6.2800,6.4360,0.1119,0.1119
13.8503,pi,6.2800,6.4286,0.1120,0.1120
13.8553,pi,6.2800,6.4223,0.1121,0.1121
13.8603,pi,6.2800,6.4180,0.1122,0.1122
13.8653,pi,6.2800,6.4602,0.1114,0.1114
13.8703,pi,6.2800,6.4247,0.1121,0.1121
13.8754,pi,6.2800,6.4466,0.1116,0.1116
13.8804,pi,6.2800,6.4136,0.1123,0.1123
13.8853,pi,6.2800,6.4101,0.1124,0.1124
13.8903,pi,6.2800,6.4533,0.1115,0.1115
13.8953,pi,6.2800,6.4421,0.1117,0.1117
13.9004,pi,6.2800,6.4101,0.1124,0.1124
13.9053,pi,6.2800,6.4075,0.1124,0.1124
13.9103,pi,6.2800,6.4514,0.1115,0.1115
13.9153,pi,6.2800,6.4176,0.1122,0.1122
13.9203,pi,6.2800,6.4136,0.1123,0.1123
13.9254,pi,6.2800,6.3873,0.1128,0.1128
13.9304,pi,6.2800,6.4162,0.1122,0.1122
13.9354,pi,6.2800,6.3892,0.1128,0.1128
13.9403,pi,6.2800,6.3678,0.1132,0.1132
13.9452,pi,6.2800,6.3737,0.1131,0.1131
13.9504,pi,6.2800,6.4058,0.1125,0.1125
13.9553,pi,6.2800,6.4314,0.1119,0.1119
13.9604,pi,6.2800,6.4013,0.1125,0.1125
13.9653,pi,6.2800,6.4276,0.1120,0.1120
13.9703,pi,6.2800,6.3981,0.1126,0.1126
13.9754,pi,6.2800,6.4251,0.1121,0.1121
13.9804,pi,6.2800,6.4650,0.1113,0.1113
13.9859,pi,6.2800,6.4779,0.1110,0.1110
13.9910,pi,6.2800,6.4880,0.1108,0.1108
13.9955,pi,6.2800,6.4462,0.1116,0.1116
14.0002,pi,6.2800,6.4361,0.1118,0.1118
14.0053,pi,6.2800,6.4055,0.1125,0.1125
14.0103,pi,6.2800,6.4039,0.1125,0.1125
14.0153,pi,6.2800,6.4485,0.1116,0.1116
14.0204,pi,6.2800,6.4382,0.1118,0.1118
14.0253,pi,6.2800,6.4759,0.1111,0.1111
14.0303,pi,6.2800,6.4603,0.1114,0.1114
14.0361,pi,6.2800,6.4471,0.1116,0.1116
14.0412,pi,6.2800,6.4128,0.1123,0.1123
14.0453,pi,6.2800,6.4105,0.1124,0.1124
14.0504,pi,6.2800,6.4540,0.1115,0.1115
14.0554,pi,6.2800,6.4699,0.1112,0.1112
14.0603,pi,6.2800,6.4827,0.1109,0.1109
14.0653,pi,6.2800,6.4427,0.1117,0.1117
14.0703,pi,6.2800,6.4334,0.1119,0.1119
14.0754,pi,6.2800,6.4264,0.1120,0.1120
14.0804,pi,6.2800,6.4209,0.1122,0.1122
14.0853,pi,6.2800,6.4161,0.1123,0.1123
14.0903,pi,6.2800,6.4131,0.1123,0.1123
14.0954,pi,6.2800,6.3867,0.1128,0.1128
14.1004,pi,6.2800,6.3658,0.1133,0.1133
14.1052,pi,6.2800,6.3721,0.1131,0.1131
14.1103,pi,6.2800,6.3543,0.1135,0.1135
14.1153,pi,6.2800,6.3630,0.1133,0.1133
14.1203,pi,6.2800,6.3698,0.1132,0.1132
14.1254,pi,6.2800,6.4027,0.1125,0.1125
14.1303,pi,6.2800,6.3786,0.1130,0.1130
14.1353,pi,6.2800,6.3821,0.1129,0.1129
14.1404,pi,6.2800,6.4121,0.1123,0.1123
14.1456,pi,6.2800,6.4366,0.1118,0.1118
14.1503,pi,6.2800,6.4748,0.1111,0.1111
14.1553,pi,6.2800,6.4364,0.1118,0.1118
14.1603,pi,6.2800,6.4287,0.1120,0.1120
14.1654,pi,6.2800,6.3993,0.1126,0.1126
14.1703,pi,6.2800,6.3988,0.1126,0.1126
14.1753,pi,6.2800,6.4443,0.1117,0.1117
14.1803,pi,6.2800,6.4351,0.1119,0.1119
14.1853,pi,6.2800,6.4732,0.1111,0.1111
14.1903,pi,6.2800,6.5038,0.1105,0.1105
14.1960,pi,6.2800,6.5026,0.1105,0.1105
14.2008,pi,6.2800,6.4599,0.1114,0.1114
14.2058,pi,6.2800,6.4743,0.1111,0.1111
14.2103,pi,6.2800,6.4856,0.1109,0.1109
14.2152,pi,6.2800,6.4682,0.1112,0.1112
14.2203,pi,6.2800,6.4543,0.1115,0.1115
14.2254,pi,6.2800,6.4432,0.1117,0.1117
14.2304,pi,6.2800,6.4613,0.1113,0.1113
14.2354,pi,6.2800,6.4255,0.1121,0.1121
14.2409,pi,6.2800,6.3458,0.1137,0.1137
14.2455,pi,6.2800,6.3095,0.1144,0.1144
14.2503,pi,6.2800,6.3338,0.1139,0.1139
14.2553,pi,6.2800,6.3473,0.1136,0.1136
14.2603,pi,6.2800,6.3578,0.1134,0.1134
14.2653,pi,6.2800,6.3427,0.1137,0.1137
14.2703,pi,6.2800,6.3810,0.1130,0.1130
14.2753,pi,6.2800,6.3612,0.1133,0.1133
14.2803,pi,6.2800,6.3683,0.1132,0.1132
14.2854,pi,6.2800,6.3512,0.1135,0.1135
14.2903,pi,6.2800,6.3606,0.1134,0.1134
14.2954,pi,6.2800,6.3679,0.1132,0.1132
14.3003,pi,6.2800,6.3747,0.1131,0.1131
14.3053,pi,6.2800,6.3798,0.1130,0.1130
14.3104,pi,6.2800,6.3605,0.1134,0.1134
14.3153,pi,6.2800,6.3680,0.1132,0.1132
14.3203,pi,6.2800,6.3738,0.1131,0.1131
14.3253,pi,6.2800,6.3786,0.1130,0.1130
14.3303,pi,6.2800,6.4282,0.1120,0.1120
14.3353,pi,6.2800,6.4221,0.1121,0.1121
14.3403,pi,6.2800,6.4632,0.1113,0.1113
14.3454,pi,6.2800,6.4500,0.1116,0.1116
14.3504,pi,6.2800,6.4669,0.1112,0.1112
14.3554,pi,6.2800,6.4804,0.1110,0.1110
14.3603,pi,6.2800,6.4637,0.1113,0.1113
14.3653,pi,6.2800,6.4272,0.1120,0.1120
14.3703,pi,6.2800,6.4486,0.1116,0.1116
14.3753,pi,6.2800,6.4657,0.1113,0.1113
14.3803,pi,6.2800,6.4290,0.1120,0.1120
14.3853,pi,6.2800,6.3995,0.1126,0.1126
14.3903,pi,6.2800,6.3761,0.1131,0.1131
14.3953,pi,6.2800,6.3803,0.1130,0.1130
14.4003,pi,6.2800,6.3608,0.1134,0.1134
14.4053,pi,6.2800,6.3451,0.1137,0.1137
14.4103,pi,6.2800,6.3326,0.1139,0.1139
14.4153,pi,6.2800,6.3455,0.1137,0.1137
14.4203,pi,6.2800,6.3329,0.1139,0.1139
14.4253,pi,6.2800,6.3229,0.1141,0.1141
14.4303,pi,6.2800,6.3378,0.1138,0.1138
14.4353,pi,6.2800,6.3496,0.1136,0.1136
14.4403,pi,6.2800,6.3362,0.1138,0.1138
14.4453,pi,6.2800,6.3256,0.1141,0.1141
14.4503,pi,6.2800,6.3673,0.1132,0.1132
14.4553,pi,6.2800,6.3733,0.1131,0.1131
14.4603,pi,6.2800,6.3782,0.1130,0.1130
14.4653,pi,6.2800,6.4094,0.1124,0.1124
14.4703,pi,6.2800,6.4070,0.1124,0.1124
14.4753,pi,6.2800,6.4510,0.1116,0.1116
14.4804,pi,6.2800,6.4405,0.1118,0.1118
14.4853,pi,6.2800,6.4593,0.1114,0.1114
14.4903,pi,6.2800,6.4470,0.1116,0.1116
14.4953,pi,6.2800,6.4830,0.1109,0.1109
14.5003,pi,6.2800,6.5116,0.1103,0.1103
14.5053,pi,6.2800,6.4888,0.1108,0.1108
14.5103,pi,6.2800,6.5162,0.1102,0.1102
14.5153,pi,6.2800,6.4925,0.1107,0.1107
14.5203,pi,6.2800,6.4736,0.1111,0.1111
14.5254,pi,6.2800,6.4352,0.1119,0.1119
14.5303,pi,6.2800,6.4548,0.1115,0.1115
14.5353,pi,6.2800,6.4432,0.1117,0.1117
14.5404,pi,6.2800,6.4615,0.1113,0.1113
14.5454,pi,6.2800,6.4257,0.1121,0.1121
14.5503,pi,6.2800,6.3972,0.1126,0.1126
14.5553,pi,6.2800,6.3516,0.1135,0.1135
14.5603,pi,6.2800,6.3609,0.1134,0.1134
14.5654,pi,6.2800,6.3450,0.1137,0.1137
14.5704,pi,6.2800,6.3326,0.1139,0.1139
14.5753,pi,6.2800,6.3457,0.1137,0.1137
14.5803,pi,6.2800,6.3563,0.1134,0.1134
14.5853,pi,6.2800,6.3647,0.1133,0.1133
14.5904,pi,6.2800,6.3483,0.1136,0.1136
14.5953,pi,6.2800,6.3581,0.1134,0.1134
14.6005,pi,6.2800,6.3425,0.1137,0.1137
14.6053,pi,6.2800,6.3806,0.1130,0.1130
14.6103,pi,6.2800,6.4113,0.1123,0.1123
14.6153,pi,6.2800,6.4083,0.1124,0.1124
14.6203,pi,6.2800,6.4521,0.1115,0.1115
14.6254,pi,6.2800,6.4181,0.1122,0.1122
14.6303,pi,6.2800,6.4411,0.1117,0.1117
14.6354,pi,6.2800,6.4093,0.1124,0.1124
14.6404,pi,6.2800,6.4343,0.1119,0.1119
14.6454,pi,6.2800,6.4543,0.1115,0.1115
14.6503,pi,6.2800,6.4429,0.1117,0.1117
14.6553,pi,6.2800,6.4801,0.1110,0.1110
14.6603,pi,6.2800,6.4637,0.1113,0.1113
14.6653,pi,6.2800,6.4504,0.1116,0.1116
14.6704,pi,6.2800,6.4671,0.1112,0.1112
14.6754,pi,6.2800,6.4804,0.1110,0.1110
14.6804,pi,6.2800,6.4909,0.1108,0.1108
14.6854,pi,6.2800,6.4994,0.1106,0.1106
14.6903,pi,6.2800,6.5247,0.1101,0.1101
14.6953,pi,6.2800,6.4994,0.1106,0.1106
14.7003,pi,6.2800,6.4790,0.1110,0.1110
14.7054,pi,6.2800,6.4397,0.1118,0.1118
14.7103,pi,6.2800,6.4585,0.1114,0.1114
14.7154,pi,6.2800,6.4233,0.1121,0.1121
14.7203,pi,6.2800,6.3950,0.1127,0.1127
14.7254,pi,6.2800,6.3724,0.1131,0.1131
14.7303,pi,6.2800,6.3777,0.1130,0.1130
14.7353,pi,6.2800,6.3823,0.1129,0.1129
14.7403,pi,6.2800,6.3859,0.1129,0.1129
14.7454,pi,6.2800,6.3646,0.1133,0.1133
14.7503,pi,6.2800,6.3712,0.1131,0.1131
14.7553,pi,6.2800,6.3768,0.1130,0.1130
14.7603,pi,6.2800,6.3810,0.1130,0.1130
14.7653,pi,6.2800,6.3846,0.1129,0.1129
14.7703,pi,6.2800,6.3874,0.1128,0.1128
14.7753,pi,6.2800,6.3899,0.1128,0.1128
14.7804,pi,6.2800,6.3685,0.1132,0.1132
14.7854,pi,6.2800,6.3513,0.1135,0.1135
14.7903,pi,6.2800,6.3604,0.1134,0.1134
14.7953,pi,6.2800,6.3677,0.1132,0.1132
14.8003,pi,6.2800,6.4201,0.1122,0.1122
14.8054,pi,6.2800,6.4425,0.1117,0.1117
14.8104,pi,6.2800,6.4603,0.1114,0.1114
14.8153,pi,6.2800,6.4934,0.1107,0.1107
14.8203,pi,6.2800,6.4743,0.1111,0.1111
14.8252,pi,6.2800,6.5050,0.1105,0.1105
14.8307,pi,6.2800,6.5106,0.1104,0.1104
14.8357,pi,6.2800,6.5150,0.1103,0.1103
14.8407,pi,6.2800,6.4677,0.1112,0.1112
14.8453,pi,6.2800,6.4808,0.1110,0.1110
14.8502,pi,6.2800,6.5099,0.1104,0.1104
14.8553,pi,6.2800,6.4877,0.1108,0.1108
14.8603,pi,6.2800,6.4702,0.1112,0.1112
14.8654,pi,6.2800,6.4324,0.1119,0.1119
14.8703,pi,6.2800,6.4527,0.1115,0.1115
14.8753,pi,6.2800,6.4179,0.1122,0.1122
14.8805,pi,6.2800,6.4397,0.1118,0.1118
14.8853,pi,6.2800,6.4084,0.1124,0.1124
14.8904,pi,6.2800,6.4327,0.1119,0.1119
14.8953,pi,6.2800,6.4713,0.1111,0.1111
14.9004,pi,6.2800,6.4329,0.1119,0.1119
14.9053,pi,6.2800,6.4526,0.1115,0.1115
14.9104,pi,6.2800,6.4181,0.1122,0.1122
14.9153,pi,6.2800,6.4412,0.1117,0.1117
14.9204,pi,6.2800,6.4092,0.1124,0.1124
14.9254,pi,6.2800,6.4064,0.1124,0.1124
14.9303,pi,6.2800,6.4505,0.1116,0.1116
14.9354,pi,6.2800,6.4411,0.1117,0.1117
14.9403,pi,6.2800,6.4783,0.1110,0.1110
14.9454,pi,6.2800,6.4391,0.1118,0.1118
14.9504,pi,6.2800,6.4307,0.1120,0.1120
14.9554,pi,6.2800,6.4010,0.1126,0.1126
14.9604,pi,6.2800,6.4004,0.1126,0.1126
14.9653,pi,6.2800,6.4456,0.1117,0.1117
14.9704,pi,6.2800,6.4632,0.1113,0.1113
14.9753,pi,6.2800,6.4958,0.1107,0.1107
14.9804,pi,6.2800,6.5032,0.1105,0.1105
14.9854,pi,6.2800,6.5092,0.1104,0.1104
14.9904,pi,6.2800,6.4637,0.1113,0.1113
14.9953,pi,6.2800,6.4505,0.1116,0.1116
15.0003,pi,6.2800,6.4859,0.1109,0.1109
15.0054,pi,6.2800,6.4682,0.1112,0.1112
15.0104,pi,6.2800,6.4812,0.1109,0.1109
15.0153,pi,6.2800,6.4414,0.1117,0.1117
15.0203,pi,6.2800,6.4327,0.1119,0.1119
15.0254,pi,6.2800,6.4026,0.1125,0.1125
15.0303,pi,6.2800,6.4016,0.1125,0.1125
15.0353,pi,6.2800,6.4010,0.1126,0.1126
15.0403,pi,6.2800,6.4007,0.1126,0.1126
15.0454,pi,6.2800,6.4274,0.1120,0.1120
15.0503,pi,6.2800,6.3983,0.1126,0.1126
15.0553,pi,6.2800,6.3981,0.1126,0.1126
15.0604,pi,6.2800,6.3982,0.1126,0.1126
15.0653,pi,6.2800,6.3980,0.1126,0.1126
15.0703,pi,6.2800,6.4437,0.1117,0.1117
15.0754,pi,6.2800,6.4616,0.1113,0.1113
15.0804,pi,6.2800,6.4761,0.1110,0.1110
15.0854,pi,6.2800,6.4367,0.1118,0.1118
15.0908,pi,6.2800,6.4562,0.1114,0.1114
15.0956,pi,6.2800,6.4187,0.1122,0.1122
15.1002,pi,6.2800,6.4145,0.1123,0.1123
15.1053,pi,6.2800,6.4572,0.1114,0.1114
15.1103,pi,6.2800,6.4456,0.1117,0.1117
15.1153,pi,6.2800,6.4818,0.1109,0.1109
15.1204,pi,6.2800,6.4419,0.1117,0.1117
15.1254,pi,6.2800,6.4329,0.1119,0.1119
15.1309,pi,6.2800,6.4019,0.1125,0.1125
15.1365,pi,6.2800,6.4265,0.1120,0.1120
15.1410,pi,6.2800,6.4470,0.1116,0.1116
15.1454,pi,6.2800,6.4363,0.1118,0.1118
15.1503,pi,6.2800,6.4557,0.1115,0.1115
15.1554,pi,6.2800,6.4207,0.1122,0.1122
15.1604,pi,6.2800,6.4429,0.1117,0.1117
15.1657,pi,6.2800,6.4104,0.1124,0.1124
15.1706,pi,6.2800,6.4349,0.1119,0.1119
15.1756,pi,6.2800,6.4044,0.1125,0.1125
15.1803,pi,6.2800,6.4031,0.1125,0.1125
15.1854,pi,6.2800,6.4031,0.1125,0.1125
15.1904,pi,6.2800,6.4049,0.1125,0.1125
15.1954,pi,6.2800,6.4045,0.1125,0.1125
15.2003,pi,6.2800,6.4043,0.1125,0.1125
15.2053,pi,6.2800,6.4035,0.1125,0.1125
15.2103,pi,6.2800,6.4026,0.1125,0.1125
15.2156,pi,6.2800,6.4020,0.1125,0.1125
15.2204,pi,6.2800,6.3778,0.1130,0.1130
15.2254,pi,6.2800,6.4090,0.1124,0.1124
15.2303,pi,6.2800,6.4527,0.1115,0.1115
15.2353,pi,6.2800,6.4689,0.1112,0.1112
15.2403,pi,6.2800,6.4817,0.1109,0.1109
15.2453,pi,6.2800,6.4416,0.1117,0.1117
15.2504,pi,6.2800,6.4595,0.1114,0.1114
15.2554,pi,6.2800,6.4236,0.1121,0.1121
15.2604,pi,6.2800,6.4453,0.1117,0.1117
15.2654,pi,6.2800,6.4629,0.1113,0.1113
15.2703,pi,6.2800,6.4494,0.1116,0.1116
15.2753,pi,6.2800,6.4853,0.1109,0.1109
15.2804,pi,6.2800,6.5140,0.1103,0.1103
15.2854,pi,6.2800,6.5177,0.1102,0.1102
15.2906,pi,6.2800,6.5207,0.1102,0.1102
15.2961,pi,6.2800,6.5231,0.1101,0.1101
15.3006,pi,6.2800,6.5438,0.1097,0.1097
15.3053,pi,6.2800,6.5149,0.1103,0.1103
15.3103,pi,6.2800,6.5377,0.1098,0.1098
15.3153,pi,6.2800,6.5101,0.1104,0.1104
15.3203,pi,6.2800,6.4878,0.1108,0.1108
15.3253,pi,6.2800,6.4702,0.1112,0.1112
15.3303,pi,6.2800,6.4561,0.1115,0.1115
15.3353,pi,6.2800,6.3986,0.1126,0.1126
15.3403,pi,6.2800,6.3989,0.1126,0.1126
15.3453,pi,6.2800,6.3533,0.1135,0.1135
15.3503,pi,6.2800,6.3629,0.1133,0.1133
15.3553,pi,6.2800,6.3702,0.1132,0.1132
15.3603,pi,6.2800,6.3527,0.1135,0.1135
15.3653,pi,6.2800,6.3387,0.1138,0.1138
15.3703,pi,6.2800,6.3504,0.1136,0.1136
15.3753,pi,6.2800,6.3599,0.1134,0.1134
15.3804,pi,6.2800,6.3442,0.1137,0.1137
15.3853,pi,6.2800,6.3821,0.1129,0.1129
15.3903,pi,6.2800,6.4121,0.1123,0.1123
15.3953,pi,6.2800,6.4091,0.1124,0.1124
15.4004,pi,6.2800,6.4342,0.1119,0.1119
15.4054,pi,6.2800,6.4036,0.1125,0.1125
15.4103,pi,6.2800,6.4295,0.1120,0.1120
15.4153,pi,6.2800,6.4503,0.1116,0.1116
15.4203,pi,6.2800,6.4671,0.1112,0.1112
15.4252,pi,6.2800,6.4989,0.1106,0.1106
15.4303,pi,6.2800,6.4784,0.1110,0.1110
15.4353,pi,6.2800,6.5080,0.1104,0.1104
15.4404,pi,6.2800,6.4624,0.1113,0.1113
15.4453,pi,6.2800,6.4764,0.1110,0.1110
15.4504,pi,6.2800,6.4375,0.1118,0.1118
15.4553,pi,6.2800,6.4296,0.1120,0.1120
15.4604,pi,6.2800,6.4691,0.1112,0.1112
15.4653,pi,6.2800,6.4550,0.1115,0.1115
15.4704,pi,6.2800,6.4206,0.1122,0.1122
15.4753,pi,6.2800,6.4161,0.1123,0.1123
15.4804,pi,6.2800,6.4124,0.1123,0.1123
15.4853,pi,6.2800,6.4094,0.1124,0.1124
15.4903,pi,6.2800,6.4073,0.1124,0.1124
15.4953,pi,6.2800,6.4063,0.1124,0.1124
15.5004,pi,6.2800,6.4047,0.1125,0.1125
15.5057,pi,6.2800,6.3799,0.1130,0.1130
15.5104,pi,6.2800,6.3593,0.1134,0.1134
15.5155,pi,6.2800,6.3932,0.1127,0.1127
15.5205,pi,6.2800,6.4208,0.1122,0.1122
15.5253,pi,6.2800,6.3927,0.1127,0.1127
15.5303,pi,6.2800,6.3704,0.1132,0.1132
15.5353,pi,6.2800,6.4031,0.1125,0.1125
15.5403,pi,6.2800,6.3786,0.1130,0.1130
15.5453,pi,6.2800,6.4095,0.1124,0.1124
15.5503,pi,6.2800,6.3839,0.1129,0.1129
15.5554,pi,6.2800,6.4130,0.1123,0.1123
15.5603,pi,6.2800,6.4100,0.1124,0.1124
15.5653,pi,6.2800,6.4082,0.1124,0.1124
15.5703,pi,6.2800,6.4068,0.1124,0.1124
15.5753,pi,6.2800,6.4053,0.1125,0.1125
15.5803,pi,6.2800,6.4496,0.1116,0.1116
15.5854,pi,6.2800,6.4162,0.1122,0.1122
15.5903,pi,6.2800,6.4398,0.1118,0.1118
15.5953,pi,6.2800,6.4771,0.1110,0.1110
15.6003,pi,6.2800,6.4612,0.1113,0.1113
15.6053,pi,6.2800,6.4943,0.1107,0.1107
15.6103,pi,6.2800,6.4762,0.1110,0.1110
15.6153,pi,6.2800,6.5062,0.1104,0.1104
15.6204,pi,6.2800,6.4615,0.1113,0.1113
15.6253,pi,6.2800,6.4761,0.1111,0.1111
15.6303,pi,6.2800,6.4375,0.1118,0.1118
15.6353,pi,6.2800,6.4293,0.1120,0.1120
15.6403,pi,6.2800,6.4687,0.1112,0.1112
15.6454,pi,6.2800,6.4306,0.1120,0.1120
15.6504,pi,6.2800,6.4502,0.1116,0.1116
15.6554,pi,6.2800,6.4169,0.1122,0.1122
15.6603,pi,6.2800,6.4131,0.1123,0.1123
15.6654,pi,6.2800,6.3869,0.1128,0.1128
15.6703,pi,6.2800,6.4163,0.1122,0.1122
15.6753,pi,6.2800,6.4582,0.1114,0.1114
15.6803,pi,6.2800,6.4464,0.1116,0.1116
15.6855,pi,6.2800,6.4630,0.1113,0.1113
15.6903,pi,6.2800,6.4272,0.1120,0.1120
15.6953,pi,6.2800,6.4213,0.1121,0.1121
15.7003,pi,6.2800,6.4173,0.1122,0.1122
15.7053,pi,6.2800,6.4146,0.1123,0.1123
15.7103,pi,6.2800,6.4113,0.1123,0.1123
15.7153,pi,6.2800,6.4085,0.1124,0.1124
15.7203,pi,6.2800,6.4066,0.1124,0.1124
15.7253,pi,6.2800,6.4049,0.1125,0.1125
15.7304,pi,6.2800,6.4298,0.1120,0.1120
15.7353,pi,6.2800,6.4234,0.1121,0.1121
15.7403,pi,6.2800,6.4196,0.1122,0.1122
15.7453,pi,6.2800,6.4154,0.1123,0.1123
15.7503,pi,6.2800,6.4119,0.1123,0.1123
15.7553,pi,6.2800,6.4092,0.1124,0.1124
15.7603,pi,6.2800,6.4070,0.1124,0.1124
15.7653,pi,6.2800,6.4510,0.1116,0.1116
15.7703,pi,6.2800,6.4405,0.1118,0.1118
15.7753,pi,6.2800,6.4590,0.1114,0.1114
15.7803,pi,6.2800,6.4469,0.1116,0.1116
15.7853,pi,6.2800,6.4380,0.1118,0.1118
15.7903,pi,6.2800,6.4070,0.1124,0.1124
15.7953,pi,6.2800,6.4325,0.1119,0.1119
15.8005,pi,6.2800,6.4008,0.1126,0.1126
15.8053,pi,6.2800,6.4270,0.1120,0.1120
15.8104,pi,6.2800,6.3977,0.1126,0.1126
15.8153,pi,6.2800,6.3748,0.1131,0.1131
15.8203,pi,6.2800,6.3793,0.1130,0.1130
15.8253,pi,6.2800,6.3829,0.1129,0.1129
15.8303,pi,6.2800,6.3863,0.1128,0.1128
15.8354,pi,6.2800,6.3645,0.1133,0.1133
15.8403,pi,6.2800,6.3982,0.1126,0.1126
15.8453,pi,6.2800,6.3751,0.1131,0.1131
15.8503,pi,6.2800,6.3797,0.1130,0.1130
15.8553,pi,6.2800,6.4305,0.1120,0.1120
15.8603,pi,6.2800,6.4242,0.1121,0.1121
15.8653,pi,6.2800,6.4651,0.1113,0.1113
15.8704,pi,6.2800,6.4784,0.1110,0.1110
15.8753,pi,6.2800,6.4893,0.1108,0.1108
15.8804,pi,6.2800,6.4476,0.1116,0.1116
15.8853,pi,6.2800,6.4370,0.1118,0.1118
15.8904,pi,6.2800,6.4549,0.1115,0.1115
15.8953,pi,6.2800,6.4706,0.1112,0.1112
15.9004,pi,6.2800,6.4834,0.1109,0.1109
15.9053,pi,6.2800,6.4934,0.1107,0.1107
15.9104,pi,6.2800,6.5015,0.1105,0.1105
15.9153,pi,6.2800,6.5080,0.1104,0.1104
15.9203,pi,6.2800,6.4855,0.1109,0.1109
15.9253,pi,6.2800,6.4681,0.1112,0.1112
15.9303,pi,6.2800,6.4541,0.1115,0.1115
15.9353,pi,6.2800,6.4888,0.1108,0.1108
15.9404,pi,6.2800,6.4708,0.1112,0.1112
15.9453,pi,6.2800,6.4835,0.1109,0.1109
15.9504,pi,6.2800,6.4424,0.1117,0.1117
15.9554,pi,6.2800,6.4103,0.1124,0.1124
15.9604,pi,6.2800,6.4351,0.1119,0.1119
15.9653,pi,6.2800,6.4043,0.1125,0.1125
15.9703,pi,6.2800,6.4027,0.1125,0.1125
15.9754,pi,6.2800,6.3787,0.1130,0.1130
15.9806,pi,6.2800,6.4093,0.1124,0.1124
15.9869,pi,6.2800,6.3825,0.1129,0.1129
15.9927,pi,6.2800,6.4114,0.1123,0.1123
15.9974,pi,6.2800,6.4351,0.1119,0.1119
16.0022,pi,6.2800,6.4539,0.1115,0.1115
16.0069,pi,6.2800,6.4694,0.1112,0.1112
16.0114,pi,6.2800,6.4308,0.1120,0.1120
16.0159,pi,6.2800,6.4491,0.1116,0.1116
16.0205,pi,6.2800,6.4154,0.1123,0.1123
16.0254,pi,6.2800,6.4387,0.1118,0.1118
16.0304,pi,6.2800,6.4760,0.1111,0.1111
16.0354,pi,6.2800,6.4602,0.1114,0.1114
16.0404,pi,6.2800,6.4943,0.1107,0.1107
16.0454,pi,6.2800,6.4757,0.1111,0.1111
16.0504,pi,6.2800,6.4605,0.1114,0.1114
16.0555,pi,6.2800,6.4249,0.1121,0.1121
16.0604,pi,6.2800,6.4194,0.1122,0.1122
16.0654,pi,6.2800,6.4613,0.1113,0.1113
16.0710,pi,6.2800,6.4504,0.1116,0.1116
16.0759,pi,6.2800,6.4671,0.1112,0.1112
16.0813,pi,6.2800,6.4290,0.1120,0.1120
16.0862,pi,6.2800,6.4489,0.1116,0.1116
16.0907,pi,6.2800,6.4145,0.1123,0.1123
16.0957,pi,6.2800,6.4379,0.1118,0.1118
16.1010,pi,6.2800,6.4067,0.1124,0.1124
16.1055,pi,6.2800,6.4321,0.1119,0.1119
16.1118,pi,6.2800,6.4227,0.1121,0.1121
16.1169,pi,6.2800,6.3993,0.1126,0.1126
16.1215,pi,6.2800,6.4261,0.1120,0.1120
16.1258,pi,6.2800,6.4205,0.1122,0.1122
16.1310,pi,6.2800,6.4155,0.1123,0.1123
16.1360,pi,6.2800,6.4581,0.1114,0.1114
16.1406,pi,6.2800,6.4472,0.1116,0.1116
16.1454,pi,6.2800,6.4377,0.1118,0.1118
16.1505,pi,6.2800,6.4307,0.1120,0.1120
16.1554,pi,6.2800,6.4701,0.1112,0.1112
16.1610,pi,6.2800,6.4556,0.1115,0.1115
16.1662,pi,6.2800,6.4700,0.1112,0.1112
16.1703,pi,6.2800,6.5017,0.1105,0.1105
16.1753,pi,6.2800,6.4819,0.1109,0.1109
16.1803,pi,6.2800,6.5116,0.1103,0.1103
16.1854,pi,6.2800,6.4899,0.1108,0.1108
16.1903,pi,6.2800,6.4719,0.1111,0.1111
16.1955,pi,6.2800,6.4569,0.1114,0.1114
16.2003,pi,6.2800,6.4917,0.1107,0.1107
16.2056,pi,6.2800,6.4496,0.1116,0.1116
16.2103,pi,6.2800,6.4391,0.1118,0.1118
16.2156,pi,6.2800,6.4768,0.1110,0.1110
16.2209,pi,6.2800,6.4371,0.1118,0.1118
16.2253,pi,6.2800,6.4564,0.1114,0.1114
16.2304,pi,6.2800,6.4204,0.1122,0.1122
16.2355,pi,6.2800,6.4428,0.1117,0.1117
16.2404,pi,6.2800,6.4103,0.1124,0.1124
16.2453,pi,6.2800,6.4079,0.1124,0.1124
16.2504,pi,6.2800,6.3829,0.1129,0.1129
16.2553,pi,6.2800,6.3858,0.1129,0.1129
16.2604,pi,6.2800,6.4349,0.1119,0.1119
16.2654,pi,6.2800,6.4279,0.1120,0.1120
16.2705,pi,6.2800,6.4220,0.1121,0.1121
16.2760,pi,6.2800,6.3932,0.1127,0.1127
16.2806,pi,6.2800,6.3938,0.1127,0.1127
16.2854,pi,6.2800,6.3713,0.1131,0.1131
16.2903,pi,6.2800,6.3766,0.1130,0.1130
16.2953,pi,6.2800,6.4273,0.1120,0.1120
16.3004,pi,6.2800,6.4487,0.1116,0.1116
16.3053,pi,6.2800,6.4657,0.1113,0.1113
16.3103,pi,6.2800,6.4288,0.1120,0.1120
16.3153,pi,6.2800,6.4499,0.1116,0.1116
16.3203,pi,6.2800,6.4393,0.1118,0.1118
16.3253,pi,6.2800,6.4313,0.1119,0.1119
16.3303,pi,6.2800,6.4253,0.1121,0.1121
16.3353,pi,6.2800,6.4198,0.1122,0.1122
16.3404,pi,6.2800,6.3924,0.1127,0.1127
16.3453,pi,6.2800,6.3704,0.1132,0.1132
16.3503,pi,6.2800,6.4032,0.1125,0.1125
16.3553,pi,6.2800,6.3789,0.1130,0.1130
16.3603,pi,6.2800,6.3826,0.1129,0.1129
16.3653,pi,6.2800,6.4314,0.1119,0.1119
16.3704,pi,6.2800,6.4517,0.1115,0.1115
16.3753,pi,6.2800,6.4867,0.1108,0.1108
16.3803,pi,6.2800,6.4690,0.1112,0.1112
16.3853,pi,6.2800,6.5006,0.1106,0.1106
16.3904,pi,6.2800,6.5074,0.1104,0.1104
16.3953,pi,6.2800,6.5313,0.1099,0.1099
16.4003,pi,6.2800,6.5046,0.1105,0.1105
16.4053,pi,6.2800,6.4832,0.1109,0.1109
16.4105,pi,6.2800,6.4431,0.1117,0.1117
16.4153,pi,6.2800,6.4340,0.1119,0.1119
16.4203,pi,6.2800,6.4270,0.1120,0.1120
16.4253,pi,6.2800,6.4218,0.1121,0.1121
16.4304,pi,6.2800,6.3926,0.1127,0.1127
16.4353,pi,6.2800,6.3706,0.1132,0.1132
16.4402,pi,6.2800,6.3760,0.1131,0.1131
16.4453,pi,6.2800,6.3573,0.1134,0.1134
16.4503,pi,6.2800,6.3926,0.1127,0.1127
16.4553,pi,6.2800,6.4393,0.1118,0.1118
16.4603,pi,6.2800,6.4311,0.1120,0.1120
16.4653,pi,6.2800,6.4704,0.1112,0.1112
16.4703,pi,6.2800,6.4329,0.1119,0.1119
16.4752,pi,6.2800,6.4259,0.1121,0.1121
16.4803,pi,6.2800,6.4201,0.1122,0.1122
16.4854,pi,6.2800,6.4429,0.1117,0.1117
16.4903,pi,6.2800,6.4094,0.1124,0.1124
16.4953,pi,6.2800,6.4342,0.1119,0.1119
16.5004,pi,6.2800,6.4038,0.1125,0.1125
16.5053,pi,6.2800,6.3792,0.1130,0.1130
16.5103,pi,6.2800,6.4100,0.1124,0.1124
16.5153,pi,6.2800,6.3841,0.1129,0.1129
16.5203,pi,6.2800,6.4138,0.1123,0.1123
16.5253,pi,6.2800,6.4375,0.1118,0.1118
16.5303,pi,6.2800,6.4567,0.1114,0.1114
16.5353,pi,6.2800,6.4903,0.1108,0.1108
16.5404,pi,6.2800,6.4717,0.1111,0.1111
16.5454,pi,6.2800,6.4839,0.1109,0.1109
16.5503,pi,6.2800,6.4663,0.1112,0.1112
16.5553,pi,6.2800,6.4983,0.1106,0.1106
16.5604,pi,6.2800,6.5044,0.1105,0.1105
16.5653,pi,6.2800,6.4830,0.1109,0.1109
16.5704,pi,6.2800,6.4932,0.1107,0.1107
16.5753,pi,6.2800,6.4510,0.1116,0.1116
16.5803,pi,6.2800,6.4403,0.1118,0.1118
16.5854,pi,6.2800,6.4080,0.1124,0.1124
16.5903,pi,6.2800,6.4059,0.1125,0.1125
16.5954,pi,6.2800,6.3813,0.1129,0.1129
16.6003,pi,6.2800,6.3845,0.1129,0.1129
16.6054,pi,6.2800,6.3634,0.1133,0.1133
16.6103,pi,6.2800,6.3701,0.1132,0.1132
16.6153,pi,6.2800,6.3765,0.1130,0.1130
16.6204,pi,6.2800,6.3577,0.1134,0.1134
16.6253,pi,6.2800,6.3657,0.1133,0.1133
16.6304,pi,6.2800,6.3491,0.1136,0.1136
16.6353,pi,6.2800,6.3587,0.1134,0.1134
16.6404,pi,6.2800,6.3435,0.1137,0.1137
16.6453,pi,6.2800,6.3542,0.1135,0.1135
16.6503,pi,6.2800,6.4087,0.1124,0.1124
16.6553,pi,6.2800,6.4063,0.1124,0.1124
16.6603,pi,6.2800,6.4509,0.1116,0.1116
16.6654,pi,6.2800,6.4173,0.1122,0.1122
16.6703,pi,6.2800,6.4407,0.1118,0.1118
16.6754,pi,6.2800,6.4584,0.1114,0.1114
16.6803,pi,6.2800,6.4734,0.1111,0.1111
16.6853,pi,6.2800,6.4854,0.1109,0.1109
16.6903,pi,6.2800,6.4952,0.1107,0.1107
16.6953,pi,6.2800,6.5213,0.1101,0.1101
16.7004,pi,6.2800,6.4722,0.1111,0.1111
16.7053,pi,6.2800,6.4572,0.1114,0.1114
16.7104,pi,6.2800,6.4224,0.1121,0.1121
16.7153,pi,6.2800,6.4448,0.1117,0.1117
16.7203,pi,6.2800,6.4811,0.1110,0.1110
16.7253,pi,6.2800,6.4644,0.1113,0.1113
16.7303,pi,6.2800,6.4522,0.1115,0.1115
16.7353,pi,6.2800,6.4412,0.1117,0.1117
16.7403,pi,6.2800,6.4327,0.1119,0.1119
16.7454,pi,6.2800,6.4027,0.1125,0.1125
16.7503,pi,6.2800,6.4017,0.1125,0.1125
16.7553,pi,6.2800,6.4476,0.1116,0.1116
16.7603,pi,6.2800,6.4377,0.1118,0.1118
16.7653,pi,6.2800,6.4755,0.1111,0.1111
16.7704,pi,6.2800,6.4370,0.1118,0.1118
16.7753,pi,6.2800,6.4289,0.1120,0.1120
16.7804,pi,6.2800,6.3998,0.1126,0.1126
16.7853,pi,6.2800,6.4267,0.1120,0.1120
16.7904,pi,6.2800,6.3967,0.1126,0.1126
16.7953,pi,6.2800,6.4241,0.1121,0.1121
16.8003,pi,6.2800,6.4457,0.1117,0.1117
16.8053,pi,6.2800,6.4132,0.1123,0.1123
16.8104,pi,6.2800,6.4369,0.1118,0.1118
16.8153,pi,6.2800,6.4059,0.1125,0.1125
16.8204,pi,6.2800,6.4315,0.1119,0.1119
16.8253,pi,6.2800,6.4704,0.1112,0.1112
16.8303,pi,6.2800,6.4560,0.1115,0.1115
16.8353,pi,6.2800,6.4900,0.1108,0.1108
16.8404,pi,6.2800,6.4716,0.1111,0.1111
16.8454,pi,6.2800,6.4841,0.1109,0.1109
16.8505,pi,6.2800,6.4937,0.1107,0.1107
16.8553,pi,6.2800,6.5016,0.1105,0.1105
16.8603,pi,6.2800,6.5265,0.1100,0.1100
16.8653,pi,6.2800,6.5011,0.1105,0.1105
16.8704,pi,6.2800,6.5264,0.1100,0.1100
16.8754,pi,6.2800,6.5279,0.1100,0.1100
16.8803,pi,6.2800,6.5292,0.1100,0.1100
16.8854,pi,6.2800,6.4796,0.1110,0.1110
16.8904,pi,6.2800,6.4904,0.1108,0.1108
16.8953,pi,6.2800,6.5174,0.1102,0.1102
16.9003,pi,6.2800,6.4936,0.1107,0.1107
16.9053,pi,6.2800,6.4753,0.1111,0.1111
16.9103,pi,6.2800,6.4601,0.1114,0.1114
16.9153,pi,6.2800,6.4476,0.1116,0.1116
16.9204,pi,6.2800,6.4145,0.1123,0.1123
16.9253,pi,6.2800,6.3882,0.1128,0.1128
16.9303,pi,6.2800,6.3903,0.1128,0.1128
16.9353,pi,6.2800,6.3916,0.1127,0.1127
16.9403,pi,6.2800,6.4387,0.1118,0.1118
16.9454,pi,6.2800,6.4075,0.1124,0.1124
16.9503,pi,6.2800,6.4055,0.1125,0.1125
16.9554,pi,6.2800,6.3809,0.1130,0.1130
16.9603,pi,6.2800,6.4115,0.1123,0.1123
16.9653,pi,6.2800,6.4544,0.1115,0.1115
16.9703,pi,6.2800,6.4430,0.1117,0.1117
16.9753,pi,6.2800,6.4798,0.1110,0.1110
16.9804,pi,6.2800,6.4402,0.1118,0.1118
16.9853,pi,6.2800,6.4590,0.1114,0.1114
16.9908,pi,6.2800,6.4209,0.1122,0.1122
16.9955,pi,6.2800,6.4430,0.1117,0.1117
17.0003,pi,6.2800,6.4610,0.1114,0.1114
17.0053,pi,6.2800,6.4482,0.1116,0.1116
17.0103,pi,6.2800,6.4839,0.1109,0.1109
17.0154,pi,6.2800,6.4931,0.1107,0.1107
17.0203,pi,6.2800,6.5013,0.1105,0.1105
17.0254,pi,6.2800,6.4566,0.1114,0.1114
17.0303,pi,6.2800,6.4448,0.1117,0.1117
17.0354,pi,6.2800,6.4811,0.1110,0.1110
17.0403,pi,6.2800,6.4643,0.1113,0.1113
17.0454,pi,6.2800,6.4989,0.1106,0.1106
17.0503,pi,6.2800,6.4791,0.1110,0.1110
17.0554,pi,6.2800,6.4629,0.1113,0.1113
17.0604,pi,6.2800,6.4267,0.1120,0.1120
17.0653,pi,6.2800,6.4207,0.1122,0.1122
17.0703,pi,6.2800,6.4170,0.1122,0.1122
17.0754,pi,6.2800,6.4132,0.1123,0.1123
17.0804,pi,6.2800,6.4365,0.1118,0.1118
17.0854,pi,6.2800,6.4056,0.1125,0.1125
17.0903,pi,6.2800,6.4041,0.1125,0.1125
17.0954,pi,6.2800,6.3799,0.1130,0.1130
17.1003,pi,6.2800,6.4107,0.1124,0.1124
17.1053,pi,6.2800,6.4536,0.1115,0.1115
17.1103,pi,6.2800,6.4425,0.1117,0.1117
17.1153,pi,6.2800,6.4794,0.1110,0.1110
17.1203,pi,6.2800,6.4400,0.1118,0.1118
17.1253,pi,6.2800,6.4588,0.1114,0.1114
17.1303,pi,6.2800,6.4466,0.1116,0.1116
17.1353,pi,6.2800,6.4378,0.1118,0.1118
17.1407,pi,6.2800,6.4555,0.1115,0.1115
17.1463,pi,6.2800,6.4695,0.1112,0.1112
17.1515,pi,6.2800,6.4804,0.1110,0.1110
17.1569,pi,6.2800,6.4398,0.1118,0.1118
17.1617,pi,6.2800,6.4577,0.1114,0.1114
17.1661,pi,6.2800,6.4210,0.1122,0.1122
17.1713,pi,6.2800,6.4425,0.1117,0.1117
17.1756,pi,6.2800,6.4599,0.1114,0.1114
17.1809,pi,6.2800,6.4734,0.1111,0.1111
17.1855,pi,6.2800,6.4850,0.1109,0.1109
17.1906,pi,6.2800,6.4663,0.1112,0.1112
17.1956,pi,6.2800,6.4533,0.1115,0.1115
17.2010,pi,6.2800,6.4427,0.1117,0.1117
17.2054,pi,6.2800,6.4354,0.1119,0.1119
17.2103,pi,6.2800,6.4291,0.1120,0.1120
17.2153,pi,6.2800,6.4239,0.1121,0.1121
17.2203,pi,6.2800,6.4202,0.1122,0.1122
17.2253,pi,6.2800,6.4171,0.1122,0.1122
17.2303,pi,6.2800,6.4145,0.1123,0.1123
17.2353,pi,6.2800,6.4124,0.1123,0.1123
17.2403,pi,6.2800,6.4102,0.1124,0.1124
17.2453,pi,6.2800,6.4090,0.1124,0.1124
17.2503,pi,6.2800,6.4077,0.1124,0.1124
17.2553,pi,6.2800,6.4069,0.1124,0.1124
17.2605,pi,6.2800,6.4318,0.1119,0.1119
17.2660,pi,6.2800,6.4505,0.1116,0.1116
17.2715,pi,6.2800,6.4657,0.1113,0.1113
17.2760,pi,6.2800,6.4781,0.1110,0.1110
17.2806,pi,6.2800,6.4383,0.1118,0.1118
17.2853,pi,6.2800,6.4566,0.1114,0.1114
17.2906,pi,6.2800,6.4214,0.1121,0.1121
17.2953,pi,6.2800,6.4435,0.1117,0.1117
17.3003,pi,6.2800,6.4615,0.1113,0.1113
17.3053,pi,6.2800,6.4759,0.1111,0.1111
17.3105,pi,6.2800,6.5056,0.1105,0.1105
17.3153,pi,6.2800,6.4844,0.1109,0.1109
17.3204,pi,6.2800,6.4943,0.1107,0.1107
17.3253,pi,6.2800,6.4765,0.1110,0.1110
17.3303,pi,6.2800,6.4618,0.1113,0.1113
17.3353,pi,6.2800,6.4492,0.1116,0.1116
17.3404,pi,6.2800,6.4393,0.1118,0.1118
17.3453,pi,6.2800,6.4312,0.1119,0.1119
17.3504,pi,6.2800,6.4013,0.1125,0.1125
17.3553,pi,6.2800,6.4279,0.1120,0.1120
17.3603,pi,6.2800,6.4217,0.1121,0.1121
17.3654,pi,6.2800,6.4167,0.1122,0.1122
17.3703,pi,6.2800,6.4133,0.1123,0.1123
17.3753,pi,6.2800,6.4117,0.1123,0.1123
17.3803,pi,6.2800,6.4091,0.1124,0.1124
17.3853,pi,6.2800,6.4068,0.1124,0.1124
17.3903,pi,6.2800,6.4511,0.1115,0.1115
17.3953,pi,6.2800,6.4407,0.1118,0.1118
17.4003,pi,6.2800,6.4781,0.1110,0.1110
17.4053,pi,6.2800,6.4624,0.1113,0.1113
17.4103,pi,6.2800,6.4498,0.1116,0.1116
17.4153,pi,6.2800,6.4395,0.1118,0.1118
17.4203,pi,6.2800,6.4316,0.1119,0.1119
17.4254,pi,6.2800,6.4016,0.1125,0.1125
17.4303,pi,6.2800,6.4277,0.1120,0.1120
17.4353,pi,6.2800,6.3983,0.1126,0.1126
17.4403,pi,6.2800,6.3749,0.1131,0.1131
17.4453,pi,6.2800,6.4066,0.1124,0.1124
17.4503,pi,6.2800,6.3814,0.1129,0.1129
17.4553,pi,6.2800,6.4116,0.1123,0.1123
17.4604,pi,6.2800,6.4348,0.1119,0.1119
17.4653,pi,6.2800,6.4544,0.1115,0.1115
17.4704,pi,6.2800,6.4197,0.1122,0.1122
17.4753,pi,6.2800,6.4151,0.1123,0.1123
17.4803,pi,6.2800,6.4575,0.1114,0.1114
17.4854,pi,6.2800,6.4729,0.1111,0.1111
17.4903,pi,6.2800,6.4852,0.1109,0.1109
17.4953,pi,6.2800,6.4447,0.1117,0.1117
17.5003,pi,6.2800,6.4625,0.1113,0.1113
17.5054,pi,6.2800,6.4264,0.1120,0.1120
17.5103,pi,6.2800,6.4206,0.1122,0.1122
17.5153,pi,6.2800,6.4171,0.1122,0.1122
17.5203,pi,6.2800,6.4132,0.1123,0.1123
17.5254,pi,6.2800,6.4373,0.1118,0.1118
17.5303,pi,6.2800,6.4065,0.1124,0.1124
17.5353,pi,6.2800,6.4046,0.1125,0.1125
17.5404,pi,6.2800,6.3803,0.1130,0.1130
17.5453,pi,6.2800,6.3838,0.1129,0.1129
17.5503,pi,6.2800,6.4323,0.1119,0.1119
17.5554,pi,6.2800,6.4525,0.1115,0.1115
17.5604,pi,6.2800,6.4687,0.1112,0.1112
17.5654,pi,6.2800,6.4295,0.1120,0.1120
17.5709,pi,6.2800,6.4497,0.1116,0.1116
17.5765,pi,6.2800,6.4135,0.1123,0.1123
17.5807,pi,6.2800,6.4372,0.1118,0.1118
17.5853,pi,6.2800,6.4750,0.1111,0.1111
17.5903,pi,6.2800,6.4597,0.1114,0.1114
17.5953,pi,6.2800,6.4934,0.1107,0.1107
17.6004,pi,6.2800,6.4742,0.1111,0.1111
17.6053,pi,6.2800,6.4590,0.1114,0.1114
17.6104,pi,6.2800,6.4472,0.1116,0.1116
17.6153,pi,6.2800,6.4377,0.1118,0.1118
17.6206,pi,6.2800,6.4768,0.1110,0.1110
17.6261,pi,6.2800,6.4604,0.1114,0.1114
17.6305,pi,6.2800,6.4956,0.1107,0.1107
17.6353,pi,6.2800,6.4763,0.1110,0.1110
17.6404,pi,6.2800,6.4877,0.1108,0.1108
17.6453,pi,6.2800,6.4465,0.1116,0.1116
17.6505,pi,6.2800,6.4637,0.1113,0.1113
17.6555,pi,6.2800,6.4774,0.1110,0.1110
17.6604,pi,6.2800,6.4887,0.1108,0.1108
17.6653,pi,6.2800,6.4978,0.1106,0.1106
17.6703,pi,6.2800,6.4777,0.1110,0.1110
17.6753,pi,6.2800,6.4621,0.1113,0.1113
17.6803,pi,6.2800,6.4505,0.1116,0.1116
17.6854,pi,6.2800,6.4670,0.1112,0.1112
17.6903,pi,6.2800,6.4300,0.1120,0.1120
17.6953,pi,6.2800,6.4234,0.1121,0.1121
17.7003,pi,6.2800,6.4180,0.1122,0.1122
17.7053,pi,6.2800,6.4142,0.1123,0.1123
17.7103,pi,6.2800,6.4112,0.1123,0.1123
17.7154,pi,6.2800,6.3856,0.1129,0.1129
17.7203,pi,6.2800,6.3881,0.1128,0.1128
17.7253,pi,6.2800,6.3671,0.1132,0.1132
17.7303,pi,6.2800,6.3732,0.1131,0.1131
17.7353,pi,6.2800,6.3778,0.1130,0.1130
17.7403,pi,6.2800,6.3817,0.1129,0.1129
17.7453,pi,6.2800,6.4307,0.1120,0.1120
17.7503,pi,6.2800,6.4240,0.1121,0.1121
17.7553,pi,6.2800,6.4646,0.1113,0.1113
17.7603,pi,6.2800,6.4969,0.1106,0.1106
17.7653,pi,6.2800,6.4770,0.1110,0.1110
17.7703,pi,6.2800,6.5071,0.1104,0.1104
17.7753,pi,6.2800,6.4851,0.1109,0.1109
17.7804,pi,6.2800,6.4943,0.1107,0.1107
17.7853,pi,6.2800,6.4748,0.1111,0.1111
17.7903,pi,6.2800,6.5054,0.1105,0.1105
17.7953,pi,6.2800,6.5298,0.1100,0.1100
17.8003,pi,6.2800,6.5035,0.1105,0.1105
17.8053,pi,6.2800,6.4824,0.1109,0.1109
17.8104,pi,6.2800,6.4423,0.1117,0.1117
17.8153,pi,6.2800,6.4607,0.1114,0.1114
17.8203,pi,6.2800,6.4250,0.1121,0.1121
17.8253,pi,6.2800,6.4468,0.1116,0.1116
17.8304,pi,6.2800,6.4370,0.1118,0.1118
17.8353,pi,6.2800,6.4296,0.1120,0.1120
17.8404,pi,6.2800,6.4001,0.1126,0.1126
17.8453,pi,6.2800,6.3995,0.1126,0.1126
17.8503,pi,6.2800,6.3992,0.1126,0.1126
17.8554,pi,6.2800,6.4263,0.1120,0.1120
17.8603,pi,6.2800,6.4663,0.1112,0.1112
17.8653,pi,6.2800,6.4527,0.1115,0.1115
17.8703,pi,6.2800,6.4419,0.1117,0.1117
17.8754,pi,6.2800,6.4099,0.1124,0.1124
17.8804,pi,6.2800,6.4345,0.1119,0.1119
17.8854,pi,6.2800,6.4539,0.1115,0.1115
17.8904,pi,6.2800,6.4694,0.1112,0.1112
17.8953,pi,6.2800,6.4821,0.1109,0.1109
17.9003,pi,6.2800,6.4418,0.1117,0.1117
17.9054,pi,6.2800,6.4601,0.1114,0.1114
17.9104,pi,6.2800,6.4240,0.1121,0.1121
17.9153,pi,6.2800,6.4459,0.1117,0.1117
17.9202,pi,6.2800,6.4820,0.1109,0.1109
17.9254,pi,6.2800,6.4651,0.1113,0.1113
17.9304,pi,6.2800,6.4974,0.1106,0.1106
17.9353,pi,6.2800,6.5233,0.1101,0.1101
17.9404,pi,6.2800,6.4985,0.1106,0.1106
17.9454,pi,6.2800,6.5246,0.1101,0.1101
17.9503,pi,6.2800,6.4991,0.1106,0.1106
17.9553,pi,6.2800,6.5249,0.1101,0.1101
17.9603,pi,6.2800,6.4998,0.1106,0.1106
17.9653,pi,6.2800,6.5256,0.1101,0.1101
17.9704,pi,6.2800,6.4764,0.1110,0.1110
17.9753,pi,6.2800,6.4878,0.1108,0.1108
17.9811,pi,6.2800,6.4458,0.1117,0.1117
17.9862,pi,6.2800,6.4127,0.1123,0.1123
17.9906,pi,6.2800,6.4368,0.1118,0.1118
17.9953,pi,6.2800,6.4060,0.1125,0.1125
18.0003,pi,6.2800,6.4043,0.1125,0.1125
18.0053,pi,6.2800,6.3798,0.1130,0.1130
18.0103,pi,6.2800,6.4105,0.1124,0.1124
18.0153,pi,6.2800,6.3850,0.1129,0.1129
18.0203,pi,6.2800,6.3875,0.1128,0.1128
18.0254,pi,6.2800,6.4165,0.1122,0.1122
18.0303,pi,6.2800,6.4129,0.1123,0.1123
18.0353,pi,6.2800,6.4106,0.1124,0.1124
18.0403,pi,6.2800,6.4086,0.1124,0.1124
18.0453,pi,6.2800,6.4068,0.1124,0.1124
18.0503,pi,6.2800,6.3821,0.1129,0.1129
18.0553,pi,6.2800,6.3853,0.1129,0.1129
18.0603,pi,6.2800,6.4337,0.1119,0.1119
18.0653,pi,6.2800,6.4267,0.1120,0.1120
18.0703,pi,6.2800,6.4482,0.1116,0.1116
18.0753,pi,6.2800,6.4381,0.1118,0.1118
18.0803,pi,6.2800,6.4308,0.1120,0.1120
18.0854,pi,6.2800,6.4514,0.1115,0.1115
18.0903,pi,6.2800,6.4678,0.1112,0.1112
18.0953,pi,6.2800,6.4811,0.1110,0.1110
18.1003,pi,6.2800,6.4917,0.1107,0.1107
18.1053,pi,6.2800,6.5187,0.1102,0.1102
18.1104,pi,6.2800,6.5213,0.1101,0.1101
18.1153,pi,6.2800,6.5236,0.1101,0.1101
18.1203,pi,6.2800,6.4751,0.1111,0.1111
18.1257,pi,6.2800,6.4860,0.1109,0.1109
18.1317,pi,6.2800,6.4934,0.1107,0.1107
18.1364,pi,6.2800,6.4998,0.1106,0.1106
18.1412,pi,6.2800,6.5057,0.1105,0.1105
18.1475,pi,6.2800,6.4539,0.1115,0.1115
18.1545,pi,6.2800,6.4670,0.1112,0.1112
18.1602,pi,6.2800,6.4250,0.1121,0.1121
18.1653,pi,6.2800,6.3965,0.1126,0.1126
18.1714,pi,6.2800,6.3731,0.1131,0.1131
18.1757,pi,6.2800,6.4011,0.1126,0.1126
18.1812,pi,6.2800,6.3762,0.1130,0.1130
18.1863,pi,6.2800,6.3575,0.1134,0.1134
18.1927,pi,6.2800,6.3927,0.1127,0.1127
18.1992,pi,6.2800,6.3664,0.1132,0.1132
18.2037,pi,6.2800,6.3265,0.1140,0.1140
18.2089,pi,6.2800,6.3438,0.1137,0.1137
18.2136,pi,6.2800,6.3756,0.1131,0.1131
18.2194,pi,6.2800,6.3581,0.1134,0.1134
18.2240,pi,6.2800,6.3932,0.1127,0.1127
18.2292,pi,6.2800,6.4380,0.1118,0.1118
18.2343,pi,6.2800,6.4551,0.1115,0.1115
18.2412,pi,6.2800,6.4707,0.1112,0.1112
18.2473,pi,6.2800,6.4314,0.1119,0.1119
18.2525,pi,6.2800,6.3997,0.1126,0.1126
18.2594,pi,6.2800,6.3761,0.1131,0.1131
18.2644,pi,6.2800,6.2907,0.1148,0.1148
18.2704,pi,6.2800,6.1741,0.1171,0.1171
18.2770,pi,6.2800,5.9434,0.1217,0.1217
18.2847,pi,6.2800,5.7344,0.1260,0.1260
18.2904,pi,6.2800,5.6660,0.1275,0.1275
18.2953,pi,6.2800,5.4855,0.1313,0.1313
18.3007,pi,6.2800,5.4626,0.1320,0.1320
18.3049,pi,6.2800,5.3756,0.1339,0.1339
18.3092,pi,6.2800,5.3524,0.1345,0.1345
18.3134,pi,6.2800,5.3340,0.1351,0.1351
18.3176,pi,6.2800,5.3218,0.1356,0.1356
18.3217,pi,6.2800,5.3542,0.1352,0.1352
18.3261,pi,6.2800,5.4270,0.1340,0.1340
18.3305,pi,6.2800,5.6224,0.1303,0.1303
18.3344,pi,6.2800,5.7716,0.1275,0.1275
18.3388,pi,6.2800,5.8978,0.1251,0.1251
18.3430,pi,6.2800,6.0169,0.1228,0.1228
18.3471,pi,6.2800,6.0942,0.1213,0.1213
18.3517,pi,6.2800,6.2017,0.1192,0.1192
18.3557,pi,6.2800,6.2876,0.1175,0.1175
18.3601,pi,6.2800,6.4064,0.1151,0.1151
18.3646,pi,6.2800,6.5892,0.1115,0.1115
18.3690,pi,6.2800,6.7680,0.1079,0.1079
18.3730,pi,6.2800,6.8440,0.1064,0.1064
18.3771,pi,6.2800,6.9320,0.1046,0.1046
18.3811,pi,6.2800,6.9528,0.1042,0.1042
18.3851,pi,6.2800,6.9790,0.1037,0.1037
18.3891,pi,6.2800,7.0458,0.1023,0.1023
18.3932,pi,6.2800,7.0439,0.1024,0.1024
18.3972,pi,6.2800,7.0357,0.1025,0.1025
18.4011,pi,6.2800,7.0459,0.1023,0.1023
18.4057,pi,6.2800,6.9934,0.1034,0.1034
18.4104,pi,6.2800,6.9186,0.1049,0.1049
18.4154,pi,6.2800,6.8529,0.1062,0.1062
18.4204,pi,6.2800,6.8084,0.1071,0.1071
18.4254,pi,6.2800,6.7268,0.1087,0.1087
18.4304,pi,6.2800,6.6614,0.1100,0.1100
18.4354,pi,6.2800,6.6087,0.1111,0.1111
18.4404,pi,6.2800,6.5671,0.1119,0.1119
18.4454,pi,6.2800,6.5334,0.1126,0.1126
18.4505,pi,6.2800,6.4830,0.1136,0.1136
18.4553,pi,6.2800,6.4202,0.1149,0.1149
18.4604,pi,6.2800,6.4161,0.1149,0.1149
18.4654,pi,6.2800,6.4594,0.1141,0.1141
18.4704,pi,6.2800,6.4240,0.1148,0.1148
18.4753,pi,6.2800,6.4187,0.1149,0.1149
18.4804,pi,6.2800,6.4604,0.1141,0.1141
18.4854,pi,6.2800,6.4752,0.1138,0.1138
18.4904,pi,6.2800,6.4869,0.1135,0.1135
18.4954,pi,6.2800,6.4964,0.1133,0.1133
18.5003,pi,6.2800,6.5222,0.1128,0.1128
18.5054,pi,6.2800,6.5747,0.1118,0.1118
18.5104,pi,6.2800,6.5665,0.1119,0.1119
18.5154,pi,6.2800,6.5093,0.1131,0.1131
18.5204,pi,6.2800,6.5141,0.1130,0.1130
18.5254,pi,6.2800,6.5179,0.1129,0.1129
18.5304,pi,6.2800,6.4706,0.1138,0.1138
18.5354,pi,6.2800,6.4834,0.1136,0.1136
18.5404,pi,6.2800,6.4936,0.1134,0.1134
18.5455,pi,6.2800,6.5016,0.1132,0.1132
18.5503,pi,6.2800,6.5267,0.1127,0.1127
18.5554,pi,6.2800,6.5010,0.1132,0.1132
18.5603,pi,6.2800,6.4807,0.1136,0.1136
18.5654,pi,6.2800,6.4640,0.1140,0.1140
18.5704,pi,6.2800,6.4966,0.1133,0.1133
18.5754,pi,6.2800,6.5041,0.1132,0.1132
18.5804,pi,6.2800,6.4829,0.1136,0.1136
18.5854,pi,6.2800,6.4933,0.1134,0.1134
18.5904,pi,6.2800,6.5012,0.1132,0.1132
18.5954,pi,6.2800,6.4803,0.1137,0.1137
18.6005,pi,6.2800,6.4408,0.1144,0.1144
18.6054,pi,6.2800,6.4593,0.1141,0.1141
18.6104,pi,6.2800,6.4742,0.1138,0.1138
18.6154,pi,6.2800,6.4586,0.1141,0.1141
18.6204,pi,6.2800,6.4737,0.1138,0.1138
18.6254,pi,6.2800,6.4856,0.1135,0.1135
18.6304,pi,6.2800,6.4952,0.1134,0.1134
18.6353,pi,6.2800,6.5214,0.1128,0.1128
18.6405,pi,6.2800,6.4966,0.1133,0.1133
18.6456,pi,6.2800,6.5038,0.1132,0.1132
18.6504,pi,6.2800,6.5596,0.1121,0.1121
18.6554,pi,6.2800,6.5728,0.1118,0.1118
18.6604,pi,6.2800,6.5838,0.1116,0.1116
18.6654,pi,6.2800,6.5738,0.1118,0.1118
18.6703,pi,6.2800,6.5843,0.1116,0.1116
18.6754,pi,6.2800,6.5931,0.1114,0.1114
18.6804,pi,6.2800,6.5541,0.1122,0.1122
18.6854,pi,6.2800,6.5502,0.1123,0.1123
18.6904,pi,6.2800,6.5469,0.1123,0.1123
18.6956,pi,6.2800,6.5624,0.1120,0.1120
18.7004,pi,6.2800,6.5756,0.1117,0.1117
18.7054,pi,6.2800,6.5405,0.1125,0.1125
18.7104,pi,6.2800,6.5388,0.1125,0.1125
18.7154,pi,6.2800,6.5379,0.1125,0.1125
18.7204,pi,6.2800,6.5365,0.1125,0.1125
18.7254,pi,6.2800,6.5359,0.1125,0.1125
18.7304,pi,6.2800,6.5354,0.1126,0.1126
18.7354,pi,6.2800,6.5536,0.1122,0.1122
18.7404,pi,6.2800,6.5221,0.1128,0.1128
18.7454,pi,6.2800,6.5430,0.1124,0.1124
18.7511,pi,6.2800,6.4903,0.1135,0.1135
18.7558,pi,6.2800,6.4986,0.1133,0.1133
18.7606,pi,6.2800,6.5237,0.1128,0.1128
18.7653,pi,6.2800,6.4988,0.1133,0.1133
18.7703,pi,6.2800,6.5250,0.1128,0.1128
18.7753,pi,6.2800,6.5002,0.1133,0.1133
18.7803,pi,6.2800,6.4801,0.1137,0.1137
18.7853,pi,6.2800,6.5098,0.1131,0.1131
18.7903,pi,6.2800,6.4876,0.1135,0.1135
18.7953,pi,6.2800,6.5156,0.1130,0.1130
18.8004,pi,6.2800,6.4916,0.1134,0.1134
18.8054,pi,6.2800,6.5189,0.1129,0.1129
18.8109,pi,6.2800,6.5214,0.1128,0.1128
18.8153,pi,6.2800,6.5233,0.1128,0.1128
18.8203,pi,6.2800,6.5254,0.1128,0.1128
18.8253,pi,6.2800,6.4996,0.1133,0.1133
18.8304,pi,6.2800,6.5065,0.1131,0.1131
18.8357,pi,6.2800,6.4602,0.1141,0.1141
18.8416,pi,6.2800,6.4740,0.1138,0.1138
18.8458,pi,6.2800,6.4858,0.1135,0.1135
18.8503,pi,6.2800,6.4681,0.1139,0.1139
18.8556,pi,6.2800,6.4810,0.1136,0.1136
18.8610,pi,6.2800,6.4917,0.1134,0.1134
18.8657,pi,6.2800,6.4998,0.1133,0.1133
18.8711,pi,6.2800,6.5055,0.1132,0.1132
18.8758,pi,6.2800,6.5062,0.1131,0.1131
18.8808,pi,6.2800,6.5100,0.1131,0.1131
18.8853,pi,6.2800,6.5325,0.1126,0.1126
18.8903,pi,6.2800,6.5522,0.1122,0.1122
18.8956,pi,6.2800,6.5485,0.1123,0.1123
18.9004,pi,6.2800,6.5448,0.1124,0.1124
18.9055,pi,6.2800,6.5608,0.1120,0.1120
18.9108,pi,6.2800,6.5741,0.1118,0.1118
18.9157,pi,6.2800,6.5391,0.1125,0.1125
18.9203,pi,6.2800,6.5575,0.1121,0.1121
18.9253,pi,6.2800,6.5265,0.1127,0.1127
18.9303,pi,6.2800,6.5511,0.1122,0.1122
18.9355,pi,6.2800,6.5215,0.1128,0.1128
18.9404,pi,6.2800,6.5239,0.1128,0.1128
18.9453,pi,6.2800,6.5441,0.1124,0.1124
18.9504,pi,6.2800,6.5150,0.1130,0.1130
18.9553,pi,6.2800,6.5381,0.1125,0.1125
18.9604,pi,6.2800,6.5557,0.1121,0.1121
18.9654,pi,6.2800,6.5243,0.1128,0.1128
18.9703,pi,6.2800,6.5450,0.1124,0.1124
18.9753,pi,6.2800,6.5428,0.1124,0.1124
18.9803,pi,6.2800,6.5410,0.1124,0.1124
18.9853,pi,6.2800,6.5121,0.1130,0.1130
18.9904,pi,6.2800,6.5165,0.1129,0.1129
18.9953,pi,6.2800,6.5386,0.1125,0.1125
19.0003,pi,6.2800,6.5104,0.1131,0.1131
19.0053,pi,6.2800,6.5338,0.1126,0.1126
19.0104,pi,6.2800,6.5063,0.1131,0.1131
19.0153,pi,6.2800,6.4849,0.1136,0.1136
19.0204,pi,6.2800,6.4942,0.1134,0.1134
19.0253,pi,6.2800,6.4750,0.1138,0.1138
19.0303,pi,6.2800,6.5054,0.1132,0.1132
19.0354,pi,6.2800,6.5111,0.1130,0.1130
19.0403,pi,6.2800,6.5341,0.1126,0.1126
19.0454,pi,6.2800,6.4824,0.1136,0.1136
19.0503,pi,6.2800,6.4927,0.1134,0.1134
19.0554,pi,6.2800,6.4506,0.1142,0.1142
19.0604,pi,6.2800,6.4671,0.1139,0.1139
19.0654,pi,6.2800,6.4804,0.1137,0.1137
19.0703,pi,6.2800,6.4636,0.1140,0.1140
19.0754,pi,6.2800,6.4777,0.1137,0.1137
19.0803,pi,6.2800,6.5074,0.1131,0.1131
19.0853,pi,6.2800,6.4852,0.1136,0.1136
19.0904,pi,6.2800,6.4950,0.1134,0.1134
19.0954,pi,6.2800,6.4756,0.1137,0.1137
19.1007,pi,6.2800,6.4868,0.1135,0.1135
19.1055,pi,6.2800,6.4954,0.1134,0.1134
19.1104,pi,6.2800,6.5212,0.1128,0.1128
19.1158,pi,6.2800,6.5236,0.1128,0.1128
19.1203,pi,6.2800,6.4986,0.1133,0.1133
19.1253,pi,6.2800,6.5245,0.1128,0.1128
19.1304,pi,6.2800,6.5263,0.1127,0.1127
19.1356,pi,6.2800,6.5267,0.1127,0.1127
19.1414,pi,6.2800,6.5247,0.1128,0.1128
19.1463,pi,6.2800,6.5247,0.1128,0.1128
19.1517,pi,6.2800,6.5256,0.1127,0.1127
19.1571,pi,6.2800,6.5264,0.1127,0.1127
19.1643,pi,6.2800,6.5239,0.1128,0.1128
19.1705,pi,6.2800,6.5234,0.1128,0.1128
19.1754,pi,6.2800,6.5216,0.1128,0.1128
19.1800,pi,6.2800,6.5214,0.1128,0.1128
19.1846,pi,6.2800,6.5229,0.1128,0.1128
19.1885,pi,6.2800,6.4969,0.1133,0.1133
19.1927,pi,6.2800,6.5234,0.1128,0.1128
19.1966,pi,6.2800,6.5012,0.1132,0.1132
19.2007,pi,6.2800,6.5273,0.1127,0.1127
19.2053,pi,6.2800,6.5026,0.1132,0.1132
19.2103,pi,6.2800,6.5293,0.1127,0.1127
19.2153,pi,6.2800,6.5527,0.1122,0.1122
19.2203,pi,6.2800,6.5244,0.1128,0.1128
19.2253,pi,6.2800,6.5484,0.1123,0.1123
19.2306,pi,6.2800,6.5201,0.1129,0.1129
19.2354,pi,6.2800,6.5218,0.1128,0.1128
19.2403,pi,6.2800,6.4978,0.1133,0.1133
19.2454,pi,6.2800,6.5043,0.1132,0.1132
19.2503,pi,6.2800,6.5289,0.1127,0.1127
19.2553,pi,6.2800,6.5034,0.1132,0.1132
19.2603,pi,6.2800,6.5285,0.1127,0.1127
19.2653,pi,6.2800,6.5022,0.1132,0.1132
19.2704,pi,6.2800,6.5083,0.1131,0.1131
19.2753,pi,6.2800,6.4862,0.1135,0.1135
19.2804,pi,6.2800,6.4955,0.1134,0.1134
19.2853,pi,6.2800,6.5216,0.1128,0.1128
19.2904,pi,6.2800,6.4985,0.1133,0.1133
19.2953,pi,6.2800,6.5241,0.1128,0.1128
19.3004,pi,6.2800,6.5258,0.1127,0.1127
19.3053,pi,6.2800,6.5272,0.1127,0.1127
19.3104,pi,6.2800,6.5284,0.1127,0.1127
19.3153,pi,6.2800,6.5292,0.1127,0.1127
19.3203,pi,6.2800,6.5483,0.1123,0.1123
19.3254,pi,6.2800,6.5455,0.1124,0.1124
19.3303,pi,6.2800,6.5615,0.1120,0.1120
19.3353,pi,6.2800,6.5750,0.1118,0.1118
19.3403,pi,6.2800,6.5395,0.1125,0.1125
19.3453,pi,6.2800,6.5569,0.1121,0.1121
19.3504,pi,6.2800,6.5251,0.1128,0.1128
19.3553,pi,6.2800,6.5269,0.1127,0.1127
19.3603,pi,6.2800,6.4779,0.1137,0.1137
19.3653,pi,6.2800,6.4618,0.1140,0.1140
19.3709,pi,6.2800,6.4754,0.1138,0.1138
19.3761,pi,6.2800,6.4861,0.1135,0.1135
19.3807,pi,6.2800,6.4942,0.1134,0.1134
19.3855,pi,6.2800,6.4521,0.1142,0.1142
19.3905,pi,6.2800,6.4683,0.1139,0.1139
19.3953,pi,6.2800,6.4544,0.1142,0.1142
19.4006,pi,6.2800,6.4703,0.1139,0.1139
19.4054,pi,6.2800,6.4830,0.1136,0.1136
19.4103,pi,6.2800,6.4660,0.1139,0.1139
19.4153,pi,6.2800,6.4982,0.1133,0.1133
19.4203,pi,6.2800,6.5230,0.1128,0.1128
19.4254,pi,6.2800,6.4986,0.1133,0.1133
19.4303,pi,6.2800,6.5250,0.1128,0.1128
19.4353,pi,6.2800,6.5009,0.1132,0.1132
19.4403,pi,6.2800,6.5260,0.1127,0.1127
19.4455,pi,6.2800,6.5270,0.1127,0.1127
19.4510,pi,6.2800,6.5283,0.1127,0.1127
19.4556,pi,6.2800,6.5479,0.1123,0.1123
19.4604,pi,6.2800,6.5452,0.1124,0.1124
19.4653,pi,6.2800,6.5616,0.1120,0.1120
19.4703,pi,6.2800,6.5748,0.1118,0.1118
19.4754,pi,6.2800,6.5405,0.1125,0.1125
19.4805,pi,6.2800,6.5390,0.1125,0.1125
19.4853,pi,6.2800,6.5884,0.1115,0.1115
19.4904,pi,6.2800,6.5959,0.1113,0.1113
19.4954,pi,6.2800,6.6016,0.1112,0.1112
19.5011,pi,6.2800,6.5877,0.1115,0.1115
19.5062,pi,6.2800,6.5748,0.1118,0.1118
19.5103,pi,6.2800,6.5667,0.1119,0.1119
19.5154,pi,6.2800,6.5601,0.1121,0.1121
19.5203,pi,6.2800,6.5546,0.1122,0.1122
19.5254,pi,6.2800,6.5502,0.1123,0.1123
19.5303,pi,6.2800,6.5196,0.1129,0.1129
19.5354,pi,6.2800,6.4721,0.1138,0.1138
19.5413,pi,6.2800,6.4836,0.1136,0.1136
19.5467,pi,6.2800,6.4662,0.1139,0.1139
19.5508,pi,6.2800,6.4531,0.1142,0.1142
19.5553,pi,6.2800,6.4887,0.1135,0.1135
19.5603,pi,6.2800,6.4729,0.1138,0.1138
19.5653,pi,6.2800,6.4583,0.1141,0.1141
19.5703,pi,6.2800,6.4462,0.1143,0.1143
19.5753,pi,6.2800,6.4368,0.1145,0.1145
19.5803,pi,6.2800,6.4294,0.1147,0.1147
19.5854,pi,6.2800,6.4688,0.1139,0.1139
19.5903,pi,6.2800,6.5007,0.1132,0.1132
19.5953,pi,6.2800,6.4812,0.1136,0.1136
19.6003,pi,6.2800,6.5109,0.1130,0.1130
19.6054,pi,6.2800,6.4649,0.1140,0.1140
19.6103,pi,6.2800,6.4784,0.1137,0.1137
19.6154,pi,6.2800,6.5393,0.1125,0.1125
19.6203,pi,6.2800,6.5379,0.1125,0.1125
19.6254,pi,6.2800,6.5366,0.1125,0.1125
19.6305,pi,6.2800,6.5852,0.1116,0.1116
19.6359,pi,6.2800,6.5743,0.1118,0.1118
19.6408,pi,6.2800,6.5659,0.1119,0.1119
19.6453,pi,6.2800,6.5593,0.1121,0.1121
19.6503,pi,6.2800,6.5543,0.1122,0.1122
19.6552,pi,6.2800,6.5687,0.1119,0.1119
19.6603,pi,6.2800,6.5805,0.1117,0.1117
19.6659,pi,6.2800,6.5896,0.1115,0.1115
19.6710,pi,6.2800,6.5767,0.1117,0.1117
19.6762,pi,6.2800,6.5671,0.1119,0.1119
19.6813,pi,6.2800,6.5093,0.1131,0.1131
19.6860,pi,6.2800,6.5130,0.1130,0.1130
19.6905,pi,6.2800,6.5161,0.1129,0.1129
19.6953,pi,6.2800,6.5196,0.1129,0.1129
19.7003,pi,6.2800,6.5222,0.1128,0.1128
19.7053,pi,6.2800,6.5232,0.1128,0.1128
19.7103,pi,6.2800,6.5252,0.1128,0.1128
19.7154,pi,6.2800,6.5263,0.1127,0.1127
19.7203,pi,6.2800,6.5006,0.1132,0.1132
19.7253,pi,6.2800,6.5275,0.1127,0.1127
19.7304,pi,6.2800,6.5027,0.1132,0.1132
19.7353,pi,6.2800,6.5290,0.1127,0.1127
19.7403,pi,6.2800,6.5501,0.1123,0.1123
19.7453,pi,6.2800,6.5208,0.1128,0.1128
19.7503,pi,6.2800,6.5422,0.1124,0.1124
19.7553,pi,6.2800,6.5131,0.1130,0.1130
19.7603,pi,6.2800,6.4909,0.1134,0.1134
19.7654,pi,6.2800,6.5174,0.1129,0.1129
19.7703,pi,6.2800,6.4942,0.1134,0.1134
19.7753,pi,6.2800,6.5206,0.1128,0.1128
19.7804,pi,6.2800,6.4963,0.1133,0.1133
19.7853,pi,6.2800,6.5225,0.1128,0.1128
19.7904,pi,6.2800,6.5244,0.1128,0.1128
19.7953,pi,6.2800,6.4990,0.1133,0.1133
19.8003,pi,6.2800,6.5247,0.1128,0.1128
19.8054,pi,6.2800,6.4993,0.1133,0.1133
19.8104,pi,6.2800,6.5061,0.1131,0.1131
19.8153,pi,6.2800,6.5301,0.1127,0.1127
19.8204,pi,6.2800,6.5044,0.1132,0.1132
19.8253,pi,6.2800,6.5289,0.1127,0.1127
19.8303,pi,6.2800,6.5030,0.1132,0.1132
19.8353,pi,6.2800,6.5275,0.1127,0.1127
19.8403,pi,6.2800,6.5474,0.1123,0.1123
19.8453,pi,6.2800,6.5179,0.1129,0.1129
19.8504,pi,6.2800,6.5211,0.1128,0.1128
19.8554,pi,6.2800,6.5733,0.1118,0.1118
19.8603,pi,6.2800,6.5838,0.1116,0.1116
19.8654,pi,6.2800,6.5728,0.1118,0.1118
19.8703,pi,6.2800,6.5652,0.1120,0.1120
19.8753,pi,6.2800,6.5590,0.1121,0.1121
19.8803,pi,6.2800,6.5541,0.1122,0.1122
19.8853,pi,6.2800,6.5684,0.1119,0.1119
19.8903,pi,6.2800,6.5616,0.1120,0.1120
19.8953,pi,6.2800,6.5557,0.1121,0.1121
19.9004,pi,6.2800,6.5504,0.1123,0.1123
19.9053,pi,6.2800,6.5201,0.1129,0.1129
19.9103,pi,6.2800,6.4966,0.1133,0.1133
19.9153,pi,6.2800,6.4768,0.1137,0.1137
19.9203,pi,6.2800,6.4620,0.1140,0.1140
19.9253,pi,6.2800,6.4949,0.1134,0.1134
19.9303,pi,6.2800,6.4756,0.1137,0.1137
19.9353,pi,6.2800,6.4873,0.1135,0.1135
19.9403,pi,6.2800,6.5151,0.1130,0.1130
19.9453,pi,6.2800,6.4915,0.1134,0.1134
19.9503,pi,6.2800,6.5186,0.1129,0.1129
19.9554,pi,6.2800,6.5217,0.1128,0.1128
19.9603,pi,6.2800,6.5426,0.1124,0.1124
19.9654,pi,6.2800,6.5409,0.1124,0.1124
19.9703,pi,6.2800,6.5579,0.1121,0.1121
19.9753,pi,6.2800,6.5716,0.1118,0.1118
19.9804,pi,6.2800,6.5639,0.1120,0.1120
19.9853,pi,6.2800,6.5575,0.1121,0.1121
19.9916,pi,6.2800,6.5010,0.1132,0.1132
19.9971,pi,6.2800,6.5040,0.1132,0.1132
20.0010,pi,6.2800,6.4604,0.1141,0.1141
20.0054,pi,6.2800,6.4747,0.1138,0.1138
20.0103,pi,6.2800,6.4863,0.1135,0.1135
20.0153,pi,6.2800,6.4958,0.1133,0.1133
20.0203,pi,6.2800,6.5031,0.1132,0.1132
20.0253,pi,6.2800,6.5086,0.1131,0.1131
20.0303,pi,6.2800,6.5136,0.1130,0.1130
20.0353,pi,6.2800,6.5177,0.1129,0.1129
20.0406,pi,6.2800,6.4929,0.1134,0.1134
20.0461,pi,6.2800,6.5198,0.1129,0.1129
20.0504,pi,6.2800,6.5226,0.1128,0.1128
20.0554,pi,6.2800,6.5434,0.1124,0.1124
20.0603,pi,6.2800,6.5602,0.1121,0.1121
20.0654,pi,6.2800,6.5550,0.1122,0.1122
20.0703,pi,6.2800,6.5691,0.1119,0.1119
20.0753,pi,6.2800,6.5807,0.1116,0.1116
20.0803,pi,6.2800,6.5444,0.1124,0.1124
20.0853,pi,6.2800,6.5607,0.1120,0.1120
20.0904,pi,6.2800,6.5734,0.1118,0.1118
20.0953,pi,6.2800,6.5845,0.1116,0.1116
20.1003,pi,6.2800,6.5934,0.1114,0.1114
20.1053,pi,6.2800,6.6002,0.1113,0.1113
20.1104,pi,6.2800,6.5871,0.1115,0.1115
20.1153,pi,6.2800,6.5765,0.1117,0.1117
20.1203,pi,6.2800,6.5865,0.1115,0.1115
20.1254,pi,6.2800,6.5256,0.1127,0.1127
20.1304,pi,6.2800,6.5262,0.1127,0.1127
20.1353,pi,6.2800,6.4777,0.1137,0.1137
20.1403,pi,6.2800,6.4616,0.1140,0.1140
20.1453,pi,6.2800,6.4494,0.1143,0.1143
20.1504,pi,6.2800,6.4161,0.1149,0.1149
20.1567,pi,6.2800,6.4318,0.1146,0.1146
20.1611,pi,6.2800,6.4021,0.1152,0.1152
20.1655,pi,6.2800,6.4275,0.1147,0.1147
20.1704,pi,6.2800,6.3982,0.1153,0.1153
20.1753,pi,6.2800,6.3980,0.1153,0.1153
20.1803,pi,6.2800,6.4437,0.1144,0.1144
20.1853,pi,6.2800,6.4354,0.1146,0.1146
20.1903,pi,6.2800,6.4736,0.1138,0.1138
20.1953,pi,6.2800,6.4858,0.1135,0.1135
20.2003,pi,6.2800,6.4953,0.1134,0.1134
20.2053,pi,6.2800,6.5214,0.1128,0.1128
20.2103,pi,6.2800,6.5045,0.1132,0.1132
20.2153,pi,6.2800,6.5301,0.1127,0.1127
20.2203,pi,6.2800,6.5045,0.1132,0.1132
20.2253,pi,6.2800,6.5292,0.1127,0.1127
20.2303,pi,6.2800,6.5488,0.1123,0.1123
20.2354,pi,6.2800,6.5459,0.1123,0.1123
20.2403,pi,6.2800,6.5433,0.1124,0.1124
20.2453,pi,6.2800,6.5415,0.1124,0.1124
20.2504,pi,6.2800,6.5124,0.1130,0.1130
20.2553,pi,6.2800,6.5167,0.1129,0.1129
20.2603,pi,6.2800,6.5386,0.1125,0.1125
20.2653,pi,6.2800,6.5561,0.1121,0.1121
20.2704,pi,6.2800,6.6016,0.1112,0.1112
20.2753,pi,6.2800,6.5882,0.1115,0.1115
20.2803,pi,6.2800,6.5774,0.1117,0.1117
20.2853,pi,6.2800,6.5411,0.1124,0.1124
20.2904,pi,6.2800,6.5583,0.1121,0.1121
20.2955,pi,6.2800,6.5026,0.1132,0.1132
20.3006,pi,6.2800,6.5082,0.1131,0.1131
20.3062,pi,6.2800,6.5112,0.1130,0.1130
20.3113,pi,6.2800,6.4654,0.1140,0.1140
20.3164,pi,6.2800,6.4787,0.1137,0.1137
20.3210,pi,6.2800,6.4626,0.1140,0.1140
20.3254,pi,6.2800,6.4769,0.1137,0.1137
20.3303,pi,6.2800,6.5069,0.1131,0.1131
20.3353,pi,6.2800,6.4848,0.1136,0.1136
20.3404,pi,6.2800,6.4947,0.1134,0.1134
20.3453,pi,6.2800,6.4751,0.1138,0.1138
20.3507,pi,6.2800,6.5054,0.1132,0.1132
20.3554,pi,6.2800,6.4843,0.1136,0.1136
20.3603,pi,6.2800,6.4689,0.1139,0.1139
20.3653,pi,6.2800,6.5009,0.1132,0.1132
20.3703,pi,6.2800,6.4809,0.1136,0.1136
20.3753,pi,6.2800,6.5100,0.1131,0.1131
20.3803,pi,6.2800,6.5335,0.1126,0.1126
20.3853,pi,6.2800,6.5060,0.1131,0.1131
20.3903,pi,6.2800,6.5302,0.1127,0.1127
20.3954,pi,6.2800,6.5807,0.1116,0.1116
20.4003,pi,6.2800,6.5896,0.1115,0.1115
20.4053,pi,6.2800,6.5975,0.1113,0.1113
20.4103,pi,6.2800,6.6037,0.1112,0.1112
20.4154,pi,6.2800,6.5898,0.1115,0.1115
20.4203,pi,6.2800,6.5785,0.1117,0.1117
20.4254,pi,6.2800,6.5690,0.1119,0.1119
20.4303,pi,6.2800,6.5611,0.1120,0.1120
20.4353,pi,6.2800,6.5558,0.1121,0.1121
20.4407,pi,6.2800,6.5503,0.1123,0.1123
20.4455,pi,6.2800,6.5193,0.1129,0.1129
20.4507,pi,6.2800,6.5219,0.1128,0.1128
20.4562,pi,6.2800,6.4727,0.1138,0.1138
20.4604,pi,6.2800,6.4845,0.1136,0.1136
20.4653,pi,6.2800,6.5128,0.1130,0.1130
20.4703,pi,6.2800,6.4899,0.1135,0.1135
20.4754,pi,6.2800,6.5176,0.1129,0.1129
20.4804,pi,6.2800,6.4938,0.1134,0.1134
20.4855,pi,6.2800,6.5017,0.1132,0.1132
20.4903,pi,6.2800,6.4810,0.1136,0.1136
20.4953,pi,6.2800,6.4650,0.1140,0.1140
20.5003,pi,6.2800,6.4977,0.1133,0.1133
20.5053,pi,6.2800,6.4781,0.1137,0.1137
20.5103,pi,6.2800,6.5089,0.1131,0.1131
20.5153,pi,6.2800,6.5328,0.1126,0.1126
20.5203,pi,6.2800,6.5331,0.1126,0.1126
20.5253,pi,6.2800,6.5333,0.1126,0.1126
20.5303,pi,6.2800,6.5062,0.1131,0.1131
20.5353,pi,6.2800,6.5305,0.1127,0.1127
20.5403,pi,6.2800,6.5042,0.1132,0.1132
20.5454,pi,6.2800,6.5101,0.1131,0.1131
20.5505,pi,6.2800,6.5138,0.1130,0.1130
20.5559,pi,6.2800,6.5170,0.1129,0.1129
20.5604,pi,6.2800,6.5195,0.1129,0.1129
20.5653,pi,6.2800,6.4719,0.1138,0.1138
20.5703,pi,6.2800,6.4841,0.1136,0.1136
20.5753,pi,6.2800,6.4433,0.1144,0.1144
20.5803,pi,6.2800,6.4611,0.1140,0.1140
20.5853,pi,6.2800,6.4755,0.1138,0.1138
20.5903,pi,6.2800,6.4871,0.1135,0.1135
20.5953,pi,6.2800,6.5146,0.1130,0.1130
20.6003,pi,6.2800,6.5371,0.1125,0.1125
20.6053,pi,6.2800,6.5099,0.1131,0.1131
20.6103,pi,6.2800,6.5340,0.1126,0.1126
20.6153,pi,6.2800,6.5076,0.1131,0.1131
20.6203,pi,6.2800,6.5317,0.1126,0.1126
20.6253,pi,6.2800,6.5051,0.1132,0.1132
20.6303,pi,6.2800,6.5298,0.1127,0.1127
20.6353,pi,6.2800,6.5492,0.1123,0.1123
20.6403,pi,6.2800,6.5192,0.1129,0.1129
20.6453,pi,6.2800,6.5410,0.1124,0.1124
20.6503,pi,6.2800,6.5582,0.1121,0.1121
20.6553,pi,6.2800,6.5264,0.1127,0.1127
20.6603,pi,6.2800,6.5466,0.1123,0.1123
20.6653,pi,6.2800,6.5171,0.1129,0.1129
20.6704,pi,6.2800,6.5205,0.1129,0.1129
20.6753,pi,6.2800,6.5232,0.1128,0.1128
20.6803,pi,6.2800,6.5440,0.1124,0.1124
20.6853,pi,6.2800,6.5144,0.1130,0.1130
20.6903,pi,6.2800,6.4912,0.1134,0.1134
20.6954,pi,6.2800,6.4996,0.1133,0.1133
20.7004,pi,6.2800,6.4562,0.1141,0.1141
20.7053,pi,6.2800,6.4718,0.1138,0.1138
20.7103,pi,6.2800,6.4339,0.1146,0.1146
20.7154,pi,6.2800,6.4540,0.1142,0.1142
20.7203,pi,6.2800,6.4884,0.1135,0.1135
20.7253,pi,6.2800,6.4701,0.1139,0.1139
20.7304,pi,6.2800,6.4827,0.1136,0.1136
20.7353,pi,6.2800,6.5433,0.1124,0.1124
20.7403,pi,6.2800,6.5414,0.1124,0.1124
20.7452,pi,6.2800,6.5583,0.1121,0.1121
20.7503,pi,6.2800,6.5263,0.1127,0.1127
20.7553,pi,6.2800,6.5277,0.1127,0.1127
20.7604,pi,6.2800,6.5290,0.1127,0.1127
20.7653,pi,6.2800,6.5486,0.1123,0.1123
20.7703,pi,6.2800,6.5642,0.1120,0.1120
20.7754,pi,6.2800,6.5581,0.1121,0.1121
20.7803,pi,6.2800,6.5718,0.1118,0.1118
20.7853,pi,6.2800,6.5828,0.1116,0.1116
20.7903,pi,6.2800,6.5458,0.1123,0.1123
20.7953,pi,6.2800,6.5435,0.1124,0.1124
20.8004,pi,6.2800,6.5412,0.1124,0.1124
20.8053,pi,6.2800,6.5396,0.1125,0.1125
20.8105,pi,6.2800,6.5382,0.1125,0.1125
20.8153,pi,6.2800,6.5372,0.1125,0.1125
20.8203,pi,6.2800,6.5366,0.1125,0.1125
20.8253,pi,6.2800,6.5087,0.1131,0.1131
20.8303,pi,6.2800,6.5324,0.1126,0.1126
20.8354,pi,6.2800,6.4822,0.1136,0.1136
20.8403,pi,6.2800,6.4651,0.1140,0.1140
20.8453,pi,6.2800,6.4790,0.1137,0.1137
20.8503,pi,6.2800,6.4625,0.1140,0.1140
20.8554,pi,6.2800,6.4768,0.1137,0.1137
20.8603,pi,6.2800,6.4608,0.1140,0.1140
20.8654,pi,6.2800,6.4748,0.1138,0.1138
20.8703,pi,6.2800,6.4862,0.1135,0.1135
20.8754,pi,6.2800,6.4955,0.1134,0.1134
20.8803,pi,6.2800,6.5028,0.1132,0.1132
20.8854,pi,6.2800,6.5089,0.1131,0.1131
20.8903,pi,6.2800,6.5136,0.1130,0.1130
20.8954,pi,6.2800,6.5173,0.1129,0.1129
20.9003,pi,6.2800,6.5203,0.1129,0.1129
20.9053,pi,6.2800,6.5411,0.1124,0.1124
20.9104,pi,6.2800,6.5398,0.1125,0.1125
20.9153,pi,6.2800,6.5572,0.1121,0.1121
20.9203,pi,6.2800,6.5717,0.1118,0.1118
20.9254,pi,6.2800,6.5642,0.1120,0.1120
20.9303,pi,6.2800,6.5583,0.1121,0.1121
20.9353,pi,6.2800,6.5260,0.1127,0.1127
20.9404,pi,6.2800,6.5277,0.1127,0.1127
20.9453,pi,6.2800,6.5016,0.1132,0.1132
20.9504,pi,6.2800,6.5080,0.1131,0.1131
20.9553,pi,6.2800,6.5317,0.1126,0.1126
20.9603,pi,6.2800,6.5048,0.1132,0.1132
20.9654,pi,6.2800,6.5107,0.1130,0.1130
20.9703,pi,6.2800,6.4650,0.1140,0.1140
20.9753,pi,6.2800,6.4788,0.1137,0.1137
20.9804,pi,6.2800,6.4397,0.1145,0.1145
20.9857,pi,6.2800,6.4583,0.1141,0.1141
20.9907,pi,6.2800,6.4730,0.1138,0.1138
20.9958,pi,6.2800,6.4845,0.1136,0.1136
21.0011,pi,6.2800,6.4933,0.1134,0.1134
21.0057,pi,6.2800,6.5007,0.1132,0.1132
21.0109,pi,6.2800,6.5067,0.1131,0.1131
21.0154,pi,6.2800,6.5115,0.1130,0.1130
21.0204,pi,6.2800,6.5659,0.1119,0.1119
21.0254,pi,6.2800,6.5591,0.1121,0.1121
21.0304,pi,6.2800,6.5536,0.1122,0.1122
21.0354,pi,6.2800,6.5676,0.1119,0.1119
21.0404,pi,6.2800,6.5794,0.1117,0.1117
21.0454,pi,6.2800,6.5432,0.1124,0.1124
21.0504,pi,6.2800,6.5602,0.1121,0.1121
21.0554,pi,6.2800,6.5743,0.1118,0.1118
21.0604,pi,6.2800,6.5392,0.1125,0.1125
21.0655,pi,6.2800,6.5376,0.1125,0.1125
21.0710,pi,6.2800,6.4856,0.1135,0.1135
21.0756,pi,6.2800,6.4946,0.1134,0.1134
21.0810,pi,6.2800,6.5019,0.1132,0.1132
21.0855,pi,6.2800,6.5077,0.1131,0.1131
21.0906,pi,6.2800,6.4622,0.1140,0.1140
21.0957,pi,6.2800,6.4761,0.1137,0.1137
21.1007,pi,6.2800,6.4872,0.1135,0.1135
21.1058,pi,6.2800,6.4458,0.1143,0.1143
21.1108,pi,6.2800,6.4613,0.1140,0.1140
21.1158,pi,6.2800,6.4486,0.1143,0.1143
21.1208,pi,6.2800,6.4386,0.1145,0.1145
21.1258,pi,6.2800,6.4764,0.1137,0.1137
21.1310,pi,6.2800,6.4616,0.1140,0.1140
21.1357,pi,6.2800,6.4950,0.1134,0.1134
21.1403,pi,6.2800,6.4761,0.1137,0.1137
21.1453,pi,6.2800,6.5068,0.1131,0.1131
21.1503,pi,6.2800,6.5317,0.1126,0.1126
21.1553,pi,6.2800,6.5059,0.1131,0.1131
21.1604,pi,6.2800,6.5304,0.1127,0.1127
21.1657,pi,6.2800,6.5064,0.1131,0.1131
21.1704,pi,6.2800,6.5304,0.1127,0.1127
21.1761,pi,6.2800,6.5499,0.1123,0.1123
21.1812,pi,6.2800,6.5206,0.1128,0.1128
21.1853,pi,6.2800,6.5420,0.1124,0.1124
21.1903,pi,6.2800,6.5597,0.1121,0.1121
21.1953,pi,6.2800,6.5736,0.1118,0.1118
21.2004,pi,6.2800,6.5844,0.1116,0.1116
21.2053,pi,6.2800,6.5471,0.1123,0.1123
21.2103,pi,6.2800,6.5630,0.1120,0.1120
21.2153,pi,6.2800,6.5307,0.1126,0.1126
21.2203,pi,6.2800,6.5501,0.1123,0.1123
21.2253,pi,6.2800,6.5202,0.1129,0.1129
21.2303,pi,6.2800,6.4968,0.1133,0.1133
21.2353,pi,6.2800,6.4772,0.1137,0.1137
21.2404,pi,6.2800,6.4377,0.1145,0.1145
21.2453,pi,6.2800,6.4569,0.1141,0.1141
21.2503,pi,6.2800,6.4220,0.1148,0.1148
21.2553,pi,6.2800,6.4172,0.1149,0.1149
21.2604,pi,6.2800,6.3901,0.1155,0.1155
21.2654,pi,6.2800,6.4188,0.1149,0.1149
21.2704,pi,6.2800,6.3911,0.1154,0.1154
21.2753,pi,6.2800,6.4197,0.1149,0.1149
21.2802,pi,6.2800,6.4612,0.1140,0.1140
21.2853,pi,6.2800,6.4482,0.1143,0.1143
21.2903,pi,6.2800,6.4839,0.1136,0.1136
21.2954,pi,6.2800,6.5128,0.1130,0.1130
21.3003,pi,6.2800,6.4896,0.1135,0.1135
21.3054,pi,6.2800,6.4984,0.1133,0.1133
21.3105,pi,6.2800,6.5055,0.1132,0.1132
21.3156,pi,6.2800,6.5295,0.1127,0.1127
21.3203,pi,6.2800,6.5490,0.1123,0.1123
21.3253,pi,6.2800,6.5648,0.1120,0.1120
21.3303,pi,6.2800,6.5774,0.1117,0.1117
21.3353,pi,6.2800,6.5411,0.1124,0.1124
21.3403,pi,6.2800,6.5582,0.1121,0.1121
21.3453,pi,6.2800,6.5719,0.1118,0.1118
21.3503,pi,6.2800,6.5367,0.1125,0.1125
21.3553,pi,6.2800,6.5548,0.1122,0.1122
21.3603,pi,6.2800,6.5233,0.1128,0.1128
21.3653,pi,6.2800,6.5442,0.1124,0.1124
21.3704,pi,6.2800,6.4913,0.1134,0.1134
21.3753,pi,6.2800,6.4998,0.1133,0.1133
21.3804,pi,6.2800,6.5058,0.1131,0.1131
21.3854,pi,6.2800,6.5112,0.1130,0.1130
21.3913,pi,6.2800,6.5148,0.1130,0.1130
21.3967,pi,6.2800,6.4675,0.1139,0.1139
21.4008,pi,6.2800,6.4791,0.1137,0.1137
21.4055,pi,6.2800,6.4393,0.1145,0.1145
21.4103,pi,6.2800,6.4578,0.1141,0.1141
21.4155,pi,6.2800,6.4722,0.1138,0.1138
21.4203,pi,6.2800,6.4843,0.1136,0.1136
21.4254,pi,6.2800,6.4941,0.1134,0.1134
21.4303,pi,6.2800,6.4746,0.1138,0.1138
21.4354,pi,6.2800,6.4597,0.1141,0.1141
21.4404,pi,6.2800,6.4931,0.1134,0.1134
21.4453,pi,6.2800,6.4745,0.1138,0.1138
21.4503,pi,6.2800,6.5052,0.1132,0.1132
21.4553,pi,6.2800,6.4853,0.1136,0.1136
21.4603,pi,6.2800,6.5139,0.1130,0.1130
21.4653,pi,6.2800,6.5365,0.1125,0.1125
21.4703,pi,6.2800,6.5092,0.1131,0.1131
21.4753,pi,6.2800,6.5333,0.1126,0.1126
21.4804,pi,6.2800,6.5835,0.1116,0.1116
21.4854,pi,6.2800,6.5730,0.1118,0.1118
21.4903,pi,6.2800,6.5653,0.1120,0.1120
21.4956,pi,6.2800,6.5589,0.1121,0.1121
21.5006,pi,6.2800,6.5514,0.1122,0.1122
21.5060,pi,6.2800,6.5462,0.1123,0.1123
21.5110,pi,6.2800,6.5431,0.1124,0.1124
21.5155,pi,6.2800,6.5413,0.1124,0.1124
21.5205,pi,6.2800,6.5393,0.1125,0.1125
21.5253,pi,6.2800,6.5382,0.1125,0.1125
21.5303,pi,6.2800,6.5104,0.1131,0.1131
21.5353,pi,6.2800,6.4885,0.1135,0.1135
21.5403,pi,6.2800,6.4709,0.1138,0.1138
21.5453,pi,6.2800,6.4565,0.1141,0.1141
21.5503,pi,6.2800,6.4907,0.1134,0.1134
21.5553,pi,6.2800,6.4748,0.1138,0.1138
21.5603,pi,6.2800,6.5069,0.1131,0.1131
21.5653,pi,6.2800,6.4860,0.1135,0.1135
21.5703,pi,6.2800,6.4685,0.1139,0.1139
21.5753,pi,6.2800,6.4551,0.1142,0.1142
21.5803,pi,6.2800,6.4710,0.1138,0.1138
21.5853,pi,6.2800,6.4837,0.1136,0.1136
21.5903,pi,6.2800,6.4664,0.1139,0.1139
21.5953,pi,6.2800,6.4799,0.1137,0.1137
21.6003,pi,6.2800,6.4634,0.1140,0.1140
21.6054,pi,6.2800,6.4772,0.1137,0.1137
21.6104,pi,6.2800,6.4374,0.1145,0.1145
21.6153,pi,6.2800,6.4566,0.1141,0.1141
21.6203,pi,6.2800,6.4717,0.1138,0.1138
21.6253,pi,6.2800,6.4840,0.1136,0.1136
21.6304,pi,6.2800,6.4930,0.1134,0.1134
21.6353,pi,6.2800,6.5011,0.1132,0.1132
21.6403,pi,6.2800,6.5071,0.1131,0.1131
21.6453,pi,6.2800,6.5122,0.1130,0.1130
21.6504,pi,6.2800,6.5162,0.1129,0.1129
21.6553,pi,6.2800,6.5379,0.1125,0.1125
21.6603,pi,6.2800,6.5099,0.1131,0.1131
21.6653,pi,6.2800,6.5148,0.1130,0.1130
21.6703,pi,6.2800,6.5371,0.1125,0.1125
21.6753,pi,6.2800,6.5092,0.1131,0.1131
21.6804,pi,6.2800,6.5328,0.1126,0.1126
21.6854,pi,6.2800,6.5319,0.1126,0.1126
21.6903,pi,6.2800,6.5051,0.1132,0.1132
21.6953,pi,6.2800,6.5297,0.1127,0.1127
21.7003,pi,6.2800,6.5033,0.1132,0.1132
21.7054,pi,6.2800,6.5094,0.1131,0.1131
21.7103,pi,6.2800,6.4869,0.1135,0.1135
21.7154,pi,6.2800,6.4964,0.1133,0.1133
21.7203,pi,6.2800,6.5039,0.1132,0.1132
21.7253,pi,6.2800,6.4826,0.1136,0.1136
21.7303,pi,6.2800,6.5115,0.1130,0.1130
21.7353,pi,6.2800,6.4885,0.1135,0.1135
21.7403,pi,6.2800,6.4713,0.1138,0.1138
21.7454,pi,6.2800,6.4336,0.1146,0.1146
21.7503,pi,6.2800,6.4263,0.1147,0.1147
21.7553,pi,6.2800,6.4663,0.1139,0.1139
21.7604,pi,6.2800,6.4799,0.1137,0.1137
21.7653,pi,6.2800,6.5092,0.1131,0.1131
21.7703,pi,6.2800,6.5326,0.1126,0.1126
21.7753,pi,6.2800,6.5056,0.1132,0.1132
21.7803,pi,6.2800,6.5113,0.1130,0.1130
21.7854,pi,6.2800,6.5658,0.1119,0.1119
21.7903,pi,6.2800,6.5594,0.1121,0.1121
21.7953,pi,6.2800,6.6046,0.1112,0.1112
21.8003,pi,6.2800,6.5905,0.1115,0.1115
21.8053,pi,6.2800,6.5793,0.1117,0.1117
21.8105,pi,6.2800,6.5428,0.1124,0.1124
21.8154,pi,6.2800,6.5408,0.1124,0.1124
21.8203,pi,6.2800,6.5392,0.1125,0.1125
21.8253,pi,6.2800,6.5110,0.1130,0.1130
21.8304,pi,6.2800,6.4644,0.1140,0.1140
21.8353,pi,6.2800,6.4508,0.1142,0.1142
21.8404,pi,6.2800,6.4172,0.1149,0.1149
21.8453,pi,6.2800,6.4134,0.1150,0.1150
21.8503,pi,6.2800,6.3645,0.1160,0.1160
21.8554,pi,6.2800,6.2976,0.1173,0.1173
21.8603,pi,6.2800,6.1943,0.1194,0.1194
21.8653,pi,6.2800,6.0977,0.1213,0.1213
21.8703,pi,6.2800,5.9295,0.1247,0.1247
21.8753,pi,6.2800,5.6988,0.1294,0.1294
21.8803,pi,6.2800,5.4270,0.1350,0.1350
21.8854,pi,6.2800,5.0953,0.1419,0.1419
21.8903,pi,6.2800,4.8078,0.1479,0.1479
21.8954,pi,6.2800,4.3962,0.1565,0.1565
21.9003,pi,6.2800,4.0208,0.1645,0.1645
21.9053,pi,6.2800,3.6742,0.1720,0.1720
21.9103,pi,6.2800,3.3414,0.1793,0.1793
21.9153,pi,6.2800,3.0389,0.1861,0.1861
21.9203,pi,6.2800,2.7324,0.1930,0.1930
21.9253,pi,6.2800,2.4375,0.1998,0.1998
21.9303,pi,6.2800,2.2516,0.2045,0.2045
21.9354,pi,6.2800,2.0524,0.2095,0.2095
21.9403,pi,6.2800,1.8429,0.2147,0.2147
21.9453,pi,6.2800,1.6571,0.2196,0.2196
21.9503,pi,6.2800,1.5543,0.2228,0.2228
21.9553,pi,6.2800,1.4445,0.2261,0.2261
21.9604,pi,6.2800,1.3558,0.2291,0.2291
21.9653,pi,6.2800,1.2682,0.2321,0.2321
21.9703,pi,6.2800,1.2430,0.2339,0.2339
21.9753,pi,6.2800,1.1954,0.2361,0.2361
21.9803,pi,6.2800,1.1392,0.2385,0.2385
21.9853,pi,6.2800,1.0620,0.2413,0.2413
21.9903,pi,6.2800,0.9868,0.2441,0.2441
21.9953,pi,6.2800,0.9722,0.2457,0.2457
22.0003,pi,6.2800,1.0062,0.2464,0.2464
22.0053,pi,6.2800,1.0060,0.2477,0.2477
22.0103,pi,6.2800,1.0789,0.2476,0.2476
22.0153,pi,6.2800,1.1145,0.2481,0.2481
22.0203,pi,6.2800,1.1429,0.2489,0.2489
22.0253,pi,6.2800,1.2159,0.2487,0.2487
22.0303,pi,6.2800,1.2925,0.2484,0.2484
22.0354,pi,6.2800,1.3861,0.2478,0.2478
22.0403,pi,6.2800,1.5108,0.2465,0.2465
22.0453,pi,6.2800,1.5605,0.2467,0.2467
22.0503,pi,6.2800,1.6002,0.2471,0.2471
22.0553,pi,6.2800,1.6000,0.2483,0.2483
22.0603,pi,6.2800,1.5314,0.2508,0.2508
22.0653,pi,6.2800,1.4536,0.2536,0.2536
22.0703,pi,6.2800,1.3913,0.2560,0.2560
22.0753,pi,6.2800,1.2960,0.2591,0.2591
22.0803,pi,6.2800,1.1739,0.2628,0.2628
22.0853,pi,6.2800,1.0303,0.2670,0.2670
22.0903,pi,6.2800,0.8746,0.2714,0.2714
22.0953,pi,6.2800,0.7452,0.2754,0.2754
22.1004,pi,6.2800,0.5962,0.2797,0.2797
22.1053,pi,6.2800,0.4769,0.2835,0.2835
22.1103,pi,6.2800,0.3814,0.2869,0.2869
22.1153,pi,6.2800,0.3054,0.2899,0.2899
22.1204,pi,6.2800,0.2440,0.2926,0.2926
22.1253,pi,6.2800,0.1954,0.2951,0.2951
22.1303,pi,6.2800,0.1564,0.2974,0.2974
22.1353,pi,6.2800,0.1251,0.2995,0.2995
22.1405,pi,6.2800,0.0999,0.3016,0.3016
22.1457,pi,6.2800,0.0800,0.3035,0.3035
22.1510,pi,6.2800,0.0639,0.3054,0.3054
22.1562,pi,6.2800,0.0512,0.3072,0.3072
22.1609,pi,6.2800,0.0409,0.3090,0.3090
22.1665,pi,6.2800,0.0318,0.3107,0.3107
22.1711,pi,6.2800,0.0262,0.3126,0.3126
22.1767,pi,6.2800,0.0210,0.3141,0.3141
22.1816,pi,6.2800,0.0168,0.3157,0.3157
22.1864,pi,6.2800,0.0134,0.3173,0.3173
22.1923,pi,6.2800,0.0101,0.3190,0.3190
22.1969,pi,6.2800,0.0086,0.3211,0.3211
22.2010,pi,6.2800,0.0069,0.3222,0.3222
22.2055,pi,6.2800,0.0055,0.3238,0.3238
22.2103,pi,6.2800,0.0044,0.3254,0.3254
22.2153,pi,6.2800,0.0035,0.3269,0.3269
22.2203,pi,6.2800,0.0028,0.3285,0.3285
22.2254,pi,6.2800,0.0023,0.3301,0.3301
22.2303,pi,6.2800,0.0018,0.3317,0.3317
22.2353,pi,6.2800,0.0014,0.3333,0.3333
22.2404,pi,6.2800,0.0012,0.3348,0.3348
22.2453,pi,6.2800,0.0009,0.3364,0.3364
22.2503,pi,6.2800,0.0007,0.3380,0.3380
22.2553,pi,6.2800,0.0006,0.3396,0.3396
22.2602,pi,6.2800,0.0005,0.3411,0.3411
22.2654,pi,6.2800,0.0004,0.3427,0.3427
22.2703,pi,6.2800,0.0003,0.3443,0.3443
22.2753,pi,6.2800,0.0002,0.3458,0.3458
22.2803,pi,6.2800,0.0002,0.3474,0.3474
22.2853,pi,6.2800,0.0002,0.3490,0.3490
22.2903,pi,6.2800,0.0001,0.3506,0.3506
22.2953,pi,6.2800,0.0001,0.3521,0.3521
22.3004,pi,6.2800,0.0001,0.3537,0.3537
22.3053,pi,6.2800,0.0001,0.3553,0.3553
22.3103,pi,6.2800,0.0001,0.3568,0.3568
22.3153,pi,6.2800,0.0000,0.3584,0.3584
22.3203,pi,6.2800,0.0000,0.3600,0.3600
22.3253,pi,6.2800,0.0000,0.3615,0.3615
22.3304,pi,6.2800,0.0000,0.3631,0.3631
22.3353,pi,6.2800,0.0000,0.3647,0.3647
22.3403,pi,6.2800,0.0000,0.3663,0.3663
22.3453,pi,6.2800,0.0000,0.3678,0.3678
22.3503,pi,6.2800,0.0000,0.3694,0.3694
22.3554,pi,6.2800,0.0000,0.3710,0.3710
22.3603,pi,6.2800,0.0000,0.3725,0.3725
22.3654,pi,6.2800,0.0000,0.3741,0.3741
22.3704,pi,6.2800,0.0000,0.3757,0.3757
22.3753,pi,6.2800,0.0000,0.3772,0.3772
22.3803,pi,6.2800,0.0000,0.3788,0.3788
22.3854,pi,6.2800,0.0000,0.3804,0.3804
22.3903,pi,6.2800,0.0000,0.3820,0.3820
22.3953,pi,6.2800,0.0000,0.3835,0.3835
22.4003,pi,6.2800,0.0000,0.3851,0.3851
22.4054,pi,6.2800,0.0000,0.3867,0.3867
22.4104,pi,6.2800,0.0000,0.3882,0.3882
22.4153,pi,6.2800,0.0000,0.3898,0.3898
22.4203,pi,6.2800,0.0000,0.3914,0.3914
22.4253,pi,6.2800,0.0000,0.3929,0.3929
22.4303,pi,6.2800,0.0000,0.3945,0.3945
22.4353,pi,6.2800,0.0000,0.3961,0.3961
22.4403,pi,6.2800,0.0000,0.3977,0.3977
22.4454,pi,6.2800,0.0000,0.3992,0.3992
22.4503,pi,6.2800,0.0000,0.4008,0.4008
22.4553,pi,6.2800,0.0000,0.4024,0.4024
22.4603,pi,6.2800,0.0000,0.4039,0.4039
22.4654,pi,6.2800,0.0000,0.4055,0.4055
22.4703,pi,6.2800,0.0000,0.4071,0.4071
22.4753,pi,6.2800,0.0000,0.4086,0.4086
22.4803,pi,6.2800,0.0000,0.4102,0.4102
22.4854,pi,6.2800,0.0000,0.4118,0.4118
22.4903,pi,6.2800,0.0000,0.4134,0.4134
22.4953,pi,6.2800,0.0000,0.4149,0.4149
22.5004,pi,6.2800,0.0000,0.4165,0.4165
22.5053,pi,6.2800,0.0000,0.4181,0.4181
22.5103,pi,6.2800,0.0000,0.4196,0.4196
22.5154,pi,6.2800,0.0000,0.4212,0.4212
22.5204,pi,6.2800,0.0000,0.4228,0.4228
22.5261,pi,6.2800,0.0000,0.4244,0.4244
22.5309,pi,6.2800,0.0000,0.4259,0.4259
22.5356,pi,6.2800,0.0000,0.4275,0.4275
22.5403,pi,6.2800,0.0000,0.4291,0.4291
22.5453,pi,6.2800,0.0000,0.4306,0.4306
22.5506,pi,6.2800,0.0000,0.4322,0.4322
22.5554,pi,6.2800,0.0000,0.4338,0.4338
22.5606,pi,6.2800,0.0000,0.4353,0.4353
22.5653,pi,6.2800,0.0000,0.4369,0.4369
22.5703,pi,6.2800,0.0000,0.4385,0.4385
22.5753,pi,6.2800,0.0000,0.4400,0.4400
22.5803,pi,6.2800,0.0000,0.4416,0.4416
22.5853,pi,6.2800,0.0000,0.4432,0.4432
22.5904,pi,6.2800,0.0000,0.4448,0.4448
22.5953,pi,6.2800,0.0000,0.4463,0.4463
22.6004,pi,6.2800,0.0000,0.4479,0.4479
22.6054,pi,6.2800,0.0000,0.4495,0.4495
22.6104,pi,6.2800,0.0000,0.4510,0.4510
22.6153,pi,6.2800,0.0000,0.4526,0.4526
22.6203,pi,6.2800,0.0000,0.4542,0.4542
22.6253,pi,6.2800,0.0000,0.4557,0.4557
22.6303,pi,6.2800,0.0000,0.4573,0.4573
22.6353,pi,6.2800,0.0000,0.4589,0.4589
22.6403,pi,6.2800,0.0000,0.4605,0.4605
22.6454,pi,6.2800,0.0000,0.4620,0.4620
22.6503,pi,6.2800,0.0000,0.4636,0.4636
22.6553,pi,6.2800,0.0000,0.4652,0.4652
22.6604,pi,6.2800,0.0000,0.4667,0.4667
22.6653,pi,6.2800,0.0000,0.4683,0.4683
22.6703,pi,6.2800,0.0000,0.4699,0.4699
22.6753,pi,6.2800,0.0000,0.4714,0.4714
22.6803,pi,6.2800,0.0000,0.4730,0.4730
22.6853,pi,6.2800,0.0000,0.4746,0.4746
22.6903,pi,6.2800,0.0000,0.4762,0.4762
22.6953,pi,6.2800,0.0000,0.4777,0.4777
22.7004,pi,6.2800,0.0000,0.4793,0.4793
22.7054,pi,6.2800,0.0000,0.4809,0.4809
22.7103,pi,6.2800,0.0000,0.4824,0.4824
22.7153,pi,6.2800,0.0000,0.4840,0.4840
22.7204,pi,6.2800,0.0000,0.4856,0.4856
22.7253,pi,6.2800,0.0000,0.4871,0.4871
22.7303,pi,6.2800,0.0000,0.4887,0.4887
22.7353,pi,6.2800,0.0000,0.4903,0.4903
22.7404,pi,6.2800,0.0000,0.4919,0.4919
22.7453,pi,6.2800,0.0000,0.4934,0.4934
22.7503,pi,6.2800,0.0000,0.4950,0.4950
22.7553,pi,6.2800,0.0000,0.4966,0.4966
22.7603,pi,6.2800,0.0000,0.4981,0.4981
22.7654,pi,6.2800,0.0000,0.4997,0.4997
22.7703,pi,6.2800,0.0000,0.5013,0.5013
22.7757,pi,6.2800,0.0000,0.5028,0.5028
22.7808,pi,6.2800,0.0000,0.5044,0.5044
22.7853,pi,6.2800,0.0000,0.5060,0.5060
22.7903,pi,6.2800,0.0000,0.5076,0.5076
22.7953,pi,6.2800,0.0000,0.5091,0.5091
22.8003,pi,6.2800,0.0000,0.5107,0.5107
22.8054,pi,6.2800,0.0000,0.5123,0.5123
22.8104,pi,6.2800,0.0000,0.5138,0.5138
22.8154,pi,6.2800,0.0000,0.5154,0.5154
22.8203,pi,6.2800,0.0000,0.5170,0.5170
22.8253,pi,6.2800,0.0000,0.5185,0.5185
22.8303,pi,6.2800,0.0000,0.5201,0.5201
22.8353,pi,6.2800,0.0000,0.5217,0.5217
22.8403,pi,6.2800,0.0000,0.5233,0.5233
22.8453,pi,6.2800,0.0000,0.5248,0.5248
22.8503,pi,6.2800,0.0000,0.5264,0.5264
22.8553,pi,6.2800,0.0000,0.5280,0.5280
22.8603,pi,6.2800,0.0000,0.5295,0.5295
22.8653,pi,6.2800,0.0000,0.5311,0.5311
22.8703,pi,6.2800,0.0000,0.5327,0.5327
22.8753,pi,6.2800,0.0000,0.5342,0.5342
22.8803,pi,6.2800,0.0000,0.5358,0.5358
22.8853,pi,6.2800,0.0000,0.5374,0.5374
22.8903,pi,6.2800,0.0000,0.5390,0.5390
22.8954,pi,6.2800,0.0000,0.5405,0.5405
22.9003,pi,6.2800,0.0000,0.5421,0.5421
22.9053,pi,6.2800,0.0000,0.5437,0.5437
22.9103,pi,6.2800,0.0000,0.5452,0.5452
22.9153,pi,6.2800,0.0000,0.5468,0.5468
22.9203,pi,6.2800,0.0000,0.5484,0.5484
22.9253,pi,6.2800,0.0000,0.5499,0.5499
22.9303,pi,6.2800,0.0000,0.5515,0.5515
22.9353,pi,6.2800,0.0000,0.5531,0.5531
22.9403,pi,6.2800,0.0000,0.5547,0.5547
22.9453,pi,6.2800,0.0000,0.5562,0.5562
22.9503,pi,6.2800,0.0000,0.5578,0.5578
22.9553,pi,6.2800,0.0000,0.5594,0.5594
22.9603,pi,6.2800,0.0000,0.5609,0.5609
22.9653,pi,6.2800,0.0000,0.5625,0.5625
22.9704,pi,6.2800,0.0000,0.5641,0.5641
22.9753,pi,6.2800,0.0000,0.5656,0.5656
22.9803,pi,6.2800,0.0000,0.5672,0.5672
22.9853,pi,6.2800,0.0000,0.5688,0.5688
22.9907,pi,6.2800,0.0000,0.5704,0.5704
22.9953,pi,6.2800,0.0000,0.5719,0.5719
23.0004,pi,6.2800,0.0000,0.5735,0.5735
23.0053,pi,6.2800,0.0000,0.5751,0.5751
23.0103,pi,6.2800,0.0000,0.5766,0.5766
23.0153,pi,6.2800,0.0000,0.5782,0.5782
23.0203,pi,6.2800,0.0000,0.5798,0.5798
23.0253,pi,6.2800,0.0000,0.5813,0.5813
23.0303,pi,6.2800,0.0000,0.5829,0.5829
23.0353,pi,6.2800,0.0000,0.5845,0.5845
23.0403,pi,6.2800,0.0000,0.5861,0.5861
23.0453,pi,6.2800,0.0000,0.5876,0.5876
23.0503,pi,6.2800,0.0000,0.5892,0.5892
23.0553,pi,6.2800,0.0000,0.5908,0.5908
23.0603,pi,6.2800,0.0000,0.5923,0.5923
23.0653,pi,6.2800,0.0000,0.5939,0.5939
23.0703,pi,6.2800,0.0000,0.5955,0.5955
23.0753,pi,6.2800,0.0000,0.5970,0.5970
23.0803,pi,6.2800,0.0000,0.5986,0.5986
23.0853,pi,6.2800,0.0000,0.6002,0.6002
23.0903,pi,6.2800,0.0000,0.6018,0.6018
23.0953,pi,6.2800,0.0000,0.6033,0.6033
23.1004,pi,6.2800,0.0000,0.6049,0.6049
23.1053,pi,6.2800,0.0000,0.6065,0.6065
23.1103,pi,6.2800,0.0000,0.6080,0.6080
23.1153,pi,6.2800,0.0000,0.6096,0.6096
23.1203,pi,6.2800,0.0000,0.6112,0.6112
23.1253,pi,6.2800,0.0000,0.6127,0.6127
23.1303,pi,6.2800,0.0000,0.6143,0.6143
23.1353,pi,6.2800,0.0000,0.6159,0.6159
23.1403,pi,6.2800,0.0000,0.6175,0.6175
23.1454,pi,6.2800,0.0000,0.6190,0.6190
23.1503,pi,6.2800,0.0000,0.6206,0.6206
23.1554,pi,6.2800,0.0000,0.6222,0.6222
23.1603,pi,6.2800,0.0000,0.6237,0.6237
23.1654,pi,6.2800,0.0000,0.6253,0.6253
23.1705,pi,6.2800,0.0000,0.6269,0.6269
23.1755,pi,6.2800,0.0000,0.6284,0.6284
23.1803,pi,6.2800,0.0000,0.6300,0.6300
23.1853,pi,6.2800,0.0000,0.6316,0.6316
23.1903,pi,6.2800,0.0000,0.6331,0.6331
23.1954,pi,6.2800,0.0000,0.6347,0.6347
23.2003,pi,6.2800,0.0000,0.6363,0.6363
23.2053,pi,6.2800,0.0000,0.6379,0.6379
23.2105,pi,6.2800,0.0000,0.6394,0.6394
23.2153,pi,6.2800,0.0000,0.6410,0.6410
23.2203,pi,6.2800,0.0000,0.6426,0.6426
23.2253,pi,6.2800,0.0000,0.6441,0.6441
23.2303,pi,6.2800,0.0000,0.6457,0.6457
23.2353,pi,6.2800,0.0000,0.6473,0.6473
23.2404,pi,6.2800,0.0000,0.6489,0.6489
23.2454,pi,6.2800,0.0000,0.6504,0.6504
23.2503,pi,6.2800,0.0000,0.6520,0.6520
23.2553,pi,6.2800,0.0000,0.6536,0.6536
23.2603,pi,6.2800,0.0000,0.6551,0.6551
23.2653,pi,6.2800,0.0000,0.6567,0.6567
23.2703,pi,6.2800,0.0000,0.6583,0.6583
23.2753,pi,6.2800,0.0000,0.6598,0.6598
23.2803,pi,6.2800,0.0000,0.6614,0.6614
23.2853,pi,6.2800,0.0000,0.6630,0.6630
23.2903,pi,6.2800,0.0000,0.6645,0.6645
23.2956,pi,6.2800,0.0000,0.6661,0.6661
23.3004,pi,6.2800,0.0000,0.6677,0.6677
23.3062,pi,6.2800,0.0000,0.6693,0.6693
23.3112,pi,6.2800,0.0000,0.6708,0.6708
23.3155,pi,6.2800,0.0000,0.6724,0.6724
23.3202,pi,6.2800,0.0000,0.6740,0.6740
23.3252,pi,6.2800,0.0000,0.6755,0.6755
23.3303,pi,6.2800,0.0000,0.6771,0.6771
23.3353,pi,6.2800,0.0000,0.6787,0.6787
23.3403,pi,6.2800,0.0000,0.6802,0.6802
23.3452,pi,6.2800,0.0000,0.6818,0.6818
23.3503,pi,6.2800,0.0000,0.6834,0.6834
23.3553,pi,6.2800,0.0000,0.6850,0.6850
23.3603,pi,6.2800,0.0000,0.6865,0.6865
23.3653,pi,6.2800,0.0000,0.6881,0.6881
23.3703,pi,6.2800,0.0000,0.6897,0.6897
23.3753,pi,6.2800,0.0000,0.6912,0.6912
23.3803,pi,6.2800,0.0000,0.6928,0.6928
23.3852,pi,6.2800,0.0000,0.6944,0.6944
23.3904,pi,6.2800,0.0000,0.6959,0.6959
23.3953,pi,6.2800,0.0000,0.6975,0.6975
23.4003,pi,6.2800,0.0000,0.6991,0.6991
23.4053,pi,6.2800,0.0000,0.7007,0.7007
23.4103,pi,6.2800,0.0000,0.7022,0.7022
23.4153,pi,6.2800,0.0000,0.7038,0.7038
23.4202,pi,6.2800,0.0000,0.7054,0.7054
23.4253,pi,6.2800,0.0000,0.7069,0.7069
23.4303,pi,6.2800,0.0000,0.7085,0.7085
23.4353,pi,6.2800,0.0000,0.7101,0.7101
23.4403,pi,6.2800,0.0000,0.7116,0.7116
23.4452,pi,6.2800,0.0000,0.7132,0.7132
23.4504,pi,6.2800,0.0000,0.7148,0.7148
23.4553,pi,6.2800,0.0000,0.7164,0.7164
23.4603,pi,6.2800,0.0000,0.7179,0.7179
23.4653,pi,6.2800,0.0000,0.7195,0.7195
23.4703,pi,6.2800,0.0000,0.7211,0.7211
23.4753,pi,6.2800,0.0000,0.7226,0.7226
23.4802,pi,6.2800,0.0000,0.7242,0.7242
23.4853,pi,6.2800,0.0000,0.7258,0.7258
23.4903,pi,6.2800,0.0000,0.7273,0.7273
23.4953,pi,6.2800,0.0000,0.7289,0.7289
23.5004,pi,6.2800,0.0000,0.7305,0.7305
23.5053,pi,6.2800,0.0000,0.7321,0.7321
23.5103,pi,6.2800,0.0000,0.7336,0.7336
23.5154,pi,6.2800,0.0000,0.7352,0.7352
23.5203,pi,6.2800,0.0000,0.7368,0.7368
23.5253,pi,6.2800,0.0000,0.7383,0.7383
23.5302,pi,6.2800,0.0000,0.7399,0.7399
23.5353,pi,6.2800,0.0000,0.7415,0.7415
23.5403,pi,6.2800,0.0000,0.7430,0.7430
23.5453,pi,6.2800,0.0000,0.7446,0.7446
23.5503,pi,6.2800,0.0000,0.7462,0.7462
23.5553,pi,6.2800,0.0000,0.7478,0.7478
23.5603,pi,6.2800,0.0000,0.7493,0.7493
23.5653,pi,6.2800,0.0000,0.7509,0.7509
23.5703,pi,6.2800,0.0000,0.7525,0.7525
23.5753,pi,6.2800,0.0000,0.7540,0.7540
23.5803,pi,6.2800,0.0000,0.7556,0.7556
23.5853,pi,6.2800,0.0000,0.7572,0.7572
23.5904,pi,6.2800,0.0000,0.7588,0.7588
23.5954,pi,6.2800,0.0000,0.7603,0.7603
23.6003,pi,6.2800,0.0000,0.7619,0.7619
23.6056,pi,6.2800,0.0000,0.7635,0.7635
23.6109,pi,6.2800,0.0000,0.7651,0.7651
23.6154,pi,6.2800,0.0000,0.7666,0.7666
23.6203,pi,6.2800,0.0000,0.7682,0.7682
23.6254,pi,6.2800,0.0000,0.7697,0.7697
23.6303,pi,6.2800,0.0000,0.7713,0.7713
23.6354,pi,6.2800,0.0000,0.7729,0.7729
23.6403,pi,6.2800,0.0000,0.7745,0.7745
23.6453,pi,6.2800,0.0000,0.7760,0.7760
23.6503,pi,6.2800,0.0000,0.7776,0.7776
23.6553,pi,6.2800,0.0000,0.7792,0.7792
23.6603,pi,6.2800,0.0000,0.7807,0.7807
23.6654,pi,6.2800,0.0000,0.7823,0.7823
23.6703,pi,6.2800,0.0000,0.7839,0.7839
23.6758,pi,6.2800,0.0000,0.7854,0.7854
23.6810,pi,6.2800,0.0000,0.7870,0.7870
23.6860,pi,6.2800,0.0000,0.7886,0.7886
23.6910,pi,6.2800,0.0000,0.7902,0.7902
23.6960,pi,6.2800,0.0000,0.7917,0.7917
23.7009,pi,6.2800,0.0000,0.7933,0.7933
23.7057,pi,6.2800,0.0000,0.7949,0.7949
23.7112,pi,6.2800,0.0000,0.7965,0.7965
23.7160,pi,6.2800,0.0000,0.7980,0.7980
23.7208,pi,6.2800,0.0000,0.7996,0.7996
23.7257,pi,6.2800,0.0000,0.8012,0.8012
23.7307,pi,6.2800,0.0000,0.8027,0.8027
23.7356,pi,6.2800,0.0000,0.8043,0.8043
23.7405,pi,6.2800,0.0000,0.8059,0.8059
23.7455,pi,6.2800,0.0000,0.8074,0.8074
23.7505,pi,6.2800,0.0000,0.8090,0.8090
23.7555,pi,6.2800,0.0000,0.8106,0.8106
23.7605,pi,6.2800,0.0000,0.8121,0.8121
23.7655,pi,6.2800,0.0000,0.8137,0.8137
23.7705,pi,6.2800,0.0000,0.8153,0.8153
23.7755,pi,6.2800,0.0000,0.8169,0.8169
23.7805,pi,6.2800,0.0000,0.8184,0.8184
23.7855,pi,6.2800,0.0000,0.8200,0.8200
23.7904,pi,6.2800,0.0000,0.8216,0.8216
23.7955,pi,6.2800,0.0000,0.8231,0.8231
23.8005,pi,6.2800,0.0000,0.8247,0.8247
23.8055,pi,6.2800,0.0000,0.8263,0.8263
23.8104,pi,6.2800,0.0000,0.8278,0.8278
23.8156,pi,6.2800,0.0000,0.8294,0.8294
23.8220,pi,6.2800,0.0000,0.8310,0.8310
23.8276,pi,6.2800,0.0000,0.8330,0.8330
23.8336,pi,6.2800,0.0000,0.8341,0.8341
23.8387,pi,6.2800,0.0000,0.8357,0.8357
23.8440,pi,6.2800,0.0000,0.8373,0.8373
23.8524,pi,6.2800,0.0000,0.8388,0.8388
23.8601,pi,6.2800,0.0000,0.8405,0.8405
23.8650,pi,6.2800,0.0000,0.8420,0.8420
23.8702,pi,6.2800,0.0000,0.8436,0.8436
23.8759,pi,6.2800,0.0000,0.8451,0.8451
23.8803,pi,6.2800,0.0000,0.8471,0.8471
23.8856,pi,6.2800,0.0000,0.8483,0.8483
23.8903,pi,6.2800,0.0000,0.8499,0.8499
23.8978,pi,6.2800,0.0000,0.8514,0.8514
23.9043,pi,6.2800,0.0000,0.8530,0.8530
23.9093,pi,6.2800,0.0000,0.8546,0.8546
23.9145,pi,6.2800,0.0000,0.8561,0.8561
23.9191,pi,6.2800,0.0000,0.8577,0.8577
23.9246,pi,6.2800,0.0000,0.8593,0.8593
23.9292,pi,6.2800,0.0000,0.8617,0.8617
23.9346,pi,6.2800,0.0000,0.8624,0.8624
23.9411,pi,6.2800,0.0000,0.8640,0.8640
23.9476,pi,6.2800,0.0000,0.8655,0.8655
23.9529,pi,6.2800,0.0000,0.8671,0.8671
23.9582,pi,6.2800,0.0000,0.8687,0.8687
23.9642,pi,6.2800,0.0000,0.8703,0.8703
23.9685,pi,6.2800,0.0000,0.8719,0.8719
23.9735,pi,6.2800,0.0000,0.8734,0.8734
23.9779,pi,6.2800,0.0000,0.8756,0.8756
23.9840,pi,6.2800,0.0000,0.8766,0.8766
23.9904,pi,6.2800,0.0000,0.8781,0.8781
23.9962,pi,6.2800,0.0000,0.8796,0.8796
24.0008,pi,6.2800,0.0000,0.8813,0.8813
24.0055,pi,6.2800,0.0000,0.8830,0.8830
24.0109,pi,6.2800,0.0000,0.8844,0.8844
24.0163,pi,6.2800,0.0000,0.8866,0.8866
24.0216,pi,6.2800,0.0000,0.8875,0.8875
24.0258,pi,6.2800,0.0000,0.8896,0.8896
24.0302,pi,6.2800,0.0000,0.8906,0.8906
24.0351,pi,6.2800,0.0000,0.8922,0.8922
24.0392,pi,6.2800,0.0000,0.8938,0.8938
24.0433,pi,6.2800,0.0000,0.8954,0.8954
24.0472,pi,6.2800,0.0000,0.8969,0.8969
24.0512,pi,6.2800,0.0000,0.8985,0.8985
24.0553,pi,6.2800,0.0000,0.9001,0.9001
24.0591,pi,6.2800,0.0000,0.9016,0.9016
24.0631,pi,6.2800,0.0000,0.9032,0.9032
24.0671,pi,6.2800,0.0000,0.9048,0.9048
24.0711,pi,6.2800,0.0000,0.9063,0.9063
24.0752,pi,6.2800,0.0000,0.9079,0.9079
24.0794,pi,6.2800,0.0000,0.9095,0.9095
24.0833,pi,6.2800,0.0000,0.9110,0.9110
24.0873,pi,6.2800,0.0000,0.9126,0.9126
24.0912,pi,6.2800,0.0000,0.9142,0.9142
24.0952,pi,6.2800,0.0000,0.9158,0.9158
24.0991,pi,6.2800,0.0000,0.9173,0.9173
24.1032,pi,6.2800,0.0000,0.9189,0.9189
24.1071,pi,6.2800,0.0000,0.9205,0.9205
24.1111,pi,6.2800,0.0000,0.9220,0.9220
24.1155,pi,6.2800,0.0000,0.9236,0.9236
24.1204,pi,6.2800,0.0000,0.9252,0.9252
24.1254,pi,6.2800,0.0000,0.9267,0.9267
24.1303,pi,6.2800,0.0000,0.9283,0.9283
24.1354,pi,6.2800,0.0000,0.9299,0.9299
24.1404,pi,6.2800,0.0000,0.9315,0.9315
24.1454,pi,6.2800,0.0000,0.9330,0.9330
24.1504,pi,6.2800,0.0000,0.9346,0.9346
24.1554,pi,6.2800,0.0000,0.9362,0.9362
24.1604,pi,6.2800,0.0000,0.9377,0.9377
24.1655,pi,6.2800,0.0000,0.9393,0.9393
24.1705,pi,6.2800,0.0000,0.9409,0.9409
24.1754,pi,6.2800,0.0000,0.9424,0.9424
24.1804,pi,6.2800,0.0000,0.9440,0.9440
24.1854,pi,6.2800,0.0000,0.9456,0.9456
24.1904,pi,6.2800,0.0000,0.9472,0.9472
24.1953,pi,6.2800,0.0000,0.9487,0.9487
24.2004,pi,6.2800,0.0000,0.9503,0.9503
24.2054,pi,6.2800,0.0000,0.9519,0.9519
24.2103,pi,6.2800,0.0000,0.9534,0.9534
24.2154,pi,6.2800,0.0000,0.9550,0.9550
24.2205,pi,6.2800,0.0000,0.9566,0.9566
24.2253,pi,6.2800,0.0000,0.9582,0.9582
24.2307,pi,6.2800,0.0000,0.9597,0.9597
24.2353,pi,6.2800,0.0000,0.9613,0.9613
24.2405,pi,6.2800,0.0000,0.9629,0.9629
24.2457,pi,6.2800,0.0000,0.9644,0.9644
24.2503,pi,6.2800,0.0000,0.9661,0.9661
24.2553,pi,6.2800,0.0000,0.9676,0.9676
24.2604,pi,6.2800,0.0000,0.9691,0.9691
24.2654,pi,6.2800,0.0000,0.9707,0.9707
24.2703,pi,6.2800,0.0000,0.9723,0.9723
24.2755,pi,6.2800,0.0000,0.9738,0.9738
24.2806,pi,6.2800,0.0000,0.9754,0.9754
24.2854,pi,6.2800,0.0000,0.9770,0.9770
24.2903,pi,6.2800,0.0000,0.9786,0.9786
24.2953,pi,6.2800,0.0000,0.9801,0.9801
24.3003,pi,6.2800,0.0000,0.9817,0.9817
24.3054,pi,6.2800,0.0000,0.9833,0.9833
24.3103,pi,6.2800,0.0000,0.9848,0.9848
24.3154,pi,6.2800,0.0000,0.9864,0.9864
24.3204,pi,6.2800,0.0000,0.9880,0.9880
24.3254,pi,6.2800,0.0000,0.9895,0.9895
24.3303,pi,6.2800,0.0000,0.9911,0.9911
24.3353,pi,6.2800,0.0000,0.9927,0.9927
24.3404,pi,6.2800,0.0000,0.9943,0.9943
24.3454,pi,6.2800,0.0000,0.9958,0.9958
24.3504,pi,6.2800,0.0000,0.9974,0.9974
24.3553,pi,6.2800,0.0000,0.9990,0.9990
24.3604,pi,6.2800,0.0000,1.0000,1.0005
24.3654,pi,6.2800,0.0000,1.0000,1.0005
24.3704,pi,6.2800,0.0000,1.0000,1.0005
24.3754,pi,6.2800,0.0000,1.0000,1.0005
24.3804,pi,6.2800,0.0000,1.0000,1.0005
24.3854,pi,6.2800,0.0000,1.0000,1.0005
24.3904,pi,6.2800,0.0000,1.0000,1.0005
24.3954,pi,6.2800,0.0000,1.0000,1.0005
24.4004,pi,6.2800,0.0000,1.0000,1.0005
24.4054,pi,6.2800,0.0000,1.0000,1.0005
24.4107,pi,6.2800,0.0000,1.0000,1.0005
24.4154,pi,6.2800,0.0000,1.0000,1.0005
24.4205,pi,6.2800,0.0000,1.0000,1.0005
24.4254,pi,6.2800,0.0000,1.0000,1.0005
24.4307,pi,6.2800,0.0000,1.0000,1.0005
24.4362,pi,6.2800,0.0000,1.0000,1.0005
24.4407,pi,6.2800,0.0000,1.0000,1.0005
24.4453,pi,6.2800,0.0000,1.0000,1.0005
24.4503,pi,6.2800,0.0000,1.0000,1.0005
24.4554,pi,6.2800,0.0000,1.0000,1.0005
24.4603,pi,6.2800,0.0000,1.0000,1.0005
24.4653,pi,6.2800,0.0000,1.0000,1.0005
24.4704,pi,6.2800,0.0000,1.0000,1.0005
24.4754,pi,6.2800,0.0000,1.0000,1.0005
24.4807,pi,6.2800,0.0000,1.0000,1.0005
24.4854,pi,6.2800,0.0000,1.0000,1.0005
24.4903,pi,6.2800,0.0000,1.0000,1.0005
24.4953,pi,6.2800,0.0000,1.0000,1.0005
24.5003,pi,6.2800,0.0000,1.0000,1.0005
24.5053,pi,6.2800,0.0000,1.0000,1.0005
24.5103,pi,6.2800,0.0000,1.0000,1.0005
24.5153,pi,6.2800,0.0000,1.0000,1.0005
24.5203,pi,6.2800,0.0000,1.0000,1.0005
24.5254,pi,6.2800,0.0000,1.0000,1.0005
24.5303,pi,6.2800,0.0000,1.0000,1.0005
24.5357,pi,6.2800,0.0000,1.0000,1.0005
24.5411,pi,6.2800,0.0000,1.0000,1.0005
24.5457,pi,6.2800,0.0000,1.0000,1.0005
24.5510,pi,6.2800,0.0000,1.0000,1.0005
24.5557,pi,6.2800,0.0000,1.0000,1.0005
24.5607,pi,6.2800,0.0000,1.0000,1.0005
24.5654,pi,6.2800,0.0000,1.0000,1.0005
24.5703,pi,6.2800,0.0000,1.0000,1.0005
24.5755,pi,6.2800,0.0000,1.0000,1.0005
24.5804,pi,6.2800,0.0000,1.0000,1.0005
24.5853,pi,6.2800,0.0000,1.0000,1.0005
24.5903,pi,6.2800,0.0000,1.0000,1.0005
24.5953,pi,6.2800,0.0000,1.0000,1.0005
24.6003,pi,6.2800,0.0000,1.0000,1.0005
24.6053,pi,6.2800,0.0000,1.0000,1.0005
24.6103,pi,6.2800,0.0000,1.0000,1.0005
24.6154,pi,6.2800,0.0000,1.0000,1.0005
24.6203,pi,6.2800,0.0000,1.0000,1.0005
24.6253,pi,6.2800,0.0000,1.0000,1.0005
24.6303,pi,6.2800,0.0000,1.0000,1.0005
24.6353,pi,6.2800,0.0000,1.0000,1.0005
24.6404,pi,6.2800,0.0000,1.0000,1.0005
24.6454,pi,6.2800,0.0000,1.0000,1.0005
24.6504,pi,6.2800,0.0000,1.0000,1.0005
24.6553,pi,6.2800,0.0000,1.0000,1.0005
24.6606,pi,6.2800,0.0000,1.0000,1.0005
24.6654,pi,6.2800,0.0000,1.0000,1.0005
24.6703,pi,6.2800,0.0000,1.0000,1.0005
24.6753,pi,6.2800,0.0000,1.0000,1.0005
24.6803,pi,6.2800,0.0000,1.0000,1.0005
24.6853,pi,6.2800,0.0000,1.0000,1.0005
24.6903,pi,6.2800,0.0000,1.0000,1.0005
24.6954,pi,6.2800,0.0000,1.0000,1.0005
24.7004,pi,6.2800,0.0000,1.0000,1.0005
24.7053,pi,6.2800,0.0000,1.0000,1.0005
24.7103,pi,6.2800,0.0000,1.0000,1.0005
24.7153,pi,6.2800,0.0000,1.0000,1.0005
24.7203,pi,6.2800,0.0000,1.0000,1.0005
24.7254,pi,6.2800,0.0000,1.0000,1.0005
24.7303,pi,6.2800,0.0000,1.0000,1.0005
24.7353,pi,6.2800,0.0000,1.0000,1.0005
24.7405,pi,6.2800,0.0000,1.0000,1.0005
24.7454,pi,6.2800,0.0000,1.0000,1.0005
24.7511,pi,6.2800,0.0000,1.0000,1.0005
24.7556,pi,6.2800,0.0000,1.0000,1.0005
24.7607,pi,6.2800,0.0000,1.0000,1.0005
24.7653,pi,6.2800,0.0000,1.0000,1.0005
24.7703,pi,6.2800,0.0000,1.0000,1.0005
24.7752,pi,6.2800,0.0000,1.0000,1.0005
24.7803,pi,6.2800,0.0000,1.0000,1.0005
24.7856,pi,6.2800,0.0000,1.0000,1.0005
24.7904,pi,6.2800,0.0000,1.0000,1.0005
24.7954,pi,6.2800,0.0000,1.0000,1.0005
24.8016,pi,6.2800,0.0000,1.0000,1.0005
24.8063,pi,6.2800,0.0000,1.0000,1.0005
24.8114,pi,6.2800,0.0000,1.0000,1.0005
24.8165,pi,6.2800,0.0000,1.0000,1.0005
24.8232,pi,6.2800,0.0000,1.0000,1.0005
24.8293,pi,6.2800,0.0000,1.0000,1.0005
24.8342,pi,6.2800,0.0000,1.0000,1.0005
24.8390,pi,6.2800,0.0000,1.0000,1.0005
24.8437,pi,6.2800,0.0000,1.0000,1.0005
24.8479,pi,6.2800,0.0000,1.0000,1.0005
24.8522,pi,6.2800,0.0000,1.0000,1.0005
24.8561,pi,6.2800,0.0000,1.0000,1.0005
24.8604,pi,6.2800,0.0000,1.0000,1.0005
24.8655,pi,6.2800,0.0000,1.0000,1.0005
24.8703,pi,6.2800,0.0000,1.0000,1.0005
24.8756,pi,6.2800,0.0000,1.0000,1.0005
24.8807,pi,6.2800,0.0000,1.0000,1.0005
24.8856,pi,6.2800,0.0000,1.0000,1.0005
24.8903,pi,6.2800,0.0000,1.0000,1.0005
24.8953,pi,6.2800,0.0000,1.0000,1.0005
24.9003,pi,6.2800,0.0000,1.0000,1.0005
24.9053,pi,6.2800,0.0000,1.0000,1.0005
24.9103,pi,6.2800,0.0000,1.0000,1.0005
24.9153,pi,6.2800,0.0000,1.0000,1.0005
24.9203,pi,6.2800,0.0000,1.0000,1.0005
24.9253,pi,6.2800,0.0000,1.0000,1.0005
24.9303,pi,6.2800,0.0000,1.0000,1.0005
24.9354,pi,6.2800,0.0000,1.0000,1.0005
24.9403,pi,6.2800,0.0000,1.0000,1.0005
24.9454,pi,6.2800,0.0000,1.0000,1.0005
24.9503,pi,6.2800,0.0000,1.0000,1.0005
24.9553,pi,6.2800,0.0000,1.0000,1.0005
24.9603,pi,6.2800,0.0000,1.0000,1.0005
24.9653,pi,6.2800,0.0000,1.0000,1.0005
24.9703,pi,6.2800,0.0000,1.0000,1.0005
24.9753,pi,6.2800,0.0000,1.0000,1.0005
24.9804,pi,6.2800,0.0000,1.0000,1.0005
24.9853,pi,6.2800,0.0000,1.0000,1.0005
24.9903,pi,6.2800,0.0000,1.0000,1.0005
24.9953,pi,6.2800,0.0000,1.0000,1.0005
25.0003,pi,6.2800,0.0000,1.0000,1.0005
25.0054,pi,6.2800,0.0000,1.0000,1.0005
25.0103,pi,6.2800,0.0000,1.0000,1.0005
25.0154,pi,6.2800,0.0000,1.0000,1.0005
25.0203,pi,6.2800,0.0000,1.0000,1.0005
25.0253,pi,6.2800,0.0000,1.0000,1.0005
25.0303,pi,6.2800,0.0000,1.0000,1.0005
25.0353,pi,6.2800,0.0000,1.0000,1.0005
25.0403,pi,6.2800,0.0000,1.0000,1.0005
25.0454,pi,6.2800,0.0000,1.0000,1.0005
25.0503,pi,6.2800,0.0000,1.0000,1.0005
25.0553,pi,6.2800,0.0000,1.0000,1.0005
25.0603,pi,6.2800,0.0000,1.0000,1.0005
25.0653,pi,6.2800,0.0000,1.0000,1.0005
25.0704,pi,6.2800,0.0000,1.0000,1.0005
25.0753,pi,6.2800,0.0000,1.0000,1.0005
25.0803,pi,6.2800,0.0000,1.0000,1.0005
25.0854,pi,6.2800,0.0000,1.0000,1.0005
25.0903,pi,6.2800,0.0000,1.0000,1.0005
25.0953,pi,6.2800,0.0000,1.0000,1.0005
25.1003,pi,6.2800,0.0000,1.0000,1.0005
25.1054,pi,6.2800,0.0000,1.0000,1.0005
25.1103,pi,6.2800,0.0000,1.0000,1.0005
25.1154,pi,6.2800,0.0000,1.0000,1.0005
25.1203,pi,6.2800,0.0000,1.0000,1.0005
25.1253,pi,6.2800,0.0000,1.0000,1.0005
25.1303,pi,6.2800,0.0000,1.0000,1.0005
25.1353,pi,6.2800,0.0000,1.0000,1.0005
25.1403,pi,6.2800,0.0000,1.0000,1.0005
25.1453,pi,6.2800,0.0000,1.0000,1.0005
25.1503,pi,6.2800,0.0000,1.0000,1.0005
25.1553,pi,6.2800,0.0000,1.0000,1.0005
25.1603,pi,6.2800,0.0000,1.0000,1.0005
25.1653,pi,6.2800,0.0000,1.0000,1.0005
25.1704,pi,6.2800,0.0000,1.0000,1.0005
25.1756,pi,6.2800,0.0000,1.0000,1.0005
25.1807,pi,6.2800,0.0000,1.0000,1.0005
25.1857,pi,6.2800,0.0000,1.0000,1.0005
25.1910,pi,6.2800,0.0000,1.0000,1.0005
25.1959,pi,6.2800,0.0000,1.0000,1.0005
25.2006,pi,6.2800,0.0000,1.0000,1.0005
25.2053,pi,6.2800,0.0000,1.0000,1.0005
25.2103,pi,6.2800,0.0000,1.0000,1.0005
25.2152,pi,6.2800,0.0000,1.0000,1.0005
25.2203,pi,6.2800,0.0000,1.0000,1.0005
25.2253,pi,6.2800,0.0000,1.0000,1.0005
25.2303,pi,6.2800,0.0000,1.0000,1.0005
25.2353,pi,6.2800,0.0000,1.0000,1.0005
25.2403,pi,6.2800,0.0000,1.0000,1.0005
25.2454,pi,6.2800,0.0000,1.0000,1.0005
25.2505,pi,6.2800,0.0000,1.0000,1.0005
25.2555,pi,6.2800,0.0000,1.0000,1.0005
25.2603,pi,6.2800,0.0000,1.0000,1.0005
25.2660,pi,6.2800,0.0000,1.0000,1.0005
25.2711,pi,6.2800,0.0000,1.0000,1.0005
25.2757,pi,6.2800,0.0000,1.0000,1.0005
25.2803,pi,6.2800,0.0000,1.0000,1.0005
25.2853,pi,6.2800,0.0000,1.0000,1.0005
25.2904,pi,6.2800,0.0000,1.0000,1.0005
25.2953,pi,6.2800,0.0000,1.0000,1.0005
25.3003,pi,6.2800,0.0000,1.0000,1.0005
25.3053,pi,6.2800,0.0000,1.0000,1.0005
25.3104,pi,6.2800,0.0000,1.0000,1.0005
25.3153,pi,6.2800,0.0000,1.0000,1.0005
25.3203,pi,6.2800,0.0000,1.0000,1.0005
25.3253,pi,6.2800,0.0000,1.0000,1.0005
25.3303,pi,6.2800,0.0000,1.0000,1.0005
25.3354,pi,6.2800,0.0000,1.0000,1.0005
25.3403,pi,6.2800,0.0000,1.0000,1.0005
25.3453,pi,6.2800,0.0000,1.0000,1.0005
25.3503,pi,6.2800,0.0000,1.0000,1.0005
25.3553,pi,6.2800,0.0000,1.0000,1.0005
25.3604,pi,6.2800,0.0000,1.0000,1.0005
25.3653,pi,6.2800,0.0000,1.0000,1.0005
25.3704,pi,6.2800,0.0000,1.0000,1.0005
25.3753,pi,6.2800,0.0000,1.0000,1.0005
25.3803,pi,6.2800,0.0000,1.0000,1.0005
25.3853,pi,6.2800,0.0000,1.0000,1.0005
25.3903,pi,6.2800,0.0000,1.0000,1.0005
25.3954,pi,6.2800,0.0000,1.0000,1.0005
25.4003,pi,6.2800,0.0000,1.0000,1.0005
25.4053,pi,6.2800,0.0000,1.0000,1.0005
25.4103,pi,6.2800,0.0000,1.0000,1.0005
25.4153,pi,6.2800,0.0000,1.0000,1.0005
25.4203,pi,6.2800,0.0000,1.0000,1.0005
25.4254,pi,6.2800,0.0000,1.0000,1.0005
25.4304,pi,6.2800,0.0000,1.0000,1.0005
25.4353,pi,6.2800,0.0000,1.0000,1.0005
25.4402,pi,6.2800,0.0000,1.0000,1.0005
25.4453,pi,6.2800,0.0000,1.0000,1.0005
25.4503,pi,6.2800,0.0000,1.0000,1.0005
25.4553,pi,6.2800,0.0000,1.0000,1.0005
25.4603,pi,6.2800,0.0000,1.0000,1.0005
25.4653,pi,6.2800,0.0000,1.0000,1.0005
25.4703,pi,6.2800,0.0000,1.0000,1.0005
25.4753,pi,6.2800,0.0000,1.0000,1.0005
25.4803,pi,6.2800,0.0000,1.0000,1.0005
25.4853,pi,6.2800,0.0000,1.0000,1.0005
25.4903,pi,6.2800,0.0000,1.0000,1.0005
25.4953,pi,6.2800,0.0000,1.0000,1.0005
25.5003,pi,6.2800,0.0000,1.0000,1.0005
25.5054,pi,6.2800,0.0000,1.0000,1.0005
25.5103,pi,6.2800,0.0000,1.0000,1.0005
25.5153,pi,6.2800,0.0000,1.0000,1.0005
25.5203,pi,6.2800,0.0000,1.0000,1.0005
25.5253,pi,6.2800,0.0000,1.0000,1.0005
25.5303,pi,6.2800,0.0000,1.0000,1.0005
25.5353,pi,6.2800,0.0000,1.0000,1.0005
25.5403,pi,6.2800,0.0000,1.0000,1.0005
25.5453,pi,6.2800,0.0000,1.0000,1.0005
25.5503,pi,6.2800,0.0000,1.0000,1.0005
25.5553,pi,6.2800,0.0000,1.0000,1.0005
25.5604,pi,6.2800,0.0000,1.0000,1.0005
25.5653,pi,6.2800,0.0000,1.0000,1.0005
25.5703,pi,6.2800,0.0000,1.0000,1.0005
25.5753,pi,6.2800,0.0000,1.0000,1.0005
25.5803,pi,6.2800,0.0000,1.0000,1.0005
25.5853,pi,6.2800,0.0000,1.0000,1.0005
25.5903,pi,6.2800,0.0000,1.0000,1.0005
25.5954,pi,6.2800,0.0000,1.0000,1.0005
25.6003,pi,6.2800,0.0000,1.0000,1.0005
25.6054,pi,6.2800,0.0000,1.0000,1.0005
25.6103,pi,6.2800,0.0000,1.0000,1.0005
25.6154,pi,6.2800,0.0000,1.0000,1.0005
25.6203,pi,6.2800,0.0000,1.0000,1.0005
25.6255,pi,6.2800,0.0000,1.0000,1.0005
25.6302,pi,6.2800,0.0000,1.0000,1.0005
25.6353,pi,6.2800,0.0000,1.0000,1.0005
25.6403,pi,6.2800,0.0000,1.0000,1.0005
25.6453,pi,6.2800,0.0000,1.0000,1.0005
25.6503,pi,6.2800,0.0000,1.0000,1.0005
25.6554,pi,6.2800,0.0000,1.0000,1.0005
25.6603,pi,6.2800,0.0000,1.0000,1.0005
25.6653,pi,6.2800,0.0000,1.0000,1.0005
25.6703,pi,6.2800,0.0000,1.0000,1.0005
25.6753,pi,6.2800,0.0000,1.0000,1.0005
25.6803,pi,6.2800,0.0000,1.0000,1.0005
25.6853,pi,6.2800,0.0000,1.0000,1.0005
25.6903,pi,6.2800,0.0000,1.0000,1.0005
25.6953,pi,6.2800,0.0000,1.0000,1.0005
25.7004,pi,6.2800,0.0000,1.0000,1.0005
25.7054,pi,6.2800,0.0000,1.0000,1.0005
25.7103,pi,6.2800,0.0000,1.0000,1.0005
25.7154,pi,6.2800,0.0000,1.0000,1.0005
25.7203,pi,6.2800,0.0000,1.0000,1.0005
25.7253,pi,6.2800,0.0000,1.0000,1.0005
25.7304,pi,6.2800,0.0000,1.0000,1.0005
25.7353,pi,6.2800,0.0000,1.0000,1.0005
25.7403,pi,6.2800,0.0000,1.0000,1.0005
25.7453,pi,6.2800,0.0000,1.0000,1.0005
25.7503,pi,6.2800,0.0000,1.0000,1.0005
25.7553,pi,6.2800,0.0000,1.0000,1.0005
25.7604,pi,6.2800,0.0000,1.0000,1.0005
25.7653,pi,6.2800,0.0000,1.0000,1.0005
25.7704,pi,6.2800,0.0000,1.0000,1.0005
25.7753,pi,6.2800,0.0000,1.0000,1.0005
25.7803,pi,6.2800,0.0000,1.0000,1.0005
25.7853,pi,6.2800,0.0000,1.0000,1.0005
25.7903,pi,6.2800,0.0000,1.0000,1.0005
25.7954,pi,6.2800,0.0000,1.0000,1.0005
25.8003,pi,6.2800,0.0000,1.0000,1.0005
25.8053,pi,6.2800,0.0000,1.0000,1.0005
25.8104,pi,6.2800,0.0000,1.0000,1.0005
25.8153,pi,6.2800,0.0000,1.0000,1.0005
25.8204,pi,6.2800,0.0000,1.0000,1.0005
25.8253,pi,6.2800,0.0000,1.0000,1.0005
25.8303,pi,6.2800,0.0000,1.0000,1.0005
25.8355,pi,6.2800,0.0000,1.0000,1.0005
25.8404,pi,6.2800,0.0000,1.0000,1.0005
25.8453,pi,6.2800,0.0000,1.0000,1.0005
25.8503,pi,6.2800,0.0000,1.0000,1.0005
25.8553,pi,6.2800,0.0000,1.0000,1.0005
25.8603,pi,6.2800,0.0000,1.0000,1.0005
25.8653,pi,6.2800,0.0000,1.0000,1.0005
25.8703,pi,6.2800,0.0000,1.0000,1.0005
25.8754,pi,6.2800,0.0000,1.0000,1.0005
25.8803,pi,6.2800,0.0000,1.0000,1.0005
25.8853,pi,6.2800,0.0000,1.0000,1.0005
25.8903,pi,6.2800,0.0000,1.0000,1.0005
25.8954,pi,6.2800,0.0000,1.0000,1.0005
25.9003,pi,6.2800,0.0000,1.0000,1.0005
25.9054,pi,6.2800,0.0000,1.0000,1.0005
25.9103,pi,6.2800,0.0000,1.0000,1.0005
25.9153,pi,6.2800,0.0000,1.0000,1.0005
25.9203,pi,6.2800,0.0000,1.0000,1.0005
25.9253,pi,6.2800,0.0000,1.0000,1.0005
25.9303,pi,6.2800,0.0000,1.0000,1.0005
25.9354,pi,6.2800,0.0000,1.0000,1.0005
25.9403,pi,6.2800,0.0000,1.0000,1.0005
25.9453,pi,6.2800,0.0000,1.0000,1.0005
25.9504,pi,6.2800,0.0000,1.0000,1.0005
25.9553,pi,6.2800,0.0000,1.0000,1.0005
25.9603,pi,6.2800,0.0000,1.0000,1.0005
25.9653,pi,6.2800,0.0000,1.0000,1.0005
25.9703,pi,6.2800,0.0000,1.0000,1.0005
25.9754,pi,6.2800,0.0000,1.0000,1.0005
25.9804,pi,6.2800,0.0000,1.0000,1.0005
25.9857,pi,6.2800,0.0000,1.0000,1.0005
25.9911,pi,6.2800,0.0000,1.0000,1.0005
25.9956,pi,6.2800,0.0000,1.0000,1.0005
26.0010,pi,6.2800,0.0000,1.0000,1.0005
26.0056,pi,6.2800,0.0000,1.0000,1.0005
26.0109,pi,6.2800,0.0000,1.0000,1.0005
26.0158,pi,6.2800,0.0000,1.0000,1.0005
26.0205,pi,6.2800,0.0000,1.0000,1.0005
26.0254,pi,6.2800,0.0000,1.0000,1.0005
26.0304,pi,6.2800,0.0000,1.0000,1.0005
26.0354,pi,6.2800,0.0000,1.0000,1.0005
26.0404,pi,6.2800,0.0000,1.0000,1.0005
26.0454,pi,6.2800,0.0000,1.0000,1.0005
26.0504,pi,6.2800,0.0000,1.0000,1.0005
26.0554,pi,6.2800,0.0000,1.0000,1.0005
26.0604,pi,6.2800,0.0000,1.0000,1.0005
26.0654,pi,6.2800,0.0000,1.0000,1.0005
26.0711,pi,6.2800,0.0000,1.0000,1.0005
26.0756,pi,6.2800,0.0000,1.0000,1.0005
26.0809,pi,6.2800,0.0000,1.0000,1.0005
26.0859,pi,6.2800,0.0000,1.0000,1.0005
26.0909,pi,6.2800,0.0000,1.0000,1.0005
26.0959,pi,6.2800,0.0000,1.0000,1.0005
26.1009,pi,6.2800,0.0000,1.0000,1.0005
26.1060,pi,6.2800,0.0000,1.0000,1.0005
26.1110,pi,6.2800,0.0000,1.0000,1.0005
26.1159,pi,6.2800,0.0000,1.0000,1.0005
26.1207,pi,6.2800,0.0000,1.0000,1.0005
26.1258,pi,6.2800,0.0000,1.0000,1.0005
26.1309,pi,6.2800,0.0000,1.0000,1.0005
26.1355,pi,6.2800,0.0000,1.0000,1.0005
26.1403,pi,6.2800,0.0000,1.0000,1.0005
26.1453,pi,6.2800,0.0000,1.0000,1.0005
26.1503,pi,6.2800,0.0000,1.0000,1.0005
26.1553,pi,6.2800,0.0000,1.0000,1.0005
26.1603,pi,6.2800,0.0000,1.0000,1.0005
26.1653,pi,6.2800,0.0000,1.0000,1.0005
26.1703,pi,6.2800,0.0000,1.0000,1.0005
26.1754,pi,6.2800,0.0000,1.0000,1.0005
26.1805,pi,6.2800,0.0000,1.0000,1.0005
26.1854,pi,6.2800,0.0000,1.0000,1.0005
26.1905,pi,6.2800,0.0000,1.0000,1.0005
26.1960,pi,6.2800,0.0000,1.0000,1.0005
26.2004,pi,6.2800,0.0000,1.0000,1.0005
26.2052,pi,6.2800,0.0000,1.0000,1.0005
26.2103,pi,6.2800,0.0000,1.0000,1.0005
26.2153,pi,6.2800,0.0000,1.0000,1.0005
26.2203,pi,6.2800,0.0000,1.0000,1.0005
26.2253,pi,6.2800,0.0000,1.0000,1.0005
26.2306,pi,6.2800,0.0000,1.0000,1.0005
26.2355,pi,6.2800,0.0000,1.0000,1.0005
26.2406,pi,6.2800,0.0000,1.0000,1.0005
26.2453,pi,6.2800,0.0000,1.0000,1.0005
26.2503,pi,6.2800,0.0000,1.0000,1.0005
26.2553,pi,6.2800,0.0000,1.0000,1.0005
26.2603,pi,6.2800,0.0000,1.0000,1.0005
26.2653,pi,6.2800,0.0000,1.0000,1.0005
26.2704,pi,6.2800,0.0000,1.0000,1.0005
26.2753,pi,6.2800,0.0000,1.0000,1.0005
26.2806,pi,6.2800,0.0000,1.0000,1.0005
26.2853,pi,6.2800,0.0000,1.0000,1.0005
26.2903,pi,6.2800,0.0000,1.0000,1.0005
26.2953,pi,6.2800,0.0000,1.0000,1.0005
26.3003,pi,6.2800,0.0000,1.0000,1.0005
26.3054,pi,6.2800,0.0000,1.0000,1.0005
26.3103,pi,6.2800,0.0000,1.0000,1.0005
26.3153,pi,6.2800,0.0000,1.0000,1.0005
26.3204,pi,6.2800,0.0000,1.0000,1.0005
26.3254,pi,6.2800,0.0000,1.0000,1.0005
26.3304,pi,6.2800,0.0000,1.0000,1.0005
26.3352,pi,6.2800,0.0000,1.0000,1.0005
26.3403,pi,6.2800,0.0000,1.0000,1.0005
26.3454,pi,6.2800,0.0000,1.0000,1.0005
26.3504,pi,6.2800,0.0000,1.0000,1.0005
26.3553,pi,6.2800,0.0000,1.0000,1.0005
26.3603,pi,6.2800,0.0000,1.0000,1.0005
26.3653,pi,6.2800,0.0000,1.0000,1.0005
26.3703,pi,6.2800,0.0000,1.0000,1.0005
26.3753,pi,6.2800,0.0000,1.0000,1.0005
26.3803,pi,6.2800,0.0000,1.0000,1.0005
26.3853,pi,6.2800,0.0000,1.0000,1.0005
26.3903,pi,6.2800,0.0000,1.0000,1.0005
26.3953,pi,6.2800,0.0000,1.0000,1.0005
26.4002,pi,6.2800,0.0000,1.0000,1.0005
26.4053,pi,6.2800,0.0000,1.0000,1.0005
26.4107,pi,6.2800,0.0000,1.0000,1.0005
26.4155,pi,6.2800,0.0000,1.0000,1.0005
26.4204,pi,6.2800,0.0000,1.0000,1.0005
26.4254,pi,6.2800,0.0000,1.0000,1.0005
26.4307,pi,6.2800,0.0000,1.0000,1.0005
26.4356,pi,6.2800,0.0000,1.0000,1.0005
26.4403,pi,6.2800,0.0000,1.0000,1.0005
26.4452,pi,6.2800,0.0000,1.0000,1.0005
26.4503,pi,6.2800,0.0000,1.0000,1.0005
26.4552,pi,6.2800,0.0000,1.0000,1.0005
26.4603,pi,6.2800,0.0000,1.0000,1.0005
26.4653,pi,6.2800,0.0000,1.0000,1.0005
26.4703,pi,6.2800,0.0000,1.0000,1.0005
26.4753,pi,6.2800,0.0000,1.0000,1.0005
26.4803,pi,6.2800,0.0000,1.0000,1.0005
26.4853,pi,6.2800,0.0000,1.0000,1.0005
26.4903,pi,6.2800,0.0000,1.0000,1.0005
26.4954,pi,6.2800,0.0000,1.0000,1.0005
26.5002,pi,6.2800,0.0000,1.0000,1.0005
26.5054,pi,6.2800,0.0000,1.0000,1.0005
26.5103,pi,6.2800,0.0000,1.0000,1.0005
26.5153,pi,6.2800,0.0000,1.0000,1.0005
26.5203,pi,6.2800,0.0000,1.0000,1.0005
26.5254,pi,6.2800,0.0000,1.0000,1.0005
26.5303,pi,6.2800,0.0000,1.0000,1.0005
26.5353,pi,6.2800,0.0000,1.0000,1.0005
26.5403,pi,6.2800,0.0000,1.0000,1.0005
26.5454,pi,6.2800,0.0000,1.0000,1.0005
26.5503,pi,6.2800,0.0000,1.0000,1.0005
26.5553,pi,6.2800,0.0000,1.0000,1.0005
26.5603,pi,6.2800,0.0000,1.0000,1.0005
26.5653,pi,6.2800,0.0000,1.0000,1.0005
26.5703,pi,6.2800,0.0000,1.0000,1.0005
26.5753,pi,6.2800,0.0000,1.0000,1.0005
26.5803,pi,6.2800,0.0000,1.0000,1.0005
26.5853,pi,6.2800,0.0000,1.0000,1.0005
26.5903,pi,6.2800,0.0000,1.0000,1.0005
26.5953,pi,6.2800,0.0000,1.0000,1.0005
26.6003,pi,6.2800,0.0000,1.0000,1.0005
26.6053,pi,6.2800,0.0000,1.0000,1.0005
26.6103,pi,6.2800,0.0000,1.0000,1.0005
26.6153,pi,6.2800,0.0000,1.0000,1.0005
26.6203,pi,6.2800,0.0000,1.0000,1.0005
26.6253,pi,6.2800,0.0000,1.0000,1.0005
26.6303,pi,6.2800,0.0000,1.0000,1.0005
26.6353,pi,6.2800,0.0000,1.0000,1.0005
26.6403,pi,6.2800,0.0000,1.0000,1.0005
26.6453,pi,6.2800,0.0000,1.0000,1.0005
26.6503,pi,6.2800,0.0000,1.0000,1.0005
26.6553,pi,6.2800,0.0000,1.0000,1.0005
26.6603,pi,6.2800,0.0000,1.0000,1.0005
26.6653,pi,6.2800,0.0000,1.0000,1.0005
26.6703,pi,6.2800,0.0000,1.0000,1.0005
26.6753,pi,6.2800,0.0000,1.0000,1.0005
26.6804,pi,6.2800,0.0000,1.0000,1.0005
26.6853,pi,6.2800,0.0000,1.0000,1.0005
26.6903,pi,6.2800,0.0000,1.0000,1.0005
26.6952,pi,6.2800,0.0000,1.0000,1.0005
26.7003,pi,6.2800,0.0000,1.0000,1.0005
26.7054,pi,6.2800,0.0000,1.0000,1.0005
26.7103,pi,6.2800,0.0000,1.0000,1.0005
26.7153,pi,6.2800,0.0000,1.0000,1.0005
26.7203,pi,6.2800,0.0000,1.0000,1.0005
26.7253,pi,6.2800,0.0000,1.0000,1.0005
26.7303,pi,6.2800,0.0000,1.0000,1.0005
26.7353,pi,6.2800,0.0000,1.0000,1.0005
26.7403,pi,6.2800,0.0000,1.0000,1.0005
26.7453,pi,6.2800,0.0000,1.0000,1.0005
26.7504,pi,6.2800,0.0000,1.0000,1.0005
26.7554,pi,6.2800,0.0000,1.0000,1.0005
26.7603,pi,6.2800,0.0000,1.0000,1.0005
26.7653,pi,6.2800,0.0000,1.0000,1.0005
26.7704,pi,6.2800,0.0000,1.0000,1.0005
26.7753,pi,6.2800,0.0000,1.0000,1.0005
26.7803,pi,6.2800,0.0000,1.0000,1.0005
26.7853,pi,6.2800,0.0000,1.0000,1.0005
26.7906,pi,6.2800,0.0000,1.0000,1.0005
26.7953,pi,6.2800,0.0000,1.0000,1.0005
26.8004,pi,6.2800,0.0000,1.0000,1.0005
26.8054,pi,6.2800,0.0000,1.0000,1.0005
26.8103,pi,6.2800,0.0000,1.0000,1.0005
26.8153,pi,6.2800,0.0000,1.0000,1.0005
26.8203,pi,6.2800,0.0000,1.0000,1.0005
26.8253,pi,6.2800,0.0000,1.0000,1.0005
26.8303,pi,6.2800,0.0000,1.0000,1.0005
26.8355,pi,6.2800,0.0000,1.0000,1.0005
26.8403,pi,6.2800,0.0000,1.0000,1.0005
26.8453,pi,6.2800,0.0000,1.0000,1.0005
26.8503,pi,6.2800,0.0000,1.0000,1.0005
26.8553,pi,6.2800,0.0000,1.0000,1.0005
26.8603,pi,6.2800,0.0000,1.0000,1.0005
26.8653,pi,6.2800,0.0000,1.0000,1.0005
26.8703,pi,6.2800,0.0000,1.0000,1.0005
26.8753,pi,6.2800,0.0000,1.0000,1.0005
26.8803,pi,6.2800,0.0000,1.0000,1.0005
26.8853,pi,6.2800,0.0000,1.0000,1.0005
26.8903,pi,6.2800,0.0000,1.0000,1.0005
26.8953,pi,6.2800,0.0000,1.0000,1.0005
26.9003,pi,6.2800,0.0000,1.0000,1.0005
26.9054,pi,6.2800,0.0000,1.0000,1.0005
26.9103,pi,6.2800,0.0000,1.0000,1.0005
26.9153,pi,6.2800,0.0000,1.0000,1.0005
26.9203,pi,6.2800,0.0000,1.0000,1.0005
26.9253,pi,6.2800,0.0000,1.0000,1.0005
26.9303,pi,6.2800,0.0000,1.0000,1.0005
26.9353,pi,6.2800,0.0000,1.0000,1.0005
26.9403,pi,6.2800,0.0000,1.0000,1.0005
26.9453,pi,6.2800,0.0000,1.0000,1.0005
26.9503,pi,6.2800,0.0000,1.0000,1.0005
26.9554,pi,6.2800,0.0000,1.0000,1.0005
26.9604,pi,6.2800,0.0000,1.0000,1.0005
26.9653,pi,6.2800,0.0000,1.0000,1.0005
26.9703,pi,6.2800,0.0000,1.0000,1.0005
26.9753,pi,6.2800,0.0000,1.0000,1.0005
26.9803,pi,6.2800,0.0000,1.0000,1.0005
26.9853,pi,6.2800,0.0000,1.0000,1.0005
26.9903,pi,6.2800,0.0000,1.0000,1.0005
26.9953,pi,6.2800,0.0000,1.0000,1.0005
27.0003,pi,6.2800,0.0000,1.0000,1.0005
27.0053,pi,6.2800,0.0000,1.0000,1.0005
27.0103,pi,6.2800,0.0000,1.0000,1.0005
27.0153,pi,6.2800,0.0000,1.0000,1.0005
27.0203,pi,6.2800,0.0000,1.0000,1.0005
27.0253,pi,6.2800,0.0000,1.0000,1.0005
27.0303,pi,6.2800,0.0000,1.0000,1.0005
27.0353,pi,6.2800,0.0000,1.0000,1.0005
27.0403,pi,6.2800,0.0000,1.0000,1.0005
27.0453,pi,6.2800,0.0000,1.0000,1.0005
27.0503,pi,6.2800,0.0000,1.0000,1.0005
27.0553,pi,6.2800,0.0000,1.0000,1.0005
27.0603,pi,6.2800,0.0000,1.0000,1.0005
27.0653,pi,6.2800,0.0000,1.0000,1.0005
27.0703,pi,6.2800,0.0000,1.0000,1.0005
27.0753,pi,6.2800,0.0000,1.0000,1.0005
27.0803,pi,6.2800,0.0000,1.0000,1.0005
27.0852,pi,6.2800,0.0000,1.0000,1.0005
27.0903,pi,6.2800,0.0000,1.0000,1.0005
27.0953,pi,6.2800,0.0000,1.0000,1.0005
27.1003,pi,6.2800,0.0000,1.0000,1.0005
27.1053,pi,6.2800,0.0000,1.0000,1.0005
27.1103,pi,6.2800,0.0000,1.0000,1.0005
27.1153,pi,6.2800,0.0000,1.0000,1.0005
27.1203,pi,6.2800,0.0000,1.0000,1.0005
27.1253,pi,6.2800,0.0000,1.0000,1.0005
27.1303,pi,6.2800,0.0000,1.0000,1.0005
27.1356,pi,6.2800,0.0000,1.0000,1.0005
27.1407,pi,6.2800,0.0000,1.0000,1.0005
27.1459,pi,6.2800,0.0000,1.0000,1.0005
27.1512,pi,6.2800,0.0000,1.0000,1.0005
27.1556,pi,6.2800,0.0000,1.0000,1.0005
27.1607,pi,6.2800,0.0000,1.0000,1.0005
27.1658,pi,6.2800,0.0000,1.0000,1.0005
27.1709,pi,6.2800,0.0000,1.0000,1.0005
27.1763,pi,6.2800,0.0000,1.0000,1.0005
27.1809,pi,6.2800,0.0000,1.0000,1.0005
27.1857,pi,6.2800,0.0000,1.0000,1.0005
27.1908,pi,6.2800,0.0000,1.0000,1.0005
27.1956,pi,6.2800,0.0000,1.0000,1.0005
27.2003,pi,6.2800,0.0000,1.0000,1.0005
27.2056,pi,6.2800,0.0000,1.0000,1.0005
27.2104,pi,6.2800,0.0000,1.0000,1.0005
27.2153,pi,6.2800,0.0000,1.0000,1.0005
27.2203,pi,6.2800,0.0000,1.0000,1.0005
27.2253,pi,6.2800,0.0000,1.0000,1.0005
27.2303,pi,6.2800,0.0000,1.0000,1.0005
27.2353,pi,6.2800,0.0000,1.0000,1.0005
27.2403,pi,6.2800,0.0000,1.0000,1.0005
27.2453,pi,6.2800,0.0000,1.0000,1.0005
27.2503,pi,6.2800,0.0000,1.0000,1.0005
27.2553,pi,6.2800,0.0000,1.0000,1.0005
27.2604,pi,6.2800,0.0000,1.0000,1.0005
27.2653,pi,6.2800,0.0000,1.0000,1.0005
27.2703,pi,6.2800,0.0000,1.0000,1.0005
27.2754,pi,6.2800,0.0000,1.0000,1.0005
27.2803,pi,6.2800,0.0000,1.0000,1.0005
27.2853,pi,6.2800,0.0000,1.0000,1.0005
27.2903,pi,6.2800,0.0000,1.0000,1.0005
27.2953,pi,6.2800,0.0000,1.0000,1.0005
27.3003,pi,6.2800,0.0000,1.0000,1.0005
27.3053,pi,6.2800,0.0000,1.0000,1.0005
27.3103,pi,6.2800,0.0000,1.0000,1.0005
27.3154,pi,6.2800,0.0000,1.0000,1.0005
27.3203,pi,6.2800,0.0000,1.0000,1.0005
27.3253,pi,6.2800,0.0000,1.0000,1.0005
27.3303,pi,6.2800,0.0000,1.0000,1.0005
27.3353,pi,6.2800,0.0000,1.0000,1.0005
27.3403,pi,6.2800,0.0000,1.0000,1.0005
27.3453,pi,6.2800,0.0000,1.0000,1.0005
27.3503,pi,6.2800,0.0000,1.0000,1.0005
27.3553,pi,6.2800,0.0000,1.0000,1.0005
27.3603,pi,6.2800,0.0000,1.0000,1.0005
27.3653,pi,6.2800,0.0000,1.0000,1.0005
27.3703,pi,6.2800,0.0000,1.0000,1.0005
27.3753,pi,6.2800,0.0000,1.0000,1.0005
27.3803,pi,6.2800,0.0000,1.0000,1.0005
27.3853,pi,6.2800,0.0000,1.0000,1.0005
27.3903,pi,6.2800,0.0000,1.0000,1.0005
27.3953,pi,6.2800,0.0000,1.0000,1.0005
27.4003,pi,6.2800,0.0000,1.0000,1.0005
27.4053,pi,6.2800,0.0000,1.0000,1.0005
27.4103,pi,6.2800,0.0000,1.0000,1.0005
27.4154,pi,6.2800,0.0000,1.0000,1.0005
27.4203,pi,6.2800,0.0000,1.0000,1.0005
27.4254,pi,6.2800,0.0000,1.0000,1.0005
27.4303,pi,6.2800,0.0000,1.0000,1.0005
27.4353,pi,6.2800,0.0000,1.0000,1.0005
27.4403,pi,6.2800,0.0000,1.0000,1.0005
27.4453,pi,6.2800,0.0000,1.0000,1.0005
27.4504,pi,6.2800,0.0000,1.0000,1.0005
27.4554,pi,6.2800,0.0000,1.0000,1.0005
27.4603,pi,6.2800,0.0000,1.0000,1.0005
27.4653,pi,6.2800,0.0000,1.0000,1.0005
27.4704,pi,6.2800,0.0000,1.0000,1.0005
27.4753,pi,6.2800,0.0000,1.0000,1.0005
27.4803,pi,6.2800,0.0000,1.0000,1.0005
27.4854,pi,6.2800,0.0000,1.0000,1.0005
27.4903,pi,6.2800,0.0000,1.0000,1.0005
27.4953,pi,6.2800,0.0000,1.0000,1.0005
27.5003,pi,6.2800,0.0000,1.0000,1.0005
27.5059,pi,6.2800,0.0000,1.0000,1.0005
27.5103,pi,6.2800,0.0000,1.0000,1.0005
27.5153,pi,6.2800,0.0000,1.0000,1.0005
27.5203,pi,6.2800,0.0000,1.0000,1.0005
27.5253,pi,6.2800,0.0000,1.0000,1.0005
27.5303,pi,6.2800,0.0000,1.0000,1.0005
27.5353,pi,6.2800,0.0000,1.0000,1.0005
27.5403,pi,6.2800,0.0000,1.0000,1.0005
27.5453,pi,6.2800,0.0000,1.0000,1.0005
27.5503,pi,6.2800,0.0000,1.0000,1.0005
27.5553,pi,6.2800,0.0000,1.0000,1.0005
27.5603,pi,6.2800,0.0000,1.0000,1.0005
27.5653,pi,6.2800,0.0000,1.0000,1.0005
27.5703,pi,6.2800,0.0000,1.0000,1.0005
27.5753,pi,6.2800,0.0000,1.0000,1.0005
27.5803,pi,6.2800,0.0000,1.0000,1.0005
27.5853,pi,6.2800,0.0000,1.0000,1.0005
27.5903,pi,6.2800,0.0000,1.0000,1.0005
27.5953,pi,6.2800,0.0000,1.0000,1.0005
27.6003,pi,6.2800,0.0000,1.0000,1.0005
27.6053,pi,6.2800,0.0000,1.0000,1.0005
27.6103,pi,6.2800,0.0000,1.0000,1.0005
27.6153,pi,6.2800,0.0000,1.0000,1.0005
27.6203,pi,6.2800,0.0000,1.0000,1.0005
27.6254,pi,6.2800,0.0000,1.0000,1.0005
27.6303,pi,6.2800,0.0000,1.0000,1.0005
27.6353,pi,6.2800,0.0000,1.0000,1.0005
27.6404,pi,6.2800,0.0000,1.0000,1.0005
27.6453,pi,6.2800,0.0000,1.0000,1.0005
27.6503,pi,6.2800,0.0000,1.0000,1.0005
27.6554,pi,6.2800,0.0000,1.0000,1.0005
27.6603,pi,6.2800,0.0000,1.0000,1.0005
27.6653,pi,6.2800,0.0000,1.0000,1.0005
27.6703,pi,6.2800,0.0000,1.0000,1.0005
27.6753,pi,6.2800,0.0000,1.0000,1.0005
27.6803,pi,6.2800,0.0000,1.0000,1.0005
27.6853,pi,6.2800,0.0000,1.0000,1.0005
27.6903,pi,6.2800,0.0000,1.0000,1.0005
27.6953,pi,6.2800,0.0000,1.0000,1.0005
27.7003,pi,6.2800,0.0000,1.0000,1.0005
27.7053,pi,6.2800,0.0000,1.0000,1.0005
27.7104,pi,6.2800,0.0000,1.0000,1.0005
27.7153,pi,6.2800,0.0000,1.0000,1.0005
27.7203,pi,6.2800,0.0000,1.0000,1.0005
27.7253,pi,6.2800,0.0000,1.0000,1.0005
27.7303,pi,6.2800,0.0000,1.0000,1.0005
27.7354,pi,6.2800,0.0000,1.0000,1.0005
27.7403,pi,6.2800,0.0000,1.0000,1.0005
27.7453,pi,6.2800,0.0000,1.0000,1.0005
27.7503,pi,6.2800,0.0000,1.0000,1.0005
27.7553,pi,6.2800,0.0000,1.0000,1.0005
27.7603,pi,6.2800,0.0000,1.0000,1.0005
27.7653,pi,6.2800,0.0000,1.0000,1.0005
27.7703,pi,6.2800,0.0000,1.0000,1.0005
27.7753,pi,6.2800,0.0000,1.0000,1.0005
27.7803,pi,6.2800,0.0000,1.0000,1.0005
27.7853,pi,6.2800,0.0000,1.0000,1.0005
27.7903,pi,6.2800,0.0000,1.0000,1.0005
27.7953,pi,6.2800,0.0000,1.0000,1.0005
27.8003,pi,6.2800,0.0000,1.0000,1.0005
27.8053,pi,6.2800,0.0000,1.0000,1.0005
27.8104,pi,6.2800,0.0000,1.0000,1.0005
27.8154,pi,6.2800,0.0000,1.0000,1.0005
27.8203,pi,6.2800,0.0000,1.0000,1.0005
27.8254,pi,6.2800,0.0000,1.0000,1.0005
27.8303,pi,6.2800,0.0000,1.0000,1.0005
27.8358,pi,6.2800,0.0000,1.0000,1.0005
27.8403,pi,6.2800,0.0000,1.0000,1.0005
27.8453,pi,6.2800,0.0000,1.0000,1.0005
27.8503,pi,6.2800,0.0000,1.0000,1.0005
27.8554,pi,6.2800,0.0000,1.0000,1.0005
27.8603,pi,6.2800,0.0000,1.0000,1.0005
27.8653,pi,6.2800,0.0000,1.0000,1.0005
27.8703,pi,6.2800,0.0000,1.0000,1.0005
27.8753,pi,6.2800,0.0000,1.0000,1.0005
27.8803,pi,6.2800,0.0000,1.0000,1.0005
27.8853,pi,6.2800,0.0000,1.0000,1.0005
27.8903,pi,6.2800,0.0000,1.0000,1.0005
27.8953,pi,6.2800,0.0000,1.0000,1.0005
27.9003,pi,6.2800,0.0000,1.0000,1.0005
27.9053,pi,6.2800,0.0000,1.0000,1.0005
27.9103,pi,6.2800,0.0000,1.0000,1.0005
27.9153,pi,6.2800,0.0000,1.0000,1.0005
27.9203,pi,6.2800,0.0000,1.0000,1.0005
27.9254,pi,6.2800,0.0000,1.0000,1.0005
27.9303,pi,6.2800,0.0000,1.0000,1.0005
27.9353,pi,6.2800,0.0000,1.0000,1.0005
27.9403,pi,6.2800,0.0000,1.0000,1.0005
27.9453,pi,6.2800,0.0000,1.0000,1.0005
27.9503,pi,6.2800,0.0000,1.0000,1.0005
27.9553,pi,6.2800,0.0000,1.0000,1.0005
27.9604,pi,6.2800,0.0000,1.0000,1.0005
27.9652,pi,6.2800,0.0000,1.0000,1.0005
27.9703,pi,6.2800,0.0000,1.0000,1.0005
27.9753,pi,6.2800,0.0000,1.0000,1.0005
27.9803,pi,6.2800,0.0000,1.0000,1.0005
27.9853,pi,6.2800,0.0000,1.0000,1.0005
27.9904,pi,6.2800,0.0000,1.0000,1.0005
27.9953,pi,6.2800,0.0000,1.0000,1.0005
28.0003,pi,6.2800,0.0000,1.0000,1.0005
28.0053,pi,6.2800,0.0000,1.0000,1.0005
28.0103,pi,6.2800,0.0000,1.0000,1.0005
28.0153,pi,6.2800,0.0000,1.0000,1.0005
28.0203,pi,6.2800,0.0000,1.0000,1.0005
28.0253,pi,6.2800,0.0000,1.0000,1.0005
28.0303,pi,6.2800,0.0000,1.0000,1.0005
28.0353,pi,6.2800,0.0000,1.0000,1.0005
28.0403,pi,6.2800,0.0000,1.0000,1.0005
28.0453,pi,6.2800,0.0000,1.0000,1.0005
28.0503,pi,6.2800,0.0000,1.0000,1.0005
28.0553,pi,6.2800,0.0000,1.0000,1.0005
28.0603,pi,6.2800,0.0000,1.0000,1.0005
28.0653,pi,6.2800,0.0000,1.0000,1.0005
28.0703,pi,6.2800,0.0000,1.0000,1.0005
28.0753,pi,6.2800,0.0000,1.0000,1.0005
28.0803,pi,6.2800,0.0000,1.0000,1.0005
28.0853,pi,6.2800,0.0000,1.0000,1.0005
28.0903,pi,6.2800,0.0000,1.0000,1.0005
28.0953,pi,6.2800,0.0000,1.0000,1.0005
28.1003,pi,6.2800,0.0000,1.0000,1.0005
28.1053,pi,6.2800,0.0000,1.0000,1.0005
28.1104,pi,6.2800,0.0000,1.0000,1.0005
28.1153,pi,6.2800,0.0000,1.0000,1.0005
28.1203,pi,6.2800,0.0000,1.0000,1.0005
28.1253,pi,6.2800,0.0000,1.0000,1.0005
28.1303,pi,6.2800,0.0000,1.0000,1.0005
28.1353,pi,6.2800,0.0000,1.0000,1.0005
28.1403,pi,6.2800,0.0000,1.0000,1.0005
28.1454,pi,6.2800,0.0000,1.0000,1.0005
28.1503,pi,6.2800,0.0000,1.0000,1.0005
28.1553,pi,6.2800,0.0000,1.0000,1.0005
28.1603,pi,6.2800,0.0000,1.0000,1.0005
28.1653,pi,6.2800,0.0000,1.0000,1.0005
28.1703,pi,6.2800,0.0000,1.0000,1.0005
28.1753,pi,6.2800,0.0000,1.0000,1.0005
28.1804,pi,6.2800,0.0000,1.0000,1.0005
28.1856,pi,6.2800,0.0000,1.0000,1.0005
28.1903,pi,6.2800,0.0000,1.0000,1.0005
28.1952,pi,6.2800,0.0000,1.0000,1.0005
28.2004,pi,6.2800,0.0000,1.0000,1.0005
28.2053,pi,6.2800,0.0000,1.0000,1.0005
28.2106,pi,6.2800,0.0000,1.0000,1.0005
28.2153,pi,6.2800,0.0000,1.0000,1.0005
28.2205,pi,6.2800,0.0000,1.0000,1.0005
28.2260,pi,6.2800,0.0000,1.0000,1.0005
28.2304,pi,6.2800,0.0000,1.0000,1.0005
28.2353,pi,6.2800,0.0000,1.0000,1.0005
28.2405,pi,6.2800,0.0000,1.0000,1.0005
28.2454,pi,6.2800,0.0000,1.0000,1.0005
28.2505,pi,6.2800,0.0000,1.0000,1.0005
28.2563,pi,6.2800,0.0000,1.0000,1.0005
28.2607,pi,6.2800,0.0000,1.0000,1.0005
28.2653,pi,6.2800,0.0000,1.0000,1.0005
28.2703,pi,6.2800,0.0000,1.0000,1.0005
28.2753,pi,6.2800,0.0000,1.0000,1.0005
28.2803,pi,6.2800,0.0000,1.0000,1.0005
28.2853,pi,6.2800,0.0000,1.0000,1.0005
28.2903,pi,6.2800,0.0000,1.0000,1.0005
28.2953,pi,6.2800,0.0000,1.0000,1.0005
28.3004,pi,6.2800,0.0000,1.0000,1.0005
28.3053,pi,6.2800,0.0000,1.0000,1.0005
28.3104,pi,6.2800,0.0000,1.0000,1.0005
28.3153,pi,6.2800,0.0000,1.0000,1.0005
28.3203,pi,6.2800,0.0000,1.0000,1.0005
28.3253,pi,6.2800,0.0000,1.0000,1.0005
28.3303,pi,6.2800,0.0000,1.0000,1.0005
28.3353,pi,6.2800,0.0000,1.0000,1.0005
28.3403,pi,6.2800,0.0000,1.0000,1.0005
28.3453,pi,6.2800,0.0000,1.0000,1.0005
28.3503,pi,6.2800,0.0000,1.0000,1.0005
28.3553,pi,6.2800,0.0000,1.0000,1.0005
28.3603,pi,6.2800,0.0000,1.0000,1.0005
28.3653,pi,6.2800,0.0000,1.0000,1.0005
28.3703,pi,6.2800,0.0000,1.0000,1.0005
28.3753,pi,6.2800,0.0000,1.0000,1.0005
28.3805,pi,6.2800,0.0000,1.0000,1.0005
28.3853,pi,6.2800,0.0000,1.0000,1.0005
28.3902,pi,6.2800,0.0000,1.0000,1.0005
28.3953,pi,6.2800,0.0000,1.0000,1.0005
28.4003,pi,6.2800,0.0000,1.0000,1.0005
28.4053,pi,6.2800,0.0000,1.0000,1.0005
28.4103,pi,6.2800,0.0000,1.0000,1.0005
28.4153,pi,6.2800,0.0000,1.0000,1.0005
28.4203,pi,6.2800,0.0000,1.0000,1.0005
28.4253,pi,6.2800,0.0000,1.0000,1.0005
28.4303,pi,6.2800,0.0000,1.0000,1.0005
28.4353,pi,6.2800,0.0000,1.0000,1.0005
28.4403,pi,6.2800,0.0000,1.0000,1.0005
28.4453,pi,6.2800,0.0000,1.0000,1.0005
28.4503,pi,6.2800,0.0000,1.0000,1.0005
28.4553,pi,6.2800,0.0000,1.0000,1.0005
28.4603,pi,6.2800,0.0000,1.0000,1.0005
28.4654,pi,6.2800,0.0000,1.0000,1.0005
28.4703,pi,6.2800,0.0000,1.0000,1.0005
28.4753,pi,6.2800,0.0000,1.0000,1.0005
28.4803,pi,6.2800,0.0000,1.0000,1.0005
28.4853,pi,6.2800,0.0000,1.0000,1.0005
28.4903,pi,6.2800,0.0000,1.0000,1.0005
28.4953,pi,6.2800,0.0000,1.0000,1.0005
28.5004,pi,6.2800,0.0000,1.0000,1.0005
28.5053,pi,6.2800,0.0000,1.0000,1.0005
28.5104,pi,6.2800,0.0000,1.0000,1.0005
28.5153,pi,6.2800,0.0000,1.0000,1.0005
28.5203,pi,6.2800,0.0000,1.0000,1.0005
28.5253,pi,6.2800,0.0000,1.0000,1.0005
28.5303,pi,6.2800,0.0000,1.0000,1.0005
28.5353,pi,6.2800,0.0000,1.0000,1.0005
28.5403,pi,6.2800,0.0000,1.0000,1.0005
28.5454,pi,6.2800,0.0000,1.0000,1.0005
28.5503,pi,6.2800,0.0000,1.0000,1.0005
28.5554,pi,6.2800,0.0000,1.0000,1.0005
28.5604,pi,6.2800,0.0000,1.0000,1.0005
28.5653,pi,6.2800,0.0000,1.0000,1.0005
28.5703,pi,6.2800,0.0000,1.0000,1.0005
28.5754,pi,6.2800,0.0000,1.0000,1.0005
28.5803,pi,6.2800,0.0000,1.0000,1.0005
28.5854,pi,6.2800,0.0000,1.0000,1.0005
28.5903,pi,6.2800,0.0000,1.0000,1.0005
28.5953,pi,6.2800,0.0000,1.0000,1.0005
28.6003,pi,6.2800,0.0000,1.0000,1.0005
28.6053,pi,6.2800,0.0000,1.0000,1.0005
28.6103,pi,6.2800,0.0000,1.0000,1.0005
28.6153,pi,6.2800,0.0000,1.0000,1.0005
28.6203,pi,6.2800,0.0000,1.0000,1.0005
28.6253,pi,6.2800,0.0000,1.0000,1.0005
28.6303,pi,6.2800,0.0000,1.0000,1.0005
28.6353,pi,6.2800,0.0000,1.0000,1.0005
28.6403,pi,6.2800,0.0000,1.0000,1.0005
28.6453,pi,6.2800,0.0000,1.0000,1.0005
28.6503,pi,6.2800,0.0000,1.0000,1.0005
28.6553,pi,6.2800,0.0000,1.0000,1.0005
28.6603,pi,6.2800,0.0000,1.0000,1.0005
28.6653,pi,6.2800,0.0000,1.0000,1.0005
28.6703,pi,6.2800,0.0000,1.0000,1.0005
28.6753,pi,6.2800,0.0000,1.0000,1.0005
28.6803,pi,6.2800,0.0000,1.0000,1.0005
28.6853,pi,6.2800,0.0000,1.0000,1.0005
28.6903,pi,6.2800,0.0000,1.0000,1.0005
28.6953,pi,6.2800,0.0000,1.0000,1.0005
28.7003,pi,6.2800,0.0000,1.0000,1.0005
28.7053,pi,6.2800,0.0000,1.0000,1.0005
28.7103,pi,6.2800,0.0000,1.0000,1.0005
28.7153,pi,6.2800,0.0000,1.0000,1.0005
28.7203,pi,6.2800,0.0000,1.0000,1.0005
28.7254,pi,6.2800,0.0000,1.0000,1.0005
28.7303,pi,6.2800,0.0000,1.0000,1.0005
28.7353,pi,6.2800,0.0000,1.0000,1.0005
28.7404,pi,6.2800,0.0000,1.0000,1.0005
28.7453,pi,6.2800,0.0000,1.0000,1.0005
28.7503,pi,6.2800,0.0000,1.0000,1.0005
28.7553,pi,6.2800,0.0000,1.0000,1.0005
28.7604,pi,6.2800,0.0000,1.0000,1.0005
28.7654,pi,6.2800,0.0000,1.0000,1.0005
28.7703,pi,6.2800,0.0000,1.0000,1.0005
28.7753,pi,6.2800,0.0000,1.0000,1.0005
28.7804,pi,6.2800,0.0000,1.0000,1.0005
28.7853,pi,6.2800,0.0000,1.0000,1.0005
28.7904,pi,6.2800,0.0000,1.0000,1.0005
28.7953,pi,6.2800,0.0000,1.0000,1.0005
28.8003,pi,6.2800,0.0000,1.0000,1.0005
28.8053,pi,6.2800,0.0000,1.0000,1.0005
28.8104,pi,6.2800,0.0000,1.0000,1.0005
28.8153,pi,6.2800,0.0000,1.0000,1.0005
28.8203,pi,6.2800,0.0000,1.0000,1.0005
28.8253,pi,6.2800,0.0000,1.0000,1.0005
28.8303,pi,6.2800,0.0000,1.0000,1.0005
28.8356,pi,6.2800,0.0000,1.0000,1.0005
28.8404,pi,6.2800,0.0000,1.0000,1.0005
28.8454,pi,6.2800,0.0000,1.0000,1.0005
28.8504,pi,6.2800,0.0000,1.0000,1.0005
28.8553,pi,6.2800,0.0000,1.0000,1.0005
28.8603,pi,6.2800,0.0000,1.0000,1.0005
28.8654,pi,6.2800,0.0000,1.0000,1.0005
28.8703,pi,6.2800,0.0000,1.0000,1.0005
28.8753,pi,6.2800,0.0000,1.0000,1.0005
28.8804,pi,6.2800,0.0000,1.0000,1.0005
28.8853,pi,6.2800,0.0000,1.0000,1.0005
28.8906,pi,6.2800,0.0000,1.0000,1.0005
28.8956,pi,6.2800,0.0000,1.0000,1.0005
28.9004,pi,6.2800,0.0000,1.0000,1.0005
28.9055,pi,6.2800,0.0000,1.0000,1.0005
28.9103,pi,6.2800,0.0000,1.0000,1.0005
28.9153,pi,6.2800,0.0000,1.0000,1.0005
28.9203,pi,6.2800,0.0000,1.0000,1.0005
28.9253,pi,6.2800,0.0000,1.0000,1.0005
28.9304,pi,6.2800,0.0000,1.0000,1.0005
28.9354,pi,6.2800,0.0000,1.0000,1.0005
28.9403,pi,6.2800,0.0000,1.0000,1.0005
28.9454,pi,6.2800,0.0000,1.0000,1.0005
28.9503,pi,6.2800,0.0000,1.0000,1.0005
28.9553,pi,6.2800,0.0000,1.0000,1.0005
28.9603,pi,6.2800,0.0000,1.0000,1.0005
28.9653,pi,6.2800,0.0000,1.0000,1.0005
28.9703,pi,6.2800,0.0000,1.0000,1.0005
28.9753,pi,6.2800,0.0000,1.0000,1.0005
28.9803,pi,6.2800,0.0000,1.0000,1.0005
28.9853,pi,6.2800,0.0000,1.0000,1.0005
28.9907,pi,6.2800,0.0000,1.0000,1.0005
28.9955,pi,6.2800,0.0000,1.0000,1.0005
29.0003,pi,6.2800,0.0000,1.0000,1.0005
29.0053,pi,6.2800,0.0000,1.0000,1.0005
29.0103,pi,6.2800,0.0000,1.0000,1.0005
29.0153,pi,6.2800,0.0000,1.0000,1.0005
29.0203,pi,6.2800,0.0000,1.0000,1.0005
29.0253,pi,6.2800,0.0000,1.0000,1.0005
29.0303,pi,6.2800,0.0000,1.0000,1.0005
29.0353,pi,6.2800,0.0000,1.0000,1.0005
29.0403,pi,6.2800,0.0000,1.0000,1.0005
29.0453,pi,6.2800,0.0000,1.0000,1.0005
29.0503,pi,6.2800,0.0000,1.0000,1.0005
29.0553,pi,6.2800,0.0000,1.0000,1.0005
29.0603,pi,6.2800,0.0000,1.0000,1.0005
29.0653,pi,6.2800,0.0000,1.0000,1.0005
29.0703,pi,6.2800,0.0000,1.0000,1.0005
29.0753,pi,6.2800,0.0000,1.0000,1.0005
29.0803,pi,6.2800,0.0000,1.0000,1.0005
29.0853,pi,6.2800,0.0000,1.0000,1.0005
29.0903,pi,6.2800,0.0000,1.0000,1.0005
29.0953,pi,6.2800,0.0000,1.0000,1.0005
29.1003,pi,6.2800,0.0000,1.0000,1.0005
29.1053,pi,6.2800,0.0000,1.0000,1.0005
29.1103,pi,6.2800,0.0000,1.0000,1.0005
29.1153,pi,6.2800,0.0000,1.0000,1.0005
29.1203,pi,6.2800,0.0000,1.0000,1.0005
29.1253,pi,6.2800,0.0000,1.0000,1.0005
29.1303,pi,6.2800,0.0000,1.0000,1.0005
29.1353,pi,6.2800,0.0000,1.0000,1.0005
29.1403,pi,6.2800,0.0000,1.0000,1.0005
29.1453,pi,6.2800,0.0000,1.0000,1.0005
29.1503,pi,6.2800,0.0000,1.0000,1.0005
29.1553,pi,6.2800,0.0000,1.0000,1.0005
29.1603,pi,6.2800,0.0000,1.0000,1.0005
29.1653,pi,6.2800,0.0000,1.0000,1.0005
29.1703,pi,6.2800,0.0000,1.0000,1.0005
29.1753,pi,6.2800,0.0000,1.0000,1.0005
29.1804,pi,6.2800,0.0000,1.0000,1.0005
29.1860,pi,6.2800,0.0000,1.0000,1.0005
29.1906,pi,6.2800,0.0000,1.0000,1.0005
29.1956,pi,6.2800,0.0000,1.0000,1.0005
29.2006,pi,6.2800,0.0000,1.0000,1.0005
29.2054,pi,6.2800,0.0000,1.0000,1.0005
29.2104,pi,6.2800,0.0000,1.0000,1.0005
29.2153,pi,6.2800,0.0000,1.0000,1.0005
29.2203,pi,6.2800,0.0000,1.0000,1.0005
29.2254,pi,6.2800,0.0000,1.0000,1.0005
29.2304,pi,6.2800,0.0000,1.0000,1.0005
29.2353,pi,6.2800,0.0000,1.0000,1.0005
29.2404,pi,6.2800,0.0000,1.0000,1.0005
29.2453,pi,6.2800,0.0000,1.0000,1.0005
29.2504,pi,6.2800,0.0000,1.0000,1.0005
29.2554,pi,6.2800,0.0457,0.9996,0.9996
29.2605,pi,6.2800,0.0824,1.0000,1.0004
29.2654,pi,6.2800,0.1664,0.9988,0.9988
29.2703,pi,6.2800,0.3340,0.9969,0.9969
29.2753,pi,6.2800,0.5869,0.9934,0.9934
29.2804,pi,6.2800,0.8809,0.9889,0.9889
29.2854,pi,6.2800,1.3082,0.9817,0.9817
29.2903,pi,6.2800,1.8501,0.9721,0.9721
29.2953,pi,6.2800,2.3936,0.9624,0.9624
29.3003,pi,6.2800,3.0570,0.9501,0.9501
29.3055,pi,6.2800,3.7717,0.9366,0.9366
29.3103,pi,6.2800,4.5718,0.9212,0.9212
29.3154,pi,6.2800,5.4850,0.9034,0.9034
29.3203,pi,6.2800,6.4437,0.8844,0.8844
29.3253,pi,6.2800,7.3953,0.8654,0.8654
29.3304,pi,6.2800,8.5322,0.8426,0.8426
29.3353,pi,6.2800,9.5193,0.8229,0.8229
29.3403,pi,6.2800,10.5395,0.8025,0.8025
29.3454,pi,6.2800,11.5395,0.7825,0.7825
29.3503,pi,6.2800,12.6499,0.7603,0.7603
29.3554,pi,6.2800,13.8432,0.7364,0.7364
29.3603,pi,6.2800,14.8619,0.7160,0.7160
29.3653,pi,6.2800,15.8665,0.6959,0.6959
29.3703,pi,6.2800,16.8520,0.6762,0.6762
29.3753,pi,6.2800,17.8690,0.6559,0.6559
29.3803,pi,6.2800,18.9100,0.6351,0.6351
29.3854,pi,6.2800,19.8831,0.6156,0.6156
29.3904,pi,6.2800,20.9828,0.5936,0.5936
29.3953,pi,6.2800,22.1142,0.5710,0.5710
29.4003,pi,6.2800,23.0827,0.5516,0.5516
29.4054,pi,6.2800,24.1019,0.5312,0.5312
29.4103,pi,6.2800,25.0563,0.5121,0.5121
29.4153,pi,6.2800,25.8474,0.4963,0.4963
29.4204,pi,6.2800,26.5727,0.4818,0.4818
29.4254,pi,6.2800,27.3410,0.4664,0.4664
29.4303,pi,6.2800,27.9499,0.4543,0.4543
29.4353,pi,6.2800,28.4832,0.4436,0.4436
29.4407,pi,6.2800,28.9644,0.4340,0.4340
29.4465,pi,6.2800,29.2424,0.4284,0.4284
29.4514,pi,6.2800,29.4676,0.4239,0.4239
29.4565,pi,6.2800,29.5532,0.4222,0.4222
29.4611,pi,6.2800,29.5681,0.4219,0.4219
29.4674,pi,6.2800,29.5748,0.4218,0.4218
29.4739,pi,6.2800,29.5311,0.4226,0.4226
29.4792,pi,6.2800,29.3930,0.4254,0.4254
29.4843,pi,6.2800,29.2418,0.4284,0.4284
29.4904,pi,6.2800,28.8648,0.4360,0.4360
29.4946,pi,6.2800,28.2980,0.4473,0.4473
29.5000,pi,6.2800,27.8599,0.4561,0.4561
29.5054,pi,6.2800,27.4609,0.4640,0.4640
29.5123,pi,6.2800,27.0577,0.4721,0.4721
29.5184,pi,6.2800,26.6806,0.4796,0.4796
29.5239,pi,6.2800,26.2367,0.4885,0.4885
29.5286,pi,6.2800,25.7953,0.4974,0.4974
29.5334,pi,6.2800,25.3835,0.5056,0.5056
29.5390,pi,6.2800,24.9814,0.5136,0.5136
29.5435,pi,6.2800,24.8059,0.5171,0.5171
29.5485,pi,6.2800,24.7816,0.5176,0.5176
29.5540,pi,6.2800,24.9437,0.5144,0.5144
29.5610,pi,6.2800,25.0263,0.5127,0.5127
29.5669,pi,6.2800,25.1359,0.5105,0.5105
29.5719,pi,6.2800,25.1786,0.5097,0.5097
29.5783,pi,6.2800,25.4146,0.5050,0.5050
29.5827,pi,6.2800,25.7052,0.4992,0.4992
29.5880,pi,6.2800,25.7354,0.4986,0.4986
29.5926,pi,6.2800,25.5161,0.5029,0.5029
29.5990,pi,6.2800,25.4373,0.5045,0.5045
29.6057,pi,6.2800,25.1522,0.5102,0.5102
29.6115,pi,6.2800,24.7114,0.5190,0.5190
29.6163,pi,6.2800,24.5178,0.5229,0.5229
29.6211,pi,6.2800,24.4122,0.5250,0.5250
29.6260,pi,6.2800,24.0465,0.5323,0.5323
29.6305,pi,6.2800,23.9094,0.5351,0.5351
29.6346,pi,6.2800,23.8397,0.5365,0.5365
29.6387,pi,6.2800,23.7961,0.5373,0.5373
29.6428,pi,6.2800,23.7703,0.5379,0.5379
29.6469,pi,6.2800,23.9798,0.5337,0.5337
29.6511,pi,6.2800,24.3522,0.5262,0.5262
29.6551,pi,6.2800,24.7230,0.5188,0.5188
29.6590,pi,6.2800,25.1677,0.5099,0.5099
29.6631,pi,6.2800,25.5896,0.5015,0.5015
29.6672,pi,6.2800,25.9693,0.4939,0.4939
29.6712,pi,6.2800,26.6294,0.4807,0.4807
29.6753,pi,6.2800,27.1550,0.4702,0.4702
29.6793,pi,6.2800,27.6202,0.4609,0.4609
29.6833,pi,6.2800,28.2754,0.4477,0.4477
29.6873,pi,6.2800,28.7886,0.4375,0.4375
29.6915,pi,6.2800,29.0638,0.4320,0.4320
29.6956,pi,6.2800,29.2312,0.4286,0.4286
29.7005,pi,6.2800,29.3142,0.4270,0.4270
29.7055,pi,6.2800,29.3822,0.4256,0.4256
29.7109,pi,6.2800,29.4005,0.4252,0.4252
29.7160,pi,6.2800,29.3334,0.4266,0.4266
29.7211,pi,6.2800,29.1900,0.4295,0.4295
29.7257,pi,6.2800,29.0179,0.4329,0.4329
29.7309,pi,6.2800,28.7933,0.4374,0.4374
29.7360,pi,6.2800,28.5121,0.4430,0.4430
29.7405,pi,6.2800,28.3891,0.4455,0.4455
29.7457,pi,6.2800,28.1953,0.4494,0.4494
29.7508,pi,6.2800,27.9027,0.4552,0.4552
29.7559,pi,6.2800,27.5493,0.4623,0.4623
29.7610,pi,6.2800,27.3162,0.4669,0.4669
29.7655,pi,6.2800,27.1082,0.4711,0.4711
29.7707,pi,6.2800,26.9535,0.4742,0.4742
29.7758,pi,6.2800,26.8711,0.4758,0.4758
29.7809,pi,6.2800,26.8449,0.4764,0.4764
29.7854,pi,6.2800,26.8232,0.4768,0.4768
29.7905,pi,6.2800,26.8060,0.4771,0.4771
29.7956,pi,6.2800,26.8733,0.4758,0.4758
29.8007,pi,6.2800,26.9364,0.4745,0.4745
29.8058,pi,6.2800,27.0795,0.4717,0.4717
29.8109,pi,6.2800,27.2396,0.4685,0.4685
29.8160,pi,6.2800,27.3222,0.4668,0.4668
29.8205,pi,6.2800,27.4326,0.4646,0.4646
29.8256,pi,6.2800,27.4748,0.4638,0.4638
29.8305,pi,6.2800,27.5073,0.4631,0.4631
29.8359,pi,6.2800,27.5334,0.4626,0.4626
29.8404,pi,6.2800,27.5540,0.4622,0.4622
29.8456,pi,6.2800,27.6225,0.4608,0.4608
29.8506,pi,6.2800,27.6771,0.4597,0.4597
29.8560,pi,6.2800,27.7208,0.4588,0.4588
29.8605,pi,6.2800,27.7516,0.4582,0.4582
29.8655,pi,6.2800,27.7762,0.4577,0.4577
29.8706,pi,6.2800,27.7958,0.4573,0.4573
29.8757,pi,6.2800,27.8156,0.4569,0.4569
29.8809,pi,6.2800,27.8270,0.4567,0.4567
29.8860,pi,6.2800,27.8372,0.4565,0.4565
29.8904,pi,6.2800,27.8454,0.4563,0.4563
29.8955,pi,6.2800,27.8041,0.4572,0.4572
29.9008,pi,6.2800,27.8221,0.4568,0.4568
29.9059,pi,6.2800,27.7812,0.4576,0.4576
29.9105,pi,6.2800,27.8026,0.4572,0.4572
29.9159,pi,6.2800,27.7708,0.4578,0.4578
29.9218,pi,6.2800,27.7429,0.4584,0.4584
29.9268,pi,6.2800,27.6219,0.4608,0.4608
29.9324,pi,6.2800,27.5201,0.4629,0.4629
29.9370,pi,6.2800,27.3453,0.4664,0.4664
29.9416,pi,6.2800,27.1777,0.4697,0.4697
29.9461,pi,6.2800,27.0428,0.4724,0.4724
29.9506,pi,6.2800,26.8615,0.4760,0.4760
29.9557,pi,6.2800,26.7447,0.4784,0.4784
29.9609,pi,6.2800,26.6090,0.4811,0.4811
29.9660,pi,6.2800,26.4979,0.4833,0.4833
29.9706,pi,6.2800,26.4534,0.4842,0.4842
29.9757,pi,6.2800,26.3738,0.4858,0.4858
29.9810,pi,6.2800,26.4012,0.4852,0.4852
29.9856,pi,6.2800,26.4267,0.4847,0.4847
29.9908,pi,6.2800,26.6198,0.4809,0.4809
29.9954,pi,6.2800,26.7791,0.4777,0.4777
30.0007,pi,6.2800,26.9479,0.4743,0.4743
30.0055,pi,6.2800,27.0871,0.4715,0.4715
30.0105,pi,6.2800,27.1990,0.4693,0.4693
30.0154,pi,6.2800,27.4267,0.4647,0.4647
30.0204,pi,6.2800,27.5630,0.4620,0.4620
30.0255,pi,6.2800,27.7806,0.4576,0.4576
30.0304,pi,6.2800,27.9379,0.4545,0.4545
30.0355,pi,6.2800,28.1255,0.4507,0.4507
30.0404,pi,6.2800,28.2281,0.4487,0.4487
30.0453,pi,6.2800,28.2957,0.4473,0.4473
30.0504,pi,6.2800,28.3502,0.4463,0.4463
30.0557,pi,6.2800,28.3538,0.4462,0.4462
30.0613,pi,6.2800,28.3597,0.4461,0.4461
30.0653,pi,6.2800,28.3153,0.4470,0.4470
30.0703,pi,6.2800,28.2814,0.4476,0.4476
30.0755,pi,6.2800,28.2024,0.4492,0.4492
30.0812,pi,6.2800,28.1193,0.4509,0.4509
30.0863,pi,6.2800,28.0683,0.4519,0.4519
30.0907,pi,6.2800,27.9803,0.4537,0.4537
30.0953,pi,6.2800,27.9116,0.4550,0.4550
30.1003,pi,6.2800,27.8076,0.4571,0.4571
30.1053,pi,6.2800,27.7747,0.4578,0.4578
30.1103,pi,6.2800,27.7092,0.4591,0.4591
30.1153,pi,6.2800,27.6996,0.4593,0.4593
30.1203,pi,6.2800,27.6453,0.4604,0.4604
30.1254,pi,6.2800,27.6451,0.4604,0.4604
30.1304,pi,6.2800,27.6480,0.4603,0.4603
30.1353,pi,6.2800,27.6655,0.4599,0.4599
30.1403,pi,6.2800,27.6637,0.4600,0.4600
30.1453,pi,6.2800,27.6665,0.4599,0.4599
30.1504,pi,6.2800,27.6648,0.4600,0.4600
30.1554,pi,6.2800,27.6609,0.4600,0.4600
30.1608,pi,6.2800,27.7050,0.4592,0.4592
30.1657,pi,6.2800,27.6900,0.4595,0.4595
30.1710,pi,6.2800,27.7282,0.4587,0.4587
30.1763,pi,6.2800,27.7073,0.4591,0.4591
30.1820,pi,6.2800,27.6934,0.4594,0.4594
30.1868,pi,6.2800,27.5798,0.4617,0.4617
30.1915,pi,6.2800,27.3894,0.4655,0.4655
30.1958,pi,6.2800,27.2378,0.4685,0.4685
30.2003,pi,6.2800,27.1668,0.4699,0.4699
30.2053,pi,6.2800,27.0835,0.4716,0.4716
30.2103,pi,6.2800,27.0602,0.4721,0.4721
30.2153,pi,6.2800,27.0445,0.4724,0.4724
30.2203,pi,6.2800,27.0323,0.4726,0.4726
30.2254,pi,6.2800,26.8396,0.4765,0.4765
30.2304,pi,6.2800,26.6974,0.4793,0.4793
30.2353,pi,6.2800,26.6158,0.4809,0.4809
30.2405,pi,6.2800,26.6418,0.4804,0.4804
30.2465,pi,6.2800,26.5591,0.4821,0.4821
30.2511,pi,6.2800,26.4746,0.4838,0.4838
30.2562,pi,6.2800,26.4499,0.4843,0.4843
30.2606,pi,6.2800,26.3840,0.4856,0.4856
30.2653,pi,6.2800,26.3794,0.4857,0.4857
30.2703,pi,6.2800,26.3797,0.4857,0.4857
30.2755,pi,6.2800,26.5814,0.4816,0.4816
30.2806,pi,6.2800,26.7929,0.4774,0.4774
30.2856,pi,6.2800,26.9117,0.4750,0.4750
30.2907,pi,6.2800,27.0564,0.4721,0.4721
30.2960,pi,6.2800,27.1711,0.4698,0.4698
30.3005,pi,6.2800,27.4759,0.4637,0.4637
30.3056,pi,6.2800,27.6966,0.4593,0.4593
30.3105,pi,6.2800,27.8727,0.4558,0.4558
30.3154,pi,6.2800,28.0115,0.4530,0.4530
30.3204,pi,6.2800,28.0889,0.4515,0.4515
30.3254,pi,6.2800,28.2002,0.4493,0.4493
30.3303,pi,6.2800,28.2715,0.4478,0.4478
30.3355,pi,6.2800,28.2827,0.4476,0.4476
30.3406,pi,6.2800,28.2936,0.4474,0.4474
30.3456,pi,6.2800,28.2573,0.4481,0.4481
30.3503,pi,6.2800,28.2310,0.4486,0.4486
30.3553,pi,6.2800,28.1634,0.4500,0.4500
30.3603,pi,6.2800,28.1079,0.4511,0.4511
30.3654,pi,6.2800,28.0626,0.4520,0.4520
30.3703,pi,6.2800,28.0267,0.4527,0.4527
30.3753,pi,6.2800,27.9977,0.4533,0.4533
30.3806,pi,6.2800,27.9294,0.4547,0.4547
30.3858,pi,6.2800,27.8715,0.4558,0.4558
30.3912,pi,6.2800,27.8761,0.4557,0.4557
30.3965,pi,6.2800,27.8783,0.4557,0.4557
30.4007,pi,6.2800,27.8805,0.4556,0.4556
30.4056,pi,6.2800,27.8817,0.4556,0.4556
30.4105,pi,6.2800,27.8825,0.4556,0.4556
30.4154,pi,6.2800,27.8844,0.4556,0.4556
30.4204,pi,6.2800,27.8859,0.4555,0.4555
30.4254,pi,6.2800,27.9378,0.4545,0.4545
30.4304,pi,6.2800,27.9276,0.4547,0.4547
30.4353,pi,6.2800,27.9609,0.4540,0.4540
30.4404,pi,6.2800,27.9456,0.4543,0.4543
30.4457,pi,6.2800,27.9326,0.4546,0.4546
30.4507,pi,6.2800,27.8749,0.4558,0.4558
30.4557,pi,6.2800,27.8261,0.4567,0.4567
30.4618,pi,6.2800,27.7870,0.4575,0.4575
30.4676,pi,6.2800,27.7496,0.4583,0.4583
30.4739,pi,6.2800,27.7219,0.4588,0.4588
30.4812,pi,6.2800,27.5463,0.4623,0.4623
30.4899,pi,6.2800,27.4598,0.4641,0.4641
30.4960,pi,6.2800,27.0483,0.4723,0.4723
30.5015,pi,6.2800,26.7026,0.4792,0.4792
30.5071,pi,6.2800,26.2317,0.4886,0.4886
30.5120,pi,6.2800,25.9091,0.4951,0.4951
30.5163,pi,6.2800,25.6528,0.5002,0.5002
30.5212,pi,6.2800,25.4479,0.5043,0.5043
30.5256,pi,6.2800,25.3411,0.5064,0.5064
30.5299,pi,6.2800,25.2611,0.5080,0.5080
30.5341,pi,6.2800,25.1938,0.5094,0.5094
30.5383,pi,6.2800,25.2344,0.5086,0.5086
30.5427,pi,6.2800,25.3099,0.5071,0.5071
30.5470,pi,6.2800,25.5953,0.5014,0.5014
30.5513,pi,6.2800,26.0219,0.4928,0.4928
30.5555,pi,6.2800,26.4500,0.4843,0.4843
30.5597,pi,6.2800,26.8329,0.4766,0.4766
30.5641,pi,6.2800,27.1363,0.4705,0.4705
30.5684,pi,6.2800,27.4394,0.4645,0.4645
30.5726,pi,6.2800,27.6644,0.4600,0.4600
30.5769,pi,6.2800,27.8902,0.4555,0.4555
30.5812,pi,6.2800,28.1185,0.4509,0.4509
30.5855,pi,6.2800,28.2990,0.4473,0.4473
30.5904,pi,6.2800,28.4183,0.4449,0.4449
30.5954,pi,6.2800,28.5133,0.4430,0.4430
30.6004,pi,6.2800,28.5894,0.4415,0.4415
30.6053,pi,6.2800,28.6279,0.4407,0.4407
30.6104,pi,6.2800,28.6155,0.4409,0.4409
30.6153,pi,6.2800,28.6071,0.4411,0.4411
30.6204,pi,6.2800,28.5554,0.4421,0.4421
30.6254,pi,6.2800,28.4739,0.4438,0.4438
30.6304,pi,6.2800,28.3585,0.4461,0.4461
30.6354,pi,6.2800,28.2657,0.4479,0.4479
30.6404,pi,6.2800,28.2420,0.4484,0.4484
30.6454,pi,6.2800,28.1683,0.4499,0.4499
30.6504,pi,6.2800,28.1103,0.4511,0.4511
30.6554,pi,6.2800,28.0168,0.4529,0.4529
30.6604,pi,6.2800,27.9927,0.4534,0.4534
30.6654,pi,6.2800,27.9216,0.4548,0.4548
30.6704,pi,6.2800,27.9150,0.4550,0.4550
30.6754,pi,6.2800,27.8602,0.4561,0.4561
30.6804,pi,6.2800,27.8166,0.4569,0.4569
30.6854,pi,6.2800,27.7815,0.4576,0.4576
30.6904,pi,6.2800,27.7548,0.4582,0.4582
30.6954,pi,6.2800,27.7327,0.4586,0.4586
30.7004,pi,6.2800,27.6646,0.4600,0.4600
30.7054,pi,6.2800,27.6147,0.4610,0.4610
30.7104,pi,6.2800,27.5703,0.4619,0.4619
30.7153,pi,6.2800,27.5394,0.4625,0.4625
30.7204,pi,6.2800,27.5162,0.4629,0.4629
30.7254,pi,6.2800,27.4513,0.4642,0.4642
30.7304,pi,6.2800,27.4456,0.4643,0.4643
30.7354,pi,6.2800,27.4413,0.4644,0.4644
30.7404,pi,6.2800,27.4379,0.4645,0.4645
30.7453,pi,6.2800,27.4355,0.4645,0.4645
30.7503,pi,6.2800,27.4331,0.4646,0.4646
30.7553,pi,6.2800,27.4301,0.4647,0.4647
30.7604,pi,6.2800,27.4227,0.4648,0.4648
30.7656,pi,6.2800,27.4143,0.4650,0.4650
30.7707,pi,6.2800,27.4580,0.4641,0.4641
30.7757,pi,6.2800,27.4948,0.4634,0.4634
30.7803,pi,6.2800,27.5241,0.4628,0.4628
30.7853,pi,6.2800,27.5473,0.4623,0.4623
30.7903,pi,6.2800,27.5668,0.4619,0.4619
30.7954,pi,6.2800,27.5811,0.4616,0.4616
30.8003,pi,6.2800,27.5931,0.4614,0.4614
30.8053,pi,6.2800,27.6485,0.4603,0.4603
30.8103,pi,6.2800,27.6484,0.4603,0.4603
30.8153,pi,6.2800,27.6937,0.4594,0.4594
30.8203,pi,6.2800,27.7324,0.4586,0.4586
30.8253,pi,6.2800,27.7631,0.4580,0.4580
30.8304,pi,6.2800,27.7865,0.4575,0.4575
30.8356,pi,6.2800,27.8048,0.4572,0.4572
30.8404,pi,6.2800,27.8131,0.4570,0.4570
30.8461,pi,6.2800,27.8264,0.4567,0.4567
30.8512,pi,6.2800,27.8810,0.4556,0.4556
30.8556,pi,6.2800,27.8814,0.4556,0.4556
30.8603,pi,6.2800,27.8804,0.4556,0.4556
30.8653,pi,6.2800,27.9251,0.4548,0.4548
30.8703,pi,6.2800,27.9157,0.4549,0.4549
30.8754,pi,6.2800,27.9117,0.4550,0.4550
30.8803,pi,6.2800,27.9086,0.4551,0.4551
30.8853,pi,6.2800,27.9016,0.4552,0.4552
30.8904,pi,6.2800,27.8963,0.4553,0.4553
30.8953,pi,6.2800,27.9001,0.4553,0.4553
30.9004,pi,6.2800,27.8981,0.4553,0.4553
30.9053,pi,6.2800,27.8571,0.4561,0.4561
30.9103,pi,6.2800,27.8178,0.4569,0.4569
30.9154,pi,6.2800,27.8322,0.4566,0.4566
30.9204,pi,6.2800,27.8439,0.4564,0.4564
30.9253,pi,6.2800,27.8535,0.4562,0.4562
30.9305,pi,6.2800,27.8608,0.4560,0.4560
30.9353,pi,6.2800,27.8664,0.4559,0.4559
30.9404,pi,6.2800,27.8708,0.4558,0.4558
30.9453,pi,6.2800,27.8758,0.4557,0.4557
30.9504,pi,6.2800,27.8792,0.4557,0.4557
30.9554,pi,6.2800,27.8823,0.4556,0.4556
30.9603,pi,6.2800,27.8846,0.4556,0.4556
30.9653,pi,6.2800,27.8820,0.4556,0.4556
30.9703,pi,6.2800,27.8356,0.4565,0.4565
30.9754,pi,6.2800,27.7972,0.4573,0.4573
30.9808,pi,6.2800,27.7139,0.4590,0.4590
30.9857,pi,6.2800,27.3390,0.4665,0.4665
30.9926,pi,6.2800,26.9656,0.4739,0.4739
30.9983,pi,6.2800,26.7573,0.4781,0.4781
31.0030,pi,6.2800,26.5883,0.4815,0.4815
31.0081,pi,6.2800,26.3432,0.4864,0.4864
31.0129,pi,6.2800,26.0502,0.4923,0.4923
31.0175,pi,6.2800,25.8142,0.4970,0.4970
31.0217,pi,6.2800,25.6273,0.5007,0.5007
31.0259,pi,6.2800,25.5272,0.5027,0.5027
31.0305,pi,6.2800,25.4931,0.5034,0.5034
31.0355,pi,6.2800,25.5087,0.5031,0.5031
31.0404,pi,6.2800,25.8473,0.4963,0.4963
31.0454,pi,6.2800,26.1257,0.4907,0.4907
31.0505,pi,6.2800,26.3799,0.4857,0.4857
31.0554,pi,6.2800,26.6817,0.4796,0.4796
31.0604,pi,6.2800,26.9696,0.4739,0.4739
31.0654,pi,6.2800,27.2887,0.4675,0.4675
31.0705,pi,6.2800,27.5902,0.4615,0.4615
31.0756,pi,6.2800,27.7009,0.4592,0.4592
31.0809,pi,6.2800,27.7381,0.4585,0.4585
31.0861,pi,6.2800,27.6718,0.4598,0.4598
31.0912,pi,6.2800,27.5653,0.4620,0.4620
31.0956,pi,6.2800,27.5290,0.4627,0.4627
31.1006,pi,6.2800,27.4515,0.4642,0.4642
31.1057,pi,6.2800,27.1858,0.4695,0.4695
31.1107,pi,6.2800,26.8754,0.4757,0.4757
31.1159,pi,6.2800,26.6263,0.4807,0.4807
31.1209,pi,6.2800,26.4265,0.4847,0.4847
31.1260,pi,6.2800,26.1197,0.4909,0.4909
31.1310,pi,6.2800,26.0145,0.4930,0.4930
31.1356,pi,6.2800,26.0219,0.4928,0.4928
31.1406,pi,6.2800,26.1412,0.4904,0.4904
31.1453,pi,6.2800,26.2600,0.4881,0.4881
31.1503,pi,6.2800,26.2669,0.4879,0.4879
31.1554,pi,6.2800,26.3145,0.4870,0.4870
31.1604,pi,6.2800,26.5371,0.4825,0.4825
31.1653,pi,6.2800,26.7603,0.4781,0.4781
31.1703,pi,6.2800,26.9861,0.4735,0.4735
31.1753,pi,6.2800,27.1216,0.4708,0.4708
31.1803,pi,6.2800,27.3676,0.4659,0.4659
31.1854,pi,6.2800,27.2704,0.4678,0.4678
31.1905,pi,6.2800,27.2112,0.4690,0.4690
31.1955,pi,6.2800,27.1459,0.4703,0.4703
31.2010,pi,6.2800,27.1926,0.4694,0.4694
31.2058,pi,6.2800,27.1803,0.4697,0.4697
31.2103,pi,6.2800,27.1827,0.4696,0.4696
31.2153,pi,6.2800,27.2302,0.4687,0.4687
31.2204,pi,6.2800,27.2115,0.4690,0.4690
31.2253,pi,6.2800,27.1965,0.4693,0.4693
31.2303,pi,6.2800,27.2402,0.4685,0.4685
31.2354,pi,6.2800,27.3206,0.4668,0.4668
31.2404,pi,6.2800,27.5864,0.4615,0.4615
31.2453,pi,6.2800,27.7805,0.4576,0.4576
31.2503,pi,6.2800,27.8958,0.4553,0.4553
31.2553,pi,6.2800,27.9867,0.4535,0.4535
31.2603,pi,6.2800,28.0607,0.4520,0.4520
31.2653,pi,6.2800,28.1167,0.4509,0.4509
31.2703,pi,6.2800,28.1154,0.4509,0.4509
31.2754,pi,6.2800,28.1144,0.4510,0.4510
31.2803,pi,6.2800,28.1139,0.4510,0.4510
31.2854,pi,6.2800,28.0654,0.4519,0.4519
31.2904,pi,6.2800,28.0284,0.4527,0.4527
31.2954,pi,6.2800,27.9987,0.4533,0.4533
31.3005,pi,6.2800,27.9715,0.4538,0.4538
31.3054,pi,6.2800,27.9038,0.4552,0.4552
31.3104,pi,6.2800,27.8492,0.4563,0.4563
31.3157,pi,6.2800,27.8078,0.4571,0.4571
31.3203,pi,6.2800,27.8232,0.4568,0.4568
31.3254,pi,6.2800,27.8357,0.4565,0.4565
31.3303,pi,6.2800,27.8466,0.4563,0.4563
31.3353,pi,6.2800,27.8562,0.4561,0.4561
31.3405,pi,6.2800,27.8632,0.4560,0.4560
31.3455,pi,6.2800,27.8684,0.4559,0.4559
31.3505,pi,6.2800,27.8677,0.4559,0.4559
31.3554,pi,6.2800,27.9157,0.4549,0.4549
31.3603,pi,6.2800,27.9076,0.4551,0.4551
31.3653,pi,6.2800,27.9553,0.4542,0.4542
31.3703,pi,6.2800,27.9383,0.4545,0.4545
31.3753,pi,6.2800,27.8804,0.4557,0.4557
31.3804,pi,6.2800,27.8331,0.4566,0.4566
31.3853,pi,6.2800,27.7953,0.4574,0.4574
31.3903,pi,6.2800,27.7654,0.4580,0.4580
31.3953,pi,6.2800,27.7411,0.4584,0.4584
31.4003,pi,6.2800,27.7227,0.4588,0.4588
31.4053,pi,6.2800,27.7083,0.4591,0.4591
31.4104,pi,6.2800,27.6449,0.4604,0.4604
31.4154,pi,6.2800,27.5441,0.4624,0.4624
31.4203,pi,6.2800,27.4732,0.4638,0.4638
31.4253,pi,6.2800,27.4629,0.4640,0.4640
31.4303,pi,6.2800,27.4548,0.4642,0.4642
31.4353,pi,6.2800,27.4474,0.4643,0.4643
31.4404,pi,6.2800,27.4421,0.4644,0.4644
31.4453,pi,6.2800,27.4373,0.4645,0.4645
31.4504,pi,6.2800,27.4342,0.4646,0.4646
31.4553,pi,6.2800,27.4311,0.4646,0.4646
31.4604,pi,6.2800,27.4290,0.4647,0.4647
31.4654,pi,6.2800,27.4741,0.4638,0.4638
31.4704,pi,6.2800,27.5084,0.4631,0.4631
31.4753,pi,6.2800,27.5356,0.4625,0.4625
31.4803,pi,6.2800,27.6077,0.4611,0.4611
31.4853,pi,6.2800,27.6151,0.4610,0.4610
31.4903,pi,6.2800,27.6211,0.4608,0.4608
31.4953,pi,6.2800,27.6259,0.4607,0.4607
31.5003,pi,6.2800,27.6760,0.4597,0.4597
31.5054,pi,6.2800,27.7199,0.4589,0.4589
31.5103,pi,6.2800,27.7550,0.4582,0.4582
31.5154,pi,6.2800,27.7789,0.4577,0.4577
31.5204,pi,6.2800,27.8025,0.4572,0.4572
31.5254,pi,6.2800,27.8213,0.4568,0.4568
31.5303,pi,6.2800,27.8324,0.4566,0.4566
31.5354,pi,6.2800,27.8453,0.4564,0.4564
31.5404,pi,6.2800,27.8552,0.4562,0.4562
31.5455,pi,6.2800,27.8593,0.4561,0.4561
31.5507,pi,6.2800,27.8158,0.4569,0.4569
31.5552,pi,6.2800,27.8274,0.4567,0.4567
31.5603,pi,6.2800,27.7926,0.4574,0.4574
31.5653,pi,6.2800,27.8098,0.4571,0.4571
31.5703,pi,6.2800,27.8230,0.4568,0.4568
31.5753,pi,6.2800,27.8343,0.4566,0.4566
31.5803,pi,6.2800,27.8435,0.4564,0.4564
31.5853,pi,6.2800,27.8497,0.4563,0.4563
31.5903,pi,6.2800,27.8554,0.4561,0.4561
31.5954,pi,6.2800,27.8628,0.4560,0.4560
31.6004,pi,6.2800,27.8691,0.4559,0.4559
31.6053,pi,6.2800,27.8713,0.4558,0.4558
31.6103,pi,6.2800,27.8271,0.4567,0.4567
31.6153,pi,6.2800,27.8371,0.4565,0.4565
31.6203,pi,6.2800,27.7996,0.4573,0.4573
31.6253,pi,6.2800,27.7698,0.4579,0.4579
31.6303,pi,6.2800,27.7462,0.4583,0.4583
31.6353,pi,6.2800,27.7262,0.4587,0.4587
31.6404,pi,6.2800,27.7081,0.4591,0.4591
31.6453,pi,6.2800,27.6952,0.4594,0.4594
31.6503,pi,6.2800,27.6867,0.4595,0.4595
31.6553,pi,6.2800,27.6809,0.4596,0.4596
31.6604,pi,6.2800,27.6718,0.4598,0.4598
31.6659,pi,6.2800,27.6632,0.4600,0.4600
31.6709,pi,6.2800,27.6483,0.4603,0.4603
31.6758,pi,6.2800,27.6330,0.4606,0.4606
31.6806,pi,6.2800,27.6239,0.4608,0.4608
31.6861,pi,6.2800,27.4711,0.4638,0.4638
31.6906,pi,6.2800,27.3529,0.4662,0.4662
31.6953,pi,6.2800,27.3096,0.4671,0.4671
31.7003,pi,6.2800,27.2261,0.4687,0.4687
31.7053,pi,6.2800,27.2082,0.4691,0.4691
31.7103,pi,6.2800,27.1578,0.4701,0.4701
31.7153,pi,6.2800,27.1647,0.4700,0.4700
31.7204,pi,6.2800,27.1712,0.4698,0.4698
31.7254,pi,6.2800,27.1842,0.4696,0.4696
31.7304,pi,6.2800,27.1977,0.4693,0.4693
31.7354,pi,6.2800,27.2031,0.4692,0.4692
31.7403,pi,6.2800,27.3881,0.4655,0.4655
31.7453,pi,6.2800,27.5344,0.4626,0.4626
31.7504,pi,6.2800,27.6564,0.4601,0.4601
31.7554,pi,6.2800,27.7528,0.4582,0.4582
31.7604,pi,6.2800,27.8234,0.4568,0.4568
31.7653,pi,6.2800,27.9259,0.4547,0.4547
31.7703,pi,6.2800,27.9627,0.4540,0.4540
31.7754,pi,6.2800,27.9919,0.4534,0.4534
31.7803,pi,6.2800,28.0151,0.4530,0.4530
31.7853,pi,6.2800,28.0338,0.4526,0.4526
31.7903,pi,6.2800,28.0507,0.4522,0.4522
31.7953,pi,6.2800,28.0168,0.4529,0.4529
31.8003,pi,6.2800,27.9906,0.4534,0.4534
31.8053,pi,6.2800,27.9691,0.4539,0.4539
31.8103,pi,6.2800,27.9080,0.4551,0.4551
31.8153,pi,6.2800,27.8559,0.4561,0.4561
31.8204,pi,6.2800,27.8143,0.4570,0.4570
31.8253,pi,6.2800,27.7810,0.4576,0.4576
31.8304,pi,6.2800,27.7516,0.4582,0.4582
31.8361,pi,6.2800,27.7243,0.4588,0.4588
31.8412,pi,6.2800,27.7493,0.4583,0.4583
31.8455,pi,6.2800,27.7207,0.4588,0.4588
31.8503,pi,6.2800,27.7532,0.4582,0.4582
31.8553,pi,6.2800,27.7797,0.4577,0.4577
31.8603,pi,6.2800,27.8016,0.4572,0.4572
31.8654,pi,6.2800,27.8192,0.4569,0.4569
31.8704,pi,6.2800,27.8279,0.4567,0.4567
31.8756,pi,6.2800,27.8378,0.4565,0.4565
31.8812,pi,6.2800,27.8475,0.4563,0.4563
31.8857,pi,6.2800,27.8505,0.4562,0.4562
31.8903,pi,6.2800,27.8586,0.4561,0.4561
31.8953,pi,6.2800,27.8225,0.4568,0.4568
31.9003,pi,6.2800,27.7871,0.4575,0.4575
31.9053,pi,6.2800,27.7147,0.4590,0.4590
31.9104,pi,6.2800,27.7019,0.4592,0.4592
31.9154,pi,6.2800,27.6396,0.4605,0.4605
31.9203,pi,6.2800,27.5939,0.4614,0.4614
31.9253,pi,6.2800,27.5638,0.4620,0.4620
31.9303,pi,6.2800,27.5380,0.4625,0.4625
31.9353,pi,6.2800,27.5176,0.4629,0.4629
31.9403,pi,6.2800,27.5018,0.4632,0.4632
31.9454,pi,6.2800,27.4849,0.4636,0.4636
31.9504,pi,6.2800,27.4668,0.4639,0.4639
31.9554,pi,6.2800,27.5000,0.4633,0.4633
31.9604,pi,6.2800,27.5281,0.4627,0.4627
31.9654,pi,6.2800,27.5514,0.4622,0.4622
31.9711,pi,6.2800,27.5675,0.4619,0.4619
31.9757,pi,6.2800,27.4768,0.4637,0.4637
31.9815,pi,6.2800,27.4025,0.4652,0.4652
31.9856,pi,6.2800,27.2977,0.4673,0.4673
31.9905,pi,6.2800,27.2146,0.4690,0.4690
31.9953,pi,6.2800,27.1500,0.4703,0.4703
32.0003,pi,6.2800,27.1128,0.4710,0.4710
32.0053,pi,6.2800,27.1301,0.4707,0.4707
32.0103,pi,6.2800,27.1449,0.4704,0.4704
32.0153,pi,6.2800,27.1095,0.4711,0.4711
32.0204,pi,6.2800,27.1716,0.4698,0.4698
32.0254,pi,6.2800,27.2242,0.4688,0.4688
32.0304,pi,6.2800,27.3593,0.4661,0.4661
32.0353,pi,6.2800,27.4678,0.4639,0.4639
32.0403,pi,6.2800,27.5965,0.4613,0.4613
32.0453,pi,6.2800,27.7442,0.4584,0.4584
32.0504,pi,6.2800,27.8633,0.4560,0.4560
32.0554,pi,6.2800,27.9199,0.4549,0.4549
32.0603,pi,6.2800,27.9645,0.4540,0.4540
32.0653,pi,6.2800,27.9919,0.4534,0.4534
32.0703,pi,6.2800,28.0144,0.4530,0.4530
32.0753,pi,6.2800,27.9886,0.4535,0.4535
32.0803,pi,6.2800,27.9679,0.4539,0.4539
32.0853,pi,6.2800,27.9496,0.4543,0.4543
32.0903,pi,6.2800,27.9817,0.4536,0.4536
32.0953,pi,6.2800,27.9612,0.4540,0.4540
32.1004,pi,6.2800,27.9473,0.4543,0.4543
32.1053,pi,6.2800,27.8856,0.4555,0.4555
32.1104,pi,6.2800,27.8869,0.4555,0.4555
32.1153,pi,6.2800,27.8880,0.4555,0.4555
32.1203,pi,6.2800,27.8878,0.4555,0.4555
32.1254,pi,6.2800,27.8883,0.4555,0.4555
32.1303,pi,6.2800,27.8884,0.4555,0.4555
32.1353,pi,6.2800,27.8897,0.4555,0.4555
32.1403,pi,6.2800,27.8393,0.4565,0.4565
32.1455,pi,6.2800,27.7985,0.4573,0.4573
32.1507,pi,6.2800,27.7147,0.4590,0.4590
32.1561,pi,6.2800,27.6978,0.4593,0.4593
32.1613,pi,6.2800,27.6344,0.4606,0.4606
32.1659,pi,6.2800,27.4825,0.4636,0.4636
32.1710,pi,6.2800,27.3623,0.4660,0.4660
32.1755,pi,6.2800,27.2641,0.4680,0.4680
32.1806,pi,6.2800,27.1867,0.4695,0.4695
32.1863,pi,6.2800,27.1115,0.4710,0.4710
32.1910,pi,6.2800,27.0149,0.4730,0.4730
32.1957,pi,6.2800,26.9697,0.4739,0.4739
32.2011,pi,6.2800,26.8552,0.4762,0.4762
32.2056,pi,6.2800,26.5015,0.4832,0.4832
32.2103,pi,6.2800,26.2775,0.4877,0.4877
32.2156,pi,6.2800,26.0976,0.4913,0.4913
32.2205,pi,6.2800,26.0428,0.4924,0.4924
32.2254,pi,6.2800,26.0442,0.4924,0.4924
32.2303,pi,6.2800,26.0488,0.4923,0.4923
32.2353,pi,6.2800,26.0948,0.4914,0.4914
32.2403,pi,6.2800,26.1445,0.4904,0.4904
32.2454,pi,6.2800,26.2201,0.4889,0.4889
32.2503,pi,6.2800,26.3413,0.4864,0.4864
32.2553,pi,6.2800,26.5589,0.4821,0.4821
32.2604,pi,6.2800,26.9672,0.4739,0.4739
32.2654,pi,6.2800,27.3540,0.4662,0.4662
32.2706,pi,6.2800,27.6401,0.4605,0.4605
32.2761,pi,6.2800,27.9159,0.4549,0.4549
32.2804,pi,6.2800,28.1603,0.4501,0.4501
32.2854,pi,6.2800,28.3304,0.4466,0.4466
32.2904,pi,6.2800,28.4442,0.4444,0.4444
32.2954,pi,6.2800,28.5847,0.4416,0.4416
32.3003,pi,6.2800,28.6471,0.4403,0.4403
32.3054,pi,6.2800,28.6751,0.4398,0.4398
32.3104,pi,6.2800,28.6703,0.4399,0.4399
32.3153,pi,6.2800,28.6487,0.4403,0.4403
32.3203,pi,6.2800,28.5863,0.4415,0.4415
32.3254,pi,6.2800,28.5360,0.4425,0.4425
32.3303,pi,6.2800,28.4051,0.4452,0.4452
32.3355,pi,6.2800,28.3025,0.4472,0.4472
32.3405,pi,6.2800,28.2158,0.4489,0.4489
32.3453,pi,6.2800,28.1474,0.4503,0.4503
32.3503,pi,6.2800,28.0502,0.4523,0.4523
32.3553,pi,6.2800,27.9710,0.4538,0.4538
32.3604,pi,6.2800,27.9050,0.4552,0.4552
32.3653,pi,6.2800,27.8524,0.4562,0.4562
32.3703,pi,6.2800,27.8104,0.4570,0.4570
32.3754,pi,6.2800,27.7774,0.4577,0.4577
32.3803,pi,6.2800,27.7516,0.4582,0.4582
32.3853,pi,6.2800,27.7757,0.4577,0.4577
32.3903,pi,6.2800,27.7500,0.4583,0.4583
32.3954,pi,6.2800,27.7336,0.4586,0.4586
32.4004,pi,6.2800,27.6636,0.4600,0.4600
32.4053,pi,6.2800,27.6088,0.4611,0.4611
32.4103,pi,6.2800,27.5696,0.4619,0.4619
32.4153,pi,6.2800,27.5400,0.4625,0.4625
32.4204,pi,6.2800,27.5084,0.4631,0.4631
32.4254,pi,6.2800,27.4838,0.4636,0.4636
32.4304,pi,6.2800,27.4643,0.4640,0.4640
32.4354,pi,6.2800,27.4499,0.4643,0.4643
32.4404,pi,6.2800,27.4381,0.4645,0.4645
32.4453,pi,6.2800,27.4349,0.4646,0.4646
32.4504,pi,6.2800,27.4324,0.4646,0.4646
32.4554,pi,6.2800,27.5237,0.4628,0.4628
32.4604,pi,6.2800,27.5958,0.4613,0.4613
32.4653,pi,6.2800,27.6529,0.4602,0.4602
32.4703,pi,6.2800,27.6988,0.4593,0.4593
32.4754,pi,6.2800,27.7360,0.4585,0.4585
32.4804,pi,6.2800,27.7659,0.4579,0.4579
32.4854,pi,6.2800,27.7898,0.4575,0.4575
32.4904,pi,6.2800,27.8611,0.4560,0.4560
32.4954,pi,6.2800,27.9146,0.4550,0.4550
32.5004,pi,6.2800,27.9589,0.4541,0.4541
32.5053,pi,6.2800,27.9867,0.4535,0.4535
32.5104,pi,6.2800,27.9666,0.4539,0.4539
32.5154,pi,6.2800,27.9507,0.4542,0.4542
32.5203,pi,6.2800,27.9372,0.4545,0.4545
32.5253,pi,6.2800,27.9229,0.4548,0.4548
32.5303,pi,6.2800,27.9140,0.4550,0.4550
32.5354,pi,6.2800,27.9095,0.4551,0.4551
32.5403,pi,6.2800,27.9014,0.4552,0.4552
32.5454,pi,6.2800,27.8519,0.4562,0.4562
32.5504,pi,6.2800,27.8129,0.4570,0.4570
32.5561,pi,6.2800,27.7719,0.4578,0.4578
32.5612,pi,6.2800,27.7445,0.4584,0.4584
32.5656,pi,6.2800,27.7235,0.4588,0.4588
32.5703,pi,6.2800,27.7076,0.4591,0.4591
32.5754,pi,6.2800,27.6949,0.4594,0.4594
32.5803,pi,6.2800,27.6850,0.4596,0.4596
32.5853,pi,6.2800,27.6767,0.4597,0.4597
32.5904,pi,6.2800,27.6705,0.4598,0.4598
32.5954,pi,6.2800,27.6637,0.4600,0.4600
32.6003,pi,6.2800,27.6603,0.4601,0.4601
32.6057,pi,6.2800,27.6519,0.4602,0.4602
32.6105,pi,6.2800,27.6503,0.4603,0.4603
32.6153,pi,6.2800,27.6519,0.4602,0.4602
32.6204,pi,6.2800,27.6456,0.4603,0.4603
32.6254,pi,6.2800,27.6455,0.4603,0.4603
32.6303,pi,6.2800,27.6476,0.4603,0.4603
32.6353,pi,6.2800,27.6942,0.4594,0.4594
32.6404,pi,6.2800,27.7318,0.4586,0.4586
32.6454,pi,6.2800,27.7597,0.4581,0.4581
32.6504,pi,6.2800,27.7826,0.4576,0.4576
32.6553,pi,6.2800,27.8423,0.4564,0.4564
32.6603,pi,6.2800,27.9010,0.4552,0.4552
32.6653,pi,6.2800,27.9450,0.4544,0.4544
32.6703,pi,6.2800,27.9778,0.4537,0.4537
32.6754,pi,6.2800,28.0121,0.4530,0.4530
32.6805,pi,6.2800,28.0372,0.4525,0.4525
32.6853,pi,6.2800,28.0554,0.4522,0.4522
32.6904,pi,6.2800,28.0191,0.4529,0.4529
32.6953,pi,6.2800,28.0344,0.4526,0.4526
32.7004,pi,6.2800,28.0486,0.4523,0.4523
32.7053,pi,6.2800,28.0643,0.4520,0.4520
32.7104,pi,6.2800,28.0307,0.4526,0.4526
32.7153,pi,6.2800,28.0030,0.4532,0.4532
32.7204,pi,6.2800,27.9802,0.4537,0.4537
32.7254,pi,6.2800,27.9631,0.4540,0.4540
32.7303,pi,6.2800,27.9468,0.4543,0.4543
32.7353,pi,6.2800,27.9328,0.4546,0.4546
32.7404,pi,6.2800,27.8779,0.4557,0.4557
32.7454,pi,6.2800,27.8295,0.4567,0.4567
32.7503,pi,6.2800,27.7933,0.4574,0.4574
32.7553,pi,6.2800,27.7651,0.4580,0.4580
32.7604,pi,6.2800,27.6872,0.4595,0.4595
32.7654,pi,6.2800,27.6765,0.4597,0.4597
32.7704,pi,6.2800,27.6162,0.4609,0.4609
32.7753,pi,6.2800,27.6219,0.4608,0.4608
32.7803,pi,6.2800,27.5762,0.4617,0.4617
32.7853,pi,6.2800,27.5397,0.4625,0.4625
32.7903,pi,6.2800,27.5154,0.4630,0.4630
32.7955,pi,6.2800,27.4907,0.4634,0.4634
32.8004,pi,6.2800,27.4706,0.4638,0.4638
32.8053,pi,6.2800,27.5026,0.4632,0.4632
32.8103,pi,6.2800,27.5280,0.4627,0.4627
32.8153,pi,6.2800,27.6009,0.4612,0.4612
32.8203,pi,6.2800,27.6130,0.4610,0.4610
32.8254,pi,6.2800,27.6156,0.4609,0.4609
32.8304,pi,6.2800,27.6703,0.4599,0.4599
32.8354,pi,6.2800,27.7107,0.4590,0.4590
32.8404,pi,6.2800,27.7963,0.4573,0.4573
32.8453,pi,6.2800,27.8575,0.4561,0.4561
32.8503,pi,6.2800,27.9086,0.4551,0.4551
32.8553,pi,6.2800,27.9486,0.4543,0.4543
32.8603,pi,6.2800,27.9368,0.4545,0.4545
32.8654,pi,6.2800,27.9282,0.4547,0.4547
32.8703,pi,6.2800,27.9169,0.4549,0.4549
32.8754,pi,6.2800,27.9086,0.4551,0.4551
32.8803,pi,6.2800,27.9080,0.4551,0.4551
32.8853,pi,6.2800,27.9034,0.4552,0.4552
32.8903,pi,6.2800,27.8982,0.4553,0.4553
32.8954,pi,6.2800,27.8971,0.4553,0.4553
32.9003,pi,6.2800,27.8961,0.4553,0.4553
32.9054,pi,6.2800,27.8947,0.4554,0.4554
32.9103,pi,6.2800,27.8950,0.4554,0.4554
32.9153,pi,6.2800,27.8953,0.4554,0.4554
32.9204,pi,6.2800,27.8951,0.4554,0.4554
32.9255,pi,6.2800,27.8912,0.4554,0.4554
32.9307,pi,6.2800,27.8848,0.4556,0.4556
32.9361,pi,6.2800,27.8842,0.4556,0.4556
32.9409,pi,6.2800,27.9353,0.4546,0.4546
32.9456,pi,6.2800,27.8759,0.4557,0.4557
32.9504,pi,6.2800,27.8763,0.4557,0.4557
32.9555,pi,6.2800,27.8800,0.4557,0.4557
32.9603,pi,6.2800,27.8809,0.4556,0.4556
32.9653,pi,6.2800,27.8806,0.4556,0.4556
32.9703,pi,6.2800,27.8836,0.4556,0.4556
32.9753,pi,6.2800,27.8853,0.4556,0.4556
32.9808,pi,6.2800,27.8796,0.4557,0.4557
32.9857,pi,6.2800,27.8831,0.4556,0.4556
32.9903,pi,6.2800,27.8826,0.4556,0.4556
32.9953,pi,6.2800,27.7453,0.4584,0.4584
33.0003,pi,6.2800,27.6822,0.4596,0.4596
33.0054,pi,6.2800,27.5826,0.4616,0.4616
33.0104,pi,6.2800,27.4927,0.4634,0.4634
33.0154,pi,6.2800,27.4195,0.4649,0.4649
33.0203,pi,6.2800,27.3734,0.4658,0.4658
33.0254,pi,6.2800,27.3264,0.4667,0.4667
33.0306,pi,6.2800,27.2888,0.4675,0.4675
33.0356,pi,6.2800,27.2699,0.4679,0.4679
33.0404,pi,6.2800,27.2444,0.4684,0.4684
33.0454,pi,6.2800,27.3210,0.4668,0.4668
33.0504,pi,6.2800,27.3850,0.4656,0.4656
33.0554,pi,6.2800,27.4366,0.4645,0.4645
33.0615,pi,6.2800,27.4759,0.4637,0.4637
33.0677,pi,6.2800,27.5582,0.4621,0.4621
33.0720,pi,6.2800,27.6239,0.4608,0.4608
33.0763,pi,6.2800,27.6725,0.4598,0.4598
33.0805,pi,6.2800,27.7140,0.4590,0.4590
33.0856,pi,6.2800,27.7481,0.4583,0.4583
33.0903,pi,6.2800,27.8196,0.4569,0.4569
33.0954,pi,6.2800,27.8765,0.4557,0.4557
33.1004,pi,6.2800,27.9251,0.4548,0.4548
33.1054,pi,6.2800,27.9606,0.4540,0.4540
33.1104,pi,6.2800,27.9891,0.4535,0.4535
33.1154,pi,6.2800,28.0608,0.4520,0.4520
33.1204,pi,6.2800,28.0783,0.4517,0.4517
33.1254,pi,6.2800,28.0921,0.4514,0.4514
33.1304,pi,6.2800,28.1034,0.4512,0.4512
33.1354,pi,6.2800,28.1029,0.4512,0.4512
33.1404,pi,6.2800,28.1041,0.4512,0.4512
33.1454,pi,6.2800,28.0588,0.4521,0.4521
33.1504,pi,6.2800,28.0224,0.4528,0.4528
33.1554,pi,6.2800,27.9972,0.4533,0.4533
33.1603,pi,6.2800,27.9733,0.4538,0.4538
33.1654,pi,6.2800,27.9067,0.4551,0.4551
33.1703,pi,6.2800,27.8545,0.4562,0.4562
33.1754,pi,6.2800,27.8126,0.4570,0.4570
33.1805,pi,6.2800,27.7782,0.4577,0.4577
33.1854,pi,6.2800,27.7497,0.4583,0.4583
33.1904,pi,6.2800,27.7761,0.4577,0.4577
33.1955,pi,6.2800,27.7991,0.4573,0.4573
33.2004,pi,6.2800,27.7163,0.4589,0.4589
33.2053,pi,6.2800,27.6512,0.4602,0.4602
33.2104,pi,6.2800,27.5994,0.4613,0.4613
33.2153,pi,6.2800,27.5630,0.4620,0.4620
33.2204,pi,6.2800,27.5292,0.4627,0.4627
33.2255,pi,6.2800,27.5011,0.4632,0.4632
33.2304,pi,6.2800,27.4794,0.4637,0.4637
33.2353,pi,6.2800,27.4666,0.4639,0.4639
33.2404,pi,6.2800,27.4583,0.4641,0.4641
33.2453,pi,6.2800,27.4079,0.4651,0.4651
33.2503,pi,6.2800,27.3658,0.4659,0.4659
33.2554,pi,6.2800,27.4234,0.4648,0.4648
33.2604,pi,6.2800,27.4695,0.4639,0.4639
33.2654,pi,6.2800,27.5041,0.4632,0.4632
33.2706,pi,6.2800,27.4298,0.4647,0.4647
33.2754,pi,6.2800,27.4268,0.4647,0.4647
33.2804,pi,6.2800,27.4197,0.4649,0.4649
33.2853,pi,6.2800,27.4210,0.4648,0.4648
33.2903,pi,6.2800,27.4228,0.4648,0.4648
33.2953,pi,6.2800,27.4229,0.4648,0.4648
33.3004,pi,6.2800,27.4653,0.4640,0.4640
33.3054,pi,6.2800,27.4999,0.4633,0.4633
33.3103,pi,6.2800,27.5287,0.4627,0.4627
33.3153,pi,6.2800,27.5522,0.4622,0.4622
33.3204,pi,6.2800,27.5711,0.4618,0.4618
33.3254,pi,6.2800,27.6863,0.4595,0.4595
33.3303,pi,6.2800,27.7707,0.4578,0.4578
33.3354,pi,6.2800,27.8457,0.4563,0.4563
33.3403,pi,6.2800,27.9051,0.4552,0.4552
33.3454,pi,6.2800,27.9528,0.4542,0.4542
33.3503,pi,6.2800,28.0277,0.4527,0.4527
33.3554,pi,6.2800,28.0504,0.4522,0.4522
33.3603,pi,6.2800,28.0630,0.4520,0.4520
33.3654,pi,6.2800,28.0798,0.4517,0.4517
33.3703,pi,6.2800,28.0842,0.4516,0.4516
33.3753,pi,6.2800,28.0883,0.4515,0.4515
33.3803,pi,6.2800,28.0476,0.4523,0.4523
33.3853,pi,6.2800,28.0126,0.4530,0.4530
33.3904,pi,6.2800,27.9893,0.4535,0.4535
33.3953,pi,6.2800,27.9661,0.4539,0.4539
33.4004,pi,6.2800,27.8972,0.4553,0.4553
33.4053,pi,6.2800,27.8469,0.4563,0.4563
33.4104,pi,6.2800,27.8037,0.4572,0.4572
33.4153,pi,6.2800,27.7723,0.4578,0.4578
33.4203,pi,6.2800,27.7456,0.4583,0.4583
33.4254,pi,6.2800,27.7256,0.4587,0.4587
33.4304,pi,6.2800,27.7089,0.4591,0.4591
33.4353,pi,6.2800,27.6930,0.4594,0.4594
33.4404,pi,6.2800,27.7227,0.4588,0.4588
33.4453,pi,6.2800,27.7564,0.4581,0.4581
33.4503,pi,6.2800,27.7790,0.4577,0.4577
33.4553,pi,6.2800,27.8023,0.4572,0.4572
33.4604,pi,6.2800,27.8173,0.4569,0.4569
33.4654,pi,6.2800,27.8325,0.4566,0.4566
33.4703,pi,6.2800,27.8411,0.4564,0.4564
33.4754,pi,6.2800,27.8523,0.4562,0.4562
33.4804,pi,6.2800,27.8070,0.4571,0.4571
33.4863,pi,6.2800,27.8208,0.4568,0.4568
33.4916,pi,6.2800,27.7813,0.4576,0.4576
33.4958,pi,6.2800,27.7531,0.4582,0.4582
33.5004,pi,6.2800,27.6753,0.4598,0.4598
33.5053,pi,6.2800,27.6659,0.4599,0.4599
33.5106,pi,6.2800,27.6083,0.4611,0.4611
33.5159,pi,6.2800,27.4613,0.4640,0.4640
33.5205,pi,6.2800,27.3434,0.4664,0.4664
33.5260,pi,6.2800,27.3006,0.4672,0.4672
33.5305,pi,6.2800,27.3187,0.4669,0.4669
33.5353,pi,6.2800,27.3404,0.4664,0.4664
33.5403,pi,6.2800,27.3179,0.4669,0.4669
33.5453,pi,6.2800,27.3455,0.4663,0.4663
33.5504,pi,6.2800,27.3618,0.4660,0.4660
33.5553,pi,6.2800,27.4252,0.4648,0.4648
33.5604,pi,6.2800,27.4273,0.4647,0.4647
33.5654,pi,6.2800,27.5179,0.4629,0.4629
33.5704,pi,6.2800,27.6840,0.4596,0.4596
33.5754,pi,6.2800,27.8165,0.4569,0.4569
33.5804,pi,6.2800,27.8764,0.4557,0.4557
33.5858,pi,6.2800,27.9304,0.4546,0.4546
33.5909,pi,6.2800,27.9701,0.4539,0.4539
33.5953,pi,6.2800,28.0037,0.4532,0.4532
33.6003,pi,6.2800,28.0319,0.4526,0.4526
33.6053,pi,6.2800,28.0542,0.4522,0.4522
33.6103,pi,6.2800,28.0729,0.4518,0.4518
33.6153,pi,6.2800,28.0781,0.4517,0.4517
33.6204,pi,6.2800,28.0418,0.4524,0.4524
33.6253,pi,6.2800,28.0082,0.4531,0.4531
33.6304,pi,6.2800,27.9824,0.4536,0.4536
33.6353,pi,6.2800,27.9608,0.4540,0.4540
33.6403,pi,6.2800,27.9450,0.4544,0.4544
33.6454,pi,6.2800,27.9781,0.4537,0.4537
33.6504,pi,6.2800,27.9603,0.4541,0.4541
33.6553,pi,6.2800,27.9441,0.4544,0.4544
33.6604,pi,6.2800,27.9346,0.4546,0.4546
33.6654,pi,6.2800,27.9271,0.4547,0.4547
33.6703,pi,6.2800,27.9206,0.4548,0.4548
33.6754,pi,6.2800,27.9155,0.4549,0.4549
33.6804,pi,6.2800,27.9536,0.4542,0.4542
33.6856,pi,6.2800,27.9402,0.4545,0.4545
33.6910,pi,6.2800,27.9795,0.4537,0.4537
33.6955,pi,6.2800,27.9578,0.4541,0.4541
33.7003,pi,6.2800,27.8960,0.4553,0.4553
33.7053,pi,6.2800,27.8454,0.4563,0.4563
33.7103,pi,6.2800,27.8054,0.4571,0.4571
33.7155,pi,6.2800,27.7727,0.4578,0.4578
33.7210,pi,6.2800,27.7891,0.4575,0.4575
33.7255,pi,6.2800,27.7591,0.4581,0.4581
33.7303,pi,6.2800,27.6861,0.4595,0.4595
33.7353,pi,6.2800,27.6323,0.4606,0.4606
33.7403,pi,6.2800,27.6808,0.4596,0.4596
33.7454,pi,6.2800,27.7222,0.4588,0.4588
33.7503,pi,6.2800,27.7540,0.4582,0.4582
33.7554,pi,6.2800,27.7816,0.4576,0.4576
33.7603,pi,6.2800,27.8043,0.4572,0.4572
33.7653,pi,6.2800,27.8178,0.4569,0.4569
33.7703,pi,6.2800,27.8301,0.4567,0.4567
33.7755,pi,6.2800,27.8017,0.4572,0.4572
33.7806,pi,6.2800,27.8205,0.4568,0.4568
33.7861,pi,6.2800,27.8346,0.4566,0.4566
33.7910,pi,6.2800,27.8415,0.4564,0.4564
33.7962,pi,6.2800,27.8037,0.4572,0.4572
33.8004,pi,6.2800,27.7717,0.4578,0.4578
33.8053,pi,6.2800,27.7917,0.4574,0.4574
33.8104,pi,6.2800,27.8093,0.4571,0.4571
33.8154,pi,6.2800,27.8232,0.4568,0.4568
33.8204,pi,6.2800,27.8340,0.4566,0.4566
33.8253,pi,6.2800,27.8428,0.4564,0.4564
33.8303,pi,6.2800,27.8959,0.4553,0.4553
33.8353,pi,6.2800,27.9381,0.4545,0.4545
33.8404,pi,6.2800,27.9716,0.4538,0.4538
33.8454,pi,6.2800,28.0066,0.4531,0.4531
33.8503,pi,6.2800,28.0340,0.4526,0.4526
33.8553,pi,6.2800,28.0480,0.4523,0.4523
33.8604,pi,6.2800,28.0138,0.4530,0.4530
33.8654,pi,6.2800,27.9901,0.4535,0.4535
33.8710,pi,6.2800,27.9685,0.4539,0.4539
33.8768,pi,6.2800,27.9512,0.4542,0.4542
33.8812,pi,6.2800,27.8904,0.4554,0.4554
33.8855,pi,6.2800,27.8411,0.4564,0.4564
33.8903,pi,6.2800,27.8026,0.4572,0.4572
33.8954,pi,6.2800,27.8216,0.4568,0.4568
33.9003,pi,6.2800,27.8347,0.4566,0.4566
33.9054,pi,6.2800,27.8451,0.4564,0.4564
33.9104,pi,6.2800,27.8523,0.4562,0.4562
33.9154,pi,6.2800,27.8579,0.4561,0.4561
33.9204,pi,6.2800,27.8623,0.4560,0.4560
33.9254,pi,6.2800,27.8688,0.4559,0.4559
33.9307,pi,6.2800,27.8730,0.4558,0.4558
33.9355,pi,6.2800,27.8734,0.4558,0.4558
33.9404,pi,6.2800,27.8781,0.4557,0.4557
33.9453,pi,6.2800,27.8774,0.4557,0.4557
33.9504,pi,6.2800,27.8311,0.4566,0.4566
33.9553,pi,6.2800,27.7943,0.4574,0.4574
33.9604,pi,6.2800,27.7630,0.4580,0.4580
33.9653,pi,6.2800,27.7376,0.4585,0.4585
33.9704,pi,6.2800,27.7673,0.4579,0.4579
33.9754,pi,6.2800,27.6890,0.4595,0.4595
33.9803,pi,6.2800,27.6345,0.4606,0.4606
33.9854,pi,6.2800,27.5933,0.4614,0.4614
33.9907,pi,6.2800,27.5523,0.4622,0.4622
33.9956,pi,6.2800,27.5694,0.4619,0.4619
34.0009,pi,6.2800,27.5826,0.4616,0.4616
34.0057,pi,6.2800,27.5914,0.4614,0.4614
34.0106,pi,6.2800,27.6018,0.4612,0.4612
34.0157,pi,6.2800,27.6105,0.4610,0.4610
34.0211,pi,6.2800,27.5634,0.4620,0.4620
34.0258,pi,6.2800,27.6295,0.4607,0.4607
34.0311,pi,6.2800,27.7317,0.4586,0.4586
34.0360,pi,6.2800,27.8127,0.4570,0.4570
34.0409,pi,6.2800,27.8790,0.4557,0.4557
34.0458,pi,6.2800,27.8824,0.4556,0.4556
34.0506,pi,6.2800,27.8809,0.4556,0.4556
34.0555,pi,6.2800,27.9256,0.4547,0.4547
34.0604,pi,6.2800,27.9631,0.4540,0.4540
34.0654,pi,6.2800,27.9917,0.4534,0.4534
34.0704,pi,6.2800,28.0148,0.4530,0.4530
34.0755,pi,6.2800,28.0363,0.4525,0.4525
34.0804,pi,6.2800,28.0520,0.4522,0.4522
34.0854,pi,6.2800,28.0162,0.4529,0.4529
34.0904,pi,6.2800,27.9889,0.4535,0.4535
34.0954,pi,6.2800,27.9670,0.4539,0.4539
34.1004,pi,6.2800,27.9951,0.4534,0.4534
34.1054,pi,6.2800,28.0171,0.4529,0.4529
34.1104,pi,6.2800,27.9895,0.4535,0.4535
34.1154,pi,6.2800,27.9668,0.4539,0.4539
34.1205,pi,6.2800,27.9487,0.4543,0.4543
34.1253,pi,6.2800,27.9384,0.4545,0.4545
34.1304,pi,6.2800,27.9298,0.4547,0.4547
34.1354,pi,6.2800,27.9233,0.4548,0.4548
34.1403,pi,6.2800,27.9141,0.4550,0.4550
34.1454,pi,6.2800,27.9107,0.4550,0.4550
34.1504,pi,6.2800,27.8578,0.4561,0.4561
34.1553,pi,6.2800,27.8155,0.4569,0.4569
34.1604,pi,6.2800,27.7821,0.4576,0.4576
34.1654,pi,6.2800,27.7548,0.4582,0.4582
34.1704,pi,6.2800,27.7330,0.4586,0.4586
34.1753,pi,6.2800,27.7157,0.4589,0.4589
34.1804,pi,6.2800,27.7024,0.4592,0.4592
34.1854,pi,6.2800,27.6917,0.4594,0.4594
34.1906,pi,6.2800,27.6799,0.4597,0.4597
34.1958,pi,6.2800,27.6713,0.4598,0.4598
34.2005,pi,6.2800,27.6635,0.4600,0.4600
34.2054,pi,6.2800,27.6589,0.4601,0.4601
34.2104,pi,6.2800,27.6529,0.4602,0.4602
34.2154,pi,6.2800,27.7015,0.4592,0.4592
34.2206,pi,6.2800,27.7405,0.4584,0.4584
34.2254,pi,6.2800,27.7702,0.4579,0.4579
34.2305,pi,6.2800,27.7949,0.4574,0.4574
34.2354,pi,6.2800,27.8142,0.4570,0.4570
34.2404,pi,6.2800,27.8254,0.4567,0.4567
34.2454,pi,6.2800,27.8376,0.4565,0.4565
34.2504,pi,6.2800,27.8929,0.4554,0.4554
34.2554,pi,6.2800,27.9374,0.4545,0.4545
34.2604,pi,6.2800,27.9717,0.4538,0.4538
34.2654,pi,6.2800,27.9565,0.4541,0.4541
34.2709,pi,6.2800,27.9437,0.4544,0.4544
34.2759,pi,6.2800,27.9841,0.4536,0.4536
34.2804,pi,6.2800,28.0160,0.4529,0.4529
34.2853,pi,6.2800,28.0336,0.4526,0.4526
34.2904,pi,6.2800,28.0483,0.4523,0.4523
34.2954,pi,6.2800,28.0682,0.4519,0.4519
34.3004,pi,6.2800,28.0339,0.4526,0.4526
34.3054,pi,6.2800,28.0064,0.4531,0.4531
34.3104,pi,6.2800,28.0347,0.4526,0.4526
34.3153,pi,6.2800,28.0484,0.4523,0.4523
34.3204,pi,6.2800,28.0592,0.4521,0.4521
34.3253,pi,6.2800,28.0691,0.4519,0.4519
34.3303,pi,6.2800,28.0324,0.4526,0.4526
34.3354,pi,6.2800,28.0021,0.4532,0.4532
34.3404,pi,6.2800,27.9771,0.4537,0.4537
34.3454,pi,6.2800,27.9567,0.4541,0.4541
34.3504,pi,6.2800,27.9446,0.4544,0.4544
34.3554,pi,6.2800,27.9303,0.4547,0.4547
34.3604,pi,6.2800,27.8731,0.4558,0.4558
34.3654,pi,6.2800,27.8277,0.4567,0.4567
34.3703,pi,6.2800,27.7912,0.4574,0.4574
34.3754,pi,6.2800,27.7627,0.4580,0.4580
34.3804,pi,6.2800,27.7397,0.4585,0.4585
34.3854,pi,6.2800,27.7208,0.4588,0.4588
34.3904,pi,6.2800,27.7055,0.4591,0.4591
34.3954,pi,6.2800,27.7437,0.4584,0.4584
34.4004,pi,6.2800,27.7241,0.4588,0.4588
34.4054,pi,6.2800,27.7543,0.4582,0.4582
34.4104,pi,6.2800,27.7330,0.4586,0.4586
34.4154,pi,6.2800,27.7658,0.4579,0.4579
34.4203,pi,6.2800,27.7875,0.4575,0.4575
34.4254,pi,6.2800,27.8052,0.4572,0.4572
34.4304,pi,6.2800,27.8236,0.4568,0.4568
34.4353,pi,6.2800,27.8382,0.4565,0.4565
34.4403,pi,6.2800,27.8454,0.4563,0.4563
34.4454,pi,6.2800,27.8515,0.4562,0.4562
34.4504,pi,6.2800,27.8106,0.4570,0.4570
34.4554,pi,6.2800,27.7774,0.4577,0.4577
34.4603,pi,6.2800,27.7970,0.4573,0.4573
34.4653,pi,6.2800,27.8583,0.4561,0.4561
34.4704,pi,6.2800,27.8661,0.4559,0.4559
34.4754,pi,6.2800,27.8721,0.4558,0.4558
34.4803,pi,6.2800,27.8729,0.4558,0.4558
34.4854,pi,6.2800,27.8731,0.4558,0.4558
34.4904,pi,6.2800,27.9276,0.4547,0.4547
34.4954,pi,6.2800,27.9709,0.4538,0.4538
34.5004,pi,6.2800,28.0058,0.4531,0.4531
34.5054,pi,6.2800,28.0337,0.4526,0.4526
34.5104,pi,6.2800,28.0058,0.4531,0.4531
34.5154,pi,6.2800,27.9804,0.4536,0.4536
34.5204,pi,6.2800,27.9632,0.4540,0.4540
34.5254,pi,6.2800,27.9479,0.4543,0.4543
34.5303,pi,6.2800,27.9374,0.4545,0.4545
34.5354,pi,6.2800,27.9249,0.4548,0.4548
34.5404,pi,6.2800,27.9194,0.4549,0.4549
34.5454,pi,6.2800,27.8648,0.4560,0.4560
34.5504,pi,6.2800,27.8713,0.4558,0.4558
34.5554,pi,6.2800,27.8717,0.4558,0.4558
34.5604,pi,6.2800,27.8766,0.4557,0.4557
34.5654,pi,6.2800,27.8759,0.4557,0.4557
34.5704,pi,6.2800,27.8782,0.4557,0.4557
34.5754,pi,6.2800,27.8773,0.4557,0.4557
34.5804,pi,6.2800,27.8787,0.4557,0.4557
34.5854,pi,6.2800,27.8316,0.4566,0.4566
34.5904,pi,6.2800,27.8434,0.4564,0.4564
34.5954,pi,6.2800,27.8038,0.4572,0.4572
34.6003,pi,6.2800,27.7723,0.4578,0.4578
34.6054,pi,6.2800,27.7013,0.4592,0.4592
34.6104,pi,6.2800,27.6906,0.4594,0.4594
34.6155,pi,6.2800,27.6806,0.4596,0.4596
34.6204,pi,6.2800,27.6729,0.4598,0.4598
34.6254,pi,6.2800,27.6672,0.4599,0.4599
34.6304,pi,6.2800,27.6626,0.4600,0.4600
34.6354,pi,6.2800,27.7597,0.4581,0.4581
34.6406,pi,6.2800,27.7871,0.4575,0.4575
34.6456,pi,6.2800,27.8044,0.4572,0.4572
34.6507,pi,6.2800,27.8726,0.4558,0.4558
34.6556,pi,6.2800,27.9269,0.4547,0.4547
34.6605,pi,6.2800,27.9207,0.4548,0.4548
34.6654,pi,6.2800,27.9109,0.4550,0.4550
34.6704,pi,6.2800,27.9048,0.4552,0.4552
34.6754,pi,6.2800,27.8991,0.4553,0.4553
34.6804,pi,6.2800,27.9405,0.4544,0.4544
34.6855,pi,6.2800,27.9318,0.4546,0.4546
34.6903,pi,6.2800,27.9203,0.4549,0.4549
34.6954,pi,6.2800,27.9113,0.4550,0.4550
34.7004,pi,6.2800,27.9038,0.4552,0.4552
34.7054,pi,6.2800,27.9442,0.4544,0.4544
34.7104,pi,6.2800,27.9348,0.4546,0.4546
34.7153,pi,6.2800,27.9686,0.4539,0.4539
34.7204,pi,6.2800,27.9961,0.4533,0.4533
34.7254,pi,6.2800,28.0264,0.4527,0.4527
34.7304,pi,6.2800,28.0005,0.4532,0.4532
34.7354,pi,6.2800,27.9791,0.4537,0.4537
34.7404,pi,6.2800,28.0128,0.4530,0.4530
34.7454,pi,6.2800,28.0399,0.4525,0.4525
34.7503,pi,6.2800,28.0525,0.4522,0.4522
34.7554,pi,6.2800,28.0631,0.4520,0.4520
34.7604,pi,6.2800,28.0255,0.4527,0.4527
34.7654,pi,6.2800,27.9998,0.4533,0.4533
34.7704,pi,6.2800,27.9791,0.4537,0.4537
34.7754,pi,6.2800,27.9583,0.4541,0.4541
34.7803,pi,6.2800,27.9460,0.4543,0.4543
34.7853,pi,6.2800,27.9312,0.4546,0.4546
34.7905,pi,6.2800,27.8738,0.4558,0.4558
34.7956,pi,6.2800,27.8258,0.4567,0.4567
34.8007,pi,6.2800,27.7879,0.4575,0.4575
34.8057,pi,6.2800,27.7586,0.4581,0.4581
34.8103,pi,6.2800,27.7361,0.4585,0.4585
34.8153,pi,6.2800,27.7185,0.4589,0.4589
34.8203,pi,6.2800,27.7045,0.4592,0.4592
34.8253,pi,6.2800,27.7389,0.4585,0.4585
34.8303,pi,6.2800,27.7211,0.4588,0.4588
34.8353,pi,6.2800,27.7527,0.4582,0.4582
34.8404,pi,6.2800,27.7806,0.4576,0.4576
34.8453,pi,6.2800,27.8000,0.4573,0.4573
34.8504,pi,6.2800,27.8168,0.4569,0.4569
34.8553,pi,6.2800,27.8315,0.4566,0.4566
34.8603,pi,6.2800,27.8423,0.4564,0.4564
34.8653,pi,6.2800,27.8501,0.4563,0.4563
34.8704,pi,6.2800,27.8561,0.4561,0.4561
34.8753,pi,6.2800,27.8606,0.4560,0.4560
34.8804,pi,6.2800,27.9178,0.4549,0.4549
34.8853,pi,6.2800,27.8618,0.4560,0.4560
34.8903,pi,6.2800,27.8632,0.4560,0.4560
34.8954,pi,6.2800,27.8698,0.4559,0.4559
34.9004,pi,6.2800,27.8702,0.4559,0.4559
34.9055,pi,6.2800,27.8739,0.4558,0.4558
34.9107,pi,6.2800,27.8764,0.4557,0.4557
34.9158,pi,6.2800,27.9288,0.4547,0.4547
34.9206,pi,6.2800,27.9710,0.4538,0.4538
34.9255,pi,6.2800,28.0050,0.4532,0.4532
34.9304,pi,6.2800,27.9829,0.4536,0.4536
34.9354,pi,6.2800,27.9605,0.4540,0.4540
34.9404,pi,6.2800,27.9896,0.4535,0.4535
34.9454,pi,6.2800,27.9710,0.4538,0.4538
34.9503,pi,6.2800,27.9523,0.4542,0.4542
34.9556,pi,6.2800,27.9406,0.4544,0.4544
34.9604,pi,6.2800,27.9275,0.4547,0.4547
34.9654,pi,6.2800,27.9172,0.4549,0.4549
34.9704,pi,6.2800,27.9095,0.4551,0.4551
34.9754,pi,6.2800,27.9070,0.4551,0.4551
34.9804,pi,6.2800,27.9009,0.4552,0.4552
34.9854,pi,6.2800,27.9000,0.4553,0.4553
34.9904,pi,6.2800,27.8991,0.4553,0.4553
34.9956,pi,6.2800,27.8960,0.4553,0.4553
35.0011,pi,6.2800,27.8923,0.4554,0.4554
35.0060,pi,6.2800,27.9421,0.4544,0.4544
35.0105,pi,6.2800,27.9819,0.4536,0.4536
35.0153,pi,6.2800,28.0061,0.4531,0.4531
35.0204,pi,6.2800,27.9340,0.4546,0.4546
35.0254,pi,6.2800,27.8759,0.4557,0.4557
35.0305,pi,6.2800,27.8283,0.4567,0.4567
35.0353,pi,6.2800,27.7914,0.4574,0.4574
35.0403,pi,6.2800,27.7627,0.4580,0.4580
35.0457,pi,6.2800,27.7388,0.4585,0.4585
35.0503,pi,6.2800,27.7214,0.4588,0.4588
35.0556,pi,6.2800,27.7535,0.4582,0.4582
35.0603,pi,6.2800,27.7340,0.4586,0.4586
35.0657,pi,6.2800,27.7153,0.4590,0.4590
35.0713,pi,6.2800,27.7374,0.4585,0.4585
35.0759,pi,6.2800,27.7636,0.4580,0.4580
35.0809,pi,6.2800,27.7870,0.4575,0.4575
35.0866,pi,6.2800,27.7907,0.4574,0.4574
35.0934,pi,6.2800,27.8464,0.4563,0.4563
35.0991,pi,6.2800,27.8422,0.4564,0.4564
35.1037,pi,6.2800,27.8017,0.4572,0.4572
35.1085,pi,6.2800,27.6690,0.4599,0.4599
35.1145,pi,6.2800,27.4963,0.4633,0.4633
35.1190,pi,6.2800,27.3693,0.4659,0.4659
35.1240,pi,6.2800,27.2813,0.4676,0.4676
35.1295,pi,6.2800,27.0890,0.4715,0.4715
35.1360,pi,6.2800,26.8898,0.4755,0.4755
35.1420,pi,6.2800,26.7573,0.4781,0.4781
35.1467,pi,6.2800,26.7127,0.4790,0.4790
35.1516,pi,6.2800,26.5467,0.4823,0.4823
35.1564,pi,6.2800,26.2787,0.4877,0.4877
35.1621,pi,6.2800,26.1414,0.4904,0.4904
35.1666,pi,6.2800,26.0697,0.4919,0.4919
35.1715,pi,6.2800,26.0743,0.4918,0.4918
35.1761,pi,6.2800,26.1165,0.4909,0.4909
35.1822,pi,6.2800,26.3187,0.4869,0.4869
35.1886,pi,6.2800,26.4884,0.4835,0.4835
35.1945,pi,6.2800,26.6760,0.4797,0.4797
35.2004,pi,6.2800,26.8146,0.4770,0.4770
35.2075,pi,6.2800,27.0177,0.4729,0.4729
35.2122,pi,6.2800,27.3304,0.4667,0.4667
35.2167,pi,6.2800,27.2891,0.4675,0.4675
35.2226,pi,6.2800,27.1512,0.4702,0.4702
35.2282,pi,6.2800,27.0766,0.4717,0.4717
35.2384,pi,6.2800,27.0535,0.4722,0.4722
35.2467,pi,6.2800,26.7308,0.4786,0.4786
35.2532,pi,6.2800,26.3801,0.4857,0.4857
35.2593,pi,6.2800,25.9606,0.4940,0.4940
35.2649,pi,6.2800,25.2882,0.5075,0.5075
35.2697,pi,6.2800,24.6726,0.5198,0.5198
35.2743,pi,6.2800,23.8268,0.5367,0.5367
35.2785,pi,6.2800,23.1580,0.5501,0.5501
35.2827,pi,6.2800,22.7771,0.5577,0.5577
35.2877,pi,6.2800,22.0428,0.5724,0.5724
35.2920,pi,6.2800,21.2517,0.5882,0.5882
35.2966,pi,6.2800,20.8415,0.5964,0.5964
35.3008,pi,6.2800,20.6967,0.5993,0.5993
35.3052,pi,6.2800,20.7697,0.5979,0.5979
35.3093,pi,6.2800,20.7774,0.5977,0.5977
35.3136,pi,6.2800,21.0919,0.5914,0.5914
35.3180,pi,6.2800,21.4790,0.5837,0.5837
35.3224,pi,6.2800,22.1391,0.5705,0.5705
35.3267,pi,6.2800,22.9228,0.5548,0.5548
35.3312,pi,6.2800,23.9707,0.5338,0.5338
35.3354,pi,6.2800,24.7006,0.5192,0.5192
35.3396,pi,6.2800,25.5212,0.5028,0.5028
35.3439,pi,6.2800,26.1766,0.4897,0.4897
35.3483,pi,6.2800,26.7460,0.4783,0.4783
35.3526,pi,6.2800,27.5297,0.4627,0.4627
35.3569,pi,6.2800,28.2254,0.4487,0.4487
35.3611,pi,6.2800,28.6498,0.4403,0.4403
35.3654,pi,6.2800,29.0453,0.4324,0.4324
35.3695,pi,6.2800,29.3617,0.4260,0.4260
35.3737,pi,6.2800,29.5692,0.4219,0.4219
35.3781,pi,6.2800,29.9384,0.4145,0.4145
35.3824,pi,6.2800,30.1794,0.4097,0.4097
35.3865,pi,6.2800,30.4026,0.4052,0.4052
35.3908,pi,6.2800,30.5546,0.4022,0.4022
35.3952,pi,6.2800,30.6126,0.4010,0.4010
35.3993,pi,6.2800,30.6129,0.4010,0.4010
35.4035,pi,6.2800,30.5192,0.4029,0.4029
35.4076,pi,6.2800,30.2970,0.4073,0.4073
35.4119,pi,6.2800,30.0173,0.4129,0.4129
35.4161,pi,6.2800,29.7710,0.4178,0.4178
35.4209,pi,6.2800,29.4460,0.4243,0.4243
35.4257,pi,6.2800,29.1777,0.4297,0.4297
35.4306,pi,6.2800,28.8205,0.4368,0.4368
35.4354,pi,6.2800,28.4931,0.4434,0.4434
35.4404,pi,6.2800,28.1728,0.4498,0.4498
35.4454,pi,6.2800,27.9308,0.4546,0.4546
35.4505,pi,6.2800,27.6687,0.4599,0.4599
35.4554,pi,6.2800,27.5138,0.4630,0.4630
35.4605,pi,6.2800,27.3892,0.4655,0.4655
35.4654,pi,6.2800,27.2886,0.4675,0.4675
35.4704,pi,6.2800,27.2233,0.4688,0.4688
35.4755,pi,6.2800,27.1725,0.4698,0.4698
35.4806,pi,6.2800,27.1316,0.4706,0.4706
35.4856,pi,6.2800,27.0977,0.4713,0.4713
35.4905,pi,6.2800,27.1056,0.4711,0.4711
35.4955,pi,6.2800,27.1131,0.4710,0.4710
35.5005,pi,6.2800,27.1280,0.4707,0.4707
35.5055,pi,6.2800,27.1903,0.4695,0.4695
35.5104,pi,6.2800,27.2361,0.4685,0.4685
35.5154,pi,6.2800,27.2736,0.4678,0.4678
35.5204,pi,6.2800,27.3046,0.4672,0.4672
35.5255,pi,6.2800,27.3717,0.4658,0.4658
35.5304,pi,6.2800,27.4764,0.4637,0.4637
35.5353,pi,6.2800,27.5563,0.4621,0.4621
35.5404,pi,6.2800,27.6233,0.4608,0.4608
35.5454,pi,6.2800,27.6756,0.4597,0.4597
35.5503,pi,6.2800,27.7151,0.4590,0.4590
35.5554,pi,6.2800,27.7936,0.4574,0.4574
35.5604,pi,6.2800,27.8562,0.4561,0.4561
35.5655,pi,6.2800,27.9144,0.4550,0.4550
35.5704,pi,6.2800,28.0076,0.4531,0.4531
35.5754,pi,6.2800,28.0704,0.4518,0.4518
35.5804,pi,6.2800,28.1242,0.4508,0.4508
35.5854,pi,6.2800,28.1207,0.4508,0.4508
35.5904,pi,6.2800,28.1170,0.4509,0.4509
35.5954,pi,6.2800,28.1626,0.4500,0.4500
35.6005,pi,6.2800,28.2074,0.4491,0.4491
35.6054,pi,6.2800,28.1951,0.4494,0.4494
35.6104,pi,6.2800,28.1769,0.4497,0.4497
35.6155,pi,6.2800,28.1709,0.4498,0.4498
35.6204,pi,6.2800,28.1570,0.4501,0.4501
35.6254,pi,6.2800,28.1033,0.4512,0.4512
35.6305,pi,6.2800,28.1093,0.4511,0.4511
35.6354,pi,6.2800,28.1106,0.4510,0.4510
35.6404,pi,6.2800,28.1169,0.4509,0.4509
35.6454,pi,6.2800,28.1131,0.4510,0.4510
35.6505,pi,6.2800,28.0652,0.4520,0.4520
35.6555,pi,6.2800,28.0254,0.4527,0.4527
35.6604,pi,6.2800,27.9997,0.4533,0.4533
35.6655,pi,6.2800,27.9729,0.4538,0.4538
35.6706,pi,6.2800,27.9570,0.4541,0.4541
35.6757,pi,6.2800,27.9940,0.4534,0.4534
35.6806,pi,6.2800,28.0160,0.4529,0.4529
35.6871,pi,6.2800,27.8934,0.4554,0.4554
35.6925,pi,6.2800,27.6218,0.4608,0.4608
35.6972,pi,6.2800,27.3676,0.4659,0.4659
35.7014,pi,6.2800,27.1965,0.4693,0.4693
35.7057,pi,6.2800,27.0580,0.4721,0.4721
35.7114,pi,6.2800,26.9185,0.4749,0.4749
35.7159,pi,6.2800,26.7676,0.4779,0.4779
35.7205,pi,6.2800,26.5842,0.4816,0.4816
35.7254,pi,6.2800,26.4782,0.4837,0.4837
35.7304,pi,6.2800,26.3483,0.4863,0.4863
35.7356,pi,6.2800,26.2857,0.4875,0.4875
35.7410,pi,6.2800,26.5066,0.4831,0.4831
35.7457,pi,6.2800,26.7342,0.4786,0.4786
35.7505,pi,6.2800,26.9220,0.4748,0.4748
35.7558,pi,6.2800,27.1159,0.4709,0.4709
35.7603,pi,6.2800,27.2676,0.4679,0.4679
35.7653,pi,6.2800,27.4301,0.4647,0.4647
35.7703,pi,6.2800,27.6572,0.4601,0.4601
35.7754,pi,6.2800,27.8451,0.4564,0.4564
35.7804,pi,6.2800,28.0350,0.4526,0.4526
35.7856,pi,6.2800,28.1847,0.4496,0.4496
35.7907,pi,6.2800,28.3253,0.4468,0.4468
35.7959,pi,6.2800,28.2834,0.4476,0.4476
35.8010,pi,6.2800,28.2502,0.4483,0.4483
35.8061,pi,6.2800,28.1756,0.4497,0.4497
35.8108,pi,6.2800,28.1651,0.4500,0.4500
35.8160,pi,6.2800,28.1088,0.4511,0.4511
35.8208,pi,6.2800,28.0634,0.4520,0.4520
35.8253,pi,6.2800,28.0292,0.4527,0.4527
35.8304,pi,6.2800,28.0018,0.4532,0.4532
35.8353,pi,6.2800,27.9750,0.4538,0.4538
35.8403,pi,6.2800,27.9553,0.4542,0.4542
35.8453,pi,6.2800,27.9434,0.4544,0.4544
35.8503,pi,6.2800,28.0285,0.4527,0.4527
35.8553,pi,6.2800,28.0965,0.4513,0.4513
35.8603,pi,6.2800,28.1509,0.4502,0.4502
35.8654,pi,6.2800,28.1911,0.4494,0.4494
35.8703,pi,6.2800,28.2210,0.4488,0.4488
35.8754,pi,6.2800,28.2561,0.4481,0.4481
35.8803,pi,6.2800,28.2721,0.4478,0.4478
35.8853,pi,6.2800,28.2405,0.4484,0.4484
35.8903,pi,6.2800,28.2130,0.4490,0.4490
35.8955,pi,6.2800,28.1407,0.4504,0.4504
35.9003,pi,6.2800,28.0926,0.4514,0.4514
35.9052,pi,6.2800,28.0499,0.4523,0.4523
35.9103,pi,6.2800,28.0605,0.4520,0.4520
35.9153,pi,6.2800,28.0231,0.4528,0.4528
35.9203,pi,6.2800,27.9499,0.4543,0.4543
35.9254,pi,6.2800,27.8900,0.4555,0.4555
35.9304,pi,6.2800,27.8396,0.4565,0.4565
35.9353,pi,6.2800,27.7996,0.4573,0.4573
35.9403,pi,6.2800,27.7681,0.4579,0.4579
35.9454,pi,6.2800,27.7453,0.4584,0.4584
35.9504,pi,6.2800,27.5199,0.4629,0.4629
35.9554,pi,6.2800,27.3426,0.4664,0.4664
35.9603,pi,6.2800,27.1509,0.4702,0.4702
35.9654,pi,6.2800,27.0486,0.4723,0.4723
35.9704,pi,6.2800,26.9665,0.4739,0.4739
35.9753,pi,6.2800,26.8006,0.4772,0.4772
35.9803,pi,6.2800,26.7410,0.4784,0.4784
35.9857,pi,6.2800,26.6632,0.4800,0.4800
35.9912,pi,6.2800,26.6024,0.4812,0.4812
35.9965,pi,6.2800,26.5028,0.4832,0.4832
36.0011,pi,6.2800,26.6117,0.4810,0.4810
36.0059,pi,6.2800,26.7129,0.4790,0.4790
36.0126,pi,6.2800,26.9023,0.4752,0.4752
36.0179,pi,6.2800,26.9707,0.4738,0.4738
36.0226,pi,6.2800,27.0531,0.4722,0.4722
36.0274,pi,6.2800,27.2706,0.4678,0.4678
36.0325,pi,6.2800,27.4828,0.4636,0.4636
36.0377,pi,6.2800,27.6057,0.4611,0.4611
36.0425,pi,6.2800,27.7549,0.4582,0.4582
36.0485,pi,6.2800,27.7807,0.4576,0.4576
36.0560,pi,6.2800,27.9011,0.4552,0.4552
36.0620,pi,6.2800,27.8906,0.4554,0.4554
36.0684,pi,6.2800,27.8402,0.4565,0.4565
36.0777,pi,6.2800,27.7451,0.4584,0.4584
36.0877,pi,6.2800,27.4130,0.4650,0.4650
36.0957,pi,6.2800,27.1068,0.4711,0.4711
36.1039,pi,6.2800,26.5914,0.4814,0.4814
36.1090,pi,6.2800,26.2842,0.4876,0.4876
36.1143,pi,6.2800,25.7498,0.4983,0.4983
36.1198,pi,6.2800,25.0803,0.5117,0.5117
36.1253,pi,6.2800,24.4810,0.5236,0.5236
36.1306,pi,6.2800,24.3085,0.5271,0.5271
36.1370,pi,6.2800,24.1571,0.5301,0.5301
36.1422,pi,6.2800,24.0811,0.5316,0.5316
36.1474,pi,6.2800,24.1600,0.5301,0.5301
36.1519,pi,6.2800,24.2648,0.5280,0.5280
36.1563,pi,6.2800,24.4094,0.5251,0.5251
36.1606,pi,6.2800,24.4646,0.5240,0.5240
36.1649,pi,6.2800,24.7337,0.5186,0.5186
36.1691,pi,6.2800,25.1288,0.5107,0.5107
36.1733,pi,6.2800,25.5088,0.5031,0.5031
36.1777,pi,6.2800,25.8480,0.4963,0.4963
36.1822,pi,6.2800,26.1684,0.4899,0.4899
36.1864,pi,6.2800,26.5584,0.4821,0.4821
36.1907,pi,6.2800,26.8715,0.4758,0.4758
36.1954,pi,6.2800,27.2144,0.4690,0.4690
36.1998,pi,6.2800,27.4866,0.4635,0.4635
36.2046,pi,6.2800,27.8414,0.4564,0.4564
36.2089,pi,6.2800,28.2155,0.4489,0.4489
36.2135,pi,6.2800,28.6031,0.4412,0.4412
36.2178,pi,6.2800,28.9111,0.4350,0.4350
36.2220,pi,6.2800,29.1589,0.4301,0.4301
36.2270,pi,6.2800,29.3595,0.4261,0.4261
36.2313,pi,6.2800,29.4745,0.4238,0.4238
36.2358,pi,6.2800,29.5081,0.4231,0.4231
36.2405,pi,6.2800,29.5872,0.4215,0.4215
36.2447,pi,6.2800,29.6547,0.4202,0.4202
36.2490,pi,6.2800,29.6541,0.4202,0.4202
36.2532,pi,6.2800,29.6626,0.4200,0.4200
36.2574,pi,6.2800,29.6108,0.4210,0.4210
36.2617,pi,6.2800,29.5413,0.4224,0.4224
36.2660,pi,6.2800,29.4405,0.4244,0.4244
36.2704,pi,6.2800,29.3132,0.4270,0.4270
36.2752,pi,6.2800,29.1166,0.4309,0.4309
36.2796,pi,6.2800,28.9213,0.4348,0.4348
36.2839,pi,6.2800,28.7157,0.4389,0.4389
36.2881,pi,6.2800,28.4994,0.4433,0.4433
36.2924,pi,6.2800,28.2841,0.4476,0.4476
36.2968,pi,6.2800,28.1121,0.4510,0.4510
36.3011,pi,6.2800,27.9285,0.4547,0.4547
36.3054,pi,6.2800,27.7701,0.4579,0.4579
36.3103,pi,6.2800,27.6439,0.4604,0.4604
36.3154,pi,6.2800,27.5429,0.4624,0.4624
36.3204,pi,6.2800,27.5132,0.4630,0.4630
36.3254,pi,6.2800,27.4933,0.4634,0.4634
36.3304,pi,6.2800,27.4724,0.4638,0.4638
36.3353,pi,6.2800,27.4620,0.4640,0.4640
36.3404,pi,6.2800,27.4976,0.4633,0.4633
36.3461,pi,6.2800,27.5230,0.4628,0.4628
36.3512,pi,6.2800,27.4963,0.4633,0.4633
36.3553,pi,6.2800,27.4807,0.4636,0.4636
36.3603,pi,6.2800,27.4693,0.4639,0.4639
36.3653,pi,6.2800,27.4599,0.4641,0.4641
36.3703,pi,6.2800,27.4520,0.4642,0.4642
36.3753,pi,6.2800,27.4909,0.4634,0.4634
36.3804,pi,6.2800,27.5225,0.4628,0.4628
36.3854,pi,6.2800,27.5469,0.4623,0.4623
36.3903,pi,6.2800,27.5679,0.4619,0.4619
36.3953,pi,6.2800,27.5853,0.4616,0.4616
36.4003,pi,6.2800,27.6473,0.4603,0.4603
36.4053,pi,6.2800,27.7475,0.4583,0.4583
36.4103,pi,6.2800,27.8272,0.4567,0.4567
36.4153,pi,6.2800,27.8824,0.4556,0.4556
36.4203,pi,6.2800,27.9266,0.4547,0.4547
36.4256,pi,6.2800,27.9691,0.4539,0.4539
36.4305,pi,6.2800,27.9531,0.4542,0.4542
36.4353,pi,6.2800,27.8918,0.4554,0.4554
36.4403,pi,6.2800,27.8424,0.4564,0.4564
36.4455,pi,6.2800,27.7999,0.4573,0.4573
36.4503,pi,6.2800,27.7690,0.4579,0.4579
36.4553,pi,6.2800,27.6989,0.4593,0.4593
36.4603,pi,6.2800,27.6899,0.4595,0.4595
36.4654,pi,6.2800,27.6810,0.4596,0.4596
36.4703,pi,6.2800,27.6739,0.4598,0.4598
36.4754,pi,6.2800,27.7121,0.4590,0.4590
36.4804,pi,6.2800,27.7011,0.4592,0.4592
36.4853,pi,6.2800,27.7905,0.4574,0.4574
36.4903,pi,6.2800,27.9118,0.4550,0.4550
36.4954,pi,6.2800,27.9952,0.4534,0.4534
36.5004,pi,6.2800,28.0759,0.4517,0.4517
36.5053,pi,6.2800,28.1904,0.4494,0.4494
36.5104,pi,6.2800,28.2304,0.4486,0.4486
36.5153,pi,6.2800,28.2496,0.4483,0.4483
36.5204,pi,6.2800,28.2796,0.4477,0.4477
36.5253,pi,6.2800,28.2894,0.4475,0.4475
36.5303,pi,6.2800,28.2546,0.4482,0.4482
36.5353,pi,6.2800,28.2244,0.4488,0.4488
36.5404,pi,6.2800,28.1580,0.4501,0.4501
36.5453,pi,6.2800,28.1021,0.4512,0.4512
36.5504,pi,6.2800,28.0606,0.4520,0.4520
36.5553,pi,6.2800,27.9776,0.4537,0.4537
36.5603,pi,6.2800,27.9118,0.4550,0.4550
36.5654,pi,6.2800,27.8594,0.4561,0.4561
36.5704,pi,6.2800,27.8168,0.4569,0.4569
36.5755,pi,6.2800,27.7808,0.4576,0.4576
36.5810,pi,6.2800,27.7506,0.4582,0.4582
36.5857,pi,6.2800,27.7281,0.4587,0.4587
36.5902,pi,6.2800,27.7117,0.4590,0.4590
36.5953,pi,6.2800,27.7009,0.4592,0.4592
36.6003,pi,6.2800,27.7359,0.4585,0.4585
36.6053,pi,6.2800,27.7198,0.4589,0.4589
36.6103,pi,6.2800,27.7520,0.4582,0.4582
36.6154,pi,6.2800,27.7304,0.4586,0.4586
36.6203,pi,6.2800,27.7599,0.4581,0.4581
36.6253,pi,6.2800,27.7834,0.4576,0.4576
36.6303,pi,6.2800,27.8044,0.4572,0.4572
36.6353,pi,6.2800,27.8216,0.4568,0.4568
36.6403,pi,6.2800,27.8341,0.4566,0.4566
36.6454,pi,6.2800,27.8960,0.4553,0.4553
36.6504,pi,6.2800,27.8951,0.4554,0.4554
36.6554,pi,6.2800,27.9426,0.4544,0.4544
36.6603,pi,6.2800,27.9745,0.4538,0.4538
36.6654,pi,6.2800,27.9996,0.4533,0.4533
36.6704,pi,6.2800,28.0290,0.4527,0.4527
36.6753,pi,6.2800,28.0438,0.4524,0.4524
36.6803,pi,6.2800,28.0563,0.4521,0.4521
36.6856,pi,6.2800,28.0736,0.4518,0.4518
36.6909,pi,6.2800,28.0833,0.4516,0.4516
36.6961,pi,6.2800,28.0938,0.4514,0.4514
36.7004,pi,6.2800,28.1037,0.4512,0.4512
36.7053,pi,6.2800,28.1044,0.4512,0.4512
36.7104,pi,6.2800,28.1132,0.4510,0.4510
36.7153,pi,6.2800,28.1105,0.4510,0.4510
36.7203,pi,6.2800,28.0642,0.4520,0.4520
36.7256,pi,6.2800,28.0296,0.4527,0.4527
36.7312,pi,6.2800,27.9990,0.4533,0.4533
36.7371,pi,6.2800,27.9761,0.4537,0.4537
36.7417,pi,6.2800,27.9556,0.4541,0.4541
36.7460,pi,6.2800,27.9436,0.4544,0.4544
36.7509,pi,6.2800,27.9342,0.4546,0.4546
36.7557,pi,6.2800,27.9250,0.4548,0.4548
36.7605,pi,6.2800,27.9176,0.4549,0.4549
36.7654,pi,6.2800,27.9121,0.4550,0.4550
36.7704,pi,6.2800,27.9067,0.4551,0.4551
36.7754,pi,6.2800,27.9546,0.4542,0.4542
36.7803,pi,6.2800,27.9845,0.4536,0.4536
36.7854,pi,6.2800,28.0097,0.4531,0.4531
36.7904,pi,6.2800,28.0307,0.4526,0.4526
36.7954,pi,6.2800,28.0536,0.4522,0.4522
36.8004,pi,6.2800,28.0169,0.4529,0.4529
36.8054,pi,6.2800,27.9891,0.4535,0.4535
36.8104,pi,6.2800,27.9205,0.4548,0.4548
36.8154,pi,6.2800,27.9111,0.4550,0.4550
36.8204,pi,6.2800,27.9041,0.4552,0.4552
36.8254,pi,6.2800,27.8523,0.4562,0.4562
36.8304,pi,6.2800,27.8108,0.4570,0.4570
36.8354,pi,6.2800,27.7777,0.4577,0.4577
36.8405,pi,6.2800,27.7517,0.4582,0.4582
36.8454,pi,6.2800,27.7293,0.4587,0.4587
36.8504,pi,6.2800,27.8127,0.4570,0.4570
36.8554,pi,6.2800,27.8294,0.4567,0.4567
36.8603,pi,6.2800,27.8388,0.4565,0.4565
36.8654,pi,6.2800,27.8921,0.4554,0.4554
36.8704,pi,6.2800,27.8889,0.4555,0.4555
36.8754,pi,6.2800,27.8904,0.4555,0.4555
36.8804,pi,6.2800,27.8879,0.4555,0.4555
36.8854,pi,6.2800,27.9305,0.4546,0.4546
36.8904,pi,6.2800,27.9735,0.4538,0.4538
36.8954,pi,6.2800,27.9989,0.4533,0.4533
36.9004,pi,6.2800,28.0216,0.4528,0.4528
36.9054,pi,6.2800,27.9926,0.4534,0.4534
36.9104,pi,6.2800,28.0232,0.4528,0.4528
36.9154,pi,6.2800,27.9975,0.4533,0.4533
36.9204,pi,6.2800,28.0272,0.4527,0.4527
36.9254,pi,6.2800,28.0423,0.4524,0.4524
36.9304,pi,6.2800,28.0632,0.4520,0.4520
36.9354,pi,6.2800,28.0300,0.4527,0.4527
36.9404,pi,6.2800,27.9987,0.4533,0.4533
36.9454,pi,6.2800,28.0203,0.4529,0.4529
36.9504,pi,6.2800,28.0459,0.4523,0.4523
36.9553,pi,6.2800,28.0573,0.4521,0.4521
36.9604,pi,6.2800,28.0670,0.4519,0.4519
36.9654,pi,6.2800,28.0290,0.4527,0.4527
36.9704,pi,6.2800,28.0444,0.4524,0.4524
36.9754,pi,6.2800,28.0114,0.4530,0.4530
36.9804,pi,6.2800,27.9848,0.4536,0.4536
36.9854,pi,6.2800,27.9673,0.4539,0.4539
36.9904,pi,6.2800,27.9954,0.4533,0.4533
36.9954,pi,6.2800,27.9753,0.4538,0.4538
37.0004,pi,6.2800,27.9596,0.4541,0.4541
37.0054,pi,6.2800,27.9466,0.4543,0.4543
37.0110,pi,6.2800,27.9357,0.4545,0.4545
37.0159,pi,6.2800,27.9273,0.4547,0.4547
37.0207,pi,6.2800,27.9210,0.4548,0.4548
37.0255,pi,6.2800,27.9154,0.4550,0.4550
37.0304,pi,6.2800,27.9106,0.4550,0.4550
37.0353,pi,6.2800,27.9027,0.4552,0.4552
37.0404,pi,6.2800,27.8507,0.4562,0.4562
37.0453,pi,6.2800,27.8547,0.4562,0.4562
37.0504,pi,6.2800,27.7120,0.4590,0.4590
37.0553,pi,6.2800,27.6531,0.4602,0.4602
37.0604,pi,6.2800,27.6012,0.4612,0.4612
37.0653,pi,6.2800,27.5654,0.4620,0.4620
37.0703,pi,6.2800,27.5364,0.4625,0.4625
37.0754,pi,6.2800,27.5074,0.4631,0.4631
37.0805,pi,6.2800,27.4835,0.4636,0.4636
37.0863,pi,6.2800,27.4606,0.4640,0.4640
37.0917,pi,6.2800,27.4939,0.4634,0.4634
37.0961,pi,6.2800,27.4739,0.4638,0.4638
37.1004,pi,6.2800,27.6080,0.4611,0.4611
37.1054,pi,6.2800,27.7149,0.4590,0.4590
37.1104,pi,6.2800,27.7917,0.4574,0.4574
37.1154,pi,6.2800,27.8626,0.4560,0.4560
37.1206,pi,6.2800,27.9697,0.4539,0.4539
37.1263,pi,6.2800,28.0548,0.4522,0.4522
37.1312,pi,6.2800,28.1103,0.4511,0.4511
37.1354,pi,6.2800,28.2015,0.4492,0.4492
37.1404,pi,6.2800,28.2765,0.4477,0.4477
37.1454,pi,6.2800,28.2994,0.4473,0.4473
37.1505,pi,6.2800,28.3062,0.4471,0.4471
37.1571,pi,6.2800,28.2720,0.4478,0.4478
37.1617,pi,6.2800,28.2429,0.4484,0.4484
37.1664,pi,6.2800,28.2213,0.4488,0.4488
37.1712,pi,6.2800,28.1509,0.4502,0.4502
37.1757,pi,6.2800,27.9984,0.4533,0.4533
37.1812,pi,6.2800,27.9240,0.4548,0.4548
37.1859,pi,6.2800,27.8127,0.4570,0.4570
37.1910,pi,6.2800,27.7252,0.4588,0.4588
37.1965,pi,6.2800,27.6549,0.4602,0.4602
37.2013,pi,6.2800,27.3964,0.4653,0.4653
37.2061,pi,6.2800,27.2448,0.4684,0.4684
37.2106,pi,6.2800,27.1412,0.4704,0.4704
37.2155,pi,6.2800,26.9709,0.4738,0.4738
37.2203,pi,6.2800,26.8793,0.4757,0.4757
37.2253,pi,6.2800,26.8095,0.4771,0.4771
37.2303,pi,6.2800,26.8441,0.4764,0.4764
37.2355,pi,6.2800,26.8241,0.4768,0.4768
37.2407,pi,6.2800,26.8533,0.4762,0.4762
37.2463,pi,6.2800,26.8765,0.4757,0.4757
37.2504,pi,6.2800,26.8972,0.4753,0.4753
37.2553,pi,6.2800,27.0972,0.4713,0.4713
37.2603,pi,6.2800,27.2567,0.4681,0.4681
37.2654,pi,6.2800,27.3851,0.4656,0.4656
37.2704,pi,6.2800,27.6218,0.4608,0.4608
37.2754,pi,6.2800,27.7769,0.4577,0.4577
37.2803,pi,6.2800,27.9507,0.4542,0.4542
37.2853,pi,6.2800,28.0717,0.4518,0.4518
37.2903,pi,6.2800,28.1713,0.4498,0.4498
37.2953,pi,6.2800,28.2526,0.4482,0.4482
37.3004,pi,6.2800,28.3182,0.4469,0.4469
37.3057,pi,6.2800,28.3817,0.4456,0.4456
37.3105,pi,6.2800,28.4309,0.4446,0.4446
37.3154,pi,6.2800,28.4727,0.4438,0.4438
37.3206,pi,6.2800,28.4575,0.4441,0.4441
37.3257,pi,6.2800,28.4418,0.4444,0.4444
37.3303,pi,6.2800,28.3816,0.4456,0.4456
37.3353,pi,6.2800,28.3261,0.4467,0.4467
37.3403,pi,6.2800,28.2906,0.4474,0.4474
37.3453,pi,6.2800,28.2988,0.4473,0.4473
37.3504,pi,6.2800,28.2181,0.4489,0.4489
37.3553,pi,6.2800,28.1943,0.4494,0.4494
37.3603,pi,6.2800,28.1789,0.4497,0.4497
37.3653,pi,6.2800,28.1223,0.4508,0.4508
37.3704,pi,6.2800,28.0749,0.4518,0.4518
37.3754,pi,6.2800,28.0373,0.4525,0.4525
37.3804,pi,6.2800,28.0534,0.4522,0.4522
37.3854,pi,6.2800,28.0719,0.4518,0.4518
37.3903,pi,6.2800,28.0867,0.4515,0.4515
37.3953,pi,6.2800,28.0903,0.4515,0.4515
37.4003,pi,6.2800,28.0475,0.4523,0.4523
37.4054,pi,6.2800,28.0677,0.4519,0.4519
37.4103,pi,6.2800,28.0749,0.4518,0.4518
37.4154,pi,6.2800,28.0890,0.4515,0.4515
37.4203,pi,6.2800,28.1001,0.4513,0.4513
37.4253,pi,6.2800,28.1089,0.4511,0.4511
37.4303,pi,6.2800,28.0619,0.4520,0.4520
37.4353,pi,6.2800,27.9797,0.4537,0.4537
37.4403,pi,6.2800,27.9135,0.4550,0.4550
37.4454,pi,6.2800,27.8584,0.4561,0.4561
37.4511,pi,6.2800,27.8106,0.4570,0.4570
37.4562,pi,6.2800,27.7268,0.4587,0.4587
37.4607,pi,6.2800,27.6595,0.4601,0.4601
37.4653,pi,6.2800,27.6512,0.4602,0.4602
37.4703,pi,6.2800,27.6059,0.4611,0.4611
37.4753,pi,6.2800,27.5695,0.4619,0.4619
37.4804,pi,6.2800,27.5826,0.4616,0.4616
37.4855,pi,6.2800,27.6439,0.4604,0.4604
37.4903,pi,6.2800,27.6932,0.4594,0.4594
37.4953,pi,6.2800,27.7291,0.4587,0.4587
37.5004,pi,6.2800,27.7575,0.4581,0.4581
37.5054,pi,6.2800,27.7840,0.4576,0.4576
37.5104,pi,6.2800,27.8028,0.4572,0.4572
37.5154,pi,6.2800,27.8171,0.4569,0.4569
37.5206,pi,6.2800,27.8319,0.4566,0.4566
37.5263,pi,6.2800,27.8416,0.4564,0.4564
37.5306,pi,6.2800,27.8519,0.4562,0.4562
37.5353,pi,6.2800,27.9023,0.4552,0.4552
37.5403,pi,6.2800,27.8983,0.4553,0.4553
37.5453,pi,6.2800,27.8952,0.4554,0.4554
37.5503,pi,6.2800,27.8920,0.4554,0.4554
37.5553,pi,6.2800,27.8908,0.4554,0.4554
37.5604,pi,6.2800,27.9423,0.4544,0.4544
37.5653,pi,6.2800,27.9749,0.4538,0.4538
37.5703,pi,6.2800,28.0016,0.4532,0.4532
37.5753,pi,6.2800,28.0222,0.4528,0.4528
37.5804,pi,6.2800,28.0850,0.4516,0.4516
37.5853,pi,6.2800,28.1363,0.4505,0.4505
37.5904,pi,6.2800,28.1385,0.4505,0.4505
37.5954,pi,6.2800,28.1401,0.4505,0.4505
37.6003,pi,6.2800,28.1409,0.4504,0.4504
37.6054,pi,6.2800,28.1420,0.4504,0.4504
37.6104,pi,6.2800,28.0921,0.4514,0.4514
37.6154,pi,6.2800,27.9517,0.4542,0.4542
37.6203,pi,6.2800,27.8400,0.4565,0.4565
37.6253,pi,6.2800,27.7982,0.4573,0.4573
37.6304,pi,6.2800,27.7140,0.4590,0.4590
37.6354,pi,6.2800,27.6503,0.4603,0.4603
37.6403,pi,6.2800,27.6042,0.4612,0.4612
37.6453,pi,6.2800,27.5673,0.4619,0.4619
37.6504,pi,6.2800,27.5790,0.4617,0.4617
37.6553,pi,6.2800,27.5916,0.4614,0.4614
37.6603,pi,6.2800,27.6024,0.4612,0.4612
37.6654,pi,6.2800,27.7602,0.4581,0.4581
37.6704,pi,6.2800,27.8368,0.4565,0.4565
37.6753,pi,6.2800,27.9344,0.4546,0.4546
37.6803,pi,6.2800,27.9707,0.4538,0.4538
37.6853,pi,6.2800,28.0007,0.4532,0.4532
37.6904,pi,6.2800,28.0297,0.4527,0.4527
37.6953,pi,6.2800,28.0525,0.4522,0.4522
37.7003,pi,6.2800,28.0615,0.4520,0.4520
37.7053,pi,6.2800,28.0286,0.4527,0.4527
37.7103,pi,6.2800,27.9988,0.4533,0.4533
37.7153,pi,6.2800,27.9745,0.4538,0.4538
37.7203,pi,6.2800,27.9572,0.4541,0.4541
37.7254,pi,6.2800,27.9875,0.4535,0.4535
37.7304,pi,6.2800,27.9667,0.4539,0.4539
37.7354,pi,6.2800,27.9487,0.4543,0.4543
37.7405,pi,6.2800,27.9361,0.4545,0.4545
37.7457,pi,6.2800,27.9747,0.4538,0.4538
37.7507,pi,6.2800,28.0065,0.4531,0.4531
37.7553,pi,6.2800,28.0340,0.4526,0.4526
37.7603,pi,6.2800,28.0562,0.4521,0.4521
37.7653,pi,6.2800,28.0659,0.4519,0.4519
37.7703,pi,6.2800,28.0740,0.4518,0.4518
37.7753,pi,6.2800,28.0353,0.4526,0.4526
37.7804,pi,6.2800,28.0036,0.4532,0.4532
37.7854,pi,6.2800,27.9807,0.4536,0.4536
37.7903,pi,6.2800,28.0042,0.4532,0.4532
37.7954,pi,6.2800,28.0268,0.4527,0.4527
37.8004,pi,6.2800,28.0002,0.4533,0.4533
37.8053,pi,6.2800,27.9792,0.4537,0.4537
37.8103,pi,6.2800,27.9598,0.4541,0.4541
37.8154,pi,6.2800,27.9966,0.4533,0.4533
37.8203,pi,6.2800,28.0222,0.4528,0.4528
37.8253,pi,6.2800,28.0465,0.4523,0.4523
37.8304,pi,6.2800,28.0629,0.4520,0.4520
37.8354,pi,6.2800,28.0796,0.4517,0.4517
37.8405,pi,6.2800,28.0821,0.4516,0.4516
37.8453,pi,6.2800,28.0911,0.4514,0.4514
37.8503,pi,6.2800,28.0936,0.4514,0.4514
37.8553,pi,6.2800,28.0968,0.4513,0.4513
37.8603,pi,6.2800,28.1068,0.4511,0.4511
37.8653,pi,6.2800,28.1057,0.4511,0.4511
37.8704,pi,6.2800,28.0630,0.4520,0.4520
37.8753,pi,6.2800,28.0291,0.4527,0.4527
37.8803,pi,6.2800,27.9988,0.4533,0.4533
37.8853,pi,6.2800,27.9774,0.4537,0.4537
37.8904,pi,6.2800,27.9581,0.4541,0.4541
37.8954,pi,6.2800,27.9057,0.4551,0.4551
37.9005,pi,6.2800,27.8525,0.4562,0.4562
37.9054,pi,6.2800,27.8570,0.4561,0.4561
37.9104,pi,6.2800,27.8602,0.4561,0.4561
37.9153,pi,6.2800,27.8665,0.4559,0.4559
37.9203,pi,6.2800,27.8675,0.4559,0.4559
37.9254,pi,6.2800,27.8734,0.4558,0.4558
37.9304,pi,6.2800,27.8731,0.4558,0.4558
37.9354,pi,6.2800,27.8761,0.4557,0.4557
37.9404,pi,6.2800,27.8801,0.4557,0.4557
37.9453,pi,6.2800,27.8792,0.4557,0.4557
37.9504,pi,6.2800,27.9310,0.4546,0.4546
37.9554,pi,6.2800,27.9237,0.4548,0.4548
37.9603,pi,6.2800,27.9173,0.4549,0.4549
37.9653,pi,6.2800,27.9128,0.4550,0.4550
37.9703,pi,6.2800,27.9063,0.4551,0.4551
37.9753,pi,6.2800,27.9010,0.4552,0.4552
37.9803,pi,6.2800,27.8974,0.4553,0.4553
37.9854,pi,6.2800,27.8981,0.4553,0.4553
37.9905,pi,6.2800,27.8955,0.4553,0.4553
37.9954,pi,6.2800,27.9443,0.4544,0.4544
38.0003,pi,6.2800,27.9745,0.4538,0.4538
38.0053,pi,6.2800,27.9577,0.4541,0.4541
38.0103,pi,6.2800,27.9452,0.4544,0.4544
38.0154,pi,6.2800,27.9351,0.4546,0.4546
38.0203,pi,6.2800,27.9761,0.4537,0.4537
38.0254,pi,6.2800,28.0075,0.4531,0.4531
38.0304,pi,6.2800,28.0337,0.4526,0.4526
38.0354,pi,6.2800,28.0543,0.4522,0.4522
38.0403,pi,6.2800,27.9708,0.4538,0.4538
38.0453,pi,6.2800,27.9509,0.4542,0.4542
38.0503,pi,6.2800,27.8923,0.4554,0.4554
38.0556,pi,6.2800,27.8400,0.4565,0.4565
38.0610,pi,6.2800,27.8422,0.4564,0.4564
38.0657,pi,6.2800,27.8454,0.4563,0.4563
38.0703,pi,6.2800,27.8055,0.4571,0.4571
38.0753,pi,6.2800,27.7749,0.4578,0.4578
38.0804,pi,6.2800,27.7481,0.4583,0.4583
38.0853,pi,6.2800,27.7267,0.4587,0.4587
38.0904,pi,6.2800,27.8105,0.4570,0.4570
38.0953,pi,6.2800,27.8779,0.4557,0.4557
38.1003,pi,6.2800,27.9311,0.4546,0.4546
38.1053,pi,6.2800,27.9647,0.4540,0.4540
38.1105,pi,6.2800,27.9493,0.4543,0.4543
38.1154,pi,6.2800,27.9413,0.4544,0.4544
38.1204,pi,6.2800,27.9806,0.4536,0.4536
38.1254,pi,6.2800,27.9630,0.4540,0.4540
38.1304,pi,6.2800,27.9964,0.4533,0.4533
38.1354,pi,6.2800,28.0226,0.4528,0.4528
38.1403,pi,6.2800,28.0394,0.4525,0.4525
38.1454,pi,6.2800,28.0109,0.4530,0.4530
38.1509,pi,6.2800,27.9866,0.4535,0.4535
38.1561,pi,6.2800,27.9658,0.4539,0.4539
38.1624,pi,6.2800,27.9443,0.4544,0.4544
38.1685,pi,6.2800,27.9318,0.4546,0.4546
38.1727,pi,6.2800,27.9207,0.4548,0.4548
38.1771,pi,6.2800,27.8690,0.4559,0.4559
38.1814,pi,6.2800,27.8708,0.4558,0.4558
38.1857,pi,6.2800,27.8750,0.4558,0.4558
38.1906,pi,6.2800,27.8789,0.4557,0.4557
38.1953,pi,6.2800,27.8820,0.4556,0.4556
38.2006,pi,6.2800,27.8844,0.4556,0.4556
38.2059,pi,6.2800,27.8813,0.4556,0.4556
38.2105,pi,6.2800,27.9258,0.4547,0.4547
38.2156,pi,6.2800,27.9181,0.4549,0.4549
38.2204,pi,6.2800,27.9640,0.4540,0.4540
38.2261,pi,6.2800,27.9979,0.4533,0.4533
38.2304,pi,6.2800,27.9244,0.4548,0.4548
38.2355,pi,6.2800,27.8183,0.4569,0.4569
38.2405,pi,6.2800,27.7330,0.4586,0.4586
38.2454,pi,6.2800,27.6644,0.4600,0.4600
38.2504,pi,6.2800,27.6604,0.4600,0.4600
38.2554,pi,6.2800,27.6596,0.4601,0.4601
38.2604,pi,6.2800,27.6591,0.4601,0.4601
38.2654,pi,6.2800,27.6565,0.4601,0.4601
38.2707,pi,6.2800,27.7001,0.4593,0.4593
38.2755,pi,6.2800,27.6884,0.4595,0.4595
38.2809,pi,6.2800,27.6818,0.4596,0.4596
38.2857,pi,6.2800,27.7244,0.4588,0.4588
38.2906,pi,6.2800,27.7546,0.4582,0.4582
38.2954,pi,6.2800,27.7784,0.4577,0.4577
38.3004,pi,6.2800,27.7516,0.4582,0.4582
38.3054,pi,6.2800,27.7312,0.4586,0.4586
38.3104,pi,6.2800,27.7597,0.4581,0.4581
38.3154,pi,6.2800,27.7840,0.4576,0.4576
38.3203,pi,6.2800,27.8039,0.4572,0.4572
38.3254,pi,6.2800,27.7742,0.4578,0.4578
38.3304,pi,6.2800,27.7519,0.4582,0.4582
38.3354,pi,6.2800,27.7769,0.4577,0.4577
38.3404,pi,6.2800,27.8431,0.4564,0.4564
38.3453,pi,6.2800,27.8955,0.4553,0.4553
38.3503,pi,6.2800,27.9385,0.4545,0.4545
38.3561,pi,6.2800,28.0281,0.4527,0.4527
38.3612,pi,6.2800,28.0500,0.4523,0.4523
38.3654,pi,6.2800,28.0679,0.4519,0.4519
38.3703,pi,6.2800,28.0825,0.4516,0.4516
38.3754,pi,6.2800,28.0955,0.4513,0.4513
38.3804,pi,6.2800,28.1048,0.4512,0.4512
38.3864,pi,6.2800,28.0617,0.4520,0.4520
38.3926,pi,6.2800,28.0250,0.4528,0.4528
38.3969,pi,6.2800,28.0413,0.4524,0.4524
38.4012,pi,6.2800,28.0095,0.4531,0.4531
38.4054,pi,6.2800,28.0286,0.4527,0.4527
38.4104,pi,6.2800,28.0019,0.4532,0.4532
38.4154,pi,6.2800,27.9801,0.4537,0.4537
38.4204,pi,6.2800,27.9612,0.4540,0.4540
38.4254,pi,6.2800,27.9453,0.4544,0.4544
38.4304,pi,6.2800,27.9857,0.4535,0.4535
38.4353,pi,6.2800,27.9628,0.4540,0.4540
38.4404,pi,6.2800,27.9921,0.4534,0.4534
38.4454,pi,6.2800,27.9728,0.4538,0.4538
38.4511,pi,6.2800,28.0058,0.4531,0.4531
38.4554,pi,6.2800,27.9819,0.4536,0.4536
38.4604,pi,6.2800,27.9625,0.4540,0.4540
38.4654,pi,6.2800,27.9977,0.4533,0.4533
38.4704,pi,6.2800,28.0262,0.4527,0.4527
38.4754,pi,6.2800,28.0492,0.4523,0.4523
38.4804,pi,6.2800,28.0590,0.4521,0.4521
38.4854,pi,6.2800,28.0769,0.4517,0.4517
38.4903,pi,6.2800,28.1280,0.4507,0.4507
38.4954,pi,6.2800,28.1319,0.4506,0.4506
38.5004,pi,6.2800,28.1343,0.4506,0.4506
38.5053,pi,6.2800,28.1286,0.4507,0.4507
38.5104,pi,6.2800,28.1243,0.4508,0.4508
38.5154,pi,6.2800,28.1210,0.4508,0.4508
38.5204,pi,6.2800,28.0761,0.4517,0.4517
38.5254,pi,6.2800,28.0402,0.4525,0.4525
38.5304,pi,6.2800,28.0112,0.4530,0.4530
38.5353,pi,6.2800,27.8935,0.4554,0.4554
38.5404,pi,6.2800,27.7998,0.4573,0.4573
38.5454,pi,6.2800,27.7237,0.4588,0.4588
38.5504,pi,6.2800,27.6614,0.4600,0.4600
38.5554,pi,6.2800,27.6077,0.4611,0.4611
38.5604,pi,6.2800,27.5649,0.4620,0.4620
38.5654,pi,6.2800,27.5304,0.4626,0.4626
38.5703,pi,6.2800,27.5535,0.4622,0.4622
38.5754,pi,6.2800,27.5720,0.4618,0.4618
38.5804,pi,6.2800,27.5870,0.4615,0.4615
38.5854,pi,6.2800,27.6976,0.4593,0.4593
38.5903,pi,6.2800,27.7861,0.4575,0.4575
38.5954,pi,6.2800,27.8077,0.4571,0.4571
38.6004,pi,6.2800,27.8206,0.4568,0.4568
38.6054,pi,6.2800,27.8322,0.4566,0.4566
38.6104,pi,6.2800,27.8955,0.4553,0.4553
38.6153,pi,6.2800,27.9370,0.4545,0.4545
38.6204,pi,6.2800,27.9288,0.4547,0.4547
38.6254,pi,6.2800,27.9225,0.4548,0.4548
38.6303,pi,6.2800,27.9132,0.4550,0.4550
38.6354,pi,6.2800,27.9600,0.4541,0.4541
38.6403,pi,6.2800,27.9890,0.4535,0.4535
38.6454,pi,6.2800,28.0123,0.4530,0.4530
38.6504,pi,6.2800,28.0392,0.4525,0.4525
38.6553,pi,6.2800,28.0975,0.4513,0.4513
38.6604,pi,6.2800,28.1074,0.4511,0.4511
38.6654,pi,6.2800,28.1156,0.4509,0.4509
38.6704,pi,6.2800,28.1130,0.4510,0.4510
38.6754,pi,6.2800,28.1201,0.4509,0.4509
38.6804,pi,6.2800,28.1258,0.4507,0.4507
38.6853,pi,6.2800,28.1207,0.4508,0.4508
38.6904,pi,6.2800,28.1180,0.4509,0.4509
38.6954,pi,6.2800,28.1151,0.4510,0.4510
38.7004,pi,6.2800,28.1218,0.4508,0.4508
38.7053,pi,6.2800,28.0763,0.4517,0.4517
38.7107,pi,6.2800,28.0379,0.4525,0.4525
38.7155,pi,6.2800,28.0079,0.4531,0.4531
38.7207,pi,6.2800,28.0348,0.4526,0.4526
38.7253,pi,6.2800,28.0485,0.4523,0.4523
38.7304,pi,6.2800,28.0601,0.4521,0.4521
38.7353,pi,6.2800,28.0688,0.4519,0.4519
38.7404,pi,6.2800,28.0339,0.4526,0.4526
38.7453,pi,6.2800,28.0566,0.4521,0.4521
38.7503,pi,6.2800,28.0666,0.4519,0.4519
38.7554,pi,6.2800,28.0751,0.4518,0.4518
38.7604,pi,6.2800,28.0814,0.4516,0.4516
38.7655,pi,6.2800,28.0893,0.4515,0.4515
38.7705,pi,6.2800,28.0944,0.4514,0.4514
38.7756,pi,6.2800,28.0525,0.4522,0.4522
38.7806,pi,6.2800,28.0179,0.4529,0.4529
38.7854,pi,6.2800,27.8983,0.4553,0.4553
38.7904,pi,6.2800,27.8029,0.4572,0.4572
38.7954,pi,6.2800,27.7206,0.4588,0.4588
38.8004,pi,6.2800,27.6539,0.4602,0.4602
38.8054,pi,6.2800,27.6011,0.4612,0.4612
38.8104,pi,6.2800,27.5596,0.4621,0.4621
38.8154,pi,6.2800,27.5258,0.4627,0.4627
38.8204,pi,6.2800,27.4988,0.4633,0.4633
38.8254,pi,6.2800,27.4768,0.4637,0.4637
38.8304,pi,6.2800,27.5099,0.4631,0.4631
38.8354,pi,6.2800,27.6362,0.4605,0.4605
38.8405,pi,6.2800,27.7366,0.4585,0.4585
38.8454,pi,6.2800,27.7681,0.4579,0.4579
38.8504,pi,6.2800,27.7938,0.4574,0.4574
38.8553,pi,6.2800,27.8559,0.4561,0.4561
38.8604,pi,6.2800,27.9054,0.4551,0.4551
38.8654,pi,6.2800,27.9450,0.4544,0.4544
38.8704,pi,6.2800,27.9767,0.4537,0.4537
38.8754,pi,6.2800,28.0109,0.4530,0.4530
38.8804,pi,6.2800,27.9881,0.4535,0.4535
38.8854,pi,6.2800,28.0200,0.4529,0.4529
38.8903,pi,6.2800,28.0371,0.4525,0.4525
38.8954,pi,6.2800,28.0510,0.4522,0.4522
38.9004,pi,6.2800,28.0621,0.4520,0.4520
38.9054,pi,6.2800,28.0291,0.4527,0.4527
38.9104,pi,6.2800,28.0530,0.4522,0.4522
38.9153,pi,6.2800,28.0637,0.4520,0.4520
38.9204,pi,6.2800,28.0806,0.4516,0.4516
38.9253,pi,6.2800,28.0850,0.4516,0.4516
38.9304,pi,6.2800,28.1475,0.4503,0.4503
38.9354,pi,6.2800,28.1474,0.4503,0.4503
38.9404,pi,6.2800,28.1474,0.4503,0.4503
38.9453,pi,6.2800,28.1383,0.4505,0.4505
38.9504,pi,6.2800,28.1315,0.4506,0.4506
38.9554,pi,6.2800,28.1262,0.4507,0.4507
38.9604,pi,6.2800,28.0803,0.4517,0.4517
38.9654,pi,6.2800,28.0921,0.4514,0.4514
38.9704,pi,6.2800,28.1030,0.4512,0.4512
38.9754,pi,6.2800,28.1116,0.4510,0.4510
38.9804,pi,6.2800,28.1104,0.4511,0.4511
38.9854,pi,6.2800,28.0626,0.4520,0.4520
38.9904,pi,6.2800,28.0716,0.4518,0.4518
38.9954,pi,6.2800,28.0867,0.4515,0.4515
39.0003,pi,6.2800,28.0988,0.4513,0.4513
39.0053,pi,6.2800,28.1006,0.4512,0.4512
39.0109,pi,6.2800,28.1100,0.4511,0.4511
39.0166,pi,6.2800,28.1165,0.4509,0.4509
39.0218,pi,6.2800,28.1217,0.4508,0.4508
39.0268,pi,6.2800,28.1267,0.4507,0.4507
39.0318,pi,6.2800,28.1307,0.4506,0.4506
39.0360,pi,6.2800,28.0795,0.4517,0.4517
39.0404,pi,6.2800,27.9924,0.4534,0.4534
39.0454,pi,6.2800,27.9231,0.4548,0.4548
39.0503,pi,6.2800,27.8688,0.4559,0.4559
39.0554,pi,6.2800,27.8232,0.4568,0.4568
39.0607,pi,6.2800,27.7868,0.4575,0.4575
39.0655,pi,6.2800,27.7591,0.4581,0.4581
39.0703,pi,6.2800,27.6931,0.4594,0.4594
39.0754,pi,6.2800,27.6850,0.4596,0.4596
39.0804,pi,6.2800,27.6788,0.4597,0.4597
39.0854,pi,6.2800,27.6727,0.4598,0.4598
39.0904,pi,6.2800,27.7132,0.4590,0.4590
39.0954,pi,6.2800,27.7459,0.4583,0.4583
39.1004,pi,6.2800,27.8259,0.4567,0.4567
39.1053,pi,6.2800,27.8808,0.4556,0.4556
39.1104,pi,6.2800,27.9259,0.4547,0.4547
39.1154,pi,6.2800,27.9628,0.4540,0.4540
39.1205,pi,6.2800,27.9999,0.4533,0.4533
39.1253,pi,6.2800,28.0202,0.4529,0.4529
39.1305,pi,6.2800,27.9910,0.4534,0.4534
39.1360,pi,6.2800,28.0201,0.4529,0.4529
39.1408,pi,6.2800,28.0452,0.4524,0.4524
39.1456,pi,6.2800,28.0570,0.4521,0.4521
39.1504,pi,6.2800,28.0664,0.4519,0.4519
39.1554,pi,6.2800,28.0313,0.4526,0.4526
39.1603,pi,6.2800,28.0464,0.4523,0.4523
39.1654,pi,6.2800,28.0573,0.4521,0.4521
39.1705,pi,6.2800,28.0673,0.4519,0.4519
39.1769,pi,6.2800,28.0803,0.4517,0.4517
39.1813,pi,6.2800,28.0850,0.4516,0.4516
39.1859,pi,6.2800,28.1364,0.4505,0.4505
39.1908,pi,6.2800,28.1384,0.4505,0.4505
39.1956,pi,6.2800,28.1393,0.4505,0.4505
39.2013,pi,6.2800,28.1353,0.4506,0.4506
39.2063,pi,6.2800,28.1370,0.4505,0.4505
39.2108,pi,6.2800,28.0864,0.4515,0.4515
39.2157,pi,6.2800,28.0464,0.4523,0.4523
39.2207,pi,6.2800,28.0641,0.4520,0.4520
39.2256,pi,6.2800,28.0701,0.4519,0.4519
39.2306,pi,6.2800,28.0839,0.4516,0.4516
39.2354,pi,6.2800,28.0864,0.4515,0.4515
39.2407,pi,6.2800,28.0470,0.4523,0.4523
39.2456,pi,6.2800,28.0131,0.4530,0.4530
39.2505,pi,6.2800,27.9860,0.4535,0.4535
39.2553,pi,6.2800,27.9693,0.4539,0.4539
39.2604,pi,6.2800,27.9528,0.4542,0.4542
39.2654,pi,6.2800,27.9390,0.4545,0.4545
39.2703,pi,6.2800,27.9287,0.4547,0.4547
39.2755,pi,6.2800,27.8719,0.4558,0.4558
39.2808,pi,6.2800,27.8259,0.4567,0.4567
39.2855,pi,6.2800,27.7914,0.4574,0.4574
39.2903,pi,6.2800,27.7622,0.4580,0.4580
39.2953,pi,6.2800,27.7388,0.4585,0.4585
39.3003,pi,6.2800,27.7208,0.4588,0.4588
39.3053,pi,6.2800,27.7053,0.4592,0.4592
39.3103,pi,6.2800,27.6929,0.4594,0.4594
39.3153,pi,6.2800,27.7329,0.4586,0.4586
39.3203,pi,6.2800,27.7643,0.4580,0.4580
39.3253,pi,6.2800,27.7853,0.4576,0.4576
39.3304,pi,6.2800,27.8043,0.4572,0.4572
39.3354,pi,6.2800,27.8223,0.4568,0.4568
39.3403,pi,6.2800,27.8783,0.4557,0.4557
39.3454,pi,6.2800,27.9322,0.4546,0.4546
39.3504,pi,6.2800,27.9746,0.4538,0.4538
39.3554,pi,6.2800,28.0083,0.4531,0.4531
39.3604,pi,6.2800,28.0858,0.4515,0.4515
39.3653,pi,6.2800,28.1351,0.4506,0.4506
39.3704,pi,6.2800,28.1289,0.4507,0.4507
39.3754,pi,6.2800,28.1319,0.4506,0.4506
39.3804,pi,6.2800,28.1345,0.4506,0.4506
39.3853,pi,6.2800,28.1285,0.4507,0.4507
39.3903,pi,6.2800,28.1715,0.4498,0.4498
39.3953,pi,6.2800,28.1590,0.4501,0.4501
39.4003,pi,6.2800,28.1494,0.4503,0.4503
39.4053,pi,6.2800,28.1417,0.4504,0.4504
39.4104,pi,6.2800,28.1364,0.4505,0.4505
39.4153,pi,6.2800,28.0857,0.4515,0.4515
39.4203,pi,6.2800,28.0442,0.4524,0.4524
39.4253,pi,6.2800,28.0118,0.4530,0.4530
39.4303,pi,6.2800,28.0314,0.4526,0.4526
39.4354,pi,6.2800,28.0543,0.4522,0.4522
39.4404,pi,6.2800,28.0209,0.4528,0.4528
39.4454,pi,6.2800,27.9947,0.4534,0.4534
39.4503,pi,6.2800,27.9734,0.4538,0.4538
39.4553,pi,6.2800,27.9562,0.4541,0.4541
39.4603,pi,6.2800,27.9925,0.4534,0.4534
39.4654,pi,6.2800,28.0197,0.4529,0.4529
39.4703,pi,6.2800,28.0438,0.4524,0.4524
39.4753,pi,6.2800,28.0129,0.4530,0.4530
39.4803,pi,6.2800,27.9897,0.4535,0.4535
39.4858,pi,6.2800,27.9192,0.4549,0.4549
39.4905,pi,6.2800,27.8629,0.4560,0.4560
39.4959,pi,6.2800,27.8185,0.4569,0.4569
39.5009,pi,6.2800,27.8326,0.4566,0.4566
39.5065,pi,6.2800,27.8440,0.4564,0.4564
39.5116,pi,6.2800,27.8006,0.4572,0.4572
39.5159,pi,6.2800,27.7703,0.4579,0.4579
39.5208,pi,6.2800,27.7450,0.4584,0.4584
39.5256,pi,6.2800,27.7752,0.4578,0.4578
39.5307,pi,6.2800,27.7485,0.4583,0.4583
39.5356,pi,6.2800,27.7733,0.4578,0.4578
39.5404,pi,6.2800,27.8402,0.4565,0.4565
39.5454,pi,6.2800,27.8947,0.4554,0.4554
39.5504,pi,6.2800,27.9380,0.4545,0.4545
39.5554,pi,6.2800,27.9274,0.4547,0.4547
39.5604,pi,6.2800,27.9190,0.4549,0.4549
39.5653,pi,6.2800,27.9142,0.4550,0.4550
39.5703,pi,6.2800,27.9515,0.4542,0.4542
39.5753,pi,6.2800,27.9824,0.4536,0.4536
39.5804,pi,6.2800,28.0076,0.4531,0.4531
39.5854,pi,6.2800,28.0272,0.4527,0.4527
39.5903,pi,6.2800,27.9969,0.4533,0.4533
39.5953,pi,6.2800,28.0187,0.4529,0.4529
39.6004,pi,6.2800,28.0440,0.4524,0.4524
39.6053,pi,6.2800,28.0644,0.4520,0.4520
39.6104,pi,6.2800,28.0809,0.4516,0.4516
39.6154,pi,6.2800,28.0935,0.4514,0.4514
39.6203,pi,6.2800,28.1405,0.4504,0.4504
39.6253,pi,6.2800,28.1336,0.4506,0.4506
39.6303,pi,6.2800,28.1283,0.4507,0.4507
39.6354,pi,6.2800,28.1227,0.4508,0.4508
39.6403,pi,6.2800,28.1193,0.4509,0.4509
39.6453,pi,6.2800,28.1621,0.4500,0.4500
39.6504,pi,6.2800,28.1498,0.4503,0.4503
39.6553,pi,6.2800,28.1408,0.4504,0.4504
39.6604,pi,6.2800,28.1423,0.4504,0.4504
39.6653,pi,6.2800,28.1340,0.4506,0.4506
39.6703,pi,6.2800,28.1285,0.4507,0.4507
39.6754,pi,6.2800,28.0820,0.4516,0.4516
39.6803,pi,6.2800,28.0448,0.4524,0.4524
39.6853,pi,6.2800,28.0150,0.4530,0.4530
39.6903,pi,6.2800,27.9912,0.4534,0.4534
39.6953,pi,6.2800,27.9680,0.4539,0.4539
39.7004,pi,6.2800,27.9033,0.4552,0.4552
39.7053,pi,6.2800,27.8517,0.4562,0.4562
39.7103,pi,6.2800,27.8565,0.4561,0.4561
39.7153,pi,6.2800,27.8601,0.4561,0.4561
39.7203,pi,6.2800,27.8635,0.4560,0.4560
39.7254,pi,6.2800,27.8656,0.4559,0.4559
39.7308,pi,6.2800,27.8712,0.4558,0.4558
39.7366,pi,6.2800,27.8744,0.4558,0.4558
39.7424,pi,6.2800,27.8763,0.4557,0.4557
39.7467,pi,6.2800,27.8804,0.4557,0.4557
39.7510,pi,6.2800,27.8825,0.4556,0.4556
39.7558,pi,6.2800,27.8816,0.4556,0.4556
39.7607,pi,6.2800,27.8343,0.4566,0.4566
39.7658,pi,6.2800,27.8453,0.4564,0.4564
39.7708,pi,6.2800,27.8521,0.4562,0.4562
39.7757,pi,6.2800,27.8609,0.4560,0.4560
39.7806,pi,6.2800,27.8642,0.4560,0.4560
39.7854,pi,6.2800,27.8662,0.4559,0.4559
39.7904,pi,6.2800,27.8695,0.4559,0.4559
39.7954,pi,6.2800,27.8747,0.4558,0.4558
39.8004,pi,6.2800,27.9203,0.4549,0.4549
39.8054,pi,6.2800,27.9658,0.4539,0.4539
39.8104,pi,6.2800,27.9932,0.4534,0.4534
39.8154,pi,6.2800,28.0607,0.4520,0.4520
39.8204,pi,6.2800,28.0706,0.4518,0.4518
39.8254,pi,6.2800,28.0805,0.4516,0.4516
39.8304,pi,6.2800,28.0859,0.4515,0.4515
39.8354,pi,6.2800,28.0887,0.4515,0.4515
39.8405,pi,6.2800,28.1504,0.4502,0.4502
39.8453,pi,6.2800,28.1998,0.4493,0.4493
39.8504,pi,6.2800,28.1890,0.4495,0.4495
39.8554,pi,6.2800,28.1809,0.4496,0.4496
39.8604,pi,6.2800,28.1742,0.4498,0.4498
39.8654,pi,6.2800,28.1597,0.4501,0.4501
39.8704,pi,6.2800,28.1068,0.4511,0.4511
39.8753,pi,6.2800,28.1068,0.4511,0.4511
39.8805,pi,6.2800,28.1151,0.4510,0.4510
39.8853,pi,6.2800,28.1120,0.4510,0.4510
39.8904,pi,6.2800,28.1103,0.4511,0.4511
39.8954,pi,6.2800,28.0637,0.4520,0.4520
39.9004,pi,6.2800,28.0263,0.4527,0.4527
39.9054,pi,6.2800,27.9963,0.4533,0.4533
39.9104,pi,6.2800,27.9721,0.4538,0.4538
39.9154,pi,6.2800,27.9528,0.4542,0.4542
39.9204,pi,6.2800,27.9371,0.4545,0.4545
39.9254,pi,6.2800,27.8781,0.4557,0.4557
39.9304,pi,6.2800,27.8812,0.4556,0.4556
39.9354,pi,6.2800,27.8336,0.4566,0.4566
39.9404,pi,6.2800,27.8463,0.4563,0.4563
39.9454,pi,6.2800,27.8060,0.4571,0.4571
39.9504,pi,6.2800,27.8198,0.4569,0.4569
39.9554,pi,6.2800,27.8350,0.4566,0.4566
39.9603,pi,6.2800,27.8432,0.4564,0.4564
39.9654,pi,6.2800,27.8495,0.4563,0.4563
39.9704,pi,6.2800,27.8544,0.4562,0.4562
39.9754,pi,6.2800,27.8587,0.4561,0.4561
39.9804,pi,6.2800,27.8664,0.4559,0.4559
39.9854,pi,6.2800,27.8678,0.4559,0.4559
39.9904,pi,6.2800,27.8735,0.4558,0.4558
39.9953,pi,6.2800,27.8736,0.4558,0.4558
40.0004,pi,6.2800,27.9656,0.4539,0.4539
40.0054,pi,6.2800,27.9475,0.4543,0.4543
40.0104,pi,6.2800,27.9875,0.4535,0.4535
40.0153,pi,6.2800,28.0106,0.4530,0.4530
40.0203,pi,6.2800,28.0297,0.4527,0.4527
40.0254,pi,6.2800,28.0454,0.4523,0.4523
40.0305,pi,6.2800,28.0156,0.4529,0.4529
40.0356,pi,6.2800,27.9910,0.4534,0.4534
40.0403,pi,6.2800,28.0216,0.4528,0.4528
40.0453,pi,6.2800,28.0381,0.4525,0.4525
40.0503,pi,6.2800,28.0099,0.4531,0.4531
40.0554,pi,6.2800,27.9834,0.4536,0.4536
40.0605,pi,6.2800,27.9658,0.4539,0.4539
40.0655,pi,6.2800,28.0012,0.4532,0.4532
40.0706,pi,6.2800,28.0292,0.4527,0.4527
40.0757,pi,6.2800,28.0516,0.4522,0.4522
40.0806,pi,6.2800,28.0606,0.4520,0.4520
40.0859,pi,6.2800,28.0775,0.4517,0.4517
40.0908,pi,6.2800,28.0413,0.4524,0.4524
40.0956,pi,6.2800,28.0623,0.4520,0.4520
40.1005,pi,6.2800,28.0789,0.4517,0.4517
40.1054,pi,6.2800,28.0890,0.4515,0.4515
40.1103,pi,6.2800,28.0912,0.4514,0.4514
40.1154,pi,6.2800,28.0940,0.4514,0.4514
40.1204,pi,6.2800,28.0967,0.4513,0.4513
40.1254,pi,6.2800,28.0986,0.4513,0.4513
40.1304,pi,6.2800,28.0998,0.4513,0.4513
40.1354,pi,6.2800,28.0548,0.4522,0.4522
40.1404,pi,6.2800,28.0661,0.4519,0.4519
40.1454,pi,6.2800,28.0750,0.4518,0.4518
40.1504,pi,6.2800,28.0351,0.4526,0.4526
40.1554,pi,6.2800,28.0038,0.4532,0.4532
40.1610,pi,6.2800,27.9805,0.4536,0.4536
40.1658,pi,6.2800,27.9627,0.4540,0.4540
40.1706,pi,6.2800,27.8987,0.4553,0.4553
40.1755,pi,6.2800,27.8479,0.4563,0.4563
40.1804,pi,6.2800,27.8062,0.4571,0.4571
40.1854,pi,6.2800,27.8236,0.4568,0.4568
40.1904,pi,6.2800,27.7878,0.4575,0.4575
40.1954,pi,6.2800,27.7589,0.4581,0.4581
40.2004,pi,6.2800,27.7358,0.4585,0.4585
40.2056,pi,6.2800,27.7650,0.4580,0.4580
40.2112,pi,6.2800,27.7364,0.4585,0.4585
40.2166,pi,6.2800,27.6648,0.4600,0.4600
40.2209,pi,6.2800,27.6099,0.4611,0.4611
40.2260,pi,6.2800,27.5651,0.4620,0.4620
40.2314,pi,6.2800,27.5311,0.4626,0.4626
40.2358,pi,6.2800,27.5533,0.4622,0.4622
40.2409,pi,6.2800,27.5702,0.4619,0.4619
40.2458,pi,6.2800,27.5844,0.4616,0.4616
40.2507,pi,6.2800,27.6465,0.4603,0.4603
40.2557,pi,6.2800,27.6917,0.4594,0.4594
40.2606,pi,6.2800,27.6841,0.4596,0.4596
40.2655,pi,6.2800,27.7730,0.4578,0.4578
40.2704,pi,6.2800,27.8879,0.4555,0.4555
40.2757,pi,6.2800,27.9768,0.4537,0.4537
40.2809,pi,6.2800,28.1101,0.4511,0.4511
40.2857,pi,6.2800,28.1999,0.4493,0.4493
40.2906,pi,6.2800,28.2272,0.4487,0.4487
40.2954,pi,6.2800,28.2491,0.4483,0.4483
40.3006,pi,6.2800,28.2791,0.4477,0.4477
40.3066,pi,6.2800,28.2506,0.4482,0.4482
40.3115,pi,6.2800,28.0783,0.4517,0.4517
40.3166,pi,6.2800,27.8900,0.4555,0.4555
40.3209,pi,6.2800,27.7396,0.4585,0.4585
40.3256,pi,6.2800,27.6297,0.4607,0.4607
40.3307,pi,6.2800,27.5417,0.4624,0.4624
40.3355,pi,6.2800,27.4619,0.4640,0.4640
40.3405,pi,6.2800,27.3981,0.4653,0.4653
40.3454,pi,6.2800,27.3471,0.4663,0.4663
40.3504,pi,6.2800,27.3614,0.4660,0.4660
40.3554,pi,6.2800,27.3274,0.4667,0.4667
40.3604,pi,6.2800,27.3481,0.4663,0.4663
40.3654,pi,6.2800,27.5470,0.4623,0.4623
40.3704,pi,6.2800,27.7060,0.4591,0.4591
40.3753,pi,6.2800,27.8327,0.4566,0.4566
40.3804,pi,6.2800,27.9331,0.4546,0.4546
40.3854,pi,6.2800,28.0141,0.4530,0.4530
40.3904,pi,6.2800,28.0797,0.4517,0.4517
40.3954,pi,6.2800,28.1307,0.4506,0.4506
40.4003,pi,6.2800,28.1712,0.4498,0.4498
40.4054,pi,6.2800,28.1579,0.4501,0.4501
40.4104,pi,6.2800,28.1557,0.4501,0.4501
40.4153,pi,6.2800,28.1911,0.4494,0.4494
40.4204,pi,6.2800,28.1820,0.4496,0.4496
40.4253,pi,6.2800,28.1660,0.4499,0.4499
40.4304,pi,6.2800,28.1540,0.4502,0.4502
40.4354,pi,6.2800,28.1443,0.4504,0.4504
40.4404,pi,6.2800,28.1434,0.4504,0.4504
40.4454,pi,6.2800,28.1442,0.4504,0.4504
40.4503,pi,6.2800,28.1360,0.4505,0.4505
40.4554,pi,6.2800,28.1384,0.4505,0.4505
40.4604,pi,6.2800,28.1314,0.4506,0.4506
40.4654,pi,6.2800,28.0846,0.4516,0.4516
40.4704,pi,6.2800,28.0421,0.4524,0.4524
40.4754,pi,6.2800,28.0631,0.4520,0.4520
40.4803,pi,6.2800,28.0801,0.4517,0.4517
40.4853,pi,6.2800,28.0935,0.4514,0.4514
40.4903,pi,6.2800,28.0960,0.4513,0.4513
40.4953,pi,6.2800,28.0538,0.4522,0.4522
40.5004,pi,6.2800,28.0645,0.4520,0.4520
40.5053,pi,6.2800,28.0735,0.4518,0.4518
40.5104,pi,6.2800,28.0807,0.4516,0.4516
40.5154,pi,6.2800,28.0942,0.4514,0.4514
40.5204,pi,6.2800,28.1050,0.4512,0.4512
40.5253,pi,6.2800,28.1505,0.4502,0.4502
40.5305,pi,6.2800,28.1501,0.4503,0.4503
40.5354,pi,6.2800,28.1487,0.4503,0.4503
40.5408,pi,6.2800,28.1462,0.4503,0.4503
40.5459,pi,6.2800,28.1419,0.4504,0.4504
40.5510,pi,6.2800,28.1415,0.4504,0.4504
40.5559,pi,6.2800,28.1405,0.4504,0.4504
40.5607,pi,6.2800,28.1398,0.4505,0.4505
40.5655,pi,6.2800,28.1413,0.4504,0.4504
40.5704,pi,6.2800,28.1424,0.4504,0.4504
40.5754,pi,6.2800,28.0925,0.4514,0.4514
40.5804,pi,6.2800,28.0493,0.4523,0.4523
40.5854,pi,6.2800,28.0144,0.4530,0.4530
40.5904,pi,6.2800,27.9887,0.4535,0.4535
40.5953,pi,6.2800,27.9683,0.4539,0.4539
40.6004,pi,6.2800,27.9533,0.4542,0.4542
40.6053,pi,6.2800,27.8945,0.4554,0.4554
40.6103,pi,6.2800,27.8453,0.4564,0.4564
40.6156,pi,6.2800,27.8019,0.4572,0.4572
40.6207,pi,6.2800,27.7680,0.4579,0.4579
40.6253,pi,6.2800,27.7432,0.4584,0.4584
40.6304,pi,6.2800,27.7238,0.4588,0.4588
40.6353,pi,6.2800,27.7540,0.4582,0.4582
40.6403,pi,6.2800,27.7819,0.4576,0.4576
40.6453,pi,6.2800,27.8034,0.4572,0.4572
40.6504,pi,6.2800,27.8211,0.4568,0.4568
40.6554,pi,6.2800,27.8351,0.4566,0.4566
40.6603,pi,6.2800,27.8420,0.4564,0.4564
40.6654,pi,6.2800,27.8491,0.4563,0.4563
40.6703,pi,6.2800,27.8576,0.4561,0.4561
40.6753,pi,6.2800,27.8641,0.4560,0.4560
40.6803,pi,6.2800,27.9136,0.4550,0.4550
40.6854,pi,6.2800,27.9525,0.4542,0.4542
40.6904,pi,6.2800,27.9384,0.4545,0.4545
40.6965,pi,6.2800,27.9724,0.4538,0.4538
40.7020,pi,6.2800,27.8418,0.4564,0.4564
40.7068,pi,6.2800,27.6979,0.4593,0.4593
40.7116,pi,6.2800,27.5808,0.4616,0.4616
40.7174,pi,6.2800,27.4809,0.4636,0.4636
40.7239,pi,6.2800,27.3505,0.4662,0.4662
