t_s,mode,target_rad_s,speed_rad_s,u,u_unsaturated
0.0896,coast,6.2800,0.0000,0.0000,0.0000
0.0918,pi,6.2800,0.0000,0.1272,0.1272
0.0964,pi,6.2800,0.0000,0.1288,0.1288
0.1003,pi,6.2800,0.0000,0.1303,0.1303
0.1046,pi,6.2800,0.0000,0.1319,0.1319
0.1085,pi,6.2800,0.0000,0.1335,0.1335
0.1123,pi,6.2800,0.0000,0.1350,0.1350
0.1160,pi,6.2800,0.0718,0.1352,0.1352
0.1198,pi,6.2800,0.2452,0.1332,0.1332
0.1235,pi,6.2800,0.4188,0.1312,0.1312
0.1272,pi,6.2800,0.6363,0.1282,0.1282
0.1310,pi,6.2800,0.9107,0.1241,0.1241
0.1348,pi,6.2800,1.1827,0.1199,0.1199
0.1386,pi,6.2800,1.4980,0.1148,0.1148
0.1425,pi,6.2800,1.7916,0.1101,0.1101
0.1462,pi,6.2800,2.1198,0.1046,0.1046
0.1501,pi,6.2800,2.4723,0.0985,0.0985
0.1540,pi,6.2800,2.8462,0.0918,0.0918
0.1583,pi,6.2800,3.1917,0.0857,0.0857
0.1631,pi,6.2800,3.4672,0.0809,0.0809
0.1681,pi,6.2800,3.7288,0.0763,0.0763
0.1732,pi,6.2800,3.9379,0.0727,0.0727
0.1783,pi,6.2800,4.1098,0.0698,0.0698
0.1834,pi,6.2800,4.2931,0.0666,0.0666
0.1881,pi,6.2800,4.4394,0.0642,0.0642
0.1936,pi,6.2800,4.5062,0.0633,0.0633
0.1981,pi,6.2800,4.5592,0.0626,0.0626
0.2033,pi,6.2800,4.6022,0.0622,0.0622
0.2082,pi,6.2800,4.5861,0.0630,0.0630
0.2134,pi,6.2800,4.5737,0.0636,0.0636
0.2188,pi,6.2800,4.5120,0.0653,0.0653
0.2236,pi,6.2800,4.4637,0.0667,0.0667
0.2281,pi,6.2800,4.4392,0.0677,0.0677
0.2333,pi,6.2800,4.3742,0.0694,0.0694
0.2382,pi,6.2800,4.3034,0.0714,0.0714
0.2431,pi,6.2800,4.2194,0.0736,0.0736
0.2482,pi,6.2800,4.1988,0.0745,0.0745
0.2533,pi,6.2800,4.1630,0.0757,0.0757
0.2581,pi,6.2800,4.1528,0.0765,0.0765
0.2632,pi,6.2800,4.1453,0.0771,0.0771
0.2682,pi,6.2800,4.1385,0.0778,0.0778
0.2731,pi,6.2800,4.1798,0.0775,0.0775
0.2783,pi,6.2800,4.1476,0.0787,0.0787
0.2832,pi,6.2800,4.1724,0.0787,0.0787
0.2881,pi,6.2800,4.2060,0.0786,0.0786
0.2932,pi,6.2800,4.1875,0.0795,0.0795
0.2981,pi,6.2800,4.2185,0.0794,0.0794
0.3031,pi,6.2800,4.2433,0.0794,0.0794
0.3082,pi,6.2800,4.2174,0.0804,0.0804
0.3132,pi,6.2800,4.2284,0.0807,0.0807
0.3189,pi,6.2800,4.2367,0.0811,0.0811
0.3239,pi,6.2800,4.1914,0.0825,0.0825
0.3285,pi,6.2800,4.1755,0.0833,0.0833
0.3332,pi,6.2800,4.1444,0.0845,0.0845
0.3381,pi,6.2800,4.1382,0.0851,0.0851
0.3431,pi,6.2800,4.1334,0.0858,0.0858
0.3481,pi,6.2800,4.1751,0.0855,0.0855
0.3532,pi,6.2800,4.1944,0.0856,0.0856
0.3581,pi,6.2800,4.2237,0.0855,0.0855
0.3631,pi,6.2800,4.2475,0.0856,0.0856
0.3681,pi,6.2800,4.2662,0.0857,0.0857
0.3731,pi,6.2800,4.2821,0.0859,0.0859
0.3781,pi,6.2800,4.3415,0.0852,0.0852
0.3832,pi,6.2800,4.3876,0.0847,0.0847
0.3882,pi,6.2800,4.4148,0.0846,0.0846
0.3931,pi,6.2800,4.4365,0.0847,0.0847
0.3981,pi,6.2800,4.4539,0.0848,0.0848
0.4031,pi,6.2800,4.4769,0.0848,0.0848
0.4082,pi,6.2800,4.4862,0.0850,0.0850
0.4131,pi,6.2800,4.5439,0.0843,0.0843
0.4181,pi,6.2800,4.5946,0.0837,0.0837
0.4231,pi,6.2800,4.6354,0.0833,0.0833
0.4281,pi,6.2800,4.6681,0.0831,0.0831
0.4332,pi,6.2800,4.6390,0.0840,0.0840
0.4381,pi,6.2800,4.6250,0.0847,0.0847
0.4433,pi,6.2800,4.6548,0.0846,0.0846
0.4482,pi,6.2800,4.6788,0.0845,0.0845
0.4531,pi,6.2800,4.7027,0.0844,0.0844
0.4581,pi,6.2800,4.7219,0.0844,0.0844
0.4631,pi,6.2800,4.7373,0.0845,0.0845
0.4681,pi,6.2800,4.7494,0.0846,0.0846
0.4732,pi,6.2800,4.7040,0.0859,0.0859
0.4781,pi,6.2800,4.6679,0.0870,0.0870
0.4831,pi,6.2800,4.6892,0.0870,0.0870
0.4881,pi,6.2800,4.7110,0.0870,0.0870
0.4931,pi,6.2800,4.7283,0.0870,0.0870
0.4982,pi,6.2800,4.7374,0.0872,0.0872
0.5031,pi,6.2800,4.7448,0.0874,0.0874
0.5081,pi,6.2800,4.7509,0.0877,0.0877
0.5131,pi,6.2800,4.7605,0.0879,0.0879
0.5181,pi,6.2800,4.7680,0.0881,0.0881
0.5231,pi,6.2800,4.7740,0.0884,0.0884
0.5281,pi,6.2800,4.8248,0.0877,0.0877
0.5332,pi,6.2800,4.8652,0.0873,0.0873
0.5381,pi,6.2800,4.8520,0.0879,0.0879
0.5432,pi,6.2800,4.8412,0.0885,0.0885
0.5482,pi,6.2800,4.8323,0.0890,0.0890
0.5538,pi,6.2800,4.8202,0.0896,0.0896
0.5589,pi,6.2800,4.8106,0.0902,0.0902
0.5631,pi,6.2800,4.8030,0.0907,0.0907
0.5681,pi,6.2800,4.7972,0.0912,0.0912
0.5731,pi,6.2800,4.7926,0.0916,0.0916
0.5781,pi,6.2800,4.7886,0.0921,0.0921
0.5832,pi,6.2800,4.7902,0.0924,0.0924
0.5882,pi,6.2800,4.8372,0.0919,0.0919
0.5931,pi,6.2800,4.8748,0.0915,0.0915
0.5982,pi,6.2800,4.9049,0.0912,0.0912
0.6031,pi,6.2800,4.9295,0.0911,0.0911
0.6082,pi,6.2800,4.9493,0.0910,0.0910
0.6132,pi,6.2800,4.9652,0.0910,0.0910
0.6182,pi,6.2800,4.9771,0.0911,0.0911
0.6231,pi,6.2800,4.9868,0.0912,0.0912
0.6281,pi,6.2800,4.9947,0.0914,0.0914
0.6332,pi,6.2800,5.0010,0.0916,0.0916
0.6381,pi,6.2800,5.0060,0.0918,0.0918
0.6432,pi,6.2800,5.0095,0.0920,0.0920
0.6482,pi,6.2800,5.0126,0.0923,0.0923
0.6532,pi,6.2800,5.0653,0.0915,0.0915
0.6582,pi,6.2800,5.0575,0.0920,0.0920
0.6634,pi,6.2800,5.0972,0.0915,0.0915
0.6684,pi,6.2800,5.1286,0.0912,0.0912
0.6735,pi,6.2800,5.1583,0.0909,0.0909
0.6781,pi,6.2800,5.1821,0.0907,0.0907
0.6831,pi,6.2800,5.1968,0.0906,0.0906
0.6881,pi,6.2800,5.2086,0.0907,0.0907
0.6933,pi,6.2800,5.2178,0.0907,0.0907
0.6982,pi,6.2800,5.2258,0.0908,0.0908
0.7034,pi,6.2800,5.1855,0.0919,0.0919
0.7082,pi,6.2800,5.2036,0.0918,0.0918
0.7132,pi,6.2800,5.2141,0.0919,0.0919
0.7185,pi,6.2800,5.1761,0.0929,0.0929
0.7236,pi,6.2800,5.1457,0.0938,0.0938
0.7283,pi,6.2800,5.1219,0.0946,0.0946
0.7331,pi,6.2800,5.1024,0.0953,0.0953
0.7381,pi,6.2800,5.0871,0.0959,0.0959
0.7433,pi,6.2800,5.0745,0.0964,0.0964
0.7483,pi,6.2800,5.0647,0.0969,0.0969
0.7535,pi,6.2800,5.0569,0.0974,0.0974
0.7583,pi,6.2800,5.0512,0.0978,0.0978
0.7634,pi,6.2800,5.0460,0.0982,0.0982
0.7681,pi,6.2800,5.0875,0.0977,0.0977
0.7735,pi,6.2800,5.1213,0.0973,0.0973
0.7782,pi,6.2800,5.1524,0.0970,0.0970
0.7832,pi,6.2800,5.1729,0.0968,0.0968
0.7882,pi,6.2800,5.1938,0.0967,0.0967
0.7931,pi,6.2800,5.2061,0.0967,0.0967
0.7981,pi,6.2800,5.2623,0.0958,0.0958
0.8031,pi,6.2800,5.3069,0.0952,0.0952
0.8081,pi,6.2800,5.3425,0.0947,0.0947
0.8136,pi,6.2800,5.3798,0.0942,0.0942
0.8184,pi,6.2800,5.3590,0.0948,0.0948
0.8232,pi,6.2800,5.3428,0.0954,0.0954
0.8281,pi,6.2800,5.3711,0.0951,0.0951
0.8331,pi,6.2800,5.3941,0.0948,0.0948
0.8381,pi,6.2800,5.4123,0.0947,0.0947
0.8431,pi,6.2800,5.4267,0.0946,0.0946
0.8482,pi,6.2800,5.3968,0.0954,0.0954
0.8531,pi,6.2800,5.4142,0.0953,0.0953
0.8582,pi,6.2800,5.4372,0.0950,0.0950
0.8631,pi,6.2800,5.4467,0.0950,0.0950
0.8681,pi,6.2800,5.4542,0.0951,0.0951
0.8732,pi,6.2800,5.4606,0.0952,0.0952
0.8782,pi,6.2800,5.4240,0.0961,0.0961
0.8831,pi,6.2800,5.3945,0.0969,0.0969
0.8881,pi,6.2800,5.4214,0.0966,0.0966
0.8931,pi,6.2800,5.4339,0.0966,0.0966
0.8981,pi,6.2800,5.4439,0.0966,0.0966
0.9032,pi,6.2800,5.4106,0.0975,0.0975
0.9082,pi,6.2800,5.3840,0.0982,0.0982
0.9131,pi,6.2800,5.3628,0.0989,0.0989
0.9181,pi,6.2800,5.3868,0.0986,0.0986
0.9232,pi,6.2800,5.4152,0.0983,0.0983
0.9281,pi,6.2800,5.4288,0.0982,0.0982
0.9331,pi,6.2800,5.4399,0.0982,0.0982
0.9382,pi,6.2800,5.4074,0.0991,0.0991
0.9432,pi,6.2800,5.3814,0.0998,0.0998
0.9482,pi,6.2800,5.3604,0.1005,0.1005
0.9531,pi,6.2800,5.3851,0.1002,0.1002
0.9581,pi,6.2800,5.4049,0.1000,0.1000
0.9631,pi,6.2800,5.4209,0.0999,0.0999
0.9682,pi,6.2800,5.3921,0.1007,0.1007
0.9737,pi,6.2800,5.4192,0.1004,0.1004
0.9786,pi,6.2800,5.4407,0.1002,0.1002
0.9834,pi,6.2800,5.4578,0.1000,0.1000
0.9882,pi,6.2800,5.4717,0.0999,0.0999
0.9931,pi,6.2800,5.4831,0.0999,0.0999
0.9981,pi,6.2800,5.5289,0.0992,0.0992
1.0032,pi,6.2800,5.5287,0.0994,0.0994
1.0082,pi,6.2800,5.5285,0.0996,0.0996
1.0132,pi,6.2800,5.5786,0.0987,0.0987
1.0181,pi,6.2800,5.6051,0.0984,0.0984
1.0231,pi,6.2800,5.6266,0.0981,0.0981
1.0282,pi,6.2800,5.5982,0.0989,0.0989
1.0332,pi,6.2800,5.5757,0.0995,0.0995
1.0382,pi,6.2800,5.6167,0.0988,0.0988
1.0431,pi,6.2800,5.6362,0.0986,0.0986
1.0482,pi,6.2800,5.6147,0.0992,0.0992
1.0531,pi,6.2800,5.6341,0.0990,0.0990
1.0581,pi,6.2800,5.6497,0.0988,0.0988
1.0631,pi,6.2800,5.6625,0.0987,0.0987
1.0683,pi,6.2800,5.6357,0.0994,0.0994
1.0732,pi,6.2800,5.6646,0.0990,0.0990
1.0781,pi,6.2800,5.6741,0.0989,0.0989
1.0831,pi,6.2800,5.6817,0.0989,0.0989
1.0881,pi,6.2800,5.6879,0.0990,0.0990
1.0933,pi,6.2800,5.6557,0.0998,0.0998
1.0982,pi,6.2800,5.6802,0.0994,0.0994
1.1033,pi,6.2800,5.6500,0.1002,0.1002
1.1082,pi,6.2800,5.6253,0.1008,0.1008
1.1132,pi,6.2800,5.5973,0.1016,0.1016
1.1181,pi,6.2800,5.5743,0.1022,0.1022
1.1232,pi,6.2800,5.6020,0.1018,0.1018
1.1284,pi,6.2800,5.5870,0.1023,0.1023
1.1332,pi,6.2800,5.5752,0.1027,0.1027
1.1382,pi,6.2800,5.6161,0.1021,0.1021
1.1432,pi,6.2800,5.6490,0.1016,0.1016
1.1481,pi,6.2800,5.6617,0.1015,0.1015
1.1532,pi,6.2800,5.6267,0.1023,0.1023
1.1582,pi,6.2800,5.6440,0.1021,0.1021
1.1631,pi,6.2800,5.6583,0.1020,0.1020
1.1682,pi,6.2800,5.6828,0.1017,0.1017
1.1732,pi,6.2800,5.7017,0.1014,0.1014
1.1781,pi,6.2800,5.7034,0.1015,0.1015
1.1833,pi,6.2800,5.7188,0.1014,0.1014
1.1882,pi,6.2800,5.6806,0.1023,0.1023
1.1936,pi,6.2800,5.6984,0.1021,0.1021
1.1997,pi,6.2800,5.7132,0.1019,0.1019
1.2048,pi,6.2800,5.7747,0.1008,0.1008
1.2099,pi,6.2800,5.7731,0.1010,0.1010
1.2160,pi,6.2800,5.7717,0.1011,0.1011
1.2231,pi,6.2800,5.7707,0.1013,0.1013
1.2285,pi,6.2800,5.7697,0.1014,0.1014
1.2337,pi,6.2800,5.7694,0.1016,0.1016
1.2394,pi,6.2800,5.7134,0.1029,0.1029
1.2450,pi,6.2800,5.6870,0.1035,0.1035
1.2503,pi,6.2800,5.6463,0.1045,0.1045
1.2563,pi,6.2800,5.5707,0.1062,0.1062
1.2634,pi,6.2800,5.5113,0.1075,0.1075
1.2686,pi,6.2800,5.4621,0.1087,0.1087
1.2739,pi,6.2800,5.4226,0.1097,0.1097
1.2789,pi,6.2800,5.4357,0.1097,0.1097
1.2841,pi,6.2800,5.3029,0.1127,0.1127
1.2892,pi,6.2800,5.1942,0.1150,0.1150
1.2943,pi,6.2800,5.1601,0.1160,0.1160
1.2993,pi,6.2800,5.1716,0.1160,0.1160
1.3067,pi,6.2800,5.1909,0.1159,0.1159
1.3129,pi,6.2800,5.2484,0.1150,0.1150
1.3178,pi,6.2800,5.2534,0.1152,0.1152
1.3242,pi,6.2800,5.2992,0.1145,0.1145
1.3289,pi,6.2800,5.3392,0.1139,0.1139
1.3339,pi,6.2800,5.2756,0.1155,0.1155
1.3393,pi,6.2800,5.2221,0.1168,0.1168
1.3463,pi,6.2800,5.4344,0.1128,0.1128
1.3529,pi,6.2800,5.4914,0.1118,0.1118
1.3576,pi,6.2800,5.5477,0.1109,0.1109
1.3627,pi,6.2800,5.6785,0.1085,0.1085
1.3691,pi,6.2800,5.6917,0.1083,0.1083
1.3745,pi,6.2800,5.7823,0.1067,0.1067
1.3793,pi,6.2800,5.8035,0.1063,0.1063
1.3875,pi,6.2800,5.7481,0.1076,0.1076
1.3944,pi,6.2800,5.8109,0.1065,0.1065
1.3997,pi,6.2800,5.8394,0.1061,0.1061
1.4052,pi,6.2800,5.8358,0.1063,0.1063
1.4102,pi,6.2800,5.8724,0.1056,0.1056
1.4143,pi,6.2800,5.8815,0.1056,0.1056
1.4184,pi,6.2800,5.8965,0.1054,0.1054
1.4227,pi,6.2800,5.7068,0.1094,0.1094
1.4266,pi,6.2800,5.6648,0.1103,0.1103
1.4306,pi,6.2800,5.5386,0.1130,0.1130
1.4348,pi,6.2800,5.5281,0.1134,0.1134
1.4388,pi,6.2800,5.5116,0.1139,0.1139
1.4430,pi,6.2800,5.5103,0.1141,0.1141
1.4470,pi,6.2800,5.5060,0.1144,0.1144
1.4511,pi,6.2800,5.4582,0.1156,0.1156
1.4552,pi,6.2800,5.4209,0.1165,0.1165
1.4593,pi,6.2800,5.3918,0.1173,0.1173
1.4634,pi,6.2800,5.3780,0.1178,0.1178
1.4674,pi,6.2800,5.4639,0.1163,0.1163
1.4714,pi,6.2800,5.5601,0.1146,0.1146
1.4755,pi,6.2800,5.7048,0.1118,0.1118
1.4796,pi,6.2800,5.7974,0.1101,0.1101
1.4836,pi,6.2800,5.9179,0.1078,0.1078
1.4876,pi,6.2800,5.9742,0.1067,0.1067
1.4916,pi,6.2800,6.0858,0.1045,0.1045
1.4956,pi,6.2800,6.1251,0.1038,0.1038
1.4996,pi,6.2800,6.1798,0.1027,0.1027
1.5037,pi,6.2800,6.2248,0.1018,0.1018
1.5083,pi,6.2800,6.1857,0.1026,0.1026
1.5132,pi,6.2800,6.1367,0.1036,0.1036
1.5182,pi,6.2800,6.0975,0.1045,0.1045
1.5232,pi,6.2800,6.0208,0.1061,0.1061
1.5282,pi,6.2800,6.0052,0.1065,0.1065
1.5332,pi,6.2800,5.9465,0.1077,0.1077
1.5382,pi,6.2800,5.8996,0.1087,0.1087
1.5433,pi,6.2800,5.8624,0.1096,0.1096
1.5483,pi,6.2800,5.8459,0.1100,0.1100
1.5532,pi,6.2800,5.8327,0.1104,0.1104
1.5583,pi,6.2800,5.8725,0.1097,0.1097
1.5632,pi,6.2800,5.9319,0.1086,0.1086
1.5683,pi,6.2800,6.0021,0.1073,0.1073
1.5732,pi,6.2800,6.0582,0.1062,0.1062
1.5783,pi,6.2800,6.0526,0.1064,0.1064
1.5832,pi,6.2800,6.0986,0.1055,0.1055
1.5882,pi,6.2800,6.1125,0.1053,0.1053
1.5933,pi,6.2800,6.1467,0.1046,0.1046
1.5983,pi,6.2800,6.1236,0.1051,0.1051
1.6033,pi,6.2800,6.1053,0.1055,0.1055
1.6083,pi,6.2800,6.0722,0.1062,0.1062
1.6133,pi,6.2800,6.0921,0.1059,0.1059
1.6183,pi,6.2800,6.0290,0.1072,0.1072
1.6232,pi,6.2800,6.0295,0.1073,0.1073
1.6282,pi,6.2800,6.0116,0.1077,0.1077
1.6333,pi,6.2800,6.0156,0.1077,0.1077
1.6382,pi,6.2800,6.0188,0.1077,0.1077
1.6432,pi,6.2800,6.0489,0.1071,0.1071
1.6483,pi,6.2800,6.0454,0.1073,0.1073
1.6533,pi,6.2800,6.0424,0.1074,0.1074
1.6582,pi,6.2800,6.0677,0.1069,0.1069
1.6633,pi,6.2800,6.0603,0.1071,0.1071
1.6682,pi,6.2800,6.0817,0.1068,0.1068
1.6732,pi,6.2800,6.0996,0.1064,0.1064
1.6783,pi,6.2800,6.0860,0.1068,0.1068
1.6832,pi,6.2800,6.0750,0.1070,0.1070
1.6882,pi,6.2800,6.0664,0.1073,0.1073
1.6932,pi,6.2800,6.0590,0.1075,0.1075
1.6983,pi,6.2800,6.0533,0.1076,0.1076
1.7032,pi,6.2800,6.0764,0.1072,0.1072
1.7082,pi,6.2800,6.0953,0.1069,0.1069
1.7132,pi,6.2800,6.1103,0.1066,0.1066
1.7182,pi,6.2800,6.1220,0.1064,0.1064
1.7233,pi,6.2800,6.0856,0.1072,0.1072
1.7283,pi,6.2800,6.1251,0.1065,0.1065
1.7332,pi,6.2800,6.1065,0.1069,0.1069
1.7382,pi,6.2800,6.1417,0.1062,0.1062
1.7432,pi,6.2800,6.1471,0.1061,0.1061
1.7483,pi,6.2800,6.1059,0.1070,0.1070
1.7534,pi,6.2800,6.0905,0.1074,0.1074
1.7583,pi,6.2800,6.0784,0.1077,0.1077
1.7632,pi,6.2800,6.0968,0.1073,0.1073
1.7682,pi,6.2800,6.0653,0.1080,0.1080
1.7733,pi,6.2800,6.0403,0.1086,0.1086
1.7783,pi,6.2800,6.0380,0.1087,0.1087
1.7833,pi,6.2800,6.0362,0.1088,0.1088
1.7882,pi,6.2800,6.0627,0.1083,0.1083
1.7933,pi,6.2800,6.0564,0.1085,0.1085
1.7982,pi,6.2800,6.0791,0.1081,0.1081
1.8033,pi,6.2800,6.0974,0.1078,0.1078
1.8088,pi,6.2800,6.1344,0.1071,0.1071
1.8139,pi,6.2800,6.1123,0.1075,0.1075
1.8181,pi,6.2800,6.0956,0.1079,0.1079
1.8231,pi,6.2800,6.1329,0.1072,0.1072
1.8281,pi,6.2800,6.1403,0.1071,0.1071
1.8331,pi,6.2800,6.1470,0.1070,0.1070
1.8382,pi,6.2800,6.1521,0.1069,0.1069
1.8432,pi,6.2800,6.1557,0.1069,0.1069
1.8482,pi,6.2800,6.1307,0.1074,0.1074
1.8532,pi,6.2800,6.1605,0.1069,0.1069
1.8582,pi,6.2800,6.1620,0.1069,0.1069
1.8633,pi,6.2800,6.1187,0.1078,0.1078
1.8682,pi,6.2800,6.1298,0.1076,0.1076
1.8732,pi,6.2800,6.1840,0.1065,0.1065
1.8782,pi,6.2800,6.2038,0.1061,0.1061
1.8832,pi,6.2800,6.1692,0.1069,0.1069
1.8881,pi,6.2800,6.1691,0.1069,0.1069
1.8933,pi,6.2800,6.1916,0.1065,0.1065
1.8981,pi,6.2800,6.1869,0.1066,0.1066
1.9032,pi,6.2800,6.1834,0.1067,0.1067
1.9085,pi,6.2800,6.2032,0.1063,0.1063
1.9135,pi,6.2800,6.2180,0.1060,0.1060
1.9185,pi,6.2800,6.2302,0.1058,0.1058
1.9243,pi,6.2800,6.1891,0.1066,0.1066
1.9296,pi,6.2800,6.1563,0.1073,0.1073
1.9344,pi,6.2800,6.1809,0.1069,0.1069
1.9390,pi,6.2800,6.1499,0.1075,0.1075
1.9434,pi,6.2800,6.1237,0.1081,0.1081
1.9481,pi,6.2800,6.0881,0.1088,0.1088
1.9532,pi,6.2800,6.0586,0.1095,0.1095
1.9584,pi,6.2800,6.0805,0.1091,0.1091
1.9635,pi,6.2800,6.0527,0.1097,0.1097
1.9682,pi,6.2800,6.0769,0.1093,0.1093
1.9731,pi,6.2800,6.0505,0.1098,0.1098
1.9783,pi,6.2800,6.0296,0.1103,0.1103
1.9832,pi,6.2800,6.0587,0.1098,0.1098
1.9882,pi,6.2800,6.0354,0.1103,0.1103
1.9936,pi,6.2800,6.0630,0.1098,0.1098
1.9987,pi,6.2800,6.0559,0.1100,0.1100
2.0031,pi,6.2800,6.1011,0.1092,0.1092
2.0081,pi,6.2800,6.1147,0.1089,0.1089
2.0131,pi,6.2800,6.1262,0.1087,0.1087
2.0181,pi,6.2800,6.1350,0.1086,0.1086
2.0232,pi,6.2800,6.1646,0.1080,0.1080
2.0281,pi,6.2800,6.1654,0.1081,0.1081
2.0331,pi,6.2800,6.2118,0.1071,0.1071
2.0382,pi,6.2800,6.2034,0.1073,0.1073
2.0431,pi,6.2800,6.2425,0.1066,0.1066
2.0482,pi,6.2800,6.2281,0.1069,0.1069
2.0531,pi,6.2800,6.2627,0.1062,0.1062
2.0583,pi,6.2800,6.2661,0.1061,0.1061
2.0631,pi,6.2800,6.2693,0.1060,0.1060
2.0682,pi,6.2800,6.2721,0.1060,0.1060
2.0731,pi,6.2800,6.2972,0.1055,0.1055
2.0781,pi,6.2800,6.2716,0.1060,0.1060
2.0832,pi,6.2800,6.2235,0.1070,0.1070
2.0882,pi,6.2800,6.2353,0.1068,0.1068
2.0933,pi,6.2800,6.1942,0.1076,0.1076
2.0985,pi,6.2800,6.2054,0.1074,0.1074
2.1034,pi,6.2800,6.1712,0.1081,0.1081
2.1081,pi,6.2800,6.1247,0.1091,0.1091
2.1132,pi,6.2800,6.1345,0.1089,0.1089
2.1181,pi,6.2800,6.0956,0.1097,0.1097
2.1232,pi,6.2800,6.1104,0.1095,0.1095
2.1282,pi,6.2800,6.0946,0.1098,0.1098
2.1331,pi,6.2800,6.1094,0.1096,0.1096
2.1382,pi,6.2800,6.1214,0.1094,0.1094
2.1431,pi,6.2800,6.1312,0.1092,0.1092
2.1485,pi,6.2800,6.1381,0.1091,0.1091
2.1540,pi,6.2800,6.1158,0.1096,0.1096
2.1589,pi,6.2800,6.1486,0.1090,0.1090
2.1638,pi,6.2800,6.1245,0.1095,0.1095
2.1693,pi,6.2800,6.1046,0.1100,0.1100
2.1773,pi,6.2800,6.0872,0.1104,0.1104
2.1831,pi,6.2800,6.0214,0.1117,0.1117
2.1887,pi,6.2800,5.9688,0.1129,0.1129
2.1942,pi,6.2800,5.9289,0.1138,0.1138
2.2011,pi,6.2800,5.8751,0.1149,0.1149
2.2075,pi,6.2800,5.8583,0.1154,0.1154
2.2124,pi,6.2800,5.9018,0.1146,0.1146
2.2179,pi,6.2800,5.8866,0.1150,0.1150
2.2232,pi,6.2800,5.8641,0.1155,0.1155
2.2281,pi,6.2800,5.9448,0.1140,0.1140
2.2323,pi,6.2800,5.9441,0.1141,0.1141
2.2374,pi,6.2800,5.9446,0.1142,0.1142
2.2422,pi,6.2800,6.0381,0.1124,0.1124
2.2468,pi,6.2800,6.0665,0.1119,0.1119
2.2515,pi,6.2800,6.1304,0.1106,0.1106
2.2562,pi,6.2800,6.1993,0.1093,0.1093
2.2608,pi,6.2800,6.2332,0.1086,0.1086
2.2653,pi,6.2800,6.2695,0.1079,0.1079
2.2697,pi,6.2800,6.2958,0.1073,0.1073
2.2742,pi,6.2800,6.3631,0.1060,0.1060
2.2787,pi,6.2800,6.3294,0.1066,0.1066
2.2831,pi,6.2800,6.3889,0.1054,0.1054
2.2876,pi,6.2800,6.3666,0.1058,0.1058
2.2919,pi,6.2800,6.3723,0.1057,0.1057
2.2964,pi,6.2800,6.3756,0.1056,0.1056
2.3008,pi,6.2800,6.3575,0.1060,0.1060
2.3048,pi,6.2800,6.3207,0.1067,0.1067
2.3087,pi,6.2800,6.3450,0.1062,0.1062
2.3137,pi,6.2800,6.3104,0.1069,0.1069
2.3181,pi,6.2800,6.3282,0.1065,0.1065
2.3231,pi,6.2800,6.2970,0.1071,0.1071
2.3282,pi,6.2800,6.3173,0.1067,0.1067
2.3333,pi,6.2800,6.2890,0.1073,0.1073
2.3382,pi,6.2800,6.3122,0.1068,0.1068
2.3434,pi,6.2800,6.2846,0.1074,0.1074
2.3482,pi,6.2800,6.2649,0.1077,0.1077
2.3533,pi,6.2800,6.2469,0.1081,0.1081
2.3582,pi,6.2800,6.2034,0.1090,0.1090
2.3631,pi,6.2800,6.1968,0.1092,0.1092
2.3682,pi,6.2800,6.1913,0.1093,0.1093
2.3732,pi,6.2800,6.2093,0.1090,0.1090
2.3781,pi,6.2800,6.2010,0.1091,0.1091
2.3831,pi,6.2800,6.2174,0.1088,0.1088
2.3881,pi,6.2800,6.2072,0.1090,0.1090
2.3932,pi,6.2800,6.1541,0.1101,0.1101
2.3981,pi,6.2800,6.1573,0.1101,0.1101
2.4031,pi,6.2800,6.1602,0.1101,0.1101
2.4081,pi,6.2800,6.1621,0.1101,0.1101
2.4132,pi,6.2800,6.1640,0.1101,0.1101
2.4182,pi,6.2800,6.1877,0.1096,0.1096
2.4231,pi,6.2800,6.1841,0.1097,0.1097
2.4282,pi,6.2800,6.1528,0.1104,0.1104
2.4331,pi,6.2800,6.1285,0.1109,0.1109
2.4381,pi,6.2800,6.0907,0.1117,0.1117
2.4433,pi,6.2800,6.1292,0.1110,0.1110
2.4483,pi,6.2800,6.1597,0.1104,0.1104
2.4532,pi,6.2800,6.1840,0.1099,0.1099
2.4583,pi,6.2800,6.1530,0.1106,0.1106
2.4632,pi,6.2800,6.1788,0.1101,0.1101
2.4681,pi,6.2800,6.2223,0.1092,0.1092
2.4731,pi,6.2800,6.2344,0.1090,0.1090
2.4781,pi,6.2800,6.2213,0.1093,0.1093
2.4833,pi,6.2800,6.2336,0.1090,0.1090
2.4881,pi,6.2800,6.2664,0.1084,0.1084
2.4931,pi,6.2800,6.2925,0.1079,0.1079
2.4982,pi,6.2800,6.2678,0.1084,0.1084
2.5032,pi,6.2800,6.2481,0.1088,0.1088
2.5082,pi,6.2800,6.2784,0.1081,0.1081
2.5131,pi,6.2800,6.3027,0.1077,0.1077
2.5182,pi,6.2800,6.2979,0.1077,0.1077
2.5232,pi,6.2800,6.2949,0.1078,0.1078
2.5282,pi,6.2800,6.3425,0.1068,0.1068
2.5332,pi,6.2800,6.3306,0.1071,0.1071
2.5383,pi,6.2800,6.3191,0.1073,0.1073
2.5432,pi,6.2800,6.3117,0.1074,0.1074
2.5481,pi,6.2800,6.3289,0.1071,0.1071
2.5532,pi,6.2800,6.3429,0.1068,0.1068
2.5582,pi,6.2800,6.2804,0.1080,0.1080
2.5631,pi,6.2800,6.2584,0.1085,0.1085
2.5682,pi,6.2800,6.2406,0.1088,0.1088
2.5731,pi,6.2800,6.2272,0.1091,0.1091
2.5781,pi,6.2800,6.2160,0.1094,0.1094
2.5832,pi,6.2800,6.1610,0.1105,0.1105
2.5881,pi,6.2800,6.1630,0.1105,0.1105
2.5932,pi,6.2800,6.1198,0.1114,0.1114
2.5982,pi,6.2800,6.1020,0.1118,0.1118
2.6032,pi,6.2800,6.0877,0.1121,0.1121
2.6081,pi,6.2800,6.1038,0.1118,0.1118
2.6133,pi,6.2800,6.0894,0.1122,0.1122
2.6181,pi,6.2800,6.1278,0.1114,0.1114
2.6231,pi,6.2800,6.1082,0.1119,0.1119
2.6282,pi,6.2800,6.1429,0.1112,0.1112
2.6332,pi,6.2800,6.1479,0.1111,0.1111
2.6381,pi,6.2800,6.1979,0.1102,0.1102
2.6431,pi,6.2800,6.1920,0.1103,0.1103
2.6481,pi,6.2800,6.2333,0.1095,0.1095
2.6532,pi,6.2800,6.2204,0.1098,0.1098
2.6583,pi,6.2800,6.2329,0.1095,0.1095
2.6631,pi,6.2800,6.2204,0.1098,0.1098
2.6681,pi,6.2800,6.2560,0.1091,0.1091
2.6731,pi,6.2800,6.2388,0.1094,0.1094
2.6781,pi,6.2800,6.2710,0.1088,0.1088
2.6832,pi,6.2800,6.2507,0.1092,0.1092
2.6882,pi,6.2800,6.2802,0.1086,0.1086
2.6931,pi,6.2800,6.3038,0.1081,0.1081
2.6982,pi,6.2800,6.2995,0.1082,0.1082
2.7032,pi,6.2800,6.2961,0.1083,0.1083
2.7081,pi,6.2800,6.2935,0.1083,0.1083
2.7132,pi,6.2800,6.2912,0.1084,0.1084
2.7181,pi,6.2800,6.2892,0.1084,0.1084
2.7231,pi,6.2800,6.2877,0.1084,0.1084
2.7281,pi,6.2800,6.2866,0.1085,0.1085
2.7332,pi,6.2800,6.2856,0.1085,0.1085
2.7381,pi,6.2800,6.2847,0.1085,0.1085
2.7431,pi,6.2800,6.2337,0.1095,0.1095
2.7482,pi,6.2800,6.1933,0.1104,0.1104
2.7531,pi,6.2800,6.2112,0.1100,0.1100
2.7589,pi,6.2800,6.1746,0.1108,0.1108
2.7641,pi,6.2800,6.1959,0.1104,0.1104
2.7686,pi,6.2800,6.1628,0.1111,0.1111
2.7731,pi,6.2800,6.1640,0.1111,0.1111
2.7781,pi,6.2800,6.1654,0.1111,0.1111
2.7831,pi,6.2800,6.1663,0.1111,0.1111
2.7882,pi,6.2800,6.1670,0.1111,0.1111
2.7931,pi,6.2800,6.1677,0.1111,0.1111
2.7982,pi,6.2800,6.1681,0.1111,0.1111
2.8031,pi,6.2800,6.2143,0.1102,0.1102
2.8082,pi,6.2800,6.2054,0.1104,0.1104
2.8131,pi,6.2800,6.2447,0.1096,0.1096
2.8182,pi,6.2800,6.2299,0.1100,0.1100
2.8231,pi,6.2800,6.2640,0.1093,0.1093
2.8283,pi,6.2800,6.2677,0.1092,0.1092
2.8332,pi,6.2800,6.2704,0.1092,0.1092
2.8381,pi,6.2800,6.2729,0.1091,0.1091
2.8431,pi,6.2800,6.2747,0.1091,0.1091
2.8482,pi,6.2800,6.2763,0.1090,0.1090
2.8532,pi,6.2800,6.2776,0.1090,0.1090
2.8582,pi,6.2800,6.3288,0.1080,0.1080
2.8631,pi,6.2800,6.3194,0.1082,0.1082
2.8684,pi,6.2800,6.3116,0.1083,0.1083
2.8739,pi,6.2800,6.3052,0.1084,0.1084
2.8782,pi,6.2800,6.3509,0.1075,0.1075
2.8831,pi,6.2800,6.3603,0.1073,0.1073
2.8881,pi,6.2800,6.3221,0.1080,0.1080
2.8931,pi,6.2800,6.3374,0.1077,0.1077
2.8981,pi,6.2800,6.3036,0.1084,0.1084
2.9031,pi,6.2800,6.3225,0.1080,0.1080
2.9081,pi,6.2800,6.2918,0.1086,0.1086
2.9132,pi,6.2800,6.2221,0.1100,0.1100
2.9182,pi,6.2800,6.2114,0.1102,0.1102
2.9231,pi,6.2800,6.2490,0.1095,0.1095
2.9281,pi,6.2800,6.2334,0.1098,0.1098
2.9332,pi,6.2800,6.1928,0.1107,0.1107
2.9382,pi,6.2800,6.2108,0.1103,0.1103
2.9431,pi,6.2800,6.2482,0.1096,0.1096
2.9481,pi,6.2800,6.2323,0.1099,0.1099
2.9532,pi,6.2800,6.1921,0.1107,0.1107
2.9582,pi,6.2800,6.2103,0.1104,0.1104
2.9631,pi,6.2800,6.2248,0.1101,0.1101
2.9681,pi,6.2800,6.2591,0.1094,0.1094
2.9732,pi,6.2800,6.2411,0.1098,0.1098
2.9783,pi,6.2800,6.2494,0.1096,0.1096
2.9832,pi,6.2800,6.3064,0.1085,0.1085
2.9882,pi,6.2800,6.3016,0.1086,0.1086
2.9932,pi,6.2800,6.2474,0.1097,0.1097
2.9982,pi,6.2800,6.2544,0.1095,0.1095
3.0032,pi,6.2800,6.2601,0.1094,0.1094
3.0081,pi,6.2800,6.2876,0.1089,0.1089
3.0131,pi,6.2800,6.2642,0.1094,0.1094
3.0182,pi,6.2800,6.2680,0.1093,0.1093
3.0231,pi,6.2800,6.2938,0.1088,0.1088
3.0282,pi,6.2800,6.2911,0.1088,0.1088
3.0332,pi,6.2800,6.2393,0.1099,0.1099
3.0382,pi,6.2800,6.2480,0.1097,0.1097
3.0431,pi,6.2800,6.2323,0.1100,0.1100
3.0482,pi,6.2800,6.2655,0.1094,0.1094
3.0532,pi,6.2800,6.2690,0.1093,0.1093
3.0582,pi,6.2800,6.2717,0.1092,0.1092
3.0632,pi,6.2800,6.2738,0.1092,0.1092
3.0681,pi,6.2800,6.2983,0.1087,0.1087
3.0732,pi,6.2800,6.2449,0.1098,0.1098
3.0781,pi,6.2800,6.2299,0.1101,0.1101
3.0832,pi,6.2800,6.2181,0.1103,0.1103
3.0881,pi,6.2800,6.2543,0.1096,0.1096
3.0933,pi,6.2800,6.2599,0.1095,0.1095
3.0982,pi,6.2800,6.2643,0.1094,0.1094
3.1032,pi,6.2800,6.2677,0.1094,0.1094
3.1084,pi,6.2800,6.2706,0.1093,0.1093
3.1133,pi,6.2800,6.2729,0.1093,0.1093
3.1182,pi,6.2800,6.2749,0.1092,0.1092
3.1233,pi,6.2800,6.2764,0.1092,0.1092
3.1281,pi,6.2800,6.2776,0.1092,0.1092
3.1333,pi,6.2800,6.2556,0.1096,0.1096
3.1382,pi,6.2800,6.2609,0.1095,0.1095
3.1433,pi,6.2800,6.2651,0.1094,0.1094
3.1482,pi,6.2800,6.2685,0.1094,0.1094
3.1532,pi,6.2800,6.2483,0.1098,0.1098
3.1583,pi,6.2800,6.2785,0.1092,0.1092
3.1632,pi,6.2800,6.2567,0.1096,0.1096
3.1682,pi,6.2800,6.2619,0.1095,0.1095
3.1731,pi,6.2800,6.2432,0.1099,0.1099
3.1782,pi,6.2800,6.2512,0.1098,0.1098
3.1831,pi,6.2800,6.2574,0.1096,0.1096
3.1882,pi,6.2800,6.2623,0.1096,0.1096
3.1932,pi,6.2800,6.2660,0.1095,0.1095
3.1981,pi,6.2800,6.2925,0.1089,0.1089
3.2032,pi,6.2800,6.2679,0.1094,0.1094
3.2082,pi,6.2800,6.2710,0.1094,0.1094
3.2132,pi,6.2800,6.2508,0.1098,0.1098
3.2181,pi,6.2800,6.2802,0.1092,0.1092
3.2232,pi,6.2800,6.2582,0.1097,0.1097
3.2282,pi,6.2800,6.2862,0.1091,0.1091
3.2331,pi,6.2800,6.2629,0.1096,0.1096
3.2382,pi,6.2800,6.2897,0.1090,0.1090
3.2433,pi,6.2800,6.2657,0.1095,0.1095
3.2482,pi,6.2800,6.2691,0.1094,0.1094
3.2532,pi,6.2800,6.2714,0.1094,0.1094
3.2582,pi,6.2800,6.2735,0.1094,0.1094
3.2632,pi,6.2800,6.2530,0.1098,0.1098
3.2682,pi,6.2800,6.2590,0.1097,0.1097
3.2731,pi,6.2800,6.2634,0.1096,0.1096
3.2782,pi,6.2800,6.2674,0.1095,0.1095
3.2832,pi,6.2800,6.2702,0.1094,0.1094
3.2881,pi,6.2800,6.2954,0.1089,0.1089
3.2931,pi,6.2800,6.2702,0.1094,0.1094
3.2982,pi,6.2800,6.2727,0.1094,0.1094
3.3035,pi,6.2800,6.2515,0.1098,0.1098
3.3090,pi,6.2800,6.2575,0.1097,0.1097
3.3137,pi,6.2800,6.2612,0.1096,0.1096
3.3185,pi,6.2800,6.2645,0.1096,0.1096
3.3237,pi,6.2800,6.2666,0.1095,0.1095
3.3288,pi,6.2800,6.2631,0.1096,0.1096
3.3333,pi,6.2800,6.2659,0.1096,0.1096
3.3385,pi,6.2800,6.2689,0.1095,0.1095
3.3436,pi,6.2800,6.2708,0.1095,0.1095
3.3487,pi,6.2800,6.2721,0.1094,0.1094
3.3538,pi,6.2800,6.2736,0.1094,0.1094
3.3584,pi,6.2800,6.2984,0.1089,0.1089
3.3632,pi,6.2800,6.2733,0.1094,0.1094
3.3681,pi,6.2800,6.2994,0.1089,0.1089
3.3731,pi,6.2800,6.2743,0.1094,0.1094
3.3781,pi,6.2800,6.3008,0.1089,0.1089
3.3833,pi,6.2800,6.2801,0.1093,0.1093
3.3882,pi,6.2800,6.3045,0.1088,0.1088
3.3932,pi,6.2800,6.2778,0.1093,0.1093
3.3985,pi,6.2800,6.2564,0.1098,0.1098
3.4032,pi,6.2800,6.2400,0.1101,0.1101
3.4082,pi,6.2800,6.2485,0.1099,0.1099
3.4131,pi,6.2800,6.2332,0.1102,0.1102
3.4183,pi,6.2800,6.1894,0.1111,0.1111
3.4232,pi,6.2800,6.2077,0.1108,0.1108
3.4283,pi,6.2800,6.2217,0.1105,0.1105
3.4331,pi,6.2800,6.2111,0.1108,0.1108
3.4382,pi,6.2800,6.2027,0.1109,0.1109
3.4433,pi,6.2800,6.2187,0.1106,0.1106
3.4481,pi,6.2800,6.2542,0.1099,0.1099
3.4532,pi,6.2800,6.2599,0.1098,0.1098
3.4581,pi,6.2800,6.2875,0.1093,0.1093
3.4633,pi,6.2800,6.2865,0.1093,0.1093
3.4681,pi,6.2800,6.3085,0.1088,0.1088
3.4732,pi,6.2800,6.3288,0.1084,0.1084
3.4784,pi,6.2800,6.3186,0.1086,0.1086
3.4833,pi,6.2800,6.3103,0.1088,0.1088
3.4882,pi,6.2800,6.3548,0.1079,0.1079
3.4931,pi,6.2800,6.3635,0.1077,0.1077
3.4981,pi,6.2800,6.3704,0.1075,0.1075
3.5032,pi,6.2800,6.3303,0.1083,0.1083
3.5082,pi,6.2800,6.3209,0.1085,0.1085
3.5131,pi,6.2800,6.2908,0.1091,0.1091
3.5183,pi,6.2800,6.2385,0.1101,0.1101
3.5232,pi,6.2800,6.2472,0.1100,0.1100
3.5281,pi,6.2800,6.2773,0.1094,0.1094
3.5332,pi,6.2800,6.2571,0.1098,0.1098
3.5381,pi,6.2800,6.2404,0.1101,0.1101
3.5432,pi,6.2800,6.2264,0.1104,0.1104
3.5482,pi,6.2800,6.1873,0.1112,0.1112
3.5535,pi,6.2800,6.2042,0.1109,0.1109
3.5583,pi,6.2800,6.1696,0.1116,0.1116
3.5634,pi,6.2800,6.1921,0.1112,0.1112
3.5685,pi,6.2800,6.1871,0.1113,0.1113
3.5736,pi,6.2800,6.2059,0.1110,0.1110
3.5782,pi,6.2800,6.1709,0.1117,0.1117
3.5831,pi,6.2800,6.1708,0.1117,0.1117
3.5882,pi,6.2800,6.1705,0.1118,0.1118
3.5933,pi,6.2800,6.2161,0.1109,0.1109
3.5983,pi,6.2800,6.2293,0.1106,0.1106
3.6031,pi,6.2800,6.2630,0.1099,0.1099
3.6082,pi,6.2800,6.2468,0.1103,0.1103
3.6131,pi,6.2800,6.2777,0.1097,0.1097
3.6182,pi,6.2800,6.2557,0.1101,0.1101
3.6231,pi,6.2800,6.2844,0.1095,0.1095
3.6282,pi,6.2800,6.2621,0.1100,0.1100
3.6332,pi,6.2800,6.2662,0.1099,0.1099
3.6381,pi,6.2800,6.2467,0.1103,0.1103
3.6431,pi,6.2800,6.2771,0.1097,0.1097
3.6482,pi,6.2800,6.3009,0.1092,0.1092
3.6533,pi,6.2800,6.2972,0.1093,0.1093
3.6582,pi,6.2800,6.2937,0.1093,0.1093
3.6631,pi,6.2800,6.2915,0.1094,0.1094
3.6681,pi,6.2800,6.3402,0.1084,0.1084
3.6731,pi,6.2800,6.3287,0.1086,0.1086
3.6782,pi,6.2800,6.3193,0.1088,0.1088
3.6832,pi,6.2800,6.3111,0.1089,0.1089
3.6882,pi,6.2800,6.3051,0.1091,0.1091
3.6932,pi,6.2800,6.3000,0.1092,0.1092
3.6982,pi,6.2800,6.2734,0.1097,0.1097
3.7032,pi,6.2800,6.2528,0.1101,0.1101
3.7082,pi,6.2800,6.2360,0.1105,0.1105
3.7132,pi,6.2800,6.2453,0.1103,0.1103
3.7182,pi,6.2800,6.2025,0.1112,0.1112
3.7232,pi,6.2800,6.2185,0.1108,0.1108
3.7281,pi,6.2800,6.2087,0.1111,0.1111
3.7332,pi,6.2800,6.2464,0.1103,0.1103
3.7382,pi,6.2800,6.2314,0.1106,0.1106
3.7432,pi,6.2800,6.2187,0.1109,0.1109
3.7482,pi,6.2800,6.2091,0.1111,0.1111
3.7532,pi,6.2800,6.2238,0.1108,0.1108
3.7582,pi,6.2800,6.2357,0.1106,0.1106
3.7632,pi,6.2800,6.2683,0.1100,0.1100
3.7681,pi,6.2800,6.2482,0.1104,0.1104
3.7731,pi,6.2800,6.2781,0.1098,0.1098
3.7783,pi,6.2800,6.2791,0.1097,0.1097
3.7831,pi,6.2800,6.3026,0.1093,0.1093
3.7882,pi,6.2800,6.2758,0.1098,0.1098
3.7931,pi,6.2800,6.3002,0.1093,0.1093
3.7983,pi,6.2800,6.2968,0.1094,0.1094
3.8031,pi,6.2800,6.2940,0.1094,0.1094
3.8081,pi,6.2800,6.2689,0.1099,0.1099
3.8132,pi,6.2800,6.2717,0.1099,0.1099
3.8182,pi,6.2800,6.2739,0.1098,0.1098
3.8232,pi,6.2800,6.2757,0.1098,0.1098
3.8282,pi,6.2800,6.3273,0.1088,0.1088
3.8331,pi,6.2800,6.3414,0.1085,0.1085
3.8382,pi,6.2800,6.3071,0.1091,0.1091
3.8431,pi,6.2800,6.3257,0.1088,0.1088
3.8483,pi,6.2800,6.3169,0.1089,0.1089
3.8531,pi,6.2800,6.3332,0.1086,0.1086
3.8582,pi,6.2800,6.3007,0.1092,0.1092
3.8631,pi,6.2800,6.3205,0.1088,0.1088
3.8681,pi,6.2800,6.2901,0.1094,0.1094
3.8731,pi,6.2800,6.3120,0.1090,0.1090
3.8782,pi,6.2800,6.2558,0.1101,0.1101
3.8832,pi,6.2800,6.2107,0.1110,0.1110
3.8882,pi,6.2800,6.1747,0.1118,0.1118
3.8931,pi,6.2800,6.0955,0.1134,0.1134
3.8981,pi,6.2800,6.0186,0.1150,0.1150
3.9032,pi,6.2800,5.8703,0.1181,0.1181
3.9082,pi,6.2800,5.6998,0.1216,0.1216
3.9131,pi,6.2800,5.4161,0.1275,0.1275
3.9182,pi,6.2800,5.1354,0.1334,0.1334
3.9231,pi,6.2800,4.7622,0.1413,0.1413
3.9281,pi,6.2800,4.4500,0.1480,0.1480
3.9331,pi,6.2800,4.1081,0.1554,0.1554
3.9381,pi,6.2800,3.7438,0.1633,0.1633
3.9432,pi,6.2800,3.2958,0.1730,0.1730
3.9481,pi,6.2800,2.8379,0.1830,0.1830
3.9531,pi,6.2800,2.4536,0.1916,0.1916
3.9581,pi,6.2800,2.0994,0.1998,0.1998
3.9631,pi,6.2800,1.7720,0.2074,0.2074
3.9682,pi,6.2800,1.5083,0.2139,0.2139
3.9732,pi,6.2800,1.2524,0.2203,0.2203
3.9782,pi,6.2800,1.0021,0.2266,0.2266
3.9831,pi,6.2800,0.8014,0.2320,0.2320
3.9882,pi,6.2800,0.6410,0.2366,0.2366
3.9931,pi,6.2800,0.5130,0.2406,0.2406
3.9982,pi,6.2800,0.4106,0.2441,0.2441
4.0032,pi,6.2800,0.3283,0.2473,0.2473
4.0081,pi,6.2800,0.2626,0.2501,0.2501
4.0131,pi,6.2800,0.2102,0.2526,0.2526
4.0182,pi,6.2800,0.1681,0.2550,0.2550
4.0231,pi,6.2800,0.1344,0.2572,0.2572
4.0281,pi,6.2800,0.1076,0.2593,0.2593
4.0331,pi,6.2800,0.0861,0.2613,0.2613
4.0381,pi,6.2800,0.0688,0.2632,0.2632
4.0432,pi,6.2800,0.0551,0.2650,0.2650
4.0481,pi,6.2800,0.0441,0.2668,0.2668
4.0531,pi,6.2800,0.0353,0.2685,0.2685
4.0582,pi,6.2800,0.0282,0.2702,0.2702
4.0631,pi,6.2800,0.0226,0.2719,0.2719
4.0682,pi,6.2800,0.0180,0.2736,0.2736
4.0731,pi,6.2800,0.0144,0.2752,0.2752
4.0781,pi,6.2800,0.0116,0.2768,0.2768
4.0831,pi,6.2800,0.0092,0.2784,0.2784
4.0881,pi,6.2800,0.0074,0.2800,0.2800
4.0933,pi,6.2800,0.0059,0.2816,0.2816
4.0982,pi,6.2800,0.0047,0.2832,0.2832
4.1034,pi,6.2800,0.0038,0.2848,0.2848
4.1086,pi,6.2800,0.0030,0.2864,0.2864
4.1133,pi,6.2800,0.0024,0.2880,0.2880
4.1181,pi,6.2800,0.0019,0.2896,0.2896
4.1233,pi,6.2800,0.0016,0.2911,0.2911
4.1281,pi,6.2800,0.0012,0.2927,0.2927
4.1332,pi,6.2800,0.0010,0.2943,0.2943
4.1382,pi,6.2800,0.0008,0.2959,0.2959
4.1432,pi,6.2800,0.0006,0.2974,0.2974
4.1481,pi,6.2800,0.0005,0.2990,0.2990
4.1532,pi,6.2800,0.0004,0.3006,0.3006
4.1581,pi,6.2800,0.0003,0.3022,0.3022
4.1632,pi,6.2800,0.0003,0.3037,0.3037
4.1682,pi,6.2800,0.0002,0.3053,0.3053
4.1732,pi,6.2800,0.0002,0.3069,0.3069
4.1781,pi,6.2800,0.0001,0.3085,0.3085
4.1831,pi,6.2800,0.0001,0.3100,0.3100
4.1882,pi,6.2800,0.0001,0.3116,0.3116
4.1931,pi,6.2800,0.0001,0.3132,0.3132
4.1982,pi,6.2800,0.0001,0.3147,0.3147
4.2031,pi,6.2800,0.0000,0.3163,0.3163
4.2082,pi,6.2800,0.0000,0.3179,0.3179
4.2131,pi,6.2800,0.0000,0.3194,0.3194
4.2181,pi,6.2800,0.0000,0.3210,0.3210
4.2232,pi,6.2800,0.0000,0.3226,0.3226
4.2281,pi,6.2800,0.0000,0.3241,0.3241
4.2332,pi,6.2800,0.0000,0.3257,0.3257
4.2381,pi,6.2800,0.0000,0.3273,0.3273
4.2431,pi,6.2800,0.0000,0.3289,0.3289
4.2481,pi,6.2800,0.0000,0.3304,0.3304
4.2533,pi,6.2800,0.0000,0.3320,0.3320
4.2582,pi,6.2800,0.0000,0.3336,0.3336
4.2631,pi,6.2800,0.0000,0.3351,0.3351
4.2681,pi,6.2800,0.0000,0.3367,0.3367
4.2731,pi,6.2800,0.0000,0.3383,0.3383
4.2781,pi,6.2800,0.0000,0.3398,0.3398
4.2831,pi,6.2800,0.0000,0.3414,0.3414
4.2881,pi,6.2800,0.0000,0.3430,0.3430
4.2931,pi,6.2800,0.0000,0.3446,0.3446
4.2981,pi,6.2800,0.0000,0.3461,0.3461
4.3031,pi,6.2800,0.0000,0.3477,0.3477
4.3081,pi,6.2800,0.0000,0.3493,0.3493
4.3131,pi,6.2800,0.0000,0.3508,0.3508
4.3181,pi,6.2800,0.0000,0.3524,0.3524
4.3231,pi,6.2800,0.0000,0.3540,0.3540
4.3281,pi,6.2800,0.0000,0.3555,0.3555
4.3331,pi,6.2800,0.0000,0.3571,0.3571
4.3382,pi,6.2800,0.0000,0.3587,0.3587
4.3432,pi,6.2800,0.0000,0.3603,0.3603
4.3483,pi,6.2800,0.0000,0.3619,0.3619
4.3531,pi,6.2800,0.0000,0.3634,0.3634
4.3581,pi,6.2800,0.0000,0.3650,0.3650
4.3631,pi,6.2800,0.0000,0.3665,0.3665
4.3682,pi,6.2800,0.0000,0.3681,0.3681
4.3731,pi,6.2800,0.0000,0.3697,0.3697
4.3782,pi,6.2800,0.0000,0.3713,0.3713
4.3831,pi,6.2800,0.0000,0.3728,0.3728
4.3882,pi,6.2800,0.0000,0.3744,0.3744
4.3932,pi,6.2800,0.0000,0.3760,0.3760
4.3981,pi,6.2800,0.0000,0.3775,0.3775
4.4031,pi,6.2800,0.0000,0.3791,0.3791
4.4081,pi,6.2800,0.0000,0.3807,0.3807
4.4131,pi,6.2800,0.0000,0.3822,0.3822
4.4181,pi,6.2800,0.0000,0.3838,0.3838
4.4231,pi,6.2800,0.0000,0.3854,0.3854
4.4281,pi,6.2800,0.0000,0.3869,0.3869
4.4331,pi,6.2800,0.0000,0.3885,0.3885
4.4381,pi,6.2800,0.0000,0.3901,0.3901
4.4431,pi,6.2800,0.0000,0.3917,0.3917
4.4483,pi,6.2800,0.0000,0.3932,0.3932
4.4536,pi,6.2800,0.0000,0.3948,0.3948
4.4582,pi,6.2800,0.0000,0.3964,0.3964
4.4632,pi,6.2800,0.0000,0.3979,0.3979
4.4681,pi,6.2800,0.0000,0.3995,0.3995
4.4731,pi,6.2800,0.0000,0.4011,0.4011
4.4782,pi,6.2800,0.0000,0.4026,0.4026
4.4832,pi,6.2800,0.0000,0.4042,0.4042
4.4895,pi,6.2800,0.0000,0.4058,0.4058
4.4949,pi,6.2800,0.0000,0.4074,0.4074
4.4988,pi,6.2800,0.0000,0.4089,0.4089
4.5035,pi,6.2800,0.0000,0.4105,0.4105
4.5081,pi,6.2800,0.0000,0.4121,0.4121
4.5131,pi,6.2800,0.0000,0.4136,0.4136
4.5181,pi,6.2800,0.0000,0.4152,0.4152
4.5231,pi,6.2800,0.0000,0.4168,0.4168
4.5282,pi,6.2800,0.0000,0.4183,0.4183
4.5333,pi,6.2800,0.0000,0.4200,0.4200
4.5381,pi,6.2800,0.0000,0.4215,0.4215
4.5431,pi,6.2800,0.0000,0.4231,0.4231
4.5482,pi,6.2800,0.0000,0.4246,0.4246
4.5531,pi,6.2800,0.0000,0.4262,0.4262
4.5581,pi,6.2800,0.0000,0.4278,0.4278
4.5632,pi,6.2800,0.0000,0.4293,0.4293
4.5681,pi,6.2800,0.0000,0.4309,0.4309
4.5731,pi,6.2800,0.0000,0.4325,0.4325
4.5782,pi,6.2800,0.0000,0.4341,0.4341
4.5831,pi,6.2800,0.0000,0.4356,0.4356
4.5882,pi,6.2800,0.0000,0.4372,0.4372
4.5931,pi,6.2800,0.0000,0.4388,0.4388
4.5981,pi,6.2800,0.0000,0.4403,0.4403
4.6031,pi,6.2800,0.0000,0.4419,0.4419
4.6081,pi,6.2800,0.0000,0.4435,0.4435
4.6131,pi,6.2800,0.0000,0.4450,0.4450
4.6181,pi,6.2800,0.0000,0.4466,0.4466
4.6231,pi,6.2800,0.0000,0.4482,0.4482
4.6281,pi,6.2800,0.0000,0.4497,0.4497
4.6331,pi,6.2800,0.0000,0.4513,0.4513
4.6381,pi,6.2800,0.0000,0.4529,0.4529
4.6432,pi,6.2800,0.0000,0.4545,0.4545
4.6481,pi,6.2800,0.0000,0.4560,0.4560
4.6532,pi,6.2800,0.0000,0.4576,0.4576
4.6583,pi,6.2800,0.0000,0.4592,0.4592
4.6632,pi,6.2800,0.0000,0.4607,0.4607
4.6681,pi,6.2800,0.0000,0.4623,0.4623
4.6731,pi,6.2800,0.0000,0.4639,0.4639
4.6781,pi,6.2800,0.0000,0.4654,0.4654
4.6831,pi,6.2800,0.0000,0.4670,0.4670
4.6882,pi,6.2800,0.0000,0.4686,0.4686
4.6931,pi,6.2800,0.0000,0.4702,0.4702
4.6982,pi,6.2800,0.0000,0.4717,0.4717
4.7031,pi,6.2800,0.0000,0.4733,0.4733
4.7081,pi,6.2800,0.0000,0.4749,0.4749
4.7131,pi,6.2800,0.0000,0.4764,0.4764
4.7181,pi,6.2800,0.0000,0.4780,0.4780
4.7231,pi,6.2800,0.0000,0.4796,0.4796
4.7281,pi,6.2800,0.0000,0.4811,0.4811
4.7331,pi,6.2800,0.0000,0.4827,0.4827
4.7381,pi,6.2800,0.0000,0.4843,0.4843
4.7432,pi,6.2800,0.0000,0.4859,0.4859
4.7482,pi,6.2800,0.0000,0.4874,0.4874
4.7531,pi,6.2800,0.0000,0.4890,0.4890
4.7581,pi,6.2800,0.0000,0.4906,0.4906
4.7631,pi,6.2800,0.0000,0.4921,0.4921
4.7681,pi,6.2800,0.0000,0.4937,0.4937
4.7731,pi,6.2800,0.0000,0.4953,0.4953
4.7781,pi,6.2800,0.0000,0.4968,0.4968
4.7831,pi,6.2800,0.0000,0.4984,0.4984
4.7883,pi,6.2800,0.0000,0.5000,0.5000
4.7931,pi,6.2800,0.0000,0.5016,0.5016
4.7981,pi,6.2800,0.0000,0.5031,0.5031
4.8031,pi,6.2800,0.0000,0.5047,0.5047
4.8081,pi,6.2800,0.0000,0.5063,0.5063
4.8131,pi,6.2800,0.0000,0.5078,0.5078
4.8182,pi,6.2800,0.0000,0.5094,0.5094
4.8231,pi,6.2800,0.0000,0.5110,0.5110
4.8282,pi,6.2800,0.0000,0.5125,0.5125
4.8331,pi,6.2800,0.0000,0.5141,0.5141
4.8381,pi,6.2800,0.0000,0.5157,0.5157
4.8431,pi,6.2800,0.0000,0.5173,0.5173
4.8482,pi,6.2800,0.0000,0.5188,0.5188
4.8531,pi,6.2800,0.0000,0.5204,0.5204
4.8581,pi,6.2800,0.0000,0.5220,0.5220
4.8631,pi,6.2800,0.0000,0.5235,0.5235
4.8681,pi,6.2800,0.0000,0.5251,0.5251
4.8731,pi,6.2800,0.0000,0.5267,0.5267
4.8781,pi,6.2800,0.0000,0.5282,0.5282
4.8831,pi,6.2800,0.0000,0.5298,0.5298
4.8882,pi,6.2800,0.0000,0.5314,0.5314
4.8931,pi,6.2800,0.0000,0.5330,0.5330
4.8981,pi,6.2800,0.0000,0.5345,0.5345
4.9031,pi,6.2800,0.0000,0.5361,0.5361
4.9081,pi,6.2800,0.0000,0.5377,0.5377
4.9131,pi,6.2800,0.0000,0.5392,0.5392
4.9181,pi,6.2800,0.0000,0.5408,0.5408
4.9231,pi,6.2800,0.0000,0.5424,0.5424
4.9281,pi,6.2800,0.0000,0.5439,0.5439
4.9331,pi,6.2800,0.0000,0.5455,0.5455
4.9381,pi,6.2800,0.0000,0.5471,0.5471
4.9432,pi,6.2800,0.0000,0.5487,0.5487
4.9481,pi,6.2800,0.0000,0.5502,0.5502
4.9531,pi,6.2800,0.0000,0.5518,0.5518
4.9581,pi,6.2800,0.0000,0.5534,0.5534
4.9632,pi,6.2800,0.0000,0.5549,0.5549
4.9681,pi,6.2800,0.0000,0.5565,0.5565
4.9731,pi,6.2800,0.0000,0.5581,0.5581
4.9781,pi,6.2800,0.0000,0.5596,0.5596
4.9832,pi,6.2800,0.0000,0.5612,0.5612
4.9883,pi,6.2800,0.0000,0.5628,0.5628
4.9932,pi,6.2800,0.0000,0.5644,0.5644
4.9981,pi,6.2800,0.0000,0.5659,0.5659
5.0031,pi,6.2800,0.0000,0.5675,0.5675
5.0082,pi,6.2800,0.0000,0.5691,0.5691
5.0131,pi,6.2800,0.0000,0.5706,0.5706
5.0181,pi,6.2800,0.0000,0.5722,0.5722
5.0231,pi,6.2800,0.0000,0.5738,0.5738
5.0281,pi,6.2800,0.0000,0.5753,0.5753
5.0331,pi,6.2800,0.0000,0.5769,0.5769
5.0381,pi,6.2800,0.0000,0.5785,0.5785
5.0431,pi,6.2800,0.0000,0.5801,0.5801
5.0482,pi,6.2800,0.0000,0.5816,0.5816
5.0531,pi,6.2800,0.0000,0.5832,0.5832
5.0581,pi,6.2800,0.0000,0.5848,0.5848
5.0631,pi,6.2800,0.0000,0.5863,0.5863
5.0682,pi,6.2800,0.0000,0.5879,0.5879
5.0731,pi,6.2800,0.0000,0.5895,0.5895
5.0781,pi,6.2800,0.0000,0.5910,0.5910
5.0832,pi,6.2800,0.0000,0.5926,0.5926
5.0883,pi,6.2800,0.0000,0.5942,0.5942
5.0935,pi,6.2800,0.0000,0.5958,0.5958
5.0981,pi,6.2800,0.0000,0.5973,0.5973
5.1032,pi,6.2800,0.0000,0.5989,0.5989
5.1087,pi,6.2800,0.0000,0.6005,0.6005
5.1138,pi,6.2800,0.0000,0.6020,0.6020
5.1181,pi,6.2800,0.0000,0.6036,0.6036
5.1231,pi,6.2800,0.0000,0.6052,0.6052
5.1281,pi,6.2800,0.0000,0.6067,0.6067
5.1332,pi,6.2800,0.0000,0.6083,0.6083
5.1381,pi,6.2800,0.0000,0.6099,0.6099
5.1431,pi,6.2800,0.0000,0.6115,0.6115
5.1481,pi,6.2800,0.0000,0.6130,0.6130
5.1531,pi,6.2800,0.0000,0.6146,0.6146
5.1582,pi,6.2800,0.0000,0.6162,0.6162
5.1631,pi,6.2800,0.0000,0.6177,0.6177
5.1681,pi,6.2800,0.0000,0.6193,0.6193
5.1731,pi,6.2800,0.0000,0.6209,0.6209
5.1782,pi,6.2800,0.0000,0.6225,0.6225
5.1831,pi,6.2800,0.0000,0.6240,0.6240
5.1883,pi,6.2800,0.0000,0.6256,0.6256
5.1931,pi,6.2800,0.0000,0.6272,0.6272
5.1982,pi,6.2800,0.0000,0.6287,0.6287
5.2032,pi,6.2800,0.0000,0.6303,0.6303
5.2081,pi,6.2800,0.0000,0.6319,0.6319
5.2132,pi,6.2800,0.0000,0.6334,0.6334
5.2182,pi,6.2800,0.0000,0.6350,0.6350
5.2231,pi,6.2800,0.0000,0.6366,0.6366
5.2290,pi,6.2800,0.0000,0.6382,0.6382
5.2343,pi,6.2800,0.0000,0.6398,0.6398
5.2384,pi,6.2800,0.0000,0.6413,0.6413
5.2431,pi,6.2800,0.0000,0.6429,0.6429
5.2481,pi,6.2800,0.0000,0.6444,0.6444
5.2531,pi,6.2800,0.0000,0.6460,0.6460
5.2583,pi,6.2800,0.0000,0.6476,0.6476
5.2632,pi,6.2800,0.0000,0.6491,0.6491
5.2681,pi,6.2800,0.0000,0.6507,0.6507
5.2731,pi,6.2800,0.0000,0.6523,0.6523
5.2782,pi,6.2800,0.0000,0.6538,0.6538
5.2832,pi,6.2800,0.0000,0.6554,0.6554
5.2881,pi,6.2800,0.0000,0.6570,0.6570
5.2931,pi,6.2800,0.0000,0.6586,0.6586
5.2982,pi,6.2800,0.0000,0.6601,0.6601
5.3034,pi,6.2800,0.0000,0.6617,0.6617
5.3082,pi,6.2800,0.0000,0.6633,0.6633
5.3131,pi,6.2800,0.0000,0.6648,0.6648
5.3182,pi,6.2800,0.0000,0.6664,0.6664
5.3231,pi,6.2800,0.0000,0.6680,0.6680
5.3281,pi,6.2800,0.0000,0.6695,0.6695
5.3331,pi,6.2800,0.0000,0.6711,0.6711
5.3381,pi,6.2800,0.0000,0.6727,0.6727
5.3432,pi,6.2800,0.0000,0.6743,0.6743
5.3481,pi,6.2800,0.0000,0.6758,0.6758
5.3531,pi,6.2800,0.0000,0.6774,0.6774
5.3581,pi,6.2800,0.0000,0.6790,0.6790
5.3631,pi,6.2800,0.0000,0.6805,0.6805
5.3681,pi,6.2800,0.0000,0.6821,0.6821
5.3731,pi,6.2800,0.0000,0.6837,0.6837
5.3781,pi,6.2800,0.0000,0.6853,0.6853
5.3831,pi,6.2800,0.0000,0.6868,0.6868
5.3881,pi,6.2800,0.0000,0.6884,0.6884
5.3931,pi,6.2800,0.0000,0.6900,0.6900
5.3981,pi,6.2800,0.0000,0.6915,0.6915
5.4031,pi,6.2800,0.0000,0.6931,0.6931
5.4081,pi,6.2800,0.0000,0.6947,0.6947
5.4131,pi,6.2800,0.0000,0.6962,0.6962
5.4181,pi,6.2800,0.0000,0.6978,0.6978
5.4232,pi,6.2800,0.0000,0.6994,0.6994
5.4281,pi,6.2800,0.0000,0.7009,0.7009
5.4331,pi,6.2800,0.0000,0.7025,0.7025
5.4381,pi,6.2800,0.0000,0.7041,0.7041
5.4431,pi,6.2800,0.0000,0.7057,0.7057
5.4481,pi,6.2800,0.0000,0.7072,0.7072
5.4531,pi,6.2800,0.0000,0.7088,0.7088
5.4582,pi,6.2800,0.0000,0.7104,0.7104
5.4631,pi,6.2800,0.0000,0.7119,0.7119
5.4683,pi,6.2800,0.0000,0.7135,0.7135
5.4731,pi,6.2800,0.0000,0.7151,0.7151
5.4782,pi,6.2800,0.0000,0.7166,0.7166
5.4831,pi,6.2800,0.0000,0.7182,0.7182
5.4881,pi,6.2800,0.0000,0.7198,0.7198
5.4931,pi,6.2800,0.0000,0.7214,0.7214
5.4983,pi,6.2800,0.0000,0.7229,0.7229
5.5031,pi,6.2800,0.0000,0.7245,0.7245
5.5081,pi,6.2800,0.0000,0.7261,0.7261
5.5131,pi,6.2800,0.0000,0.7276,0.7276
5.5181,pi,6.2800,0.0000,0.7292,0.7292
5.5232,pi,6.2800,0.0000,0.7308,0.7308
5.5281,pi,6.2800,0.0000,0.7323,0.7323
5.5331,pi,6.2800,0.0000,0.7339,0.7339
5.5381,pi,6.2800,0.0000,0.7355,0.7355
5.5432,pi,6.2800,0.0000,0.7371,0.7371
5.5481,pi,6.2800,0.0000,0.7386,0.7386
5.5531,pi,6.2800,0.0000,0.7402,0.7402
5.5585,pi,6.2800,0.0000,0.7418,0.7418
5.5633,pi,6.2800,0.0000,0.7433,0.7433
5.5682,pi,6.2800,0.0000,0.7449,0.7449
5.5734,pi,6.2800,0.0000,0.7465,0.7465
5.5781,pi,6.2800,0.0000,0.7481,0.7481
5.5831,pi,6.2800,0.0000,0.7496,0.7496
5.5882,pi,6.2800,0.0000,0.7512,0.7512
5.5931,pi,6.2800,0.0000,0.7528,0.7528
5.5982,pi,6.2800,0.0000,0.7543,0.7543
5.6031,pi,6.2800,0.0000,0.7559,0.7559
5.6082,pi,6.2800,0.0000,0.7575,0.7575
5.6135,pi,6.2800,0.0000,0.7590,0.7590
5.6188,pi,6.2800,0.0000,0.7606,0.7606
5.6233,pi,6.2800,0.0000,0.7622,0.7622
5.6281,pi,6.2800,0.0000,0.7638,0.7638
5.6331,pi,6.2800,0.0000,0.7653,0.7653
5.6381,pi,6.2800,0.0000,0.7669,0.7669
5.6431,pi,6.2800,0.0000,0.7685,0.7685
5.6481,pi,6.2800,0.0000,0.7700,0.7700
5.6531,pi,6.2800,0.0000,0.7716,0.7716
5.6581,pi,6.2800,0.0000,0.7732,0.7732
5.6631,pi,6.2800,0.0000,0.7747,0.7747
5.6681,pi,6.2800,0.0000,0.7763,0.7763
5.6731,pi,6.2800,0.0000,0.7779,0.7779
5.6781,pi,6.2800,0.0000,0.7794,0.7794
5.6832,pi,6.2800,0.0000,0.7810,0.7810
5.6882,pi,6.2800,0.0000,0.7826,0.7826
5.6932,pi,6.2800,0.0000,0.7842,0.7842
5.6981,pi,6.2800,0.0000,0.7857,0.7857
5.7031,pi,6.2800,0.0000,0.7873,0.7873
5.7081,pi,6.2800,0.0000,0.7889,0.7889
5.7133,pi,6.2800,0.0000,0.7904,0.7904
5.7181,pi,6.2800,0.0000,0.7920,0.7920
5.7231,pi,6.2800,0.0000,0.7936,0.7936
5.7281,pi,6.2800,0.0000,0.7951,0.7951
5.7331,pi,6.2800,0.0000,0.7967,0.7967
5.7381,pi,6.2800,0.0000,0.7983,0.7983
5.7431,pi,6.2800,0.0000,0.7999,0.7999
5.7482,pi,6.2800,0.0000,0.8014,0.8014
5.7531,pi,6.2800,0.0000,0.8030,0.8030
5.7581,pi,6.2800,0.0000,0.8046,0.8046
5.7631,pi,6.2800,0.0000,0.8061,0.8061
5.7681,pi,6.2800,0.0000,0.8077,0.8077
5.7731,pi,6.2800,0.0000,0.8093,0.8093
5.7781,pi,6.2800,0.0000,0.8108,0.8108
5.7831,pi,6.2800,0.0000,0.8124,0.8124
5.7881,pi,6.2800,0.0000,0.8140,0.8140
5.7932,pi,6.2800,0.0000,0.8156,0.8156
5.7981,pi,6.2800,0.0000,0.8171,0.8171
5.8031,pi,6.2800,0.0000,0.8187,0.8187
5.8081,pi,6.2800,0.0000,0.8203,0.8203
5.8131,pi,6.2800,0.0000,0.8218,0.8218
5.8181,pi,6.2800,0.0000,0.8234,0.8234
5.8231,pi,6.2800,0.0000,0.8250,0.8250
5.8282,pi,6.2800,0.0000,0.8265,0.8265
5.8331,pi,6.2800,0.0000,0.8281,0.8281
5.8381,pi,6.2800,0.0000,0.8297,0.8297
5.8431,pi,6.2800,0.0000,0.8313,0.8313
5.8482,pi,6.2800,0.0000,0.8328,0.8328
5.8531,pi,6.2800,0.0000,0.8344,0.8344
5.8581,pi,6.2800,0.0000,0.8360,0.8360
5.8631,pi,6.2800,0.0000,0.8375,0.8375
5.8681,pi,6.2800,0.0000,0.8391,0.8391
5.8731,pi,6.2800,0.0000,0.8407,0.8407
5.8781,pi,6.2800,0.0000,0.8422,0.8422
5.8831,pi,6.2800,0.0000,0.8438,0.8438
5.8881,pi,6.2800,0.0000,0.8454,0.8454
5.8931,pi,6.2800,0.0000,0.8470,0.8470
5.8981,pi,6.2800,0.0000,0.8485,0.8485
5.9031,pi,6.2800,0.0000,0.8501,0.8501
5.9081,pi,6.2800,0.0000,0.8517,0.8517
5.9132,pi,6.2800,0.0000,0.8532,0.8532
5.9181,pi,6.2800,0.0000,0.8548,0.8548
5.9231,pi,6.2800,0.0000,0.8564,0.8564
5.9281,pi,6.2800,0.0000,0.8579,0.8579
5.9332,pi,6.2800,0.0000,0.8595,0.8595
5.9382,pi,6.2800,0.0000,0.8611,0.8611
5.9431,pi,6.2800,0.0000,0.8627,0.8627
5.9482,pi,6.2800,0.0000,0.8642,0.8642
5.9531,pi,6.2800,0.0000,0.8658,0.8658
5.9581,pi,6.2800,0.0000,0.8674,0.8674
5.9631,pi,6.2800,0.0000,0.8689,0.8689
5.9682,pi,6.2800,0.0000,0.8705,0.8705
5.9731,pi,6.2800,0.0000,0.8721,0.8721
5.9781,pi,6.2800,0.0000,0.8736,0.8736
5.9831,pi,6.2800,0.0000,0.8752,0.8752
5.9887,pi,6.2800,0.0000,0.8768,0.8768
5.9933,pi,6.2800,0.0000,0.8784,0.8784
5.9984,pi,6.2800,0.0000,0.8799,0.8799
6.0031,pi,6.2800,0.0000,0.8815,0.8815
6.0081,pi,6.2800,0.0000,0.8831,0.8831
6.0131,pi,6.2800,0.0000,0.8846,0.8846
6.0182,pi,6.2800,0.0000,0.8862,0.8862
6.0231,pi,6.2800,0.0000,0.8878,0.8878
6.0281,pi,6.2800,0.0000,0.8894,0.8894
6.0332,pi,6.2800,0.0000,0.8909,0.8909
6.0381,pi,6.2800,0.0000,0.8925,0.8925
6.0431,pi,6.2800,0.0000,0.8941,0.8941
6.0482,pi,6.2800,0.0000,0.8956,0.8956
6.0531,pi,6.2800,0.0000,0.8972,0.8972
6.0582,pi,6.2800,0.0000,0.8988,0.8988
6.0631,pi,6.2800,0.0000,0.9003,0.9003
6.0682,pi,6.2800,0.0000,0.9019,0.9019
6.0731,pi,6.2800,0.0000,0.9035,0.9035
6.0781,pi,6.2800,0.0000,0.9050,0.9050
6.0831,pi,6.2800,0.0000,0.9066,0.9066
6.0881,pi,6.2800,0.0000,0.9082,0.9082
6.0933,pi,6.2800,0.0000,0.9098,0.9098
6.0982,pi,6.2800,0.0000,0.9113,0.9113
6.1031,pi,6.2800,0.0000,0.9129,0.9129
6.1081,pi,6.2800,0.0000,0.9145,0.9145
6.1132,pi,6.2800,0.0000,0.9160,0.9160
6.1184,pi,6.2800,0.0000,0.9176,0.9176
6.1233,pi,6.2800,0.0000,0.9192,0.9192
6.1290,pi,6.2800,0.0000,0.9208,0.9208
6.1343,pi,6.2800,0.0000,0.9224,0.9224
6.1383,pi,6.2800,0.0000,0.9239,0.9239
6.1434,pi,6.2800,0.0000,0.9255,0.9255
6.1481,pi,6.2800,0.0000,0.9270,0.9270
6.1531,pi,6.2800,0.0000,0.9286,0.9286
6.1582,pi,6.2800,0.0000,0.9302,0.9302
6.1632,pi,6.2800,0.0000,0.9317,0.9317
6.1681,pi,6.2800,0.0000,0.9333,0.9333
6.1731,pi,6.2800,0.0000,0.9349,0.9349
6.1781,pi,6.2800,0.0000,0.9365,0.9365
6.1831,pi,6.2800,0.0000,0.9380,0.9380
6.1883,pi,6.2800,0.0000,0.9396,0.9396
6.1933,pi,6.2800,0.0000,0.9412,0.9412
6.1981,pi,6.2800,0.0000,0.9427,0.9427
6.2032,pi,6.2800,0.0000,0.9443,0.9443
6.2081,pi,6.2800,0.0000,0.9459,0.9459
6.2132,pi,6.2800,0.0000,0.9474,0.9474
6.2182,pi,6.2800,0.0000,0.9490,0.9490
6.2232,pi,6.2800,0.0000,0.9506,0.9506
6.2281,pi,6.2800,0.0000,0.9521,0.9521
6.2331,pi,6.2800,0.0000,0.9537,0.9537
6.2381,pi,6.2800,0.0000,0.9553,0.9553
6.2431,pi,6.2800,0.0000,0.9569,0.9569
6.2481,pi,6.2800,0.0000,0.9584,0.9584
6.2532,pi,6.2800,0.0000,0.9600,0.9600
6.2582,pi,6.2800,0.0000,0.9616,0.9616
6.2631,pi,6.2800,0.0000,0.9631,0.9631
6.2681,pi,6.2800,0.0000,0.9647,0.9647
6.2731,pi,6.2800,0.0000,0.9663,0.9663
6.2781,pi,6.2800,0.0000,0.9678,0.9678
6.2832,pi,6.2800,0.0000,0.9694,0.9694
6.2881,pi,6.2800,0.0000,0.9710,0.9710
6.2931,pi,6.2800,0.0000,0.9726,0.9726
6.2981,pi,6.2800,0.0000,0.9741,0.9741
6.3031,pi,6.2800,0.0000,0.9757,0.9757
6.3081,pi,6.2800,0.0000,0.9773,0.9773
6.3131,pi,6.2800,0.0000,0.9788,0.9788
6.3181,pi,6.2800,0.0000,0.9804,0.9804
6.3231,pi,6.2800,0.0000,0.9820,0.9820
6.3281,pi,6.2800,0.0000,0.9835,0.9835
6.3331,pi,6.2800,0.0000,0.9851,0.9851
6.3381,pi,6.2800,0.0000,0.9867,0.9867
6.3432,pi,6.2800,0.0000,0.9883,0.9883
6.3481,pi,6.2800,0.0000,0.9898,0.9898
6.3531,pi,6.2800,0.0000,0.9914,0.9914
6.3582,pi,6.2800,0.0000,0.9930,0.9930
6.3631,pi,6.2800,0.0000,0.9945,0.9945
6.3682,pi,6.2800,0.0000,0.9961,0.9961
6.3731,pi,6.2800,0.0000,0.9977,0.9977
6.3781,pi,6.2800,0.0000,0.9992,0.9992
6.3831,pi,6.2800,0.0000,1.0000,1.0008
6.3881,pi,6.2800,0.0000,1.0000,1.0024
6.3932,pi,6.2800,0.0000,1.0000,1.0040
6.3982,pi,6.2800,0.0000,1.0000,1.0055
6.4031,pi,6.2800,0.0000,1.0000,1.0071
6.4081,pi,6.2800,0.0000,1.0000,1.0087
6.4131,pi,6.2800,0.0000,1.0000,1.0102
6.4181,pi,6.2800,0.0000,1.0000,1.0118
6.4231,pi,6.2800,0.0000,1.0000,1.0134
6.4281,pi,6.2800,0.0000,1.0000,1.0149
6.4331,pi,6.2800,0.0000,1.0000,1.0165
6.4381,pi,6.2800,0.0000,1.0000,1.0181
6.4432,pi,6.2800,0.0000,1.0000,1.0197
6.4481,pi,6.2800,0.0000,1.0000,1.0212
6.4531,pi,6.2800,0.0000,1.0000,1.0228
6.4582,pi,6.2800,0.0000,1.0000,1.0244
6.4631,pi,6.2800,0.0000,1.0000,1.0259
6.4681,pi,6.2800,0.0000,1.0000,1.0275
6.4732,pi,6.2800,0.0000,1.0000,1.0291
6.4781,pi,6.2800,0.0000,1.0000,1.0306
6.4832,pi,6.2800,0.0000,1.0000,1.0322
6.4881,pi,6.2800,0.0000,1.0000,1.0338
6.4931,pi,6.2800,0.0000,1.0000,1.0354
6.4981,pi,6.2800,0.0000,1.0000,1.0369
6.5031,pi,6.2800,0.0000,1.0000,1.0385
6.5081,pi,6.2800,0.0000,1.0000,1.0401
6.5131,pi,6.2800,0.0000,1.0000,1.0416
6.5181,pi,6.2800,0.0000,1.0000,1.0432
6.5231,pi,6.2800,0.0000,1.0000,1.0448
6.5281,pi,6.2800,0.0000,1.0000,1.0463
6.5331,pi,6.2800,0.0000,1.0000,1.0479
6.5381,pi,6.2800,0.0000,1.0000,1.0495
6.5432,pi,6.2800,0.0000,1.0000,1.0511
6.5482,pi,6.2800,0.0000,1.0000,1.0526
6.5532,pi,6.2800,0.0000,1.0000,1.0542
6.5581,pi,6.2800,0.0000,1.0000,1.0558
6.5632,pi,6.2800,0.0000,1.0000,1.0573
6.5681,pi,6.2800,0.0000,1.0000,1.0589
6.5731,pi,6.2800,0.0000,1.0000,1.0605
6.5781,pi,6.2800,0.0000,1.0000,1.0620
6.5832,pi,6.2800,0.0000,1.0000,1.0636
6.5881,pi,6.2800,0.0000,1.0000,1.0652
6.5932,pi,6.2800,0.0000,1.0000,1.0668
6.5981,pi,6.2800,0.0000,1.0000,1.0683
6.6031,pi,6.2800,0.0000,1.0000,1.0699
6.6081,pi,6.2800,0.0000,1.0000,1.0715
6.6132,pi,6.2800,0.0000,1.0000,1.0730
6.6182,pi,6.2800,0.0000,1.0000,1.0746
6.6232,pi,6.2800,0.0000,1.0000,1.0762
6.6282,pi,6.2800,0.0000,1.0000,1.0778
6.6331,pi,6.2800,0.0000,1.0000,1.0793
6.6384,pi,6.2800,0.0000,1.0000,1.0809
6.6436,pi,6.2800,0.0000,1.0000,1.0825
6.6481,pi,6.2800,0.0000,1.0000,1.0840
6.6532,pi,6.2800,0.0000,1.0000,1.0856
6.6582,pi,6.2800,0.0000,1.0000,1.0872
6.6632,pi,6.2800,0.0000,1.0000,1.0887
6.6681,pi,6.2800,0.0000,1.0000,1.0903
6.6732,pi,6.2800,0.0000,1.0000,1.0919
6.6781,pi,6.2800,0.0000,1.0000,1.0934
6.6831,pi,6.2800,0.0000,1.0000,1.0950
6.6884,pi,6.2800,0.0000,1.0000,1.0966
6.6931,pi,6.2800,0.0000,1.0000,1.0982
6.6981,pi,6.2800,0.0000,1.0000,1.0997
6.7031,pi,6.2800,0.0000,1.0000,1.1013
6.7081,pi,6.2800,0.0000,1.0000,1.1029
6.7133,pi,6.2800,0.0000,1.0000,1.1044
6.7182,pi,6.2800,0.0000,1.0000,1.1060
6.7231,pi,6.2800,0.0000,1.0000,1.1076
6.7281,pi,6.2800,0.0000,1.0000,1.1091
6.7332,pi,6.2800,0.0000,1.0000,1.1107
6.7381,pi,6.2800,0.0000,1.0000,1.1123
6.7431,pi,6.2800,0.0000,1.0000,1.1139
6.7482,pi,6.2800,0.0000,1.0000,1.1154
6.7531,pi,6.2800,0.0000,1.0000,1.1170
6.7582,pi,6.2800,0.0000,1.0000,1.1186
6.7631,pi,6.2800,0.0000,1.0000,1.1201
6.7683,pi,6.2800,0.0000,1.0000,1.1217
6.7731,pi,6.2800,0.0000,1.0000,1.1233
6.7781,pi,6.2800,0.0000,1.0000,1.1248
6.7831,pi,6.2800,0.0000,1.0000,1.1264
6.7881,pi,6.2800,0.0000,1.0000,1.1280
6.7931,pi,6.2800,0.0000,1.0000,1.1296
6.7981,pi,6.2800,0.0000,1.0000,1.1311
6.8032,pi,6.2800,0.0000,1.0000,1.1327
6.8081,pi,6.2800,0.0000,1.0000,1.1343
6.8135,pi,6.2800,0.0000,1.0000,1.1358
6.8197,pi,6.2800,0.0000,1.0000,1.1375
6.8250,pi,6.2800,0.0000,1.0000,1.1390
6.8300,pi,6.2800,0.0000,1.0000,1.1406
6.8352,pi,6.2800,0.0000,1.0000,1.1421
6.8419,pi,6.2800,0.0000,1.0000,1.1437
6.8477,pi,6.2800,0.0000,1.0000,1.1453
6.8527,pi,6.2800,0.0000,1.0000,1.1469
6.8586,pi,6.2800,0.0000,1.0000,1.1484
6.8636,pi,6.2800,0.0000,1.0000,1.1500
6.8680,pi,6.2800,0.0000,1.0000,1.1516
6.8749,pi,6.2800,0.0000,1.0000,1.1531
6.8820,pi,6.2800,0.0000,1.0000,1.1548
6.8869,pi,6.2800,0.0000,1.0000,1.1563
6.8916,pi,6.2800,0.0000,1.0000,1.1579
6.8963,pi,6.2800,0.0000,1.0000,1.1594
6.9018,pi,6.2800,0.0000,1.0000,1.1610
6.9067,pi,6.2800,0.0000,1.0000,1.1626
6.9114,pi,6.2800,0.0000,1.0000,1.1641
6.9183,pi,6.2800,0.0000,1.0000,1.1657
6.9249,pi,6.2800,0.0000,1.0000,1.1673
6.9297,pi,6.2800,0.0000,1.0000,1.1689
6.9362,pi,6.2800,0.0000,1.0000,1.1704
6.9408,pi,6.2800,0.0000,1.0000,1.1720
6.9458,pi,6.2800,0.0000,1.0000,1.1736
6.9513,pi,6.2800,0.0000,1.0000,1.1755
6.9582,pi,6.2800,0.0000,1.0000,1.1767
6.9643,pi,6.2800,0.0000,1.0000,1.1789
6.9690,pi,6.2800,0.0000,1.0000,1.1798
6.9738,pi,6.2800,0.0000,1.0000,1.1814
6.9786,pi,6.2800,0.0000,1.0000,1.1835
6.9833,pi,6.2800,0.0000,1.0000,1.1845
6.9876,pi,6.2800,0.0000,1.0000,1.1868
6.9921,pi,6.2800,0.0000,1.0000,1.1877
6.9963,pi,6.2800,0.0000,1.0000,1.1892
7.0003,pi,6.2800,0.0000,1.0000,1.1908
7.0044,pi,6.2800,0.0000,1.0000,1.1924
7.0084,pi,6.2800,0.0000,1.0000,1.1940
7.0124,pi,6.2800,0.0000,1.0000,1.1955
7.0163,pi,6.2800,0.0000,1.0000,1.1971
7.0203,pi,6.2800,0.0000,1.0000,1.1986
7.0242,pi,6.2800,0.0000,1.0000,1.2002
7.0282,pi,6.2800,0.0000,1.0000,1.2018
7.0321,pi,6.2800,0.0000,1.0000,1.2034
7.0361,pi,6.2800,0.0000,1.0000,1.2049
7.0401,pi,6.2800,0.0000,1.0000,1.2065
7.0441,pi,6.2800,0.0000,1.0000,1.2081
7.0482,pi,6.2800,0.0000,1.0000,1.2096
7.0533,pi,6.2800,0.0000,1.0000,1.2112
7.0582,pi,6.2800,0.0000,1.0000,1.2128
7.0632,pi,6.2800,0.0000,1.0000,1.2143
7.0682,pi,6.2800,0.0000,1.0000,1.2159
7.0732,pi,6.2800,0.0000,1.0000,1.2175
7.0782,pi,6.2800,0.0000,1.0000,1.2191
7.0832,pi,6.2800,0.0000,1.0000,1.2206
7.0882,pi,6.2800,0.0000,1.0000,1.2222
7.0933,pi,6.2800,0.0000,1.0000,1.2238
7.0983,pi,6.2800,0.0000,1.0000,1.2253
7.1032,pi,6.2800,0.0000,1.0000,1.2269
7.1082,pi,6.2800,0.0000,1.0000,1.2285
7.1132,pi,6.2800,0.0000,1.0000,1.2300
7.1185,pi,6.2800,0.0000,1.0000,1.2316
7.1233,pi,6.2800,0.0000,1.0000,1.2332
7.1282,pi,6.2800,0.0000,1.0000,1.2348
7.1332,pi,6.2800,0.0000,1.0000,1.2363
7.1382,pi,6.2800,0.0000,1.0000,1.2379
7.1436,pi,6.2800,0.0000,1.0000,1.2395
7.1496,pi,6.2800,0.0000,1.0000,1.2413
7.1552,pi,6.2800,0.0000,1.0000,1.2430
7.1598,pi,6.2800,0.0000,1.0000,1.2442
7.1645,pi,6.2800,0.0000,1.0000,1.2457
7.1700,pi,6.2800,0.0000,1.0000,1.2477
7.1753,pi,6.2800,0.0000,1.0000,1.2489
7.1799,pi,6.2800,0.0000,1.0000,1.2505
7.1842,pi,6.2800,0.0000,1.0000,1.2520
7.1884,pi,6.2800,0.0000,1.0000,1.2536
7.1939,pi,6.2800,0.0000,1.0000,1.2552
7.1987,pi,6.2800,0.0000,1.0000,1.2567
7.2035,pi,6.2800,0.0000,1.0000,1.2583
7.2084,pi,6.2800,0.0000,1.0000,1.2599
7.2132,pi,6.2800,0.0000,1.0000,1.2614
7.2184,pi,6.2800,0.0000,1.0000,1.2630
7.2234,pi,6.2800,0.0000,1.0000,1.2646
7.2284,pi,6.2800,0.0000,1.0000,1.2662
7.2333,pi,6.2800,0.0000,1.0000,1.2677
7.2385,pi,6.2800,0.0000,1.0000,1.2693
7.2432,pi,6.2800,0.0000,1.0000,1.2709
7.2491,pi,6.2800,0.0000,1.0000,1.2726
7.2537,pi,6.2800,0.0000,1.0000,1.2740
7.2592,pi,6.2800,0.0000,1.0000,1.2756
7.2654,pi,6.2800,0.0000,1.0000,1.2775
7.2706,pi,6.2800,0.0000,1.0000,1.2787
7.2757,pi,6.2800,0.0000,1.0000,1.2803
7.2809,pi,6.2800,0.0000,1.0000,1.2821
7.2862,pi,6.2800,0.0000,1.0000,1.2839
7.2918,pi,6.2800,0.0000,1.0000,1.2850
7.2969,pi,6.2800,0.0000,1.0000,1.2872
7.3017,pi,6.2800,0.0000,1.0000,1.2882
7.3062,pi,6.2800,0.0000,1.0000,1.2897
7.3108,pi,6.2800,0.0000,1.0000,1.2913
7.3159,pi,6.2800,0.0000,1.0000,1.2935
7.3203,pi,6.2800,0.0000,1.0000,1.2944
7.3250,pi,6.2800,0.0000,1.0000,1.2960
7.3295,pi,6.2800,0.0000,1.0000,1.2976
7.3339,pi,6.2800,0.0000,1.0000,1.2992
7.3391,pi,6.2800,0.0000,1.0000,1.3007
7.3436,pi,6.2800,0.0000,1.0000,1.3023
7.3483,pi,6.2800,0.0000,1.0000,1.3038
7.3533,pi,6.2800,0.0000,1.0000,1.3054
7.3585,pi,6.2800,0.0000,1.0000,1.3070
7.3632,pi,6.2800,0.0000,1.0000,1.3085
7.3684,pi,6.2800,0.0000,1.0000,1.3101
7.3734,pi,6.2800,0.0000,1.0000,1.3117
7.3783,pi,6.2800,0.0000,1.0000,1.3133
7.3834,pi,6.2800,0.0000,1.0000,1.3148
7.3883,pi,6.2800,0.0000,1.0000,1.3164
7.3933,pi,6.2800,0.0000,1.0000,1.3180
7.3983,pi,6.2800,0.0000,1.0000,1.3195
7.4033,pi,6.2800,0.0000,1.0000,1.3211
7.4095,pi,6.2800,0.0000,1.0000,1.3227
7.4142,pi,6.2800,0.0000,1.0000,1.3242
7.4186,pi,6.2800,0.0000,1.0000,1.3258
7.4232,pi,6.2800,0.0000,1.0000,1.3274
7.4282,pi,6.2800,0.0000,1.0000,1.3290
7.4335,pi,6.2800,0.0000,1.0000,1.3305
7.4388,pi,6.2800,0.0000,1.0000,1.3321
7.4433,pi,6.2800,0.0000,1.0000,1.3337
7.4481,pi,6.2800,0.0000,1.0000,1.3352
7.4531,pi,6.2800,0.0000,1.0000,1.3368
7.4583,pi,6.2800,0.0000,1.0000,1.3384
7.4631,pi,6.2800,0.0000,1.0000,1.3399
7.4681,pi,6.2800,0.0000,1.0000,1.3415
7.4731,pi,6.2800,0.0000,1.0000,1.3431
7.4782,pi,6.2800,0.0000,1.0000,1.3446
7.4831,pi,6.2800,0.0000,1.0000,1.3462
7.4881,pi,6.2800,0.0000,1.0000,1.3478
7.4931,pi,6.2800,0.0000,1.0000,1.3494
7.4981,pi,6.2800,0.0000,1.0000,1.3509
7.5032,pi,6.2800,0.0000,1.0000,1.3525
7.5082,pi,6.2800,0.0000,1.0000,1.3541
7.5139,pi,6.2800,0.0000,1.0000,1.3557
7.5188,pi,6.2800,0.0000,1.0000,1.3572
7.5235,pi,6.2800,0.0000,1.0000,1.3588
7.5287,pi,6.2800,0.0000,1.0000,1.3604
7.5340,pi,6.2800,0.0000,1.0000,1.3619
7.5385,pi,6.2800,0.0000,1.0000,1.3635
7.5431,pi,6.2800,0.0000,1.0000,1.3651
7.5482,pi,6.2800,0.0000,1.0000,1.3666
7.5534,pi,6.2800,0.0000,1.0000,1.3682
7.5583,pi,6.2800,0.0000,1.0000,1.3698
7.5634,pi,6.2800,0.0000,1.0000,1.3713
7.5690,pi,6.2800,0.0000,1.0000,1.3729
7.5733,pi,6.2800,0.0000,1.0000,1.3745
7.5781,pi,6.2800,0.0000,1.0000,1.3760
7.5832,pi,6.2800,0.0000,1.0000,1.3776
7.5882,pi,6.2800,0.0000,1.0000,1.3792
7.5932,pi,6.2800,0.0000,1.0000,1.3808
7.5981,pi,6.2800,0.0000,1.0000,1.3823
7.6032,pi,6.2800,0.0000,1.0000,1.3839
7.6081,pi,6.2800,0.0000,1.0000,1.3855
7.6132,pi,6.2800,0.0000,1.0000,1.3870
7.6181,pi,6.2800,0.0000,1.0000,1.3886
7.6232,pi,6.2800,0.0000,1.0000,1.3902
7.6283,pi,6.2800,0.0000,1.0000,1.3918
7.6332,pi,6.2800,0.0000,1.0000,1.3933
7.6381,pi,6.2800,0.0000,1.0000,1.3949
7.6432,pi,6.2800,0.0000,1.0000,1.3965
7.6482,pi,6.2800,0.0000,1.0000,1.3980
7.6531,pi,6.2800,0.0000,1.0000,1.3996
7.6581,pi,6.2800,0.0000,1.0000,1.4012
7.6632,pi,6.2800,0.0000,1.0000,1.4027
7.6681,pi,6.2800,0.0000,1.0000,1.4043
7.6731,pi,6.2800,0.0000,1.0000,1.4059
7.6781,pi,6.2800,0.0000,1.0000,1.4074
7.6831,pi,6.2800,0.0000,1.0000,1.4090
7.6883,pi,6.2800,0.0000,1.0000,1.4106
7.6932,pi,6.2800,0.0000,1.0000,1.4122
7.6981,pi,6.2800,0.0000,1.0000,1.4137
7.7033,pi,6.2800,0.0000,1.0000,1.4153
7.7082,pi,6.2800,0.0000,1.0000,1.4169
7.7132,pi,6.2800,0.0000,1.0000,1.4184
7.7181,pi,6.2800,0.0000,1.0000,1.4200
7.7231,pi,6.2800,0.0000,1.0000,1.4216
7.7281,pi,6.2800,0.0000,1.0000,1.4232
7.7331,pi,6.2800,0.0000,1.0000,1.4247
7.7383,pi,6.2800,0.0000,1.0000,1.4263
7.7433,pi,6.2800,0.0000,1.0000,1.4279
7.7482,pi,6.2800,0.0000,1.0000,1.4294
7.7531,pi,6.2800,0.0000,1.0000,1.4310
7.7582,pi,6.2800,0.0000,1.0000,1.4326
7.7631,pi,6.2800,0.0000,1.0000,1.4341
7.7681,pi,6.2800,0.0000,1.0000,1.4357
7.7734,pi,6.2800,0.0000,1.0000,1.4373
7.7782,pi,6.2800,0.0000,1.0000,1.4389
7.7832,pi,6.2800,0.0000,1.0000,1.4404
7.7889,pi,6.2800,0.0000,1.0000,1.4420
7.7941,pi,6.2800,0.0000,1.0000,1.4436
7.7993,pi,6.2800,0.0000,1.0000,1.4452
7.8046,pi,6.2800,0.0000,1.0000,1.4467
7.8113,pi,6.2800,0.0000,1.0000,1.4483
7.8171,pi,6.2800,0.0000,1.0000,1.4499
7.8218,pi,6.2800,0.0000,1.0000,1.4514
7.8263,pi,6.2800,0.0000,1.0000,1.4530
7.8310,pi,6.2800,0.0000,1.0000,1.4546
7.8351,pi,6.2800,0.0000,1.0000,1.4561
7.8389,pi,6.2800,0.0000,1.0000,1.4577
7.8431,pi,6.2800,0.0000,1.0000,1.4593
7.8481,pi,6.2800,0.0000,1.0000,1.4608
7.8531,pi,6.2800,0.0000,1.0000,1.4624
7.8581,pi,6.2800,0.0000,1.0000,1.4640
7.8632,pi,6.2800,0.0000,1.0000,1.4655
7.8681,pi,6.2800,0.0000,1.0000,1.4671
7.8731,pi,6.2800,0.0000,1.0000,1.4687
7.8781,pi,6.2800,0.0000,1.0000,1.4702
7.8831,pi,6.2800,0.0000,1.0000,1.4718
7.8882,pi,6.2800,0.0000,1.0000,1.4734
7.8931,pi,6.2800,0.0000,1.0000,1.4750
7.8982,pi,6.2800,0.0000,1.0000,1.4765
7.9031,pi,6.2800,0.0000,1.0000,1.4781
7.9081,pi,6.2800,0.0000,1.0000,1.4797
7.9131,pi,6.2800,0.0000,1.0000,1.4812
7.9181,pi,6.2800,0.0000,1.0000,1.4828
7.9232,pi,6.2800,0.0000,1.0000,1.4844
7.9282,pi,6.2800,0.0000,1.0000,1.4859
7.9332,pi,6.2800,0.0000,1.0000,1.4875
7.9382,pi,6.2800,0.0000,1.0000,1.4891
7.9432,pi,6.2800,0.0000,1.0000,1.4907
7.9481,pi,6.2800,0.0000,1.0000,1.4922
7.9531,pi,6.2800,0.0000,1.0000,1.4938
7.9581,pi,6.2800,0.0000,1.0000,1.4954
7.9631,pi,6.2800,0.0000,1.0000,1.4969
7.9681,pi,6.2800,0.0000,1.0000,1.4985
7.9732,pi,6.2800,0.0000,1.0000,1.5001
7.9781,pi,6.2800,0.0000,1.0000,1.5016
7.9831,pi,6.2800,0.0000,1.0000,1.5032
7.9881,pi,6.2800,0.0000,1.0000,1.5048
7.9933,pi,6.2800,0.0000,1.0000,1.5064
7.9981,pi,6.2800,0.0000,1.0000,1.5079
8.0032,pi,6.2800,0.0000,1.0000,1.5095
8.0081,pi,6.2800,0.0000,1.0000,1.5111
8.0131,pi,6.2800,0.0000,1.0000,1.5126
8.0182,pi,6.2800,0.0000,1.0000,1.5142
8.0231,pi,6.2800,0.0000,1.0000,1.5158
8.0281,pi,6.2800,0.0000,1.0000,1.5173
8.0331,pi,6.2800,0.0000,1.0000,1.5189
8.0382,pi,6.2800,0.0000,1.0000,1.5205
8.0431,pi,6.2800,0.0000,1.0000,1.5221
8.0481,pi,6.2800,0.0000,1.0000,1.5236
8.0532,pi,6.2800,0.0000,1.0000,1.5252
8.0581,pi,6.2800,0.0000,1.0000,1.5268
8.0631,pi,6.2800,0.0000,1.0000,1.5283
8.0681,pi,6.2800,0.0000,1.0000,1.5299
8.0731,pi,6.2800,0.0000,1.0000,1.5315
8.0781,pi,6.2800,0.0000,1.0000,1.5330
8.0832,pi,6.2800,0.0000,1.0000,1.5346
8.0883,pi,6.2800,0.0000,1.0000,1.5362
8.0931,pi,6.2800,0.0000,1.0000,1.5378
8.0983,pi,6.2800,0.0000,1.0000,1.5393
8.1031,pi,6.2800,0.0000,1.0000,1.5409
8.1081,pi,6.2800,0.0000,1.0000,1.5425
8.1132,pi,6.2800,0.0000,1.0000,1.5440
8.1183,pi,6.2800,0.0000,1.0000,1.5456
8.1235,pi,6.2800,0.0000,1.0000,1.5472
8.1282,pi,6.2800,0.0000,1.0000,1.5488
8.1334,pi,6.2800,0.0000,1.0000,1.5503
8.1389,pi,6.2800,0.0000,1.0000,1.5519
8.1435,pi,6.2800,0.0000,1.0000,1.5535
8.1483,pi,6.2800,0.0000,1.0000,1.5550
8.1531,pi,6.2800,0.0000,1.0000,1.5566
8.1581,pi,6.2800,0.0000,1.0000,1.5582
8.1632,pi,6.2800,0.0000,1.0000,1.5597
8.1681,pi,6.2800,0.0000,1.0000,1.5613
8.1731,pi,6.2800,0.0000,1.0000,1.5629
8.1782,pi,6.2800,0.0000,1.0000,1.5645
8.1832,pi,6.2800,0.0000,1.0000,1.5660
8.1881,pi,6.2800,0.0000,1.0000,1.5676
8.1934,pi,6.2800,0.0000,1.0000,1.5692
8.1982,pi,6.2800,0.0000,1.0000,1.5707
8.2031,pi,6.2800,0.0000,1.0000,1.5723
8.2082,pi,6.2800,0.0000,1.0000,1.5739
8.2131,pi,6.2800,0.0000,1.0000,1.5754
8.2182,pi,6.2800,0.0000,1.0000,1.5770
8.2231,pi,6.2800,0.0000,1.0000,1.5786
8.2281,pi,6.2800,0.0000,1.0000,1.5802
8.2332,pi,6.2800,0.0000,1.0000,1.5817
8.2381,pi,6.2800,0.0000,1.0000,1.5833
8.2432,pi,6.2800,0.0000,1.0000,1.5849
8.2481,pi,6.2800,0.0000,1.0000,1.5864
8.2531,pi,6.2800,0.0000,1.0000,1.5880
8.2582,pi,6.2800,0.0000,1.0000,1.5896
8.2631,pi,6.2800,0.0000,1.0000,1.5911
8.2681,pi,6.2800,0.0000,1.0000,1.5927
8.2732,pi,6.2800,0.0000,1.0000,1.5943
8.2781,pi,6.2800,0.0000,1.0000,1.5958
8.2832,pi,6.2800,0.0000,1.0000,1.5974
8.2882,pi,6.2800,0.0000,1.0000,1.5990
8.2931,pi,6.2800,0.0000,1.0000,1.6006
8.2982,pi,6.2800,0.0000,1.0000,1.6021
8.3031,pi,6.2800,0.0000,1.0000,1.6037
8.3082,pi,6.2800,0.0000,1.0000,1.6053
8.3131,pi,6.2800,0.0000,1.0000,1.6068
8.3181,pi,6.2800,0.0000,1.0000,1.6084
8.3231,pi,6.2800,0.0000,1.0000,1.6100
8.3282,pi,6.2800,0.0000,1.0000,1.6115
8.3331,pi,6.2800,0.0000,1.0000,1.6131
8.3382,pi,6.2800,0.0000,1.0000,1.6147
8.3434,pi,6.2800,0.0000,1.0000,1.6163
8.3486,pi,6.2800,0.0000,1.0000,1.6178
8.3535,pi,6.2800,0.0000,1.0000,1.6194
8.3585,pi,6.2800,0.0000,1.0000,1.6210
8.3635,pi,6.2800,0.0000,1.0000,1.6225
8.3688,pi,6.2800,0.0000,1.0000,1.6241
8.3738,pi,6.2800,0.0000,1.0000,1.6257
8.3788,pi,6.2800,0.0000,1.0000,1.6273
8.3837,pi,6.2800,0.0000,1.0000,1.6288
8.3887,pi,6.2800,0.0000,1.0000,1.6304
8.3937,pi,6.2800,0.0000,1.0000,1.6320
8.3987,pi,6.2800,0.0000,1.0000,1.6336
8.4031,pi,6.2800,0.0000,1.0000,1.6351
8.4081,pi,6.2800,0.0000,1.0000,1.6367
8.4131,pi,6.2800,0.0000,1.0000,1.6382
8.4183,pi,6.2800,0.0000,1.0000,1.6398
8.4231,pi,6.2800,0.0000,1.0000,1.6414
8.4281,pi,6.2800,0.0000,1.0000,1.6429
8.4331,pi,6.2800,0.0000,1.0000,1.6445
8.4381,pi,6.2800,0.0000,1.0000,1.6461
8.4431,pi,6.2800,0.0000,1.0000,1.6477
8.4482,pi,6.2800,0.0000,1.0000,1.6492
8.4531,pi,6.2800,0.0000,1.0000,1.6508
8.4581,pi,6.2800,0.0000,1.0000,1.6524
8.4631,pi,6.2800,0.0000,1.0000,1.6539
8.4682,pi,6.2800,0.0000,1.0000,1.6555
8.4731,pi,6.2800,0.0000,1.0000,1.6571
8.4781,pi,6.2800,0.0000,1.0000,1.6586
8.4831,pi,6.2800,0.0000,1.0000,1.6602
8.4882,pi,6.2800,0.0000,1.0000,1.6618
8.4931,pi,6.2800,0.0000,1.0000,1.6634
8.4981,pi,6.2800,0.0000,1.0000,1.6649
8.5031,pi,6.2800,0.0000,1.0000,1.6665
8.5081,pi,6.2800,0.0000,1.0000,1.6681
8.5131,pi,6.2800,0.0000,1.0000,1.6696
8.5182,pi,6.2800,0.0000,1.0000,1.6712
8.5231,pi,6.2800,0.0000,1.0000,1.6728
8.5282,pi,6.2800,0.0000,1.0000,1.6744
8.5331,pi,6.2800,0.0000,1.0000,1.6759
8.5381,pi,6.2800,0.0000,1.0000,1.6775
8.5431,pi,6.2800,0.0000,1.0000,1.6791
8.5482,pi,6.2800,0.0000,1.0000,1.6806
8.5533,pi,6.2800,0.0000,1.0000,1.6822
8.5582,pi,6.2800,0.0000,1.0000,1.6838
8.5631,pi,6.2800,0.0000,1.0000,1.6853
8.5681,pi,6.2800,0.0000,1.0000,1.6869
8.5731,pi,6.2800,0.0000,1.0000,1.6885
8.5781,pi,6.2800,0.0000,1.0000,1.6901
8.5831,pi,6.2800,0.0000,1.0000,1.6916
8.5882,pi,6.2800,0.0000,1.0000,1.6932
8.5932,pi,6.2800,0.0000,1.0000,1.6948
8.5983,pi,6.2800,0.0000,1.0000,1.6963
8.6031,pi,6.2800,0.0000,1.0000,1.6979
8.6082,pi,6.2800,0.0000,1.0000,1.6995
8.6138,pi,6.2800,0.0000,1.0000,1.7010
8.6185,pi,6.2800,0.0000,1.0000,1.7026
8.6238,pi,6.2800,0.0000,1.0000,1.7042
8.6289,pi,6.2800,0.0000,1.0000,1.7058
8.6336,pi,6.2800,0.0000,1.0000,1.7073
8.6381,pi,6.2800,0.0000,1.0000,1.7089
8.6431,pi,6.2800,0.0000,1.0000,1.7105
8.6481,pi,6.2800,0.0000,1.0000,1.7120
8.6531,pi,6.2800,0.0000,1.0000,1.7136
8.6582,pi,6.2800,0.0000,1.0000,1.7152
8.6631,pi,6.2800,0.0000,1.0000,1.7167
8.6681,pi,6.2800,0.0000,1.0000,1.7183
8.6732,pi,6.2800,0.0000,1.0000,1.7199
8.6781,pi,6.2800,0.0000,1.0000,1.7214
8.6831,pi,6.2800,0.0000,1.0000,1.7230
8.6882,pi,6.2800,0.0000,1.0000,1.7246
8.6931,pi,6.2800,0.0000,1.0000,1.7262
8.6981,pi,6.2800,0.0000,1.0000,1.7277
8.7031,pi,6.2800,0.0000,1.0000,1.7293
8.7083,pi,6.2800,0.0000,1.0000,1.7309
8.7131,pi,6.2800,0.0000,1.0000,1.7324
8.7181,pi,6.2800,0.0000,1.0000,1.7340
8.7231,pi,6.2800,0.0000,1.0000,1.7356
8.7282,pi,6.2800,0.0000,1.0000,1.7371
8.7331,pi,6.2800,0.0000,1.0000,1.7387
8.7382,pi,6.2800,0.0000,1.0000,1.7403
8.7431,pi,6.2800,0.0000,1.0000,1.7419
8.7482,pi,6.2800,0.0000,1.0000,1.7434
8.7532,pi,6.2800,0.0000,1.0000,1.7450
8.7581,pi,6.2800,0.0000,1.0000,1.7466
8.7631,pi,6.2800,0.0000,1.0000,1.7481
8.7681,pi,6.2800,0.0000,1.0000,1.7497
8.7732,pi,6.2800,0.0000,1.0000,1.7513
8.7781,pi,6.2800,0.0000,1.0000,1.7529
8.7832,pi,6.2800,0.0000,1.0000,1.7544
8.7882,pi,6.2800,0.0000,1.0000,1.7560
8.7932,pi,6.2800,0.0000,1.0000,1.7576
8.7985,pi,6.2800,0.0000,1.0000,1.7591
8.8036,pi,6.2800,0.0000,1.0000,1.7607
8.8081,pi,6.2800,0.0000,1.0000,1.7623
8.8131,pi,6.2800,0.0000,1.0000,1.7638
8.8181,pi,6.2800,0.0000,1.0000,1.7654
8.8231,pi,6.2800,0.0000,1.0000,1.7670
8.8282,pi,6.2800,0.0000,1.0000,1.7685
8.8332,pi,6.2800,0.0000,1.0000,1.7701
8.8381,pi,6.2800,0.0000,1.0000,1.7717
8.8431,pi,6.2800,0.0000,1.0000,1.7733
8.8483,pi,6.2800,0.0000,1.0000,1.7748
8.8532,pi,6.2800,0.0000,1.0000,1.7764
8.8582,pi,6.2800,0.0000,1.0000,1.7780
8.8632,pi,6.2800,0.0000,1.0000,1.7795
8.8682,pi,6.2800,0.0000,1.0000,1.7811
8.8731,pi,6.2800,0.0000,1.0000,1.7827
8.8782,pi,6.2800,0.0000,1.0000,1.7843
8.8831,pi,6.2800,0.0000,1.0000,1.7858
8.8883,pi,6.2800,0.0000,1.0000,1.7874
8.8931,pi,6.2800,0.0000,1.0000,1.7890
8.8981,pi,6.2800,0.0000,1.0000,1.7905
8.9031,pi,6.2800,0.0000,1.0000,1.7921
8.9081,pi,6.2800,0.0000,1.0000,1.7937
8.9131,pi,6.2800,0.0000,1.0000,1.7952
8.9182,pi,6.2800,0.0000,1.0000,1.7968
8.9231,pi,6.2800,0.0000,1.0000,1.7984
8.9282,pi,6.2800,0.0000,1.0000,1.8000
8.9331,pi,6.2800,0.0000,1.0000,1.8015
8.9381,pi,6.2800,0.0000,1.0000,1.8031
8.9431,pi,6.2800,0.0000,1.0000,1.8047
8.9482,pi,6.2800,0.0000,1.0000,1.8062
8.9531,pi,6.2800,0.0000,1.0000,1.8078
8.9582,pi,6.2800,0.0000,1.0000,1.8094
8.9631,pi,6.2800,0.0000,1.0000,1.8109
8.9681,pi,6.2800,0.0000,1.0000,1.8125
8.9732,pi,6.2800,0.0000,1.0000,1.8141
8.9781,pi,6.2800,0.0000,1.0000,1.8157
8.9831,pi,6.2800,0.0000,1.0000,1.8172
8.9883,pi,6.2800,0.0000,1.0000,1.8188
8.9931,pi,6.2800,0.0000,1.0000,1.8204
8.9982,pi,6.2800,0.0000,1.0000,1.8219
9.0031,pi,6.2800,0.0000,1.0000,1.8235
9.0082,pi,6.2800,0.0000,1.0000,1.8251
9.0131,pi,6.2800,0.0000,1.0000,1.8266
9.0181,pi,6.2800,0.0000,1.0000,1.8282
9.0231,pi,6.2800,0.0000,1.0000,1.8298
9.0281,pi,6.2800,0.0000,1.0000,1.8314
9.0332,pi,6.2800,0.0000,1.0000,1.8329
9.0381,pi,6.2800,0.0000,1.0000,1.8345
9.0431,pi,6.2800,0.0000,1.0000,1.8361
9.0482,pi,6.2800,0.0000,1.0000,1.8376
9.0532,pi,6.2800,0.0000,1.0000,1.8392
9.0581,pi,6.2800,0.0000,1.0000,1.8408
9.0632,pi,6.2800,0.0000,1.0000,1.8423
9.0681,pi,6.2800,0.0000,1.0000,1.8439
9.0731,pi,6.2800,0.0000,1.0000,1.8455
9.0782,pi,6.2800,0.0000,1.0000,1.8471
9.0831,pi,6.2800,0.0000,1.0000,1.8486
9.0882,pi,6.2800,0.0000,1.0000,1.8502
9.0931,pi,6.2800,0.0000,1.0000,1.8518
9.0982,pi,6.2800,0.0000,1.0000,1.8533
9.1031,pi,6.2800,0.0000,1.0000,1.8549
9.1082,pi,6.2800,0.0000,1.0000,1.8565
9.1131,pi,6.2800,0.0000,1.0000,1.8580
9.1182,pi,6.2800,0.0000,1.0000,1.8596
9.1233,pi,6.2800,0.0000,1.0000,1.8612
9.1284,pi,6.2800,0.0000,1.0000,1.8628
9.1334,pi,6.2800,0.0000,1.0000,1.8644
9.1384,pi,6.2800,0.0000,1.0000,1.8659
9.1435,pi,6.2800,0.0000,1.0000,1.8675
9.1484,pi,6.2800,0.0000,1.0000,1.8690
9.1531,pi,6.2800,0.0000,1.0000,1.8706
9.1581,pi,6.2800,0.0000,1.0000,1.8722
9.1631,pi,6.2800,0.0000,1.0000,1.8737
9.1683,pi,6.2800,0.0000,1.0000,1.8753
9.1732,pi,6.2800,0.0000,1.0000,1.8769
9.1791,pi,6.2800,0.0000,1.0000,1.8785
9.1847,pi,6.2800,0.0000,1.0000,1.8800
9.1895,pi,6.2800,0.0000,1.0000,1.8816
9.1935,pi,6.2800,0.0000,1.0000,1.8832
9.1981,pi,6.2800,0.0000,1.0000,1.8847
9.2032,pi,6.2800,0.0000,1.0000,1.8863
9.2082,pi,6.2800,0.0000,1.0000,1.8879
9.2131,pi,6.2800,0.0000,1.0000,1.8894
9.2181,pi,6.2800,0.0000,1.0000,1.8910
9.2231,pi,6.2800,0.0000,1.0000,1.8926
9.2281,pi,6.2800,0.0000,1.0000,1.8942
9.2331,pi,6.2800,0.0000,1.0000,1.8957
9.2382,pi,6.2800,0.0000,1.0000,1.8973
9.2435,pi,6.2800,0.0000,1.0000,1.8989
9.2485,pi,6.2800,0.0000,1.0000,1.9004
9.2537,pi,6.2800,0.0000,1.0000,1.9020
9.2585,pi,6.2800,0.0000,1.0000,1.9036
9.2631,pi,6.2800,0.0000,1.0000,1.9051
9.2681,pi,6.2800,0.0000,1.0000,1.9067
9.2731,pi,6.2800,0.0000,1.0000,1.9083
9.2781,pi,6.2800,0.0000,1.0000,1.9098
9.2831,pi,6.2800,0.0000,1.0000,1.9114
9.2882,pi,6.2800,0.0000,1.0000,1.9130
9.2931,pi,6.2800,0.0000,1.0000,1.9146
9.2981,pi,6.2800,0.0000,1.0000,1.9161
9.3031,pi,6.2800,0.0000,1.0000,1.9177
9.3081,pi,6.2800,0.0000,1.0000,1.9193
9.3131,pi,6.2800,0.0000,1.0000,1.9208
9.3182,pi,6.2800,0.0000,1.0000,1.9224
9.3231,pi,6.2800,0.0000,1.0000,1.9240
9.3281,pi,6.2800,0.0000,1.0000,1.9255
9.3331,pi,6.2800,0.0000,1.0000,1.9271
9.3381,pi,6.2800,0.0000,1.0000,1.9287
9.3431,pi,6.2800,0.0000,1.0000,1.9303
9.3481,pi,6.2800,0.0000,1.0000,1.9318
9.3531,pi,6.2800,0.0000,1.0000,1.9334
9.3582,pi,6.2800,0.0000,1.0000,1.9350
9.3631,pi,6.2800,0.0000,1.0000,1.9365
9.3681,pi,6.2800,0.0000,1.0000,1.9381
9.3731,pi,6.2800,0.0000,1.0000,1.9397
9.3782,pi,6.2800,0.0000,1.0000,1.9413
9.3831,pi,6.2800,0.0000,1.0000,1.9428
9.3881,pi,6.2800,0.0000,1.0000,1.9444
9.3932,pi,6.2800,0.0000,1.0000,1.9460
9.3982,pi,6.2800,0.0000,1.0000,1.9475
9.4031,pi,6.2800,0.0000,1.0000,1.9491
9.4081,pi,6.2800,0.0000,1.0000,1.9507
9.4132,pi,6.2800,0.0000,1.0000,1.9522
9.4181,pi,6.2800,0.0000,1.0000,1.9538
9.4231,pi,6.2800,0.0000,1.0000,1.9554
9.4281,pi,6.2800,0.0000,1.0000,1.9569
9.4332,pi,6.2800,0.0000,1.0000,1.9585
9.4382,pi,6.2800,0.0000,1.0000,1.9601
9.4434,pi,6.2800,0.0000,1.0000,1.9617
9.4487,pi,6.2800,0.0000,1.0000,1.9632
9.4535,pi,6.2800,0.0000,1.0000,1.9648
9.4581,pi,6.2800,0.0000,1.0000,1.9664
9.4631,pi,6.2800,0.0000,1.0000,1.9679
9.4681,pi,6.2800,0.0000,1.0000,1.9695
9.4731,pi,6.2800,0.0000,1.0000,1.9711
9.4782,pi,6.2800,0.0000,1.0000,1.9726
9.4832,pi,6.2800,0.0000,1.0000,1.9742
9.4881,pi,6.2800,0.0000,1.0000,1.9758
9.4932,pi,6.2800,0.0000,1.0000,1.9774
9.4981,pi,6.2800,0.0000,1.0000,1.9789
9.5031,pi,6.2800,0.0000,1.0000,1.9805
9.5081,pi,6.2800,0.0000,1.0000,1.9821
9.5132,pi,6.2800,0.0000,1.0000,1.9836
9.5182,pi,6.2800,0.0000,1.0000,1.9852
9.5233,pi,6.2800,0.0000,1.0000,1.9868
9.5283,pi,6.2800,0.0000,1.0000,1.9884
9.5331,pi,6.2800,0.0000,1.0000,1.9899
9.5382,pi,6.2800,0.0000,1.0000,1.9915
9.5431,pi,6.2800,0.0000,1.0000,1.9931
9.5481,pi,6.2800,0.0000,1.0000,1.9946
9.5531,pi,6.2800,0.0000,1.0000,1.9962
9.5581,pi,6.2800,0.0000,1.0000,1.9978
9.5632,pi,6.2800,0.0000,1.0000,1.9993
9.5681,pi,6.2800,0.0000,1.0000,2.0009
9.5731,pi,6.2800,0.0000,1.0000,2.0025
9.5781,pi,6.2800,0.0000,1.0000,2.0040
9.5831,pi,6.2800,0.0000,1.0000,2.0056
9.5881,pi,6.2800,0.0000,1.0000,2.0072
9.5932,pi,6.2800,0.0000,1.0000,2.0088
9.5981,pi,6.2800,0.0000,1.0000,2.0103
9.6031,pi,6.2800,0.0000,1.0000,2.0119
9.6082,pi,6.2800,0.0000,1.0000,2.0135
9.6131,pi,6.2800,0.0000,1.0000,2.0150
9.6181,pi,6.2800,0.0000,1.0000,2.0166
9.6232,pi,6.2800,0.0000,1.0000,2.0182
9.6281,pi,6.2800,0.0000,1.0000,2.0197
9.6332,pi,6.2800,0.0000,1.0000,2.0213
9.6381,pi,6.2800,0.0000,1.0000,2.0229
9.6432,pi,6.2800,0.0000,1.0000,2.0245
9.6481,pi,6.2800,0.0000,1.0000,2.0260
9.6532,pi,6.2800,0.0000,1.0000,2.0276
9.6581,pi,6.2800,0.0000,1.0000,2.0292
9.6631,pi,6.2800,0.0000,1.0000,2.0307
9.6682,pi,6.2800,0.0000,1.0000,2.0323
9.6732,pi,6.2800,0.0000,1.0000,2.0339
9.6781,pi,6.2800,0.0000,1.0000,2.0355
9.6831,pi,6.2800,0.0000,1.0000,2.0370
9.6882,pi,6.2800,0.0000,1.0000,2.0386
9.6931,pi,6.2800,0.0000,1.0000,2.0402
9.6982,pi,6.2800,0.0000,1.0000,2.0417
9.7031,pi,6.2800,0.0000,1.0000,2.0433
9.7081,pi,6.2800,0.0000,1.0000,2.0449
9.7131,pi,6.2800,0.0000,1.0000,2.0464
9.7181,pi,6.2800,0.0000,1.0000,2.0480
9.7232,pi,6.2800,0.0000,1.0000,2.0496
9.7282,pi,6.2800,0.0000,1.0000,2.0512
9.7331,pi,6.2800,0.0000,1.0000,2.0527
9.7382,pi,6.2800,0.0000,1.0000,2.0543
9.7431,pi,6.2800,0.0000,1.0000,2.0559
9.7482,pi,6.2800,0.0000,1.0000,2.0574
9.7531,pi,6.2800,0.0000,1.0000,2.0590
9.7582,pi,6.2800,0.0000,1.0000,2.0606
9.7631,pi,6.2800,0.0000,1.0000,2.0621
9.7681,pi,6.2800,0.0000,1.0000,2.0637
9.7731,pi,6.2800,0.0000,1.0000,2.0653
9.7781,pi,6.2800,0.0000,1.0000,2.0669
9.7831,pi,6.2800,0.0000,1.0000,2.0684
9.7882,pi,6.2800,0.0000,1.0000,2.0700
9.7932,pi,6.2800,0.0000,1.0000,2.0716
9.7982,pi,6.2800,0.0000,1.0000,2.0731
9.8032,pi,6.2800,0.0000,1.0000,2.0747
9.8081,pi,6.2800,0.0000,1.0000,2.0763
9.8132,pi,6.2800,0.0000,1.0000,2.0778
9.8183,pi,6.2800,0.0000,1.0000,2.0794
9.8232,pi,6.2800,0.0000,1.0000,2.0810
9.8281,pi,6.2800,0.0000,1.0000,2.0825
9.8332,pi,6.2800,0.0000,1.0000,2.0841
9.8381,pi,6.2800,0.0000,1.0000,2.0857
9.8431,pi,6.2800,0.0000,1.0000,2.0873
9.8482,pi,6.2800,0.0000,1.0000,2.0888
9.8532,pi,6.2800,0.0000,1.0000,2.0904
9.8582,pi,6.2800,0.0000,1.0000,2.0920
9.8632,pi,6.2800,0.0000,1.0000,2.0935
9.8681,pi,6.2800,0.0000,1.0000,2.0951
9.8731,pi,6.2800,0.0000,1.0000,2.0967
9.8782,pi,6.2800,0.0000,1.0000,2.0983
9.8831,pi,6.2800,0.0000,1.0000,2.0998
9.8885,pi,6.2800,0.0000,1.0000,2.1014
9.8933,pi,6.2800,0.0000,1.0000,2.1030
9.8981,pi,6.2800,0.0000,1.0000,2.1045
9.9032,pi,6.2800,0.0000,1.0000,2.1061
9.9081,pi,6.2800,0.0000,1.0000,2.1077
9.9131,pi,6.2800,0.0000,1.0000,2.1092
9.9182,pi,6.2800,0.0000,1.0000,2.1108
9.9231,pi,6.2800,0.0000,1.0000,2.1124
9.9283,pi,6.2800,0.0000,1.0000,2.1139
9.9332,pi,6.2800,0.0000,1.0000,2.1155
9.9381,pi,6.2800,0.0000,1.0000,2.1171
9.9432,pi,6.2800,0.0000,1.0000,2.1187
9.9482,pi,6.2800,0.0000,1.0000,2.1202
9.9532,pi,6.2800,0.0000,1.0000,2.1218
9.9582,pi,6.2800,0.0000,1.0000,2.1234
9.9632,pi,6.2800,0.0000,1.0000,2.1249
9.9681,pi,6.2800,0.0000,1.0000,2.1265
9.9732,pi,6.2800,0.0000,1.0000,2.1281
9.9781,pi,6.2800,0.0000,1.0000,2.1297
9.9831,pi,6.2800,0.0000,1.0000,2.1312
9.9882,pi,6.2800,0.0000,1.0000,2.1328
9.9931,pi,6.2800,0.0000,1.0000,2.1344
9.9982,pi,6.2800,0.0000,1.0000,2.1359
10.0031,pi,6.2800,0.0000,1.0000,2.1375
10.0081,pi,6.2800,0.0000,1.0000,2.1391
10.0132,pi,6.2800,0.0000,1.0000,2.1406
10.0181,pi,6.2800,0.0000,1.0000,2.1422
10.0231,pi,6.2800,0.0000,1.0000,2.1438
10.0281,pi,6.2800,0.0000,1.0000,2.1454
10.0331,pi,6.2800,0.0000,1.0000,2.1469
10.0381,pi,6.2800,0.0000,1.0000,2.1485
10.0432,pi,6.2800,0.0000,1.0000,2.1501
10.0481,pi,6.2800,0.0000,1.0000,2.1516
10.0531,pi,6.2800,0.0000,1.0000,2.1532
10.0582,pi,6.2800,0.0000,1.0000,2.1548
10.0631,pi,6.2800,0.0000,1.0000,2.1563
10.0681,pi,6.2800,0.0000,1.0000,2.1579
10.0732,pi,6.2800,0.0000,1.0000,2.1595
10.0781,pi,6.2800,0.0000,1.0000,2.1611
10.0832,pi,6.2800,0.0000,1.0000,2.1626
10.0881,pi,6.2800,0.0000,1.0000,2.1642
10.0932,pi,6.2800,0.0000,1.0000,2.1658
10.0982,pi,6.2800,0.0000,1.0000,2.1673
10.1031,pi,6.2800,0.0000,1.0000,2.1689
10.1081,pi,6.2800,0.0000,1.0000,2.1705
10.1131,pi,6.2800,0.0000,1.0000,2.1720
10.1181,pi,6.2800,0.0000,1.0000,2.1736
10.1231,pi,6.2800,0.0000,1.0000,2.1752
10.1283,pi,6.2800,0.0000,1.0000,2.1768
10.1335,pi,6.2800,0.0000,1.0000,2.1783
10.1384,pi,6.2800,0.0000,1.0000,2.1799
10.1435,pi,6.2800,0.0000,1.0000,2.1815
10.1488,pi,6.2800,0.0000,1.0000,2.1830
10.1535,pi,6.2800,0.0000,1.0000,2.1846
10.1581,pi,6.2800,0.0000,1.0000,2.1862
10.1631,pi,6.2800,0.0000,1.0000,2.1877
10.1683,pi,6.2800,0.0000,1.0000,2.1893
10.1732,pi,6.2800,0.0000,1.0000,2.1909
10.1781,pi,6.2800,0.0000,1.0000,2.1925
10.1831,pi,6.2800,0.0000,1.0000,2.1940
10.1881,pi,6.2800,0.0000,1.0000,2.1956
10.1931,pi,6.2800,0.0000,1.0000,2.1972
10.1982,pi,6.2800,0.0000,1.0000,2.1987
10.2031,pi,6.2800,0.0000,1.0000,2.2003
10.2082,pi,6.2800,0.0000,1.0000,2.2019
10.2133,pi,6.2800,0.0000,1.0000,2.2034
10.2181,pi,6.2800,0.0000,1.0000,2.2050
10.2231,pi,6.2800,0.0000,1.0000,2.2066
10.2281,pi,6.2800,0.0000,1.0000,2.2082
10.2332,pi,6.2800,0.0000,1.0000,2.2097
10.2381,pi,6.2800,0.0000,1.0000,2.2113
10.2431,pi,6.2800,0.0000,1.0000,2.2129
10.2481,pi,6.2800,0.0000,1.0000,2.2144
10.2531,pi,6.2800,0.0000,1.0000,2.2160
10.2581,pi,6.2800,0.0000,1.0000,2.2176
10.2631,pi,6.2800,0.0000,1.0000,2.2191
10.2681,pi,6.2800,0.0000,1.0000,2.2207
10.2732,pi,6.2800,0.0000,1.0000,2.2223
10.2781,pi,6.2800,0.0000,1.0000,2.2238
10.2832,pi,6.2800,0.0000,1.0000,2.2254
10.2881,pi,6.2800,0.0000,1.0000,2.2270
10.2931,pi,6.2800,0.0000,1.0000,2.2286
10.2981,pi,6.2800,0.0000,1.0000,2.2301
10.3032,pi,6.2800,0.0000,1.0000,2.2317
10.3081,pi,6.2800,0.0000,1.0000,2.2333
10.3131,pi,6.2800,0.0000,1.0000,2.2348
10.3181,pi,6.2800,0.0000,1.0000,2.2364
10.3231,pi,6.2800,0.0000,1.0000,2.2380
10.3281,pi,6.2800,0.0000,1.0000,2.2395
10.3332,pi,6.2800,0.0000,1.0000,2.2411
10.3381,pi,6.2800,0.0000,1.0000,2.2427
10.3432,pi,6.2800,0.0000,1.0000,2.2443
10.3481,pi,6.2800,0.0000,1.0000,2.2458
10.3533,pi,6.2800,0.0000,1.0000,2.2474
10.3581,pi,6.2800,0.0000,1.0000,2.2490
10.3631,pi,6.2800,0.0000,1.0000,2.2505
10.3681,pi,6.2800,0.0000,1.0000,2.2521
10.3732,pi,6.2800,0.0000,1.0000,2.2537
10.3781,pi,6.2800,0.0000,1.0000,2.2553
10.3831,pi,6.2800,0.0000,1.0000,2.2568
10.3881,pi,6.2800,0.0000,1.0000,2.2584
10.3931,pi,6.2800,0.0000,1.0000,2.2600
10.3981,pi,6.2800,0.0000,1.0000,2.2615
10.4031,pi,6.2800,0.0000,1.0000,2.2631
10.4081,pi,6.2800,0.0000,1.0000,2.2647
10.4131,pi,6.2800,0.0000,1.0000,2.2662
10.4181,pi,6.2800,0.0000,1.0000,2.2678
10.4231,pi,6.2800,0.0000,1.0000,2.2694
10.4281,pi,6.2800,0.0000,1.0000,2.2710
10.4331,pi,6.2800,0.0000,1.0000,2.2725
10.4381,pi,6.2800,0.0000,1.0000,2.2741
10.4433,pi,6.2800,0.0000,1.0000,2.2757
10.4481,pi,6.2800,0.0000,1.0000,2.2772
10.4536,pi,6.2800,0.0000,1.0000,2.2788
10.4587,pi,6.2800,0.0000,1.0000,2.2804
10.4638,pi,6.2800,0.0000,1.0000,2.2819
10.4688,pi,6.2800,0.0000,1.0000,2.2835
10.4734,pi,6.2800,0.0000,1.0000,2.2851
10.4781,pi,6.2800,0.0000,1.0000,2.2867
10.4831,pi,6.2800,0.0000,1.0000,2.2882
10.4881,pi,6.2800,0.0000,1.0000,2.2898
10.4931,pi,6.2800,0.0000,1.0000,2.2914
10.4982,pi,6.2800,0.0000,1.0000,2.2929
10.5031,pi,6.2800,0.0000,1.0000,2.2945
10.5081,pi,6.2800,0.0000,1.0000,2.2961
10.5131,pi,6.2800,0.0000,1.0000,2.2976
10.5181,pi,6.2800,0.0000,1.0000,2.2992
10.5231,pi,6.2800,0.0000,1.0000,2.3008
10.5281,pi,6.2800,0.0000,1.0000,2.3023
10.5331,pi,6.2800,0.0000,1.0000,2.3039
10.5381,pi,6.2800,0.0000,1.0000,2.3055
10.5431,pi,6.2800,0.0000,1.0000,2.3071
10.5481,pi,6.2800,0.0000,1.0000,2.3086
10.5531,pi,6.2800,0.0000,1.0000,2.3102
10.5582,pi,6.2800,0.0000,1.0000,2.3118
10.5631,pi,6.2800,0.0000,1.0000,2.3133
10.5682,pi,6.2800,0.0000,1.0000,2.3149
10.5731,pi,6.2800,0.0000,1.0000,2.3165
10.5782,pi,6.2800,0.0000,1.0000,2.3181
10.5831,pi,6.2800,0.0000,1.0000,2.3196
10.5881,pi,6.2800,0.0000,1.0000,2.3212
10.5931,pi,6.2800,0.0000,1.0000,2.3228
10.5982,pi,6.2800,0.0000,1.0000,2.3243
10.6031,pi,6.2800,0.0000,1.0000,2.3259
10.6081,pi,6.2800,0.0000,1.0000,2.3275
10.6131,pi,6.2800,0.0000,1.0000,2.3290
10.6181,pi,6.2800,0.0000,1.0000,2.3306
10.6232,pi,6.2800,0.0000,1.0000,2.3322
10.6281,pi,6.2800,0.0000,1.0000,2.3338
10.6331,pi,6.2800,0.0000,1.0000,2.3353
10.6381,pi,6.2800,0.0000,1.0000,2.3369
10.6432,pi,6.2800,0.0000,1.0000,2.3385
10.6481,pi,6.2800,0.0000,1.0000,2.3400
10.6531,pi,6.2800,0.0000,1.0000,2.3416
10.6582,pi,6.2800,0.0000,1.0000,2.3432
10.6631,pi,6.2800,0.0000,1.0000,2.3447
10.6681,pi,6.2800,0.0000,1.0000,2.3463
10.6731,pi,6.2800,0.0000,1.0000,2.3479
10.6782,pi,6.2800,0.0000,1.0000,2.3495
10.6831,pi,6.2800,0.0000,1.0000,2.3510
10.6882,pi,6.2800,0.0000,1.0000,2.3526
10.6931,pi,6.2800,0.0000,1.0000,2.3542
10.6981,pi,6.2800,0.0000,1.0000,2.3557
10.7032,pi,6.2800,0.0000,1.0000,2.3573
10.7081,pi,6.2800,0.0000,1.0000,2.3589
10.7132,pi,6.2800,0.0000,1.0000,2.3604
10.7182,pi,6.2800,0.0000,1.0000,2.3620
10.7231,pi,6.2800,0.0000,1.0000,2.3636
10.7281,pi,6.2800,0.0000,1.0000,2.3652
10.7331,pi,6.2800,0.0000,1.0000,2.3667
10.7381,pi,6.2800,0.0000,1.0000,2.3683
10.7432,pi,6.2800,0.0000,1.0000,2.3699
10.7481,pi,6.2800,0.0000,1.0000,2.3714
10.7531,pi,6.2800,0.0000,1.0000,2.3730
10.7582,pi,6.2800,0.0000,1.0000,2.3746
10.7631,pi,6.2800,0.0000,1.0000,2.3761
10.7681,pi,6.2800,0.0000,1.0000,2.3777
10.7732,pi,6.2800,0.0000,1.0000,2.3793
10.7781,pi,6.2800,0.0000,1.0000,2.3809
10.7832,pi,6.2800,0.0000,1.0000,2.3824
10.7881,pi,6.2800,0.0000,1.0000,2.3840
10.7932,pi,6.2800,0.0000,1.0000,2.3856
10.7982,pi,6.2800,0.0000,1.0000,2.3871
10.8032,pi,6.2800,0.0000,1.0000,2.3887
10.8081,pi,6.2800,0.0000,1.0000,2.3903
10.8131,pi,6.2800,0.0000,1.0000,2.3918
10.8182,pi,6.2800,0.0000,1.0000,2.3934
10.8232,pi,6.2800,0.0000,1.0000,2.3950
10.8281,pi,6.2800,0.0000,1.0000,2.3966
10.8331,pi,6.2800,0.0000,1.0000,2.3981
10.8381,pi,6.2800,0.0000,1.0000,2.3997
10.8432,pi,6.2800,0.0000,1.0000,2.4013
10.8482,pi,6.2800,0.0000,1.0000,2.4028
10.8531,pi,6.2800,0.0000,1.0000,2.4044
10.8581,pi,6.2800,0.0000,1.0000,2.4060
10.8631,pi,6.2800,0.0000,1.0000,2.4075
10.8682,pi,6.2800,0.0000,1.0000,2.4091
10.8732,pi,6.2800,0.0000,1.0000,2.4107
10.8782,pi,6.2800,0.0000,1.0000,2.4123
10.8832,pi,6.2800,0.0000,1.0000,2.4138
10.8881,pi,6.2800,0.0000,1.0000,2.4154
10.8931,pi,6.2800,0.0000,1.0000,2.4170
10.8981,pi,6.2800,0.0000,1.0000,2.4185
10.9032,pi,6.2800,0.0000,1.0000,2.4201
10.9081,pi,6.2800,0.0000,1.0000,2.4217
10.9131,pi,6.2800,0.0000,1.0000,2.4232
10.9181,pi,6.2800,0.0000,1.0000,2.4248
10.9232,pi,6.2800,0.0000,1.0000,2.4264
10.9282,pi,6.2800,0.0000,1.0000,2.4280
10.9331,pi,6.2800,0.0000,1.0000,2.4295
10.9385,pi,6.2800,0.0000,1.0000,2.4311
10.9436,pi,6.2800,0.0000,1.0000,2.4327
10.9483,pi,6.2800,0.0000,1.0000,2.4343
10.9531,pi,6.2800,0.0000,1.0000,2.4358
10.9583,pi,6.2800,0.0000,1.0000,2.4374
10.9632,pi,6.2800,0.0000,1.0000,2.4389
10.9682,pi,6.2800,0.0000,1.0000,2.4405
10.9731,pi,6.2800,0.0000,1.0000,2.4421
10.9782,pi,6.2800,0.0000,1.0000,2.4437
10.9832,pi,6.2800,0.0000,1.0000,2.4452
10.9881,pi,6.2800,0.0000,1.0000,2.4468
10.9931,pi,6.2800,0.0000,1.0000,2.4484
10.9982,pi,6.2800,0.0000,1.0000,2.4499
11.0033,pi,6.2800,0.0000,1.0000,2.4515
11.0081,pi,6.2800,0.0000,1.0000,2.4531
11.0131,pi,6.2800,0.0000,1.0000,2.4546
11.0182,pi,6.2800,0.0000,1.0000,2.4562
11.0232,pi,6.2800,0.0000,1.0000,2.4578
11.0282,pi,6.2800,0.0000,1.0000,2.4594
11.0331,pi,6.2800,0.0000,1.0000,2.4609
11.0381,pi,6.2800,0.0000,1.0000,2.4625
11.0432,pi,6.2800,0.0000,1.0000,2.4641
11.0482,pi,6.2800,0.0000,1.0000,2.4656
11.0532,pi,6.2800,0.0000,1.0000,2.4672
11.0582,pi,6.2800,0.0458,1.0000,2.4678
11.0634,pi,6.2800,0.1372,1.0000,2.4676
11.0691,pi,6.2800,0.3111,1.0000,2.4656
11.0743,pi,6.2800,0.6005,1.0000,2.4612
11.0786,pi,6.2800,0.9823,1.0000,2.4549
11.0832,pi,6.2800,1.4391,1.0000,2.4470
11.0882,pi,6.2800,2.0048,1.0000,2.4367
11.0931,pi,6.2800,2.5625,1.0000,2.4265
11.0981,pi,6.2800,3.2394,1.0000,2.4137
11.1033,pi,6.2800,4.1503,1.0000,2.3960
11.1081,pi,6.2800,4.9647,1.0000,2.3801
11.1134,pi,6.2800,5.8440,1.0000,2.3626
11.1187,pi,6.2800,6.7800,1.0000,2.3437
11.1238,pi,6.2800,7.7554,1.0000,2.3239
11.1287,pi,6.2800,8.8220,1.0000,2.3019
11.1333,pi,6.2800,9.9182,1.0000,2.2791
11.1382,pi,6.2800,11.0002,1.0000,2.2562
11.1431,pi,6.2800,12.0634,1.0000,2.2335
11.1481,pi,6.2800,13.0324,1.0000,2.2125
11.1532,pi,6.2800,13.9904,1.0000,2.1914
11.1595,pi,6.2800,15.1180,1.0000,2.1666
11.1651,pi,6.2800,16.2109,1.0000,2.1423
11.1691,pi,6.2800,17.1674,1.0000,2.1204
11.1731,pi,6.2800,18.1675,1.0000,2.0975
11.1781,pi,6.2800,19.1498,1.0000,2.0746
11.1832,pi,6.2800,20.1214,1.0000,2.0517
11.1882,pi,6.2800,21.0811,1.0000,2.0288
11.1932,pi,6.2800,22.1426,1.0000,2.0036
11.1982,pi,6.2800,23.1945,1.0000,1.9783
11.2033,pi,6.2800,24.1819,1.0000,1.9541
11.2084,pi,6.2800,25.0554,1.0000,1.9320
11.2132,pi,6.2800,25.8962,1.0000,1.9102
11.2182,pi,6.2800,26.8496,1.0000,1.8860
11.2232,pi,6.2800,27.6939,1.0000,1.8638
11.2291,pi,6.2800,28.5899,1.0000,1.8403
11.2346,pi,6.2800,29.5042,1.0000,1.8162
11.2389,pi,6.2800,30.3879,1.0000,1.7925
11.2435,pi,6.2800,31.2470,1.0000,1.7691
11.2481,pi,6.2800,31.9888,1.0000,1.7478
11.2532,pi,6.2800,32.7231,1.0000,1.7265
11.2583,pi,6.2800,33.4929,1.0000,1.7043
11.2632,pi,6.2800,34.2456,1.0000,1.6823
11.2686,pi,6.2800,35.0877,1.0000,1.6582
11.2744,pi,6.2800,35.9068,1.0000,1.6344
11.2786,pi,6.2800,36.6275,1.0000,1.6124
11.2831,pi,6.2800,37.3460,1.0000,1.5903
11.2882,pi,6.2800,38.0695,1.0000,1.5679
11.2931,pi,6.2800,38.7251,1.0000,1.5467
11.2982,pi,6.2800,39.3908,1.0000,1.5251
11.3033,pi,6.2800,40.1079,1.0000,1.5023
11.3082,pi,6.2800,40.8299,1.0000,1.4792
11.3133,pi,6.2800,41.5093,1.0000,1.4568
11.3183,pi,6.2800,42.1568,1.0000,1.4348
11.3232,pi,6.2800,42.7284,1.0000,1.4143
11.3283,pi,6.2800,43.3782,1.0000,1.3920
11.3332,pi,6.2800,44.0474,1.0000,1.3692
11.3388,pi,6.2800,44.7386,1.0000,1.3457
11.3440,pi,6.2800,45.3809,1.0000,1.3231
11.3485,pi,6.2800,45.9992,1.0000,1.3009
11.3533,pi,6.2800,46.6501,1.0000,1.2777
11.3583,pi,6.2800,47.2678,1.0000,1.2551
11.3632,pi,6.2800,47.8206,1.0000,1.2338
11.3682,pi,6.2800,48.4016,1.0000,1.2116
11.3732,pi,6.2800,48.8273,1.0000,1.1925
11.3782,pi,6.2800,49.2979,1.0000,1.1723
11.3833,pi,6.2800,49.7926,1.0000,1.1515
11.3882,pi,6.2800,50.2502,1.0000,1.1313
11.3933,pi,6.2800,50.7141,1.0000,1.1109
11.3982,pi,6.2800,51.1779,1.0000,1.0905
11.4032,pi,6.2800,51.6348,1.0000,1.0699
11.4083,pi,6.2800,52.0938,1.0000,1.0493
11.4133,pi,6.2800,52.5577,1.0000,1.0285
11.4183,pi,6.2800,53.0044,1.0000,1.0079
11.4233,pi,6.2800,53.6080,0.9839,0.9839
11.4281,pi,6.2800,54.1243,0.9617,0.9617
11.4332,pi,6.2800,54.5880,0.9404,0.9404
11.4382,pi,6.2800,55.0049,0.9199,0.9199
11.4432,pi,6.2800,55.3436,0.9008,0.9008
11.4483,pi,6.2800,55.6786,0.8817,0.8817
11.4532,pi,6.2800,55.9626,0.8636,0.8636
11.4582,pi,6.2800,56.2000,0.8464,0.8464
11.4632,pi,6.2800,56.3440,0.8311,0.8311
11.4682,pi,6.2800,56.4080,0.8172,0.8172
11.4732,pi,6.2800,56.4613,0.8036,0.8036
11.4783,pi,6.2800,56.4626,0.7910,0.7910
11.4833,pi,6.2800,56.3771,0.7802,0.7802
11.4882,pi,6.2800,56.2077,0.7711,0.7711
11.4932,pi,6.2800,56.0195,0.7624,0.7624
11.4982,pi,6.2800,55.8254,0.7539,0.7539
11.5033,pi,6.2800,55.4663,0.7488,0.7488
11.5082,pi,6.2800,55.1283,0.7434,0.7434
11.5132,pi,6.2800,54.7514,0.7388,0.7388
11.5182,pi,6.2800,54.3521,0.7347,0.7347
11.5232,pi,6.2800,53.8856,0.7322,0.7322
11.5282,pi,6.2800,53.3625,0.7309,0.7309
11.5333,pi,6.2800,52.8380,0.7297,0.7297
11.5384,pi,6.2800,52.3196,0.7285,0.7285
11.5439,pi,6.2800,51.7570,0.7284,0.7284
11.5486,pi,6.2800,51.2071,0.7282,0.7282
11.5533,pi,6.2800,50.6658,0.7279,0.7279
11.5582,pi,6.2800,50.2238,0.7258,0.7258
11.5632,pi,6.2800,49.7775,0.7239,0.7239
11.5683,pi,6.2800,49.3276,0.7221,0.7221
11.5732,pi,6.2800,48.8781,0.7205,0.7205
11.5783,pi,6.2800,48.4987,0.7175,0.7175
11.5831,pi,6.2800,48.1667,0.7137,0.7137
11.5882,pi,6.2800,47.8153,0.7103,0.7103
11.5934,pi,6.2800,47.4838,0.7066,0.7066
11.5982,pi,6.2800,47.1841,0.7024,0.7024
11.6032,pi,6.2800,46.8861,0.6982,0.6982
11.6084,pi,6.2800,46.6064,0.6937,0.6937
11.6137,pi,6.2800,46.3291,0.6892,0.6892
11.6185,pi,6.2800,46.0592,0.6847,0.6847
11.6232,pi,6.2800,45.8441,0.6791,0.6791
11.6283,pi,6.2800,45.5685,0.6748,0.6748
11.6332,pi,6.2800,45.2995,0.6704,0.6704
11.6383,pi,6.2800,45.0358,0.6660,0.6660
11.6435,pi,6.2800,44.8214,0.6606,0.6606
11.6487,pi,6.2800,44.5528,0.6564,0.6564
11.6533,pi,6.2800,44.3383,0.6512,0.6512
11.6582,pi,6.2800,44.1147,0.6462,0.6462
11.6632,pi,6.2800,43.8856,0.6415,0.6415
11.6682,pi,6.2800,43.5193,0.6395,0.6395
11.6733,pi,6.2800,43.1077,0.6385,0.6385
11.6781,pi,6.2800,42.8009,0.6355,0.6355
11.6836,pi,6.2800,42.4841,0.6327,0.6327
11.6884,pi,6.2800,42.1758,0.6299,0.6299
11.6932,pi,6.2800,41.9158,0.6262,0.6262
11.6982,pi,6.2800,41.6259,0.6232,0.6232
11.7032,pi,6.2800,41.3914,0.6191,0.6191
11.7082,pi,6.2800,41.1044,0.6161,0.6161
11.7137,pi,6.2800,40.8219,0.6132,0.6132
11.7191,pi,6.2800,40.6953,0.6071,0.6071
11.7235,pi,6.2800,40.5478,0.6015,0.6015
11.7281,pi,6.2800,40.4356,0.5952,0.5952
11.7332,pi,6.2800,40.2567,0.5903,0.5903
11.7382,pi,6.2800,40.0676,0.5856,0.5856
11.7433,pi,6.2800,39.8944,0.5806,0.5806
11.7482,pi,6.2800,39.7069,0.5761,0.5761
11.7533,pi,6.2800,39.5055,0.5718,0.5718
11.7582,pi,6.2800,39.3263,0.5671,0.5671
11.7640,pi,6.2800,39.0923,0.5636,0.5636
11.7692,pi,6.2800,38.9040,0.5592,0.5592
11.7734,pi,6.2800,38.6643,0.5559,0.5559
11.7782,pi,6.2800,38.4180,0.5528,0.5528
11.7831,pi,6.2800,38.1851,0.5495,0.5495
11.7882,pi,6.2800,37.9515,0.5462,0.5462
11.7932,pi,6.2800,37.7164,0.5431,0.5431
11.7983,pi,6.2800,37.4108,0.5414,0.5414
11.8031,pi,6.2800,37.1492,0.5389,0.5389
11.8082,pi,6.2800,36.8952,0.5363,0.5363
11.8132,pi,6.2800,36.6019,0.5346,0.5346
11.8182,pi,6.2800,36.3669,0.5318,0.5318
11.8232,pi,6.2800,36.0888,0.5299,0.5299
11.8282,pi,6.2800,35.8646,0.5270,0.5270
11.8332,pi,6.2800,35.5769,0.5254,0.5254
11.8383,pi,6.2800,35.2968,0.5238,0.5238
11.8431,pi,6.2800,35.0899,0.5207,0.5207
11.8483,pi,6.2800,34.8543,0.5182,0.5182
11.8532,pi,6.2800,34.6187,0.5159,0.5159
11.8583,pi,6.2800,34.3294,0.5147,0.5147
11.8632,pi,6.2800,34.0972,0.5124,0.5124
11.8682,pi,6.2800,33.8607,0.5102,0.5102
11.8732,pi,6.2800,33.5715,0.5092,0.5092
11.8782,pi,6.2800,33.2906,0.5080,0.5080
11.8833,pi,6.2800,33.0598,0.5059,0.5059
11.8882,pi,6.2800,32.8325,0.5039,0.5039
11.8932,pi,6.2800,32.5993,0.5019,0.5019
11.8982,pi,6.2800,32.4104,0.4991,0.4991
11.9033,pi,6.2800,32.2391,0.4961,0.4961
11.9083,pi,6.2800,32.1229,0.4920,0.4920
11.9136,pi,6.2800,31.9810,0.4884,0.4884
11.9185,pi,6.2800,31.8106,0.4854,0.4854
11.9236,pi,6.2800,31.7813,0.4796,0.4796
11.9281,pi,6.2800,31.7081,0.4747,0.4747
11.9331,pi,6.2800,31.6269,0.4700,0.4700
11.9382,pi,6.2800,31.5215,0.4658,0.4658
11.9433,pi,6.2800,31.3991,0.4620,0.4620
11.9482,pi,6.2800,31.2886,0.4579,0.4579
11.9533,pi,6.2800,31.1085,0.4553,0.4553
11.9583,pi,6.2800,30.9630,0.4521,0.4521
11.9632,pi,6.2800,30.8038,0.4491,0.4491
11.9682,pi,6.2800,30.6301,0.4465,0.4465
11.9732,pi,6.2800,30.4957,0.4432,0.4432
11.9782,pi,6.2800,30.2922,0.4412,0.4412
11.9833,pi,6.2800,30.0636,0.4398,0.4398
11.9883,pi,6.2800,29.8770,0.4377,0.4377
11.9931,pi,6.2800,29.7057,0.4353,0.4353
11.9983,pi,6.2800,29.5235,0.4331,0.4331
12.0033,pi,6.2800,29.3307,0.4312,0.4312
12.0082,pi,6.2800,29.1333,0.4294,0.4294
12.0132,pi,6.2800,28.9294,0.4278,0.4278
12.0182,pi,6.2800,28.7227,0.4264,0.4264
12.0234,pi,6.2800,28.4510,0.4262,0.4262
12.0285,pi,6.2800,28.2394,0.4250,0.4250
12.0336,pi,6.2800,28.0687,0.4229,0.4229
12.0383,pi,6.2800,27.8931,0.4211,0.4211
12.0432,pi,6.2800,27.6915,0.4197,0.4197
12.0481,pi,6.2800,27.5002,0.4183,0.4183
12.0534,pi,6.2800,27.3466,0.4161,0.4161
12.0585,pi,6.2800,27.2036,0.4137,0.4137
12.0635,pi,6.2800,27.0387,0.4118,0.4118
12.0681,pi,6.2800,26.8578,0.4103,0.4103
12.0731,pi,6.2800,26.7412,0.4075,0.4075
12.0781,pi,6.2800,26.6523,0.4042,0.4042
12.0831,pi,6.2800,26.5326,0.4015,0.4015
12.0881,pi,6.2800,26.3912,0.3993,0.3993
12.0932,pi,6.2800,26.2767,0.3966,0.3966
12.0983,pi,6.2800,26.1469,0.3942,0.3942
12.1032,pi,6.2800,26.0358,0.3915,0.3915
12.1081,pi,6.2800,25.9020,0.3893,0.3893
12.1132,pi,6.2800,25.7946,0.3866,0.3866
12.1182,pi,6.2800,25.6648,0.3843,0.3843
12.1231,pi,6.2800,25.5591,0.3816,0.3816
12.1294,pi,6.2800,25.4186,0.3796,0.3796
12.1349,pi,6.2800,25.2975,0.3772,0.3772
12.1392,pi,6.2800,25.1664,0.3752,0.3752
12.1431,pi,6.2800,25.0075,0.3737,0.3737
12.1489,pi,6.2800,24.6776,0.3757,0.3757
12.1563,pi,6.2800,24.3472,0.3777,0.3777
12.1617,pi,6.2800,23.8040,0.3842,0.3842
12.1673,pi,6.2800,23.2794,0.3903,0.3903
12.1728,pi,6.2800,22.9515,0.3928,0.3928
12.1784,pi,6.2800,22.4310,0.3992,0.3992
12.1831,pi,6.2800,21.7634,0.4087,0.4087
12.1873,pi,6.2800,21.3424,0.4134,0.4134
12.1915,pi,6.2800,20.8930,0.4187,0.4187
12.1958,pi,6.2800,20.5513,0.4218,0.4218
12.2001,pi,6.2800,20.3792,0.4219,0.4219
12.2043,pi,6.2800,20.4180,0.4176,0.4176
12.2086,pi,6.2800,20.6586,0.4092,0.4092
12.2138,pi,6.2800,20.9148,0.4004,0.4004
12.2185,pi,6.2800,21.1364,0.3922,0.3922
12.2235,pi,6.2800,21.2984,0.3853,0.3853
12.2284,pi,6.2800,21.6553,0.3743,0.3743
12.2334,pi,6.2800,22.1238,0.3609,0.3609
12.2393,pi,6.2800,22.5189,0.3488,0.3488
12.2440,pi,6.2800,22.8041,0.3391,0.3391
12.2497,pi,6.2800,22.9644,0.3317,0.3317
12.2552,pi,6.2800,22.8396,0.3301,0.3301
12.2601,pi,6.2800,22.5426,0.3320,0.3320
12.2648,pi,6.2800,22.1577,0.3357,0.3357
12.2695,pi,6.2800,21.8383,0.3382,0.3382
12.2741,pi,6.2800,21.2903,0.3454,0.3454
12.2787,pi,6.2800,20.7509,0.3526,0.3526
12.2841,pi,6.2800,20.3141,0.3578,0.3578
12.2887,pi,6.2800,19.9427,0.3618,0.3618
12.2939,pi,6.2800,19.5800,0.3658,0.3658
12.2986,pi,6.2800,19.2762,0.3686,0.3686
12.3038,pi,6.2800,18.9856,0.3712,0.3712
12.3083,pi,6.2800,18.8011,0.3718,0.3718
12.3131,pi,6.2800,18.8380,0.3679,0.3679
12.3181,pi,6.2800,18.9564,0.3624,0.3624
12.3232,pi,6.2800,19.0966,0.3564,0.3564
12.3283,pi,6.2800,19.3461,0.3481,0.3481
12.3332,pi,6.2800,19.5916,0.3399,0.3399
12.3383,pi,6.2800,19.7445,0.3335,0.3335
12.3435,pi,6.2800,19.9163,0.3266,0.3266
12.3488,pi,6.2800,20.0465,0.3206,0.3206
12.3533,pi,6.2800,20.1050,0.3159,0.3159
12.3581,pi,6.2800,20.1992,0.3106,0.3106
12.3632,pi,6.2800,20.3664,0.3037,0.3037
12.3688,pi,6.2800,20.4122,0.2992,0.2992
12.3749,pi,6.2800,20.3961,0.2960,0.2960
12.3797,pi,6.2800,20.3870,0.2927,0.2927
12.3836,pi,6.2800,20.3308,0.2903,0.2903
12.3881,pi,6.2800,20.2347,0.2887,0.2887
12.3931,pi,6.2800,20.1641,0.2867,0.2867
12.3982,pi,6.2800,20.1085,0.2844,0.2844
12.4032,pi,6.2800,20.0187,0.2827,0.2827
12.4081,pi,6.2800,19.9456,0.2808,0.2808
12.4133,pi,6.2800,19.8262,0.2798,0.2798
12.4187,pi,6.2800,19.6966,0.2790,0.2790
12.4248,pi,6.2800,19.5611,0.2782,0.2782
12.4299,pi,6.2800,19.3704,0.2789,0.2789
12.4348,pi,6.2800,19.1626,0.2798,0.2798
12.4411,pi,6.2800,18.9778,0.2802,0.2802
12.4483,pi,6.2800,18.6937,0.2829,0.2829
12.4537,pi,6.2800,18.4110,0.2855,0.2855
12.4603,pi,6.2800,18.1979,0.2868,0.2868
12.4657,pi,6.2800,17.9584,0.2886,0.2886
12.4709,pi,6.2800,17.7871,0.2893,0.2893
12.4772,pi,6.2800,17.6453,0.2892,0.2892
12.4842,pi,6.2800,17.4502,0.2904,0.2904
12.4897,pi,6.2800,17.0682,0.2953,0.2953
12.4948,pi,6.2800,16.5731,0.3026,0.3026
12.4995,pi,6.2800,16.0473,0.3107,0.3107
12.5050,pi,6.2800,15.6336,0.3166,0.3166
12.5104,pi,6.2800,15.3930,0.3192,0.3192
12.5157,pi,6.2800,15.1262,0.3223,0.3223
12.5217,pi,6.2800,14.9823,0.3230,0.3230
12.5289,pi,6.2800,14.7990,0.3245,0.3245
12.5344,pi,6.2800,14.7192,0.3240,0.3240
12.5408,pi,6.2800,14.6821,0.3226,0.3226
12.5472,pi,6.2800,14.8604,0.3169,0.3169
12.5527,pi,6.2800,15.0883,0.3102,0.3102
12.5603,pi,6.2800,15.5900,0.2978,0.2978
12.5691,pi,6.2800,15.5884,0.2921,0.2921
12.5741,pi,6.2800,15.5568,0.2915,0.2915
12.5794,pi,6.2800,15.5544,0.2892,0.2892
12.5849,pi,6.2800,15.4053,0.2899,0.2899
12.5897,pi,6.2800,15.2283,0.2912,0.2912
12.5939,pi,6.2800,15.1479,0.2906,0.2906
12.5982,pi,6.2800,15.0962,0.2895,0.2895
12.6025,pi,6.2800,15.0982,0.2872,0.2872
12.6066,pi,6.2800,14.9595,0.2878,0.2878
12.6107,pi,6.2800,14.8977,0.2869,0.2869
12.6148,pi,6.2800,14.8973,0.2848,0.2848
12.6190,pi,6.2800,15.2168,0.2761,0.2761
12.6231,pi,6.2800,15.5149,0.2679,0.2679
12.6271,pi,6.2800,15.7106,0.2616,0.2616
12.6311,pi,6.2800,16.0036,0.2533,0.2533
12.6353,pi,6.2800,16.2870,0.2451,0.2451
12.6394,pi,6.2800,16.5095,0.2381,0.2381
12.6435,pi,6.2800,16.6837,0.2321,0.2321
12.6476,pi,6.2800,16.7755,0.2276,0.2276
12.6517,pi,6.2800,16.8886,0.2227,0.2227
12.6559,pi,6.2800,16.9786,0.2182,0.2182
12.6601,pi,6.2800,17.0001,0.2151,0.2151
12.6643,pi,6.2800,16.9831,0.2128,0.2128
12.6685,pi,6.2800,16.9693,0.2104,0.2104
12.6726,pi,6.2800,16.8921,0.2093,0.2093
12.6769,pi,6.2800,16.7785,0.2089,0.2089
12.6810,pi,6.2800,16.5878,0.2101,0.2101
12.6851,pi,6.2800,16.3873,0.2116,0.2116
12.6894,pi,6.2800,16.1253,0.2144,0.2144
12.6934,pi,6.2800,15.9166,0.2162,0.2162
12.6982,pi,6.2800,15.7041,0.2181,0.2181
12.7032,pi,6.2800,15.4898,0.2201,0.2201
12.7082,pi,6.2800,15.2728,0.2221,0.2221
12.7133,pi,6.2800,14.9830,0.2258,0.2258
12.7181,pi,6.2800,14.7727,0.2278,0.2278
12.7232,pi,6.2800,14.5609,0.2300,0.2300
12.7283,pi,6.2800,14.3908,0.2314,0.2314
12.7333,pi,6.2800,14.2266,0.2327,0.2327
12.7382,pi,6.2800,14.1234,0.2328,0.2328
12.7433,pi,6.2800,14.0121,0.2331,0.2331
12.7482,pi,6.2800,13.9742,0.2319,0.2319
12.7532,pi,6.2800,13.8931,0.2316,0.2316
12.7583,pi,6.2800,13.8781,0.2300,0.2300
12.7632,pi,6.2800,13.8659,0.2284,0.2284
12.7682,pi,6.2800,13.8071,0.2277,0.2277
12.7732,pi,6.2800,13.7588,0.2268,0.2268
12.7782,pi,6.2800,13.7020,0.2260,0.2260
12.7833,pi,6.2800,13.6583,0.2251,0.2251
12.7889,pi,6.2800,13.5899,0.2246,0.2246
12.7935,pi,6.2800,13.5673,0.2232,0.2232
12.7983,pi,6.2800,13.5177,0.2224,0.2224
12.8033,pi,6.2800,13.5272,0.2204,0.2204
12.8082,pi,6.2800,13.5178,0.2188,0.2188
12.8134,pi,6.2800,13.4653,0.2181,0.2181
12.8183,pi,6.2800,13.4864,0.2158,0.2158
12.8232,pi,6.2800,13.4852,0.2141,0.2141
12.8282,pi,6.2800,13.4847,0.2123,0.2123
12.8333,pi,6.2800,13.4511,0.2111,0.2111
12.8383,pi,6.2800,13.4238,0.2099,0.2099
12.8433,pi,6.2800,13.4028,0.2085,0.2085
12.8482,pi,6.2800,13.3731,0.2074,0.2074
12.8532,pi,6.2800,13.3494,0.2061,0.2061
12.8583,pi,6.2800,13.2856,0.2056,0.2056
12.8633,pi,6.2800,13.2341,0.2049,0.2049
12.8682,pi,6.2800,13.1917,0.2040,0.2040
12.8733,pi,6.2800,13.1167,0.2038,0.2038
12.8782,pi,6.2800,13.0523,0.2034,0.2034
12.8832,pi,6.2800,13.0009,0.2027,0.2027
12.8883,pi,6.2800,12.9604,0.2019,0.2019
12.8940,pi,6.2800,12.8375,0.2025,0.2025
12.8983,pi,6.2800,12.7883,0.2021,0.2021
12.9033,pi,6.2800,12.7434,0.2013,0.2013
12.9082,pi,6.2800,12.6570,0.2015,0.2015
12.9135,pi,6.2800,12.6379,0.2003,0.2003
12.9182,pi,6.2800,12.5722,0.2000,0.2000
12.9232,pi,6.2800,12.5206,0.1995,0.1995
12.9283,pi,6.2800,12.4791,0.1988,0.1988
12.9332,pi,6.2800,12.4463,0.1979,0.1979
12.9383,pi,6.2800,12.4198,0.1969,0.1969
12.9433,pi,6.2800,12.4023,0.1957,0.1957
12.9484,pi,6.2800,12.3829,0.1945,0.1945
12.9532,pi,6.2800,12.3289,0.1941,0.1941
12.9583,pi,6.2800,12.1245,0.1967,0.1967
12.9633,pi,6.2800,11.9851,0.1981,0.1981
12.9684,pi,6.2800,11.7992,0.2004,0.2004
12.9733,pi,6.2800,11.6509,0.2021,0.2021
12.9783,pi,6.2800,11.5317,0.2031,0.2031
12.9833,pi,6.2800,11.4353,0.2038,0.2038
12.9886,pi,6.2800,11.3089,0.2050,0.2050
12.9933,pi,6.2800,11.2401,0.2052,0.2052
12.9984,pi,6.2800,11.1860,0.2050,0.2050
13.0033,pi,6.2800,11.1600,0.2043,0.2043
13.0082,pi,6.2800,11.1672,0.2030,0.2030
13.0135,pi,6.2800,11.3460,0.1981,0.1981
13.0190,pi,6.2800,11.4887,0.1940,0.1940
13.0233,pi,6.2800,11.6027,0.1904,0.1904
13.0281,pi,6.2800,11.7042,0.1870,0.1870
13.0331,pi,6.2800,11.7408,0.1849,0.1849
13.0383,pi,6.2800,11.7705,0.1829,0.1829
13.0432,pi,6.2800,11.8396,0.1801,0.1801
13.0482,pi,6.2800,11.8486,0.1786,0.1786
13.0532,pi,6.2800,11.8097,0.1780,0.1780
13.0582,pi,6.2800,11.7790,0.1772,0.1772
13.0634,pi,6.2800,11.7079,0.1773,0.1773
13.0687,pi,6.2800,11.6500,0.1771,0.1771
13.0734,pi,6.2800,11.6072,0.1766,0.1766
13.0782,pi,6.2800,11.4970,0.1775,0.1775
13.0831,pi,6.2800,11.3921,0.1783,0.1783
13.0883,pi,6.2800,11.3530,0.1778,0.1778
13.0932,pi,6.2800,11.2432,0.1788,0.1788
13.0983,pi,6.2800,11.1559,0.1793,0.1793
13.1031,pi,6.2800,11.1182,0.1789,0.1789
13.1081,pi,6.2800,11.0883,0.1783,0.1783
13.1132,pi,6.2800,11.0190,0.1785,0.1785
13.1185,pi,6.2800,10.9613,0.1784,0.1784
13.1235,pi,6.2800,10.9289,0.1779,0.1779
13.1294,pi,6.2800,10.9020,0.1773,0.1773
13.1344,pi,6.2800,10.8802,0.1766,0.1766
13.1396,pi,6.2800,10.8632,0.1758,0.1758
13.1445,pi,6.2800,10.8506,0.1749,0.1749
13.1491,pi,6.2800,10.8402,0.1740,0.1740
13.1536,pi,6.2800,10.7818,0.1740,0.1740
13.1581,pi,6.2800,10.7361,0.1738,0.1738
13.1635,pi,6.2800,10.6998,0.1734,0.1734
13.1688,pi,6.2800,10.7199,0.1719,0.1719
13.1735,pi,6.2800,10.7241,0.1707,0.1707
13.1782,pi,6.2800,10.6828,0.1705,0.1705
13.1834,pi,6.2800,10.6503,0.1700,0.1700
13.1882,pi,6.2800,10.6239,0.1695,0.1695
13.1933,pi,6.2800,10.5559,0.1697,0.1697
13.1982,pi,6.2800,10.5030,0.1698,0.1698
13.2031,pi,6.2800,10.4604,0.1696,0.1696
13.2082,pi,6.2800,10.4262,0.1692,0.1692
13.2132,pi,6.2800,10.3982,0.1687,0.1687
13.2182,pi,6.2800,10.3747,0.1682,0.1682
13.2234,pi,6.2800,10.3130,0.1684,0.1684
13.2282,pi,6.2800,10.2603,0.1685,0.1685
13.2332,pi,6.2800,10.2187,0.1683,0.1683
13.2381,pi,6.2800,10.1863,0.1680,0.1680
13.2432,pi,6.2800,10.1600,0.1675,0.1675
13.2482,pi,6.2800,10.1381,0.1670,0.1670
13.2533,pi,6.2800,10.1208,0.1664,0.1664
13.2583,pi,6.2800,10.1066,0.1657,0.1657
13.2635,pi,6.2800,10.0953,0.1650,0.1650
13.2681,pi,6.2800,10.0868,0.1642,0.1642
13.2731,pi,6.2800,10.0804,0.1634,0.1634
13.2781,pi,6.2800,10.0754,0.1626,0.1626
13.2832,pi,6.2800,10.0720,0.1617,0.1617
13.2882,pi,6.2800,10.0175,0.1618,0.1618
13.2931,pi,6.2800,9.9741,0.1618,0.1618
13.2981,pi,6.2800,9.9442,0.1615,0.1615
13.3031,pi,6.2800,9.9208,0.1610,0.1610
13.3084,pi,6.2800,9.9015,0.1605,0.1605
13.3136,pi,6.2800,9.8864,0.1599,0.1599
13.3189,pi,6.2800,9.8678,0.1594,0.1594
13.3238,pi,6.2800,9.8515,0.1588,0.1588
13.3289,pi,6.2800,9.8395,0.1581,0.1581
13.3338,pi,6.2800,9.8308,0.1574,0.1574
13.3385,pi,6.2800,9.8228,0.1567,0.1567
13.3435,pi,6.2800,9.8161,0.1559,0.1559
13.3486,pi,6.2800,9.8118,0.1552,0.1552
13.3535,pi,6.2800,9.7576,0.1554,0.1554
13.3586,pi,6.2800,9.7147,0.1554,0.1554
13.3637,pi,6.2800,9.6816,0.1552,0.1552
13.3688,pi,6.2800,9.6553,0.1549,0.1549
13.3731,pi,6.2800,9.5990,0.1552,0.1552
13.3781,pi,6.2800,9.5552,0.1552,0.1552
13.3832,pi,6.2800,9.5191,0.1551,0.1551
13.3882,pi,6.2800,9.4438,0.1558,0.1558
13.3935,pi,6.2800,9.4299,0.1553,0.1553
13.3994,pi,6.2800,9.3991,0.1552,0.1552
13.4045,pi,6.2800,9.4280,0.1538,0.1538
13.4094,pi,6.2800,9.4018,0.1535,0.1535
13.4151,pi,6.2800,9.3772,0.1533,0.1533
13.4220,pi,6.2800,9.3541,0.1529,0.1529
13.4272,pi,6.2800,9.3377,0.1525,0.1525
13.4316,pi,6.2800,9.3289,0.1519,0.1519
13.4368,pi,6.2800,9.3216,0.1513,0.1513
13.4412,pi,6.2800,9.3148,0.1507,0.1507
13.4451,pi,6.2800,9.3115,0.1500,0.1500
13.4493,pi,6.2800,9.2771,0.1500,0.1500
13.4531,pi,6.2800,9.2541,0.1497,0.1497
13.4582,pi,6.2800,9.2319,0.1494,0.1494
13.4631,pi,6.2800,9.2157,0.1490,0.1490
13.4681,pi,6.2800,9.1586,0.1494,0.1494
13.4731,pi,6.2800,9.1167,0.1495,0.1495
13.4781,pi,6.2800,9.1269,0.1486,0.1486
13.4831,pi,6.2800,9.0847,0.1487,0.1487
13.4881,pi,6.2800,9.0513,0.1487,0.1487
13.4931,pi,6.2800,9.0252,0.1486,0.1486
13.4982,pi,6.2800,9.0031,0.1483,0.1483
13.5031,pi,6.2800,8.9852,0.1480,0.1480
13.5081,pi,6.2800,8.9707,0.1476,0.1476
13.5132,pi,6.2800,8.9359,0.1476,0.1476
13.5181,pi,6.2800,8.9307,0.1471,0.1471
13.5232,pi,6.2800,8.9038,0.1470,0.1470
13.5281,pi,6.2800,8.8821,0.1468,0.1468
13.5331,pi,6.2800,8.8649,0.1465,0.1465
13.5381,pi,6.2800,8.8512,0.1461,0.1461
13.5432,pi,6.2800,8.8402,0.1457,0.1457
13.5481,pi,6.2800,8.8543,0.1447,0.1447
13.5533,pi,6.2800,8.8421,0.1443,0.1443
13.5582,pi,6.2800,8.8330,0.1439,0.1439
13.5631,pi,6.2800,8.8032,0.1439,0.1439
13.5682,pi,6.2800,8.7515,0.1443,0.1443
13.5731,pi,6.2800,8.7375,0.1439,0.1439
13.5782,pi,6.2800,8.6989,0.1441,0.1441
13.5831,pi,6.2800,8.6957,0.1436,0.1436
13.5882,pi,6.2800,8.6933,0.1430,0.1430
13.5932,pi,6.2800,8.7130,0.1420,0.1420
13.5982,pi,6.2800,8.6795,0.1421,0.1421
13.6031,pi,6.2800,8.6342,0.1424,0.1424
13.6083,pi,6.2800,8.6152,0.1422,0.1422
13.6132,pi,6.2800,8.6010,0.1419,0.1419
13.6182,pi,6.2800,8.5896,0.1415,0.1415
13.6231,pi,6.2800,8.6082,0.1406,0.1406
13.6282,pi,6.2800,8.5773,0.1406,0.1406
13.6332,pi,6.2800,8.5204,0.1412,0.1412
13.6381,pi,6.2800,8.5071,0.1409,0.1409
13.6431,pi,6.2800,8.4964,0.1406,0.1406
13.6481,pi,6.2800,8.4431,0.1411,0.1411
13.6531,pi,6.2800,8.4453,0.1405,0.1405
13.6582,pi,6.2800,8.4472,0.1399,0.1399
13.6632,pi,6.2800,8.4041,0.1403,0.1403
13.6681,pi,6.2800,8.3683,0.1405,0.1405
13.6732,pi,6.2800,8.3029,0.1413,0.1413
13.6782,pi,6.2800,8.3010,0.1408,0.1408
13.6831,pi,6.2800,8.2857,0.1406,0.1406
13.6882,pi,6.2800,8.2371,0.1411,0.1411
13.6932,pi,6.2800,8.2477,0.1404,0.1404
13.6981,pi,6.2800,8.2566,0.1397,0.1397
13.7039,pi,6.2800,8.2126,0.1401,0.1401
13.7089,pi,6.2800,8.1779,0.1403,0.1403
13.7136,pi,6.2800,8.1506,0.1404,0.1404
13.7181,pi,6.2800,8.1792,0.1394,0.1394
13.7231,pi,6.2800,8.1884,0.1387,0.1387
13.7282,pi,6.2800,8.1960,0.1381,0.1381
13.7332,pi,6.2800,8.2152,0.1372,0.1372
13.7382,pi,6.2800,8.2304,0.1364,0.1364
13.7431,pi,6.2800,8.2295,0.1359,0.1359
13.7481,pi,6.2800,8.1838,0.1364,0.1364
13.7532,pi,6.2800,8.1467,0.1366,0.1366
13.7582,pi,6.2800,8.1635,0.1358,0.1358
13.7631,pi,6.2800,8.1769,0.1351,0.1351
13.7682,pi,6.2800,8.1870,0.1344,0.1344
13.7731,pi,6.2800,8.1491,0.1347,0.1347
13.7782,pi,6.2800,8.1277,0.1347,0.1347
13.7831,pi,6.2800,8.1469,0.1338,0.1338
13.7881,pi,6.2800,8.1172,0.1340,0.1340
13.7933,pi,6.2800,8.1020,0.1338,0.1338
13.7983,pi,6.2800,8.0890,0.1336,0.1336
13.8034,pi,6.2800,8.0786,0.1334,0.1334
13.8089,pi,6.2800,8.0203,0.1341,0.1341
13.8135,pi,6.2800,7.9740,0.1346,0.1346
13.8181,pi,6.2800,7.9369,0.1349,0.1349
13.8231,pi,6.2800,7.9077,0.1351,0.1351
13.8281,pi,6.2800,7.9346,0.1342,0.1342
13.8332,pi,6.2800,7.9473,0.1335,0.1335
13.8381,pi,6.2800,7.9118,0.1338,0.1338
13.8432,pi,6.2800,7.8833,0.1340,0.1340
13.8483,pi,6.2800,7.8604,0.1340,0.1340
13.8532,pi,6.2800,7.8421,0.1340,0.1340
13.8582,pi,6.2800,7.8281,0.1339,0.1339
13.8631,pi,6.2800,7.8172,0.1337,0.1337
13.8682,pi,6.2800,7.8113,0.1335,0.1335
13.8731,pi,6.2800,7.8572,0.1321,0.1321
13.8781,pi,6.2800,7.8851,0.1312,0.1312
13.8831,pi,6.2800,7.8663,0.1312,0.1312
13.8881,pi,6.2800,7.8467,0.1312,0.1312
13.8932,pi,6.2800,7.8354,0.1310,0.1310
13.8981,pi,6.2800,7.8221,0.1309,0.1309
13.9033,pi,6.2800,7.8134,0.1307,0.1307
13.9086,pi,6.2800,7.8081,0.1304,0.1304
13.9141,pi,6.2800,7.8009,0.1302,0.1302
13.9182,pi,6.2800,7.7938,0.1299,0.1299
13.9232,pi,6.2800,7.7897,0.1296,0.1296
13.9282,pi,6.2800,7.7396,0.1303,0.1303
13.9332,pi,6.2800,7.6996,0.1307,0.1307
13.9381,pi,6.2800,7.6677,0.1310,0.1310
13.9432,pi,6.2800,7.6418,0.1312,0.1312
13.9482,pi,6.2800,7.6214,0.1313,0.1313
13.9532,pi,6.2800,7.6050,0.1313,0.1313
13.9583,pi,6.2800,7.5941,0.1311,0.1311
13.9632,pi,6.2800,7.5846,0.1310,0.1310
13.9681,pi,6.2800,7.5788,0.1308,0.1308
13.9732,pi,6.2800,7.5715,0.1306,0.1306
13.9781,pi,6.2800,7.5652,0.1304,0.1304
13.9833,pi,6.2800,7.5599,0.1302,0.1302
13.9881,pi,6.2800,7.5557,0.1300,0.1300
13.9932,pi,6.2800,7.5525,0.1297,0.1297
13.9982,pi,6.2800,7.5499,0.1295,0.1295
14.0033,pi,6.2800,7.5472,0.1292,0.1292
14.0082,pi,6.2800,7.5955,0.1279,0.1279
14.0131,pi,6.2800,7.5854,0.1278,0.1278
14.0182,pi,6.2800,7.6255,0.1266,0.1266
14.0232,pi,6.2800,7.6084,0.1266,0.1266
14.0282,pi,6.2800,7.6441,0.1256,0.1256
14.0336,pi,6.2800,7.6222,0.1257,0.1257
14.0385,pi,6.2800,7.6055,0.1257,0.1257
14.0431,pi,6.2800,7.5920,0.1256,0.1256
14.0485,pi,6.2800,7.5810,0.1255,0.1255
14.0532,pi,6.2800,7.5724,0.1254,0.1254
14.0583,pi,6.2800,7.5660,0.1252,0.1252
14.0634,pi,6.2800,7.5601,0.1250,0.1250
14.0681,pi,6.2800,7.5553,0.1248,0.1248
14.0731,pi,6.2800,7.5520,0.1245,0.1245
14.0782,pi,6.2800,7.4985,0.1253,0.1253
14.0831,pi,6.2800,7.4617,0.1257,0.1257
14.0883,pi,6.2800,7.4264,0.1261,0.1261
14.0932,pi,6.2800,7.3985,0.1264,0.1264
14.0982,pi,6.2800,7.3765,0.1266,0.1266
14.1031,pi,6.2800,7.3637,0.1266,0.1266
14.1082,pi,6.2800,7.3538,0.1265,0.1265
14.1132,pi,6.2800,7.3458,0.1264,0.1264
14.1182,pi,6.2800,7.3389,0.1263,0.1263
14.1233,pi,6.2800,7.3286,0.1262,0.1262
14.1281,pi,6.2800,7.3248,0.1260,0.1260
14.1333,pi,6.2800,7.3169,0.1259,0.1259
14.1384,pi,6.2800,7.3154,0.1257,0.1257
14.1433,pi,6.2800,7.3602,0.1245,0.1245
14.1483,pi,6.2800,7.3964,0.1235,0.1235
14.1532,pi,6.2800,7.4249,0.1227,0.1227
14.1583,pi,6.2800,7.4476,0.1219,0.1219
14.1631,pi,6.2800,7.4206,0.1222,0.1222
14.1682,pi,6.2800,7.4444,0.1214,0.1214
14.1732,pi,6.2800,7.4131,0.1218,0.1218
14.1781,pi,6.2800,7.3926,0.1219,0.1219
14.1832,pi,6.2800,7.3763,0.1219,0.1219
14.1882,pi,6.2800,7.3636,0.1219,0.1219
14.1931,pi,6.2800,7.3539,0.1218,0.1218
14.1981,pi,6.2800,7.3006,0.1227,0.1227
14.2032,pi,6.2800,7.2572,0.1233,0.1233
14.2083,pi,6.2800,7.2128,0.1239,0.1239
14.2131,pi,6.2800,7.1878,0.1242,0.1242
14.2182,pi,6.2800,7.2128,0.1235,0.1235
14.2232,pi,6.2800,7.2279,0.1229,0.1229
14.2284,pi,6.2800,7.2398,0.1225,0.1225
14.2332,pi,6.2800,7.1992,0.1230,0.1230
14.2381,pi,6.2800,7.1765,0.1233,0.1233
14.2432,pi,6.2800,7.1481,0.1236,0.1236
14.2481,pi,6.2800,7.1756,0.1228,0.1228
14.2531,pi,6.2800,7.1981,0.1222,0.1222
14.2582,pi,6.2800,7.1747,0.1224,0.1224
14.2632,pi,6.2800,7.1468,0.1228,0.1228
14.2682,pi,6.2800,7.1243,0.1230,0.1230
14.2732,pi,6.2800,7.1155,0.1230,0.1230
14.2782,pi,6.2800,7.1090,0.1229,0.1229
14.2835,pi,6.2800,7.1447,0.1220,0.1220
14.2883,pi,6.2800,7.1729,0.1212,0.1212
14.2934,pi,6.2800,7.1457,0.1215,0.1215
14.2981,pi,6.2800,7.1334,0.1215,0.1215
14.3031,pi,6.2800,7.1238,0.1215,0.1215
14.3081,pi,6.2800,7.1159,0.1215,0.1215
14.3131,pi,6.2800,7.1557,0.1204,0.1204
14.3181,pi,6.2800,7.1413,0.1205,0.1205
14.3233,pi,6.2800,7.1204,0.1207,0.1207
14.3281,pi,6.2800,7.1128,0.1207,0.1207
14.3331,pi,6.2800,7.1071,0.1206,0.1206
14.3381,pi,6.2800,7.1028,0.1205,0.1205
14.3431,pi,6.2800,7.0532,0.1213,0.1213
14.3483,pi,6.2800,7.0499,0.1211,0.1211
14.3531,pi,6.2800,7.0468,0.1210,0.1210
14.3582,pi,6.2800,6.9940,0.1219,0.1219
14.3632,pi,6.2800,6.9520,0.1225,0.1225
14.3682,pi,6.2800,6.9687,0.1220,0.1220
14.3732,pi,6.2800,6.9913,0.1214,0.1214
14.3781,pi,6.2800,7.0097,0.1209,0.1209
14.3832,pi,6.2800,7.0151,0.1206,0.1206
14.3882,pi,6.2800,6.9691,0.1213,0.1213
14.3932,pi,6.2800,6.9818,0.1209,0.1209
14.3982,pi,6.2800,6.9927,0.1205,0.1205
14.4032,pi,6.2800,7.0015,0.1201,0.1201
14.4082,pi,6.2800,7.0086,0.1198,0.1198
14.4132,pi,6.2800,7.0142,0.1195,0.1195
14.4182,pi,6.2800,7.0278,0.1191,0.1191
14.4232,pi,6.2800,7.0389,0.1186,0.1186
14.4281,pi,6.2800,7.0477,0.1183,0.1183
14.4333,pi,6.2800,6.9950,0.1191,0.1191
14.4382,pi,6.2800,7.0031,0.1188,0.1188
14.4432,pi,6.2800,7.0189,0.1183,0.1183
14.4482,pi,6.2800,7.0225,0.1180,0.1180
14.4531,pi,6.2800,7.0347,0.1176,0.1176
14.4582,pi,6.2800,6.9985,0.1182,0.1182
14.4633,pi,6.2800,7.0055,0.1178,0.1178
14.4686,pi,6.2800,7.0114,0.1175,0.1175
14.4740,pi,6.2800,6.9641,0.1183,0.1183
14.4784,pi,6.2800,6.9284,0.1189,0.1189
14.4831,pi,6.2800,6.9137,0.1190,0.1190
14.4881,pi,6.2800,6.9024,0.1191,0.1191
14.4931,pi,6.2800,6.8931,0.1191,0.1191
14.4982,pi,6.2800,6.8716,0.1194,0.1194
14.5031,pi,6.2800,6.8544,0.1196,0.1196
14.5081,pi,6.2800,6.8085,0.1204,0.1204
14.5132,pi,6.2800,6.8180,0.1200,0.1200
14.5181,pi,6.2800,6.8258,0.1198,0.1198
14.5232,pi,6.2800,6.8320,0.1195,0.1195
14.5282,pi,6.2800,6.8379,0.1192,0.1192
14.5332,pi,6.2800,6.8275,0.1193,0.1193
14.5381,pi,6.2800,6.8691,0.1183,0.1183
14.5432,pi,6.2800,6.8522,0.1185,0.1185
14.5482,pi,6.2800,6.8379,0.1187,0.1187
14.5531,pi,6.2800,6.8412,0.1185,0.1185
14.5582,pi,6.2800,6.8439,0.1183,0.1183
14.5632,pi,6.2800,6.8824,0.1173,0.1173
14.5681,pi,6.2800,6.8767,0.1173,0.1173
14.5732,pi,6.2800,6.8723,0.1172,0.1172
14.5783,pi,6.2800,6.9037,0.1165,0.1165
14.5840,pi,6.2800,6.8789,0.1168,0.1168
14.5891,pi,6.2800,6.8577,0.1171,0.1171
14.5932,pi,6.2800,6.8931,0.1162,0.1162
14.5981,pi,6.2800,6.9314,0.1153,0.1153
14.6032,pi,6.2800,6.9170,0.1154,0.1154
14.6081,pi,6.2800,6.9047,0.1155,0.1155
14.6132,pi,6.2800,6.8491,0.1165,0.1165
14.6182,pi,6.2800,6.8363,0.1166,0.1166
14.6232,pi,6.2800,6.8260,0.1167,0.1167
14.6281,pi,6.2800,6.7858,0.1174,0.1174
14.6332,pi,6.2800,6.7557,0.1178,0.1178
14.6381,pi,6.2800,6.7765,0.1173,0.1173
14.6432,pi,6.2800,6.7484,0.1177,0.1177
14.6482,pi,6.2800,6.7050,0.1185,0.1185
14.6533,pi,6.2800,6.7210,0.1181,0.1181
14.6590,pi,6.2800,6.7321,0.1177,0.1177
14.6635,pi,6.2800,6.7426,0.1174,0.1174
14.6681,pi,6.2800,6.7649,0.1168,0.1168
14.6731,pi,6.2800,6.7832,0.1164,0.1164
14.6781,pi,6.2800,6.7520,0.1169,0.1169
14.6831,pi,6.2800,6.7729,0.1163,0.1163
14.6881,pi,6.2800,6.7896,0.1159,0.1159
14.6932,pi,6.2800,6.7567,0.1164,0.1164
14.6982,pi,6.2800,6.7763,0.1159,0.1159
14.7031,pi,6.2800,6.7923,0.1154,0.1154
14.7081,pi,6.2800,6.8049,0.1150,0.1150
14.7132,pi,6.2800,6.7708,0.1156,0.1156
14.7182,pi,6.2800,6.7737,0.1154,0.1154
14.7232,pi,6.2800,6.7758,0.1153,0.1153
14.7282,pi,6.2800,6.7775,0.1151,0.1151
14.7332,pi,6.2800,6.7789,0.1149,0.1149
14.7383,pi,6.2800,6.7798,0.1148,0.1148
14.7432,pi,6.2800,6.7810,0.1147,0.1147
14.7481,pi,6.2800,6.7957,0.1142,0.1142
14.7532,pi,6.2800,6.8077,0.1139,0.1139
14.7583,pi,6.2800,6.7525,0.1148,0.1148
14.7632,pi,6.2800,6.7591,0.1146,0.1146
14.7681,pi,6.2800,6.7780,0.1141,0.1141
14.7732,pi,6.2800,6.7477,0.1146,0.1146
14.7782,pi,6.2800,6.7554,0.1143,0.1143
14.7831,pi,6.2800,6.7612,0.1141,0.1141
14.7882,pi,6.2800,6.7157,0.1149,0.1149
14.7933,pi,6.2800,6.7293,0.1145,0.1145
14.7981,pi,6.2800,6.6900,0.1152,0.1152
14.8031,pi,6.2800,6.6776,0.1153,0.1153
14.8083,pi,6.2800,6.6991,0.1148,0.1148
14.8133,pi,6.2800,6.6663,0.1153,0.1153
14.8182,pi,6.2800,6.6396,0.1158,0.1158
14.8231,pi,6.2800,6.6185,0.1161,0.1161
14.8281,pi,6.2800,6.6201,0.1160,0.1160
14.8331,pi,6.2800,6.6216,0.1159,0.1159
14.8382,pi,6.2800,6.5769,0.1167,0.1167
14.8431,pi,6.2800,6.5870,0.1164,0.1164
14.8481,pi,6.2800,6.5953,0.1162,0.1162
14.8532,pi,6.2800,6.5829,0.1164,0.1164
14.8581,pi,6.2800,6.5913,0.1161,0.1161
14.8631,pi,6.2800,6.5991,0.1159,0.1159
14.8682,pi,6.2800,6.6043,0.1157,0.1157
14.8732,pi,6.2800,6.6091,0.1155,0.1155
14.8782,pi,6.2800,6.6444,0.1147,0.1147
14.8832,pi,6.2800,6.6217,0.1151,0.1151
14.8881,pi,6.2800,6.6544,0.1143,0.1143
14.8931,pi,6.2800,6.6944,0.1134,0.1134
14.8982,pi,6.2800,6.6622,0.1140,0.1140
14.9031,pi,6.2800,6.6869,0.1134,0.1134
14.9081,pi,6.2800,6.7205,0.1126,0.1126
14.9132,pi,6.2800,6.6833,0.1133,0.1133
14.9181,pi,6.2800,6.6716,0.1134,0.1134
14.9231,pi,6.2800,6.7084,0.1125,0.1125
14.9283,pi,6.2800,6.6735,0.1131,0.1131
14.9331,pi,6.2800,6.6639,0.1132,0.1132
14.9382,pi,6.2800,6.6880,0.1127,0.1127
14.9431,pi,6.2800,6.6570,0.1132,0.1132
14.9481,pi,6.2800,6.6506,0.1132,0.1132
14.9533,pi,6.2800,6.6271,0.1136,0.1136
14.9582,pi,6.2800,6.6080,0.1139,0.1139
14.9632,pi,6.2800,6.5932,0.1141,0.1141
14.9681,pi,6.2800,6.5995,0.1139,0.1139
14.9731,pi,6.2800,6.6049,0.1137,0.1137
14.9783,pi,6.2800,6.5907,0.1139,0.1139
14.9831,pi,6.2800,6.5795,0.1141,0.1141
14.9881,pi,6.2800,6.5889,0.1138,0.1138
14.9932,pi,6.2800,6.5508,0.1145,0.1145
14.9981,pi,6.2800,6.5661,0.1141,0.1141
15.0032,pi,6.2800,6.5323,0.1147,0.1147
15.0082,pi,6.2800,6.5511,0.1143,0.1143
15.0133,pi,6.2800,6.5978,0.1133,0.1133
15.0182,pi,6.2800,6.5846,0.1135,0.1135
15.0232,pi,6.2800,6.5744,0.1136,0.1136
15.0281,pi,6.2800,6.5847,0.1133,0.1133
15.0333,pi,6.2800,6.5931,0.1131,0.1131
15.0383,pi,6.2800,6.5809,0.1132,0.1132
15.0431,pi,6.2800,6.5897,0.1130,0.1130
15.0482,pi,6.2800,6.5787,0.1131,0.1131
15.0531,pi,6.2800,6.5880,0.1129,0.1129
15.0582,pi,6.2800,6.5957,0.1126,0.1126
15.0632,pi,6.2800,6.6020,0.1124,0.1124
15.0681,pi,6.2800,6.6071,0.1123,0.1123
15.0732,pi,6.2800,6.6115,0.1121,0.1121
15.0781,pi,6.2800,6.6147,0.1119,0.1119
15.0831,pi,6.2800,6.5712,0.1127,0.1127
15.0886,pi,6.2800,6.4625,0.1149,0.1149
15.0933,pi,6.2800,6.3254,0.1176,0.1176
15.0983,pi,6.2800,6.2658,0.1188,0.1188
15.1031,pi,6.2800,6.2464,0.1192,0.1192
15.1092,pi,6.2800,6.2027,0.1201,0.1201
15.1148,pi,6.2800,6.1681,0.1208,0.1208
15.1189,pi,6.2800,6.1406,0.1214,0.1214
15.1234,pi,6.2800,6.1186,0.1219,0.1219
15.1282,pi,6.2800,6.1008,0.1223,0.1223
15.1336,pi,6.2800,6.1362,0.1216,0.1216
15.1383,pi,6.2800,6.1421,0.1215,0.1215
15.1435,pi,6.2800,6.2709,0.1189,0.1189
15.1481,pi,6.2800,6.3876,0.1166,0.1166
15.1531,pi,6.2800,6.4670,0.1149,0.1149
15.1581,pi,6.2800,6.4987,0.1142,0.1142
15.1633,pi,6.2800,6.5703,0.1127,0.1127
15.1682,pi,6.2800,6.6130,0.1118,0.1118
15.1731,pi,6.2800,6.6977,0.1100,0.1100
15.1782,pi,6.2800,6.7290,0.1093,0.1093
15.1831,pi,6.2800,6.7541,0.1086,0.1086
15.1882,pi,6.2800,6.7751,0.1081,0.1081
15.1932,pi,6.2800,6.7915,0.1076,0.1076
15.1981,pi,6.2800,6.8047,0.1073,0.1073
15.2034,pi,6.2800,6.7696,0.1078,0.1078
15.2083,pi,6.2800,6.7726,0.1076,0.1076
15.2132,pi,6.2800,6.7435,0.1081,0.1081
15.2182,pi,6.2800,6.7014,0.1089,0.1089
15.2231,pi,6.2800,6.6866,0.1090,0.1090
15.2281,pi,6.2800,6.6293,0.1101,0.1101
15.2332,pi,6.2800,6.6101,0.1104,0.1104
15.2382,pi,6.2800,6.5676,0.1112,0.1112
15.2436,pi,6.2800,6.5606,0.1113,0.1113
15.2483,pi,6.2800,6.5043,0.1123,0.1123
15.2532,pi,6.2800,6.5093,0.1122,0.1122
15.2581,pi,6.2800,6.4868,0.1126,0.1126
15.2632,pi,6.2800,6.4963,0.1123,0.1123
15.2681,pi,6.2800,6.4765,0.1127,0.1127
15.2732,pi,6.2800,6.4612,0.1129,0.1129
15.2782,pi,6.2800,6.4756,0.1126,0.1126
15.2831,pi,6.2800,6.4596,0.1129,0.1129
15.2882,pi,6.2800,6.4234,0.1136,0.1136
15.2931,pi,6.2800,6.4182,0.1136,0.1136
15.2981,pi,6.2800,6.4145,0.1137,0.1137
15.3032,pi,6.2800,6.4117,0.1137,0.1137
15.3082,pi,6.2800,6.4097,0.1137,0.1137
15.3131,pi,6.2800,6.4532,0.1128,0.1128
15.3182,pi,6.2800,6.4420,0.1130,0.1130
15.3232,pi,6.2800,6.4605,0.1126,0.1126
15.3282,pi,6.2800,6.4249,0.1132,0.1132
15.3331,pi,6.2800,6.4193,0.1133,0.1133
15.3382,pi,6.2800,6.4149,0.1134,0.1134
15.3432,pi,6.2800,6.4387,0.1128,0.1128
15.3481,pi,6.2800,6.4578,0.1124,0.1124
15.3533,pi,6.2800,6.4725,0.1121,0.1121
15.3582,pi,6.2800,6.4847,0.1118,0.1118
15.3631,pi,6.2800,6.4946,0.1115,0.1115
15.3681,pi,6.2800,6.4749,0.1119,0.1119
15.3732,pi,6.2800,6.4595,0.1121,0.1121
15.3782,pi,6.2800,6.4471,0.1123,0.1123
15.3834,pi,6.2800,6.4643,0.1120,0.1120
15.3887,pi,6.2800,6.4778,0.1116,0.1116
15.3933,pi,6.2800,6.4889,0.1114,0.1114
15.3982,pi,6.2800,6.4466,0.1122,0.1122
15.4031,pi,6.2800,6.4368,0.1123,0.1123
15.4082,pi,6.2800,6.4060,0.1129,0.1129
15.4132,pi,6.2800,6.3813,0.1134,0.1134
15.4181,pi,6.2800,6.4120,0.1127,0.1127
15.4231,pi,6.2800,6.4363,0.1122,0.1122
15.4281,pi,6.2800,6.4558,0.1118,0.1118
15.4331,pi,6.2800,6.4441,0.1120,0.1120
15.4381,pi,6.2800,6.4351,0.1121,0.1121
15.4431,pi,6.2800,6.4282,0.1122,0.1122
15.4481,pi,6.2800,6.4226,0.1123,0.1123
15.4533,pi,6.2800,6.3945,0.1128,0.1128
15.4581,pi,6.2800,6.3950,0.1128,0.1128
15.4631,pi,6.2800,6.3961,0.1127,0.1127
15.4681,pi,6.2800,6.3966,0.1127,0.1127
15.4732,pi,6.2800,6.4234,0.1121,0.1121
15.4781,pi,6.2800,6.4184,0.1122,0.1122
15.4832,pi,6.2800,6.4413,0.1117,0.1117
15.4881,pi,6.2800,6.4784,0.1109,0.1109
15.4932,pi,6.2800,6.4895,0.1106,0.1106
15.4981,pi,6.2800,6.4984,0.1104,0.1104
15.5031,pi,6.2800,6.4782,0.1107,0.1107
15.5081,pi,6.2800,6.5081,0.1101,0.1101
15.5131,pi,6.2800,6.4867,0.1105,0.1105
15.5182,pi,6.2800,6.4962,0.1102,0.1102
15.5232,pi,6.2800,6.4762,0.1106,0.1106
15.5282,pi,6.2800,6.4618,0.1108,0.1108
15.5333,pi,6.2800,6.4485,0.1110,0.1110
15.5386,pi,6.2800,6.4136,0.1117,0.1117
15.5440,pi,6.2800,6.3867,0.1122,0.1122
15.5483,pi,6.2800,6.3655,0.1126,0.1126
15.5531,pi,6.2800,6.3489,0.1129,0.1129
15.5581,pi,6.2800,6.3587,0.1127,0.1127
15.5631,pi,6.2800,6.3435,0.1130,0.1130
15.5682,pi,6.2800,6.3540,0.1128,0.1128
15.5732,pi,6.2800,6.3168,0.1135,0.1135
15.5782,pi,6.2800,6.3100,0.1136,0.1136
15.5831,pi,6.2800,6.3276,0.1133,0.1133
15.5881,pi,6.2800,6.3420,0.1130,0.1130
15.5931,pi,6.2800,6.3546,0.1127,0.1127
15.5981,pi,6.2800,6.3642,0.1125,0.1125
15.6031,pi,6.2800,6.3713,0.1123,0.1123
15.6083,pi,6.2800,6.3534,0.1127,0.1127
15.6132,pi,6.2800,6.3894,0.1119,0.1119
15.6181,pi,6.2800,6.4185,0.1113,0.1113
15.6231,pi,6.2800,6.4142,0.1113,0.1113
15.6281,pi,6.2800,6.4567,0.1104,0.1104
15.6332,pi,6.2800,6.4217,0.1111,0.1111
15.6381,pi,6.2800,6.4169,0.1112,0.1112
15.6432,pi,6.2800,6.3892,0.1117,0.1117
15.6482,pi,6.2800,6.4177,0.1111,0.1111
15.6531,pi,6.2800,6.4407,0.1106,0.1106
15.6582,pi,6.2800,6.4593,0.1102,0.1102
15.6632,pi,6.2800,6.4739,0.1098,0.1098
15.6681,pi,6.2800,6.4855,0.1096,0.1096
15.6731,pi,6.2800,6.4948,0.1093,0.1093
15.6782,pi,6.2800,6.4522,0.1101,0.1101
15.6832,pi,6.2800,6.4684,0.1098,0.1098
15.6881,pi,6.2800,6.4308,0.1105,0.1105
15.6931,pi,6.2800,6.4238,0.1106,0.1106
15.6981,pi,6.2800,6.4189,0.1106,0.1106
15.7032,pi,6.2800,6.3917,0.1112,0.1112
15.7081,pi,6.2800,6.4201,0.1105,0.1105
15.7131,pi,6.2800,6.4158,0.1106,0.1106
15.7182,pi,6.2800,6.3662,0.1116,0.1116
15.7232,pi,6.2800,6.3268,0.1123,0.1123
15.7282,pi,6.2800,6.3681,0.1115,0.1115
15.7340,pi,6.2800,6.3503,0.1118,0.1118
15.7390,pi,6.2800,6.3848,0.1111,0.1111
15.7436,pi,6.2800,6.4131,0.1105,0.1105
15.7481,pi,6.2800,6.4370,0.1100,0.1100
15.7531,pi,6.2800,6.4291,0.1101,0.1101
15.7582,pi,6.2800,6.4230,0.1102,0.1102
15.7631,pi,6.2800,6.4183,0.1103,0.1103
15.7681,pi,6.2800,6.4140,0.1103,0.1103
15.7731,pi,6.2800,6.4565,0.1094,0.1094
15.7781,pi,6.2800,6.4449,0.1096,0.1096
15.7831,pi,6.2800,6.4358,0.1098,0.1098
15.7881,pi,6.2800,6.4289,0.1099,0.1099
15.7931,pi,6.2800,6.4253,0.1099,0.1099
15.7981,pi,6.2800,6.3754,0.1109,0.1109
15.8031,pi,6.2800,6.3801,0.1108,0.1108
15.8082,pi,6.2800,6.3605,0.1111,0.1111
15.8131,pi,6.2800,6.3680,0.1110,0.1110
15.8181,pi,6.2800,6.3738,0.1108,0.1108
15.8232,pi,6.2800,6.3556,0.1112,0.1112
15.8281,pi,6.2800,6.3410,0.1114,0.1114
15.8331,pi,6.2800,6.3294,0.1117,0.1117
15.8381,pi,6.2800,6.3430,0.1114,0.1114
15.8431,pi,6.2800,6.3540,0.1111,0.1111
15.8482,pi,6.2800,6.3396,0.1114,0.1114
15.8531,pi,6.2800,6.3283,0.1116,0.1116
15.8581,pi,6.2800,6.3421,0.1113,0.1113
15.8632,pi,6.2800,6.3303,0.1115,0.1115
15.8681,pi,6.2800,6.3209,0.1117,0.1117
15.8731,pi,6.2800,6.3133,0.1119,0.1119
15.8781,pi,6.2800,6.3301,0.1115,0.1115
15.8831,pi,6.2800,6.3437,0.1112,0.1112
15.8881,pi,6.2800,6.3545,0.1110,0.1110
15.8932,pi,6.2800,6.3905,0.1103,0.1103
15.8981,pi,6.2800,6.3918,0.1102,0.1102
15.9032,pi,6.2800,6.3701,0.1106,0.1106
15.9081,pi,6.2800,6.3526,0.1109,0.1109
15.9131,pi,6.2800,6.3617,0.1107,0.1107
15.9182,pi,6.2800,6.3458,0.1110,0.1110
15.9231,pi,6.2800,6.3560,0.1108,0.1108
15.9282,pi,6.2800,6.3413,0.1111,0.1111
15.9332,pi,6.2800,6.3794,0.1103,0.1103
15.9381,pi,6.2800,6.4102,0.1097,0.1097
15.9431,pi,6.2800,6.3848,0.1101,0.1101
15.9481,pi,6.2800,6.3873,0.1101,0.1101
15.9532,pi,6.2800,6.3893,0.1100,0.1100
15.9581,pi,6.2800,6.4367,0.1090,0.1090
15.9632,pi,6.2800,6.4060,0.1096,0.1096
15.9681,pi,6.2800,6.4040,0.1096,0.1096
15.9733,pi,6.2800,6.3798,0.1101,0.1101
15.9783,pi,6.2800,6.4102,0.1094,0.1094
15.9831,pi,6.2800,6.4534,0.1085,0.1085
15.9881,pi,6.2800,6.4429,0.1087,0.1087
15.9931,pi,6.2800,6.4341,0.1088,0.1088
15.9982,pi,6.2800,6.4035,0.1094,0.1094
16.0032,pi,6.2800,6.4296,0.1088,0.1088
16.0082,pi,6.2800,6.3998,0.1094,0.1094
16.0132,pi,6.2800,6.4265,0.1088,0.1088
16.0182,pi,6.2800,6.3975,0.1094,0.1094
16.0232,pi,6.2800,6.4248,0.1088,0.1088
16.0281,pi,6.2800,6.4192,0.1089,0.1089
16.0332,pi,6.2800,6.3918,0.1094,0.1094
16.0382,pi,6.2800,6.3697,0.1098,0.1098
16.0431,pi,6.2800,6.3520,0.1102,0.1102
16.0482,pi,6.2800,6.3382,0.1104,0.1104
16.0532,pi,6.2800,6.3502,0.1102,0.1102
16.0582,pi,6.2800,6.3597,0.1100,0.1100
16.0631,pi,6.2800,6.3677,0.1098,0.1098
16.0683,pi,6.2800,6.3505,0.1101,0.1101
16.0733,pi,6.2800,6.3368,0.1104,0.1104
16.0782,pi,6.2800,6.3488,0.1101,0.1101
16.0831,pi,6.2800,6.3356,0.1103,0.1103
16.0882,pi,6.2800,6.3753,0.1095,0.1095
16.0941,pi,6.2800,6.3924,0.1092,0.1092
16.0986,pi,6.2800,6.4160,0.1087,0.1087
16.1033,pi,6.2800,6.3889,0.1092,0.1092
16.1081,pi,6.2800,6.3908,0.1091,0.1091
16.1131,pi,6.2800,6.3469,0.1100,0.1100
16.1181,pi,6.2800,6.3570,0.1097,0.1097
16.1232,pi,6.2800,6.3655,0.1096,0.1096
16.1283,pi,6.2800,6.3490,0.1099,0.1099
16.1331,pi,6.2800,6.3588,0.1097,0.1097
16.1383,pi,6.2800,6.3435,0.1099,0.1099
16.1436,pi,6.2800,6.3539,0.1097,0.1097
16.1486,pi,6.2800,6.3394,0.1100,0.1100
16.1531,pi,6.2800,6.3532,0.1097,0.1097
16.1582,pi,6.2800,6.3388,0.1100,0.1100
16.1632,pi,6.2800,6.3265,0.1102,0.1102
16.1684,pi,6.2800,6.3169,0.1104,0.1104
16.1731,pi,6.2800,6.3329,0.1101,0.1101
16.1781,pi,6.2800,6.3461,0.1098,0.1098
16.1833,pi,6.2800,6.2819,0.1111,0.1111
16.1882,pi,6.2800,6.2596,0.1115,0.1115
16.1931,pi,6.2800,6.2880,0.1109,0.1109
16.1981,pi,6.2800,6.2651,0.1114,0.1114
16.2031,pi,6.2800,6.2946,0.1108,0.1108
16.2083,pi,6.2800,6.2698,0.1113,0.1113
16.2133,pi,6.2800,6.2957,0.1108,0.1108
16.2182,pi,6.2800,6.3165,0.1104,0.1104
16.2231,pi,6.2800,6.3337,0.1100,0.1100
16.2281,pi,6.2800,6.3009,0.1107,0.1107
16.2331,pi,6.2800,6.3203,0.1103,0.1103
16.2381,pi,6.2800,6.3368,0.1099,0.1099
16.2432,pi,6.2800,6.3260,0.1101,0.1101
16.2481,pi,6.2800,6.3174,0.1103,0.1103
16.2531,pi,6.2800,6.3104,0.1104,0.1104
16.2581,pi,6.2800,6.2820,0.1110,0.1110
16.2632,pi,6.2800,6.3053,0.1105,0.1105
16.2681,pi,6.2800,6.3240,0.1101,0.1101
16.2732,pi,6.2800,6.3157,0.1103,0.1103
16.2781,pi,6.2800,6.3320,0.1099,0.1099
16.2832,pi,6.2800,6.3451,0.1097,0.1097
16.2881,pi,6.2800,6.3555,0.1094,0.1094
16.2932,pi,6.2800,6.3410,0.1097,0.1097
16.2982,pi,6.2800,6.3523,0.1095,0.1095
16.3031,pi,6.2800,6.4072,0.1083,0.1083
16.3081,pi,6.2800,6.4054,0.1083,0.1083
16.3132,pi,6.2800,6.3808,0.1088,0.1088
16.3182,pi,6.2800,6.3607,0.1092,0.1092
16.3232,pi,6.2800,6.3442,0.1095,0.1095
16.3282,pi,6.2800,6.3315,0.1097,0.1097
16.3332,pi,6.2800,6.3209,0.1099,0.1099
16.3382,pi,6.2800,6.3131,0.1101,0.1101
16.3432,pi,6.2800,6.3066,0.1102,0.1102
16.3481,pi,6.2800,6.3016,0.1103,0.1103
16.3532,pi,6.2800,6.2472,0.1114,0.1114
16.3582,pi,6.2800,6.2541,0.1113,0.1113
16.3631,pi,6.2800,6.2827,0.1107,0.1107
16.3681,pi,6.2800,6.3055,0.1102,0.1102
16.3732,pi,6.2800,6.3241,0.1099,0.1099
16.3781,pi,6.2800,6.3394,0.1095,0.1095
16.3831,pi,6.2800,6.3511,0.1093,0.1093
16.3882,pi,6.2800,6.3374,0.1095,0.1095
16.3931,pi,6.2800,6.3495,0.1093,0.1093
16.3982,pi,6.2800,6.3593,0.1091,0.1091
16.4031,pi,6.2800,6.3670,0.1089,0.1089
16.4082,pi,6.2800,6.3502,0.1092,0.1092
16.4132,pi,6.2800,6.3368,0.1095,0.1095
16.4181,pi,6.2800,6.3259,0.1097,0.1097
16.4231,pi,6.2800,6.3172,0.1098,0.1098
16.4281,pi,6.2800,6.2875,0.1104,0.1104
16.4331,pi,6.2800,6.3098,0.1100,0.1100
16.4381,pi,6.2800,6.3276,0.1096,0.1096
16.4433,pi,6.2800,6.3187,0.1098,0.1098
16.4484,pi,6.2800,6.3102,0.1099,0.1099
16.4536,pi,6.2800,6.3037,0.1101,0.1101
16.4584,pi,6.2800,6.3494,0.1091,0.1091
16.4631,pi,6.2800,6.3359,0.1094,0.1094
16.4681,pi,6.2800,6.3022,0.1101,0.1101
16.4731,pi,6.2800,6.2984,0.1101,0.1101
16.4782,pi,6.2800,6.3455,0.1092,0.1092
16.4832,pi,6.2800,6.3325,0.1094,0.1094
16.4882,pi,6.2800,6.3217,0.1096,0.1096
16.4931,pi,6.2800,6.3139,0.1098,0.1098
16.4981,pi,6.2800,6.3305,0.1094,0.1094
16.5031,pi,6.2800,6.3450,0.1091,0.1091
16.5082,pi,6.2800,6.3107,0.1098,0.1098
16.5133,pi,6.2800,6.3042,0.1099,0.1099
16.5182,pi,6.2800,6.3495,0.1090,0.1090
16.5232,pi,6.2800,6.3363,0.1092,0.1092
16.5282,pi,6.2800,6.3254,0.1095,0.1095
16.5331,pi,6.2800,6.2940,0.1101,0.1101
16.5382,pi,6.2800,6.2917,0.1101,0.1101
16.5432,pi,6.2800,6.2899,0.1102,0.1102
16.5482,pi,6.2800,6.2873,0.1102,0.1102
16.5531,pi,6.2800,6.2638,0.1107,0.1107
16.5582,pi,6.2800,6.2906,0.1101,0.1101
16.5632,pi,6.2800,6.3122,0.1097,0.1097
16.5682,pi,6.2800,6.3301,0.1093,0.1093
16.5732,pi,6.2800,6.2984,0.1100,0.1100
16.5782,pi,6.2800,6.3182,0.1096,0.1096
16.5832,pi,6.2800,6.3111,0.1097,0.1097
16.5881,pi,6.2800,6.3284,0.1093,0.1093
16.5931,pi,6.2800,6.2970,0.1099,0.1099
16.5981,pi,6.2800,6.3172,0.1095,0.1095
16.6033,pi,6.2800,6.3103,0.1097,0.1097
16.6082,pi,6.2800,6.3046,0.1098,0.1098
16.6132,pi,6.2800,6.3504,0.1088,0.1088
16.6181,pi,6.2800,6.3369,0.1091,0.1091
16.6231,pi,6.2800,6.3489,0.1088,0.1088
16.6282,pi,6.2800,6.3586,0.1086,0.1086
16.6332,pi,6.2800,6.3938,0.1079,0.1079
16.6381,pi,6.2800,6.3716,0.1083,0.1083
16.6432,pi,6.2800,6.3538,0.1087,0.1087
16.6482,pi,6.2800,6.3394,0.1089,0.1089
16.6531,pi,6.2800,6.3511,0.1087,0.1087
16.6582,pi,6.2800,6.3605,0.1085,0.1085
16.6632,pi,6.2800,6.3226,0.1092,0.1092
16.6681,pi,6.2800,6.2917,0.1098,0.1098
16.6732,pi,6.2800,6.2672,0.1103,0.1103
16.6781,pi,6.2800,6.2475,0.1107,0.1107
16.6832,pi,6.2800,6.2318,0.1110,0.1110
16.6882,pi,6.2800,6.2421,0.1109,0.1109
16.6931,pi,6.2800,6.2731,0.1102,0.1102
16.6981,pi,6.2800,6.2981,0.1097,0.1097
16.7033,pi,6.2800,6.2427,0.1108,0.1108
16.7081,pi,6.2800,6.2281,0.1112,0.1112
16.7132,pi,6.2800,6.2622,0.1105,0.1105
16.7182,pi,6.2800,6.2663,0.1104,0.1104
16.7231,pi,6.2800,6.2926,0.1099,0.1099
16.7281,pi,6.2800,6.3135,0.1094,0.1094
16.7332,pi,6.2800,6.3304,0.1091,0.1091
16.7382,pi,6.2800,6.3208,0.1093,0.1093
16.7431,pi,6.2800,6.3362,0.1090,0.1090
16.7482,pi,6.2800,6.3255,0.1092,0.1092
16.7531,pi,6.2800,6.3399,0.1089,0.1089
16.7582,pi,6.2800,6.3529,0.1086,0.1086
16.7632,pi,6.2800,6.3389,0.1088,0.1088
16.7681,pi,6.2800,6.3503,0.1086,0.1086
16.7732,pi,6.2800,6.3367,0.1088,0.1088
16.7781,pi,6.2800,6.3763,0.1080,0.1080
16.7832,pi,6.2800,6.3805,0.1079,0.1079
16.7881,pi,6.2800,6.3839,0.1078,0.1078
16.7932,pi,6.2800,6.3637,0.1082,0.1082
16.7982,pi,6.2800,6.3475,0.1085,0.1085
16.8031,pi,6.2800,6.3576,0.1083,0.1083
16.8082,pi,6.2800,6.3425,0.1086,0.1086
16.8132,pi,6.2800,6.3306,0.1088,0.1088
16.8182,pi,6.2800,6.2706,0.1100,0.1100
16.8231,pi,6.2800,6.2504,0.1104,0.1104
16.8282,pi,6.2800,6.2342,0.1108,0.1108
16.8331,pi,6.2800,6.2214,0.1110,0.1110
16.8381,pi,6.2800,6.2110,0.1113,0.1113
16.8431,pi,6.2800,6.2029,0.1114,0.1114
16.8481,pi,6.2800,6.1963,0.1116,0.1116
16.8531,pi,6.2800,6.2370,0.1108,0.1108
16.8582,pi,6.2800,6.2234,0.1111,0.1111
16.8632,pi,6.2800,6.2584,0.1104,0.1104
16.8681,pi,6.2800,6.2861,0.1098,0.1098
16.8732,pi,6.2800,6.2854,0.1098,0.1098
16.8782,pi,6.2800,6.3344,0.1088,0.1088
16.8831,pi,6.2800,6.3240,0.1090,0.1090
16.8881,pi,6.2800,6.3659,0.1082,0.1082
16.8932,pi,6.2800,6.3486,0.1085,0.1085
16.8982,pi,6.2800,6.3855,0.1077,0.1077
16.9031,pi,6.2800,6.3647,0.1081,0.1081
16.9081,pi,6.2800,6.3986,0.1074,0.1074
16.9131,pi,6.2800,6.3985,0.1074,0.1074
16.9181,pi,6.2800,6.3982,0.1074,0.1074
16.9232,pi,6.2800,6.3751,0.1078,0.1078
16.9282,pi,6.2800,6.3795,0.1077,0.1077
16.9332,pi,6.2800,6.3599,0.1081,0.1081
16.9382,pi,6.2800,6.3445,0.1084,0.1084
16.9431,pi,6.2800,6.3093,0.1091,0.1091
16.9482,pi,6.2800,6.3039,0.1092,0.1092
16.9532,pi,6.2800,6.2995,0.1092,0.1092
16.9581,pi,6.2800,6.3191,0.1088,0.1088
16.9633,pi,6.2800,6.2893,0.1094,0.1094
16.9682,pi,6.2800,6.2879,0.1095,0.1095
16.9737,pi,6.2800,6.2868,0.1095,0.1095
16.9793,pi,6.2800,6.2857,0.1095,0.1095
16.9833,pi,6.2800,6.2625,0.1100,0.1100
16.9882,pi,6.2800,6.2664,0.1099,0.1099
16.9931,pi,6.2800,6.2471,0.1103,0.1103
16.9981,pi,6.2800,6.2776,0.1097,0.1097
17.0032,pi,6.2800,6.2560,0.1101,0.1101
17.0082,pi,6.2800,6.2614,0.1100,0.1100
17.0132,pi,6.2800,6.2656,0.1099,0.1099
17.0183,pi,6.2800,6.2689,0.1099,0.1099
17.0231,pi,6.2800,6.2489,0.1103,0.1103
17.0282,pi,6.2800,6.2789,0.1097,0.1097
17.0332,pi,6.2800,6.2797,0.1097,0.1097
17.0382,pi,6.2800,6.3034,0.1092,0.1092
17.0432,pi,6.2800,6.3496,0.1083,0.1083
17.0481,pi,6.2800,6.3359,0.1085,0.1085
17.0532,pi,6.2800,6.3252,0.1087,0.1087
17.0581,pi,6.2800,6.3396,0.1084,0.1084
17.0636,pi,6.2800,6.3785,0.1076,0.1076
17.0687,pi,6.2800,6.3591,0.1080,0.1080
17.0732,pi,6.2800,6.3671,0.1078,0.1078
17.0781,pi,6.2800,6.3732,0.1076,0.1076
17.0831,pi,6.2800,6.3783,0.1075,0.1075
17.0883,pi,6.2800,6.3589,0.1079,0.1079
17.0931,pi,6.2800,6.3437,0.1082,0.1082
17.0984,pi,6.2800,6.3312,0.1084,0.1084
17.1031,pi,6.2800,6.3714,0.1076,0.1076
17.1082,pi,6.2800,6.3535,0.1079,0.1079
17.1131,pi,6.2800,6.3623,0.1077,0.1077
17.1181,pi,6.2800,6.3238,0.1085,0.1085
17.1232,pi,6.2800,6.3156,0.1086,0.1086
17.1282,pi,6.2800,6.3087,0.1088,0.1088
17.1332,pi,6.2800,6.3033,0.1089,0.1089
17.1382,pi,6.2800,6.2988,0.1090,0.1090
17.1434,pi,6.2800,6.2952,0.1090,0.1090
17.1490,pi,6.2800,6.2914,0.1091,0.1091
17.1540,pi,6.2800,6.2890,0.1092,0.1092
17.1590,pi,6.2800,6.2864,0.1092,0.1092
17.1647,pi,6.2800,6.2848,0.1092,0.1092
17.1694,pi,6.2800,6.2833,0.1093,0.1093
17.1741,pi,6.2800,6.2818,0.1093,0.1093
17.1791,pi,6.2800,6.2805,0.1093,0.1093
17.1833,pi,6.2800,6.2798,0.1093,0.1093
17.1883,pi,6.2800,6.2804,0.1093,0.1093
17.1932,pi,6.2800,6.3041,0.1088,0.1088
17.1983,pi,6.2800,6.2767,0.1094,0.1094
17.2033,pi,6.2800,6.3019,0.1089,0.1089
17.2084,pi,6.2800,6.2758,0.1094,0.1094
17.2136,pi,6.2800,6.3014,0.1089,0.1089
17.2185,pi,6.2800,6.2747,0.1094,0.1094
17.2234,pi,6.2800,6.2996,0.1089,0.1089
17.2284,pi,6.2800,6.1824,0.1113,0.1113
17.2332,pi,6.2800,6.1351,0.1123,0.1123
17.2394,pi,6.2800,6.0631,0.1138,0.1138
17.2440,pi,6.2800,6.0064,0.1150,0.1150
17.2496,pi,6.2800,5.9502,0.1162,0.1162
17.2542,pi,6.2800,5.8228,0.1188,0.1188
17.2586,pi,6.2800,5.7638,0.1201,0.1201
17.2639,pi,6.2800,5.6651,0.1223,0.1223
17.2683,pi,6.2800,5.6285,0.1232,0.1232
17.2735,pi,6.2800,5.5572,0.1248,0.1248
17.2786,pi,6.2800,5.5423,0.1253,0.1253
17.2836,pi,6.2800,5.6397,0.1235,0.1235
17.2887,pi,6.2800,5.6991,0.1224,0.1224
17.2938,pi,6.2800,5.7644,0.1212,0.1212
17.2987,pi,6.2800,5.8444,0.1198,0.1198
17.3035,pi,6.2800,5.9174,0.1184,0.1184
17.3082,pi,6.2800,6.0595,0.1156,0.1156
17.3132,pi,6.2800,6.1737,0.1133,0.1133
17.3182,pi,6.2800,6.3116,0.1106,0.1106
17.3232,pi,6.2800,6.3750,0.1093,0.1093
17.3282,pi,6.2800,6.4723,0.1073,0.1073
17.3331,pi,6.2800,6.5496,0.1057,0.1057
17.3382,pi,6.2800,6.5667,0.1053,0.1053
17.3431,pi,6.2800,6.6256,0.1040,0.1040
17.3483,pi,6.2800,6.6070,0.1043,0.1043
17.3532,pi,6.2800,6.6113,0.1041,0.1041
17.3582,pi,6.2800,6.6150,0.1040,0.1040
17.3632,pi,6.2800,6.6176,0.1038,0.1038
17.3683,pi,6.2800,6.6008,0.1041,0.1041
17.3732,pi,6.2800,6.5874,0.1043,0.1043
17.3782,pi,6.2800,6.5266,0.1054,0.1054
17.3831,pi,6.2800,6.4779,0.1063,0.1063
17.3881,pi,6.2800,6.4619,0.1066,0.1066
17.3932,pi,6.2800,6.4491,0.1068,0.1068
17.3982,pi,6.2800,6.3931,0.1079,0.1079
17.4031,pi,6.2800,6.3949,0.1079,0.1079
17.4083,pi,6.2800,6.4228,0.1073,0.1073
17.4132,pi,6.2800,6.3947,0.1078,0.1078
17.4182,pi,6.2800,6.3212,0.1093,0.1093
17.4231,pi,6.2800,6.2911,0.1099,0.1099
17.4283,pi,6.2800,6.2894,0.1099,0.1099
17.4331,pi,6.2800,6.2881,0.1099,0.1099
17.4383,pi,6.2800,6.2347,0.1110,0.1110
17.4431,pi,6.2800,6.1945,0.1118,0.1118
17.4481,pi,6.2800,6.1895,0.1119,0.1119
17.4532,pi,6.2800,6.2082,0.1116,0.1116
17.4582,pi,6.2800,6.2003,0.1118,0.1118
17.4631,pi,6.2800,6.1486,0.1128,0.1128
17.4682,pi,6.2800,6.1526,0.1128,0.1128
17.4731,pi,6.2800,6.2023,0.1118,0.1118
17.4781,pi,6.2800,6.1956,0.1120,0.1120
17.4831,pi,6.2800,6.2363,0.1112,0.1112
17.4881,pi,6.2800,6.2229,0.1114,0.1114
17.4931,pi,6.2800,6.2594,0.1107,0.1107
17.4982,pi,6.2800,6.2641,0.1106,0.1106
17.5031,pi,6.2800,6.2908,0.1101,0.1101
17.5082,pi,6.2800,6.2892,0.1101,0.1101
17.5131,pi,6.2800,6.3110,0.1097,0.1097
17.5182,pi,6.2800,6.3053,0.1098,0.1098
17.5231,pi,6.2800,6.3237,0.1094,0.1094
17.5282,pi,6.2800,6.3652,0.1086,0.1086
17.5331,pi,6.2800,6.3488,0.1089,0.1089
17.5381,pi,6.2800,6.3356,0.1091,0.1091
17.5431,pi,6.2800,6.3250,0.1093,0.1093
17.5482,pi,6.2800,6.3666,0.1085,0.1085
17.5531,pi,6.2800,6.3728,0.1083,0.1083
17.5583,pi,6.2800,6.4051,0.1076,0.1076
17.5632,pi,6.2800,6.3803,0.1081,0.1081
17.5681,pi,6.2800,6.3836,0.1080,0.1080
17.5732,pi,6.2800,6.3866,0.1079,0.1079
17.5781,pi,6.2800,6.3887,0.1079,0.1079
17.5832,pi,6.2800,6.3457,0.1087,0.1087
17.5882,pi,6.2800,6.3834,0.1079,0.1079
17.5932,pi,6.2800,6.3628,0.1083,0.1083
17.5981,pi,6.2800,6.3238,0.1091,0.1091
17.6032,pi,6.2800,6.3154,0.1092,0.1092
17.6082,pi,6.2800,6.3315,0.1089,0.1089
17.6131,pi,6.2800,6.2993,0.1096,0.1096
17.6182,pi,6.2800,6.2452,0.1106,0.1106
17.6232,pi,6.2800,6.2525,0.1105,0.1105
17.6282,pi,6.2800,6.2080,0.1114,0.1114
17.6332,pi,6.2800,6.2222,0.1111,0.1111
17.6384,pi,6.2800,6.1838,0.1119,0.1119
17.6436,pi,6.2800,6.2030,0.1116,0.1116
17.6485,pi,6.2800,6.2188,0.1113,0.1113
17.6531,pi,6.2800,6.2313,0.1110,0.1110
17.6581,pi,6.2800,6.2192,0.1113,0.1113
17.6631,pi,6.2800,6.2098,0.1115,0.1115
17.6682,pi,6.2800,6.2017,0.1117,0.1117
17.6733,pi,6.2800,6.2178,0.1114,0.1114
17.6786,pi,6.2800,6.2794,0.1101,0.1101
17.6840,pi,6.2800,6.2801,0.1101,0.1101
17.6883,pi,6.2800,6.3039,0.1096,0.1096
17.6932,pi,6.2800,6.3229,0.1092,0.1092
17.6981,pi,6.2800,6.3388,0.1089,0.1089
17.7031,pi,6.2800,6.3511,0.1087,0.1087
17.7082,pi,6.2800,6.3876,0.1079,0.1079
17.7132,pi,6.2800,6.3662,0.1083,0.1083
17.7181,pi,6.2800,6.3996,0.1076,0.1076
17.7231,pi,6.2800,6.3989,0.1076,0.1076
17.7282,pi,6.2800,6.3988,0.1076,0.1076
17.7333,pi,6.2800,6.3552,0.1084,0.1084
17.7381,pi,6.2800,6.3643,0.1082,0.1082
17.7431,pi,6.2800,6.3256,0.1090,0.1090
17.7482,pi,6.2800,6.3170,0.1091,0.1091
17.7532,pi,6.2800,6.3100,0.1093,0.1093
17.7582,pi,6.2800,6.3046,0.1094,0.1094
17.7632,pi,6.2800,6.3002,0.1095,0.1095
17.7681,pi,6.2800,6.3196,0.1091,0.1091
17.7732,pi,6.2800,6.3123,0.1092,0.1092
17.7782,pi,6.2800,6.2550,0.1103,0.1103
17.7831,pi,6.2800,6.2379,0.1107,0.1107
17.7882,pi,6.2800,6.2700,0.1101,0.1101
17.7932,pi,6.2800,6.2725,0.1100,0.1100
17.7981,pi,6.2800,6.2975,0.1095,0.1095
17.8032,pi,6.2800,6.2946,0.1096,0.1096
17.8086,pi,6.2800,6.2848,0.1098,0.1098
17.8133,pi,6.2800,6.2842,0.1098,0.1098
17.8183,pi,6.2800,6.2332,0.1108,0.1108
17.8232,pi,6.2800,6.2432,0.1106,0.1106
17.8283,pi,6.2800,6.2742,0.1100,0.1100
17.8332,pi,6.2800,6.2758,0.1100,0.1100
17.8381,pi,6.2800,6.2772,0.1099,0.1099
17.8432,pi,6.2800,6.2783,0.1099,0.1099
17.8481,pi,6.2800,6.2792,0.1099,0.1099
17.8531,pi,6.2800,6.2570,0.1103,0.1103
17.8583,pi,6.2800,6.2845,0.1098,0.1098
17.8632,pi,6.2800,6.2680,0.1101,0.1101
17.8681,pi,6.2800,6.2942,0.1096,0.1096
17.8732,pi,6.2800,6.2919,0.1096,0.1096
17.8781,pi,6.2800,6.3132,0.1092,0.1092
17.8832,pi,6.2800,6.3575,0.1083,0.1083
17.8881,pi,6.2800,6.3657,0.1081,0.1081
17.8932,pi,6.2800,6.3265,0.1089,0.1089
17.8981,pi,6.2800,6.3408,0.1086,0.1086
17.9032,pi,6.2800,6.3292,0.1088,0.1088
17.9081,pi,6.2800,6.3431,0.1085,0.1085
17.9132,pi,6.2800,6.3310,0.1087,0.1087
17.9181,pi,6.2800,6.3214,0.1089,0.1089
17.9231,pi,6.2800,6.2907,0.1095,0.1095
17.9282,pi,6.2800,6.2890,0.1096,0.1096
17.9339,pi,6.2800,6.2370,0.1106,0.1106
17.9390,pi,6.2800,6.2461,0.1104,0.1104
17.9431,pi,6.2800,6.2532,0.1103,0.1103
17.9482,pi,6.2800,6.2590,0.1102,0.1102
17.9532,pi,6.2800,6.2408,0.1106,0.1106
17.9582,pi,6.2800,6.2491,0.1104,0.1104
17.9631,pi,6.2800,6.2559,0.1103,0.1103
17.9681,pi,6.2800,6.2612,0.1102,0.1102
17.9732,pi,6.2800,6.2655,0.1101,0.1101
17.9781,pi,6.2800,6.2920,0.1096,0.1096
17.9831,pi,6.2800,6.2673,0.1101,0.1101
17.9881,pi,6.2800,6.2938,0.1095,0.1095
17.9932,pi,6.2800,6.2914,0.1096,0.1096
17.9981,pi,6.2800,6.3127,0.1091,0.1091
18.0031,pi,6.2800,6.3298,0.1088,0.1088
18.0083,pi,6.2800,6.3203,0.1090,0.1090
18.0131,pi,6.2800,6.3359,0.1086,0.1086
18.0181,pi,6.2800,6.3481,0.1084,0.1084
18.0246,pi,6.2800,6.3849,0.1076,0.1076
18.0305,pi,6.2800,6.3590,0.1081,0.1081
18.0353,pi,6.2800,6.3925,0.1074,0.1074
18.0404,pi,6.2800,6.3677,0.1079,0.1079
18.0463,pi,6.2800,6.3982,0.1072,0.1072
18.0529,pi,6.2800,6.3685,0.1078,0.1078
18.0580,pi,6.2800,6.3468,0.1082,0.1082
18.0631,pi,6.2800,6.3329,0.1085,0.1085
18.0688,pi,6.2800,6.2847,0.1095,0.1095
18.0736,pi,6.2800,6.2788,0.1096,0.1096
18.0781,pi,6.2800,6.2793,0.1096,0.1096
18.0847,pi,6.2800,6.2570,0.1100,0.1100
18.0913,pi,6.2800,6.2589,0.1100,0.1100
18.0964,pi,6.2800,6.2622,0.1099,0.1099
18.1016,pi,6.2800,6.2656,0.1099,0.1099
18.1067,pi,6.2800,6.2548,0.1101,0.1101
18.1127,pi,6.2800,6.2824,0.1095,0.1095
18.1173,pi,6.2800,6.2765,0.1097,0.1097
18.1221,pi,6.2800,6.2978,0.1092,0.1092
18.1276,pi,6.2800,6.2981,0.1092,0.1092
18.1341,pi,6.2800,6.3229,0.1087,0.1087
18.1405,pi,6.2800,6.3128,0.1089,0.1089
18.1460,pi,6.2800,6.3271,0.1086,0.1086
18.1527,pi,6.2800,6.3165,0.1088,0.1088
18.1579,pi,6.2800,6.3348,0.1084,0.1084
18.1629,pi,6.2800,6.3020,0.1091,0.1091
18.1703,pi,6.2800,6.2657,0.1098,0.1098
18.1766,pi,6.2800,6.2671,0.1098,0.1098
18.1815,pi,6.2800,6.2972,0.1092,0.1092
18.1866,pi,6.2800,6.2592,0.1099,0.1099
18.1913,pi,6.2800,6.2608,0.1099,0.1099
18.1962,pi,6.2800,6.2600,0.1099,0.1099
18.2004,pi,6.2800,6.2625,0.1099,0.1099
18.2045,pi,6.2800,6.2625,0.1099,0.1099
18.2087,pi,6.2800,6.2623,0.1099,0.1099
18.2128,pi,6.2800,6.2449,0.1103,0.1103
18.2168,pi,6.2800,6.2783,0.1096,0.1096
18.2213,pi,6.2800,6.2847,0.1095,0.1095
18.2254,pi,6.2800,6.3158,0.1088,0.1088
18.2296,pi,6.2800,6.2870,0.1094,0.1094
18.2336,pi,6.2800,6.3396,0.1083,0.1083
18.2375,pi,6.2800,6.3084,0.1090,0.1090
18.2414,pi,6.2800,6.2875,0.1094,0.1094
18.2454,pi,6.2800,6.2688,0.1098,0.1098
18.2495,pi,6.2800,6.2572,0.1100,0.1100
18.2535,pi,6.2800,6.2447,0.1102,0.1102
18.2575,pi,6.2800,6.2019,0.1111,0.1111
18.2614,pi,6.2800,6.1951,0.1113,0.1113
18.2655,pi,6.2800,6.1622,0.1120,0.1120
18.2699,pi,6.2800,6.1632,0.1120,0.1120
18.2743,pi,6.2800,6.1368,0.1125,0.1125
18.2783,pi,6.2800,6.1431,0.1124,0.1124
18.2834,pi,6.2800,6.2204,0.1109,0.1109
18.2882,pi,6.2800,6.2554,0.1102,0.1102
18.2934,pi,6.2800,6.2383,0.1106,0.1106
18.2984,pi,6.2800,6.2467,0.1104,0.1104
18.3048,pi,6.2800,6.3033,0.1093,0.1093
18.3093,pi,6.2800,6.2778,0.1098,0.1098
18.3139,pi,6.2800,6.2590,0.1102,0.1102
18.3194,pi,6.2800,6.1819,0.1117,0.1117
18.3242,pi,6.2800,6.1362,0.1127,0.1127
18.3287,pi,6.2800,6.0727,0.1140,0.1140
18.3338,pi,6.2800,6.0460,0.1146,0.1146
18.3405,pi,6.2800,6.0271,0.1150,0.1150
18.3451,pi,6.2800,6.0273,0.1151,0.1151
18.3498,pi,6.2800,5.9413,0.1169,0.1169
18.3542,pi,6.2800,5.8660,0.1185,0.1185
18.3587,pi,6.2800,5.7905,0.1201,0.1201
18.3634,pi,6.2800,5.7379,0.1213,0.1213
18.3685,pi,6.2800,5.7320,0.1216,0.1216
18.3735,pi,6.2800,5.7910,0.1205,0.1205
18.3783,pi,6.2800,5.8352,0.1198,0.1198
18.3833,pi,6.2800,5.9028,0.1185,0.1185
18.3882,pi,6.2800,5.9565,0.1175,0.1175
18.3932,pi,6.2800,5.9667,0.1174,0.1174
18.3983,pi,6.2800,6.0082,0.1166,0.1166
18.4032,pi,6.2800,6.1125,0.1146,0.1146
18.4083,pi,6.2800,6.2159,0.1125,0.1125
18.4133,pi,6.2800,6.2983,0.1109,0.1109
18.4182,pi,6.2800,6.4099,0.1086,0.1086
18.4232,pi,6.2800,6.4539,0.1077,0.1077
18.4282,pi,6.2800,6.4941,0.1068,0.1068
18.4333,pi,6.2800,6.5016,0.1066,0.1066
18.4382,pi,6.2800,6.5079,0.1064,0.1064
18.4433,pi,6.2800,6.4862,0.1068,0.1068
18.4483,pi,6.2800,6.4956,0.1066,0.1066
18.4532,pi,6.2800,6.5032,0.1064,0.1064
18.4582,pi,6.2800,6.5094,0.1062,0.1062
18.4633,pi,6.2800,6.5330,0.1056,0.1056
18.4683,pi,6.2800,6.4825,0.1066,0.1066
18.4732,pi,6.2800,6.4926,0.1064,0.1064
18.4783,pi,6.2800,6.4505,0.1071,0.1071
18.4831,pi,6.2800,6.4400,0.1073,0.1073
18.4883,pi,6.2800,6.4319,0.1074,0.1074
18.4932,pi,6.2800,6.4257,0.1075,0.1075
18.4983,pi,6.2800,6.3971,0.1081,0.1081
18.5031,pi,6.2800,6.3975,0.1080,0.1080
18.5083,pi,6.2800,6.3514,0.1089,0.1089
18.5132,pi,6.2800,6.3377,0.1092,0.1092
18.5182,pi,6.2800,6.3035,0.1099,0.1099
18.5232,pi,6.2800,6.3227,0.1095,0.1095
18.5283,pi,6.2800,6.2922,0.1101,0.1101
18.5332,pi,6.2800,6.2901,0.1101,0.1101
18.5381,pi,6.2800,6.2658,0.1106,0.1106
18.5432,pi,6.2800,6.2188,0.1116,0.1116
18.5481,pi,6.2800,6.2088,0.1118,0.1118
18.5533,pi,6.2800,6.1725,0.1125,0.1125
18.5582,pi,6.2800,6.1716,0.1126,0.1126
18.5634,pi,6.2800,6.1436,0.1132,0.1132
18.5681,pi,6.2800,6.1485,0.1131,0.1131
18.5733,pi,6.2800,6.1249,0.1136,0.1136
18.5783,pi,6.2800,6.1565,0.1130,0.1130
18.5833,pi,6.2800,6.1309,0.1136,0.1136
18.5883,pi,6.2800,6.1608,0.1130,0.1130
18.5933,pi,6.2800,6.2353,0.1115,0.1115
18.5983,pi,6.2800,6.2443,0.1114,0.1114
18.6032,pi,6.2800,6.2747,0.1108,0.1108
18.6085,pi,6.2800,6.2763,0.1107,0.1107
18.6132,pi,6.2800,6.3008,0.1102,0.1102
18.6182,pi,6.2800,6.3201,0.1098,0.1098
18.6232,pi,6.2800,6.3359,0.1095,0.1095
18.6283,pi,6.2800,6.3482,0.1092,0.1092
18.6334,pi,6.2800,6.3856,0.1085,0.1085
18.6388,pi,6.2800,6.3645,0.1089,0.1089
18.6435,pi,6.2800,6.3477,0.1092,0.1092
18.6481,pi,6.2800,6.3849,0.1084,0.1084
18.6531,pi,6.2800,6.3882,0.1083,0.1083
18.6581,pi,6.2800,6.3443,0.1092,0.1092
18.6633,pi,6.2800,6.3556,0.1089,0.1089
18.6681,pi,6.2800,6.3637,0.1088,0.1088
18.6732,pi,6.2800,6.3475,0.1091,0.1091
18.6781,pi,6.2800,6.3575,0.1088,0.1088
18.6832,pi,6.2800,6.3655,0.1087,0.1087
18.6881,pi,6.2800,6.3728,0.1085,0.1085
18.6932,pi,6.2800,6.3788,0.1083,0.1083
18.6981,pi,6.2800,6.3835,0.1082,0.1082
18.7032,pi,6.2800,6.3630,0.1086,0.1086
18.7081,pi,6.2800,6.3695,0.1085,0.1085
18.7132,pi,6.2800,6.3522,0.1088,0.1088
18.7187,pi,6.2800,6.2862,0.1101,0.1101
18.7236,pi,6.2800,6.2846,0.1101,0.1101
18.7281,pi,6.2800,6.2841,0.1102,0.1102
18.7331,pi,6.2800,6.2610,0.1106,0.1106
18.7387,pi,6.2800,6.2641,0.1106,0.1106
18.7437,pi,6.2800,6.2668,0.1105,0.1105
18.7485,pi,6.2800,6.2687,0.1105,0.1105
18.7538,pi,6.2800,6.2705,0.1104,0.1104
18.7591,pi,6.2800,6.2720,0.1104,0.1104
18.7635,pi,6.2800,6.2728,0.1104,0.1104
18.7682,pi,6.2800,6.2971,0.1099,0.1099
18.7731,pi,6.2800,6.3185,0.1095,0.1095
18.7785,pi,6.2800,6.3113,0.1096,0.1096
18.7832,pi,6.2800,6.3053,0.1097,0.1097
18.7883,pi,6.2800,6.3237,0.1093,0.1093
18.7935,pi,6.2800,6.2933,0.1099,0.1099
18.7984,pi,6.2800,6.3150,0.1095,0.1095
18.8031,pi,6.2800,6.2866,0.1101,0.1101
18.8081,pi,6.2800,6.3098,0.1096,0.1096
18.8131,pi,6.2800,6.2830,0.1101,0.1101
18.8182,pi,6.2800,6.3071,0.1096,0.1096
18.8232,pi,6.2800,6.3525,0.1087,0.1087
18.8281,pi,6.2800,6.3614,0.1085,0.1085
18.8331,pi,6.2800,6.3692,0.1083,0.1083
18.8382,pi,6.2800,6.3753,0.1082,0.1082
18.8432,pi,6.2800,6.3798,0.1081,0.1081
18.8484,pi,6.2800,6.3603,0.1085,0.1085
18.8531,pi,6.2800,6.3677,0.1083,0.1083
18.8583,pi,6.2800,6.3507,0.1086,0.1086
18.8632,pi,6.2800,6.3873,0.1078,0.1078
18.8681,pi,6.2800,6.3663,0.1082,0.1082
18.8731,pi,6.2800,6.3725,0.1081,0.1081
18.8782,pi,6.2800,6.3319,0.1089,0.1089
18.8832,pi,6.2800,6.3220,0.1091,0.1091
18.8881,pi,6.2800,6.3141,0.1092,0.1092
18.8932,pi,6.2800,6.2577,0.1104,0.1104
18.8982,pi,6.2800,6.2400,0.1107,0.1107
18.9031,pi,6.2800,6.2717,0.1101,0.1101
18.9082,pi,6.2800,6.2740,0.1101,0.1101
18.9131,pi,6.2800,6.2989,0.1096,0.1096
18.9182,pi,6.2800,6.2728,0.1101,0.1101
18.9231,pi,6.2800,6.2748,0.1100,0.1100
18.9281,pi,6.2800,6.2537,0.1105,0.1105
18.9333,pi,6.2800,6.2090,0.1114,0.1114
18.9383,pi,6.2800,6.2231,0.1111,0.1111
18.9432,pi,6.2800,6.2849,0.1099,0.1099
18.9482,pi,6.2800,6.2843,0.1099,0.1099
18.9532,pi,6.2800,6.2838,0.1099,0.1099
18.9582,pi,6.2800,6.2608,0.1104,0.1104
18.9632,pi,6.2800,6.2652,0.1103,0.1103
18.9682,pi,6.2800,6.2684,0.1102,0.1102
18.9731,pi,6.2800,6.2712,0.1102,0.1102
18.9784,pi,6.2800,6.2732,0.1101,0.1101
18.9833,pi,6.2800,6.3253,0.1091,0.1091
18.9885,pi,6.2800,6.3158,0.1092,0.1092
18.9932,pi,6.2800,6.3092,0.1094,0.1094
18.9985,pi,6.2800,6.3541,0.1085,0.1085
19.0039,pi,6.2800,6.3337,0.1088,0.1088
19.0093,pi,6.2800,6.3188,0.1091,0.1091
19.0141,pi,6.2800,6.3114,0.1093,0.1093
19.0214,pi,6.2800,6.3524,0.1084,0.1084
19.0278,pi,6.2800,6.3357,0.1088,0.1088
19.0326,pi,6.2800,6.3237,0.1090,0.1090
19.0371,pi,6.2800,6.2643,0.1102,0.1102
19.0417,pi,6.2800,6.1989,0.1115,0.1115
19.0457,pi,6.2800,6.1148,0.1132,0.1132
19.0499,pi,6.2800,5.9974,0.1156,0.1156
19.0538,pi,6.2800,5.9410,0.1169,0.1169
19.0584,pi,6.2800,5.8991,0.1178,0.1178
19.0631,pi,6.2800,5.9115,0.1176,0.1176
19.0681,pi,6.2800,5.9177,0.1176,0.1176
19.0732,pi,6.2800,5.8806,0.1184,0.1184
19.0782,pi,6.2800,5.8951,0.1183,0.1183
19.0832,pi,6.2800,5.9055,0.1181,0.1181
19.0882,pi,6.2800,5.9596,0.1171,0.1171
19.0931,pi,6.2800,6.0485,0.1154,0.1154
19.0982,pi,6.2800,6.1194,0.1140,0.1140
19.1033,pi,6.2800,6.2024,0.1124,0.1124
19.1082,pi,6.2800,6.2870,0.1107,0.1107
19.1133,pi,6.2800,6.3364,0.1097,0.1097
19.1187,pi,6.2800,6.3756,0.1089,0.1089
19.1236,pi,6.2800,6.4066,0.1082,0.1082
19.1281,pi,6.2800,6.4320,0.1077,0.1077
19.1331,pi,6.2800,6.4708,0.1069,0.1069
19.1382,pi,6.2800,6.4831,0.1066,0.1066
19.1432,pi,6.2800,6.4924,0.1063,0.1063
19.1484,pi,6.2800,6.4999,0.1061,0.1061
19.1533,pi,6.2800,6.5065,0.1059,0.1059
19.1581,pi,6.2800,6.4612,0.1068,0.1068
19.1631,pi,6.2800,6.4486,0.1070,0.1070
19.1681,pi,6.2800,6.4386,0.1072,0.1072
19.1732,pi,6.2800,6.4305,0.1073,0.1073
19.1782,pi,6.2800,6.4010,0.1079,0.1079
19.1831,pi,6.2800,6.4005,0.1078,0.1078
19.1882,pi,6.2800,6.3543,0.1087,0.1087
19.1932,pi,6.2800,6.3632,0.1085,0.1085
19.1981,pi,6.2800,6.3250,0.1093,0.1093
19.2031,pi,6.2800,6.3403,0.1090,0.1090
19.2081,pi,6.2800,6.3067,0.1096,0.1096
19.2134,pi,6.2800,6.2515,0.1108,0.1108
19.2182,pi,6.2800,6.2577,0.1106,0.1106
19.2231,pi,6.2800,6.2857,0.1101,0.1101
19.2283,pi,6.2800,6.2851,0.1101,0.1101
19.2333,pi,6.2800,6.2338,0.1111,0.1111
19.2381,pi,6.2800,6.2434,0.1109,0.1109
19.2431,pi,6.2800,6.2514,0.1108,0.1108
19.2482,pi,6.2800,6.2575,0.1107,0.1107
19.2532,pi,6.2800,6.2623,0.1106,0.1106
19.2582,pi,6.2800,6.2664,0.1105,0.1105
19.2631,pi,6.2800,6.2927,0.1100,0.1100
19.2682,pi,6.2800,6.2906,0.1100,0.1100
19.2731,pi,6.2800,6.2890,0.1100,0.1100
19.2781,pi,6.2800,6.2648,0.1105,0.1105
19.2831,pi,6.2800,6.2918,0.1100,0.1100
19.2881,pi,6.2800,6.3135,0.1095,0.1095
19.2932,pi,6.2800,6.3074,0.1097,0.1097
19.2981,pi,6.2800,6.2795,0.1102,0.1102
19.3031,pi,6.2800,6.3031,0.1097,0.1097
19.3083,pi,6.2800,6.2986,0.1098,0.1098
19.3132,pi,6.2800,6.2953,0.1099,0.1099
19.3181,pi,6.2800,6.3155,0.1095,0.1095
19.3231,pi,6.2800,6.3322,0.1091,0.1091
19.3283,pi,6.2800,6.3223,0.1093,0.1093
19.3332,pi,6.2800,6.3144,0.1095,0.1095
19.3384,pi,6.2800,6.2851,0.1100,0.1100
19.3437,pi,6.2800,6.2838,0.1101,0.1101
19.3484,pi,6.2800,6.2608,0.1105,0.1105
19.3534,pi,6.2800,6.2648,0.1105,0.1105
19.3583,pi,6.2800,6.2908,0.1099,0.1099
19.3631,pi,6.2800,6.3127,0.1095,0.1095
19.3681,pi,6.2800,6.2842,0.1101,0.1101
19.3731,pi,6.2800,6.2616,0.1105,0.1105
19.3781,pi,6.2800,6.2890,0.1100,0.1100
19.3833,pi,6.2800,6.3110,0.1095,0.1095
19.3882,pi,6.2800,6.3049,0.1096,0.1096
19.3931,pi,6.2800,6.3236,0.1093,0.1093
19.3981,pi,6.2800,6.3395,0.1089,0.1089
19.4031,pi,6.2800,6.3513,0.1087,0.1087
19.4082,pi,6.2800,6.3154,0.1094,0.1094
19.4131,pi,6.2800,6.2870,0.1099,0.1099
19.4182,pi,6.2800,6.2862,0.1100,0.1100
19.4231,pi,6.2800,6.2853,0.1100,0.1100
19.4283,pi,6.2800,6.2340,0.1110,0.1110
19.4332,pi,6.2800,6.2431,0.1108,0.1108
19.4381,pi,6.2800,6.2278,0.1112,0.1112
19.4432,pi,6.2800,6.2385,0.1109,0.1109
19.4481,pi,6.2800,6.1967,0.1118,0.1118
19.4531,pi,6.2800,6.2136,0.1115,0.1115
19.4585,pi,6.2800,6.2773,0.1102,0.1102
19.4634,pi,6.2800,6.2776,0.1102,0.1102
19.4682,pi,6.2800,6.3285,0.1092,0.1092
19.4731,pi,6.2800,6.3192,0.1094,0.1094
19.4781,pi,6.2800,6.3349,0.1090,0.1090
19.4832,pi,6.2800,6.3477,0.1088,0.1088
19.4882,pi,6.2800,6.3583,0.1085,0.1085
19.4931,pi,6.2800,6.3664,0.1083,0.1083
19.4983,pi,6.2800,6.3729,0.1082,0.1082
19.5032,pi,6.2800,6.3778,0.1081,0.1081
19.5082,pi,6.2800,6.3820,0.1080,0.1080
19.5132,pi,6.2800,6.3403,0.1088,0.1088
19.5181,pi,6.2800,6.3523,0.1085,0.1085
19.5231,pi,6.2800,6.3159,0.1092,0.1092
19.5282,pi,6.2800,6.2587,0.1104,0.1104
19.5332,pi,6.2800,6.2633,0.1103,0.1103
19.5381,pi,6.2800,6.2671,0.1102,0.1102
19.5432,pi,6.2800,6.2702,0.1102,0.1102
19.5482,pi,6.2800,6.2219,0.1111,0.1111
19.5531,pi,6.2800,6.2110,0.1114,0.1114
19.5581,pi,6.2800,6.2486,0.1106,0.1106
19.5632,pi,6.2800,6.2552,0.1105,0.1105
19.5682,pi,6.2800,6.2102,0.1114,0.1114
19.5732,pi,6.2800,6.2246,0.1111,0.1111
19.5781,pi,6.2800,6.2591,0.1105,0.1105
19.5831,pi,6.2800,6.2869,0.1099,0.1099
19.5881,pi,6.2800,6.3092,0.1095,0.1095
19.5932,pi,6.2800,6.2811,0.1100,0.1100
19.5981,pi,6.2800,6.3045,0.1095,0.1095
19.6031,pi,6.2800,6.3236,0.1092,0.1092
19.6082,pi,6.2800,6.3154,0.1093,0.1093
19.6132,pi,6.2800,6.3089,0.1094,0.1094
19.6181,pi,6.2800,6.3265,0.1091,0.1091
19.6231,pi,6.2800,6.3409,0.1088,0.1088
19.6281,pi,6.2800,6.3522,0.1085,0.1085
19.6332,pi,6.2800,6.3885,0.1078,0.1078
19.6381,pi,6.2800,6.3671,0.1082,0.1082
19.6433,pi,6.2800,6.3482,0.1085,0.1085
19.6481,pi,6.2800,6.3348,0.1088,0.1088
19.6532,pi,6.2800,6.3243,0.1090,0.1090
19.6581,pi,6.2800,6.3391,0.1087,0.1087
19.6632,pi,6.2800,6.3052,0.1093,0.1093
19.6681,pi,6.2800,6.3238,0.1090,0.1090
19.6733,pi,6.2800,6.3156,0.1091,0.1091
19.6782,pi,6.2800,6.3090,0.1092,0.1092
19.6831,pi,6.2800,6.2810,0.1098,0.1098
19.6882,pi,6.2800,6.2129,0.1112,0.1112
19.6932,pi,6.2800,6.2043,0.1114,0.1114
19.6981,pi,6.2800,6.2446,0.1106,0.1106
19.7031,pi,6.2800,6.2300,0.1109,0.1109
19.7082,pi,6.2800,6.2403,0.1107,0.1107
19.7132,pi,6.2800,6.2488,0.1105,0.1105
19.7181,pi,6.2800,6.2554,0.1104,0.1104
19.7231,pi,6.2800,6.2609,0.1103,0.1103
19.7282,pi,6.2800,6.2148,0.1112,0.1112
19.7332,pi,6.2800,6.2284,0.1110,0.1110
19.7381,pi,6.2800,6.2621,0.1103,0.1103
19.7431,pi,6.2800,6.2893,0.1098,0.1098
19.7482,pi,6.2800,6.2880,0.1098,0.1098
19.7532,pi,6.2800,6.2869,0.1098,0.1098
19.7581,pi,6.2800,6.2860,0.1098,0.1098
19.7631,pi,6.2800,6.2629,0.1103,0.1103
19.7682,pi,6.2800,6.2896,0.1097,0.1097
19.7733,pi,6.2800,6.2882,0.1098,0.1098
19.7781,pi,6.2800,6.3100,0.1093,0.1093
19.7832,pi,6.2800,6.3278,0.1090,0.1090
19.7882,pi,6.2800,6.3187,0.1091,0.1091
19.7935,pi,6.2800,6.3613,0.1083,0.1083
19.7989,pi,6.2800,6.3425,0.1086,0.1086
19.8031,pi,6.2800,6.3306,0.1088,0.1088
19.8081,pi,6.2800,6.3441,0.1086,0.1086
19.8132,pi,6.2800,6.3317,0.1088,0.1088
19.8181,pi,6.2800,6.3447,0.1085,0.1085
19.8232,pi,6.2800,6.3097,0.1092,0.1092
19.8281,pi,6.2800,6.3275,0.1088,0.1088
19.8332,pi,6.2800,6.3184,0.1090,0.1090
19.8381,pi,6.2800,6.3342,0.1087,0.1087
19.8432,pi,6.2800,6.3012,0.1093,0.1093
19.8481,pi,6.2800,6.2754,0.1099,0.1099
19.8532,pi,6.2800,6.2568,0.1102,0.1102
19.8581,pi,6.2800,6.2852,0.1097,0.1097
19.8632,pi,6.2800,6.2623,0.1101,0.1101
19.8681,pi,6.2800,6.2895,0.1096,0.1096
19.8732,pi,6.2800,6.2655,0.1101,0.1101
19.8781,pi,6.2800,6.2920,0.1095,0.1095
19.8831,pi,6.2800,6.2675,0.1100,0.1100
19.8881,pi,6.2800,6.2939,0.1095,0.1095
19.8932,pi,6.2800,6.2691,0.1100,0.1100
19.8981,pi,6.2800,6.2951,0.1095,0.1095
19.9031,pi,6.2800,6.2700,0.1100,0.1100
19.9081,pi,6.2800,6.2958,0.1095,0.1095
19.9131,pi,6.2800,6.3164,0.1090,0.1090
19.9181,pi,6.2800,6.3326,0.1087,0.1087
19.9232,pi,6.2800,6.3226,0.1089,0.1089
19.9281,pi,6.2800,6.3147,0.1090,0.1090
19.9331,pi,6.2800,6.3314,0.1087,0.1087
19.9382,pi,6.2800,6.3217,0.1089,0.1089
19.9431,pi,6.2800,6.3369,0.1086,0.1086
19.9482,pi,6.2800,6.3260,0.1088,0.1088
19.9531,pi,6.2800,6.3677,0.1079,0.1079
19.9581,pi,6.2800,6.3507,0.1082,0.1082
19.9632,pi,6.2800,6.3372,0.1085,0.1085
19.9682,pi,6.2800,6.3261,0.1087,0.1087
19.9731,pi,6.2800,6.3404,0.1084,0.1084
19.9782,pi,6.2800,6.3289,0.1086,0.1086
19.9831,pi,6.2800,6.3198,0.1088,0.1088
19.9882,pi,6.2800,6.3122,0.1089,0.1089
19.9931,pi,6.2800,6.3063,0.1090,0.1090
19.9981,pi,6.2800,6.2787,0.1096,0.1096
20.0031,pi,6.2800,6.3026,0.1091,0.1091
20.0081,pi,6.2800,6.2759,0.1096,0.1096
20.0132,pi,6.2800,6.3005,0.1091,0.1091
20.0181,pi,6.2800,6.2739,0.1097,0.1097
20.0232,pi,6.2800,6.2751,0.1097,0.1097
20.0282,pi,6.2800,6.2766,0.1096,0.1096
20.0331,pi,6.2800,6.3009,0.1091,0.1091
20.0381,pi,6.2800,6.2744,0.1097,0.1097
20.0431,pi,6.2800,6.2992,0.1092,0.1092
20.0482,pi,6.2800,6.2959,0.1092,0.1092
20.0531,pi,6.2800,6.2933,0.1093,0.1093
20.0581,pi,6.2800,6.2912,0.1093,0.1093
20.0632,pi,6.2800,6.2895,0.1093,0.1093
20.0681,pi,6.2800,6.3111,0.1089,0.1089
20.0731,pi,6.2800,6.3285,0.1085,0.1085
20.0782,pi,6.2800,6.3194,0.1087,0.1087
20.0831,pi,6.2800,6.3352,0.1084,0.1084
20.0883,pi,6.2800,6.3742,0.1076,0.1076
20.0932,pi,6.2800,6.3561,0.1079,0.1079
20.0982,pi,6.2800,6.3916,0.1072,0.1072
20.1032,pi,6.2800,6.3692,0.1076,0.1076
20.1081,pi,6.2800,6.3747,0.1075,0.1075
20.1133,pi,6.2800,6.3564,0.1078,0.1078
20.1182,pi,6.2800,6.3416,0.1081,0.1081
20.1231,pi,6.2800,6.3297,0.1083,0.1083
20.1281,pi,6.2800,6.3432,0.1080,0.1080
20.1332,pi,6.2800,6.3310,0.1083,0.1083
20.1381,pi,6.2800,6.2984,0.1089,0.1089
20.1433,pi,6.2800,6.2946,0.1090,0.1090
20.1485,pi,6.2800,6.2418,0.1101,0.1101
20.1534,pi,6.2800,6.2494,0.1099,0.1099
20.1585,pi,6.2800,6.2052,0.1108,0.1108
20.1639,pi,6.2800,6.2203,0.1105,0.1105
20.1684,pi,6.2800,6.1817,0.1113,0.1113
20.1731,pi,6.2800,6.2017,0.1109,0.1109
20.1781,pi,6.2800,6.1674,0.1117,0.1117
20.1831,pi,6.2800,6.1676,0.1117,0.1117
20.1882,pi,6.2800,6.1679,0.1117,0.1117
20.1932,pi,6.2800,6.2136,0.1108,0.1108
20.1984,pi,6.2800,6.2272,0.1106,0.1106
20.2034,pi,6.2800,6.2609,0.1099,0.1099
20.2086,pi,6.2800,6.2886,0.1093,0.1093
20.2131,pi,6.2800,6.3109,0.1089,0.1089
20.2181,pi,6.2800,6.2824,0.1094,0.1094
20.2231,pi,6.2800,6.3059,0.1090,0.1090
20.2281,pi,6.2800,6.3243,0.1086,0.1086
20.2332,pi,6.2800,6.3158,0.1087,0.1087
20.2381,pi,6.2800,6.3595,0.1079,0.1079
20.2431,pi,6.2800,6.3669,0.1077,0.1077
20.2482,pi,6.2800,6.3734,0.1075,0.1075
20.2533,pi,6.2800,6.3791,0.1074,0.1074
20.2583,pi,6.2800,6.3833,0.1073,0.1073
20.2633,pi,6.2800,6.3622,0.1077,0.1077
20.2681,pi,6.2800,6.3694,0.1075,0.1075
20.2731,pi,6.2800,6.3753,0.1074,0.1074
20.2782,pi,6.2800,6.3799,0.1073,0.1073
20.2831,pi,6.2800,6.3378,0.1081,0.1081
20.2883,pi,6.2800,6.3266,0.1083,0.1083
20.2931,pi,6.2800,6.2951,0.1089,0.1089
20.2982,pi,6.2800,6.3158,0.1085,0.1085
20.3033,pi,6.2800,6.3093,0.1086,0.1086
20.3081,pi,6.2800,6.3266,0.1083,0.1083
20.3132,pi,6.2800,6.2955,0.1089,0.1089
20.3182,pi,6.2800,6.2424,0.1100,0.1100
20.3231,pi,6.2800,6.2505,0.1098,0.1098
20.3281,pi,6.2800,6.2569,0.1097,0.1097
20.3331,pi,6.2800,6.2620,0.1096,0.1096
20.3381,pi,6.2800,6.2431,0.1100,0.1100
20.3432,pi,6.2800,6.2509,0.1098,0.1098
20.3481,pi,6.2800,6.2571,0.1097,0.1097
20.3532,pi,6.2800,6.2620,0.1096,0.1096
20.3581,pi,6.2800,6.2890,0.1091,0.1091
20.3633,pi,6.2800,6.2878,0.1091,0.1091
20.3681,pi,6.2800,6.3095,0.1086,0.1086
20.3732,pi,6.2800,6.3039,0.1088,0.1088
20.3785,pi,6.2800,6.2480,0.1099,0.1099
20.3832,pi,6.2800,6.2545,0.1098,0.1098
20.3882,pi,6.2800,6.3104,0.1086,0.1086
20.3932,pi,6.2800,6.3045,0.1087,0.1087
20.3982,pi,6.2800,6.2998,0.1088,0.1088
20.4031,pi,6.2800,6.2736,0.1094,0.1094
20.4081,pi,6.2800,6.2987,0.1089,0.1089
20.4132,pi,6.2800,6.2729,0.1094,0.1094
20.4182,pi,6.2800,6.2978,0.1089,0.1089
20.4232,pi,6.2800,6.2721,0.1094,0.1094
20.4281,pi,6.2800,6.2975,0.1089,0.1089
20.4331,pi,6.2800,6.3186,0.1084,0.1084
20.4382,pi,6.2800,6.3348,0.1081,0.1081
20.4431,pi,6.2800,6.3018,0.1088,0.1088
20.4482,pi,6.2800,6.3214,0.1084,0.1084
20.4532,pi,6.2800,6.3138,0.1085,0.1085
20.4582,pi,6.2800,6.2571,0.1096,0.1096
20.4632,pi,6.2800,6.2622,0.1095,0.1095
20.4681,pi,6.2800,6.2891,0.1090,0.1090
20.4732,pi,6.2800,6.2650,0.1095,0.1095
20.4782,pi,6.2800,6.2180,0.1104,0.1104
20.4831,pi,6.2800,6.2083,0.1107,0.1107
20.4882,pi,6.2800,6.1726,0.1114,0.1114
20.4931,pi,6.2800,6.1719,0.1114,0.1114
20.4982,pi,6.2800,6.1438,0.1120,0.1120
20.5031,pi,6.2800,6.1491,0.1120,0.1120
20.5081,pi,6.2800,6.1991,0.1110,0.1110
20.5132,pi,6.2800,6.2391,0.1102,0.1102
20.5182,pi,6.2800,6.1970,0.1111,0.1111
20.5231,pi,6.2800,6.1914,0.1112,0.1112
20.5282,pi,6.2800,6.2327,0.1104,0.1104
20.5331,pi,6.2800,6.2427,0.1102,0.1102
20.5381,pi,6.2800,6.2733,0.1096,0.1096
20.5432,pi,6.2800,6.2751,0.1095,0.1095
20.5483,pi,6.2800,6.3267,0.1085,0.1085
20.5531,pi,6.2800,6.3176,0.1087,0.1087
20.5581,pi,6.2800,6.3105,0.1088,0.1088
20.5632,pi,6.2800,6.3050,0.1089,0.1089
20.5681,pi,6.2800,6.3234,0.1085,0.1085
20.5732,pi,6.2800,6.3152,0.1087,0.1087
20.5782,pi,6.2800,6.3088,0.1088,0.1088
20.5832,pi,6.2800,6.3035,0.1089,0.1089
20.5881,pi,6.2800,6.3223,0.1085,0.1085
20.5932,pi,6.2800,6.2919,0.1091,0.1091
20.5981,pi,6.2800,6.3132,0.1087,0.1087
20.6031,pi,6.2800,6.2847,0.1093,0.1093
20.6085,pi,6.2800,6.2831,0.1093,0.1093
20.6140,pi,6.2800,6.2821,0.1093,0.1093
20.6187,pi,6.2800,6.2813,0.1093,0.1093
20.6238,pi,6.2800,6.2805,0.1093,0.1093
20.6286,pi,6.2800,6.2796,0.1094,0.1094
20.6335,pi,6.2800,6.2795,0.1094,0.1094
20.6381,pi,6.2800,6.2802,0.1093,0.1093
20.6431,pi,6.2800,6.2580,0.1098,0.1098
20.6482,pi,6.2800,6.2859,0.1092,0.1092
20.6531,pi,6.2800,6.2627,0.1097,0.1097
20.6582,pi,6.2800,6.2897,0.1092,0.1092
20.6632,pi,6.2800,6.2668,0.1096,0.1096
20.6684,pi,6.2800,6.2932,0.1091,0.1091
20.6739,pi,6.2800,6.2686,0.1096,0.1096
20.6788,pi,6.2800,6.2951,0.1090,0.1090
20.6831,pi,6.2800,6.2708,0.1095,0.1095
20.6881,pi,6.2800,6.2732,0.1095,0.1095
20.6931,pi,6.2800,6.2752,0.1095,0.1095
20.6981,pi,6.2800,6.2767,0.1094,0.1094
20.7032,pi,6.2800,6.3279,0.1084,0.1084
20.7082,pi,6.2800,6.3189,0.1086,0.1086
20.7133,pi,6.2800,6.3115,0.1087,0.1087
20.7182,pi,6.2800,6.3057,0.1088,0.1088
20.7231,pi,6.2800,6.3246,0.1084,0.1084
20.7283,pi,6.2800,6.3397,0.1081,0.1081
20.7331,pi,6.2800,6.3516,0.1078,0.1078
20.7383,pi,6.2800,6.3377,0.1081,0.1081
20.7432,pi,6.2800,6.3770,0.1073,0.1073
20.7483,pi,6.2800,6.3581,0.1077,0.1077
20.7531,pi,6.2800,6.3658,0.1075,0.1075
20.7582,pi,6.2800,6.3492,0.1078,0.1078
20.7631,pi,6.2800,6.3590,0.1076,0.1076
20.7682,pi,6.2800,6.3669,0.1074,0.1074
20.7732,pi,6.2800,6.2998,0.1087,0.1087
20.7781,pi,6.2800,6.2737,0.1093,0.1093
20.7831,pi,6.2800,6.2986,0.1088,0.1088
20.7882,pi,6.2800,6.2728,0.1093,0.1093
20.7932,pi,6.2800,6.2522,0.1097,0.1097
20.7982,pi,6.2800,6.2357,0.1100,0.1100
20.8031,pi,6.2800,6.2681,0.1094,0.1094
20.8081,pi,6.2800,6.2485,0.1098,0.1098
20.8133,pi,6.2800,6.2050,0.1107,0.1107
20.8182,pi,6.2800,6.2205,0.1104,0.1104
20.8231,pi,6.2800,6.2558,0.1097,0.1097
20.8281,pi,6.2800,6.2844,0.1091,0.1091
20.8332,pi,6.2800,6.2336,0.1101,0.1101
20.8381,pi,6.2800,6.2434,0.1100,0.1100
20.8431,pi,6.2800,6.2742,0.1093,0.1093
20.8482,pi,6.2800,6.2990,0.1088,0.1088
20.8532,pi,6.2800,6.2955,0.1089,0.1089
20.8582,pi,6.2800,6.2924,0.1090,0.1090
20.8632,pi,6.2800,6.3406,0.1080,0.1080
20.8681,pi,6.2800,6.3521,0.1077,0.1077
20.8731,pi,6.2800,6.3614,0.1075,0.1075
20.8782,pi,6.2800,6.3454,0.1078,0.1078
20.8831,pi,6.2800,6.3557,0.1076,0.1076
20.8882,pi,6.2800,6.3412,0.1079,0.1079
20.8931,pi,6.2800,6.3294,0.1081,0.1081
20.8981,pi,6.2800,6.3199,0.1083,0.1083
20.9031,pi,6.2800,6.3353,0.1080,0.1080
20.9082,pi,6.2800,6.3020,0.1086,0.1086
20.9132,pi,6.2800,6.3215,0.1082,0.1082
20.9182,pi,6.2800,6.3640,0.1074,0.1074
20.9231,pi,6.2800,6.3476,0.1077,0.1077
20.9282,pi,6.2800,6.3346,0.1079,0.1079
20.9332,pi,6.2800,6.3243,0.1081,0.1081
20.9381,pi,6.2800,6.3159,0.1083,0.1083
20.9431,pi,6.2800,6.3322,0.1079,0.1079
20.9482,pi,6.2800,6.2996,0.1086,0.1086
20.9531,pi,6.2800,6.3195,0.1082,0.1082
20.9582,pi,6.2800,6.2895,0.1088,0.1088
20.9632,pi,6.2800,6.3115,0.1083,0.1083
20.9682,pi,6.2800,6.2553,0.1094,0.1094
20.9731,pi,6.2800,6.2380,0.1098,0.1098
20.9782,pi,6.2800,6.2242,0.1101,0.1101
20.9832,pi,6.2800,6.2360,0.1099,0.1099
20.9881,pi,6.2800,6.2227,0.1101,0.1101
20.9931,pi,6.2800,6.2578,0.1094,0.1094
20.9982,pi,6.2800,6.2628,0.1094,0.1094
21.0031,pi,6.2800,6.2666,0.1093,0.1093
21.0082,pi,6.2800,6.2696,0.1092,0.1092
21.0132,pi,6.2800,6.2721,0.1092,0.1092
21.0181,pi,6.2800,6.2743,0.1091,0.1091
21.0231,pi,6.2800,6.2760,0.1091,0.1091
21.0282,pi,6.2800,6.2772,0.1091,0.1091
21.0332,pi,6.2800,6.2784,0.1091,0.1091
21.0382,pi,6.2800,6.2791,0.1090,0.1090
21.0431,pi,6.2800,6.2799,0.1090,0.1090
21.0482,pi,6.2800,6.2804,0.1090,0.1090
21.0531,pi,6.2800,6.2810,0.1090,0.1090
21.0581,pi,6.2800,6.3042,0.1085,0.1085
21.0632,pi,6.2800,6.3231,0.1081,0.1081
21.0681,pi,6.2800,6.3380,0.1078,0.1078
21.0732,pi,6.2800,6.3270,0.1080,0.1080
21.0781,pi,6.2800,6.3411,0.1077,0.1077
21.0832,pi,6.2800,6.3295,0.1080,0.1080
21.0881,pi,6.2800,6.3431,0.1077,0.1077
21.0932,pi,6.2800,6.3541,0.1074,0.1074
21.0981,pi,6.2800,6.3628,0.1072,0.1072
21.1033,pi,6.2800,6.3464,0.1075,0.1075
21.1083,pi,6.2800,6.3332,0.1078,0.1078
21.1136,pi,6.2800,6.3216,0.1080,0.1080
21.1190,pi,6.2800,6.3124,0.1082,0.1082
21.1233,pi,6.2800,6.3059,0.1083,0.1083
21.1283,pi,6.2800,6.2511,0.1094,0.1094
21.1331,pi,6.2800,6.2573,0.1093,0.1093
21.1381,pi,6.2800,6.2855,0.1087,0.1087
21.1432,pi,6.2800,6.2848,0.1088,0.1088
21.1482,pi,6.2800,6.2337,0.1098,0.1098
21.1536,pi,6.2800,6.2434,0.1096,0.1096
21.1585,pi,6.2800,6.2511,0.1095,0.1095
21.1631,pi,6.2800,6.2353,0.1098,0.1098
21.1682,pi,6.2800,6.2234,0.1100,0.1100
21.1731,pi,6.2800,6.2141,0.1102,0.1102
21.1782,pi,6.2800,6.2514,0.1095,0.1095
21.1831,pi,6.2800,6.2809,0.1089,0.1089
21.1882,pi,6.2800,6.2310,0.1099,0.1099
21.1931,pi,6.2800,6.2184,0.1102,0.1102
21.1982,pi,6.2800,6.2543,0.1095,0.1095
21.2032,pi,6.2800,6.2833,0.1089,0.1089
21.2082,pi,6.2800,6.3067,0.1084,0.1084
21.2132,pi,6.2800,6.2801,0.1090,0.1090
21.2183,pi,6.2800,6.3309,0.1079,0.1079
21.2235,pi,6.2800,6.3206,0.1081,0.1081
21.2283,pi,6.2800,6.3126,0.1083,0.1083
21.2342,pi,6.2800,6.3561,0.1074,0.1074
21.2394,pi,6.2800,6.3910,0.1067,0.1067
21.2438,pi,6.2800,6.3691,0.1071,0.1071
21.2481,pi,6.2800,6.3516,0.1074,0.1074
21.2531,pi,6.2800,6.3379,0.1077,0.1077
21.2581,pi,6.2800,6.3499,0.1074,0.1074
21.2633,pi,6.2800,6.3366,0.1077,0.1077
21.2682,pi,6.2800,6.3255,0.1079,0.1079
21.2731,pi,6.2800,6.2940,0.1085,0.1085
21.2781,pi,6.2800,6.3151,0.1081,0.1081
21.2832,pi,6.2800,6.2864,0.1086,0.1086
21.2881,pi,6.2800,6.2637,0.1091,0.1091
21.2932,pi,6.2800,6.2453,0.1095,0.1095
21.2982,pi,6.2800,6.2527,0.1093,0.1093
21.3034,pi,6.2800,6.2586,0.1092,0.1092
21.3088,pi,6.2800,6.2629,0.1091,0.1091
21.3134,pi,6.2800,6.2666,0.1091,0.1091
21.3181,pi,6.2800,6.2925,0.1085,0.1085
21.3232,pi,6.2800,6.2679,0.1090,0.1090
21.3281,pi,6.2800,6.2939,0.1085,0.1085
21.3332,pi,6.2800,6.2917,0.1086,0.1086
21.3382,pi,6.2800,6.2888,0.1086,0.1086
21.3433,pi,6.2800,6.2870,0.1086,0.1086
21.3481,pi,6.2800,6.3088,0.1082,0.1082
21.3532,pi,6.2800,6.3270,0.1078,0.1078
21.3581,pi,6.2800,6.3418,0.1075,0.1075
21.3632,pi,6.2800,6.3079,0.1082,0.1082
21.3682,pi,6.2800,6.3028,0.1083,0.1083
21.3732,pi,6.2800,6.3491,0.1073,0.1073
21.3783,pi,6.2800,6.3358,0.1076,0.1076
21.3832,pi,6.2800,6.3248,0.1078,0.1078
21.3881,pi,6.2800,6.3394,0.1075,0.1075
21.3933,pi,6.2800,6.3785,0.1067,0.1067
21.3982,pi,6.2800,6.3593,0.1071,0.1071
21.4033,pi,6.2800,6.2937,0.1084,0.1084
21.4082,pi,6.2800,6.2911,0.1084,0.1084
21.4132,pi,6.2800,6.2892,0.1084,0.1084
21.4182,pi,6.2800,6.2879,0.1085,0.1085
21.4233,pi,6.2800,6.2365,0.1095,0.1095
21.4282,pi,6.2800,6.1955,0.1103,0.1103
21.4335,pi,6.2800,6.1899,0.1105,0.1105
21.4384,pi,6.2800,6.2081,0.1101,0.1101
21.4433,pi,6.2800,6.1999,0.1103,0.1103
21.4485,pi,6.2800,6.1660,0.1110,0.1110
21.4531,pi,6.2800,6.1893,0.1106,0.1106
21.4581,pi,6.2800,6.2311,0.1098,0.1098
21.4632,pi,6.2800,6.2191,0.1100,0.1100
21.4682,pi,6.2800,6.2549,0.1093,0.1093
21.4732,pi,6.2800,6.2381,0.1097,0.1097
21.4781,pi,6.2800,6.2704,0.1090,0.1090
21.4832,pi,6.2800,6.2961,0.1085,0.1085
21.4882,pi,6.2800,6.3169,0.1081,0.1081
21.4932,pi,6.2800,6.2875,0.1087,0.1087
21.4982,pi,6.2800,6.3098,0.1082,0.1082
21.5032,pi,6.2800,6.3278,0.1078,0.1078
21.5082,pi,6.2800,6.3187,0.1080,0.1080
21.5131,pi,6.2800,6.3115,0.1081,0.1081
21.5181,pi,6.2800,6.3287,0.1078,0.1078
21.5232,pi,6.2800,6.2969,0.1084,0.1084
21.5281,pi,6.2800,6.3172,0.1080,0.1080
21.5332,pi,6.2800,6.3101,0.1081,0.1081
21.5381,pi,6.2800,6.3045,0.1082,0.1082
21.5431,pi,6.2800,6.2772,0.1088,0.1088
21.5484,pi,6.2800,6.2781,0.1088,0.1088
21.5533,pi,6.2800,6.3290,0.1077,0.1077
21.5587,pi,6.2800,6.3191,0.1079,0.1079
21.5631,pi,6.2800,6.3119,0.1081,0.1081
21.5681,pi,6.2800,6.3291,0.1077,0.1077
21.5731,pi,6.2800,6.2972,0.1083,0.1083
21.5781,pi,6.2800,6.3172,0.1079,0.1079
21.5831,pi,6.2800,6.2876,0.1085,0.1085
21.5881,pi,6.2800,6.3101,0.1081,0.1081
21.5932,pi,6.2800,6.3046,0.1082,0.1082
21.5981,pi,6.2800,6.3232,0.1078,0.1078
21.6031,pi,6.2800,6.2930,0.1084,0.1084
21.6081,pi,6.2800,6.2231,0.1098,0.1098
21.6132,pi,6.2800,6.2350,0.1096,0.1096
21.6182,pi,6.2800,6.2433,0.1094,0.1094
21.6232,pi,6.2800,6.2505,0.1093,0.1093
21.6283,pi,6.2800,6.2533,0.1092,0.1092
21.6331,pi,6.2800,6.2589,0.1091,0.1091
21.6381,pi,6.2800,6.2634,0.1090,0.1090
21.6431,pi,6.2800,6.2441,0.1094,0.1094
21.6483,pi,6.2800,6.2014,0.1103,0.1103
21.6532,pi,6.2800,6.2173,0.1100,0.1100
21.6582,pi,6.2800,6.2803,0.1087,0.1087
21.6632,pi,6.2800,6.3035,0.1083,0.1083
21.6681,pi,6.2800,6.3223,0.1079,0.1079
21.6731,pi,6.2800,6.2927,0.1085,0.1085
21.6781,pi,6.2800,6.3142,0.1080,0.1080
21.6831,pi,6.2800,6.2885,0.1085,0.1085
21.6881,pi,6.2800,6.3106,0.1081,0.1081
21.6931,pi,6.2800,6.2824,0.1087,0.1087
21.6982,pi,6.2800,6.3057,0.1082,0.1082
21.7033,pi,6.2800,6.3009,0.1083,0.1083
21.7081,pi,6.2800,6.3205,0.1079,0.1079
21.7141,pi,6.2800,6.3626,0.1070,0.1070
21.7197,pi,6.2800,6.3461,0.1073,0.1073
21.7237,pi,6.2800,6.3332,0.1076,0.1076
21.7281,pi,6.2800,6.3227,0.1078,0.1078
21.7332,pi,6.2800,6.3144,0.1079,0.1079
21.7381,pi,6.2800,6.3075,0.1081,0.1081
21.7435,pi,6.2800,6.3016,0.1082,0.1082
21.7490,pi,6.2800,6.2971,0.1083,0.1083
21.7536,pi,6.2800,6.2713,0.1088,0.1088
21.7581,pi,6.2800,6.2735,0.1087,0.1087
21.7631,pi,6.2800,6.2528,0.1092,0.1092
21.7681,pi,6.2800,6.1908,0.1104,0.1104
21.7733,pi,6.2800,6.1870,0.1105,0.1105
21.7784,pi,6.2800,6.2062,0.1101,0.1101
21.7833,pi,6.2800,6.1988,0.1103,0.1103
21.7881,pi,6.2800,6.2155,0.1100,0.1100
21.7931,pi,6.2800,6.2063,0.1102,0.1102
21.7981,pi,6.2800,6.2453,0.1094,0.1094
21.8032,pi,6.2800,6.2306,0.1097,0.1097
21.8081,pi,6.2800,6.2641,0.1091,0.1091
21.8132,pi,6.2800,6.2679,0.1090,0.1090
21.8181,pi,6.2800,6.2936,0.1085,0.1085
21.8232,pi,6.2800,6.3145,0.1081,0.1081
21.8281,pi,6.2800,6.3311,0.1077,0.1077
21.8331,pi,6.2800,6.2989,0.1083,0.1083
21.8381,pi,6.2800,6.3188,0.1079,0.1079
21.8432,pi,6.2800,6.3116,0.1081,0.1081
21.8481,pi,6.2800,6.3057,0.1082,0.1082
21.8531,pi,6.2800,6.2784,0.1087,0.1087
21.8582,pi,6.2800,6.2791,0.1087,0.1087
21.8632,pi,6.2800,6.2797,0.1087,0.1087
21.8682,pi,6.2800,6.2800,0.1087,0.1087
21.8731,pi,6.2800,6.3305,0.1077,0.1077
21.8781,pi,6.2800,6.3209,0.1079,0.1079
21.8832,pi,6.2800,6.3133,0.1080,0.1080
21.8881,pi,6.2800,6.3073,0.1081,0.1081
21.8931,pi,6.2800,6.2795,0.1087,0.1087
21.8982,pi,6.2800,6.2802,0.1087,0.1087
21.9032,pi,6.2800,6.2806,0.1087,0.1087
21.9082,pi,6.2800,6.3038,0.1082,0.1082
21.9133,pi,6.2800,6.2990,0.1083,0.1083
21.9181,pi,6.2800,6.3185,0.1079,0.1079
21.9232,pi,6.2800,6.2611,0.1090,0.1090
21.9281,pi,6.2800,6.2430,0.1094,0.1094
21.9332,pi,6.2800,6.2511,0.1092,0.1092
21.9381,pi,6.2800,6.2573,0.1091,0.1091
21.9432,pi,6.2800,6.2395,0.1095,0.1095
21.9482,pi,6.2800,6.2482,0.1093,0.1093
21.9531,pi,6.2800,6.2782,0.1087,0.1087
21.9581,pi,6.2800,6.3023,0.1082,0.1082
21.9632,pi,6.2800,6.2757,0.1088,0.1088
21.9681,pi,6.2800,6.3007,0.1083,0.1083
21.9733,pi,6.2800,6.3476,0.1073,0.1073
21.9782,pi,6.2800,6.3344,0.1076,0.1076
21.9833,pi,6.2800,6.3742,0.1067,0.1067
21.9881,pi,6.2800,6.3787,0.1066,0.1066
21.9931,pi,6.2800,6.4098,0.1060,0.1060
21.9982,pi,6.2800,6.3844,0.1065,0.1065
22.0031,pi,6.2800,6.3638,0.1068,0.1068
22.0081,pi,6.2800,6.3474,0.1072,0.1072
22.0132,pi,6.2800,6.3846,0.1064,0.1064
22.0183,pi,6.2800,6.3638,0.1068,0.1068
22.0232,pi,6.2800,6.3704,0.1066,0.1066
22.0281,pi,6.2800,6.3304,0.1074,0.1074
22.0331,pi,6.2800,6.3443,0.1071,0.1071
22.0383,pi,6.2800,6.3094,0.1078,0.1078
22.0433,pi,6.2800,6.2531,0.1089,0.1089
22.0481,pi,6.2800,6.2364,0.1093,0.1093
22.0531,pi,6.2800,6.2691,0.1086,0.1086
22.0581,pi,6.2800,6.2495,0.1090,0.1090
22.0631,pi,6.2800,6.2340,0.1094,0.1094
22.0682,pi,6.2800,6.2211,0.1096,0.1096
22.0732,pi,6.2800,6.2334,0.1094,0.1094
22.0781,pi,6.2800,6.2208,0.1097,0.1097
22.0832,pi,6.2800,6.1830,0.1104,0.1104
22.0881,pi,6.2800,6.1803,0.1105,0.1105
22.0931,pi,6.2800,6.2240,0.1097,0.1097
22.0982,pi,6.2800,6.2358,0.1094,0.1094
22.1033,pi,6.2800,6.1944,0.1103,0.1103
22.1081,pi,6.2800,6.2119,0.1100,0.1100
22.1131,pi,6.2800,6.2761,0.1087,0.1087
22.1181,pi,6.2800,6.2775,0.1086,0.1086
22.1231,pi,6.2800,6.2557,0.1091,0.1091
22.1281,pi,6.2800,6.2389,0.1094,0.1094
22.1331,pi,6.2800,6.2708,0.1088,0.1088
22.1382,pi,6.2800,6.2731,0.1088,0.1088
22.1432,pi,6.2800,6.2748,0.1087,0.1087
22.1486,pi,6.2800,6.2749,0.1087,0.1087
22.1541,pi,6.2800,6.3253,0.1077,0.1077
22.1589,pi,6.2800,6.3154,0.1079,0.1079
22.1637,pi,6.2800,6.3072,0.1080,0.1080
22.1690,pi,6.2800,6.3007,0.1082,0.1082
22.1736,pi,6.2800,6.3448,0.1073,0.1073
22.1787,pi,6.2800,6.3302,0.1076,0.1076
22.1834,pi,6.2800,6.3199,0.1077,0.1077
22.1884,pi,6.2800,6.3108,0.1079,0.1079
22.1933,pi,6.2800,6.3050,0.1080,0.1080
22.1983,pi,6.2800,6.3004,0.1081,0.1081
22.2035,pi,6.2800,6.3208,0.1077,0.1077
22.2086,pi,6.2800,6.2912,0.1083,0.1083
22.2137,pi,6.2800,6.3135,0.1078,0.1078
22.2198,coast,6.2800,6.2852,0.0000,0.0000
