t_s,mode,target_rad_s,speed_rad_s,u,u_unsaturated
0.0894,coast,6.2800,0.0000,0.0000,0.0000
0.0913,pi,6.2800,0.0000,-0.1272,-0.1272
0.0958,pi,6.2800,0.0000,-0.1288,-0.1288
0.0999,pi,6.2800,0.0000,-0.1303,-0.1303
0.1043,pi,6.2800,0.0000,-0.1319,-0.1319
0.1082,pi,6.2800,0.0000,-0.1335,-0.1335
0.1120,pi,6.2800,0.0000,-0.1350,-0.1350
0.1163,pi,6.2800,0.0716,-0.1352,-0.1352
0.1205,pi,6.2800,0.1826,-0.1345,-0.1345
0.1247,pi,6.2800,0.3141,-0.1333,-0.1333
0.1293,pi,6.2800,0.5018,-0.1310,-0.1310
0.1333,pi,6.2800,0.7022,-0.1284,-0.1284
0.1372,pi,6.2800,0.9644,-0.1245,-0.1245
0.1409,pi,6.2800,1.2731,-0.1196,-0.1196
0.1447,pi,6.2800,1.5669,-0.1149,-0.1149
0.1486,pi,6.2800,1.8930,-0.1094,-0.1094
0.1525,pi,6.2800,2.2453,-0.1034,-0.1034
0.1563,pi,6.2800,2.6204,-0.0968,-0.0968
0.1601,pi,6.2800,3.0100,-0.0898,-0.0898
0.1640,pi,6.2800,3.3672,-0.0834,-0.0834
0.1679,pi,6.2800,3.7000,-0.0774,-0.0774
0.1726,pi,6.2800,4.0168,-0.0716,-0.0716
0.1776,pi,6.2800,4.2642,-0.0672,-0.0672
0.1825,pi,6.2800,4.4668,-0.0636,-0.0636
0.1874,pi,6.2800,4.6243,-0.0609,-0.0609
0.1926,pi,6.2800,4.7550,-0.0586,-0.0586
0.1978,pi,6.2800,4.8083,-0.0579,-0.0579
0.2032,pi,6.2800,4.8514,-0.0574,-0.0574
0.2082,pi,6.2800,4.8354,-0.0581,-0.0581
0.2132,pi,6.2800,4.7727,-0.0597,-0.0597
0.2177,pi,6.2800,4.7214,-0.0612,-0.0612
0.2236,pi,6.2800,4.6456,-0.0631,-0.0631
0.2282,pi,6.2800,4.5704,-0.0650,-0.0650
0.2328,pi,6.2800,4.5094,-0.0667,-0.0667
0.2382,pi,6.2800,4.4112,-0.0691,-0.0691
0.2433,pi,6.2800,4.3324,-0.0712,-0.0712
0.2478,pi,6.2800,4.3203,-0.0719,-0.0719
0.2526,pi,6.2800,4.2796,-0.0732,-0.0732
0.2576,pi,6.2800,4.2467,-0.0744,-0.0744
0.2624,pi,6.2800,4.2208,-0.0754,-0.0754
0.2675,pi,6.2800,4.1996,-0.0764,-0.0764
0.2725,pi,6.2800,4.1832,-0.0772,-0.0772
0.2775,pi,6.2800,4.1693,-0.0780,-0.0780
0.2825,pi,6.2800,4.1584,-0.0788,-0.0788
0.2875,pi,6.2800,4.1503,-0.0795,-0.0795
0.2925,pi,6.2800,4.1894,-0.0792,-0.0792
0.2975,pi,6.2800,4.1749,-0.0800,-0.0800
0.3025,pi,6.2800,4.1637,-0.0808,-0.0808
0.3075,pi,6.2800,4.1538,-0.0815,-0.0815
0.3125,pi,6.2800,4.1272,-0.0826,-0.0826
0.3175,pi,6.2800,4.1562,-0.0825,-0.0825
0.3224,pi,6.2800,4.1932,-0.0823,-0.0823
0.3275,pi,6.2800,4.1771,-0.0831,-0.0831
0.3325,pi,6.2800,4.2099,-0.0830,-0.0830
0.3375,pi,6.2800,4.2363,-0.0830,-0.0830
0.3425,pi,6.2800,4.1933,-0.0844,-0.0844
0.3475,pi,6.2800,4.2091,-0.0846,-0.0846
0.3525,pi,6.2800,4.2217,-0.0848,-0.0848
0.3574,pi,6.2800,4.2455,-0.0849,-0.0849
0.3625,pi,6.2800,4.3105,-0.0841,-0.0841
0.3675,pi,6.2800,4.3531,-0.0837,-0.0837
0.3725,pi,6.2800,4.3370,-0.0845,-0.0845
0.3774,pi,6.2800,4.3377,-0.0850,-0.0850
0.3825,pi,6.2800,4.3747,-0.0847,-0.0847
0.3874,pi,6.2800,4.4136,-0.0844,-0.0844
0.3926,pi,6.2800,4.4856,-0.0834,-0.0834
0.3975,pi,6.2800,4.4925,-0.0837,-0.0837
0.4025,pi,6.2800,4.4986,-0.0840,-0.0840
0.4075,pi,6.2800,4.5035,-0.0844,-0.0844
0.4125,pi,6.2800,4.5074,-0.0847,-0.0847
0.4174,pi,6.2800,4.5196,-0.0849,-0.0849
0.4225,pi,6.2800,4.5705,-0.0844,-0.0844
0.4275,pi,6.2800,4.6114,-0.0840,-0.0840
0.4325,pi,6.2800,4.6487,-0.0836,-0.0836
0.4375,pi,6.2800,4.6739,-0.0835,-0.0835
0.4425,pi,6.2800,4.6986,-0.0834,-0.0834
0.4476,pi,6.2800,4.6732,-0.0843,-0.0843
0.4526,pi,6.2800,4.6936,-0.0843,-0.0843
0.4575,pi,6.2800,4.7098,-0.0844,-0.0844
0.4625,pi,6.2800,4.7228,-0.0845,-0.0845
0.4674,pi,6.2800,4.7378,-0.0846,-0.0846
0.4725,pi,6.2800,4.7501,-0.0847,-0.0847
0.4775,pi,6.2800,4.7599,-0.0849,-0.0849
0.4825,pi,6.2800,4.7678,-0.0851,-0.0851
0.4875,pi,6.2800,4.7741,-0.0854,-0.0854
0.4925,pi,6.2800,4.7792,-0.0857,-0.0857
0.4975,pi,6.2800,4.7373,-0.0869,-0.0869
0.5025,pi,6.2800,4.7497,-0.0870,-0.0870
0.5075,pi,6.2800,4.7597,-0.0872,-0.0872
0.5125,pi,6.2800,4.7677,-0.0874,-0.0874
0.5175,pi,6.2800,4.7739,-0.0877,-0.0877
0.5225,pi,6.2800,4.7789,-0.0879,-0.0879
0.5275,pi,6.2800,4.7782,-0.0883,-0.0883
0.5324,pi,6.2800,4.7774,-0.0887,-0.0887
0.5375,pi,6.2800,4.7768,-0.0891,-0.0891
0.5425,pi,6.2800,4.7760,-0.0895,-0.0895
0.5475,pi,6.2800,4.8258,-0.0889,-0.0889
0.5525,pi,6.2800,4.8657,-0.0884,-0.0884
0.5575,pi,6.2800,4.8978,-0.0881,-0.0881
0.5625,pi,6.2800,4.9234,-0.0880,-0.0880
0.5675,pi,6.2800,4.9440,-0.0879,-0.0879
0.5725,pi,6.2800,4.9604,-0.0879,-0.0879
0.5775,pi,6.2800,4.9734,-0.0879,-0.0879
0.5825,pi,6.2800,4.9839,-0.0881,-0.0881
0.5875,pi,6.2800,4.9923,-0.0882,-0.0882
0.5926,pi,6.2800,4.9991,-0.0884,-0.0884
0.5977,pi,6.2800,5.0044,-0.0886,-0.0886
0.6028,pi,6.2800,5.0082,-0.0889,-0.0889
0.6080,pi,6.2800,5.0112,-0.0891,-0.0891
0.6125,pi,6.2800,5.0140,-0.0894,-0.0894
0.6174,pi,6.2800,5.0165,-0.0896,-0.0896
0.6227,pi,6.2800,5.0183,-0.0899,-0.0899
0.6275,pi,6.2800,5.0199,-0.0902,-0.0902
0.6327,pi,6.2800,5.0211,-0.0905,-0.0905
0.6380,pi,6.2800,5.0218,-0.0908,-0.0908
0.6427,pi,6.2800,5.0225,-0.0911,-0.0911
0.6475,pi,6.2800,5.0232,-0.0914,-0.0914
0.6525,pi,6.2800,5.0237,-0.0917,-0.0917
0.6575,pi,6.2800,5.0247,-0.0920,-0.0920
0.6624,pi,6.2800,5.0259,-0.0923,-0.0923
0.6677,pi,6.2800,5.0256,-0.0926,-0.0926
0.6725,pi,6.2800,5.0257,-0.0929,-0.0929
0.6776,pi,6.2800,5.0245,-0.0933,-0.0933
0.6827,pi,6.2800,5.0242,-0.0936,-0.0936
0.6875,pi,6.2800,5.0243,-0.0939,-0.0939
0.6925,pi,6.2800,5.0252,-0.0942,-0.0942
0.6976,pi,6.2800,5.0258,-0.0945,-0.0945
0.7025,pi,6.2800,5.0260,-0.0948,-0.0948
0.7076,pi,6.2800,5.0266,-0.0951,-0.0951
0.7128,pi,6.2800,5.0765,-0.0944,-0.0944
0.7174,pi,6.2800,5.1117,-0.0940,-0.0940
0.7224,pi,6.2800,5.1407,-0.0937,-0.0937
0.7278,pi,6.2800,5.1635,-0.0935,-0.0935
0.7329,pi,6.2800,5.1827,-0.0934,-0.0934
0.7376,pi,6.2800,5.1976,-0.0934,-0.0934
0.7426,pi,6.2800,5.2131,-0.0933,-0.0933
0.7474,pi,6.2800,5.2668,-0.0925,-0.0925
0.7526,pi,6.2800,5.3104,-0.0919,-0.0919
0.7575,pi,6.2800,5.3453,-0.0914,-0.0914
0.7624,pi,6.2800,5.3731,-0.0911,-0.0911
0.7675,pi,6.2800,5.3497,-0.0918,-0.0918
0.7730,pi,6.2800,5.3343,-0.0923,-0.0923
0.7774,pi,6.2800,5.3181,-0.0929,-0.0929
0.7826,pi,6.2800,5.3055,-0.0934,-0.0934
0.7876,pi,6.2800,5.2958,-0.0938,-0.0938
0.7929,pi,6.2800,5.2920,-0.0942,-0.0942
0.7977,pi,6.2800,5.2891,-0.0945,-0.0945
0.8026,pi,6.2800,5.2865,-0.0948,-0.0948
0.8074,pi,6.2800,5.2847,-0.0950,-0.0950
0.8124,pi,6.2800,5.2832,-0.0953,-0.0953
0.8174,pi,6.2800,5.2822,-0.0956,-0.0956
0.8224,pi,6.2800,5.2768,-0.0960,-0.0960
0.8275,pi,6.2800,5.3191,-0.0953,-0.0953
0.8325,pi,6.2800,5.3524,-0.0949,-0.0949
0.8375,pi,6.2800,5.3791,-0.0946,-0.0946
0.8425,pi,6.2800,5.4002,-0.0944,-0.0944
0.8475,pi,6.2800,5.4172,-0.0943,-0.0943
0.8525,pi,6.2800,5.3849,-0.0951,-0.0951
0.8576,pi,6.2800,5.3631,-0.0958,-0.0958
0.8625,pi,6.2800,5.3957,-0.0954,-0.0954
0.8675,pi,6.2800,5.4130,-0.0952,-0.0952
0.8725,pi,6.2800,5.4362,-0.0950,-0.0950
0.8775,pi,6.2800,5.4044,-0.0959,-0.0959
0.8825,pi,6.2800,5.3790,-0.0966,-0.0966
0.8874,pi,6.2800,5.3999,-0.0964,-0.0964
0.8925,pi,6.2800,5.4166,-0.0963,-0.0963
0.8975,pi,6.2800,5.4300,-0.0962,-0.0962
0.9026,pi,6.2800,5.4408,-0.0962,-0.0962
0.9077,pi,6.2800,5.4585,-0.0961,-0.0961
0.9132,pi,6.2800,5.4724,-0.0960,-0.0960
0.9176,pi,6.2800,5.4828,-0.0960,-0.0960
0.9228,pi,6.2800,5.4914,-0.0960,-0.0960
0.9278,pi,6.2800,5.4981,-0.0961,-0.0961
0.9325,pi,6.2800,5.5043,-0.0961,-0.0961
0.9374,pi,6.2800,5.5459,-0.0955,-0.0955
0.9425,pi,6.2800,5.5335,-0.0959,-0.0959
0.9475,pi,6.2800,5.5325,-0.0961,-0.0961
0.9525,pi,6.2800,5.5317,-0.0963,-0.0963
0.9575,pi,6.2800,5.5219,-0.0967,-0.0967
0.9625,pi,6.2800,5.5600,-0.0961,-0.0961
0.9677,pi,6.2800,5.5448,-0.0966,-0.0966
0.9727,pi,6.2800,5.5415,-0.0969,-0.0969
0.9778,pi,6.2800,5.5302,-0.0973,-0.0973
0.9825,pi,6.2800,5.5298,-0.0975,-0.0975
0.9874,pi,6.2800,5.5297,-0.0977,-0.0977
0.9924,pi,6.2800,5.5295,-0.0979,-0.0979
0.9975,pi,6.2800,5.5201,-0.0982,-0.0982
1.0025,pi,6.2800,5.5129,-0.0986,-0.0986
1.0075,pi,6.2800,5.5071,-0.0989,-0.0989
1.0125,pi,6.2800,5.5110,-0.0990,-0.0990
1.0174,pi,6.2800,5.5058,-0.0993,-0.0993
1.0225,pi,6.2800,5.5020,-0.0996,-0.0996
1.0275,pi,6.2800,5.4989,-0.0998,-0.0998
1.0325,pi,6.2800,5.5418,-0.0991,-0.0991
1.0375,pi,6.2800,5.5391,-0.0994,-0.0994
1.0425,pi,6.2800,5.5371,-0.0996,-0.0996
1.0475,pi,6.2800,5.5353,-0.0998,-0.0998
1.0525,pi,6.2800,5.5339,-0.1000,-0.1000
1.0575,pi,6.2800,5.5831,-0.0992,-0.0992
1.0624,pi,6.2800,5.6089,-0.0989,-0.0989
1.0676,pi,6.2800,5.5928,-0.0994,-0.0994
1.0725,pi,6.2800,5.6303,-0.0988,-0.0988
1.0774,pi,6.2800,5.6467,-0.0986,-0.0986
1.0825,pi,6.2800,5.6230,-0.0993,-0.0993
1.0876,pi,6.2800,5.6544,-0.0988,-0.0988
1.0925,pi,6.2800,5.6794,-0.0984,-0.0984
1.0976,pi,6.2800,5.6987,-0.0982,-0.0982
1.1026,pi,6.2800,5.7467,-0.0974,-0.0974
1.1075,pi,6.2800,5.7535,-0.0974,-0.0974
1.1124,pi,6.2800,5.7455,-0.0977,-0.0977
1.1175,pi,6.2800,5.7389,-0.0979,-0.0979
1.1225,pi,6.2800,5.6967,-0.0989,-0.0989
1.1277,pi,6.2800,5.7130,-0.0987,-0.0987
1.1325,pi,6.2800,5.7261,-0.0986,-0.0986
1.1375,pi,6.2800,5.6867,-0.0996,-0.0996
1.1424,pi,6.2800,5.6920,-0.0996,-0.0996
1.1475,pi,6.2800,5.6964,-0.0997,-0.0997
1.1534,pi,6.2800,5.6623,-0.1005,-0.1005
1.1585,pi,6.2800,5.6339,-0.1012,-0.1012
1.1631,pi,6.2800,5.6126,-0.1018,-0.1018
1.1675,pi,6.2800,5.6324,-0.1016,-0.1016
1.1728,pi,6.2800,5.6619,-0.1011,-0.1011
1.1774,pi,6.2800,5.7176,-0.1002,-0.1002
1.1824,pi,6.2800,5.7169,-0.1003,-0.1003
1.1876,pi,6.2800,5.7296,-0.1002,-0.1002
1.1926,pi,6.2800,5.6891,-0.1012,-0.1012
1.1978,pi,6.2800,5.6555,-0.1020,-0.1020
1.2025,pi,6.2800,5.6663,-0.1019,-0.1019
1.2075,pi,6.2800,5.6759,-0.1019,-0.1019
1.2125,pi,6.2800,5.7307,-0.1009,-0.1009
1.2175,pi,6.2800,5.7731,-0.1002,-0.1002
1.2225,pi,6.2800,5.7608,-0.1006,-0.1006
1.2275,pi,6.2800,5.7513,-0.1009,-0.1009
1.2325,pi,6.2800,5.7568,-0.1009,-0.1009
1.2375,pi,6.2800,5.7477,-0.1012,-0.1012
1.2426,pi,6.2800,5.7539,-0.1013,-0.1013
1.2476,pi,6.2800,5.7911,-0.1006,-0.1006
1.2525,pi,6.2800,5.8221,-0.1001,-0.1001
1.2575,pi,6.2800,5.8138,-0.1004,-0.1004
1.2624,pi,6.2800,5.8393,-0.1000,-0.1000
1.2675,pi,6.2800,5.8140,-0.1006,-0.1006
1.2726,pi,6.2800,5.8395,-0.1002,-0.1002
1.2788,pi,6.2800,5.8760,-0.0996,-0.0996
1.2839,pi,6.2800,5.8554,-0.1001,-0.1001
1.2887,pi,6.2800,5.8393,-0.1006,-0.1006
1.2954,pi,6.2800,5.8757,-0.0999,-0.0999
1.3025,pi,6.2800,5.8554,-0.1004,-0.1004
1.3075,pi,6.2800,5.8366,-0.1009,-0.1009
1.3124,pi,6.2800,5.8726,-0.1003,-0.1003
1.3174,pi,6.2800,5.8526,-0.1008,-0.1008
1.3214,pi,6.2800,5.8375,-0.1012,-0.1012
1.3256,pi,6.2800,5.7749,-0.1026,-0.1026
1.3296,pi,6.2800,5.7164,-0.1039,-0.1039
1.3336,pi,6.2800,5.7178,-0.1040,-0.1040
1.3375,pi,6.2800,5.7181,-0.1042,-0.1042
1.3425,pi,6.2800,5.7636,-0.1034,-0.1034
1.3475,pi,6.2800,5.7563,-0.1037,-0.1037
1.3525,pi,6.2800,5.7491,-0.1039,-0.1039
1.3575,pi,6.2800,5.7446,-0.1042,-0.1042
1.3625,pi,6.2800,5.7405,-0.1044,-0.1044
1.3675,pi,6.2800,5.7361,-0.1046,-0.1046
1.3725,pi,6.2800,5.7775,-0.1039,-0.1039
1.3775,pi,6.2800,5.8107,-0.1033,-0.1033
1.3826,pi,6.2800,5.8046,-0.1036,-0.1036
1.3874,pi,6.2800,5.8318,-0.1032,-0.1032
1.3926,pi,6.2800,5.8205,-0.1035,-0.1035
1.3975,pi,6.2800,5.8122,-0.1038,-0.1038
1.4026,pi,6.2800,5.8547,-0.1030,-0.1030
1.4084,pi,6.2800,5.8895,-0.1024,-0.1024
1.4136,pi,6.2800,5.8655,-0.1030,-0.1030
1.4177,pi,6.2800,5.8804,-0.1028,-0.1028
1.4225,pi,6.2800,5.8927,-0.1027,-0.1027
1.4277,pi,6.2800,5.9203,-0.1022,-0.1022
1.4325,pi,6.2800,5.9243,-0.1022,-0.1022
1.4375,pi,6.2800,5.9278,-0.1022,-0.1022
1.4425,pi,6.2800,5.8848,-0.1032,-0.1032
1.4476,pi,6.2800,5.8972,-0.1030,-0.1030
1.4526,pi,6.2800,5.9060,-0.1030,-0.1030
1.4575,pi,6.2800,5.9144,-0.1029,-0.1029
1.4625,pi,6.2800,5.9203,-0.1029,-0.1029
1.4675,pi,6.2800,5.9264,-0.1028,-0.1028
1.4724,pi,6.2800,5.9296,-0.1028,-0.1028
1.4775,pi,6.2800,5.9319,-0.1029,-0.1029
1.4826,pi,6.2800,5.8882,-0.1039,-0.1039
1.4874,pi,6.2800,5.8990,-0.1037,-0.1037
1.4925,pi,6.2800,5.9074,-0.1037,-0.1037
1.4976,pi,6.2800,5.8819,-0.1043,-0.1043
1.5025,pi,6.2800,5.8478,-0.1051,-0.1051
1.5074,pi,6.2800,5.8667,-0.1048,-0.1048
1.5124,pi,6.2800,5.8361,-0.1055,-0.1055
1.5175,pi,6.2800,5.8572,-0.1052,-0.1052
1.5225,pi,6.2800,5.8418,-0.1056,-0.1056
1.5275,pi,6.2800,5.8294,-0.1060,-0.1060
1.5324,pi,6.2800,5.8517,-0.1056,-0.1056
1.5375,pi,6.2800,5.8374,-0.1060,-0.1060
1.5424,pi,6.2800,5.8581,-0.1057,-0.1057
1.5475,pi,6.2800,5.8746,-0.1055,-0.1055
1.5525,pi,6.2800,5.8879,-0.1053,-0.1053
1.5575,pi,6.2800,5.9166,-0.1048,-0.1048
1.5625,pi,6.2800,5.9396,-0.1045,-0.1045
1.5675,pi,6.2800,5.9579,-0.1042,-0.1042
1.5724,pi,6.2800,5.9544,-0.1043,-0.1043
1.5775,pi,6.2800,5.9517,-0.1045,-0.1045
1.5825,pi,6.2800,5.9677,-0.1042,-0.1042
1.5876,pi,6.2800,5.9805,-0.1040,-0.1040
1.5925,pi,6.2800,5.9906,-0.1039,-0.1039
1.5976,pi,6.2800,5.9987,-0.1038,-0.1038
1.6024,pi,6.2800,5.9870,-0.1041,-0.1041
1.6074,pi,6.2800,6.0236,-0.1035,-0.1035
1.6126,pi,6.2800,6.0252,-0.1035,-0.1035
1.6175,pi,6.2800,6.0265,-0.1035,-0.1035
1.6225,pi,6.2800,6.0275,-0.1036,-0.1036
1.6276,pi,6.2800,6.0275,-0.1036,-0.1036
1.6325,pi,6.2800,5.9781,-0.1047,-0.1047
1.6375,pi,6.2800,5.9886,-0.1046,-0.1046
1.6425,pi,6.2800,5.9469,-0.1055,-0.1055
1.6475,pi,6.2800,5.9454,-0.1056,-0.1056
1.6524,pi,6.2800,5.9447,-0.1057,-0.1057
1.6576,pi,6.2800,5.9115,-0.1065,-0.1065
1.6624,pi,6.2800,5.9170,-0.1064,-0.1064
1.6676,pi,6.2800,5.8897,-0.1071,-0.1071
1.6725,pi,6.2800,5.8677,-0.1076,-0.1076
1.6774,pi,6.2800,5.8822,-0.1074,-0.1074
1.6825,pi,6.2800,5.8945,-0.1073,-0.1073
1.6875,pi,6.2800,5.9037,-0.1072,-0.1072
1.6925,pi,6.2800,5.9113,-0.1071,-0.1071
1.6975,pi,6.2800,5.8850,-0.1078,-0.1078
1.7025,pi,6.2800,5.9142,-0.1073,-0.1073
1.7075,pi,6.2800,5.9193,-0.1073,-0.1073
1.7125,pi,6.2800,5.9694,-0.1063,-0.1063
1.7175,pi,6.2800,5.9637,-0.1065,-0.1065
1.7224,pi,6.2800,6.0048,-0.1058,-0.1058
1.7274,pi,6.2800,6.0377,-0.1052,-0.1052
1.7325,pi,6.2800,6.0182,-0.1056,-0.1056
1.7374,pi,6.2800,6.0485,-0.1051,-0.1051
1.7425,pi,6.2800,6.0451,-0.1052,-0.1052
1.7474,pi,6.2800,6.0698,-0.1048,-0.1048
1.7525,pi,6.2800,6.0898,-0.1044,-0.1044
1.7575,pi,6.2800,6.0782,-0.1047,-0.1047
1.7625,pi,6.2800,6.0686,-0.1049,-0.1049
1.7675,pi,6.2800,6.0607,-0.1052,-0.1052
1.7724,pi,6.2800,6.0548,-0.1053,-0.1053
1.7774,pi,6.2800,6.0499,-0.1055,-0.1055
1.7825,pi,6.2800,6.0460,-0.1056,-0.1056
1.7875,pi,6.2800,6.0428,-0.1057,-0.1057
1.7925,pi,6.2800,6.0224,-0.1062,-0.1062
1.7976,pi,6.2800,6.0241,-0.1062,-0.1062
1.8025,pi,6.2800,6.0252,-0.1063,-0.1063
1.8075,pi,6.2800,6.0261,-0.1063,-0.1063
1.8124,pi,6.2800,6.0545,-0.1058,-0.1058
1.8174,pi,6.2800,6.0317,-0.1063,-0.1063
1.8224,pi,6.2800,6.0596,-0.1058,-0.1058
1.8275,pi,6.2800,6.0540,-0.1060,-0.1060
1.8324,pi,6.2800,6.0314,-0.1065,-0.1065
1.8375,pi,6.2800,6.0591,-0.1060,-0.1060
1.8425,pi,6.2800,6.0532,-0.1062,-0.1062
1.8476,pi,6.2800,6.0486,-0.1063,-0.1063
1.8524,pi,6.2800,6.0270,-0.1068,-0.1068
1.8575,pi,6.2800,6.0097,-0.1072,-0.1072
1.8625,pi,6.2800,6.0419,-0.1067,-0.1067
1.8675,pi,6.2800,6.0216,-0.1071,-0.1071
1.8726,pi,6.2800,6.0227,-0.1072,-0.1072
1.8775,pi,6.2800,6.0245,-0.1072,-0.1072
1.8825,pi,6.2800,6.0253,-0.1073,-0.1073
1.8874,pi,6.2800,6.0539,-0.1067,-0.1067
1.8925,pi,6.2800,6.0312,-0.1073,-0.1073
1.8975,pi,6.2800,6.0589,-0.1068,-0.1068
1.9025,pi,6.2800,6.0355,-0.1073,-0.1073
1.9075,pi,6.2800,6.0164,-0.1077,-0.1077
1.9125,pi,6.2800,6.0194,-0.1077,-0.1077
1.9175,pi,6.2800,6.0219,-0.1078,-0.1078
1.9224,pi,6.2800,6.0513,-0.1072,-0.1072
1.9275,pi,6.2800,6.0300,-0.1077,-0.1077
1.9325,pi,6.2800,6.0579,-0.1072,-0.1072
1.9375,pi,6.2800,6.0526,-0.1074,-0.1074
1.9425,pi,6.2800,6.0757,-0.1070,-0.1070
1.9475,pi,6.2800,6.0669,-0.1072,-0.1072
1.9524,pi,6.2800,6.0875,-0.1068,-0.1068
1.9574,pi,6.2800,6.1041,-0.1065,-0.1065
1.9625,pi,6.2800,6.1172,-0.1063,-0.1063
1.9674,pi,6.2800,6.1278,-0.1061,-0.1061
1.9725,pi,6.2800,6.1363,-0.1060,-0.1060
1.9775,pi,6.2800,6.1431,-0.1059,-0.1059
1.9825,pi,6.2800,6.1485,-0.1058,-0.1058
1.9874,pi,6.2800,6.1529,-0.1058,-0.1058
1.9925,pi,6.2800,6.1564,-0.1057,-0.1057
1.9975,pi,6.2800,6.1312,-0.1063,-0.1063
2.0025,pi,6.2800,6.1110,-0.1067,-0.1067
2.0075,pi,6.2800,6.0949,-0.1071,-0.1071
2.0125,pi,6.2800,6.1325,-0.1064,-0.1064
2.0175,pi,6.2800,6.1122,-0.1068,-0.1068
2.0225,pi,6.2800,6.0958,-0.1072,-0.1072
2.0275,pi,6.2800,6.0827,-0.1075,-0.1075
2.0325,pi,6.2800,6.0722,-0.1078,-0.1078
2.0374,pi,6.2800,6.0639,-0.1080,-0.1080
2.0425,pi,6.2800,6.0572,-0.1082,-0.1082
2.0475,pi,6.2800,6.0338,-0.1087,-0.1087
2.0525,pi,6.2800,6.0612,-0.1082,-0.1082
2.0576,pi,6.2800,6.1054,-0.1074,-0.1074
2.0625,pi,6.2800,6.0900,-0.1077,-0.1077
2.0675,pi,6.2800,6.0768,-0.1080,-0.1080
2.0724,pi,6.2800,6.0953,-0.1077,-0.1077
2.0778,pi,6.2800,6.0824,-0.1080,-0.1080
2.0826,pi,6.2800,6.1223,-0.1073,-0.1073
2.0876,pi,6.2800,6.1038,-0.1077,-0.1077
2.0925,pi,6.2800,6.0894,-0.1080,-0.1080
2.0976,pi,6.2800,6.0776,-0.1083,-0.1083
2.1026,pi,6.2800,6.0169,-0.1096,-0.1096
2.1077,pi,6.2800,5.9195,-0.1116,-0.1116
2.1128,pi,6.2800,5.8412,-0.1133,-0.1133
2.1175,pi,6.2800,5.7700,-0.1149,-0.1149
2.1225,pi,6.2800,5.6715,-0.1170,-0.1170
2.1275,pi,6.2800,5.5883,-0.1188,-0.1188
2.1328,pi,6.2800,5.4247,-0.1223,-0.1223
2.1376,pi,6.2800,5.2944,-0.1252,-0.1252
2.1427,pi,6.2800,5.1396,-0.1285,-0.1285
2.1482,pi,6.2800,5.0159,-0.1313,-0.1313
2.1529,pi,6.2800,4.9270,-0.1334,-0.1334
2.1574,pi,6.2800,4.8100,-0.1361,-0.1361
2.1624,pi,6.2800,4.7169,-0.1384,-0.1384
2.1675,pi,6.2800,4.5963,-0.1412,-0.1412
2.1725,pi,6.2800,4.4813,-0.1440,-0.1440
2.1775,pi,6.2800,4.3388,-0.1473,-0.1473
2.1827,pi,6.2800,4.2473,-0.1497,-0.1497
2.1895,pi,6.2800,4.2006,-0.1511,-0.1511
2.1954,pi,6.2800,4.1643,-0.1524,-0.1524
2.2011,pi,6.2800,4.1339,-0.1535,-0.1535
2.2062,pi,6.2800,4.1100,-0.1545,-0.1545
2.2122,pi,6.2800,4.1415,-0.1544,-0.1544
2.2188,pi,6.2800,4.1146,-0.1555,-0.1555
2.2241,pi,6.2800,4.0939,-0.1565,-0.1565
2.2297,pi,6.2800,4.0785,-0.1573,-0.1573
2.2348,pi,6.2800,4.0660,-0.1581,-0.1581
2.2406,pi,6.2800,4.0063,-0.1599,-0.1599
2.2456,pi,6.2800,3.9075,-0.1625,-0.1625
2.2502,pi,6.2800,3.8130,-0.1650,-0.1650
2.2573,pi,6.2800,3.6905,-0.1681,-0.1681
2.2641,pi,6.2800,3.5033,-0.1725,-0.1725
2.2687,pi,6.2800,3.2477,-0.1784,-0.1784
2.2736,pi,6.2800,3.0130,-0.1839,-0.1839
2.2783,pi,6.2800,2.7802,-0.1894,-0.1894
2.2840,pi,6.2800,2.5913,-0.1941,-0.1941
2.2887,pi,6.2800,2.3474,-0.2000,-0.2000
2.2935,pi,6.2800,2.0712,-0.2066,-0.2066
2.2995,pi,6.2800,1.8425,-0.2123,-0.2123
2.3063,pi,6.2800,1.5758,-0.2188,-0.2188
2.3115,pi,6.2800,1.3594,-0.2243,-0.2243
2.3179,pi,6.2800,1.1832,-0.2292,-0.2292
2.3235,pi,6.2800,1.0397,-0.2333,-0.2333
2.3286,pi,6.2800,0.9255,-0.2369,-0.2369
2.3344,pi,6.2800,0.8397,-0.2400,-0.2400
2.3414,pi,6.2800,0.7235,-0.2437,-0.2437
2.3468,pi,6.2800,0.6294,-0.2470,-0.2470
2.3515,pi,6.2800,0.5482,-0.2501,-0.2501
2.3561,pi,6.2800,0.4888,-0.2527,-0.2527
2.3608,pi,6.2800,0.4413,-0.2551,-0.2551
2.3649,pi,6.2800,0.3993,-0.2574,-0.2574
2.3693,pi,6.2800,0.3653,-0.2596,-0.2596
2.3734,pi,6.2800,0.2921,-0.2625,-0.2625
2.3777,pi,6.2800,0.2339,-0.2652,-0.2652
2.3817,pi,6.2800,0.1869,-0.2677,-0.2677
2.3857,pi,6.2800,0.1497,-0.2699,-0.2699
2.3897,pi,6.2800,0.1197,-0.2721,-0.2721
2.3937,pi,6.2800,0.0957,-0.2741,-0.2741
2.3977,pi,6.2800,0.0766,-0.2760,-0.2760
2.4016,pi,6.2800,0.0614,-0.2779,-0.2779
2.4055,pi,6.2800,0.0491,-0.2797,-0.2797
2.4095,pi,6.2800,0.0392,-0.2814,-0.2814
2.4134,pi,6.2800,0.0314,-0.2832,-0.2832
2.4175,pi,6.2800,0.0251,-0.2849,-0.2849
2.4215,pi,6.2800,0.0201,-0.2865,-0.2865
2.4255,pi,6.2800,0.0665,-0.2872,-0.2872
2.4295,pi,6.2800,0.1442,-0.2871,-0.2871
2.4336,pi,6.2800,0.2525,-0.2865,-0.2865
2.4377,pi,6.2800,0.4538,-0.2839,-0.2839
2.4425,pi,6.2800,0.7145,-0.2801,-0.2801
2.4476,pi,6.2800,0.9824,-0.2760,-0.2760
2.4526,pi,6.2800,1.3392,-0.2701,-0.2701
2.4576,pi,6.2800,1.7743,-0.2626,-0.2626
2.4625,pi,6.2800,2.2741,-0.2536,-0.2536
2.4675,pi,6.2800,2.7326,-0.2453,-0.2453
2.4726,pi,6.2800,3.2376,-0.2359,-0.2359
2.4775,pi,6.2800,3.7786,-0.2257,-0.2257
2.4825,pi,6.2800,4.3026,-0.2158,-0.2158
2.4876,pi,6.2800,4.8586,-0.2050,-0.2050
2.4926,pi,6.2800,5.3503,-0.1954,-0.1954
2.4976,pi,6.2800,5.8342,-0.1858,-0.1858
2.5025,pi,6.2800,6.3128,-0.1762,-0.1762
2.5076,pi,6.2800,6.7605,-0.1672,-0.1672
2.5126,pi,6.2800,7.1664,-0.1588,-0.1588
2.5176,pi,6.2800,7.5423,-0.1510,-0.1510
2.5226,pi,6.2800,7.8419,-0.1446,-0.1446
2.5275,pi,6.2800,8.0326,-0.1404,-0.1404
2.5325,pi,6.2800,8.2355,-0.1358,-0.1358
2.5376,pi,6.2800,8.3472,-0.1331,-0.1331
2.5426,pi,6.2800,8.4370,-0.1307,-0.1307
2.5476,pi,6.2800,8.4582,-0.1298,-0.1298
2.5525,pi,6.2800,8.4119,-0.1302,-0.1302
2.5576,pi,6.2800,8.3290,-0.1313,-0.1313
2.5625,pi,6.2800,8.2636,-0.1321,-0.1321
2.5675,pi,6.2800,8.1193,-0.1345,-0.1345
2.5725,pi,6.2800,7.9131,-0.1383,-0.1383
2.5776,pi,6.2800,7.6871,-0.1424,-0.1424
2.5825,pi,6.2800,7.4749,-0.1464,-0.1464
2.5876,pi,6.2800,7.1354,-0.1530,-0.1530
2.5926,pi,6.2800,6.7636,-0.1603,-0.1603
2.5975,pi,6.2800,6.4622,-0.1662,-0.1662
2.6026,pi,6.2800,6.1235,-0.1731,-0.1731
2.6075,pi,6.2800,5.8140,-0.1794,-0.1794
2.6126,pi,6.2800,5.4042,-0.1878,-0.1878
2.6175,pi,6.2800,5.0266,-0.1956,-0.1956
2.6225,pi,6.2800,4.6747,-0.2031,-0.2031
2.6275,pi,6.2800,4.3799,-0.2095,-0.2095
2.6326,pi,6.2800,4.0564,-0.2165,-0.2165
2.6375,pi,6.2800,3.7934,-0.2224,-0.2224
2.6425,pi,6.2800,3.5833,-0.2272,-0.2272
2.6477,pi,6.2800,3.3688,-0.2323,-0.2323
2.6525,pi,6.2800,3.2438,-0.2355,-0.2355
2.6575,pi,6.2800,3.1438,-0.2383,-0.2383
2.6626,pi,6.2800,3.0677,-0.2406,-0.2406
2.6675,pi,6.2800,3.0027,-0.2427,-0.2427
2.6725,pi,6.2800,2.9963,-0.2437,-0.2437
2.6776,pi,6.2800,3.0002,-0.2444,-0.2444
2.6825,pi,6.2800,3.0033,-0.2452,-0.2452
2.6875,pi,6.2800,3.0424,-0.2452,-0.2452
2.6926,pi,6.2800,3.0873,-0.2451,-0.2451
2.6975,pi,6.2800,3.1553,-0.2445,-0.2445
2.7026,pi,6.2800,3.1776,-0.2449,-0.2449
2.7075,pi,6.2800,3.2456,-0.2443,-0.2443
2.7125,pi,6.2800,3.2817,-0.2443,-0.2443
2.7175,pi,6.2800,3.3793,-0.2431,-0.2431
2.7225,pi,6.2800,3.4345,-0.2427,-0.2427
2.7275,pi,6.2800,3.4788,-0.2425,-0.2425
2.7326,pi,6.2800,3.5371,-0.2420,-0.2420
2.7375,pi,6.2800,3.5836,-0.2418,-0.2418
2.7425,pi,6.2800,3.6438,-0.2412,-0.2412
2.7477,pi,6.2800,3.6920,-0.2409,-0.2409
2.7526,pi,6.2800,3.7578,-0.2402,-0.2402
2.7575,pi,6.2800,3.8102,-0.2398,-0.2398
2.7625,pi,6.2800,3.8706,-0.2392,-0.2392
2.7675,pi,6.2800,3.9649,-0.2379,-0.2379
2.7727,pi,6.2800,4.0265,-0.2372,-0.2372
2.7776,pi,6.2800,4.1256,-0.2358,-0.2358
2.7826,pi,6.2800,4.2042,-0.2347,-0.2347
2.7876,pi,6.2800,4.3182,-0.2329,-0.2329
2.7926,pi,6.2800,4.4092,-0.2316,-0.2316
2.7977,pi,6.2800,4.5325,-0.2295,-0.2295
2.8030,pi,6.2800,4.6291,-0.2280,-0.2280
2.8083,pi,6.2800,4.6577,-0.2279,-0.2279
2.8131,pi,6.2800,4.7301,-0.2268,-0.2268
2.8175,pi,6.2800,4.7883,-0.2260,-0.2260
2.8225,pi,6.2800,4.8861,-0.2244,-0.2244
2.8274,pi,6.2800,4.9599,-0.2232,-0.2232
2.8325,pi,6.2800,4.9751,-0.2233,-0.2233
2.8384,pi,6.2800,4.9844,-0.2234,-0.2234
2.8429,pi,6.2800,4.9922,-0.2236,-0.2236
2.8474,pi,6.2800,4.9990,-0.2238,-0.2238
2.8524,pi,6.2800,5.0071,-0.2239,-0.2239
2.8575,pi,6.2800,5.0114,-0.2241,-0.2241
2.8625,pi,6.2800,5.0611,-0.2234,-0.2234
2.8675,pi,6.2800,5.0557,-0.2239,-0.2239
2.8725,pi,6.2800,5.1000,-0.2233,-0.2233
2.8775,pi,6.2800,5.1352,-0.2229,-0.2229
2.8825,pi,6.2800,5.1635,-0.2226,-0.2226
2.8875,pi,6.2800,5.1817,-0.2225,-0.2225
2.8925,pi,6.2800,5.1977,-0.2224,-0.2224
2.8975,pi,6.2800,5.2556,-0.2215,-0.2215
2.9025,pi,6.2800,5.3015,-0.2209,-0.2209
2.9077,pi,6.2800,5.3468,-0.2202,-0.2202
2.9136,pi,6.2800,5.3826,-0.2197,-0.2197
2.9196,pi,6.2800,5.4339,-0.2189,-0.2189
2.9253,pi,6.2800,5.4111,-0.2195,-0.2195
2.9309,pi,6.2800,5.3336,-0.2213,-0.2213
2.9369,pi,6.2800,5.2629,-0.2230,-0.2230
2.9416,pi,6.2800,5.1190,-0.2262,-0.2262
2.9463,pi,6.2800,5.0006,-0.2289,-0.2289
2.9510,pi,6.2800,4.8026,-0.2332,-0.2332
2.9556,pi,6.2800,4.6458,-0.2367,-0.2367
2.9604,pi,6.2800,4.4700,-0.2407,-0.2407
2.9652,pi,6.2800,4.3531,-0.2435,-0.2435
2.9700,pi,6.2800,4.2135,-0.2468,-0.2468
2.9747,pi,6.2800,4.0785,-0.2501,-0.2501
2.9796,pi,6.2800,3.9607,-0.2530,-0.2530
2.9843,pi,6.2800,3.9020,-0.2548,-0.2548
2.9882,pi,6.2800,3.8113,-0.2572,-0.2572
2.9926,pi,6.2800,3.7813,-0.2584,-0.2584
2.9975,pi,6.2800,3.7568,-0.2596,-0.2596
3.0024,pi,6.2800,3.7376,-0.2606,-0.2606
3.0077,pi,6.2800,3.6759,-0.2625,-0.2625
3.0125,pi,6.2800,3.6722,-0.2632,-0.2632
3.0175,pi,6.2800,3.6235,-0.2648,-0.2648
3.0224,pi,6.2800,3.5848,-0.2663,-0.2663
3.0275,pi,6.2800,3.5063,-0.2685,-0.2685
3.0325,pi,6.2800,3.4478,-0.2704,-0.2704
3.0375,pi,6.2800,3.3608,-0.2729,-0.2729
3.0424,pi,6.2800,3.2830,-0.2752,-0.2752
3.0476,pi,6.2800,3.2295,-0.2770,-0.2770
3.0525,pi,6.2800,3.1865,-0.2787,-0.2787
3.0574,pi,6.2800,3.1432,-0.2803,-0.2803
3.0625,pi,6.2800,3.1544,-0.2809,-0.2809
3.0675,pi,6.2800,3.1178,-0.2824,-0.2824
3.0725,pi,6.2800,3.0973,-0.2836,-0.2836
3.0775,pi,6.2800,3.1175,-0.2840,-0.2840
3.0825,pi,6.2800,3.1344,-0.2844,-0.2844
3.0875,pi,6.2800,3.1931,-0.2840,-0.2840
3.0925,pi,6.2800,3.2403,-0.2838,-0.2838
3.0976,pi,6.2800,3.2959,-0.2835,-0.2835
3.1025,pi,6.2800,3.3404,-0.2833,-0.2833
3.1078,pi,6.2800,3.4260,-0.2823,-0.2823
3.1127,pi,6.2800,3.4442,-0.2827,-0.2827
3.1175,pi,6.2800,3.5090,-0.2821,-0.2821
3.1224,pi,6.2800,3.5838,-0.2812,-0.2812
3.1275,pi,6.2800,3.6898,-0.2798,-0.2798
3.1325,pi,6.2800,3.8064,-0.2780,-0.2780
3.1375,pi,6.2800,3.8996,-0.2768,-0.2768
3.1426,pi,6.2800,3.9741,-0.2759,-0.2759
3.1476,pi,6.2800,4.0336,-0.2752,-0.2752
3.1524,pi,6.2800,4.0951,-0.2746,-0.2746
3.1574,pi,6.2800,4.1904,-0.2732,-0.2732
3.1625,pi,6.2800,4.2667,-0.2721,-0.2721
3.1675,pi,6.2800,4.3278,-0.2714,-0.2714
3.1725,pi,6.2800,4.3669,-0.2711,-0.2711
3.1775,pi,6.2800,4.3982,-0.2710,-0.2710
3.1825,pi,6.2800,4.4324,-0.2707,-0.2707
3.1876,pi,6.2800,4.4505,-0.2708,-0.2708
3.1926,pi,6.2800,4.4743,-0.2708,-0.2708
3.1975,pi,6.2800,4.5394,-0.2699,-0.2699
3.2025,pi,6.2800,4.5914,-0.2693,-0.2693
3.2075,pi,6.2800,4.6280,-0.2690,-0.2690
3.2125,pi,6.2800,4.6571,-0.2688,-0.2688
3.2175,pi,6.2800,4.7307,-0.2677,-0.2677
3.2224,pi,6.2800,4.7898,-0.2669,-0.2669
3.2275,pi,6.2800,4.8371,-0.2663,-0.2663
3.2324,pi,6.2800,4.8750,-0.2659,-0.2659
3.2375,pi,6.2800,4.9053,-0.2657,-0.2657
3.2428,pi,6.2800,4.9292,-0.2655,-0.2655
3.2475,pi,6.2800,4.9482,-0.2655,-0.2655
3.2529,pi,6.2800,4.9634,-0.2655,-0.2655
3.2576,pi,6.2800,4.9755,-0.2656,-0.2656
3.2625,pi,6.2800,4.9857,-0.2657,-0.2657
3.2676,pi,6.2800,4.9938,-0.2659,-0.2659
3.2725,pi,6.2800,5.0001,-0.2661,-0.2661
3.2775,pi,6.2800,5.0051,-0.2663,-0.2663
3.2825,pi,6.2800,5.0093,-0.2665,-0.2665
3.2874,pi,6.2800,5.0127,-0.2668,-0.2668
3.2926,pi,6.2800,5.0149,-0.2670,-0.2670
3.2975,pi,6.2800,5.0631,-0.2664,-0.2664
3.3025,pi,6.2800,5.1020,-0.2659,-0.2659
3.3075,pi,6.2800,5.1330,-0.2656,-0.2656
3.3125,pi,6.2800,5.1580,-0.2653,-0.2653
3.3175,pi,6.2800,5.2232,-0.2643,-0.2643
3.3225,pi,6.2800,5.2756,-0.2635,-0.2635
3.3275,pi,6.2800,5.3174,-0.2629,-0.2629
3.3325,pi,6.2800,5.3508,-0.2625,-0.2625
3.3375,pi,6.2800,5.4367,-0.2610,-0.2610
3.3425,pi,6.2800,5.4918,-0.2601,-0.2601
3.3475,pi,6.2800,5.4992,-0.2601,-0.2601
3.3525,pi,6.2800,5.5051,-0.2602,-0.2602
3.3575,pi,6.2800,5.5098,-0.2603,-0.2603
3.3625,pi,6.2800,5.5045,-0.2606,-0.2606
3.3675,pi,6.2800,5.4590,-0.2617,-0.2617
3.3725,pi,6.2800,5.4183,-0.2627,-0.2627
3.3775,pi,6.2800,5.3857,-0.2636,-0.2636
3.3825,pi,6.2800,5.3641,-0.2643,-0.2643
3.3874,pi,6.2800,5.3423,-0.2649,-0.2649
3.3925,pi,6.2800,5.2792,-0.2665,-0.2665
3.3975,pi,6.2800,5.2288,-0.2677,-0.2677
3.4025,pi,6.2800,5.1884,-0.2688,-0.2688
3.4075,pi,6.2800,5.1056,-0.2708,-0.2708
3.4125,pi,6.2800,5.0394,-0.2724,-0.2724
3.4175,pi,6.2800,4.9865,-0.2738,-0.2738
3.4225,pi,6.2800,4.9442,-0.2750,-0.2750
3.4275,pi,6.2800,4.8600,-0.2770,-0.2770
3.4325,pi,6.2800,4.7926,-0.2787,-0.2787
3.4375,pi,6.2800,4.7387,-0.2802,-0.2802
3.4425,pi,6.2800,4.6957,-0.2814,-0.2814
3.4475,pi,6.2800,4.6612,-0.2825,-0.2825
3.4525,pi,6.2800,4.6337,-0.2835,-0.2835
3.4574,pi,6.2800,4.6208,-0.2842,-0.2842
3.4625,pi,6.2800,4.6564,-0.2839,-0.2839
3.4675,pi,6.2800,4.6848,-0.2837,-0.2837
3.4725,pi,6.2800,4.7075,-0.2836,-0.2836
3.4775,pi,6.2800,4.7257,-0.2836,-0.2836
3.4825,pi,6.2800,4.7859,-0.2828,-0.2828
3.4875,pi,6.2800,4.8342,-0.2822,-0.2822
3.4925,pi,6.2800,4.8727,-0.2818,-0.2818
3.4975,pi,6.2800,4.9036,-0.2815,-0.2815
3.5025,pi,6.2800,4.9282,-0.2814,-0.2814
3.5075,pi,6.2800,4.8975,-0.2823,-0.2823
3.5125,pi,6.2800,4.8730,-0.2832,-0.2832
3.5174,pi,6.2800,4.8581,-0.2838,-0.2838
3.5225,pi,6.2800,4.7911,-0.2855,-0.2855
3.5275,pi,6.2800,4.7371,-0.2870,-0.2870
3.5332,pi,6.2800,4.6940,-0.2883,-0.2883
3.5383,pi,6.2800,4.6069,-0.2904,-0.2904
3.5428,pi,6.2800,4.5406,-0.2922,-0.2922
3.5475,pi,6.2800,4.4869,-0.2937,-0.2937
3.5524,pi,6.2800,4.4578,-0.2947,-0.2947
3.5575,pi,6.2800,4.4344,-0.2957,-0.2957
3.5625,pi,6.2800,4.4158,-0.2965,-0.2965
3.5675,pi,6.2800,4.4010,-0.2973,-0.2973
3.5725,pi,6.2800,4.3752,-0.2983,-0.2983
3.5775,pi,6.2800,4.3685,-0.2989,-0.2989
3.5825,pi,6.2800,4.3175,-0.3004,-0.3004
3.5875,pi,6.2800,4.2770,-0.3017,-0.3017
3.5925,pi,6.2800,4.2455,-0.3028,-0.3028
3.5975,pi,6.2800,4.2192,-0.3039,-0.3039
3.6025,pi,6.2800,4.1981,-0.3048,-0.3048
3.6076,pi,6.2800,4.1124,-0.3071,-0.3071
3.6124,pi,6.2800,4.0668,-0.3085,-0.3085
3.6175,pi,6.2800,4.0073,-0.3103,-0.3103
3.6224,pi,6.2800,3.9827,-0.3114,-0.3114
3.6275,pi,6.2800,3.9903,-0.3118,-0.3118
3.6325,pi,6.2800,3.9965,-0.3122,-0.3122
3.6375,pi,6.2800,4.0198,-0.3123,-0.3123
3.6425,pi,6.2800,4.0384,-0.3125,-0.3125
3.6475,pi,6.2800,4.0349,-0.3132,-0.3132
3.6525,pi,6.2800,4.0320,-0.3138,-0.3138
3.6574,pi,6.2800,4.0481,-0.3140,-0.3140
3.6625,pi,6.2800,4.1068,-0.3134,-0.3134
3.6675,pi,6.2800,4.1400,-0.3132,-0.3132
3.6725,pi,6.2800,4.1664,-0.3132,-0.3132
3.6775,pi,6.2800,4.1558,-0.3140,-0.3140
3.6825,pi,6.2800,4.1471,-0.3147,-0.3147
3.6875,pi,6.2800,4.1218,-0.3157,-0.3157
3.6925,pi,6.2800,4.1017,-0.3167,-0.3167
3.6975,pi,6.2800,4.0855,-0.3176,-0.3176
3.7024,pi,6.2800,4.0910,-0.3180,-0.3180
3.7075,pi,6.2800,4.0955,-0.3185,-0.3185
3.7126,pi,6.2800,4.0292,-0.3203,-0.3203
3.7174,pi,6.2800,4.0006,-0.3215,-0.3215
3.7224,pi,6.2800,4.0233,-0.3216,-0.3216
3.7274,pi,6.2800,4.0414,-0.3218,-0.3218
3.7325,pi,6.2800,4.1016,-0.3211,-0.3211
3.7374,pi,6.2800,4.1497,-0.3207,-0.3207
3.7425,pi,6.2800,4.2340,-0.3195,-0.3195
3.7475,pi,6.2800,4.3012,-0.3187,-0.3187
3.7525,pi,6.2800,4.3457,-0.3183,-0.3183
3.7575,pi,6.2800,4.3812,-0.3180,-0.3180
3.7625,pi,6.2800,4.4187,-0.3178,-0.3178
3.7675,pi,6.2800,4.4897,-0.3168,-0.3168
3.7725,pi,6.2800,4.5464,-0.3161,-0.3161
3.7775,pi,6.2800,4.5919,-0.3156,-0.3156
3.7825,pi,6.2800,4.5780,-0.3163,-0.3163
3.7875,pi,6.2800,4.5669,-0.3169,-0.3169
3.7925,pi,6.2800,4.5079,-0.3186,-0.3186
3.7975,pi,6.2800,4.4607,-0.3200,-0.3200
3.8025,pi,6.2800,4.4227,-0.3212,-0.3212
3.8074,pi,6.2800,4.4066,-0.3220,-0.3220
3.8125,pi,6.2800,4.3478,-0.3236,-0.3236
3.8175,pi,6.2800,4.2322,-0.3265,-0.3265
3.8225,pi,6.2800,4.1395,-0.3289,-0.3289
3.8275,pi,6.2800,4.0155,-0.3319,-0.3319
3.8325,pi,6.2800,3.9160,-0.3345,-0.3345
3.8375,pi,6.2800,3.7861,-0.3377,-0.3377
3.8424,pi,6.2800,3.7143,-0.3398,-0.3398
3.8475,pi,6.2800,3.6248,-0.3422,-0.3422
3.8524,pi,6.2800,3.5854,-0.3437,-0.3437
3.8575,pi,6.2800,3.5217,-0.3457,-0.3457
3.8625,pi,6.2800,3.5209,-0.3464,-0.3464
3.8675,pi,6.2800,3.5204,-0.3471,-0.3471
3.8725,pi,6.2800,3.5018,-0.3481,-0.3481
3.8775,pi,6.2800,3.4870,-0.3491,-0.3491
3.8825,pi,6.2800,3.5208,-0.3491,-0.3491
3.8875,pi,6.2800,3.5478,-0.3493,-0.3493
3.8925,pi,6.2800,3.5922,-0.3491,-0.3491
3.8975,pi,6.2800,3.6505,-0.3486,-0.3486
3.9025,pi,6.2800,3.7430,-0.3473,-0.3473
3.9075,pi,6.2800,3.8490,-0.3458,-0.3458
3.9124,pi,6.2800,3.9931,-0.3435,-0.3435
3.9175,pi,6.2800,4.1086,-0.3418,-0.3418
3.9225,pi,6.2800,4.2466,-0.3395,-0.3395
3.9275,pi,6.2800,4.4026,-0.3369,-0.3369
3.9325,pi,6.2800,4.5775,-0.3338,-0.3338
3.9375,pi,6.2800,4.7130,-0.3315,-0.3315
3.9425,pi,6.2800,4.9127,-0.3278,-0.3278
3.9475,pi,6.2800,5.0727,-0.3249,-0.3249
3.9525,pi,6.2800,5.2463,-0.3217,-0.3217
3.9575,pi,6.2800,5.3851,-0.3191,-0.3191
3.9625,pi,6.2800,5.5419,-0.3162,-0.3162
3.9675,pi,6.2800,5.6217,-0.3148,-0.3148
3.9725,pi,6.2800,5.7037,-0.3133,-0.3133
3.9775,pi,6.2800,5.7692,-0.3121,-0.3121
3.9825,pi,6.2800,5.8215,-0.3112,-0.3112
3.9876,pi,6.2800,5.8114,-0.3115,-0.3115
3.9925,pi,6.2800,5.7554,-0.3127,-0.3127
3.9975,pi,6.2800,5.7100,-0.3138,-0.3138
4.0024,pi,6.2800,5.6235,-0.3157,-0.3157
4.0076,pi,6.2800,5.5039,-0.3183,-0.3183
4.0125,pi,6.2800,5.3581,-0.3214,-0.3214
4.0176,pi,6.2800,5.1911,-0.3250,-0.3250
4.0224,pi,6.2800,4.9567,-0.3300,-0.3300
4.0274,pi,6.2800,4.7428,-0.3347,-0.3347
4.0325,pi,6.2800,4.5255,-0.3395,-0.3395
4.0375,pi,6.2800,4.2141,-0.3462,-0.3462
4.0425,pi,6.2800,3.9663,-0.3518,-0.3518
4.0477,pi,6.2800,3.6734,-0.3583,-0.3583
4.0530,pi,6.2800,3.3407,-0.3657,-0.3657
4.0581,pi,6.2800,3.0247,-0.3728,-0.3728
4.0634,pi,6.2800,2.7209,-0.3798,-0.3798
4.0681,pi,6.2800,2.4277,-0.3866,-0.3866
4.0732,pi,6.2800,2.2433,-0.3913,-0.3913
4.0781,pi,6.2800,2.0456,-0.3963,-0.3963
4.0827,pi,6.2800,1.8883,-0.4005,-0.4005
4.0876,pi,6.2800,1.8122,-0.4032,-0.4032
4.0926,pi,6.2800,1.7010,-0.4065,-0.4065
4.0976,pi,6.2800,1.6349,-0.4090,-0.4090
4.1026,pi,6.2800,1.5822,-0.4113,-0.4113
4.1077,pi,6.2800,1.6176,-0.4117,-0.4117
4.1129,pi,6.2800,1.6457,-0.4123,-0.4123
4.1180,pi,6.2800,1.7276,-0.4118,-0.4118
4.1227,pi,6.2800,1.8392,-0.4107,-0.4107
4.1280,pi,6.2800,1.9287,-0.4100,-0.4100
4.1330,pi,6.2800,2.0461,-0.4087,-0.4087
4.1382,pi,6.2800,2.1389,-0.4079,-0.4079
4.1428,pi,6.2800,2.3141,-0.4054,-0.4054
4.1480,pi,6.2800,2.4540,-0.4035,-0.4035
4.1530,pi,6.2800,2.6166,-0.4012,-0.4012
4.1579,pi,6.2800,2.7785,-0.3988,-0.3988
4.1633,pi,6.2800,2.9270,-0.3967,-0.3967
4.1677,pi,6.2800,3.0947,-0.3941,-0.3941
4.1727,pi,6.2800,3.2796,-0.3912,-0.3912
4.1777,pi,6.2800,3.4914,-0.3876,-0.3876
4.1827,pi,6.2800,3.7073,-0.3840,-0.3840
4.1878,pi,6.2800,3.9715,-0.3793,-0.3793
4.1928,pi,6.2800,4.2740,-0.3737,-0.3737
4.1977,pi,6.2800,4.5622,-0.3684,-0.3684
4.2025,pi,6.2800,4.8835,-0.3623,-0.3623
4.2074,pi,6.2800,5.1868,-0.3565,-0.3565
4.2127,pi,6.2800,5.4756,-0.3509,-0.3509
4.2176,pi,6.2800,5.7994,-0.3446,-0.3446
4.2225,pi,6.2800,6.0559,-0.3395,-0.3395
4.2275,pi,6.2800,6.3076,-0.3345,-0.3345
4.2325,pi,6.2800,6.5093,-0.3304,-0.3304
4.2381,pi,6.2800,6.6660,-0.3271,-0.3271
4.2432,pi,6.2800,6.7886,-0.3246,-0.3246
4.2482,pi,6.2800,6.8868,-0.3225,-0.3225
4.2532,pi,6.2800,6.8132,-0.3238,-0.3238
4.2578,pi,6.2800,6.7563,-0.3248,-0.3248
4.2632,pi,6.2800,6.6603,-0.3266,-0.3266
4.2677,pi,6.2800,6.5851,-0.3281,-0.3281
4.2724,pi,6.2800,6.5483,-0.3287,-0.3287
4.2775,pi,6.2800,6.4952,-0.3297,-0.3297
4.2825,pi,6.2800,6.4524,-0.3306,-0.3306
4.2884,pi,6.2800,6.4860,-0.3298,-0.3298
4.2939,pi,6.2800,6.6059,-0.3273,-0.3273
4.2980,pi,6.2800,6.7497,-0.3244,-0.3244
4.3024,pi,6.2800,6.9539,-0.3201,-0.3201
4.3075,pi,6.2800,7.3485,-0.3119,-0.3119
4.3125,pi,6.2800,7.7525,-0.3035,-0.3035
4.3175,pi,6.2800,8.2613,-0.2928,-0.2928
4.3225,pi,6.2800,8.7571,-0.2823,-0.2823
4.3276,pi,6.2800,9.3696,-0.2693,-0.2693
4.3325,pi,6.2800,9.9139,-0.2575,-0.2575
4.3375,pi,6.2800,10.4902,-0.2449,-0.2449
4.3426,pi,6.2800,11.1092,-0.2313,-0.2313
4.3476,pi,6.2800,11.6498,-0.2192,-0.2192
4.3525,pi,6.2800,12.1067,-0.2086,-0.2086
4.3575,pi,6.2800,12.5518,-0.1981,-0.1981
4.3625,pi,6.2800,12.9197,-0.1891,-0.1891
4.3675,pi,6.2800,13.2150,-0.1814,-0.1814
4.3725,pi,6.2800,13.4063,-0.1758,-0.1758
4.3775,pi,6.2800,13.5589,-0.1710,-0.1710
4.3825,pi,6.2800,13.6372,-0.1676,-0.1676
4.3875,pi,6.2800,13.6523,-0.1654,-0.1654
4.3925,pi,6.2800,13.6184,-0.1642,-0.1642
4.3975,pi,6.2800,13.5013,-0.1648,-0.1648
4.4025,pi,6.2800,13.4062,-0.1649,-0.1649
4.4075,pi,6.2800,13.2383,-0.1665,-0.1665
4.4125,pi,6.2800,13.0028,-0.1696,-0.1696
4.4175,pi,6.2800,12.7639,-0.1727,-0.1727
4.4225,pi,6.2800,12.5228,-0.1760,-0.1760
4.4275,pi,6.2800,12.3297,-0.1783,-0.1783
4.4325,pi,6.2800,12.1253,-0.1809,-0.1809
4.4375,pi,6.2800,11.9111,-0.1838,-0.1838
4.4425,pi,6.2800,11.7400,-0.1859,-0.1859
4.4475,pi,6.2800,11.6033,-0.1873,-0.1873
4.4525,pi,6.2800,11.4440,-0.1892,-0.1892
4.4575,pi,6.2800,11.3661,-0.1895,-0.1895
4.4625,pi,6.2800,11.2541,-0.1905,-0.1905
4.4675,pi,6.2800,11.2142,-0.1900,-0.1900
4.4724,pi,6.2800,11.1652,-0.1898,-0.1898
4.4781,pi,6.2800,11.1255,-0.1894,-0.1894
4.4827,pi,6.2800,11.1118,-0.1884,-0.1884
4.4875,pi,6.2800,11.1008,-0.1874,-0.1874
4.4925,pi,6.2800,11.0742,-0.1868,-0.1868
4.4975,pi,6.2800,11.0072,-0.1869,-0.1869
4.5025,pi,6.2800,11.0174,-0.1855,-0.1855
4.5074,pi,6.2800,11.0075,-0.1846,-0.1846
4.5125,pi,6.2800,10.9542,-0.1845,-0.1845
4.5175,pi,6.2800,10.9113,-0.1842,-0.1842
4.5225,pi,6.2800,10.8397,-0.1845,-0.1845
4.5275,pi,6.2800,10.8331,-0.1834,-0.1834
4.5324,pi,6.2800,10.8144,-0.1827,-0.1827
4.5375,pi,6.2800,10.7996,-0.1819,-0.1819
4.5425,pi,6.2800,10.7878,-0.1810,-0.1810
4.5476,pi,6.2800,10.7905,-0.1798,-0.1798
4.5525,pi,6.2800,10.7436,-0.1796,-0.1796
4.5576,pi,6.2800,10.7055,-0.1793,-0.1793
4.5625,pi,6.2800,10.7122,-0.1780,-0.1780
4.5676,pi,6.2800,10.7176,-0.1768,-0.1768
4.5725,pi,6.2800,10.7218,-0.1756,-0.1756
4.5775,pi,6.2800,10.7253,-0.1744,-0.1744
4.5825,pi,6.2800,10.7283,-0.1733,-0.1733
4.5875,pi,6.2800,10.7304,-0.1721,-0.1721
4.5925,pi,6.2800,10.6864,-0.1719,-0.1719
4.5976,pi,6.2800,10.6511,-0.1715,-0.1715
4.6025,pi,6.2800,10.6238,-0.1709,-0.1709
4.6075,pi,6.2800,10.6013,-0.1703,-0.1703
4.6125,pi,6.2800,10.5417,-0.1704,-0.1704
4.6175,pi,6.2800,10.4942,-0.1703,-0.1703
4.6225,pi,6.2800,10.4562,-0.1701,-0.1701
4.6275,pi,6.2800,10.4749,-0.1686,-0.1686
4.6325,pi,6.2800,10.4395,-0.1683,-0.1683
4.6375,pi,6.2800,10.4116,-0.1678,-0.1678
4.6425,pi,6.2800,10.3899,-0.1672,-0.1672
4.6475,pi,6.2800,10.3724,-0.1666,-0.1666
4.6525,pi,6.2800,10.3588,-0.1658,-0.1658
4.6574,pi,6.2800,10.3477,-0.1650,-0.1650
4.6625,pi,6.2800,10.3386,-0.1642,-0.1642
4.6676,pi,6.2800,10.2789,-0.1644,-0.1644
4.6725,pi,6.2800,10.2339,-0.1643,-0.1643
4.6775,pi,6.2800,10.1979,-0.1640,-0.1640
4.6825,pi,6.2800,10.1244,-0.1645,-0.1645
4.6875,pi,6.2800,10.0655,-0.1648,-0.1648
4.6925,pi,6.2800,10.0181,-0.1648,-0.1648
4.6975,pi,6.2800,9.9796,-0.1646,-0.1646
4.7025,pi,6.2800,9.9490,-0.1643,-0.1643
4.7075,pi,6.2800,9.9245,-0.1639,-0.1639
4.7125,pi,6.2800,9.8591,-0.1643,-0.1643
4.7175,pi,6.2800,9.8068,-0.1645,-0.1645
4.7225,pi,6.2800,9.8124,-0.1635,-0.1635
4.7275,pi,6.2800,9.8152,-0.1625,-0.1625
4.7325,pi,6.2800,9.8174,-0.1616,-0.1616
4.7375,pi,6.2800,9.8188,-0.1607,-0.1607
4.7425,pi,6.2800,9.8201,-0.1598,-0.1598
4.7475,pi,6.2800,9.7753,-0.1598,-0.1598
4.7525,pi,6.2800,9.7300,-0.1599,-0.1599
4.7575,pi,6.2800,9.6940,-0.1597,-0.1597
4.7625,pi,6.2800,9.7154,-0.1584,-0.1584
4.7675,pi,6.2800,9.6914,-0.1581,-0.1581
4.7725,pi,6.2800,9.6632,-0.1578,-0.1578
4.7774,pi,6.2800,9.6498,-0.1572,-0.1572
4.7825,pi,6.2800,9.5794,-0.1578,-0.1578
4.7874,pi,6.2800,9.5369,-0.1578,-0.1578
4.7925,pi,6.2800,9.5031,-0.1577,-0.1577
4.7976,pi,6.2800,9.4760,-0.1574,-0.1574
4.8026,pi,6.2800,9.4401,-0.1574,-0.1574
4.8074,pi,6.2800,9.4258,-0.1569,-0.1569
4.8125,pi,6.2800,9.4145,-0.1563,-0.1563
4.8174,pi,6.2800,9.3597,-0.1566,-0.1566
4.8225,pi,6.2800,9.3458,-0.1561,-0.1561
4.8274,pi,6.2800,9.3504,-0.1553,-0.1553
4.8325,pi,6.2800,9.3543,-0.1544,-0.1544
4.8375,pi,6.2800,9.3574,-0.1536,-0.1536
4.8425,pi,6.2800,9.3597,-0.1528,-0.1528
4.8475,pi,6.2800,9.3159,-0.1529,-0.1529
4.8525,pi,6.2800,9.2804,-0.1529,-0.1529
4.8575,pi,6.2800,9.2840,-0.1521,-0.1521
4.8624,pi,6.2800,9.2554,-0.1519,-0.1519
4.8675,pi,6.2800,9.2637,-0.1510,-0.1510
4.8724,pi,6.2800,9.2387,-0.1507,-0.1507
4.8775,pi,6.2800,9.2005,-0.1508,-0.1508
4.8825,pi,6.2800,9.1689,-0.1507,-0.1507
4.8875,pi,6.2800,9.1441,-0.1505,-0.1505
4.8925,pi,6.2800,9.1431,-0.1498,-0.1498
4.8975,pi,6.2800,9.1240,-0.1494,-0.1494
4.9025,pi,6.2800,9.1271,-0.1487,-0.1487
4.9075,pi,6.2800,9.0608,-0.1493,-0.1493
4.9125,pi,6.2800,9.0579,-0.1486,-0.1486
4.9174,pi,6.2800,9.0280,-0.1486,-0.1486
4.9225,pi,6.2800,9.0318,-0.1478,-0.1478
4.9275,pi,6.2800,8.9843,-0.1481,-0.1481
4.9325,pi,6.2800,8.9459,-0.1482,-0.1482
4.9374,pi,6.2800,8.8937,-0.1486,-0.1486
4.9425,pi,6.2800,8.8739,-0.1483,-0.1483
4.9475,pi,6.2800,8.8583,-0.1480,-0.1480
4.9525,pi,6.2800,8.8446,-0.1476,-0.1476
4.9574,pi,6.2800,8.8122,-0.1476,-0.1476
4.9625,pi,6.2800,8.7578,-0.1481,-0.1481
4.9674,pi,6.2800,8.7430,-0.1478,-0.1478
4.9725,pi,6.2800,8.7312,-0.1474,-0.1474
4.9775,pi,6.2800,8.7218,-0.1470,-0.1470
4.9824,pi,6.2800,8.7144,-0.1465,-0.1465
4.9875,pi,6.2800,8.6635,-0.1469,-0.1469
4.9925,pi,6.2800,8.6677,-0.1463,-0.1463
4.9975,pi,6.2800,8.6253,-0.1465,-0.1465
5.0025,pi,6.2800,8.6366,-0.1457,-0.1457
5.0075,pi,6.2800,8.6012,-0.1458,-0.1458
5.0125,pi,6.2800,8.5900,-0.1455,-0.1455
5.0174,pi,6.2800,8.6093,-0.1445,-0.1445
5.0224,pi,6.2800,8.5783,-0.1446,-0.1446
5.0275,pi,6.2800,8.5993,-0.1436,-0.1436
5.0325,pi,6.2800,8.5702,-0.1436,-0.1436
5.0374,pi,6.2800,8.5468,-0.1435,-0.1435
5.0424,pi,6.2800,8.5741,-0.1423,-0.1423
5.0475,pi,6.2800,8.5681,-0.1419,-0.1419
5.0525,pi,6.2800,8.5453,-0.1418,-0.1418
5.0575,pi,6.2800,8.5273,-0.1416,-0.1416
5.0624,pi,6.2800,8.5126,-0.1413,-0.1413
5.0675,pi,6.2800,8.5186,-0.1406,-0.1406
5.0725,pi,6.2800,8.5233,-0.1400,-0.1400
5.0775,pi,6.2800,8.4757,-0.1404,-0.1404
5.0826,pi,6.2800,8.4384,-0.1406,-0.1406
5.0875,pi,6.2800,8.4589,-0.1396,-0.1396
5.0925,pi,6.2800,8.4254,-0.1398,-0.1398
5.0975,pi,6.2800,8.3987,-0.1398,-0.1398
5.1025,pi,6.2800,8.3771,-0.1397,-0.1397
5.1075,pi,6.2800,8.3599,-0.1395,-0.1395
5.1126,pi,6.2800,8.3449,-0.1393,-0.1393
5.1177,pi,6.2800,8.2844,-0.1400,-0.1400
5.1226,pi,6.2800,8.2353,-0.1405,-0.1405
5.1274,pi,6.2800,8.2333,-0.1400,-0.1400
5.1325,pi,6.2800,8.2326,-0.1396,-0.1396
5.1375,pi,6.2800,8.2317,-0.1391,-0.1391
5.1425,pi,6.2800,8.1851,-0.1396,-0.1396
5.1477,pi,6.2800,8.1562,-0.1397,-0.1397
5.1532,pi,6.2800,8.1834,-0.1386,-0.1386
5.1581,pi,6.2800,8.1547,-0.1387,-0.1387
5.1629,pi,6.2800,8.1228,-0.1389,-0.1389
5.1674,pi,6.2800,8.1443,-0.1380,-0.1380
5.1725,pi,6.2800,8.1609,-0.1372,-0.1372
5.1776,pi,6.2800,8.1367,-0.1372,-0.1372
5.1825,pi,6.2800,8.1678,-0.1362,-0.1362
5.1875,pi,6.2800,8.1929,-0.1352,-0.1352
5.1925,pi,6.2800,8.2130,-0.1343,-0.1343
5.1976,pi,6.2800,8.2153,-0.1338,-0.1338
5.2029,pi,6.2800,8.1804,-0.1340,-0.1340
5.2085,pi,6.2800,8.1525,-0.1341,-0.1341
5.2132,pi,6.2800,8.1297,-0.1341,-0.1341
5.2178,pi,6.2800,8.1089,-0.1340,-0.1340
5.2241,pi,6.2800,8.0889,-0.1340,-0.1340
5.2290,pi,6.2800,8.0785,-0.1337,-0.1337
5.2340,pi,6.2800,8.0204,-0.1345,-0.1345
5.2385,pi,6.2800,7.9724,-0.1350,-0.1350
5.2430,pi,6.2800,7.9356,-0.1353,-0.1353
5.2483,pi,6.2800,7.9050,-0.1355,-0.1355
5.2533,pi,6.2800,7.9322,-0.1346,-0.1346
5.2581,pi,6.2800,7.9532,-0.1337,-0.1337
5.2630,pi,6.2800,7.9621,-0.1331,-0.1331
5.2675,pi,6.2800,7.9695,-0.1326,-0.1326
5.2725,pi,6.2800,7.9321,-0.1329,-0.1329
5.2775,pi,6.2800,7.9051,-0.1330,-0.1330
5.2825,pi,6.2800,7.8793,-0.1331,-0.1331
5.2878,pi,6.2800,7.8572,-0.1332,-0.1332
5.2926,pi,6.2800,7.8405,-0.1331,-0.1331
5.2975,pi,6.2800,7.8722,-0.1321,-0.1321
5.3025,pi,6.2800,7.8987,-0.1312,-0.1312
5.3075,pi,6.2800,7.8735,-0.1313,-0.1313
5.3125,pi,6.2800,7.8544,-0.1313,-0.1313
5.3175,pi,6.2800,7.8375,-0.1312,-0.1312
5.3225,pi,6.2800,7.8243,-0.1311,-0.1311
5.3275,pi,6.2800,7.8174,-0.1308,-0.1308
5.3325,pi,6.2800,7.8118,-0.1306,-0.1306
5.3375,pi,6.2800,7.8030,-0.1304,-0.1304
5.3425,pi,6.2800,7.7967,-0.1301,-0.1301
5.3475,pi,6.2800,7.7452,-0.1308,-0.1308
5.3525,pi,6.2800,7.7531,-0.1302,-0.1302
5.3575,pi,6.2800,7.7103,-0.1307,-0.1307
5.3625,pi,6.2800,7.7264,-0.1301,-0.1301
5.3674,pi,6.2800,7.7347,-0.1295,-0.1295
5.3726,pi,6.2800,7.7460,-0.1289,-0.1289
5.3775,pi,6.2800,7.7550,-0.1284,-0.1284
5.3825,pi,6.2800,7.7576,-0.1280,-0.1280
5.3875,pi,6.2800,7.7601,-0.1276,-0.1276
5.3926,pi,6.2800,7.7662,-0.1271,-0.1271
5.3975,pi,6.2800,7.7665,-0.1267,-0.1267
5.4025,pi,6.2800,7.7671,-0.1263,-0.1263
5.4075,pi,6.2800,7.7228,-0.1268,-0.1268
5.4125,pi,6.2800,7.6861,-0.1272,-0.1272
5.4174,pi,6.2800,7.6570,-0.1274,-0.1274
5.4224,pi,6.2800,7.6339,-0.1276,-0.1276
5.4275,pi,6.2800,7.6151,-0.1276,-0.1276
5.4325,pi,6.2800,7.6000,-0.1276,-0.1276
5.4375,pi,6.2800,7.5879,-0.1275,-0.1275
5.4425,pi,6.2800,7.5783,-0.1274,-0.1274
5.4475,pi,6.2800,7.5706,-0.1272,-0.1272
5.4525,pi,6.2800,7.5643,-0.1270,-0.1270
5.4575,pi,6.2800,7.5594,-0.1268,-0.1268
5.4625,pi,6.2800,7.5555,-0.1265,-0.1265
5.4675,pi,6.2800,7.5521,-0.1263,-0.1263
5.4725,pi,6.2800,7.5492,-0.1260,-0.1260
5.4775,pi,6.2800,7.4968,-0.1268,-0.1268
5.4825,pi,6.2800,7.5054,-0.1263,-0.1263
5.4875,pi,6.2800,7.4619,-0.1269,-0.1269
5.4925,pi,6.2800,7.4271,-0.1273,-0.1273
5.4975,pi,6.2800,7.3992,-0.1276,-0.1276
5.5025,pi,6.2800,7.3770,-0.1277,-0.1277
5.5075,pi,6.2800,7.3593,-0.1278,-0.1278
5.5125,pi,6.2800,7.3451,-0.1278,-0.1278
5.5175,pi,6.2800,7.3382,-0.1277,-0.1277
5.5225,pi,6.2800,7.3282,-0.1276,-0.1276
5.5275,pi,6.2800,7.3246,-0.1274,-0.1274
5.5325,pi,6.2800,7.3678,-0.1263,-0.1263
5.5375,pi,6.2800,7.3566,-0.1263,-0.1263
5.5425,pi,6.2800,7.3933,-0.1253,-0.1253
5.5475,pi,6.2800,7.4226,-0.1244,-0.1244
5.5525,pi,6.2800,7.4463,-0.1236,-0.1236
5.5575,pi,6.2800,7.4653,-0.1229,-0.1229
5.5625,pi,6.2800,7.4804,-0.1223,-0.1223
5.5675,pi,6.2800,7.4924,-0.1218,-0.1218
5.5725,pi,6.2800,7.4514,-0.1223,-0.1223
5.5775,pi,6.2800,7.4681,-0.1217,-0.1217
5.5825,pi,6.2800,7.4323,-0.1221,-0.1221
5.5875,pi,6.2800,7.4082,-0.1223,-0.1223
5.5925,pi,6.2800,7.3888,-0.1224,-0.1224
5.5976,pi,6.2800,7.3686,-0.1226,-0.1226
5.6025,pi,6.2800,7.3523,-0.1226,-0.1226
5.6074,pi,6.2800,7.3444,-0.1225,-0.1225
5.6124,pi,6.2800,7.3379,-0.1224,-0.1224
5.6176,pi,6.2800,7.2752,-0.1234,-0.1234
5.6225,pi,6.2800,7.2369,-0.1239,-0.1239
5.6275,pi,6.2800,7.2519,-0.1234,-0.1234
5.6325,pi,6.2800,7.2191,-0.1238,-0.1238
5.6375,pi,6.2800,7.2377,-0.1232,-0.1232
5.6425,pi,6.2800,7.2469,-0.1228,-0.1228
5.6476,pi,6.2800,7.2543,-0.1224,-0.1224
5.6525,pi,6.2800,7.2110,-0.1230,-0.1230
5.6575,pi,6.2800,7.1759,-0.1235,-0.1235
5.6625,pi,6.2800,7.1480,-0.1238,-0.1238
5.6675,pi,6.2800,7.1346,-0.1239,-0.1239
5.6725,pi,6.2800,7.1715,-0.1229,-0.1229
5.6776,pi,6.2800,7.1443,-0.1232,-0.1232
5.6825,pi,6.2800,7.1213,-0.1235,-0.1235
5.6875,pi,6.2800,7.1043,-0.1236,-0.1236
5.6925,pi,6.2800,7.1000,-0.1235,-0.1235
5.6975,pi,6.2800,7.0975,-0.1233,-0.1233
5.7025,pi,6.2800,7.0956,-0.1232,-0.1232
5.7075,pi,6.2800,7.1390,-0.1221,-0.1221
5.7125,pi,6.2800,7.1736,-0.1212,-0.1212
5.7175,pi,6.2800,7.2012,-0.1204,-0.1204
5.7226,pi,6.2800,7.1681,-0.1208,-0.1208
5.7275,pi,6.2800,7.1511,-0.1210,-0.1210
5.7325,pi,6.2800,7.1835,-0.1201,-0.1201
5.7375,pi,6.2800,7.2105,-0.1193,-0.1193
5.7425,pi,6.2800,7.2261,-0.1188,-0.1188
5.7475,pi,6.2800,7.1880,-0.1193,-0.1193
5.7525,pi,6.2800,7.1576,-0.1197,-0.1197
5.7575,pi,6.2800,7.1428,-0.1198,-0.1198
5.7625,pi,6.2800,7.1216,-0.1200,-0.1200
5.7675,pi,6.2800,7.1047,-0.1201,-0.1201
5.7725,pi,6.2800,7.0545,-0.1209,-0.1209
5.7775,pi,6.2800,7.0510,-0.1208,-0.1208
5.7825,pi,6.2800,7.0482,-0.1207,-0.1207
5.7874,pi,6.2800,7.0553,-0.1203,-0.1203
5.7925,pi,6.2800,7.0515,-0.1202,-0.1202
5.7975,pi,6.2800,7.0119,-0.1208,-0.1208
5.8026,pi,6.2800,7.0167,-0.1205,-0.1205
5.8074,pi,6.2800,7.0302,-0.1201,-0.1201
5.8125,pi,6.2800,7.0313,-0.1199,-0.1199
5.8175,pi,6.2800,6.9818,-0.1207,-0.1207
5.8225,pi,6.2800,6.9563,-0.1210,-0.1210
5.8275,pi,6.2800,6.9725,-0.1205,-0.1205
5.8325,pi,6.2800,6.9853,-0.1201,-0.1201
5.8375,pi,6.2800,6.9450,-0.1207,-0.1207
5.8425,pi,6.2800,6.9264,-0.1210,-0.1210
5.8475,pi,6.2800,6.9122,-0.1211,-0.1211
5.8526,pi,6.2800,6.9464,-0.1202,-0.1202
5.8575,pi,6.2800,6.9644,-0.1197,-0.1197
5.8625,pi,6.2800,6.9424,-0.1200,-0.1200
5.8675,pi,6.2800,6.9250,-0.1202,-0.1202
5.8725,pi,6.2800,6.9569,-0.1193,-0.1193
5.8775,pi,6.2800,6.9823,-0.1187,-0.1187
5.8825,pi,6.2800,6.9932,-0.1183,-0.1183
5.8875,pi,6.2800,7.0019,-0.1179,-0.1179
5.8924,pi,6.2800,7.0182,-0.1174,-0.1174
5.8975,pi,6.2800,7.0219,-0.1171,-0.1171
5.9024,pi,6.2800,6.9886,-0.1176,-0.1176
5.9075,pi,6.2800,6.9619,-0.1180,-0.1180
5.9125,pi,6.2800,6.9407,-0.1183,-0.1183
5.9175,pi,6.2800,6.9694,-0.1175,-0.1175
5.9225,pi,6.2800,6.9325,-0.1181,-0.1181
5.9275,pi,6.2800,6.9170,-0.1182,-0.1182
5.9325,pi,6.2800,6.9045,-0.1183,-0.1183
5.9375,pi,6.2800,6.8948,-0.1184,-0.1184
5.9425,pi,6.2800,6.8729,-0.1187,-0.1187
5.9475,pi,6.2800,6.8693,-0.1186,-0.1186
5.9525,pi,6.2800,6.8665,-0.1185,-0.1185
5.9575,pi,6.2800,6.8641,-0.1184,-0.1184
5.9625,pi,6.2800,6.8479,-0.1186,-0.1186
5.9675,pi,6.2800,6.8347,-0.1187,-0.1187
5.9725,pi,6.2800,6.8750,-0.1177,-0.1177
5.9776,pi,6.2800,6.9073,-0.1169,-0.1169
5.9825,pi,6.2800,6.8828,-0.1173,-0.1173
5.9874,pi,6.2800,6.8774,-0.1172,-0.1172
5.9924,pi,6.2800,6.8730,-0.1172,-0.1172
5.9975,pi,6.2800,6.8696,-0.1171,-0.1171
6.0025,pi,6.2800,6.8666,-0.1170,-0.1170
6.0075,pi,6.2800,6.8644,-0.1169,-0.1169
6.0125,pi,6.2800,6.9083,-0.1159,-0.1159
6.0175,pi,6.2800,6.8979,-0.1159,-0.1159
6.0225,pi,6.2800,6.8897,-0.1159,-0.1159
6.0275,pi,6.2800,6.8829,-0.1159,-0.1159
6.0325,pi,6.2800,6.9136,-0.1152,-0.1152
6.0375,pi,6.2800,6.8867,-0.1155,-0.1155
6.0425,pi,6.2800,6.8662,-0.1158,-0.1158
6.0475,pi,6.2800,6.9001,-0.1150,-0.1150
6.0525,pi,6.2800,6.8771,-0.1153,-0.1153
6.0575,pi,6.2800,6.8586,-0.1155,-0.1155
6.0625,pi,6.2800,6.8438,-0.1157,-0.1157
6.0676,pi,6.2800,6.8321,-0.1158,-0.1158
6.0725,pi,6.2800,6.8227,-0.1158,-0.1158
6.0775,pi,6.2800,6.8292,-0.1155,-0.1155
6.0825,pi,6.2800,6.7883,-0.1162,-0.1162
6.0875,pi,6.2800,6.7561,-0.1168,-0.1168
6.0925,pi,6.2800,6.7766,-0.1162,-0.1162
6.0975,pi,6.2800,6.7281,-0.1171,-0.1171
6.1025,pi,6.2800,6.7395,-0.1167,-0.1167
6.1075,pi,6.2800,6.7487,-0.1164,-0.1164
6.1125,pi,6.2800,6.7058,-0.1172,-0.1172
6.1176,pi,6.2800,6.7213,-0.1168,-0.1168
6.1226,pi,6.2800,6.7480,-0.1161,-0.1161
6.1276,pi,6.2800,6.7039,-0.1169,-0.1169
6.1327,pi,6.2800,6.7197,-0.1165,-0.1165
6.1378,pi,6.2800,6.7322,-0.1161,-0.1161
6.1425,pi,6.2800,6.6924,-0.1168,-0.1168
6.1475,pi,6.2800,6.7109,-0.1163,-0.1163
6.1525,pi,6.2800,6.7258,-0.1159,-0.1159
6.1575,pi,6.2800,6.7376,-0.1156,-0.1156
6.1626,pi,6.2800,6.7963,-0.1143,-0.1143
6.1675,pi,6.2800,6.7942,-0.1142,-0.1142
6.1724,pi,6.2800,6.7923,-0.1141,-0.1141
6.1775,pi,6.2800,6.7587,-0.1146,-0.1146
6.1825,pi,6.2800,6.7785,-0.1141,-0.1141
6.1875,pi,6.2800,6.7942,-0.1137,-0.1137
6.1925,pi,6.2800,6.7609,-0.1142,-0.1142
6.1976,pi,6.2800,6.7798,-0.1137,-0.1137
6.2034,pi,6.2800,6.7803,-0.1136,-0.1136
6.2083,pi,6.2800,6.7309,-0.1145,-0.1145
6.2130,pi,6.2800,6.7097,-0.1148,-0.1148
6.2175,pi,6.2800,6.6483,-0.1159,-0.1159
6.2225,pi,6.2800,6.6255,-0.1163,-0.1163
6.2274,pi,6.2800,6.6258,-0.1162,-0.1162
6.2325,pi,6.2800,6.6261,-0.1161,-0.1161
6.2376,pi,6.2800,6.6075,-0.1164,-0.1164
6.2424,pi,6.2800,6.6113,-0.1162,-0.1162
6.2476,pi,6.2800,6.5959,-0.1165,-0.1165
6.2525,pi,6.2800,6.6019,-0.1163,-0.1163
6.2575,pi,6.2800,6.6072,-0.1161,-0.1161
6.2625,pi,6.2800,6.6113,-0.1159,-0.1159
6.2676,pi,6.2800,6.6462,-0.1151,-0.1151
6.2725,pi,6.2800,6.6738,-0.1145,-0.1145
6.2776,pi,6.2800,6.6453,-0.1149,-0.1149
6.2825,pi,6.2800,6.6726,-0.1143,-0.1143
6.2876,pi,6.2800,6.6950,-0.1137,-0.1137
6.2925,pi,6.2800,6.6627,-0.1143,-0.1143
6.2978,pi,6.2800,6.6872,-0.1137,-0.1137
6.3025,pi,6.2800,6.7067,-0.1132,-0.1132
6.3083,pi,6.2800,6.6718,-0.1138,-0.1138
6.3145,pi,6.2800,6.6934,-0.1133,-0.1133
6.3188,pi,6.2800,6.7114,-0.1128,-0.1128
6.3227,pi,6.2800,6.6945,-0.1130,-0.1130
6.3275,pi,6.2800,6.6811,-0.1132,-0.1132
6.3325,pi,6.2800,6.7163,-0.1124,-0.1124
6.3376,pi,6.2800,6.6984,-0.1126,-0.1126
6.3426,pi,6.2800,6.6842,-0.1128,-0.1128
6.3475,pi,6.2800,6.7184,-0.1120,-0.1120
6.3525,pi,6.2800,6.6999,-0.1123,-0.1123
6.3575,pi,6.2800,6.6855,-0.1125,-0.1125
6.3625,pi,6.2800,6.6739,-0.1126,-0.1126
6.3675,pi,6.2800,6.6652,-0.1127,-0.1127
6.3726,pi,6.2800,6.6881,-0.1121,-0.1121
6.3775,pi,6.2800,6.6575,-0.1127,-0.1127
6.3824,pi,6.2800,6.6329,-0.1131,-0.1131
6.3875,pi,6.2800,6.5855,-0.1139,-0.1139
6.3925,pi,6.2800,6.5938,-0.1137,-0.1137
6.3975,pi,6.2800,6.6005,-0.1135,-0.1135
6.4025,pi,6.2800,6.5598,-0.1142,-0.1142
6.4075,pi,6.2800,6.5547,-0.1142,-0.1142
6.4125,pi,6.2800,6.5232,-0.1148,-0.1148
6.4175,pi,6.2800,6.5441,-0.1143,-0.1143
6.4225,pi,6.2800,6.5149,-0.1149,-0.1149
6.4275,pi,6.2800,6.4927,-0.1153,-0.1153
6.4325,pi,6.2800,6.5008,-0.1150,-0.1150
6.4375,pi,6.2800,6.5073,-0.1148,-0.1148
6.4425,pi,6.2800,6.5127,-0.1147,-0.1147
6.4475,pi,6.2800,6.5170,-0.1145,-0.1145
6.4525,pi,6.2800,6.4928,-0.1150,-0.1150
6.4575,pi,6.2800,6.5011,-0.1147,-0.1147
6.4625,pi,6.2800,6.5580,-0.1135,-0.1135
6.4676,pi,6.2800,6.5531,-0.1136,-0.1136
6.4724,pi,6.2800,6.5676,-0.1132,-0.1132
6.4775,pi,6.2800,6.6250,-0.1120,-0.1120
6.4825,pi,6.2800,6.6253,-0.1119,-0.1119
6.4875,pi,6.2800,6.6255,-0.1118,-0.1118
6.4925,pi,6.2800,6.6259,-0.1117,-0.1117
6.4975,pi,6.2800,6.6076,-0.1120,-0.1120
6.5025,pi,6.2800,6.5929,-0.1122,-0.1122
6.5075,pi,6.2800,6.5805,-0.1124,-0.1124
6.5124,pi,6.2800,6.5897,-0.1121,-0.1121
6.5175,pi,6.2800,6.5786,-0.1123,-0.1123
6.5224,pi,6.2800,6.5882,-0.1120,-0.1120
6.5276,pi,6.2800,6.5249,-0.1132,-0.1132
6.5324,pi,6.2800,6.4997,-0.1136,-0.1136
6.5376,pi,6.2800,6.4544,-0.1145,-0.1145
6.5425,pi,6.2800,6.4700,-0.1141,-0.1141
6.5475,pi,6.2800,6.4829,-0.1138,-0.1138
6.5525,pi,6.2800,6.4931,-0.1136,-0.1136
6.5574,pi,6.2800,6.5199,-0.1130,-0.1130
6.5626,pi,6.2800,6.4713,-0.1139,-0.1139
6.5675,pi,6.2800,6.4563,-0.1142,-0.1142
6.5725,pi,6.2800,6.4905,-0.1134,-0.1134
6.5775,pi,6.2800,6.4718,-0.1137,-0.1137
6.5825,pi,6.2800,6.4842,-0.1134,-0.1134
6.5875,pi,6.2800,6.4667,-0.1138,-0.1138
6.5925,pi,6.2800,6.5000,-0.1130,-0.1130
6.5976,pi,6.2800,6.5068,-0.1128,-0.1128
6.6025,pi,6.2800,6.5123,-0.1127,-0.1127
6.6075,pi,6.2800,6.5166,-0.1125,-0.1125
6.6124,pi,6.2800,6.5385,-0.1120,-0.1120
6.6175,pi,6.2800,6.5567,-0.1116,-0.1116
6.6225,pi,6.2800,6.5522,-0.1116,-0.1116
6.6274,pi,6.2800,6.5212,-0.1122,-0.1122
6.6325,pi,6.2800,6.5238,-0.1121,-0.1121
6.6375,pi,6.2800,6.5259,-0.1120,-0.1120
6.6425,pi,6.2800,6.5276,-0.1119,-0.1119
6.6475,pi,6.2800,6.5472,-0.1114,-0.1114
6.6525,pi,6.2800,6.5172,-0.1119,-0.1119
6.6575,pi,6.2800,6.5393,-0.1114,-0.1114
6.6625,pi,6.2800,6.4881,-0.1124,-0.1124
6.6675,pi,6.2800,6.4699,-0.1127,-0.1127
6.6725,pi,6.2800,6.4322,-0.1134,-0.1134
6.6775,pi,6.2800,6.4252,-0.1135,-0.1135
6.6825,pi,6.2800,6.4654,-0.1127,-0.1127
6.6875,pi,6.2800,6.4517,-0.1129,-0.1129
6.6925,pi,6.2800,6.4868,-0.1122,-0.1122
6.6976,pi,6.2800,6.4460,-0.1129,-0.1129
6.7026,pi,6.2800,6.4633,-0.1125,-0.1125
6.7079,pi,6.2800,6.4268,-0.1132,-0.1132
6.7130,pi,6.2800,6.4479,-0.1128,-0.1128
6.7175,pi,6.2800,6.4650,-0.1124,-0.1124
6.7225,pi,6.2800,6.4516,-0.1126,-0.1126
6.7274,pi,6.2800,6.4868,-0.1119,-0.1119
6.7325,pi,6.2800,6.4691,-0.1122,-0.1122
6.7375,pi,6.2800,6.4548,-0.1124,-0.1124
6.7426,pi,6.2800,6.4204,-0.1131,-0.1131
6.7475,pi,6.2800,6.4157,-0.1131,-0.1131
6.7525,pi,6.2800,6.4578,-0.1122,-0.1122
6.7575,pi,6.2800,6.4463,-0.1124,-0.1124
6.7625,pi,6.2800,6.4828,-0.1116,-0.1116
6.7675,pi,6.2800,6.5118,-0.1110,-0.1110
6.7726,pi,6.2800,6.5157,-0.1109,-0.1109
6.7775,pi,6.2800,6.5193,-0.1107,-0.1107
6.7826,pi,6.2800,6.5222,-0.1106,-0.1106
6.7874,pi,6.2800,6.5429,-0.1101,-0.1101
6.7925,pi,6.2800,6.5139,-0.1107,-0.1107
6.7975,pi,6.2800,6.5364,-0.1101,-0.1101
6.8026,pi,6.2800,6.4854,-0.1111,-0.1111
6.8075,pi,6.2800,6.4950,-0.1109,-0.1109
6.8125,pi,6.2800,6.4524,-0.1117,-0.1117
6.8175,pi,6.2800,6.4185,-0.1123,-0.1123
6.8224,pi,6.2800,6.3684,-0.1133,-0.1133
6.8275,pi,6.2800,6.3512,-0.1136,-0.1136
6.8325,pi,6.2800,6.3369,-0.1139,-0.1139
6.8375,pi,6.2800,6.3260,-0.1141,-0.1141
6.8425,pi,6.2800,6.3675,-0.1133,-0.1133
6.8476,pi,6.2800,6.3499,-0.1136,-0.1136
6.8525,pi,6.2800,6.3592,-0.1134,-0.1134
6.8575,pi,6.2800,6.3671,-0.1132,-0.1132
6.8625,pi,6.2800,6.3734,-0.1131,-0.1131
6.8675,pi,6.2800,6.3782,-0.1129,-0.1129
6.8725,pi,6.2800,6.4094,-0.1123,-0.1123
6.8774,pi,6.2800,6.4528,-0.1114,-0.1114
6.8825,pi,6.2800,6.4418,-0.1115,-0.1115
6.8875,pi,6.2800,6.4792,-0.1107,-0.1107
6.8925,pi,6.2800,6.4400,-0.1115,-0.1115
6.8976,pi,6.2800,6.4586,-0.1111,-0.1111
6.9026,pi,6.2800,6.4235,-0.1117,-0.1117
6.9082,pi,6.2800,6.4435,-0.1113,-0.1113
6.9127,pi,6.2800,6.4612,-0.1109,-0.1109
6.9175,pi,6.2800,6.4757,-0.1106,-0.1106
6.9224,pi,6.2800,6.5059,-0.1099,-0.1099
6.9276,pi,6.2800,6.5302,-0.1094,-0.1094
6.9325,pi,6.2800,6.5036,-0.1098,-0.1098
6.9375,pi,6.2800,6.4593,-0.1107,-0.1107
6.9425,pi,6.2800,6.4743,-0.1103,-0.1103
6.9475,pi,6.2800,6.4864,-0.1100,-0.1100
6.9524,pi,6.2800,6.4696,-0.1103,-0.1103
6.9575,pi,6.2800,6.5012,-0.1096,-0.1096
6.9625,pi,6.2800,6.4828,-0.1099,-0.1099
6.9675,pi,6.2800,6.4660,-0.1102,-0.1102
6.9725,pi,6.2800,6.4292,-0.1109,-0.1109
6.9775,pi,6.2800,6.4000,-0.1115,-0.1115
6.9825,pi,6.2800,6.3538,-0.1124,-0.1124
6.9875,pi,6.2800,6.3626,-0.1122,-0.1122
6.9925,pi,6.2800,6.3466,-0.1125,-0.1125
6.9975,pi,6.2800,6.3568,-0.1123,-0.1123
7.0025,pi,6.2800,6.3659,-0.1121,-0.1121
7.0075,pi,6.2800,6.3492,-0.1124,-0.1124
7.0131,pi,6.2800,6.3767,-0.1118,-0.1118
7.0177,pi,6.2800,6.3589,-0.1122,-0.1122
7.0225,pi,6.2800,6.3939,-0.1114,-0.1114
7.0275,pi,6.2800,6.3715,-0.1118,-0.1118
7.0324,pi,6.2800,6.3767,-0.1117,-0.1117
7.0374,pi,6.2800,6.4266,-0.1107,-0.1107
7.0425,pi,6.2800,6.4208,-0.1108,-0.1108
7.0475,pi,6.2800,6.4620,-0.1099,-0.1099
7.0525,pi,6.2800,6.4261,-0.1106,-0.1106
7.0575,pi,6.2800,6.4472,-0.1101,-0.1101
7.0624,pi,6.2800,6.4374,-0.1103,-0.1103
7.0676,pi,6.2800,6.4567,-0.1098,-0.1098
7.0725,pi,6.2800,6.4722,-0.1095,-0.1095
7.0776,pi,6.2800,6.4833,-0.1092,-0.1092
7.0825,pi,6.2800,6.4927,-0.1090,-0.1090
7.0875,pi,6.2800,6.4510,-0.1098,-0.1098
7.0925,pi,6.2800,6.4675,-0.1094,-0.1094
7.0977,pi,6.2800,6.4300,-0.1101,-0.1101
7.1025,pi,6.2800,6.3997,-0.1107,-0.1107
7.1074,pi,6.2800,6.3992,-0.1107,-0.1107
7.1126,pi,6.2800,6.3996,-0.1106,-0.1106
7.1176,pi,6.2800,6.3759,-0.1111,-0.1111
7.1227,pi,6.2800,6.3572,-0.1114,-0.1114
7.1278,pi,6.2800,6.3187,-0.1122,-0.1122
7.1330,pi,6.2800,6.3354,-0.1118,-0.1118
7.1381,pi,6.2800,6.3241,-0.1120,-0.1120
7.1429,pi,6.2800,6.3154,-0.1122,-0.1122
7.1477,pi,6.2800,6.3087,-0.1123,-0.1123
7.1524,pi,6.2800,6.3262,-0.1120,-0.1120
7.1575,pi,6.2800,6.3174,-0.1121,-0.1121
7.1625,pi,6.2800,6.3105,-0.1123,-0.1123
7.1674,pi,6.2800,6.3278,-0.1119,-0.1119
7.1725,pi,6.2800,6.3424,-0.1116,-0.1116
7.1775,pi,6.2800,6.3536,-0.1114,-0.1114
7.1826,pi,6.2800,6.3632,-0.1112,-0.1112
7.1875,pi,6.2800,6.3702,-0.1110,-0.1110
7.1927,pi,6.2800,6.3759,-0.1109,-0.1109
7.1976,pi,6.2800,6.3804,-0.1107,-0.1107
7.2025,pi,6.2800,6.4298,-0.1097,-0.1097
7.2075,pi,6.2800,6.4240,-0.1098,-0.1098
7.2126,pi,6.2800,6.3958,-0.1103,-0.1103
7.2175,pi,6.2800,6.3727,-0.1108,-0.1108
7.2225,pi,6.2800,6.3778,-0.1106,-0.1106
7.2281,pi,6.2800,6.3580,-0.1110,-0.1110
7.2326,pi,6.2800,6.3928,-0.1103,-0.1103
7.2374,pi,6.2800,6.4393,-0.1093,-0.1093
7.2424,pi,6.2800,6.4312,-0.1094,-0.1094
7.2474,pi,6.2800,6.4707,-0.1086,-0.1086
7.2525,pi,6.2800,6.4564,-0.1089,-0.1089
7.2575,pi,6.2800,6.4720,-0.1085,-0.1085
7.2625,pi,6.2800,6.4844,-0.1082,-0.1082
7.2675,pi,6.2800,6.5126,-0.1076,-0.1076
7.2725,pi,6.2800,6.4664,-0.1084,-0.1084
7.2774,pi,6.2800,6.4523,-0.1087,-0.1087
7.2826,pi,6.2800,6.4179,-0.1093,-0.1093
7.2874,pi,6.2800,6.4142,-0.1094,-0.1094
7.2926,pi,6.2800,6.3879,-0.1099,-0.1099
7.2975,pi,6.2800,6.3668,-0.1103,-0.1103
7.3027,pi,6.2800,6.3496,-0.1106,-0.1106
7.3075,pi,6.2800,6.3360,-0.1109,-0.1109
7.3125,pi,6.2800,6.3028,-0.1115,-0.1115
7.3175,pi,6.2800,6.2989,-0.1116,-0.1116
7.3226,pi,6.2800,6.2955,-0.1117,-0.1117
7.3276,pi,6.2800,6.2926,-0.1117,-0.1117
7.3326,pi,6.2800,6.3131,-0.1113,-0.1113
7.3376,pi,6.2800,6.3066,-0.1114,-0.1114
7.3425,pi,6.2800,6.3512,-0.1105,-0.1105
7.3475,pi,6.2800,6.3603,-0.1103,-0.1103
7.3526,pi,6.2800,6.3676,-0.1101,-0.1101
7.3574,pi,6.2800,6.3738,-0.1100,-0.1100
7.3625,pi,6.2800,6.3792,-0.1099,-0.1099
7.3675,pi,6.2800,6.3829,-0.1098,-0.1098
7.3725,pi,6.2800,6.3862,-0.1097,-0.1097
7.3775,pi,6.2800,6.3890,-0.1096,-0.1096
7.3825,pi,6.2800,6.3912,-0.1095,-0.1095
7.3875,pi,6.2800,6.3932,-0.1094,-0.1094
7.3925,pi,6.2800,6.3947,-0.1094,-0.1094
7.3975,pi,6.2800,6.3965,-0.1093,-0.1093
7.4025,pi,6.2800,6.3969,-0.1093,-0.1093
7.4075,pi,6.2800,6.3975,-0.1092,-0.1092
7.4125,pi,6.2800,6.3745,-0.1097,-0.1097
7.4175,pi,6.2800,6.4063,-0.1090,-0.1090
7.4225,pi,6.2800,6.3813,-0.1095,-0.1095
7.4275,pi,6.2800,6.4116,-0.1088,-0.1088
7.4325,pi,6.2800,6.3856,-0.1093,-0.1093
7.4375,pi,6.2800,6.3646,-0.1097,-0.1097
7.4425,pi,6.2800,6.3479,-0.1101,-0.1101
7.4475,pi,6.2800,6.3347,-0.1103,-0.1103
7.4525,pi,6.2800,6.3241,-0.1105,-0.1105
7.4575,pi,6.2800,6.3156,-0.1107,-0.1107
7.4625,pi,6.2800,6.3088,-0.1108,-0.1108
7.4676,pi,6.2800,6.3036,-0.1109,-0.1109
7.4725,pi,6.2800,6.2991,-0.1110,-0.1110
7.4774,pi,6.2800,6.3190,-0.1106,-0.1106
7.4825,pi,6.2800,6.3619,-0.1097,-0.1097
7.4874,pi,6.2800,6.3695,-0.1095,-0.1095
7.4925,pi,6.2800,6.3292,-0.1103,-0.1103
7.4975,pi,6.2800,6.3430,-0.1100,-0.1100
7.5025,pi,6.2800,6.3540,-0.1098,-0.1098
7.5075,pi,6.2800,6.3398,-0.1101,-0.1101
7.5125,pi,6.2800,6.3786,-0.1093,-0.1093
7.5176,pi,6.2800,6.3592,-0.1096,-0.1096
7.5225,pi,6.2800,6.3670,-0.1094,-0.1094
7.5275,pi,6.2800,6.3499,-0.1098,-0.1098
7.5324,pi,6.2800,6.3593,-0.1096,-0.1096
7.5376,pi,6.2800,6.3438,-0.1099,-0.1099
7.5424,pi,6.2800,6.3542,-0.1096,-0.1096
7.5475,pi,6.2800,6.3630,-0.1094,-0.1094
7.5525,pi,6.2800,6.3470,-0.1097,-0.1097
7.5575,pi,6.2800,6.3340,-0.1100,-0.1100
7.5625,pi,6.2800,6.3466,-0.1097,-0.1097
7.5677,pi,6.2800,6.3335,-0.1100,-0.1100
7.5727,pi,6.2800,6.3234,-0.1102,-0.1102
7.5778,pi,6.2800,6.3150,-0.1103,-0.1103
7.5824,pi,6.2800,6.3085,-0.1104,-0.1104
7.5874,pi,6.2800,6.2806,-0.1110,-0.1110
7.5924,pi,6.2800,6.3042,-0.1105,-0.1105
7.5975,pi,6.2800,6.2772,-0.1111,-0.1111
7.6024,pi,6.2800,6.3016,-0.1106,-0.1106
7.6075,pi,6.2800,6.2752,-0.1111,-0.1111
7.6125,pi,6.2800,6.2999,-0.1106,-0.1106
7.6175,pi,6.2800,6.2731,-0.1111,-0.1111
7.6230,pi,6.2800,6.2747,-0.1111,-0.1111
7.6286,pi,6.2800,6.3251,-0.1101,-0.1101
7.6327,pi,6.2800,6.3168,-0.1102,-0.1102
7.6374,pi,6.2800,6.3331,-0.1099,-0.1099
7.6425,pi,6.2800,6.3231,-0.1101,-0.1101
7.6475,pi,6.2800,6.3380,-0.1098,-0.1098
7.6525,pi,6.2800,6.3499,-0.1095,-0.1095
7.6574,pi,6.2800,6.3595,-0.1093,-0.1093
7.6625,pi,6.2800,6.3672,-0.1091,-0.1091
7.6676,pi,6.2800,6.3729,-0.1090,-0.1090
7.6729,pi,6.2800,6.3541,-0.1093,-0.1093
7.6779,pi,6.2800,6.3628,-0.1092,-0.1092
7.6828,pi,6.2800,6.3462,-0.1095,-0.1095
7.6874,pi,6.2800,6.3334,-0.1097,-0.1097
7.6924,pi,6.2800,6.3007,-0.1104,-0.1104
7.6975,pi,6.2800,6.2970,-0.1104,-0.1104
7.7024,pi,6.2800,6.2714,-0.1109,-0.1109
7.7075,pi,6.2800,6.2967,-0.1104,-0.1104
7.7125,pi,6.2800,6.2711,-0.1109,-0.1109
7.7175,pi,6.2800,6.2733,-0.1109,-0.1109
7.7225,pi,6.2800,6.2521,-0.1113,-0.1113
7.7275,pi,6.2800,6.2823,-0.1107,-0.1107
7.7325,pi,6.2800,6.3058,-0.1103,-0.1103
7.7374,pi,6.2800,6.3249,-0.1099,-0.1099
7.7425,pi,6.2800,6.3162,-0.1100,-0.1100
7.7476,pi,6.2800,6.3092,-0.1102,-0.1102
7.7525,pi,6.2800,6.3538,-0.1093,-0.1093
7.7574,pi,6.2800,6.3393,-0.1095,-0.1095
7.7626,pi,6.2800,6.3277,-0.1097,-0.1097
7.7675,pi,6.2800,6.3409,-0.1095,-0.1095
7.7725,pi,6.2800,6.3526,-0.1092,-0.1092
7.7775,pi,6.2800,6.3384,-0.1095,-0.1095
7.7825,pi,6.2800,6.3273,-0.1097,-0.1097
7.7875,pi,6.2800,6.3179,-0.1099,-0.1099
7.7926,pi,6.2800,6.3610,-0.1090,-0.1090
7.7975,pi,6.2800,6.3449,-0.1093,-0.1093
7.8025,pi,6.2800,6.3556,-0.1091,-0.1091
7.8075,pi,6.2800,6.3186,-0.1098,-0.1098
7.8125,pi,6.2800,6.3347,-0.1095,-0.1095
7.8182,pi,6.2800,6.3240,-0.1097,-0.1097
7.8243,pi,6.2800,6.3114,-0.1099,-0.1099
7.8292,pi,6.2800,6.3041,-0.1100,-0.1100
7.8353,pi,6.2800,6.2981,-0.1102,-0.1102
7.8417,pi,6.2800,6.2943,-0.1102,-0.1102
7.8486,pi,6.2800,6.2893,-0.1103,-0.1103
7.8539,pi,6.2800,6.2856,-0.1104,-0.1104
7.8594,pi,6.2800,6.2838,-0.1104,-0.1104
7.8644,pi,6.2800,6.2824,-0.1105,-0.1105
7.8702,pi,6.2800,6.2813,-0.1105,-0.1105
7.8753,pi,6.2800,6.2784,-0.1105,-0.1105
7.8800,pi,6.2800,6.3017,-0.1101,-0.1101
7.8873,pi,6.2800,6.2789,-0.1105,-0.1105
7.8943,pi,6.2800,6.2770,-0.1106,-0.1106
7.8994,pi,6.2800,6.2761,-0.1106,-0.1106
7.9042,pi,6.2800,6.2767,-0.1106,-0.1106
7.9092,pi,6.2800,6.2569,-0.1110,-0.1110
7.9149,pi,6.2800,6.2873,-0.1104,-0.1104
7.9202,pi,6.2800,6.2642,-0.1108,-0.1108
7.9249,pi,6.2800,6.2640,-0.1108,-0.1108
7.9325,pi,6.2800,6.2437,-0.1113,-0.1113
7.9391,pi,6.2800,6.2771,-0.1106,-0.1106
7.9441,pi,6.2800,6.2762,-0.1106,-0.1106
7.9509,pi,6.2800,6.2774,-0.1106,-0.1106
7.9570,pi,6.2800,6.2762,-0.1106,-0.1106
7.9635,pi,6.2800,6.3010,-0.1101,-0.1101
7.9714,pi,6.2800,6.2962,-0.1102,-0.1102
7.9775,pi,6.2800,6.3269,-0.1096,-0.1096
7.9829,pi,6.2800,6.3425,-0.1092,-0.1092
7.9882,pi,6.2800,6.3301,-0.1095,-0.1095
7.9925,pi,6.2800,6.2935,-0.1102,-0.1102
7.9967,pi,6.2800,6.3192,-0.1097,-0.1097
8.0012,pi,6.2800,6.3333,-0.1094,-0.1094
8.0054,pi,6.2800,6.3460,-0.1091,-0.1091
8.0099,pi,6.2800,6.3600,-0.1088,-0.1088
8.0141,pi,6.2800,6.3867,-0.1082,-0.1082
8.0182,pi,6.2800,6.3898,-0.1082,-0.1082
8.0223,pi,6.2800,6.3683,-0.1086,-0.1086
8.0263,pi,6.2800,6.3287,-0.1093,-0.1093
8.0304,pi,6.2800,6.3445,-0.1090,-0.1090
8.0345,pi,6.2800,6.4033,-0.1078,-0.1078
8.0386,pi,6.2800,6.4238,-0.1074,-0.1074
8.0426,pi,6.2800,6.3946,-0.1079,-0.1079
8.0467,pi,6.2800,6.3960,-0.1079,-0.1079
8.0508,pi,6.2800,6.4007,-0.1077,-0.1077
8.0549,pi,6.2800,6.4004,-0.1077,-0.1077
8.0591,pi,6.2800,6.4250,-0.1072,-0.1072
8.0632,pi,6.2800,6.3972,-0.1077,-0.1077
8.0673,pi,6.2800,6.3973,-0.1077,-0.1077
8.0715,pi,6.2800,6.3971,-0.1077,-0.1077
8.0758,pi,6.2800,6.3235,-0.1091,-0.1091
8.0801,pi,6.2800,6.2926,-0.1097,-0.1097
8.0843,pi,6.2800,6.3141,-0.1093,-0.1093
8.0885,pi,6.2800,6.3312,-0.1089,-0.1089
8.0927,pi,6.2800,6.2711,-0.1101,-0.1101
8.0977,pi,6.2800,6.2508,-0.1106,-0.1106
8.1026,pi,6.2800,6.2806,-0.1100,-0.1100
8.1076,pi,6.2800,6.2615,-0.1103,-0.1103
8.1125,pi,6.2800,6.2153,-0.1113,-0.1113
8.1177,pi,6.2800,6.2242,-0.1111,-0.1111
8.1227,pi,6.2800,6.2580,-0.1105,-0.1105
8.1277,pi,6.2800,6.2629,-0.1104,-0.1104
8.1326,pi,6.2800,6.2162,-0.1113,-0.1113
8.1375,pi,6.2800,6.2294,-0.1111,-0.1111
8.1425,pi,6.2800,6.2632,-0.1104,-0.1104
8.1478,pi,6.2800,6.2905,-0.1098,-0.1098
8.1526,pi,6.2800,6.2889,-0.1099,-0.1099
8.1576,pi,6.2800,6.2876,-0.1099,-0.1099
8.1625,pi,6.2800,6.3097,-0.1094,-0.1094
8.1675,pi,6.2800,6.3275,-0.1091,-0.1091
8.1725,pi,6.2800,6.3465,-0.1087,-0.1087
8.1775,pi,6.2800,6.3106,-0.1094,-0.1094
8.1825,pi,6.2800,6.3285,-0.1090,-0.1090
8.1876,pi,6.2800,6.3698,-0.1082,-0.1082
8.1932,pi,6.2800,6.3519,-0.1085,-0.1085
8.1979,pi,6.2800,6.3880,-0.1078,-0.1078
8.2028,pi,6.2800,6.3669,-0.1082,-0.1082
8.2079,pi,6.2800,6.3995,-0.1075,-0.1075
8.2127,pi,6.2800,6.3762,-0.1079,-0.1079
8.2175,pi,6.2800,6.3805,-0.1078,-0.1078
8.2226,pi,6.2800,6.3609,-0.1082,-0.1082
8.2275,pi,6.2800,6.3448,-0.1085,-0.1085
8.2325,pi,6.2800,6.3559,-0.1082,-0.1082
8.2375,pi,6.2800,6.3645,-0.1081,-0.1081
8.2425,pi,6.2800,6.3260,-0.1088,-0.1088
8.2476,pi,6.2800,6.2950,-0.1094,-0.1094
8.2525,pi,6.2800,6.2700,-0.1099,-0.1099
8.2575,pi,6.2800,6.2957,-0.1094,-0.1094
8.2625,pi,6.2800,6.2715,-0.1099,-0.1099
8.2676,pi,6.2800,6.2726,-0.1099,-0.1099
8.2725,pi,6.2800,6.2521,-0.1103,-0.1103
8.2775,pi,6.2800,6.2812,-0.1097,-0.1097
8.2825,pi,6.2800,6.2813,-0.1097,-0.1097
8.2876,pi,6.2800,6.2308,-0.1107,-0.1107
8.2925,pi,6.2800,6.2408,-0.1105,-0.1105
8.2975,pi,6.2800,6.2994,-0.1094,-0.1094
8.3025,pi,6.2800,6.3188,-0.1090,-0.1090
8.3075,pi,6.2800,6.3348,-0.1086,-0.1086
8.3125,pi,6.2800,6.3019,-0.1093,-0.1093
8.3175,pi,6.2800,6.3212,-0.1089,-0.1089
8.3225,pi,6.2800,6.2918,-0.1095,-0.1095
8.3275,pi,6.2800,6.3130,-0.1090,-0.1090
8.3326,pi,6.2800,6.3062,-0.1092,-0.1092
8.3375,pi,6.2800,6.3515,-0.1083,-0.1083
8.3425,pi,6.2800,6.3608,-0.1080,-0.1080
8.3475,pi,6.2800,6.3683,-0.1079,-0.1079
8.3526,pi,6.2800,6.4006,-0.1072,-0.1072
8.3575,pi,6.2800,6.3772,-0.1076,-0.1076
8.3626,pi,6.2800,6.3582,-0.1080,-0.1080
8.3677,pi,6.2800,6.3423,-0.1083,-0.1083
8.3726,pi,6.2800,6.3297,-0.1085,-0.1085
8.3780,pi,6.2800,6.3195,-0.1087,-0.1087
8.3826,pi,6.2800,6.2890,-0.1093,-0.1093
8.3879,pi,6.2800,6.2875,-0.1094,-0.1094
8.3925,pi,6.2800,6.2860,-0.1094,-0.1094
8.3976,pi,6.2800,6.2852,-0.1094,-0.1094
8.4025,pi,6.2800,6.2617,-0.1099,-0.1099
8.4076,pi,6.2800,6.2155,-0.1108,-0.1108
8.4129,pi,6.2800,6.1784,-0.1116,-0.1116
8.4193,pi,6.2800,6.0980,-0.1133,-0.1133
8.4245,pi,6.2800,6.0317,-0.1147,-0.1147
8.4297,pi,6.2800,5.9599,-0.1161,-0.1161
8.4347,pi,6.2800,5.8729,-0.1180,-0.1180
8.4399,pi,6.2800,5.7952,-0.1197,-0.1197
8.4452,pi,6.2800,5.6833,-0.1221,-0.1221
8.4502,pi,6.2800,5.5553,-0.1248,-0.1248
8.4555,pi,6.2800,5.4493,-0.1271,-0.1271
8.4603,pi,6.2800,5.3632,-0.1291,-0.1291
8.4653,pi,6.2800,5.2963,-0.1307,-0.1307
8.4709,pi,6.2800,5.2317,-0.1322,-0.1322
8.4761,pi,6.2800,5.1801,-0.1335,-0.1335
8.4802,pi,6.2800,5.1383,-0.1346,-0.1346
8.4844,pi,6.2800,5.1169,-0.1354,-0.1354
8.4882,pi,6.2800,5.1001,-0.1360,-0.1360
8.4926,pi,6.2800,5.0859,-0.1366,-0.1366
8.4974,pi,6.2800,5.1246,-0.1361,-0.1361
8.5024,pi,6.2800,5.1519,-0.1358,-0.1358
8.5075,pi,6.2800,5.2192,-0.1347,-0.1347
8.5125,pi,6.2800,5.3193,-0.1330,-0.1330
8.5175,pi,6.2800,5.4442,-0.1307,-0.1307
8.5225,pi,6.2800,5.5523,-0.1287,-0.1287
8.5275,pi,6.2800,5.6884,-0.1261,-0.1261
8.5333,pi,6.2800,5.8572,-0.1229,-0.1229
8.5383,pi,6.2800,6.0422,-0.1192,-0.1192
8.5426,pi,6.2800,6.2043,-0.1160,-0.1160
8.5479,pi,6.2800,6.3203,-0.1137,-0.1137
8.5533,pi,6.2800,6.4624,-0.1108,-0.1108
8.5581,pi,6.2800,6.5253,-0.1095,-0.1095
8.5630,pi,6.2800,6.5755,-0.1084,-0.1084
8.5684,pi,6.2800,6.5657,-0.1085,-0.1085
8.5732,pi,6.2800,6.5580,-0.1086,-0.1086
8.5779,pi,6.2800,6.5005,-0.1097,-0.1097
8.5828,pi,6.2800,6.4062,-0.1115,-0.1115
8.5883,pi,6.2800,6.2793,-0.1141,-0.1141
8.5930,pi,6.2800,6.1285,-0.1171,-0.1171
8.5978,pi,6.2800,6.0079,-0.1196,-0.1196
8.6027,pi,6.2800,5.9026,-0.1218,-0.1218
8.6079,pi,6.2800,5.7277,-0.1254,-0.1254
8.6137,pi,6.2800,5.5418,-0.1294,-0.1294
8.6177,pi,6.2800,5.3490,-0.1334,-0.1334
8.6225,pi,6.2800,5.1483,-0.1377,-0.1377
8.6275,pi,6.2800,4.9884,-0.1413,-0.1413
8.6327,pi,6.2800,4.8138,-0.1451,-0.1451
8.6375,pi,6.2800,4.6746,-0.1483,-0.1483
8.6424,pi,6.2800,4.5638,-0.1509,-0.1509
8.6476,pi,6.2800,4.4745,-0.1532,-0.1532
8.6525,pi,6.2800,4.4030,-0.1551,-0.1551
8.6575,pi,6.2800,4.3456,-0.1567,-0.1567
8.6625,pi,6.2800,4.3455,-0.1572,-0.1572
8.6675,pi,6.2800,4.4370,-0.1558,-0.1558
8.6726,pi,6.2800,4.5552,-0.1539,-0.1539
8.6775,pi,6.2800,4.6996,-0.1514,-0.1514
8.6826,pi,6.2800,4.8556,-0.1486,-0.1486
8.6881,pi,6.2800,5.0912,-0.1442,-0.1442
8.6930,pi,6.2800,5.3284,-0.1397,-0.1397
8.6974,pi,6.2800,5.5687,-0.1351,-0.1351
8.7024,pi,6.2800,5.8116,-0.1304,-0.1304
8.7074,pi,6.2800,6.0201,-0.1262,-0.1262
8.7126,pi,6.2800,6.2235,-0.1222,-0.1222
8.7175,pi,6.2800,6.3952,-0.1187,-0.1187
8.7225,pi,6.2800,6.4871,-0.1168,-0.1168
8.7274,pi,6.2800,6.5608,-0.1153,-0.1153
8.7324,pi,6.2800,6.6205,-0.1140,-0.1140
8.7375,pi,6.2800,6.6220,-0.1139,-0.1139
8.7424,pi,6.2800,6.5782,-0.1147,-0.1147
8.7475,pi,6.2800,6.4973,-0.1163,-0.1163
8.7527,pi,6.2800,6.3404,-0.1194,-0.1194
8.7575,pi,6.2800,6.1264,-0.1237,-0.1237
8.7626,pi,6.2800,5.9066,-0.1282,-0.1282
8.7679,pi,6.2800,5.7311,-0.1318,-0.1318
8.7726,pi,6.2800,5.5383,-0.1359,-0.1359
8.7775,pi,6.2800,5.2857,-0.1412,-0.1412
8.7824,pi,6.2800,5.0833,-0.1455,-0.1455
8.7875,pi,6.2800,4.8704,-0.1501,-0.1501
8.7924,pi,6.2800,4.7005,-0.1539,-0.1539
8.7975,pi,6.2800,4.5642,-0.1571,-0.1571
8.8025,pi,6.2800,4.5056,-0.1587,-0.1587
8.8074,pi,6.2800,4.4725,-0.1598,-0.1598
8.8126,pi,6.2800,4.4320,-0.1611,-0.1611
8.8175,pi,6.2800,4.4002,-0.1622,-0.1622
8.8225,pi,6.2800,4.3880,-0.1629,-0.1629
8.8275,pi,6.2800,4.4247,-0.1626,-0.1626
8.8325,pi,6.2800,4.4947,-0.1617,-0.1617
8.8375,pi,6.2800,4.6011,-0.1600,-0.1600
8.8425,pi,6.2800,4.7362,-0.1577,-0.1577
8.8475,pi,6.2800,4.8400,-0.1560,-0.1560
8.8525,pi,6.2800,4.9688,-0.1537,-0.1537
8.8575,pi,6.2800,5.0719,-0.1519,-0.1519
8.8625,pi,6.2800,5.1543,-0.1506,-0.1506
8.8675,pi,6.2800,5.2664,-0.1486,-0.1486
8.8725,pi,6.2800,5.4013,-0.1461,-0.1461
8.8775,pi,6.2800,5.4771,-0.1448,-0.1448
8.8825,pi,6.2800,5.5377,-0.1438,-0.1438
8.8874,pi,6.2800,5.6183,-0.1423,-0.1423
8.8925,pi,6.2800,5.6506,-0.1418,-0.1418
8.8975,pi,6.2800,5.6766,-0.1415,-0.1415
8.9025,pi,6.2800,5.6470,-0.1422,-0.1422
8.9075,pi,6.2800,5.6232,-0.1429,-0.1429
8.9125,pi,6.2800,5.6043,-0.1434,-0.1434
8.9175,pi,6.2800,5.5892,-0.1439,-0.1439
8.9225,pi,6.2800,5.5256,-0.1453,-0.1453
8.9275,pi,6.2800,5.5263,-0.1455,-0.1455
8.9324,pi,6.2800,5.5178,-0.1459,-0.1459
8.9375,pi,6.2800,5.4698,-0.1470,-0.1470
8.9425,pi,6.2800,5.4314,-0.1480,-0.1480
8.9475,pi,6.2800,5.4006,-0.1488,-0.1488
8.9525,pi,6.2800,5.3715,-0.1497,-0.1497
8.9575,pi,6.2800,5.3481,-0.1504,-0.1504
8.9625,pi,6.2800,5.3297,-0.1510,-0.1510
8.9675,pi,6.2800,5.3193,-0.1514,-0.1514
8.9725,pi,6.2800,5.3063,-0.1519,-0.1519
8.9775,pi,6.2800,5.2969,-0.1523,-0.1523
8.9825,pi,6.2800,5.2425,-0.1537,-0.1537
8.9875,pi,6.2800,5.1992,-0.1548,-0.1548
8.9925,pi,6.2800,5.1647,-0.1558,-0.1558
8.9975,pi,6.2800,5.1371,-0.1566,-0.1566
9.0025,pi,6.2800,5.1149,-0.1574,-0.1574
9.0075,pi,6.2800,5.0966,-0.1580,-0.1580
9.0124,pi,6.2800,5.0827,-0.1586,-0.1586
9.0176,pi,6.2800,5.0714,-0.1591,-0.1591
9.0225,pi,6.2800,5.0623,-0.1596,-0.1596
9.0275,pi,6.2800,5.1053,-0.1591,-0.1591
9.0324,pi,6.2800,5.1353,-0.1587,-0.1587
9.0375,pi,6.2800,5.1593,-0.1585,-0.1585
9.0425,pi,6.2800,5.1830,-0.1583,-0.1583
9.0479,pi,6.2800,5.2513,-0.1572,-0.1572
9.0534,pi,6.2800,5.3057,-0.1564,-0.1564
9.0578,pi,6.2800,5.3500,-0.1557,-0.1557
9.0631,pi,6.2800,5.3847,-0.1553,-0.1553
9.0680,pi,6.2800,5.4121,-0.1549,-0.1549
9.0734,pi,6.2800,5.4842,-0.1537,-0.1537
9.0780,pi,6.2800,5.4915,-0.1538,-0.1538
9.0826,pi,6.2800,5.4983,-0.1538,-0.1538
9.0876,pi,6.2800,5.5043,-0.1539,-0.1539
9.0926,pi,6.2800,5.4585,-0.1550,-0.1550
9.0976,pi,6.2800,5.4176,-0.1560,-0.1560
9.1026,pi,6.2800,5.3407,-0.1578,-0.1578
9.1076,pi,6.2800,5.2324,-0.1602,-0.1602
9.1126,pi,6.2800,5.1461,-0.1622,-0.1622
9.1176,pi,6.2800,5.0767,-0.1639,-0.1639
9.1236,pi,6.2800,5.0208,-0.1654,-0.1654
9.1282,pi,6.2800,4.9317,-0.1675,-0.1675
9.1339,pi,6.2800,4.8503,-0.1695,-0.1695
9.1386,pi,6.2800,4.7322,-0.1722,-0.1722
9.1435,pi,6.2800,4.7405,-0.1724,-0.1724
9.1481,pi,6.2800,4.6963,-0.1737,-0.1737
9.1532,pi,6.2800,4.7115,-0.1738,-0.1738
9.1578,pi,6.2800,4.7739,-0.1729,-0.1729
9.1634,pi,6.2800,4.8237,-0.1723,-0.1723
9.1687,pi,6.2800,4.8639,-0.1719,-0.1719
9.1732,pi,6.2800,4.9419,-0.1706,-0.1706
9.1782,pi,6.2800,5.0572,-0.1687,-0.1687
9.1833,pi,6.2800,5.1442,-0.1672,-0.1672
9.1877,pi,6.2800,5.2117,-0.1661,-0.1661
9.1943,pi,6.2800,5.2750,-0.1651,-0.1651
9.1991,pi,6.2800,5.3623,-0.1636,-0.1636
9.2037,pi,6.2800,5.4782,-0.1614,-0.1614
9.2078,pi,6.2800,5.5710,-0.1598,-0.1598
9.2125,pi,6.2800,5.6458,-0.1584,-0.1584
9.2175,pi,6.2800,5.7058,-0.1574,-0.1574
9.2225,pi,6.2800,5.7537,-0.1565,-0.1565
9.2275,pi,6.2800,5.7460,-0.1568,-0.1568
9.2325,pi,6.2800,5.7039,-0.1578,-0.1578
9.2376,pi,6.2800,5.6601,-0.1589,-0.1589
9.2426,pi,6.2800,5.6256,-0.1597,-0.1597
9.2475,pi,6.2800,5.5977,-0.1604,-0.1604
9.2525,pi,6.2800,5.5301,-0.1620,-0.1620
9.2575,pi,6.2800,5.4756,-0.1633,-0.1633
9.2625,pi,6.2800,5.3861,-0.1653,-0.1653
9.2675,pi,6.2800,5.3141,-0.1670,-0.1670
9.2736,pi,6.2800,5.2387,-0.1688,-0.1688
9.2781,pi,6.2800,5.1996,-0.1698,-0.1698
9.2831,pi,6.2800,5.1143,-0.1718,-0.1718
9.2874,pi,6.2800,5.0508,-0.1734,-0.1734
9.2925,pi,6.2800,4.9549,-0.1756,-0.1756
9.2975,pi,6.2800,4.8780,-0.1775,-0.1775
9.3025,pi,6.2800,4.7567,-0.1803,-0.1803
9.3075,pi,6.2800,4.6736,-0.1824,-0.1824
9.3125,pi,6.2800,4.5615,-0.1850,-0.1850
9.3175,pi,6.2800,4.4722,-0.1873,-0.1873
9.3224,pi,6.2800,4.3547,-0.1901,-0.1901
9.3275,pi,6.2800,4.2231,-0.1932,-0.1932
9.3324,pi,6.2800,4.1103,-0.1960,-0.1960
9.3374,pi,6.2800,4.0198,-0.1984,-0.1984
9.3425,pi,6.2800,3.9013,-0.2014,-0.2014
9.3477,pi,6.2800,3.8246,-0.2035,-0.2035
9.3531,pi,6.2800,3.7908,-0.2048,-0.2048
9.3582,pi,6.2800,3.7357,-0.2066,-0.2066
9.3626,pi,6.2800,3.7425,-0.2071,-0.2071
9.3674,pi,6.2800,3.7710,-0.2071,-0.2071
9.3724,pi,6.2800,3.7937,-0.2073,-0.2073
9.3775,pi,6.2800,3.8576,-0.2066,-0.2066
9.3825,pi,6.2800,3.9910,-0.2045,-0.2045
9.3875,pi,6.2800,4.1476,-0.2019,-0.2019
9.3925,pi,6.2800,4.3227,-0.1989,-0.1989
9.3975,pi,6.2800,4.5089,-0.1956,-0.1956
9.4026,pi,6.2800,4.7133,-0.1919,-0.1919
9.4074,pi,6.2800,4.8665,-0.1892,-0.1892
9.4125,pi,6.2800,5.0364,-0.1861,-0.1861
9.4175,pi,6.2800,5.2350,-0.1824,-0.1824
9.4228,pi,6.2800,5.3942,-0.1795,-0.1795
9.4279,pi,6.2800,5.5709,-0.1761,-0.1761
9.4331,pi,6.2800,5.6625,-0.1744,-0.1744
9.4386,pi,6.2800,5.7351,-0.1731,-0.1731
9.4426,pi,6.2800,5.7932,-0.1721,-0.1721
9.4475,pi,6.2800,5.8683,-0.1707,-0.1707
9.4524,pi,6.2800,5.8829,-0.1705,-0.1705
9.4574,pi,6.2800,5.8496,-0.1713,-0.1713
9.4625,pi,6.2800,5.8220,-0.1719,-0.1719
9.4675,pi,6.2800,5.7634,-0.1732,-0.1732
9.4725,pi,6.2800,5.7069,-0.1745,-0.1745
9.4775,pi,6.2800,5.6169,-0.1765,-0.1765
9.4826,pi,6.2800,5.4974,-0.1791,-0.1791
9.4875,pi,6.2800,5.4042,-0.1811,-0.1811
9.4925,pi,6.2800,5.2855,-0.1838,-0.1838
9.4975,pi,6.2800,5.1429,-0.1869,-0.1869
9.5025,pi,6.2800,4.9687,-0.1907,-0.1907
9.5074,pi,6.2800,4.7976,-0.1945,-0.1945
9.5125,pi,6.2800,4.5918,-0.1990,-0.1990
9.5175,pi,6.2800,4.4271,-0.2028,-0.2028
9.5228,pi,6.2800,4.2443,-0.2070,-0.2070
9.5278,pi,6.2800,4.1493,-0.2094,-0.2094
9.5326,pi,6.2800,4.0511,-0.2119,-0.2119
9.5375,pi,6.2800,3.9272,-0.2150,-0.2150
9.5425,pi,6.2800,3.8454,-0.2172,-0.2172
9.5475,pi,6.2800,3.7798,-0.2192,-0.2192
9.5525,pi,6.2800,3.7274,-0.2208,-0.2208
9.5575,pi,6.2800,3.7359,-0.2213,-0.2213
9.5624,pi,6.2800,3.7198,-0.2223,-0.2223
9.5676,pi,6.2800,3.7294,-0.2227,-0.2227
9.5725,pi,6.2800,3.7602,-0.2227,-0.2227
9.5782,pi,6.2800,3.8311,-0.2219,-0.2219
9.5833,pi,6.2800,3.9192,-0.2208,-0.2208
9.5877,pi,6.2800,4.0398,-0.2189,-0.2189
9.5924,pi,6.2800,4.1902,-0.2164,-0.2164
9.5975,pi,6.2800,4.3118,-0.2145,-0.2145
9.6025,pi,6.2800,4.4549,-0.2121,-0.2121
9.6075,pi,6.2800,4.5693,-0.2102,-0.2102
9.6125,pi,6.2800,4.7606,-0.2068,-0.2068
9.6174,pi,6.2800,4.9047,-0.2042,-0.2042
9.6225,pi,6.2800,5.0215,-0.2022,-0.2022
9.6275,pi,6.2800,5.1599,-0.1997,-0.1997
9.6325,pi,6.2800,5.2707,-0.1978,-0.1978
9.6375,pi,6.2800,5.3594,-0.1962,-0.1962
9.6425,pi,6.2800,5.4309,-0.1950,-0.1950
9.6475,pi,6.2800,5.4001,-0.1958,-0.1958
9.6525,pi,6.2800,5.3754,-0.1965,-0.1965
9.6574,pi,6.2800,5.3055,-0.1982,-0.1982
9.6625,pi,6.2800,5.2502,-0.1996,-0.1996
9.6675,pi,6.2800,5.1048,-0.2028,-0.2028
9.6726,pi,6.2800,4.9377,-0.2064,-0.2064
9.6775,pi,6.2800,4.7546,-0.2105,-0.2105
9.6825,pi,6.2800,4.5574,-0.2149,-0.2149
9.6875,pi,6.2800,4.3495,-0.2195,-0.2195
9.6925,pi,6.2800,4.1835,-0.2233,-0.2233
9.6975,pi,6.2800,4.0324,-0.2269,-0.2269
9.7025,pi,6.2800,3.9113,-0.2299,-0.2299
9.7075,pi,6.2800,3.7824,-0.2331,-0.2331
9.7124,pi,6.2800,3.7113,-0.2352,-0.2352
9.7175,pi,6.2800,3.6090,-0.2379,-0.2379
9.7225,pi,6.2800,3.5267,-0.2402,-0.2402
9.7275,pi,6.2800,3.5070,-0.2413,-0.2413
9.7325,pi,6.2800,3.4452,-0.2433,-0.2433
9.7375,pi,6.2800,3.4417,-0.2441,-0.2441
9.7425,pi,6.2800,3.4846,-0.2439,-0.2439
9.7475,pi,6.2800,3.5416,-0.2434,-0.2434
9.7524,pi,6.2800,3.6101,-0.2427,-0.2427
9.7575,pi,6.2800,3.7106,-0.2414,-0.2414
9.7625,pi,6.2800,3.8368,-0.2395,-0.2395
9.7676,pi,6.2800,3.9238,-0.2383,-0.2383
9.7725,pi,6.2800,4.0438,-0.2365,-0.2365
9.7774,pi,6.2800,4.1490,-0.2349,-0.2349
9.7825,pi,6.2800,4.2241,-0.2339,-0.2339
9.7875,pi,6.2800,4.2839,-0.2332,-0.2332
9.7924,pi,6.2800,4.2953,-0.2335,-0.2335
9.7975,pi,6.2800,4.2404,-0.2351,-0.2351
9.8025,pi,6.2800,4.1964,-0.2365,-0.2365
9.8075,pi,6.2800,4.1109,-0.2387,-0.2387
9.8125,pi,6.2800,4.0428,-0.2407,-0.2407
9.8175,pi,6.2800,3.9652,-0.2428,-0.2428
9.8225,pi,6.2800,3.9490,-0.2437,-0.2437
9.8275,pi,6.2800,3.9130,-0.2450,-0.2450
9.8324,pi,6.2800,3.9071,-0.2457,-0.2457
9.8375,pi,6.2800,3.9940,-0.2446,-0.2446
9.8425,pi,6.2800,4.0635,-0.2437,-0.2437
9.8475,pi,6.2800,4.1647,-0.2422,-0.2422
9.8525,pi,6.2800,4.3370,-0.2393,-0.2393
9.8575,pi,6.2800,4.4751,-0.2370,-0.2370
9.8625,pi,6.2800,4.6357,-0.2342,-0.2342
9.8675,pi,6.2800,4.7595,-0.2321,-0.2321
9.8725,pi,6.2800,4.9502,-0.2286,-0.2286
9.8775,pi,6.2800,5.1483,-0.2249,-0.2249
9.8825,pi,6.2800,5.3068,-0.2220,-0.2220
9.8875,pi,6.2800,5.4793,-0.2187,-0.2187
9.8925,pi,6.2800,5.6173,-0.2161,-0.2161
9.8976,pi,6.2800,5.8517,-0.2115,-0.2115
9.9025,pi,6.2800,6.0378,-0.2079,-0.2079
9.9075,pi,6.2800,6.2876,-0.2029,-0.2029
9.9125,pi,6.2800,6.5879,-0.1968,-0.1968
9.9175,pi,6.2800,6.9293,-0.1898,-0.1898
9.9225,pi,6.2800,7.2517,-0.1831,-0.1831
9.9276,pi,6.2800,7.5604,-0.1766,-0.1766
9.9325,pi,6.2800,7.9075,-0.1693,-0.1693
9.9375,pi,6.2800,8.2358,-0.1622,-0.1622
9.9425,pi,6.2800,8.5481,-0.1554,-0.1554
9.9475,pi,6.2800,8.8029,-0.1497,-0.1497
9.9525,pi,6.2800,9.0078,-0.1449,-0.1449
9.9575,pi,6.2800,9.1666,-0.1410,-0.1410
9.9625,pi,6.2800,9.2932,-0.1377,-0.1377
9.9674,pi,6.2800,9.3993,-0.1348,-0.1348
9.9725,pi,6.2800,9.4392,-0.1332,-0.1332
9.9775,pi,6.2800,9.4707,-0.1318,-0.1318
9.9825,pi,6.2800,9.4362,-0.1317,-0.1317
9.9875,pi,6.2800,9.4224,-0.1312,-0.1312
9.9925,pi,6.2800,9.3660,-0.1316,-0.1316
9.9975,pi,6.2800,9.2520,-0.1331,-0.1331
10.0024,pi,6.2800,9.1837,-0.1337,-0.1337
10.0075,pi,6.2800,9.0834,-0.1350,-0.1350
10.0126,pi,6.2800,9.0259,-0.1355,-0.1355
10.0175,pi,6.2800,8.9290,-0.1368,-0.1368
10.0225,pi,6.2800,8.8342,-0.1380,-0.1380
10.0274,pi,6.2800,8.8041,-0.1380,-0.1380
10.0326,pi,6.2800,8.7340,-0.1388,-0.1388
10.0375,pi,6.2800,8.6781,-0.1393,-0.1393
10.0425,pi,6.2800,8.6334,-0.1396,-0.1396
10.0475,pi,6.2800,8.5976,-0.1398,-0.1398
10.0525,pi,6.2800,8.5357,-0.1404,-0.1404
10.0574,pi,6.2800,8.5197,-0.1402,-0.1402
10.0625,pi,6.2800,8.5068,-0.1399,-0.1399
10.0675,pi,6.2800,8.5143,-0.1392,-0.1392
10.0724,pi,6.2800,8.5029,-0.1389,-0.1389
10.0775,pi,6.2800,8.4607,-0.1392,-0.1392
10.0824,pi,6.2800,8.4135,-0.1396,-0.1396
10.0875,pi,6.2800,8.3759,-0.1398,-0.1398
10.0926,pi,6.2800,8.3080,-0.1406,-0.1406
10.0975,pi,6.2800,8.2546,-0.1412,-0.1412
10.1024,pi,6.2800,8.2489,-0.1408,-0.1408
10.1075,pi,6.2800,8.2452,-0.1404,-0.1404
10.1125,pi,6.2800,8.2047,-0.1407,-0.1407
10.1174,pi,6.2800,8.1630,-0.1411,-0.1411
10.1225,pi,6.2800,8.0848,-0.1422,-0.1422
10.1276,pi,6.2800,8.0742,-0.1420,-0.1420
10.1328,pi,6.2800,8.0676,-0.1417,-0.1417
10.1377,pi,6.2800,8.0617,-0.1413,-0.1413
10.1425,pi,6.2800,8.0485,-0.1412,-0.1412
10.1475,pi,6.2800,8.0389,-0.1409,-0.1409
10.1524,pi,6.2800,8.0767,-0.1397,-0.1397
10.1576,pi,6.2800,8.0697,-0.1394,-0.1394
10.1625,pi,6.2800,8.0639,-0.1391,-0.1391
10.1675,pi,6.2800,8.0594,-0.1387,-0.1387
10.1725,pi,6.2800,8.1059,-0.1373,-0.1373
10.1774,pi,6.2800,8.1295,-0.1364,-0.1364
10.1825,pi,6.2800,8.1052,-0.1364,-0.1364
10.1875,pi,6.2800,8.0839,-0.1364,-0.1364
10.1925,pi,6.2800,8.0672,-0.1363,-0.1363
10.1975,pi,6.2800,8.0620,-0.1360,-0.1360
10.2028,pi,6.2800,8.0569,-0.1356,-0.1356
10.2082,pi,6.2800,8.0526,-0.1352,-0.1352
10.2127,pi,6.2800,8.0495,-0.1349,-0.1349
10.2180,pi,6.2800,8.0470,-0.1345,-0.1345
10.2228,pi,6.2800,7.9943,-0.1351,-0.1351
10.2282,pi,6.2800,8.0030,-0.1345,-0.1345
10.2328,pi,6.2800,8.0099,-0.1339,-0.1339
10.2381,pi,6.2800,8.0150,-0.1334,-0.1334
10.2428,pi,6.2800,8.0191,-0.1329,-0.1329
10.2482,pi,6.2800,8.0231,-0.1324,-0.1324
10.2529,pi,6.2800,7.9260,-0.1339,-0.1339
10.2580,pi,6.2800,7.7973,-0.1361,-0.1361
10.2625,pi,6.2800,7.7467,-0.1367,-0.1367
10.2676,pi,6.2800,7.7067,-0.1372,-0.1372
10.2725,pi,6.2800,7.6745,-0.1375,-0.1375
10.2775,pi,6.2800,7.6495,-0.1376,-0.1376
10.2825,pi,6.2800,7.5825,-0.1386,-0.1386
10.2875,pi,6.2800,7.5746,-0.1385,-0.1385
10.2924,pi,6.2800,7.5691,-0.1383,-0.1383
10.2974,pi,6.2800,7.5649,-0.1380,-0.1380
10.3027,pi,6.2800,7.5605,-0.1378,-0.1378
10.3079,pi,6.2800,7.6026,-0.1366,-0.1366
10.3126,pi,6.2800,7.6830,-0.1347,-0.1347
10.3175,pi,6.2800,7.7008,-0.1340,-0.1340
10.3224,pi,6.2800,7.7602,-0.1324,-0.1324
10.3274,pi,6.2800,7.8078,-0.1311,-0.1311
10.3325,pi,6.2800,7.8454,-0.1299,-0.1299
10.3376,pi,6.2800,7.8338,-0.1298,-0.1298
10.3425,pi,6.2800,7.8251,-0.1295,-0.1295
10.3475,pi,6.2800,7.8179,-0.1293,-0.1293
10.3525,pi,6.2800,7.8078,-0.1291,-0.1291
10.3576,pi,6.2800,7.8035,-0.1288,-0.1288
10.3625,pi,6.2800,7.8004,-0.1285,-0.1285
10.3675,pi,6.2800,7.8468,-0.1272,-0.1272
10.3725,pi,6.2800,7.7853,-0.1280,-0.1280
10.3776,pi,6.2800,7.7857,-0.1277,-0.1277
10.3827,pi,6.2800,7.7351,-0.1283,-0.1283
10.3880,pi,6.2800,7.7461,-0.1277,-0.1277
10.3930,pi,6.2800,7.7546,-0.1272,-0.1272
10.3974,pi,6.2800,7.7618,-0.1267,-0.1267
10.4025,pi,6.2800,7.7674,-0.1262,-0.1262
10.4075,pi,6.2800,7.7676,-0.1258,-0.1258
10.4125,pi,6.2800,7.7692,-0.1254,-0.1254
10.4176,pi,6.2800,7.7696,-0.1250,-0.1250
10.4225,pi,6.2800,7.6794,-0.1265,-0.1265
10.4274,pi,6.2800,7.6974,-0.1258,-0.1258
10.4325,pi,6.2800,7.6203,-0.1270,-0.1270
10.4375,pi,6.2800,7.6049,-0.1270,-0.1270
10.4425,pi,6.2800,7.5468,-0.1278,-0.1278
10.4475,pi,6.2800,7.5001,-0.1284,-0.1284
10.4526,pi,6.2800,7.4576,-0.1290,-0.1290
10.4575,pi,6.2800,7.4235,-0.1294,-0.1294
10.4625,pi,6.2800,7.4011,-0.1295,-0.1295
10.4675,pi,6.2800,7.3833,-0.1296,-0.1296
10.4730,pi,6.2800,7.4140,-0.1287,-0.1287
10.4779,pi,6.2800,7.3881,-0.1290,-0.1290
10.4832,pi,6.2800,7.4173,-0.1281,-0.1281
10.4878,pi,6.2800,7.4413,-0.1273,-0.1273
10.4924,pi,6.2800,7.4613,-0.1266,-0.1266
10.4975,pi,6.2800,7.4772,-0.1260,-0.1260
10.5025,pi,6.2800,7.4898,-0.1255,-0.1255
10.5076,pi,6.2800,7.4997,-0.1250,-0.1250
10.5125,pi,6.2800,7.5075,-0.1245,-0.1245
10.5175,pi,6.2800,7.5135,-0.1241,-0.1241
10.5225,pi,6.2800,7.5186,-0.1237,-0.1237
10.5275,pi,6.2800,7.4773,-0.1242,-0.1242
10.5325,pi,6.2800,7.4904,-0.1236,-0.1236
10.5374,pi,6.2800,7.4556,-0.1240,-0.1240
10.5425,pi,6.2800,7.4724,-0.1234,-0.1234
10.5475,pi,6.2800,7.4353,-0.1238,-0.1238
10.5525,pi,6.2800,7.4056,-0.1242,-0.1242
10.5575,pi,6.2800,7.3817,-0.1244,-0.1244
10.5625,pi,6.2800,7.3679,-0.1244,-0.1244
10.5675,pi,6.2800,7.3568,-0.1243,-0.1243
10.5725,pi,6.2800,7.3481,-0.1242,-0.1242
10.5775,pi,6.2800,7.3409,-0.1241,-0.1241
10.5825,pi,6.2800,7.3356,-0.1239,-0.1239
10.5875,pi,6.2800,7.2851,-0.1247,-0.1247
10.5925,pi,6.2800,7.2353,-0.1255,-0.1255
10.5976,pi,6.2800,7.2457,-0.1250,-0.1250
10.6025,pi,6.2800,7.2588,-0.1245,-0.1245
10.6075,pi,6.2800,7.2695,-0.1240,-0.1240
10.6125,pi,6.2800,7.2731,-0.1237,-0.1237
10.6175,pi,6.2800,7.2761,-0.1234,-0.1234
10.6225,pi,6.2800,7.2833,-0.1230,-0.1230
10.6275,pi,6.2800,7.2338,-0.1238,-0.1238
10.6325,pi,6.2800,7.2036,-0.1241,-0.1241
10.6375,pi,6.2800,7.2252,-0.1235,-0.1235
10.6425,pi,6.2800,7.2425,-0.1229,-0.1229
10.6475,pi,6.2800,7.2565,-0.1224,-0.1224
10.6525,pi,6.2800,7.2679,-0.1219,-0.1219
10.6574,pi,6.2800,7.2769,-0.1215,-0.1215
10.6625,pi,6.2800,7.2839,-0.1211,-0.1211
10.6675,pi,6.2800,7.2848,-0.1208,-0.1208
10.6725,pi,6.2800,7.2349,-0.1216,-0.1216
10.6775,pi,6.2800,7.2043,-0.1219,-0.1219
10.6825,pi,6.2800,7.2211,-0.1214,-0.1214
10.6875,pi,6.2800,7.2346,-0.1209,-0.1209
10.6924,pi,6.2800,7.2500,-0.1203,-0.1203
10.6976,pi,6.2800,7.2071,-0.1209,-0.1209
10.7025,pi,6.2800,7.1731,-0.1214,-0.1214
10.7075,pi,6.2800,7.1458,-0.1217,-0.1217
10.7125,pi,6.2800,7.1239,-0.1219,-0.1219
10.7175,pi,6.2800,7.1065,-0.1221,-0.1221
10.7224,pi,6.2800,7.0562,-0.1229,-0.1229
10.7275,pi,6.2800,7.0616,-0.1226,-0.1226
10.7325,pi,6.2800,7.0566,-0.1225,-0.1225
10.7375,pi,6.2800,7.0619,-0.1222,-0.1222
10.7427,pi,6.2800,7.0564,-0.1221,-0.1221
10.7475,pi,6.2800,7.1024,-0.1210,-0.1210
10.7525,pi,6.2800,7.0894,-0.1210,-0.1210
10.7575,pi,6.2800,7.0787,-0.1211,-0.1211
10.7625,pi,6.2800,7.0795,-0.1208,-0.1208
10.7675,pi,6.2800,7.0803,-0.1206,-0.1206
10.7725,pi,6.2800,7.0714,-0.1206,-0.1206
10.7776,pi,6.2800,7.0644,-0.1206,-0.1206
10.7829,pi,6.2800,7.0582,-0.1205,-0.1205
10.7885,pi,6.2800,7.0531,-0.1204,-0.1204
10.7927,pi,6.2800,7.0588,-0.1201,-0.1201
10.7975,pi,6.2800,7.0179,-0.1207,-0.1207
10.8025,pi,6.2800,7.0216,-0.1205,-0.1205
10.8075,pi,6.2800,7.0340,-0.1200,-0.1200
10.8125,pi,6.2800,7.0346,-0.1198,-0.1198
10.8174,pi,6.2800,7.0443,-0.1194,-0.1194
10.8225,pi,6.2800,7.0520,-0.1191,-0.1191
10.8275,pi,6.2800,7.1041,-0.1178,-0.1178
10.8325,pi,6.2800,7.0999,-0.1177,-0.1177
10.8375,pi,6.2800,7.0973,-0.1176,-0.1176
10.8425,pi,6.2800,7.0952,-0.1174,-0.1174
10.8475,pi,6.2800,7.0472,-0.1182,-0.1182
10.8525,pi,6.2800,7.0546,-0.1178,-0.1178
10.8575,pi,6.2800,7.0511,-0.1177,-0.1177
10.8624,pi,6.2800,7.0575,-0.1174,-0.1174
10.8675,pi,6.2800,7.0030,-0.1183,-0.1183
10.8725,pi,6.2800,6.9594,-0.1190,-0.1190
10.8775,pi,6.2800,6.9246,-0.1195,-0.1195
10.8824,pi,6.2800,6.9106,-0.1197,-0.1197
10.8874,pi,6.2800,6.8995,-0.1197,-0.1197
10.8925,pi,6.2800,6.8767,-0.1200,-0.1200
10.8974,pi,6.2800,6.8722,-0.1200,-0.1200
10.9025,pi,6.2800,6.9144,-0.1190,-0.1190
10.9075,pi,6.2800,6.8885,-0.1193,-0.1193
10.9125,pi,6.2800,6.8677,-0.1196,-0.1196
10.9174,pi,6.2800,6.8652,-0.1195,-0.1195
10.9225,pi,6.2800,6.9090,-0.1185,-0.1185
10.9275,pi,6.2800,6.8843,-0.1188,-0.1188
10.9325,pi,6.2800,6.8645,-0.1191,-0.1191
10.9374,pi,6.2800,6.8624,-0.1190,-0.1190
10.9425,pi,6.2800,6.8973,-0.1181,-0.1181
10.9475,pi,6.2800,6.9251,-0.1174,-0.1174
10.9525,pi,6.2800,6.9111,-0.1175,-0.1175
10.9575,pi,6.2800,6.8999,-0.1176,-0.1176
10.9624,pi,6.2800,6.9368,-0.1167,-0.1167
10.9675,pi,6.2800,6.9063,-0.1171,-0.1171
10.9725,pi,6.2800,6.8811,-0.1175,-0.1175
10.9774,pi,6.2800,6.8755,-0.1175,-0.1175
10.9825,pi,6.2800,6.9171,-0.1165,-0.1165
10.9875,pi,6.2800,6.8907,-0.1168,-0.1168
10.9926,pi,6.2800,6.8693,-0.1171,-0.1171
10.9975,pi,6.2800,6.8663,-0.1170,-0.1170
11.0025,pi,6.2800,6.9003,-0.1162,-0.1162
11.0075,pi,6.2800,6.8772,-0.1165,-0.1165
11.0125,pi,6.2800,6.8727,-0.1165,-0.1165
11.0175,pi,6.2800,6.8689,-0.1164,-0.1164
11.0225,pi,6.2800,6.8660,-0.1163,-0.1163
11.0275,pi,6.2800,6.8644,-0.1162,-0.1162
11.0325,pi,6.2800,6.8486,-0.1164,-0.1164
11.0375,pi,6.2800,6.8359,-0.1165,-0.1165
11.0425,pi,6.2800,6.8396,-0.1163,-0.1163
11.0475,pi,6.2800,6.8288,-0.1163,-0.1163
11.0525,pi,6.2800,6.7699,-0.1174,-0.1174
11.0575,pi,6.2800,6.7730,-0.1172,-0.1172
11.0625,pi,6.2800,6.7754,-0.1170,-0.1170
11.0684,pi,6.2800,6.7764,-0.1169,-0.1169
11.0733,pi,6.2800,6.7767,-0.1168,-0.1168
11.0785,pi,6.2800,6.7776,-0.1166,-0.1166
11.0835,pi,6.2800,6.7782,-0.1165,-0.1165
11.0887,pi,6.2800,6.7784,-0.1163,-0.1163
11.0927,pi,6.2800,6.7790,-0.1162,-0.1162
11.0975,pi,6.2800,6.7803,-0.1161,-0.1161
11.1024,pi,6.2800,6.7953,-0.1156,-0.1156
11.1075,pi,6.2800,6.8072,-0.1153,-0.1153
11.1125,pi,6.2800,6.8028,-0.1152,-0.1152
11.1174,pi,6.2800,6.8131,-0.1149,-0.1149
11.1225,pi,6.2800,6.7764,-0.1155,-0.1155
11.1276,pi,6.2800,6.7927,-0.1150,-0.1150
11.1327,pi,6.2800,6.8055,-0.1146,-0.1146
11.1377,pi,6.2800,6.7700,-0.1152,-0.1152
11.1425,pi,6.2800,6.7880,-0.1147,-0.1147
11.1475,pi,6.2800,6.8021,-0.1143,-0.1143
11.1525,pi,6.2800,6.7485,-0.1153,-0.1153
11.1576,pi,6.2800,6.7557,-0.1150,-0.1150
11.1624,pi,6.2800,6.7756,-0.1145,-0.1145
11.1675,pi,6.2800,6.7459,-0.1150,-0.1150
11.1725,pi,6.2800,6.7220,-0.1154,-0.1154
11.1776,pi,6.2800,6.7488,-0.1147,-0.1147
11.1826,pi,6.2800,6.7057,-0.1155,-0.1155
11.1875,pi,6.2800,6.6901,-0.1157,-0.1157
11.1924,pi,6.2800,6.7236,-0.1149,-0.1149
11.1975,pi,6.2800,6.7043,-0.1152,-0.1152
11.2025,pi,6.2800,6.7205,-0.1147,-0.1147
11.2074,pi,6.2800,6.7475,-0.1141,-0.1141
11.2125,pi,6.2800,6.7048,-0.1148,-0.1148
11.2175,pi,6.2800,6.7204,-0.1144,-0.1144
11.2225,pi,6.2800,6.7333,-0.1140,-0.1140
11.2278,pi,6.2800,6.6919,-0.1147,-0.1147
11.2325,pi,6.2800,6.7105,-0.1143,-0.1143
11.2376,pi,6.2800,6.7237,-0.1139,-0.1139
11.2425,pi,6.2800,6.6861,-0.1145,-0.1145
11.2474,pi,6.2800,6.6740,-0.1147,-0.1147
11.2525,pi,6.2800,6.6962,-0.1141,-0.1141
11.2575,pi,6.2800,6.6632,-0.1147,-0.1147
11.2625,pi,6.2800,6.6874,-0.1141,-0.1141
11.2675,pi,6.2800,6.7208,-0.1133,-0.1133
11.2725,pi,6.2800,6.6834,-0.1140,-0.1140
11.2775,pi,6.2800,6.6718,-0.1141,-0.1141
11.2824,pi,6.2800,6.7095,-0.1133,-0.1133
11.2875,pi,6.2800,6.6935,-0.1135,-0.1135
11.2925,pi,6.2800,6.6822,-0.1136,-0.1136
11.2975,pi,6.2800,6.7027,-0.1131,-0.1131
11.3025,pi,6.2800,6.6685,-0.1137,-0.1137
11.3074,pi,6.2800,6.6604,-0.1137,-0.1137
11.3124,pi,6.2800,6.6539,-0.1138,-0.1138
11.3174,pi,6.2800,6.6486,-0.1138,-0.1138
11.3225,pi,6.2800,6.5982,-0.1147,-0.1147
11.3275,pi,6.2800,6.6038,-0.1145,-0.1145
11.3325,pi,6.2800,6.5897,-0.1147,-0.1147
11.3375,pi,6.2800,6.5783,-0.1149,-0.1149
11.3425,pi,6.2800,6.5692,-0.1150,-0.1150
11.3475,pi,6.2800,6.5803,-0.1147,-0.1147
11.3525,pi,6.2800,6.5440,-0.1154,-0.1154
11.3575,pi,6.2800,6.5420,-0.1153,-0.1153
11.3624,pi,6.2800,6.5588,-0.1149,-0.1149
11.3675,pi,6.2800,6.5536,-0.1150,-0.1150
11.3725,pi,6.2800,6.5679,-0.1146,-0.1146
11.3775,pi,6.2800,6.6113,-0.1137,-0.1137
11.3826,pi,6.2800,6.5955,-0.1139,-0.1139
11.3875,pi,6.2800,6.6017,-0.1137,-0.1137
11.3928,pi,6.2800,6.6381,-0.1129,-0.1129
11.3975,pi,6.2800,6.6169,-0.1132,-0.1132
11.4027,pi,6.2800,6.6504,-0.1124,-0.1124
11.4075,pi,6.2800,6.6774,-0.1118,-0.1118
11.4125,pi,6.2800,6.6486,-0.1123,-0.1123
11.4175,pi,6.2800,6.6440,-0.1123,-0.1123
11.4226,pi,6.2800,6.6722,-0.1116,-0.1116
11.4275,pi,6.2800,6.6447,-0.1121,-0.1121
11.4324,pi,6.2800,6.6414,-0.1121,-0.1121
11.4375,pi,6.2800,6.6389,-0.1120,-0.1120
11.4424,pi,6.2800,6.6366,-0.1120,-0.1120
11.4475,pi,6.2800,6.5892,-0.1129,-0.1129
11.4525,pi,6.2800,6.5971,-0.1126,-0.1126
11.4575,pi,6.2800,6.5846,-0.1128,-0.1128
11.4625,pi,6.2800,6.5743,-0.1129,-0.1129
11.4674,pi,6.2800,6.5847,-0.1126,-0.1126
11.4725,pi,6.2800,6.5930,-0.1124,-0.1124
11.4775,pi,6.2800,6.5540,-0.1131,-0.1131
11.4825,pi,6.2800,6.5689,-0.1127,-0.1127
11.4875,pi,6.2800,6.5618,-0.1128,-0.1128
11.4925,pi,6.2800,6.5563,-0.1128,-0.1128
11.4975,pi,6.2800,6.5244,-0.1134,-0.1134
11.5026,pi,6.2800,6.5262,-0.1133,-0.1133
11.5074,pi,6.2800,6.5460,-0.1129,-0.1129
11.5125,pi,6.2800,6.5163,-0.1134,-0.1134
11.5175,pi,6.2800,6.5385,-0.1129,-0.1129
11.5225,pi,6.2800,6.4873,-0.1139,-0.1139
11.5275,pi,6.2800,6.4693,-0.1142,-0.1142
11.5325,pi,6.2800,6.4821,-0.1139,-0.1139
11.5375,pi,6.2800,6.4925,-0.1136,-0.1136
11.5425,pi,6.2800,6.5007,-0.1134,-0.1134
11.5475,pi,6.2800,6.5073,-0.1132,-0.1132
11.5525,pi,6.2800,6.5308,-0.1127,-0.1127
11.5576,pi,6.2800,6.5312,-0.1126,-0.1126
11.5634,pi,6.2800,6.5317,-0.1125,-0.1125
11.5680,pi,6.2800,6.5321,-0.1125,-0.1125
11.5724,pi,6.2800,6.5827,-0.1114,-0.1114
11.5774,pi,6.2800,6.5730,-0.1115,-0.1115
11.5824,pi,6.2800,6.5837,-0.1112,-0.1112
11.5875,pi,6.2800,6.5923,-0.1109,-0.1109
11.5925,pi,6.2800,6.5807,-0.1111,-0.1111
11.5975,pi,6.2800,6.6216,-0.1102,-0.1102
11.6025,pi,6.2800,6.6042,-0.1105,-0.1105
11.6075,pi,6.2800,6.6084,-0.1103,-0.1103
11.6125,pi,6.2800,6.5664,-0.1111,-0.1111
11.6178,pi,6.2800,6.5597,-0.1111,-0.1111
11.6226,pi,6.2800,6.5545,-0.1112,-0.1112
11.6279,pi,6.2800,6.5498,-0.1112,-0.1112
11.6324,pi,6.2800,6.5465,-0.1112,-0.1112
11.6374,pi,6.2800,6.4937,-0.1122,-0.1122
11.6424,pi,6.2800,6.5018,-0.1120,-0.1120
11.6475,pi,6.2800,6.4811,-0.1123,-0.1123
11.6525,pi,6.2800,6.4644,-0.1126,-0.1126
11.6575,pi,6.2800,6.4967,-0.1119,-0.1119
11.6625,pi,6.2800,6.5042,-0.1117,-0.1117
11.6674,pi,6.2800,6.5287,-0.1112,-0.1112
11.6725,pi,6.2800,6.5028,-0.1116,-0.1116
11.6776,pi,6.2800,6.5080,-0.1115,-0.1115
11.6830,pi,6.2800,6.4626,-0.1123,-0.1123
11.6886,pi,6.2800,6.4746,-0.1120,-0.1120
11.6928,pi,6.2800,6.4862,-0.1118,-0.1118
11.6975,pi,6.2800,6.4954,-0.1115,-0.1115
11.7025,pi,6.2800,6.5215,-0.1109,-0.1109
11.7075,pi,6.2800,6.4969,-0.1114,-0.1114
11.7125,pi,6.2800,6.4769,-0.1117,-0.1117
11.7175,pi,6.2800,6.4883,-0.1114,-0.1114
11.7225,pi,6.2800,6.4973,-0.1112,-0.1112
11.7274,pi,6.2800,6.5230,-0.1106,-0.1106
11.7325,pi,6.2800,6.4995,-0.1111,-0.1111
11.7375,pi,6.2800,6.5256,-0.1105,-0.1105
11.7425,pi,6.2800,6.5021,-0.1109,-0.1109
11.7475,pi,6.2800,6.4815,-0.1112,-0.1112
11.7525,pi,6.2800,6.4418,-0.1120,-0.1120
11.7575,pi,6.2800,6.4599,-0.1116,-0.1116
11.7624,pi,6.2800,6.4929,-0.1109,-0.1109
11.7675,pi,6.2800,6.4740,-0.1112,-0.1112
11.7725,pi,6.2800,6.4588,-0.1115,-0.1115
11.7775,pi,6.2800,6.4236,-0.1121,-0.1121
11.7824,pi,6.2800,6.4183,-0.1122,-0.1122
11.7875,pi,6.2800,6.4144,-0.1123,-0.1123
11.7925,pi,6.2800,6.4111,-0.1123,-0.1123
11.7975,pi,6.2800,6.4543,-0.1114,-0.1114
11.8026,pi,6.2800,6.4701,-0.1110,-0.1110
11.8074,pi,6.2800,6.5011,-0.1103,-0.1103
11.8125,pi,6.2800,6.4806,-0.1107,-0.1107
11.8174,pi,6.2800,6.4641,-0.1110,-0.1110
11.8226,pi,6.2800,6.4279,-0.1117,-0.1117
11.8274,pi,6.2800,6.4219,-0.1118,-0.1118
11.8325,pi,6.2800,6.3939,-0.1123,-0.1123
11.8375,pi,6.2800,6.4218,-0.1117,-0.1117
11.8425,pi,6.2800,6.3938,-0.1122,-0.1122
11.8478,pi,6.2800,6.3708,-0.1127,-0.1127
11.8529,pi,6.2800,6.4034,-0.1120,-0.1120
11.8575,pi,6.2800,6.3793,-0.1124,-0.1124
11.8624,pi,6.2800,6.3834,-0.1123,-0.1123
11.8674,pi,6.2800,6.4322,-0.1113,-0.1113
11.8724,pi,6.2800,6.4253,-0.1114,-0.1114
11.8775,pi,6.2800,6.4469,-0.1109,-0.1109
11.8825,pi,6.2800,6.4643,-0.1106,-0.1106
11.8875,pi,6.2800,6.4782,-0.1102,-0.1102
11.8925,pi,6.2800,6.4620,-0.1105,-0.1105
11.8975,pi,6.2800,6.4949,-0.1098,-0.1098
11.9025,pi,6.2800,6.4759,-0.1101,-0.1101
11.9075,pi,6.2800,6.4606,-0.1104,-0.1104
11.9125,pi,6.2800,6.4244,-0.1111,-0.1111
11.9175,pi,6.2800,6.3958,-0.1116,-0.1116
11.9225,pi,6.2800,6.4231,-0.1110,-0.1110
11.9275,pi,6.2800,6.4176,-0.1111,-0.1111
11.9325,pi,6.2800,6.4407,-0.1106,-0.1106
11.9375,pi,6.2800,6.4324,-0.1107,-0.1107
11.9425,pi,6.2800,6.4527,-0.1103,-0.1103
11.9475,pi,6.2800,6.4186,-0.1109,-0.1109
11.9526,pi,6.2800,6.4405,-0.1105,-0.1105
11.9574,pi,6.2800,6.4773,-0.1097,-0.1097
11.9625,pi,6.2800,6.4615,-0.1099,-0.1099
11.9675,pi,6.2800,6.4946,-0.1092,-0.1092
11.9726,pi,6.2800,6.4519,-0.1100,-0.1100
11.9774,pi,6.2800,6.4412,-0.1102,-0.1102
11.9825,pi,6.2800,6.4328,-0.1103,-0.1103
11.9874,pi,6.2800,6.4266,-0.1104,-0.1104
11.9925,pi,6.2800,6.4210,-0.1105,-0.1105
11.9975,pi,6.2800,6.4164,-0.1106,-0.1106
12.0025,pi,6.2800,6.4130,-0.1106,-0.1106
12.0075,pi,6.2800,6.3865,-0.1111,-0.1111
12.0124,pi,6.2800,6.3888,-0.1110,-0.1110
12.0175,pi,6.2800,6.3905,-0.1110,-0.1110
12.0225,pi,6.2800,6.3921,-0.1109,-0.1109
12.0275,pi,6.2800,6.3937,-0.1108,-0.1108
12.0325,pi,6.2800,6.3946,-0.1108,-0.1108
12.0375,pi,6.2800,6.3719,-0.1112,-0.1112
12.0426,pi,6.2800,6.4042,-0.1105,-0.1105
12.0475,pi,6.2800,6.4302,-0.1100,-0.1100
12.0525,pi,6.2800,6.4505,-0.1095,-0.1095
12.0574,pi,6.2800,6.4851,-0.1088,-0.1088
12.0625,pi,6.2800,6.4445,-0.1096,-0.1096
12.0675,pi,6.2800,6.4623,-0.1092,-0.1092
12.0725,pi,6.2800,6.4259,-0.1099,-0.1099
12.0775,pi,6.2800,6.4472,-0.1094,-0.1094
12.0825,pi,6.2800,6.4137,-0.1100,-0.1100
12.0875,pi,6.2800,6.4376,-0.1095,-0.1095
12.0925,pi,6.2800,6.4064,-0.1101,-0.1101
12.0975,pi,6.2800,6.3817,-0.1106,-0.1106
12.1024,pi,6.2800,6.3849,-0.1105,-0.1105
12.1075,pi,6.2800,6.3645,-0.1109,-0.1109
12.1125,pi,6.2800,6.3984,-0.1102,-0.1102
12.1175,pi,6.2800,6.3752,-0.1106,-0.1106
12.1225,pi,6.2800,6.3794,-0.1105,-0.1105
12.1276,pi,6.2800,6.3592,-0.1109,-0.1109
12.1327,pi,6.2800,6.3669,-0.1107,-0.1107
12.1380,pi,6.2800,6.3493,-0.1110,-0.1110
12.1429,pi,6.2800,6.3859,-0.1103,-0.1103
12.1479,pi,6.2800,6.4151,-0.1097,-0.1097
12.1525,pi,6.2800,6.3888,-0.1102,-0.1102
12.1576,pi,6.2800,6.4178,-0.1095,-0.1095
12.1625,pi,6.2800,6.3906,-0.1101,-0.1101
12.1674,pi,6.2800,6.3921,-0.1100,-0.1100
12.1725,pi,6.2800,6.3934,-0.1099,-0.1099
12.1775,pi,6.2800,6.3944,-0.1099,-0.1099
12.1826,pi,6.2800,6.3719,-0.1103,-0.1103
12.1875,pi,6.2800,6.3766,-0.1102,-0.1102
12.1925,pi,6.2800,6.4270,-0.1092,-0.1092
12.1976,pi,6.2800,6.4215,-0.1092,-0.1092
12.2026,pi,6.2800,6.4172,-0.1093,-0.1093
12.2075,pi,6.2800,6.3896,-0.1098,-0.1098
12.2124,pi,6.2800,6.3913,-0.1098,-0.1098
12.2176,pi,6.2800,6.3696,-0.1102,-0.1102
12.2225,pi,6.2800,6.3751,-0.1100,-0.1100
12.2276,pi,6.2800,6.4070,-0.1094,-0.1094
12.2325,pi,6.2800,6.4052,-0.1094,-0.1094
12.2375,pi,6.2800,6.4494,-0.1084,-0.1084
12.2425,pi,6.2800,6.4395,-0.1086,-0.1086
12.2475,pi,6.2800,6.4315,-0.1087,-0.1087
12.2526,pi,6.2800,6.4251,-0.1088,-0.1088
12.2575,pi,6.2800,6.4195,-0.1089,-0.1089
12.2625,pi,6.2800,6.3921,-0.1094,-0.1094
12.2674,pi,6.2800,6.3932,-0.1094,-0.1094
12.2728,pi,6.2800,6.3705,-0.1098,-0.1098
12.2777,pi,6.2800,6.3520,-0.1101,-0.1101
12.2825,pi,6.2800,6.3378,-0.1104,-0.1104
12.2874,pi,6.2800,6.3496,-0.1102,-0.1102
12.2925,pi,6.2800,6.3363,-0.1104,-0.1104
12.2975,pi,6.2800,6.3486,-0.1101,-0.1101
12.3026,pi,6.2800,6.3854,-0.1094,-0.1094
12.3074,pi,6.2800,6.3876,-0.1093,-0.1093
12.3124,pi,6.2800,6.3441,-0.1102,-0.1102
12.3174,pi,6.2800,6.3553,-0.1099,-0.1099
12.3225,pi,6.2800,6.3640,-0.1097,-0.1097
12.3275,pi,6.2800,6.3715,-0.1096,-0.1096
12.3325,pi,6.2800,6.3779,-0.1094,-0.1094
12.3375,pi,6.2800,6.3823,-0.1093,-0.1093
12.3424,pi,6.2800,6.3857,-0.1092,-0.1092
12.3475,pi,6.2800,6.4341,-0.1082,-0.1082
12.3525,pi,6.2800,6.4267,-0.1083,-0.1083
12.3575,pi,6.2800,6.4212,-0.1084,-0.1084
12.3624,pi,6.2800,6.4168,-0.1084,-0.1084
12.3674,pi,6.2800,6.4589,-0.1075,-0.1075
12.3725,pi,6.2800,6.4236,-0.1082,-0.1082
12.3775,pi,6.2800,6.4454,-0.1077,-0.1077
12.3825,pi,6.2800,6.4127,-0.1084,-0.1084
12.3874,pi,6.2800,6.4097,-0.1084,-0.1084
12.3928,pi,6.2800,6.3832,-0.1089,-0.1089
12.3978,pi,6.2800,6.3109,-0.1103,-0.1103
12.4025,pi,6.2800,6.3047,-0.1104,-0.1104
12.4075,pi,6.2800,6.2494,-0.1116,-0.1116
12.4124,pi,6.2800,6.2559,-0.1114,-0.1114
12.4175,pi,6.2800,6.2107,-0.1124,-0.1124
12.4225,pi,6.2800,6.2754,-0.1111,-0.1111
12.4281,pi,6.2800,6.3775,-0.1090,-0.1090
12.4339,pi,6.2800,6.6096,-0.1043,-0.1043
12.4381,pi,6.2800,6.9408,-0.0975,-0.0975
12.4427,pi,6.2800,7.3801,-0.0884,-0.0884
12.4475,pi,6.2800,7.9615,-0.0764,-0.0764
12.4525,pi,6.2800,8.6552,-0.0619,-0.0619
12.4575,pi,6.2800,9.4835,-0.0445,-0.0445
12.4625,pi,6.2800,10.5521,-0.0221,-0.0221
12.4676,pi,6.2800,11.8096,0.0044,0.0044
12.4726,pi,6.2800,13.0159,0.0302,0.0302
12.4776,pi,6.2800,14.1156,0.0542,0.0542
12.4825,pi,6.2800,15.2222,0.0786,0.0786
12.4875,pi,6.2800,16.3420,0.1035,0.1035
12.4925,pi,6.2800,17.3701,0.1268,0.1268
12.4975,pi,6.2800,18.3290,0.1490,0.1490
12.5025,pi,6.2800,19.2343,0.1703,0.1703
12.5075,pi,6.2800,20.0486,0.1901,0.1901
12.5125,pi,6.2800,20.7001,0.2067,0.2067
12.5175,pi,6.2800,21.2677,0.2218,0.2218
12.5225,pi,6.2800,21.6765,0.2338,0.2338
12.5276,pi,6.2800,22.0486,0.2452,0.2452
12.5325,pi,6.2800,22.2103,0.2524,0.2524
12.5375,pi,6.2800,22.1412,0.2550,0.2550
12.5425,pi,6.2800,21.8342,0.2528,0.2528
12.5475,pi,6.2800,21.1861,0.2435,0.2435
12.5525,pi,6.2800,20.2126,0.2276,0.2276
12.5575,pi,6.2800,18.9381,0.2052,0.2052
12.5625,pi,6.2800,17.4151,0.1775,0.1775
12.5675,pi,6.2800,15.6865,0.1453,0.1453
12.5725,pi,6.2800,13.7529,0.1085,0.1085
12.5775,pi,6.2800,11.6538,0.0679,0.0679
12.5825,pi,6.2800,9.4775,0.0252,0.0252
12.5875,pi,6.2800,7.3320,-0.0175,-0.0175
12.5925,pi,6.2800,5.3624,-0.0571,-0.0571
12.5975,pi,6.2800,3.6361,-0.0923,-0.0923
12.6024,pi,6.2800,2.3160,-0.1197,-0.1197
12.6075,pi,6.2800,1.2490,-0.1423,-0.1423
12.6125,pi,6.2800,0.4466,-0.1598,-0.1598
12.6175,pi,6.2800,-0.1457,-0.1733,-0.1733
12.6225,pi,6.2800,-0.5280,-0.1826,-0.1826
12.6275,pi,6.2800,-0.6966,-0.1877,-0.1877
12.6325,pi,6.2800,-0.6487,-0.1885,-0.1885
12.6376,pi,6.2800,-0.2673,-0.1825,-0.1825
12.6424,pi,6.2800,0.1512,-0.1757,-0.1757
12.6475,pi,6.2800,0.6694,-0.1667,-0.1667
12.6525,pi,6.2800,1.2893,-0.1555,-0.1555
12.6575,pi,6.2800,1.8533,-0.1454,-0.1454
12.6626,pi,6.2800,2.4887,-0.1336,-0.1336
12.6675,pi,6.2800,3.1496,-0.1212,-0.1212
12.6725,pi,6.2800,3.7054,-0.1107,-0.1107
12.6776,pi,6.2800,4.3221,-0.0989,-0.0989
12.6825,pi,6.2800,4.8645,-0.0884,-0.0884
12.6875,pi,6.2800,5.2995,-0.0799,-0.0799
12.6925,pi,6.2800,5.6467,-0.0731,-0.0731
12.6975,pi,6.2800,5.8744,-0.0687,-0.0687
12.7025,pi,6.2800,6.1068,-0.0641,-0.0641
12.7075,pi,6.2800,6.2423,-0.0614,-0.0614
12.7124,pi,6.2800,6.3188,-0.0598,-0.0598
12.7175,pi,6.2800,6.3346,-0.0595,-0.0595
12.7225,pi,6.2800,6.2738,-0.0607,-0.0607
12.7275,pi,6.2800,6.1248,-0.0637,-0.0637
12.7324,pi,6.2800,5.9972,-0.0664,-0.0664
12.7375,pi,6.2800,5.8486,-0.0694,-0.0694
12.7425,pi,6.2800,5.7303,-0.0719,-0.0719
12.7475,pi,6.2800,5.5901,-0.0749,-0.0749
12.7525,pi,6.2800,5.4321,-0.0783,-0.0783
12.7576,pi,6.2800,5.2496,-0.0822,-0.0822
12.7629,pi,6.2800,5.1034,-0.0854,-0.0854
12.7680,pi,6.2800,4.9871,-0.0881,-0.0881
12.7726,pi,6.2800,4.9038,-0.0901,-0.0901
12.7774,pi,6.2800,4.8371,-0.0918,-0.0918
12.7825,pi,6.2800,4.8247,-0.0924,-0.0924
12.7874,pi,6.2800,4.8194,-0.0929,-0.0929
12.7925,pi,6.2800,4.8153,-0.0933,-0.0933
12.7975,pi,6.2800,4.8070,-0.0938,-0.0938
12.8025,pi,6.2800,4.8504,-0.0933,-0.0933
12.8075,pi,6.2800,4.8856,-0.0930,-0.0930
12.8124,pi,6.2800,4.9140,-0.0927,-0.0927
12.8174,pi,6.2800,4.9372,-0.0926,-0.0926
12.8225,pi,6.2800,4.9551,-0.0926,-0.0926
12.8275,pi,6.2800,4.9189,-0.0937,-0.0937
12.8325,pi,6.2800,4.8949,-0.0945,-0.0945
12.8376,pi,6.2800,4.8708,-0.0953,-0.0953
12.8425,pi,6.2800,4.8514,-0.0961,-0.0961
12.8475,pi,6.2800,4.8361,-0.0967,-0.0967
12.8525,pi,6.2800,4.8286,-0.0972,-0.0972
12.8575,pi,6.2800,4.8226,-0.0977,-0.0977
12.8625,pi,6.2800,4.8631,-0.0973,-0.0973
12.8675,pi,6.2800,4.8956,-0.0970,-0.0970
12.8725,pi,6.2800,4.9214,-0.0968,-0.0968
12.8775,pi,6.2800,4.9423,-0.0967,-0.0967
12.8825,pi,6.2800,5.0091,-0.0957,-0.0957
12.8874,pi,6.2800,5.0581,-0.0950,-0.0950
12.8925,pi,6.2800,5.0976,-0.0945,-0.0945
12.8975,pi,6.2800,5.1292,-0.0942,-0.0942
12.9027,pi,6.2800,5.1588,-0.0939,-0.0939
12.9077,pi,6.2800,5.1819,-0.0937,-0.0937
12.9133,pi,6.2800,5.1503,-0.0946,-0.0946
12.9179,pi,6.2800,5.1747,-0.0944,-0.0944
12.9232,pi,6.2800,5.1947,-0.0942,-0.0942
12.9275,pi,6.2800,5.2110,-0.0942,-0.0942
12.9324,pi,6.2800,5.2200,-0.0943,-0.0943
12.9375,pi,6.2800,5.2272,-0.0944,-0.0944
12.9426,pi,6.2800,5.2330,-0.0945,-0.0945
12.9475,pi,6.2800,5.2373,-0.0947,-0.0947
12.9526,pi,6.2800,5.2955,-0.0938,-0.0938
12.9574,pi,6.2800,5.3332,-0.0933,-0.0933
12.9624,pi,6.2800,5.3645,-0.0929,-0.0929
12.9675,pi,6.2800,5.3893,-0.0926,-0.0926
12.9725,pi,6.2800,5.3639,-0.0933,-0.0933
12.9775,pi,6.2800,5.3433,-0.0940,-0.0940
12.9824,pi,6.2800,5.3264,-0.0946,-0.0946
12.9876,pi,6.2800,5.3162,-0.0950,-0.0950
12.9925,pi,6.2800,5.3041,-0.0955,-0.0955
12.9975,pi,6.2800,5.2941,-0.0959,-0.0959
13.0024,pi,6.2800,5.3324,-0.0954,-0.0954
13.0075,pi,6.2800,5.3175,-0.0960,-0.0960
13.0125,pi,6.2800,5.3094,-0.0964,-0.0964
13.0175,pi,6.2800,5.3031,-0.0967,-0.0967
13.0225,pi,6.2800,5.2978,-0.0971,-0.0971
13.0275,pi,6.2800,5.2936,-0.0974,-0.0974
13.0324,pi,6.2800,5.3317,-0.0969,-0.0969
13.0374,pi,6.2800,5.3621,-0.0965,-0.0965
13.0425,pi,6.2800,5.3955,-0.0961,-0.0961
13.0476,pi,6.2800,5.4221,-0.0957,-0.0957
13.0525,pi,6.2800,5.3929,-0.0966,-0.0966
13.0575,pi,6.2800,5.3696,-0.0972,-0.0972
13.0624,pi,6.2800,5.3924,-0.0970,-0.0970
13.0674,pi,6.2800,5.4108,-0.0969,-0.0969
13.0725,pi,6.2800,5.4254,-0.0968,-0.0968
13.0776,pi,6.2800,5.4459,-0.0966,-0.0966
13.0825,pi,6.2800,5.4118,-0.0975,-0.0975
13.0875,pi,6.2800,5.4350,-0.0972,-0.0972
13.0924,pi,6.2800,5.4446,-0.0972,-0.0972
13.0976,pi,6.2800,5.4523,-0.0973,-0.0973
13.1025,pi,6.2800,5.4587,-0.0974,-0.0974
13.1075,pi,6.2800,5.4638,-0.0975,-0.0975
13.1125,pi,6.2800,5.4264,-0.0984,-0.0984
13.1175,pi,6.2800,5.4467,-0.0982,-0.0982
13.1225,pi,6.2800,5.4539,-0.0983,-0.0983
13.1275,pi,6.2800,5.4598,-0.0984,-0.0984
13.1325,pi,6.2800,5.5105,-0.0976,-0.0976
13.1377,pi,6.2800,5.5140,-0.0977,-0.0977
13.1429,pi,6.2800,5.5163,-0.0978,-0.0978
13.1475,pi,6.2800,5.5187,-0.0980,-0.0980
13.1525,pi,6.2800,5.5204,-0.0981,-0.0981
13.1574,pi,6.2800,5.5586,-0.0975,-0.0975
13.1627,pi,6.2800,5.6027,-0.0968,-0.0968
13.1675,pi,6.2800,5.5875,-0.0973,-0.0973
13.1726,pi,6.2800,5.5754,-0.0977,-0.0977
13.1774,pi,6.2800,5.6163,-0.0971,-0.0971
13.1827,pi,6.2800,5.5988,-0.0976,-0.0976
13.1881,pi,6.2800,5.5845,-0.0981,-0.0981
13.1926,pi,6.2800,5.5642,-0.0986,-0.0986
13.1975,pi,6.2800,5.5482,-0.0991,-0.0991
13.2024,pi,6.2800,5.5814,-0.0987,-0.0987
13.2075,pi,6.2800,5.6080,-0.0983,-0.0983
13.2126,pi,6.2800,5.5919,-0.0988,-0.0988
13.2175,pi,6.2800,5.6159,-0.0985,-0.0985
13.2227,pi,6.2800,5.6486,-0.0980,-0.0980
13.2276,pi,6.2800,5.6241,-0.0986,-0.0986
13.2326,pi,6.2800,5.6045,-0.0992,-0.0992
13.2374,pi,6.2800,5.5804,-0.0998,-0.0998
13.2424,pi,6.2800,5.6071,-0.0995,-0.0995
13.2474,pi,6.2800,5.6284,-0.0992,-0.0992
13.2525,pi,6.2800,5.6082,-0.0998,-0.0998
13.2575,pi,6.2800,5.5919,-0.1003,-0.1003
13.2624,pi,6.2800,5.6155,-0.1000,-0.1000
13.2675,pi,6.2800,5.6352,-0.0998,-0.0998
13.2725,pi,6.2800,5.6049,-0.1005,-0.1005
13.2775,pi,6.2800,5.5807,-0.1012,-0.1012
13.2825,pi,6.2800,5.6072,-0.1008,-0.1008
13.2875,pi,6.2800,5.6288,-0.1006,-0.1006
13.2926,pi,6.2800,5.6081,-0.1011,-0.1011
13.2976,pi,6.2800,5.5921,-0.1016,-0.1016
13.3025,pi,6.2800,5.6297,-0.1010,-0.1010
13.3076,pi,6.2800,5.6599,-0.1006,-0.1006
13.3126,pi,6.2800,5.6336,-0.1013,-0.1013
13.3175,pi,6.2800,5.6127,-0.1019,-0.1019
13.3224,pi,6.2800,5.6327,-0.1016,-0.1016
13.3275,pi,6.2800,5.6487,-0.1015,-0.1015
13.3326,pi,6.2800,5.6243,-0.1021,-0.1021
13.3375,pi,6.2800,5.6553,-0.1016,-0.1016
13.3425,pi,6.2800,5.6665,-0.1016,-0.1016
13.3475,pi,6.2800,5.6760,-0.1015,-0.1015
13.3525,pi,6.2800,5.6834,-0.1015,-0.1015
13.3575,pi,6.2800,5.6891,-0.1016,-0.1016
13.3625,pi,6.2800,5.6939,-0.1016,-0.1016
13.3675,pi,6.2800,5.7111,-0.1014,-0.1014
13.3725,pi,6.2800,5.7246,-0.1013,-0.1013
13.3774,pi,6.2800,5.7219,-0.1015,-0.1015
13.3826,pi,6.2800,5.7195,-0.1017,-0.1017
13.3875,pi,6.2800,5.7317,-0.1016,-0.1016
13.3925,pi,6.2800,5.7279,-0.1018,-0.1018
13.3979,pi,6.2800,5.7382,-0.1017,-0.1017
13.4031,pi,6.2800,5.7964,-0.1007,-0.1007
13.4078,pi,6.2800,5.7930,-0.1009,-0.1009
13.4128,pi,6.2800,5.7900,-0.1010,-0.1010
13.4175,pi,6.2800,5.7743,-0.1015,-0.1015
13.4224,pi,6.2800,5.8079,-0.1009,-0.1009
13.4275,pi,6.2800,5.7891,-0.1014,-0.1014
13.4325,pi,6.2800,5.7734,-0.1019,-0.1019
13.4375,pi,6.2800,5.8073,-0.1013,-0.1013
13.4425,pi,6.2800,5.8019,-0.1015,-0.1015
13.4475,pi,6.2800,5.7836,-0.1020,-0.1020
13.4526,pi,6.2800,5.7696,-0.1024,-0.1024
13.4584,pi,6.2800,5.7716,-0.1025,-0.1025
13.4641,pi,6.2800,5.7709,-0.1027,-0.1027
13.4696,pi,6.2800,5.7715,-0.1028,-0.1028
13.4749,pi,6.2800,5.7719,-0.1029,-0.1029
13.4820,pi,6.2800,5.7724,-0.1030,-0.1030
13.4882,pi,6.2800,5.7708,-0.1032,-0.1032
13.4930,pi,6.2800,5.7207,-0.1043,-0.1043
13.4987,pi,6.2800,5.7243,-0.1044,-0.1044
13.5040,pi,6.2800,5.7328,-0.1043,-0.1043
13.5094,pi,6.2800,5.7410,-0.1043,-0.1043
13.5154,pi,6.2800,5.7481,-0.1043,-0.1043
13.5227,pi,6.2800,5.7398,-0.1046,-0.1046
13.5284,pi,6.2800,5.7335,-0.1049,-0.1049
13.5347,pi,6.2800,5.7400,-0.1049,-0.1049
13.5398,pi,6.2800,5.7472,-0.1049,-0.1049
13.5457,pi,6.2800,5.6998,-0.1060,-0.1060
13.5508,pi,6.2800,5.6592,-0.1069,-0.1069
13.5559,pi,6.2800,5.6252,-0.1078,-0.1078
13.5617,pi,6.2800,5.5575,-0.1093,-0.1093
13.5686,pi,6.2800,5.4507,-0.1116,-0.1116
13.5741,pi,6.2800,5.3146,-0.1148,-0.1148
13.5797,pi,6.2800,5.2884,-0.1154,-0.1154
13.5859,pi,6.2800,5.2344,-0.1167,-0.1167
13.5915,pi,6.2800,5.2505,-0.1167,-0.1167
13.5966,pi,6.2800,5.2073,-0.1178,-0.1178
13.6038,pi,6.2800,5.1711,-0.1188,-0.1188
13.6112,pi,6.2800,5.1921,-0.1186,-0.1186
13.6165,pi,6.2800,5.1587,-0.1196,-0.1196
13.6213,pi,6.2800,5.1808,-0.1194,-0.1194
13.6267,pi,6.2800,5.2892,-0.1176,-0.1176
13.6310,pi,6.2800,5.3560,-0.1164,-0.1164
13.6353,pi,6.2800,5.3970,-0.1158,-0.1158
13.6397,pi,6.2800,5.4598,-0.1148,-0.1148
13.6439,pi,6.2800,5.4734,-0.1147,-0.1147
13.6483,pi,6.2800,5.4340,-0.1157,-0.1157
13.6526,pi,6.2800,5.3987,-0.1166,-0.1166
13.6567,pi,6.2800,5.3258,-0.1183,-0.1183
13.6608,pi,6.2800,5.3135,-0.1188,-0.1188
13.6652,pi,6.2800,5.3486,-0.1183,-0.1183
13.6693,pi,6.2800,5.2864,-0.1198,-0.1198
13.6734,pi,6.2800,5.2586,-0.1206,-0.1206
13.6776,pi,6.2800,5.2139,-0.1218,-0.1218
13.6817,pi,6.2800,5.2232,-0.1219,-0.1219
13.6858,pi,6.2800,5.1860,-0.1229,-0.1229
13.6900,pi,6.2800,5.2002,-0.1229,-0.1229
13.6942,pi,6.2800,5.3032,-0.1211,-0.1211
13.6984,pi,6.2800,5.4487,-0.1183,-0.1183
13.7025,pi,6.2800,5.5927,-0.1156,-0.1156
13.7066,pi,6.2800,5.7081,-0.1135,-0.1135
13.7108,pi,6.2800,5.8005,-0.1117,-0.1117
13.7151,pi,6.2800,5.9473,-0.1089,-0.1089
13.7193,pi,6.2800,6.0830,-0.1062,-0.1062
13.7235,pi,6.2800,6.2233,-0.1034,-0.1034
13.7275,pi,6.2800,6.3357,-0.1012,-0.1012
13.7315,pi,6.2800,6.4394,-0.0991,-0.0991
13.7357,pi,6.2800,6.4773,-0.0983,-0.0983
13.7397,pi,6.2800,6.5071,-0.0976,-0.0976
13.7438,pi,6.2800,6.5313,-0.0971,-0.0971
13.7480,pi,6.2800,6.5502,-0.0966,-0.0966
13.7527,pi,6.2800,6.5193,-0.0972,-0.0972
13.7575,pi,6.2800,6.4949,-0.0976,-0.0976
13.7626,pi,6.2800,6.4525,-0.0984,-0.0984
13.7675,pi,6.2800,6.3959,-0.0995,-0.0995
13.7734,pi,6.2800,6.2200,-0.1030,-0.1030
13.7784,pi,6.2800,6.0805,-0.1059,-0.1059
13.7856,pi,6.2800,5.9183,-0.1093,-0.1093
13.7904,pi,6.2800,5.8497,-0.1107,-0.1107
13.7953,pi,6.2800,5.7849,-0.1121,-0.1121
13.8000,pi,6.2800,5.6827,-0.1143,-0.1143
13.8042,pi,6.2800,5.6517,-0.1151,-0.1151
13.8083,pi,6.2800,5.6183,-0.1159,-0.1159
13.8130,pi,6.2800,5.5496,-0.1175,-0.1175
13.8176,pi,6.2800,5.5454,-0.1177,-0.1177
13.8226,pi,6.2800,5.5328,-0.1182,-0.1182
13.8275,pi,6.2800,5.6610,-0.1158,-0.1158
13.8325,pi,6.2800,5.7182,-0.1148,-0.1148
13.8375,pi,6.2800,5.8228,-0.1128,-0.1128
13.8426,pi,6.2800,5.8928,-0.1115,-0.1115
13.8476,pi,6.2800,5.9485,-0.1104,-0.1104
13.8526,pi,6.2800,5.9930,-0.1096,-0.1096
13.8576,pi,6.2800,6.0508,-0.1085,-0.1085
13.8625,pi,6.2800,6.0744,-0.1081,-0.1081
13.8675,pi,6.2800,6.1397,-0.1068,-0.1068
13.8726,pi,6.2800,6.1684,-0.1063,-0.1063
13.8776,pi,6.2800,6.1910,-0.1059,-0.1059
13.8826,pi,6.2800,6.2089,-0.1055,-0.1055
13.8876,pi,6.2800,6.2230,-0.1053,-0.1053
13.8926,pi,6.2800,6.2349,-0.1050,-0.1050
13.8975,pi,6.2800,6.2444,-0.1048,-0.1048
13.9025,pi,6.2800,6.2293,-0.1052,-0.1052
13.9075,pi,6.2800,6.2633,-0.1045,-0.1045
13.9125,pi,6.2800,6.2447,-0.1049,-0.1049
13.9175,pi,6.2800,6.2523,-0.1047,-0.1047
13.9225,pi,6.2800,6.2353,-0.1051,-0.1051
13.9276,pi,6.2800,6.2678,-0.1044,-0.1044
13.9325,pi,6.2800,6.2485,-0.1048,-0.1048
13.9376,pi,6.2800,6.2329,-0.1051,-0.1051
13.9426,pi,6.2800,6.2428,-0.1050,-0.1050
13.9475,pi,6.2800,6.2283,-0.1053,-0.1053
13.9526,pi,6.2800,6.1889,-0.1061,-0.1061
13.9575,pi,6.2800,6.1566,-0.1067,-0.1067
13.9625,pi,6.2800,6.1315,-0.1073,-0.1073
13.9675,pi,6.2800,6.1389,-0.1072,-0.1072
13.9725,pi,6.2800,6.0990,-0.1080,-0.1080
13.9775,pi,6.2800,6.0673,-0.1087,-0.1087
13.9826,pi,6.2800,6.0601,-0.1089,-0.1089
13.9875,pi,6.2800,6.0362,-0.1094,-0.1094
13.9925,pi,6.2800,6.0629,-0.1090,-0.1090
13.9977,pi,6.2800,6.0562,-0.1091,-0.1091
14.0026,pi,6.2800,6.0510,-0.1093,-0.1093
14.0075,pi,6.2800,6.0746,-0.1089,-0.1089
14.0125,pi,6.2800,6.0942,-0.1085,-0.1085
14.0176,pi,6.2800,6.0815,-0.1088,-0.1088
14.0226,pi,6.2800,6.0712,-0.1091,-0.1091
14.0275,pi,6.2800,6.0908,-0.1088,-0.1088
14.0326,pi,6.2800,6.1065,-0.1085,-0.1085
14.0376,pi,6.2800,6.1416,-0.1078,-0.1078
14.0426,pi,6.2800,6.1194,-0.1083,-0.1083
14.0485,pi,6.2800,6.1521,-0.1077,-0.1077
14.0559,pi,6.2800,6.1347,-0.1081,-0.1081
14.0614,pi,6.2800,6.0823,-0.1092,-0.1092
14.0677,pi,6.2800,5.9666,-0.1116,-0.1116
14.0725,pi,6.2800,5.9271,-0.1124,-0.1124
14.0774,pi,6.2800,5.8969,-0.1131,-0.1131
14.0823,pi,6.2800,5.8732,-0.1137,-0.1137
14.0864,pi,6.2800,5.8538,-0.1142,-0.1142
14.0905,pi,6.2800,5.7886,-0.1156,-0.1156
14.0947,pi,6.2800,5.7868,-0.1158,-0.1158
14.0990,pi,6.2800,5.8177,-0.1153,-0.1153
14.1032,pi,6.2800,5.7969,-0.1158,-0.1158
14.1079,pi,6.2800,5.8152,-0.1156,-0.1156
14.1126,pi,6.2800,5.8870,-0.1142,-0.1142
14.1176,pi,6.2800,5.9925,-0.1122,-0.1122
14.1226,pi,6.2800,6.0302,-0.1115,-0.1115
14.1276,pi,6.2800,6.1051,-0.1101,-0.1101
14.1328,pi,6.2800,6.1390,-0.1094,-0.1094
14.1388,pi,6.2800,6.2139,-0.1079,-0.1079
14.1437,pi,6.2800,6.2263,-0.1077,-0.1077
14.1495,pi,6.2800,6.2358,-0.1075,-0.1075
14.1554,pi,6.2800,6.2818,-0.1066,-0.1066
14.1606,pi,6.2800,6.3265,-0.1057,-0.1057
14.1663,pi,6.2800,6.3161,-0.1059,-0.1059
14.1723,pi,6.2800,6.3071,-0.1061,-0.1061
14.1787,pi,6.2800,6.3004,-0.1062,-0.1062
14.1844,pi,6.2800,6.2869,-0.1065,-0.1065
14.1897,pi,6.2800,6.2630,-0.1069,-0.1069
14.1953,pi,6.2800,6.2518,-0.1072,-0.1072
14.2008,pi,6.2800,6.2410,-0.1074,-0.1074
14.2064,pi,6.2800,6.2489,-0.1072,-0.1072
14.2117,pi,6.2800,6.2303,-0.1076,-0.1076
14.2171,pi,6.2800,6.1325,-0.1096,-0.1096
14.2222,pi,6.2800,6.0724,-0.1109,-0.1109
14.2270,pi,6.2800,5.9999,-0.1124,-0.1124
14.2315,pi,6.2800,5.9439,-0.1136,-0.1136
14.2363,pi,6.2800,5.8980,-0.1146,-0.1146
14.2403,pi,6.2800,5.8685,-0.1153,-0.1153
14.2444,pi,6.2800,5.8384,-0.1160,-0.1160
14.2483,pi,6.2800,5.8302,-0.1163,-0.1163
14.2522,pi,6.2800,5.8079,-0.1169,-0.1169
14.2560,pi,6.2800,5.7911,-0.1173,-0.1173
14.2599,pi,6.2800,5.7792,-0.1177,-0.1177
14.2638,pi,6.2800,5.8507,-0.1164,-0.1164
14.2676,pi,6.2800,5.9161,-0.1151,-0.1151
14.2724,pi,6.2800,5.9689,-0.1142,-0.1142
14.2775,pi,6.2800,6.0103,-0.1134,-0.1134
14.2824,pi,6.2800,6.0894,-0.1119,-0.1119
14.2887,pi,6.2800,6.1281,-0.1111,-0.1111
14.2939,pi,6.2800,6.1583,-0.1106,-0.1106
14.2989,pi,6.2800,6.2323,-0.1091,-0.1091
14.3034,pi,6.2800,6.2418,-0.1089,-0.1089
14.3077,pi,6.2800,6.2492,-0.1088,-0.1088
14.3125,pi,6.2800,6.2555,-0.1086,-0.1086
14.3175,pi,6.2800,6.3111,-0.1075,-0.1075
14.3225,pi,6.2800,6.3557,-0.1066,-0.1066
14.3276,pi,6.2800,6.3406,-0.1069,-0.1069
14.3325,pi,6.2800,6.3285,-0.1071,-0.1071
14.3377,pi,6.2800,6.3413,-0.1069,-0.1069
14.3432,pi,6.2800,6.3273,-0.1071,-0.1071
14.3475,pi,6.2800,6.2961,-0.1077,-0.1077
14.3524,pi,6.2800,6.2717,-0.1082,-0.1082
14.3575,pi,6.2800,6.2514,-0.1087,-0.1087
14.3625,pi,6.2800,6.2812,-0.1081,-0.1081
14.3677,pi,6.2800,6.2300,-0.1091,-0.1091
14.3725,pi,6.2800,6.2399,-0.1089,-0.1089
14.3777,pi,6.2800,6.2484,-0.1087,-0.1087
14.3830,pi,6.2800,6.2547,-0.1086,-0.1086
14.3878,pi,6.2800,6.2375,-0.1090,-0.1090
14.3927,pi,6.2800,6.2243,-0.1093,-0.1093
14.3980,pi,6.2800,6.2359,-0.1090,-0.1090
14.4028,pi,6.2800,6.2441,-0.1089,-0.1089
14.4086,pi,6.2800,6.2507,-0.1088,-0.1088
14.4133,pi,6.2800,6.2055,-0.1097,-0.1097
14.4182,pi,6.2800,6.2207,-0.1094,-0.1094
14.4234,pi,6.2800,6.1812,-0.1102,-0.1102
14.4283,pi,6.2800,6.2004,-0.1098,-0.1098
14.4335,pi,6.2800,6.1652,-0.1106,-0.1106
14.4384,pi,6.2800,6.1880,-0.1101,-0.1101
14.4433,pi,6.2800,6.1554,-0.1108,-0.1108
14.4476,pi,6.2800,6.1575,-0.1108,-0.1108
14.4525,pi,6.2800,6.1605,-0.1108,-0.1108
14.4574,pi,6.2800,6.1636,-0.1107,-0.1107
14.4624,pi,6.2800,6.1659,-0.1107,-0.1107
14.4675,pi,6.2800,6.2136,-0.1098,-0.1098
14.4725,pi,6.2800,6.2057,-0.1100,-0.1100
14.4775,pi,6.2800,6.2461,-0.1092,-0.1092
14.4825,pi,6.2800,6.2319,-0.1095,-0.1095
14.4875,pi,6.2800,6.2672,-0.1088,-0.1088
14.4925,pi,6.2800,6.2481,-0.1092,-0.1092
14.4975,pi,6.2800,6.2795,-0.1085,-0.1085
14.5026,pi,6.2800,6.2581,-0.1090,-0.1090
14.5078,pi,6.2800,6.2625,-0.1089,-0.1089
14.5127,pi,6.2800,6.2660,-0.1088,-0.1088
14.5181,pi,6.2800,6.2689,-0.1088,-0.1088
14.5227,pi,6.2800,6.2714,-0.1087,-0.1087
14.5275,pi,6.2800,6.2731,-0.1087,-0.1087
14.5324,pi,6.2800,6.2523,-0.1091,-0.1091
14.5375,pi,6.2800,6.2816,-0.1085,-0.1085
14.5425,pi,6.2800,6.2589,-0.1090,-0.1090
14.5476,pi,6.2800,6.2635,-0.1089,-0.1089
14.5525,pi,6.2800,6.2445,-0.1093,-0.1093
14.5575,pi,6.2800,6.2295,-0.1096,-0.1096
14.5625,pi,6.2800,6.2180,-0.1098,-0.1098
14.5675,pi,6.2800,6.2088,-0.1100,-0.1100
14.5725,pi,6.2800,6.2014,-0.1102,-0.1102
14.5775,pi,6.2800,6.1953,-0.1103,-0.1103
14.5825,pi,6.2800,6.1909,-0.1105,-0.1105
14.5876,pi,6.2800,6.1590,-0.1111,-0.1111
14.5924,pi,6.2800,6.1609,-0.1111,-0.1111
14.5976,pi,6.2800,6.1350,-0.1117,-0.1117
14.6025,pi,6.2800,6.1646,-0.1111,-0.1111
14.6075,pi,6.2800,6.1882,-0.1107,-0.1107
14.6125,pi,6.2800,6.2072,-0.1103,-0.1103
14.6175,pi,6.2800,6.1995,-0.1105,-0.1105
14.6225,pi,6.2800,6.2393,-0.1097,-0.1097
14.6275,pi,6.2800,6.2480,-0.1095,-0.1095
14.6325,pi,6.2800,6.2548,-0.1094,-0.1094
14.6375,pi,6.2800,6.2604,-0.1093,-0.1093
14.6425,pi,6.2800,6.2649,-0.1092,-0.1092
14.6475,pi,6.2800,6.2457,-0.1096,-0.1096
14.6525,pi,6.2800,6.2531,-0.1094,-0.1094
14.6575,pi,6.2800,6.2591,-0.1093,-0.1093
14.6625,pi,6.2800,6.2132,-0.1103,-0.1103
14.6675,pi,6.2800,6.2268,-0.1100,-0.1100
14.6725,pi,6.2800,6.2378,-0.1098,-0.1098
14.6775,pi,6.2800,6.2468,-0.1096,-0.1096
14.6825,pi,6.2800,6.2540,-0.1095,-0.1095
14.6875,pi,6.2800,6.2370,-0.1098,-0.1098
14.6925,pi,6.2800,6.2462,-0.1097,-0.1097
14.6975,pi,6.2800,6.2535,-0.1095,-0.1095
14.7024,pi,6.2800,6.2822,-0.1089,-0.1089
14.7075,pi,6.2800,6.2596,-0.1094,-0.1094
14.7125,pi,6.2800,6.2872,-0.1088,-0.1088
14.7175,pi,6.2800,6.3093,-0.1084,-0.1084
14.7225,pi,6.2800,6.3035,-0.1085,-0.1085
14.7274,pi,6.2800,6.2767,-0.1090,-0.1090
14.7325,pi,6.2800,6.3009,-0.1086,-0.1086
14.7375,pi,6.2800,6.2745,-0.1091,-0.1091
14.7425,pi,6.2800,6.2535,-0.1095,-0.1095
14.7475,pi,6.2800,6.2366,-0.1099,-0.1099
14.7525,pi,6.2800,6.1955,-0.1107,-0.1107
14.7575,pi,6.2800,6.2129,-0.1104,-0.1104
14.7625,pi,6.2800,6.1758,-0.1111,-0.1111
14.7675,pi,6.2800,6.1744,-0.1112,-0.1112
14.7726,pi,6.2800,6.1959,-0.1108,-0.1108
14.7775,pi,6.2800,6.2131,-0.1105,-0.1105
14.7825,pi,6.2800,6.1766,-0.1112,-0.1112
14.7875,pi,6.2800,6.1978,-0.1108,-0.1108
14.7925,pi,6.2800,6.2147,-0.1105,-0.1105
14.7975,pi,6.2800,6.2281,-0.1102,-0.1102
14.8026,pi,6.2800,6.2386,-0.1100,-0.1100
14.8074,pi,6.2800,6.2703,-0.1094,-0.1094
14.8125,pi,6.2800,6.2500,-0.1098,-0.1098
14.8175,pi,6.2800,6.2566,-0.1097,-0.1097
14.8225,pi,6.2800,6.2390,-0.1101,-0.1101
14.8275,pi,6.2800,6.2258,-0.1103,-0.1103
14.8325,pi,6.2800,6.2145,-0.1106,-0.1106
14.8375,pi,6.2800,6.2512,-0.1098,-0.1098
14.8425,pi,6.2800,6.2347,-0.1102,-0.1102
14.8475,pi,6.2800,6.2673,-0.1095,-0.1095
14.8525,pi,6.2800,6.2937,-0.1090,-0.1090
14.8575,pi,6.2800,6.3150,-0.1086,-0.1086
14.8626,pi,6.2800,6.3076,-0.1087,-0.1087
14.8675,pi,6.2800,6.3027,-0.1088,-0.1088
14.8725,pi,6.2800,6.3218,-0.1084,-0.1084
14.8775,pi,6.2800,6.3140,-0.1086,-0.1086
14.8825,pi,6.2800,6.3075,-0.1087,-0.1087
14.8875,pi,6.2800,6.3255,-0.1083,-0.1083
14.8925,pi,6.2800,6.3667,-0.1075,-0.1075
14.8975,pi,6.2800,6.3500,-0.1078,-0.1078
14.9025,pi,6.2800,6.3139,-0.1085,-0.1085
14.9075,pi,6.2800,6.3077,-0.1086,-0.1086
14.9124,pi,6.2800,6.2798,-0.1092,-0.1092
14.9175,pi,6.2800,6.3043,-0.1087,-0.1087
14.9225,pi,6.2800,6.2497,-0.1098,-0.1098
14.9274,pi,6.2800,6.2335,-0.1101,-0.1101
14.9325,pi,6.2800,6.2209,-0.1104,-0.1104
14.9375,pi,6.2800,6.2568,-0.1097,-0.1097
14.9425,pi,6.2800,6.2394,-0.1100,-0.1100
14.9475,pi,6.2800,6.2263,-0.1103,-0.1103
14.9525,pi,6.2800,6.2151,-0.1105,-0.1105
14.9574,pi,6.2800,6.2519,-0.1098,-0.1098
14.9625,pi,6.2800,6.2354,-0.1102,-0.1102
14.9674,pi,6.2800,6.2682,-0.1095,-0.1095
14.9725,pi,6.2800,6.2712,-0.1094,-0.1094
14.9775,pi,6.2800,6.2736,-0.1094,-0.1094
14.9825,pi,6.2800,6.2752,-0.1094,-0.1094
14.9875,pi,6.2800,6.2767,-0.1093,-0.1093
14.9925,pi,6.2800,6.2777,-0.1093,-0.1093
14.9975,pi,6.2800,6.2786,-0.1093,-0.1093
15.0025,pi,6.2800,6.2792,-0.1093,-0.1093
15.0075,pi,6.2800,6.2797,-0.1093,-0.1093
15.0125,pi,6.2800,6.2801,-0.1093,-0.1093
15.0175,pi,6.2800,6.2803,-0.1093,-0.1093
15.0225,pi,6.2800,6.2578,-0.1097,-0.1097
15.0275,pi,6.2800,6.2858,-0.1092,-0.1092
15.0325,pi,6.2800,6.2853,-0.1092,-0.1092
15.0375,pi,6.2800,6.2848,-0.1092,-0.1092
15.0425,pi,6.2800,6.2843,-0.1092,-0.1092
15.0475,pi,6.2800,6.3071,-0.1087,-0.1087
15.0525,pi,6.2800,6.2794,-0.1093,-0.1093
15.0575,pi,6.2800,6.2795,-0.1093,-0.1093
15.0625,pi,6.2800,6.2573,-0.1097,-0.1097
15.0675,pi,6.2800,6.2625,-0.1096,-0.1096
15.0725,pi,6.2800,6.2665,-0.1095,-0.1095
15.0775,pi,6.2800,6.2682,-0.1095,-0.1095
15.0825,pi,6.2800,6.2711,-0.1095,-0.1095
15.0875,pi,6.2800,6.2966,-0.1089,-0.1089
15.0925,pi,6.2800,6.2709,-0.1095,-0.1095
15.0976,pi,6.2800,6.2731,-0.1094,-0.1094
15.1025,pi,6.2800,6.2749,-0.1094,-0.1094
15.1075,pi,6.2800,6.2995,-0.1089,-0.1089
15.1125,pi,6.2800,6.2739,-0.1094,-0.1094
15.1175,pi,6.2800,6.2986,-0.1089,-0.1089
15.1225,pi,6.2800,6.2728,-0.1094,-0.1094
15.1276,pi,6.2800,6.2513,-0.1099,-0.1099
15.1325,pi,6.2800,6.2576,-0.1097,-0.1097
15.1375,pi,6.2800,6.2619,-0.1097,-0.1097
15.1427,pi,6.2800,6.2660,-0.1096,-0.1096
15.1475,pi,6.2800,6.2693,-0.1095,-0.1095
15.1524,pi,6.2800,6.2493,-0.1099,-0.1099
15.1575,pi,6.2800,6.2560,-0.1098,-0.1098
15.1625,pi,6.2800,6.2615,-0.1097,-0.1097
15.1674,pi,6.2800,6.2887,-0.1091,-0.1091
15.1725,pi,6.2800,6.2876,-0.1092,-0.1092
15.1774,pi,6.2800,6.3095,-0.1087,-0.1087
15.1825,pi,6.2800,6.3276,-0.1083,-0.1083
15.1875,pi,6.2800,6.3419,-0.1080,-0.1080
15.1925,pi,6.2800,6.3076,-0.1087,-0.1087
15.1975,pi,6.2800,6.3257,-0.1083,-0.1083
15.2025,pi,6.2800,6.3170,-0.1085,-0.1085
15.2075,pi,6.2800,6.3103,-0.1086,-0.1086
15.2126,pi,6.2800,6.3044,-0.1088,-0.1088
15.2175,pi,6.2800,6.2998,-0.1088,-0.1088
15.2227,pi,6.2800,6.2960,-0.1089,-0.1089
15.2280,pi,6.2800,6.2931,-0.1090,-0.1090
15.2329,pi,6.2800,6.2901,-0.1090,-0.1090
15.2380,pi,6.2800,6.2876,-0.1091,-0.1091
15.2432,pi,6.2800,6.2857,-0.1091,-0.1091
15.2484,pi,6.2800,6.2802,-0.1092,-0.1092
15.2531,pi,6.2800,6.2802,-0.1092,-0.1092
15.2577,pi,6.2800,6.2796,-0.1092,-0.1092
15.2631,pi,6.2800,6.2799,-0.1092,-0.1092
15.2677,pi,6.2800,6.2795,-0.1092,-0.1092
15.2734,pi,6.2800,6.2800,-0.1092,-0.1092
15.2783,pi,6.2800,6.2802,-0.1092,-0.1092
15.2828,pi,6.2800,6.2803,-0.1092,-0.1092
15.2875,pi,6.2800,6.3045,-0.1087,-0.1087
15.2925,pi,6.2800,6.2782,-0.1093,-0.1093
15.2985,pi,6.2800,6.3025,-0.1088,-0.1088
15.3039,pi,6.2800,6.2795,-0.1092,-0.1092
15.3083,pi,6.2800,6.3034,-0.1087,-0.1087
15.3127,pi,6.2800,6.2773,-0.1093,-0.1093
15.3175,pi,6.2800,6.3020,-0.1088,-0.1088
15.3225,pi,6.2800,6.2765,-0.1093,-0.1093
15.3275,pi,6.2800,6.3013,-0.1088,-0.1088
15.3326,pi,6.2800,6.2754,-0.1093,-0.1093
15.3375,pi,6.2800,6.2769,-0.1093,-0.1093
15.3425,pi,6.2800,6.2780,-0.1092,-0.1092
15.3475,pi,6.2800,6.3018,-0.1088,-0.1088
15.3525,pi,6.2800,6.2758,-0.1093,-0.1093
15.3575,pi,6.2800,6.3009,-0.1088,-0.1088
15.3625,pi,6.2800,6.2747,-0.1093,-0.1093
15.3675,pi,6.2800,6.2764,-0.1093,-0.1093
15.3724,pi,6.2800,6.2549,-0.1097,-0.1097
15.3775,pi,6.2800,6.2836,-0.1091,-0.1091
15.3827,pi,6.2800,6.2831,-0.1091,-0.1091
15.3877,pi,6.2800,6.2829,-0.1091,-0.1091
15.3931,pi,6.2800,6.2827,-0.1091,-0.1091
15.3982,pi,6.2800,6.2824,-0.1091,-0.1091
15.3998,coast,6.2800,6.2824,0.0000,0.0000
