t_s,mode,target_rad_s,speed_rad_s,u,u_unsaturated
0.0897,coast,6.2800,0.0000,0.0000,0.0000
0.0916,pi,6.2800,0.0000,-0.1272,-0.1272
0.0961,pi,6.2800,0.0000,-0.1288,-0.1288
0.1003,pi,6.2800,0.0000,-0.1303,-0.1303
0.1046,pi,6.2800,0.0000,-0.1319,-0.1319
0.1085,pi,6.2800,0.0000,-0.1335,-0.1335
0.1122,pi,6.2800,0.0000,-0.1350,-0.1350
0.1160,pi,6.2800,0.0000,-0.1366,-0.1366
0.1198,pi,6.2800,0.1253,-0.1356,-0.1356
0.1235,pi,6.2800,0.3224,-0.1332,-0.1332
0.1275,pi,6.2800,0.5089,-0.1309,-0.1309
0.1320,pi,6.2800,0.7593,-0.1273,-0.1273
0.1365,pi,6.2800,1.0094,-0.1236,-0.1236
0.1407,pi,6.2800,1.3102,-0.1188,-0.1188
0.1452,pi,6.2800,1.5959,-0.1143,-0.1143
0.1491,pi,6.2800,1.9308,-0.1087,-0.1087
0.1530,pi,6.2800,2.2994,-0.1023,-0.1023
0.1568,pi,6.2800,2.6156,-0.0969,-0.0969
0.1606,pi,6.2800,3.0048,-0.0899,-0.0899
0.1645,pi,6.2800,3.3185,-0.0844,-0.0844
0.1692,pi,6.2800,3.5688,-0.0800,-0.0800
0.1742,pi,6.2800,3.8145,-0.0757,-0.0757
0.1793,pi,6.2800,4.0118,-0.0724,-0.0724
0.1846,pi,6.2800,4.2158,-0.0688,-0.0688
0.1894,pi,6.2800,4.3270,-0.0671,-0.0671
0.1941,pi,6.2800,4.4210,-0.0657,-0.0657
0.1992,pi,6.2800,4.5423,-0.0637,-0.0637
0.2046,pi,6.2800,4.5940,-0.0631,-0.0631
0.2093,pi,6.2800,4.5796,-0.0638,-0.0638
0.2145,pi,6.2800,4.5176,-0.0654,-0.0654
0.2192,pi,6.2800,4.4685,-0.0669,-0.0669
0.2242,pi,6.2800,4.3790,-0.0691,-0.0691
0.2292,pi,6.2800,4.3258,-0.0707,-0.0707
0.2342,pi,6.2800,4.2833,-0.0720,-0.0720
0.2392,pi,6.2800,4.2041,-0.0742,-0.0742
0.2442,pi,6.2800,4.1863,-0.0750,-0.0750
0.2493,pi,6.2800,4.1025,-0.0773,-0.0773
0.2544,pi,6.2800,4.0862,-0.0781,-0.0781
0.2592,pi,6.2800,4.0917,-0.0786,-0.0786
0.2641,pi,6.2800,4.0962,-0.0790,-0.0790
0.2692,pi,6.2800,4.0999,-0.0795,-0.0795
0.2743,pi,6.2800,4.1344,-0.0793,-0.0793
0.2792,pi,6.2800,4.1619,-0.0793,-0.0793
0.2842,pi,6.2800,4.1840,-0.0794,-0.0794
0.2893,pi,6.2800,4.2013,-0.0796,-0.0796
0.2942,pi,6.2800,4.2153,-0.0798,-0.0798
0.2992,pi,6.2800,4.2402,-0.0798,-0.0798
0.3042,pi,6.2800,4.3063,-0.0790,-0.0790
0.3092,pi,6.2800,4.3596,-0.0784,-0.0784
0.3142,pi,6.2800,4.3421,-0.0792,-0.0792
0.3191,pi,6.2800,4.3419,-0.0797,-0.0797
0.3242,pi,6.2800,4.3280,-0.0805,-0.0805
0.3291,pi,6.2800,4.3308,-0.0809,-0.0809
0.3342,pi,6.2800,4.3330,-0.0814,-0.0814
0.3392,pi,6.2800,4.2885,-0.0828,-0.0828
0.3442,pi,6.2800,4.2995,-0.0830,-0.0830
0.3492,pi,6.2800,4.3080,-0.0834,-0.0834
0.3542,pi,6.2800,4.2505,-0.0850,-0.0850
0.3592,pi,6.2800,4.2047,-0.0864,-0.0864
0.3642,pi,6.2800,4.1862,-0.0873,-0.0873
0.3692,pi,6.2800,4.2035,-0.0875,-0.0875
0.3741,pi,6.2800,4.2310,-0.0875,-0.0875
0.3793,pi,6.2800,4.2390,-0.0878,-0.0878
0.3842,pi,6.2800,4.2452,-0.0882,-0.0882
0.3892,pi,6.2800,4.2641,-0.0883,-0.0883
0.3942,pi,6.2800,4.3160,-0.0878,-0.0878
0.3992,pi,6.2800,4.3576,-0.0874,-0.0874
0.4041,pi,6.2800,4.4000,-0.0871,-0.0871
0.4092,pi,6.2800,4.4247,-0.0870,-0.0870
0.4142,pi,6.2800,4.4443,-0.0871,-0.0871
0.4203,pi,6.2800,4.4595,-0.0872,-0.0872
0.4257,pi,6.2800,4.4704,-0.0875,-0.0875
0.4298,pi,6.2800,4.5304,-0.0867,-0.0867
0.4342,pi,6.2800,4.5838,-0.0861,-0.0861
0.4392,pi,6.2800,4.6219,-0.0857,-0.0857
0.4442,pi,6.2800,4.6524,-0.0855,-0.0855
0.4492,pi,6.2800,4.6768,-0.0854,-0.0854
0.4542,pi,6.2800,4.6963,-0.0854,-0.0854
0.4592,pi,6.2800,4.7623,-0.0845,-0.0845
0.4641,pi,6.2800,4.8151,-0.0838,-0.0838
0.4692,pi,6.2800,4.8577,-0.0833,-0.0833
0.4742,pi,6.2800,4.8463,-0.0839,-0.0839
0.4792,pi,6.2800,4.8385,-0.0844,-0.0844
0.4842,pi,6.2800,4.8306,-0.0849,-0.0849
0.4892,pi,6.2800,4.8244,-0.0854,-0.0854
0.4942,pi,6.2800,4.8192,-0.0859,-0.0859
0.4992,pi,6.2800,4.8151,-0.0863,-0.0863
0.5042,pi,6.2800,4.8118,-0.0868,-0.0868
0.5092,pi,6.2800,4.7540,-0.0883,-0.0883
0.5142,pi,6.2800,4.7077,-0.0896,-0.0896
0.5192,pi,6.2800,4.6707,-0.0908,-0.0908
0.5242,pi,6.2800,4.6914,-0.0908,-0.0908
0.5292,pi,6.2800,4.7079,-0.0908,-0.0908
0.5342,pi,6.2800,4.7260,-0.0908,-0.0908
0.5392,pi,6.2800,4.7357,-0.0910,-0.0910
0.5442,pi,6.2800,4.7435,-0.0913,-0.0913
0.5492,pi,6.2800,4.7496,-0.0915,-0.0915
0.5542,pi,6.2800,4.7546,-0.0918,-0.0918
0.5592,pi,6.2800,4.8090,-0.0911,-0.0911
0.5642,pi,6.2800,4.8525,-0.0906,-0.0906
0.5692,pi,6.2800,4.8874,-0.0902,-0.0902
0.5742,pi,6.2800,4.9153,-0.0900,-0.0900
0.5792,pi,6.2800,4.9377,-0.0899,-0.0899
0.5842,pi,6.2800,4.9553,-0.0899,-0.0899
0.5892,pi,6.2800,4.9694,-0.0899,-0.0899
0.5942,pi,6.2800,4.9810,-0.0900,-0.0900
0.5992,pi,6.2800,4.9903,-0.0902,-0.0902
0.6042,pi,6.2800,4.9976,-0.0903,-0.0903
0.6093,pi,6.2800,5.0034,-0.0905,-0.0905
0.6142,pi,6.2800,5.0079,-0.0908,-0.0908
0.6192,pi,6.2800,5.0116,-0.0910,-0.0910
0.6242,pi,6.2800,5.0146,-0.0913,-0.0913
0.6292,pi,6.2800,5.0168,-0.0915,-0.0915
0.6342,pi,6.2800,5.0188,-0.0918,-0.0918
0.6395,pi,6.2800,5.0199,-0.0921,-0.0921
0.6443,pi,6.2800,5.0208,-0.0924,-0.0924
0.6492,pi,6.2800,5.0217,-0.0927,-0.0927
0.6544,pi,6.2800,5.0221,-0.0930,-0.0930
0.6592,pi,6.2800,5.0229,-0.0933,-0.0933
0.6641,pi,6.2800,5.0237,-0.0936,-0.0936
0.6693,pi,6.2800,5.0239,-0.0939,-0.0939
0.6742,pi,6.2800,5.0242,-0.0942,-0.0942
0.6793,pi,6.2800,5.0233,-0.0945,-0.0945
0.6844,pi,6.2800,5.0232,-0.0949,-0.0949
0.6892,pi,6.2800,5.0235,-0.0952,-0.0952
0.6941,pi,6.2800,5.0244,-0.0955,-0.0955
0.6994,pi,6.2800,5.0245,-0.0958,-0.0958
0.7042,pi,6.2800,5.0247,-0.0961,-0.0961
0.7095,pi,6.2800,5.0247,-0.0964,-0.0964
0.7142,pi,6.2800,5.0245,-0.0967,-0.0967
0.7192,pi,6.2800,5.0248,-0.0970,-0.0970
0.7244,pi,6.2800,5.0255,-0.0973,-0.0973
0.7295,pi,6.2800,5.0257,-0.0976,-0.0976
0.7342,pi,6.2800,5.0726,-0.0970,-0.0970
0.7397,pi,6.2800,5.1095,-0.0966,-0.0966
0.7442,pi,6.2800,5.1430,-0.0962,-0.0962
0.7492,pi,6.2800,5.1654,-0.0960,-0.0960
0.7542,pi,6.2800,5.1838,-0.0959,-0.0959
0.7592,pi,6.2800,5.1985,-0.0959,-0.0959
0.7642,pi,6.2800,5.2104,-0.0959,-0.0959
0.7694,pi,6.2800,5.2731,-0.0949,-0.0949
0.7742,pi,6.2800,5.3235,-0.0941,-0.0941
0.7792,pi,6.2800,5.3555,-0.0937,-0.0937
0.7842,pi,6.2800,5.3814,-0.0934,-0.0934
0.7892,pi,6.2800,5.3607,-0.0941,-0.0941
0.7942,pi,6.2800,5.3394,-0.0947,-0.0947
0.7992,pi,6.2800,5.3228,-0.0953,-0.0953
0.8042,pi,6.2800,5.3136,-0.0957,-0.0957
0.8092,pi,6.2800,5.3564,-0.0951,-0.0951
0.8142,pi,6.2800,5.3908,-0.0946,-0.0946
0.8192,pi,6.2800,5.4092,-0.0945,-0.0945
0.8244,pi,6.2800,5.3824,-0.0953,-0.0953
0.8292,pi,6.2800,5.3613,-0.0959,-0.0959
0.8344,pi,6.2800,5.3444,-0.0965,-0.0965
0.8391,pi,6.2800,5.3723,-0.0962,-0.0962
0.8442,pi,6.2800,5.3947,-0.0959,-0.0959
0.8492,pi,6.2800,5.4126,-0.0958,-0.0958
0.8542,pi,6.2800,5.4269,-0.0957,-0.0957
0.8592,pi,6.2800,5.4384,-0.0957,-0.0957
0.8642,pi,6.2800,5.4062,-0.0966,-0.0966
0.8692,pi,6.2800,5.3758,-0.0974,-0.0974
0.8742,pi,6.2800,5.3519,-0.0981,-0.0981
0.8792,pi,6.2800,5.3788,-0.0978,-0.0978
0.8842,pi,6.2800,5.4002,-0.0976,-0.0976
0.8892,pi,6.2800,5.3757,-0.0983,-0.0983
0.8942,pi,6.2800,5.3515,-0.0990,-0.0990
0.8992,pi,6.2800,5.3366,-0.0995,-0.0995
0.9042,pi,6.2800,5.3249,-0.1000,-0.1000
0.9092,pi,6.2800,5.3654,-0.0994,-0.0994
0.9142,pi,6.2800,5.3981,-0.0990,-0.0990
0.9192,pi,6.2800,5.4242,-0.0987,-0.0987
0.9242,pi,6.2800,5.4451,-0.0985,-0.0985
0.9292,pi,6.2800,5.4114,-0.0994,-0.0994
0.9343,pi,6.2800,5.3843,-0.1001,-0.1001
0.9392,pi,6.2800,5.3623,-0.1008,-0.1008
0.9442,pi,6.2800,5.3954,-0.1004,-0.1004
0.9492,pi,6.2800,5.4131,-0.1002,-0.1002
0.9542,pi,6.2800,5.4274,-0.1002,-0.1002
0.9592,pi,6.2800,5.4389,-0.1001,-0.1001
0.9642,pi,6.2800,5.4024,-0.1011,-0.1011
0.9692,pi,6.2800,5.4190,-0.1010,-0.1010
0.9742,pi,6.2800,5.4323,-0.1009,-0.1009
0.9793,pi,6.2800,5.4515,-0.1007,-0.1007
0.9843,pi,6.2800,5.4671,-0.1006,-0.1006
0.9892,pi,6.2800,5.4702,-0.1008,-0.1008
0.9942,pi,6.2800,5.4819,-0.1007,-0.1007
0.9992,pi,6.2800,5.4910,-0.1008,-0.1008
1.0042,pi,6.2800,5.4982,-0.1008,-0.1008
1.0092,pi,6.2800,5.5039,-0.1009,-0.1009
1.0141,pi,6.2800,5.5454,-0.1002,-0.1002
1.0192,pi,6.2800,5.5421,-0.1005,-0.1005
1.0242,pi,6.2800,5.5394,-0.1007,-0.1007
1.0292,pi,6.2800,5.5278,-0.1011,-0.1011
1.0343,pi,6.2800,5.5280,-0.1013,-0.1013
1.0392,pi,6.2800,5.5648,-0.1008,-0.1008
1.0442,pi,6.2800,5.5948,-0.1003,-0.1003
1.0493,pi,6.2800,5.5727,-0.1010,-0.1010
1.0542,pi,6.2800,5.6009,-0.1006,-0.1006
1.0592,pi,6.2800,5.6235,-0.1003,-0.1003
1.0642,pi,6.2800,5.6046,-0.1008,-0.1008
1.0692,pi,6.2800,5.5894,-0.1013,-0.1013
1.0741,pi,6.2800,5.5681,-0.1019,-0.1019
1.0792,pi,6.2800,5.5967,-0.1015,-0.1015
1.0842,pi,6.2800,5.6198,-0.1012,-0.1012
1.0895,pi,6.2800,5.6011,-0.1018,-0.1018
1.0942,pi,6.2800,5.5863,-0.1022,-0.1022
1.0992,pi,6.2800,5.6249,-0.1016,-0.1016
1.1044,pi,6.2800,5.6048,-0.1022,-0.1022
1.1092,pi,6.2800,5.5891,-0.1027,-0.1027
1.1149,pi,6.2800,5.5763,-0.1031,-0.1031
1.1200,pi,6.2800,5.6161,-0.1025,-0.1025
1.1245,pi,6.2800,5.6482,-0.1020,-0.1020
1.1292,pi,6.2800,5.6230,-0.1027,-0.1027
1.1342,pi,6.2800,5.6044,-0.1032,-0.1032
1.1392,pi,6.2800,5.6260,-0.1029,-0.1029
1.1442,pi,6.2800,5.6440,-0.1027,-0.1027
1.1493,pi,6.2800,5.6210,-0.1034,-0.1034
1.1542,pi,6.2800,5.6393,-0.1032,-0.1032
1.1592,pi,6.2800,5.6543,-0.1030,-0.1030
1.1643,pi,6.2800,5.6660,-0.1029,-0.1029
1.1693,pi,6.2800,5.7210,-0.1020,-0.1020
1.1750,pi,6.2800,5.7326,-0.1019,-0.1019
1.1803,pi,6.2800,5.7281,-0.1021,-0.1021
1.1845,pi,6.2800,5.7384,-0.1020,-0.1020
1.1894,pi,6.2800,5.7466,-0.1020,-0.1020
1.1942,pi,6.2800,5.7530,-0.1020,-0.1020
1.1992,pi,6.2800,5.7582,-0.1020,-0.1020
1.2042,pi,6.2800,5.7949,-0.1014,-0.1014
1.2092,pi,6.2800,5.7785,-0.1019,-0.1019
1.2142,pi,6.2800,5.7655,-0.1023,-0.1023
1.2192,pi,6.2800,5.7553,-0.1026,-0.1026
1.2242,pi,6.2800,5.7475,-0.1029,-0.1029
1.2292,pi,6.2800,5.7413,-0.1031,-0.1031
1.2342,pi,6.2800,5.7363,-0.1034,-0.1034
1.2392,pi,6.2800,5.7775,-0.1027,-0.1027
1.2442,pi,6.2800,5.7649,-0.1031,-0.1031
1.2492,pi,6.2800,5.7543,-0.1034,-0.1034
1.2542,pi,6.2800,5.7090,-0.1045,-0.1045
1.2592,pi,6.2800,5.7228,-0.1043,-0.1043
1.2642,pi,6.2800,5.7340,-0.1042,-0.1042
1.2692,pi,6.2800,5.7430,-0.1042,-0.1042
1.2742,pi,6.2800,5.7502,-0.1042,-0.1042
1.2792,pi,6.2800,5.7559,-0.1042,-0.1042
1.2842,pi,6.2800,5.7608,-0.1042,-0.1042
1.2893,pi,6.2800,5.7139,-0.1053,-0.1053
1.2942,pi,6.2800,5.7269,-0.1052,-0.1052
1.2992,pi,6.2800,5.7237,-0.1054,-0.1054
1.3042,pi,6.2800,5.7214,-0.1056,-0.1056
1.3092,pi,6.2800,5.7653,-0.1048,-0.1048
1.3143,pi,6.2800,5.7678,-0.1049,-0.1049
1.3192,pi,6.2800,5.7702,-0.1050,-0.1050
1.3246,pi,6.2800,5.7719,-0.1051,-0.1051
1.3302,pi,6.2800,5.7711,-0.1052,-0.1052
1.3352,pi,6.2800,5.7707,-0.1053,-0.1053
1.3400,pi,6.2800,5.8217,-0.1044,-0.1044
1.3467,pi,6.2800,5.8117,-0.1048,-0.1048
1.3534,pi,6.2800,5.8011,-0.1051,-0.1051
1.3582,pi,6.2800,5.7929,-0.1054,-0.1054
1.3630,pi,6.2800,5.7886,-0.1056,-0.1056
1.3676,pi,6.2800,5.7862,-0.1058,-0.1058
1.3719,pi,6.2800,5.8347,-0.1049,-0.1049
1.3762,pi,6.2800,5.8233,-0.1052,-0.1052
1.3801,pi,6.2800,5.8012,-0.1058,-0.1058
1.3845,pi,6.2800,5.8310,-0.1053,-0.1053
1.3892,pi,6.2800,5.8549,-0.1049,-0.1049
1.3942,pi,6.2800,5.8273,-0.1056,-0.1056
1.3992,pi,6.2800,5.8517,-0.1052,-0.1052
1.4042,pi,6.2800,5.8734,-0.1049,-0.1049
1.4092,pi,6.2800,5.8905,-0.1047,-0.1047
1.4142,pi,6.2800,5.9024,-0.1045,-0.1045
1.4192,pi,6.2800,5.9114,-0.1044,-0.1044
1.4242,pi,6.2800,5.9177,-0.1044,-0.1044
1.4292,pi,6.2800,5.9231,-0.1044,-0.1044
1.4342,pi,6.2800,5.9268,-0.1044,-0.1044
1.4393,pi,6.2800,5.8971,-0.1051,-0.1051
1.4442,pi,6.2800,5.9237,-0.1046,-0.1046
1.4492,pi,6.2800,5.9270,-0.1047,-0.1047
1.4542,pi,6.2800,5.9479,-0.1043,-0.1043
1.4592,pi,6.2800,5.9465,-0.1044,-0.1044
1.4642,pi,6.2800,5.9132,-0.1052,-0.1052
1.4692,pi,6.2800,5.8866,-0.1058,-0.1058
1.4742,pi,6.2800,5.8653,-0.1063,-0.1063
1.4792,pi,6.2800,5.8483,-0.1068,-0.1068
1.4842,pi,6.2800,5.8211,-0.1074,-0.1074
1.4892,pi,6.2800,5.8452,-0.1071,-0.1071
1.4942,pi,6.2800,5.8649,-0.1068,-0.1068
1.4992,pi,6.2800,5.8805,-0.1066,-0.1066
1.5042,pi,6.2800,5.8929,-0.1064,-0.1064
1.5092,pi,6.2800,5.8569,-0.1072,-0.1072
1.5142,pi,6.2800,5.8738,-0.1070,-0.1070
1.5192,pi,6.2800,5.8874,-0.1068,-0.1068
1.5243,pi,6.2800,5.8657,-0.1074,-0.1074
1.5292,pi,6.2800,5.8984,-0.1068,-0.1068
1.5342,pi,6.2800,5.9248,-0.1064,-0.1064
1.5393,pi,6.2800,5.9458,-0.1060,-0.1060
1.5442,pi,6.2800,5.9625,-0.1058,-0.1058
1.5493,pi,6.2800,5.9255,-0.1066,-0.1066
1.5542,pi,6.2800,5.9463,-0.1063,-0.1063
1.5592,pi,6.2800,5.9632,-0.1060,-0.1060
1.5642,pi,6.2800,5.9765,-0.1058,-0.1058
1.5692,pi,6.2800,5.9872,-0.1057,-0.1057
1.5742,pi,6.2800,5.9961,-0.1056,-0.1056
1.5792,pi,6.2800,6.0308,-0.1050,-0.1050
1.5842,pi,6.2800,6.0133,-0.1054,-0.1054
1.5892,pi,6.2800,6.0446,-0.1048,-0.1048
1.5942,pi,6.2800,6.0238,-0.1053,-0.1053
1.5992,pi,6.2800,6.0072,-0.1057,-0.1057
1.6042,pi,6.2800,6.0121,-0.1057,-0.1057
1.6092,pi,6.2800,5.9978,-0.1060,-0.1060
1.6143,pi,6.2800,5.9863,-0.1063,-0.1063
1.6192,pi,6.2800,5.9774,-0.1066,-0.1066
1.6242,pi,6.2800,5.9701,-0.1068,-0.1068
1.6292,pi,6.2800,5.9645,-0.1070,-0.1070
1.6342,pi,6.2800,5.9597,-0.1072,-0.1072
1.6392,pi,6.2800,5.9559,-0.1073,-0.1073
1.6443,pi,6.2800,5.9207,-0.1081,-0.1081
1.6492,pi,6.2800,5.9429,-0.1077,-0.1077
1.6542,pi,6.2800,5.9103,-0.1085,-0.1085
1.6592,pi,6.2800,5.9346,-0.1081,-0.1081
1.6642,pi,6.2800,5.9540,-0.1078,-0.1078
1.6692,pi,6.2800,5.9190,-0.1086,-0.1086
1.6742,pi,6.2800,5.9414,-0.1082,-0.1082
1.6792,pi,6.2800,5.9594,-0.1079,-0.1079
1.6843,pi,6.2800,5.9233,-0.1087,-0.1087
1.6892,pi,6.2800,5.9449,-0.1084,-0.1084
1.6942,pi,6.2800,5.9439,-0.1085,-0.1085
1.6992,pi,6.2800,5.9891,-0.1077,-0.1077
1.7042,pi,6.2800,5.9794,-0.1079,-0.1079
1.7092,pi,6.2800,6.0175,-0.1072,-0.1072
1.7142,pi,6.2800,6.0020,-0.1076,-0.1076
1.7192,pi,6.2800,6.0355,-0.1070,-0.1070
1.7242,pi,6.2800,6.0623,-0.1065,-0.1065
1.7293,pi,6.2800,6.0559,-0.1067,-0.1067
1.7342,pi,6.2800,6.0785,-0.1063,-0.1063
1.7393,pi,6.2800,6.0691,-0.1066,-0.1066
1.7442,pi,6.2800,6.0891,-0.1062,-0.1062
1.7492,pi,6.2800,6.1053,-0.1059,-0.1059
1.7543,pi,6.2800,6.0899,-0.1063,-0.1063
1.7592,pi,6.2800,6.1058,-0.1060,-0.1060
1.7642,pi,6.2800,6.0728,-0.1067,-0.1067
1.7692,pi,6.2800,6.0923,-0.1064,-0.1064
1.7743,pi,6.2800,6.0800,-0.1067,-0.1067
1.7792,pi,6.2800,6.0703,-0.1069,-0.1069
1.7842,pi,6.2800,6.0903,-0.1066,-0.1066
1.7892,pi,6.2800,6.0602,-0.1072,-0.1072
1.7943,pi,6.2800,6.0545,-0.1074,-0.1074
1.7992,pi,6.2800,6.0499,-0.1075,-0.1075
1.8042,pi,6.2800,6.0278,-0.1080,-0.1080
1.8093,pi,6.2800,5.9781,-0.1091,-0.1091
1.8143,pi,6.2800,5.9887,-0.1090,-0.1090
1.8192,pi,6.2800,5.9467,-0.1099,-0.1099
1.8242,pi,6.2800,5.9452,-0.1100,-0.1100
1.8292,pi,6.2800,5.9443,-0.1101,-0.1101
1.8342,pi,6.2800,5.9617,-0.1098,-0.1098
1.8392,pi,6.2800,5.9758,-0.1096,-0.1096
1.8442,pi,6.2800,6.0145,-0.1089,-0.1089
1.8493,pi,6.2800,6.0179,-0.1089,-0.1089
1.8542,pi,6.2800,6.0205,-0.1089,-0.1089
1.8592,pi,6.2800,6.0502,-0.1084,-0.1084
1.8642,pi,6.2800,6.0742,-0.1080,-0.1080
1.8692,pi,6.2800,6.0933,-0.1076,-0.1076
1.8742,pi,6.2800,6.0809,-0.1079,-0.1079
1.8792,pi,6.2800,6.1213,-0.1072,-0.1072
1.8842,pi,6.2800,6.1031,-0.1076,-0.1076
1.8895,pi,6.2800,6.1385,-0.1069,-0.1069
1.8950,pi,6.2800,6.1166,-0.1074,-0.1074
1.8994,pi,6.2800,6.0997,-0.1078,-0.1078
1.9041,pi,6.2800,6.1136,-0.1075,-0.1075
1.9092,pi,6.2800,6.1248,-0.1073,-0.1073
1.9142,pi,6.2800,6.1564,-0.1067,-0.1067
1.9193,pi,6.2800,6.1313,-0.1073,-0.1073
1.9243,pi,6.2800,6.1617,-0.1067,-0.1067
1.9292,pi,6.2800,6.1632,-0.1067,-0.1067
1.9342,pi,6.2800,6.1647,-0.1067,-0.1067
1.9392,pi,6.2800,6.1658,-0.1067,-0.1067
1.9442,pi,6.2800,6.1216,-0.1076,-0.1076
1.9492,pi,6.2800,6.1319,-0.1075,-0.1075
1.9542,pi,6.2800,6.1395,-0.1073,-0.1073
1.9592,pi,6.2800,6.1680,-0.1068,-0.1068
1.9642,pi,6.2800,6.1684,-0.1068,-0.1068
1.9694,pi,6.2800,6.1410,-0.1074,-0.1074
1.9752,pi,6.2800,6.0688,-0.1089,-0.1089
1.9804,pi,6.2800,6.0606,-0.1091,-0.1091
1.9850,pi,6.2800,6.0040,-0.1103,-0.1103
1.9895,pi,6.2800,6.0082,-0.1103,-0.1103
1.9948,pi,6.2800,6.0116,-0.1103,-0.1103
1.9994,pi,6.2800,6.0147,-0.1103,-0.1103
2.0046,pi,6.2800,6.0173,-0.1103,-0.1103
2.0096,pi,6.2800,6.0199,-0.1103,-0.1103
2.0143,pi,6.2800,6.0217,-0.1104,-0.1104
2.0193,pi,6.2800,6.0235,-0.1104,-0.1104
2.0243,pi,6.2800,6.0754,-0.1094,-0.1094
2.0294,pi,6.2800,6.0940,-0.1091,-0.1091
2.0343,pi,6.2800,6.1096,-0.1088,-0.1088
2.0394,pi,6.2800,6.1216,-0.1086,-0.1086
2.0443,pi,6.2800,6.1323,-0.1084,-0.1084
2.0494,pi,6.2800,6.1404,-0.1083,-0.1083
2.0543,pi,6.2800,6.1466,-0.1082,-0.1082
2.0594,pi,6.2800,6.1515,-0.1082,-0.1082
2.0645,pi,6.2800,6.1773,-0.1077,-0.1077
2.0697,pi,6.2800,6.1973,-0.1073,-0.1073
2.0745,pi,6.2800,6.2133,-0.1070,-0.1070
2.0800,pi,6.2800,6.2265,-0.1067,-0.1067
2.0845,pi,6.2800,6.1868,-0.1075,-0.1075
2.0898,pi,6.2800,6.2056,-0.1072,-0.1072
2.0950,pi,6.2800,6.1700,-0.1079,-0.1079
2.1011,pi,6.2800,6.1917,-0.1075,-0.1075
2.1058,pi,6.2800,6.1592,-0.1082,-0.1082
2.1106,pi,6.2800,6.1325,-0.1088,-0.1088
2.1155,pi,6.2800,6.1390,-0.1087,-0.1087
2.1200,pi,6.2800,6.0988,-0.1095,-0.1095
2.1245,pi,6.2800,6.1135,-0.1093,-0.1093
2.1293,pi,6.2800,6.0800,-0.1100,-0.1100
2.1342,pi,6.2800,6.0986,-0.1097,-0.1097
2.1393,pi,6.2800,6.1136,-0.1094,-0.1094
2.1442,pi,6.2800,6.1255,-0.1092,-0.1092
2.1492,pi,6.2800,6.1350,-0.1091,-0.1091
2.1542,pi,6.2800,6.0972,-0.1099,-0.1099
2.1592,pi,6.2800,6.1123,-0.1096,-0.1096
2.1642,pi,6.2800,6.1248,-0.1094,-0.1094
2.1694,pi,6.2800,6.1338,-0.1092,-0.1092
2.1742,pi,6.2800,6.1418,-0.1091,-0.1091
2.1792,pi,6.2800,6.1479,-0.1090,-0.1090
2.1843,pi,6.2800,6.1523,-0.1090,-0.1090
2.1899,pi,6.2800,6.1762,-0.1085,-0.1085
2.1959,pi,6.2800,6.1430,-0.1092,-0.1092
2.2012,pi,6.2800,6.1199,-0.1097,-0.1097
2.2065,pi,6.2800,6.0504,-0.1112,-0.1112
2.2129,pi,6.2800,5.9954,-0.1123,-0.1123
2.2199,pi,6.2800,5.8988,-0.1144,-0.1144
2.2252,pi,6.2800,5.8198,-0.1161,-0.1161
2.2308,pi,6.2800,5.8112,-0.1163,-0.1163
2.2363,pi,6.2800,5.7373,-0.1180,-0.1180
2.2431,pi,6.2800,5.6514,-0.1198,-0.1198
2.2479,pi,6.2800,5.4924,-0.1232,-0.1232
2.2532,pi,6.2800,5.4520,-0.1242,-0.1242
2.2588,pi,6.2800,5.4674,-0.1241,-0.1241
2.2655,pi,6.2800,5.4703,-0.1243,-0.1243
2.2716,pi,6.2800,5.4802,-0.1243,-0.1243
2.2766,pi,6.2800,5.5894,-0.1223,-0.1223
2.2813,pi,6.2800,5.7035,-0.1201,-0.1201
2.2868,pi,6.2800,5.7179,-0.1200,-0.1200
2.2922,pi,6.2800,5.7176,-0.1201,-0.1201
2.2975,pi,6.2800,5.8200,-0.1182,-0.1182
2.3032,pi,6.2800,5.9358,-0.1160,-0.1160
2.3104,pi,6.2800,6.0545,-0.1136,-0.1136
2.3160,pi,6.2800,6.1689,-0.1114,-0.1114
2.3219,pi,6.2800,6.2413,-0.1099,-0.1099
2.3279,pi,6.2800,6.3164,-0.1084,-0.1084
2.3335,pi,6.2800,6.4244,-0.1062,-0.1062
2.3384,pi,6.2800,6.4668,-0.1053,-0.1053
2.3460,pi,6.2800,6.4097,-0.1064,-0.1064
2.3539,pi,6.2800,6.3235,-0.1082,-0.1082
2.3590,pi,6.2800,6.2112,-0.1104,-0.1104
2.3642,pi,6.2800,5.9602,-0.1156,-0.1156
2.3693,pi,6.2800,5.9034,-0.1168,-0.1168
2.3759,pi,6.2800,5.8179,-0.1186,-0.1186
2.3804,pi,6.2800,5.7985,-0.1192,-0.1192
2.3846,pi,6.2800,5.7829,-0.1196,-0.1196
2.3887,pi,6.2800,5.7246,-0.1209,-0.1209
2.3928,pi,6.2800,5.6782,-0.1220,-0.1220
2.3968,pi,6.2800,5.7714,-0.1202,-0.1202
2.4009,pi,6.2800,5.8794,-0.1182,-0.1182
2.4054,pi,6.2800,5.9841,-0.1162,-0.1162
2.4101,pi,6.2800,6.0866,-0.1142,-0.1142
2.4143,pi,6.2800,6.2011,-0.1119,-0.1119
2.4181,pi,6.2800,6.2429,-0.1111,-0.1111
2.4219,pi,6.2800,6.3216,-0.1095,-0.1095
2.4257,pi,6.2800,6.3376,-0.1091,-0.1091
2.4296,pi,6.2800,6.3502,-0.1089,-0.1089
2.4334,pi,6.2800,6.3607,-0.1086,-0.1086
2.4374,pi,6.2800,6.4143,-0.1075,-0.1075
2.4426,pi,6.2800,6.4263,-0.1073,-0.1073
2.4468,pi,6.2800,6.4471,-0.1068,-0.1068
2.4505,pi,6.2800,6.4829,-0.1060,-0.1060
2.4544,pi,6.2800,6.4668,-0.1063,-0.1063
2.4582,pi,6.2800,6.4534,-0.1065,-0.1065
2.4619,pi,6.2800,6.4425,-0.1067,-0.1067
2.4658,pi,6.2800,6.4344,-0.1068,-0.1068
2.4695,pi,6.2800,6.4280,-0.1069,-0.1069
2.4742,pi,6.2800,6.4491,-0.1065,-0.1065
2.4791,pi,6.2800,6.4388,-0.1066,-0.1066
2.4842,pi,6.2800,6.3849,-0.1077,-0.1077
2.4892,pi,6.2800,6.3419,-0.1085,-0.1085
2.4942,pi,6.2800,6.3088,-0.1092,-0.1092
2.4992,pi,6.2800,6.2812,-0.1097,-0.1097
2.5042,pi,6.2800,6.2310,-0.1107,-0.1107
2.5095,pi,6.2800,6.2406,-0.1106,-0.1106
2.5151,pi,6.2800,6.1974,-0.1114,-0.1114
2.5198,pi,6.2800,6.2133,-0.1111,-0.1111
2.5245,pi,6.2800,6.1765,-0.1119,-0.1119
2.5292,pi,6.2800,6.1975,-0.1115,-0.1115
2.5342,pi,6.2800,6.1918,-0.1116,-0.1116
2.5394,pi,6.2800,6.2089,-0.1113,-0.1113
2.5442,pi,6.2800,6.2235,-0.1110,-0.1110
2.5493,pi,6.2800,6.2585,-0.1103,-0.1103
2.5543,pi,6.2800,6.2633,-0.1103,-0.1103
2.5592,pi,6.2800,6.2902,-0.1097,-0.1097
2.5642,pi,6.2800,6.2671,-0.1102,-0.1102
2.5692,pi,6.2800,6.2945,-0.1096,-0.1096
2.5742,pi,6.2800,6.2704,-0.1101,-0.1101
2.5792,pi,6.2800,6.2964,-0.1096,-0.1096
2.5843,pi,6.2800,6.2937,-0.1096,-0.1096
2.5892,pi,6.2800,6.3145,-0.1092,-0.1092
2.5942,pi,6.2800,6.2867,-0.1098,-0.1098
2.5992,pi,6.2800,6.3093,-0.1093,-0.1093
2.6042,pi,6.2800,6.2812,-0.1099,-0.1099
2.6093,pi,6.2800,6.2312,-0.1109,-0.1109
2.6142,pi,6.2800,6.2189,-0.1111,-0.1111
2.6192,pi,6.2800,6.2089,-0.1114,-0.1114
2.6242,pi,6.2800,6.2010,-0.1115,-0.1115
2.6292,pi,6.2800,6.1947,-0.1117,-0.1117
2.6342,pi,6.2800,6.1898,-0.1118,-0.1118
2.6393,pi,6.2800,6.1580,-0.1125,-0.1125
2.6443,pi,6.2800,6.1824,-0.1120,-0.1120
2.6496,pi,6.2800,6.1517,-0.1127,-0.1127
2.6543,pi,6.2800,6.1775,-0.1122,-0.1122
2.6592,pi,6.2800,6.1985,-0.1118,-0.1118
2.6644,pi,6.2800,6.2154,-0.1114,-0.1114
2.6694,pi,6.2800,6.2286,-0.1112,-0.1112
2.6744,pi,6.2800,6.2392,-0.1110,-0.1110
2.6792,pi,6.2800,6.2477,-0.1108,-0.1108
2.6842,pi,6.2800,6.2545,-0.1107,-0.1107
2.6893,pi,6.2800,6.2599,-0.1106,-0.1106
2.6942,pi,6.2800,6.2873,-0.1100,-0.1100
2.6992,pi,6.2800,6.2641,-0.1105,-0.1105
2.7042,pi,6.2800,6.2912,-0.1100,-0.1100
2.7092,pi,6.2800,6.2895,-0.1100,-0.1100
2.7143,pi,6.2800,6.2869,-0.1101,-0.1101
2.7192,pi,6.2800,6.3087,-0.1096,-0.1096
2.7242,pi,6.2800,6.3267,-0.1092,-0.1092
2.7292,pi,6.2800,6.3411,-0.1089,-0.1089
2.7342,pi,6.2800,6.3527,-0.1087,-0.1087
2.7396,pi,6.2800,6.3615,-0.1085,-0.1085
2.7445,pi,6.2800,6.3449,-0.1088,-0.1088
2.7496,pi,6.2800,6.3319,-0.1091,-0.1091
2.7557,pi,6.2800,6.3204,-0.1093,-0.1093
2.7610,pi,6.2800,6.3095,-0.1095,-0.1095
2.7656,pi,6.2800,6.3037,-0.1096,-0.1096
2.7702,pi,6.2800,6.2479,-0.1107,-0.1107
2.7762,pi,6.2800,6.2025,-0.1116,-0.1116
2.7829,pi,6.2800,6.1654,-0.1124,-0.1124
2.7880,pi,6.2800,6.1839,-0.1121,-0.1121
2.7928,pi,6.2800,6.1521,-0.1127,-0.1127
2.7975,pi,6.2800,6.1777,-0.1122,-0.1122
2.8016,pi,6.2800,6.1987,-0.1119,-0.1119
2.8058,pi,6.2800,6.2389,-0.1111,-0.1111
2.8097,pi,6.2800,6.2262,-0.1113,-0.1113
2.8143,pi,6.2800,6.2633,-0.1106,-0.1106
2.8192,pi,6.2800,6.2460,-0.1109,-0.1109
2.8242,pi,6.2800,6.2779,-0.1103,-0.1103
2.8292,pi,6.2800,6.3040,-0.1098,-0.1098
2.8342,pi,6.2800,6.3254,-0.1093,-0.1093
2.8393,pi,6.2800,6.2986,-0.1099,-0.1099
2.8444,pi,6.2800,6.2951,-0.1099,-0.1099
2.8492,pi,6.2800,6.2711,-0.1104,-0.1104
2.8542,pi,6.2800,6.2730,-0.1104,-0.1104
2.8592,pi,6.2800,6.2523,-0.1108,-0.1108
2.8642,pi,6.2800,6.2816,-0.1102,-0.1102
2.8692,pi,6.2800,6.2595,-0.1107,-0.1107
2.8743,pi,6.2800,6.2642,-0.1106,-0.1106
2.8792,pi,6.2800,6.2908,-0.1100,-0.1100
2.8843,pi,6.2800,6.2892,-0.1101,-0.1101
2.8893,pi,6.2800,6.2871,-0.1101,-0.1101
2.8942,pi,6.2800,6.3092,-0.1097,-0.1097
2.8993,pi,6.2800,6.3032,-0.1098,-0.1098
2.9042,pi,6.2800,6.3222,-0.1094,-0.1094
2.9092,pi,6.2800,6.3142,-0.1095,-0.1095
2.9142,pi,6.2800,6.3077,-0.1097,-0.1097
2.9192,pi,6.2800,6.3027,-0.1098,-0.1098
2.9242,pi,6.2800,6.2985,-0.1098,-0.1098
2.9294,pi,6.2800,6.2441,-0.1109,-0.1109
2.9348,pi,6.2800,6.2513,-0.1108,-0.1108
2.9392,pi,6.2800,6.2347,-0.1111,-0.1111
2.9442,pi,6.2800,6.2683,-0.1105,-0.1105
2.9492,pi,6.2800,6.2486,-0.1109,-0.1109
2.9542,pi,6.2800,6.2796,-0.1102,-0.1102
2.9592,pi,6.2800,6.2577,-0.1107,-0.1107
2.9642,pi,6.2800,6.2861,-0.1101,-0.1101
2.9692,pi,6.2800,6.2630,-0.1106,-0.1106
2.9742,pi,6.2800,6.2901,-0.1100,-0.1100
2.9792,pi,6.2800,6.2664,-0.1105,-0.1105
2.9842,pi,6.2800,6.2936,-0.1100,-0.1100
2.9892,pi,6.2800,6.2695,-0.1105,-0.1105
2.9942,pi,6.2800,6.2956,-0.1099,-0.1099
2.9992,pi,6.2800,6.2706,-0.1104,-0.1104
3.0042,pi,6.2800,6.2961,-0.1099,-0.1099
3.0092,pi,6.2800,6.2929,-0.1100,-0.1100
3.0142,pi,6.2800,6.2683,-0.1105,-0.1105
3.0193,pi,6.2800,6.2707,-0.1104,-0.1104
3.0252,pi,6.2800,6.2724,-0.1104,-0.1104
3.0306,pi,6.2800,6.2718,-0.1104,-0.1104
3.0346,pi,6.2800,6.2737,-0.1104,-0.1104
3.0392,pi,6.2800,6.2750,-0.1103,-0.1103
3.0442,pi,6.2800,6.2765,-0.1103,-0.1103
3.0492,pi,6.2800,6.2775,-0.1103,-0.1103
3.0542,pi,6.2800,6.2278,-0.1113,-0.1113
3.0592,pi,6.2800,6.2156,-0.1116,-0.1116
3.0643,pi,6.2800,6.2788,-0.1103,-0.1103
3.0692,pi,6.2800,6.3021,-0.1098,-0.1098
3.0742,pi,6.2800,6.2756,-0.1104,-0.1104
3.0792,pi,6.2800,6.2550,-0.1108,-0.1108
3.0842,pi,6.2800,6.2606,-0.1107,-0.1107
3.0892,pi,6.2800,6.2422,-0.1111,-0.1111
3.0942,pi,6.2800,6.1998,-0.1119,-0.1119
3.0992,pi,6.2800,6.2164,-0.1116,-0.1116
3.1043,pi,6.2800,6.2294,-0.1114,-0.1114
3.1095,pi,6.2800,6.2391,-0.1112,-0.1112
3.1149,pi,6.2800,6.1965,-0.1120,-0.1120
3.1205,pi,6.2800,6.2130,-0.1117,-0.1117
3.1251,pi,6.2800,6.2498,-0.1110,-0.1110
3.1300,pi,6.2800,6.2562,-0.1109,-0.1109
3.1345,pi,6.2800,6.2100,-0.1118,-0.1118
3.1396,pi,6.2800,6.2235,-0.1116,-0.1116
3.1447,pi,6.2800,6.2341,-0.1114,-0.1114
3.1499,pi,6.2800,6.2431,-0.1112,-0.1112
3.1544,pi,6.2800,6.3001,-0.1101,-0.1101
3.1596,pi,6.2800,6.3190,-0.1097,-0.1097
3.1650,pi,6.2800,6.3502,-0.1090,-0.1090
3.1696,pi,6.2800,6.3380,-0.1093,-0.1093
3.1750,pi,6.2800,6.2752,-0.1105,-0.1105
3.1794,pi,6.2800,6.2764,-0.1105,-0.1105
3.1849,pi,6.2800,6.3001,-0.1100,-0.1100
3.1894,pi,6.2800,6.3198,-0.1096,-0.1096
3.1942,pi,6.2800,6.3362,-0.1093,-0.1093
3.1992,pi,6.2800,6.3497,-0.1090,-0.1090
3.2042,pi,6.2800,6.3600,-0.1087,-0.1087
3.2093,pi,6.2800,6.3235,-0.1095,-0.1095
3.2144,pi,6.2800,6.3394,-0.1091,-0.1091
3.2195,pi,6.2800,6.3186,-0.1095,-0.1095
3.2242,pi,6.2800,6.3348,-0.1092,-0.1092
3.2292,pi,6.2800,6.3483,-0.1089,-0.1089
3.2342,pi,6.2800,6.3131,-0.1096,-0.1096
3.2392,pi,6.2800,6.2851,-0.1102,-0.1102
3.2442,pi,6.2800,6.2628,-0.1106,-0.1106
3.2492,pi,6.2800,6.2669,-0.1105,-0.1105
3.2544,pi,6.2800,6.2194,-0.1115,-0.1115
3.2594,pi,6.2800,6.2321,-0.1113,-0.1113
3.2643,pi,6.2800,6.1914,-0.1121,-0.1121
3.2694,pi,6.2800,6.1864,-0.1122,-0.1122
3.2743,pi,6.2800,6.1549,-0.1129,-0.1129
3.2791,pi,6.2800,6.1582,-0.1128,-0.1128
3.2842,pi,6.2800,6.1608,-0.1128,-0.1128
3.2892,pi,6.2800,6.2084,-0.1119,-0.1119
3.2945,pi,6.2800,6.2233,-0.1116,-0.1116
3.2995,pi,6.2800,6.2353,-0.1114,-0.1114
3.3042,pi,6.2800,6.2218,-0.1117,-0.1117
3.3092,pi,6.2800,6.2573,-0.1110,-0.1110
3.3143,pi,6.2800,6.2401,-0.1113,-0.1113
3.3192,pi,6.2800,6.2721,-0.1107,-0.1107
3.3243,pi,6.2800,6.2973,-0.1102,-0.1102
3.3292,pi,6.2800,6.2943,-0.1102,-0.1102
3.3343,pi,6.2800,6.2919,-0.1103,-0.1103
3.3393,pi,6.2800,6.2896,-0.1103,-0.1103
3.3442,pi,6.2800,6.3383,-0.1093,-0.1093
3.3492,pi,6.2800,6.3502,-0.1091,-0.1091
3.3542,pi,6.2800,6.3598,-0.1089,-0.1089
3.3593,pi,6.2800,6.3442,-0.1092,-0.1092
3.3642,pi,6.2800,6.3817,-0.1084,-0.1084
3.3692,pi,6.2800,6.3617,-0.1088,-0.1088
3.3741,pi,6.2800,6.3232,-0.1095,-0.1095
3.3793,pi,6.2800,6.2927,-0.1101,-0.1101
3.3843,pi,6.2800,6.2905,-0.1102,-0.1102
3.3892,pi,6.2800,6.3116,-0.1097,-0.1097
3.3943,pi,6.2800,6.2832,-0.1103,-0.1103
3.3992,pi,6.2800,6.2831,-0.1103,-0.1103
3.4043,pi,6.2800,6.2327,-0.1113,-0.1113
3.4092,pi,6.2800,6.2428,-0.1111,-0.1111
3.4143,pi,6.2800,6.2280,-0.1114,-0.1114
3.4192,pi,6.2800,6.2391,-0.1112,-0.1112
3.4243,pi,6.2800,6.2253,-0.1115,-0.1115
3.4292,pi,6.2800,6.2368,-0.1113,-0.1113
3.4342,pi,6.2800,6.2231,-0.1116,-0.1116
3.4392,pi,6.2800,6.2581,-0.1109,-0.1109
3.4443,pi,6.2800,6.2630,-0.1108,-0.1108
3.4496,pi,6.2800,6.2661,-0.1107,-0.1107
3.4552,pi,6.2800,6.2688,-0.1107,-0.1107
3.4600,pi,6.2800,6.2943,-0.1102,-0.1102
3.4643,pi,6.2800,6.2917,-0.1102,-0.1102
3.4691,pi,6.2800,6.3129,-0.1098,-0.1098
3.4742,pi,6.2800,6.2844,-0.1104,-0.1104
3.4792,pi,6.2800,6.3070,-0.1099,-0.1099
3.4842,pi,6.2800,6.2796,-0.1104,-0.1104
3.4892,pi,6.2800,6.3035,-0.1100,-0.1100
3.4942,pi,6.2800,6.2764,-0.1105,-0.1105
3.4992,pi,6.2800,6.3006,-0.1100,-0.1100
3.5042,pi,6.2800,6.2753,-0.1105,-0.1105
3.5092,pi,6.2800,6.3006,-0.1100,-0.1100
3.5142,pi,6.2800,6.2744,-0.1105,-0.1105
3.5192,pi,6.2800,6.2761,-0.1105,-0.1105
3.5242,pi,6.2800,6.2548,-0.1109,-0.1109
3.5292,pi,6.2800,6.2835,-0.1104,-0.1104
3.5342,pi,6.2800,6.2607,-0.1108,-0.1108
3.5392,pi,6.2800,6.2883,-0.1103,-0.1103
3.5442,pi,6.2800,6.2645,-0.1108,-0.1108
3.5492,pi,6.2800,6.2916,-0.1102,-0.1102
3.5542,pi,6.2800,6.2675,-0.1107,-0.1107
3.5592,pi,6.2800,6.2701,-0.1106,-0.1106
3.5642,pi,6.2800,6.2500,-0.1111,-0.1111
3.5692,pi,6.2800,6.2797,-0.1105,-0.1105
3.5742,pi,6.2800,6.2578,-0.1109,-0.1109
3.5792,pi,6.2800,6.2859,-0.1103,-0.1103
3.5842,pi,6.2800,6.2853,-0.1103,-0.1103
3.5892,pi,6.2800,6.2848,-0.1104,-0.1104
3.5942,pi,6.2800,6.2844,-0.1104,-0.1104
3.5992,pi,6.2800,6.2840,-0.1104,-0.1104
3.6042,pi,6.2800,6.2838,-0.1104,-0.1104
3.6091,pi,6.2800,6.3065,-0.1099,-0.1099
3.6142,pi,6.2800,6.2795,-0.1105,-0.1105
3.6192,pi,6.2800,6.2803,-0.1104,-0.1104
3.6242,pi,6.2800,6.2808,-0.1104,-0.1104
3.6291,pi,6.2800,6.3043,-0.1100,-0.1100
3.6342,pi,6.2800,6.2771,-0.1105,-0.1105
3.6392,pi,6.2800,6.3014,-0.1100,-0.1100
3.6442,pi,6.2800,6.2748,-0.1105,-0.1105
3.6492,pi,6.2800,6.2995,-0.1100,-0.1100
3.6542,pi,6.2800,6.2734,-0.1106,-0.1106
3.6592,pi,6.2800,6.2984,-0.1101,-0.1101
3.6642,pi,6.2800,6.2953,-0.1101,-0.1101
3.6692,pi,6.2800,6.2928,-0.1102,-0.1102
3.6742,pi,6.2800,6.2908,-0.1102,-0.1102
3.6792,pi,6.2800,6.2893,-0.1102,-0.1102
3.6842,pi,6.2800,6.2879,-0.1103,-0.1103
3.6892,pi,6.2800,6.2870,-0.1103,-0.1103
3.6942,pi,6.2800,6.2861,-0.1103,-0.1103
3.6992,pi,6.2800,6.2855,-0.1103,-0.1103
3.7042,pi,6.2800,6.2621,-0.1108,-0.1108
3.7092,pi,6.2800,6.2662,-0.1107,-0.1107
3.7142,pi,6.2800,6.2466,-0.1111,-0.1111
3.7192,pi,6.2800,6.2769,-0.1105,-0.1105
3.7242,pi,6.2800,6.2553,-0.1109,-0.1109
3.7292,pi,6.2800,6.2608,-0.1108,-0.1108
3.7341,pi,6.2800,6.2423,-0.1112,-0.1112
3.7392,pi,6.2800,6.2001,-0.1121,-0.1121
3.7442,pi,6.2800,6.2167,-0.1117,-0.1117
3.7491,pi,6.2800,6.2530,-0.1110,-0.1110
3.7542,pi,6.2800,6.2361,-0.1114,-0.1114
3.7592,pi,6.2800,6.2685,-0.1107,-0.1107
3.7642,pi,6.2800,6.2485,-0.1111,-0.1111
3.7692,pi,6.2800,6.2554,-0.1110,-0.1110
3.7742,pi,6.2800,6.2608,-0.1109,-0.1109
3.7792,pi,6.2800,6.2151,-0.1118,-0.1118
3.7842,pi,6.2800,6.2285,-0.1116,-0.1116
3.7892,pi,6.2800,6.2622,-0.1109,-0.1109
3.7942,pi,6.2800,6.2659,-0.1108,-0.1108
3.7992,pi,6.2800,6.2692,-0.1108,-0.1108
3.8043,pi,6.2800,6.2713,-0.1107,-0.1107
3.8092,pi,6.2800,6.2731,-0.1107,-0.1107
3.8143,pi,6.2800,6.2741,-0.1107,-0.1107
3.8192,pi,6.2800,6.2756,-0.1107,-0.1107
3.8243,pi,6.2800,6.2767,-0.1106,-0.1106
3.8292,pi,6.2800,6.3277,-0.1096,-0.1096
3.8343,pi,6.2800,6.3178,-0.1098,-0.1098
3.8392,pi,6.2800,6.3107,-0.1099,-0.1099
3.8442,pi,6.2800,6.3278,-0.1096,-0.1096
3.8493,pi,6.2800,6.3186,-0.1097,-0.1097
3.8542,pi,6.2800,6.3115,-0.1099,-0.1099
3.8592,pi,6.2800,6.3291,-0.1095,-0.1095
3.8643,pi,6.2800,6.2970,-0.1102,-0.1102
3.8692,pi,6.2800,6.2940,-0.1102,-0.1102
3.8742,pi,6.2800,6.2686,-0.1107,-0.1107
3.8792,pi,6.2800,6.2713,-0.1107,-0.1107
3.8842,pi,6.2800,6.2507,-0.1111,-0.1111
3.8892,pi,6.2800,6.2570,-0.1110,-0.1110
3.8942,pi,6.2800,6.2118,-0.1119,-0.1119
3.8992,pi,6.2800,6.2259,-0.1116,-0.1116
3.9042,pi,6.2800,6.2141,-0.1119,-0.1119
3.9092,pi,6.2800,6.2276,-0.1116,-0.1116
3.9142,pi,6.2800,6.2386,-0.1114,-0.1114
3.9192,pi,6.2800,6.2475,-0.1112,-0.1112
3.9242,pi,6.2800,6.2774,-0.1106,-0.1106
3.9292,pi,6.2800,6.3015,-0.1102,-0.1102
3.9342,pi,6.2800,6.2751,-0.1107,-0.1107
3.9393,pi,6.2800,6.2766,-0.1107,-0.1107
3.9442,pi,6.2800,6.3281,-0.1096,-0.1096
3.9491,pi,6.2800,6.3423,-0.1093,-0.1093
3.9541,pi,6.2800,6.3539,-0.1091,-0.1091
3.9592,pi,6.2800,6.3631,-0.1089,-0.1089
3.9642,pi,6.2800,6.3704,-0.1087,-0.1087
3.9692,pi,6.2800,6.3762,-0.1085,-0.1085
3.9742,pi,6.2800,6.3348,-0.1094,-0.1094
3.9792,pi,6.2800,6.3022,-0.1100,-0.1100
3.9842,pi,6.2800,6.3217,-0.1096,-0.1096
3.9892,pi,6.2800,6.3372,-0.1093,-0.1093
3.9942,pi,6.2800,6.3498,-0.1090,-0.1090
3.9992,pi,6.2800,6.3141,-0.1097,-0.1097
4.0042,pi,6.2800,6.3077,-0.1098,-0.1098
4.0091,pi,6.2800,6.2798,-0.1104,-0.1104
4.0142,pi,6.2800,6.3035,-0.1099,-0.1099
4.0192,pi,6.2800,6.2766,-0.1105,-0.1105
4.0242,pi,6.2800,6.3009,-0.1100,-0.1100
4.0292,pi,6.2800,6.3205,-0.1096,-0.1096
4.0342,pi,6.2800,6.2625,-0.1107,-0.1107
4.0391,pi,6.2800,6.2438,-0.1111,-0.1111
4.0442,pi,6.2800,6.2008,-0.1120,-0.1120
4.0491,pi,6.2800,6.1944,-0.1121,-0.1121
4.0542,pi,6.2800,6.1618,-0.1128,-0.1128
4.0592,pi,6.2800,6.1634,-0.1128,-0.1128
4.0642,pi,6.2800,6.1368,-0.1134,-0.1134
4.0691,pi,6.2800,6.1433,-0.1133,-0.1133
4.0743,pi,6.2800,6.1205,-0.1138,-0.1138
4.0793,pi,6.2800,6.1524,-0.1132,-0.1132
4.0849,pi,6.2800,6.2281,-0.1117,-0.1117
4.0900,pi,6.2800,6.2385,-0.1115,-0.1115
4.0942,pi,6.2800,6.2473,-0.1113,-0.1113
4.0992,pi,6.2800,6.2545,-0.1112,-0.1112
4.1042,pi,6.2800,6.3103,-0.1101,-0.1101
4.1094,pi,6.2800,6.3046,-0.1102,-0.1102
4.1143,pi,6.2800,6.3500,-0.1092,-0.1092
4.1193,pi,6.2800,6.3362,-0.1095,-0.1095
4.1242,pi,6.2800,6.3757,-0.1087,-0.1087
4.1292,pi,6.2800,6.3800,-0.1086,-0.1086
4.1342,pi,6.2800,6.3839,-0.1085,-0.1085
4.1392,pi,6.2800,6.3415,-0.1093,-0.1093
4.1442,pi,6.2800,6.3801,-0.1085,-0.1085
4.1492,pi,6.2800,6.3603,-0.1089,-0.1089
4.1542,pi,6.2800,6.3448,-0.1092,-0.1092
4.1592,pi,6.2800,6.3825,-0.1084,-0.1084
4.1642,pi,6.2800,6.3854,-0.1083,-0.1083
4.1693,pi,6.2800,6.3647,-0.1087,-0.1087
4.1742,pi,6.2800,6.3713,-0.1085,-0.1085
4.1792,pi,6.2800,6.3311,-0.1093,-0.1093
4.1842,pi,6.2800,6.3446,-0.1091,-0.1091
4.1892,pi,6.2800,6.3094,-0.1097,-0.1097
4.1943,pi,6.2800,6.3040,-0.1099,-0.1099
4.1992,pi,6.2800,6.2997,-0.1099,-0.1099
4.2042,pi,6.2800,6.2964,-0.1100,-0.1100
4.2091,pi,6.2800,6.2712,-0.1105,-0.1105
4.2144,pi,6.2800,6.2232,-0.1115,-0.1115
4.2192,pi,6.2800,6.2123,-0.1117,-0.1117
4.2242,pi,6.2800,6.1762,-0.1125,-0.1125
4.2292,pi,6.2800,6.1749,-0.1125,-0.1125
4.2343,pi,6.2800,6.1461,-0.1131,-0.1131
4.2392,pi,6.2800,6.1507,-0.1131,-0.1131
4.2443,pi,6.2800,6.1268,-0.1136,-0.1136
4.2492,pi,6.2800,6.1580,-0.1130,-0.1130
4.2542,pi,6.2800,6.1327,-0.1135,-0.1135
4.2592,pi,6.2800,6.1627,-0.1130,-0.1130
4.2642,pi,6.2800,6.1639,-0.1130,-0.1130
4.2692,pi,6.2800,6.1878,-0.1125,-0.1125
4.2743,pi,6.2800,6.2065,-0.1121,-0.1121
4.2792,pi,6.2800,6.2218,-0.1119,-0.1119
4.2843,pi,6.2800,6.2340,-0.1116,-0.1116
4.2892,pi,6.2800,6.2435,-0.1114,-0.1114
4.2942,pi,6.2800,6.2285,-0.1118,-0.1118
4.2992,pi,6.2800,6.2627,-0.1111,-0.1111
4.3042,pi,6.2800,6.2899,-0.1105,-0.1105
4.3092,pi,6.2800,6.2885,-0.1106,-0.1106
4.3142,pi,6.2800,6.3371,-0.1096,-0.1096
4.3192,pi,6.2800,6.3489,-0.1093,-0.1093
4.3242,pi,6.2800,6.3589,-0.1091,-0.1091
4.3292,pi,6.2800,6.3434,-0.1094,-0.1094
4.3346,pi,6.2800,6.3815,-0.1086,-0.1086
4.3396,pi,6.2800,6.3613,-0.1090,-0.1090
4.3442,pi,6.2800,6.3957,-0.1083,-0.1083
4.3493,pi,6.2800,6.3726,-0.1087,-0.1087
4.3542,pi,6.2800,6.3047,-0.1101,-0.1101
4.3592,pi,6.2800,6.2777,-0.1106,-0.1106
4.3643,pi,6.2800,6.2788,-0.1106,-0.1106
4.3691,pi,6.2800,6.2576,-0.1110,-0.1110
4.3743,pi,6.2800,6.2401,-0.1114,-0.1114
4.3792,pi,6.2800,6.2260,-0.1117,-0.1117
4.3844,pi,6.2800,6.2150,-0.1119,-0.1119
4.3894,pi,6.2800,6.2057,-0.1121,-0.1121
4.3944,pi,6.2800,6.1990,-0.1123,-0.1123
4.3991,pi,6.2800,6.1934,-0.1124,-0.1124
4.4042,pi,6.2800,6.2113,-0.1121,-0.1121
4.4092,pi,6.2800,6.2254,-0.1118,-0.1118
4.4143,pi,6.2800,6.2137,-0.1120,-0.1120
4.4192,pi,6.2800,6.2274,-0.1118,-0.1118
4.4242,pi,6.2800,6.2381,-0.1116,-0.1116
4.4292,pi,6.2800,6.2467,-0.1114,-0.1114
4.4343,pi,6.2800,6.2536,-0.1113,-0.1113
4.4392,pi,6.2800,6.2821,-0.1107,-0.1107
4.4442,pi,6.2800,6.2822,-0.1107,-0.1107
4.4492,pi,6.2800,6.2820,-0.1107,-0.1107
4.4542,pi,6.2800,6.2821,-0.1107,-0.1107
4.4592,pi,6.2800,6.2823,-0.1107,-0.1107
4.4642,pi,6.2800,6.2595,-0.1112,-0.1112
4.4693,pi,6.2800,6.2642,-0.1111,-0.1111
4.4742,pi,6.2800,6.2908,-0.1105,-0.1105
4.4793,pi,6.2800,6.2892,-0.1106,-0.1106
4.4842,pi,6.2800,6.3109,-0.1101,-0.1101
4.4894,pi,6.2800,6.3052,-0.1102,-0.1102
4.4942,pi,6.2800,6.3007,-0.1103,-0.1103
4.4993,pi,6.2800,6.2971,-0.1104,-0.1104
4.5042,pi,6.2800,6.2943,-0.1104,-0.1104
4.5092,pi,6.2800,6.3150,-0.1100,-0.1100
4.5143,pi,6.2800,6.3085,-0.1101,-0.1101
4.5193,pi,6.2800,6.3034,-0.1102,-0.1102
4.5242,pi,6.2800,6.3222,-0.1098,-0.1098
4.5292,pi,6.2800,6.2915,-0.1105,-0.1105
4.5343,pi,6.2800,6.2394,-0.1115,-0.1115
4.5392,pi,6.2800,6.2252,-0.1118,-0.1118
4.5443,pi,6.2800,6.2142,-0.1120,-0.1120
4.5493,pi,6.2800,6.2277,-0.1118,-0.1118
4.5550,pi,6.2800,6.2382,-0.1116,-0.1116
4.5600,pi,6.2800,6.2466,-0.1114,-0.1114
4.5643,pi,6.2800,6.2537,-0.1113,-0.1113
4.5691,pi,6.2800,6.2826,-0.1107,-0.1107
4.5742,pi,6.2800,6.2602,-0.1112,-0.1112
4.5792,pi,6.2800,6.2424,-0.1115,-0.1115
4.5842,pi,6.2800,6.2279,-0.1118,-0.1118
4.5893,pi,6.2800,6.2389,-0.1116,-0.1116
4.5947,pi,6.2800,6.2470,-0.1115,-0.1115
4.6003,pi,6.2800,6.2520,-0.1114,-0.1114
4.6044,pi,6.2800,6.2808,-0.1108,-0.1108
4.6092,pi,6.2800,6.3047,-0.1103,-0.1103
4.6142,pi,6.2800,6.2783,-0.1108,-0.1108
4.6192,pi,6.2800,6.2792,-0.1108,-0.1108
4.6242,pi,6.2800,6.3301,-0.1098,-0.1098
4.6293,pi,6.2800,6.3203,-0.1100,-0.1100
4.6342,pi,6.2800,6.3628,-0.1091,-0.1091
4.6392,pi,6.2800,6.3694,-0.1090,-0.1090
4.6442,pi,6.2800,6.3752,-0.1088,-0.1088
4.6493,pi,6.2800,6.3800,-0.1087,-0.1087
4.6543,pi,6.2800,6.3401,-0.1095,-0.1095
4.6593,pi,6.2800,6.3063,-0.1101,-0.1101
4.6643,pi,6.2800,6.3017,-0.1102,-0.1102
4.6693,pi,6.2800,6.2979,-0.1103,-0.1103
4.6742,pi,6.2800,6.2446,-0.1114,-0.1114
4.6792,pi,6.2800,6.2298,-0.1117,-0.1117
4.6843,pi,6.2800,6.2175,-0.1120,-0.1120
4.6893,pi,6.2800,6.2304,-0.1117,-0.1117
4.6942,pi,6.2800,6.1906,-0.1125,-0.1125
4.6991,pi,6.2800,6.1865,-0.1126,-0.1126
4.7042,pi,6.2800,6.1834,-0.1127,-0.1127
4.7092,pi,6.2800,6.2031,-0.1123,-0.1123
4.7143,pi,6.2800,6.2188,-0.1120,-0.1120
4.7192,pi,6.2800,6.2316,-0.1118,-0.1118
4.7242,pi,6.2800,6.2191,-0.1121,-0.1121
4.7293,pi,6.2800,6.2308,-0.1118,-0.1118
4.7343,pi,6.2800,6.2411,-0.1116,-0.1116
4.7392,pi,6.2800,6.2724,-0.1110,-0.1110
4.7443,pi,6.2800,6.2745,-0.1110,-0.1110
4.7492,pi,6.2800,6.2761,-0.1110,-0.1110
4.7544,pi,6.2800,6.2772,-0.1109,-0.1109
4.7597,pi,6.2800,6.2782,-0.1109,-0.1109
4.7644,pi,6.2800,6.2786,-0.1109,-0.1109
4.7692,pi,6.2800,6.2792,-0.1109,-0.1109
4.7742,pi,6.2800,6.2798,-0.1109,-0.1109
4.7791,pi,6.2800,6.3033,-0.1104,-0.1104
4.7842,pi,6.2800,6.2774,-0.1109,-0.1109
4.7892,pi,6.2800,6.3017,-0.1104,-0.1104
4.7942,pi,6.2800,6.2753,-0.1110,-0.1110
4.7992,pi,6.2800,6.3000,-0.1105,-0.1105
4.8042,pi,6.2800,6.3197,-0.1101,-0.1101
4.8092,pi,6.2800,6.3356,-0.1097,-0.1097
4.8142,pi,6.2800,6.3484,-0.1095,-0.1095
4.8192,pi,6.2800,6.3590,-0.1092,-0.1092
4.8242,pi,6.2800,6.3672,-0.1090,-0.1090
4.8292,pi,6.2800,6.3504,-0.1094,-0.1094
4.8342,pi,6.2800,6.3366,-0.1096,-0.1096
4.8392,pi,6.2800,6.3486,-0.1094,-0.1094
4.8443,pi,6.2800,6.3857,-0.1086,-0.1086
4.8492,pi,6.2800,6.3652,-0.1090,-0.1090
4.8543,pi,6.2800,6.2982,-0.1103,-0.1103
4.8592,pi,6.2800,6.2722,-0.1108,-0.1108
4.8643,pi,6.2800,6.2240,-0.1118,-0.1118
4.8692,pi,6.2800,6.2358,-0.1116,-0.1116
4.8742,pi,6.2800,6.1948,-0.1124,-0.1124
4.8792,pi,6.2800,6.2123,-0.1121,-0.1121
4.8842,pi,6.2800,6.2037,-0.1123,-0.1123
4.8892,pi,6.2800,6.2427,-0.1115,-0.1115
4.8942,pi,6.2800,6.2279,-0.1118,-0.1118
4.8992,pi,6.2800,6.2163,-0.1121,-0.1121
4.9042,pi,6.2800,6.2070,-0.1123,-0.1123
4.9092,pi,6.2800,6.2452,-0.1115,-0.1115
4.9143,pi,6.2800,6.2527,-0.1114,-0.1114
4.9192,pi,6.2800,6.2816,-0.1108,-0.1108
4.9242,pi,6.2800,6.2591,-0.1113,-0.1113
4.9293,pi,6.2800,6.2636,-0.1112,-0.1112
4.9342,pi,6.2800,6.2672,-0.1111,-0.1111
4.9392,pi,6.2800,6.2703,-0.1110,-0.1110
4.9443,pi,6.2800,6.2727,-0.1110,-0.1110
4.9492,pi,6.2800,6.2745,-0.1110,-0.1110
4.9542,pi,6.2800,6.2759,-0.1109,-0.1109
4.9592,pi,6.2800,6.2772,-0.1109,-0.1109
4.9642,pi,6.2800,6.3012,-0.1104,-0.1104
4.9692,pi,6.2800,6.2975,-0.1105,-0.1105
4.9742,pi,6.2800,6.2945,-0.1106,-0.1106
4.9792,pi,6.2800,6.3150,-0.1101,-0.1101
4.9843,pi,6.2800,6.2860,-0.1107,-0.1107
4.9892,pi,6.2800,6.2854,-0.1107,-0.1107
4.9942,pi,6.2800,6.2620,-0.1112,-0.1112
4.9992,pi,6.2800,6.2893,-0.1106,-0.1106
5.0042,pi,6.2800,6.2654,-0.1111,-0.1111
5.0092,pi,6.2800,6.2921,-0.1106,-0.1106
5.0142,pi,6.2800,6.2676,-0.1111,-0.1111
5.0192,pi,6.2800,6.2705,-0.1110,-0.1110
5.0242,pi,6.2800,6.2729,-0.1110,-0.1110
5.0292,pi,6.2800,6.2747,-0.1109,-0.1109
5.0342,pi,6.2800,6.2764,-0.1109,-0.1109
5.0392,pi,6.2800,6.2774,-0.1109,-0.1109
5.0442,pi,6.2800,6.2785,-0.1109,-0.1109
5.0492,pi,6.2800,6.2791,-0.1109,-0.1109
5.0542,pi,6.2800,6.2797,-0.1108,-0.1108
5.0593,pi,6.2800,6.2298,-0.1119,-0.1119
5.0642,pi,6.2800,6.2401,-0.1117,-0.1117
5.0692,pi,6.2800,6.2716,-0.1110,-0.1110
5.0742,pi,6.2800,6.2513,-0.1114,-0.1114
5.0792,pi,6.2800,6.2350,-0.1118,-0.1118
5.0842,pi,6.2800,6.2220,-0.1121,-0.1121
5.0892,pi,6.2800,6.2573,-0.1114,-0.1114
5.0942,pi,6.2800,6.2399,-0.1117,-0.1117
5.0993,pi,6.2800,6.2258,-0.1120,-0.1120
5.1042,pi,6.2800,6.2145,-0.1123,-0.1123
5.1093,pi,6.2800,6.2784,-0.1110,-0.1110
5.1145,pi,6.2800,6.2790,-0.1110,-0.1110
5.1193,pi,6.2800,6.2791,-0.1110,-0.1110
5.1245,pi,6.2800,6.2792,-0.1110,-0.1110
5.1300,pi,6.2800,6.3297,-0.1099,-0.1099
5.1349,pi,6.2800,6.3199,-0.1101,-0.1101
5.1394,pi,6.2800,6.3117,-0.1103,-0.1103
5.1443,pi,6.2800,6.3059,-0.1104,-0.1104
5.1491,pi,6.2800,6.3243,-0.1100,-0.1100
5.1542,pi,6.2800,6.3392,-0.1097,-0.1097
5.1592,pi,6.2800,6.3050,-0.1104,-0.1104
5.1643,pi,6.2800,6.2782,-0.1109,-0.1109
5.1692,pi,6.2800,6.2565,-0.1114,-0.1114
5.1742,pi,6.2800,6.2396,-0.1117,-0.1117
5.1792,pi,6.2800,6.2262,-0.1120,-0.1120
5.1844,pi,6.2800,6.2149,-0.1122,-0.1122
5.1892,pi,6.2800,6.2060,-0.1124,-0.1124
5.1942,pi,6.2800,6.2212,-0.1121,-0.1121
5.1992,pi,6.2800,6.1834,-0.1129,-0.1129
5.2041,pi,6.2800,6.1805,-0.1130,-0.1130
5.2092,pi,6.2800,6.2238,-0.1121,-0.1121
5.2142,pi,6.2800,6.2586,-0.1115,-0.1115
5.2193,pi,6.2800,6.2634,-0.1114,-0.1114
5.2242,pi,6.2800,6.2906,-0.1108,-0.1108
5.2292,pi,6.2800,6.2665,-0.1113,-0.1113
5.2343,pi,6.2800,6.2691,-0.1113,-0.1113
5.2392,pi,6.2800,6.2495,-0.1117,-0.1117
5.2442,pi,6.2800,6.2790,-0.1111,-0.1111
5.2493,pi,6.2800,6.2798,-0.1110,-0.1110
5.2542,pi,6.2800,6.2802,-0.1110,-0.1110
5.2592,pi,6.2800,6.2579,-0.1115,-0.1115
5.2642,pi,6.2800,6.2406,-0.1118,-0.1118
5.2693,pi,6.2800,6.2488,-0.1117,-0.1117
5.2743,pi,6.2800,6.2553,-0.1116,-0.1116
5.2792,pi,6.2800,6.2607,-0.1115,-0.1115
5.2842,pi,6.2800,6.2879,-0.1109,-0.1109
5.2896,pi,6.2800,6.2863,-0.1109,-0.1109
5.2948,pi,6.2800,6.2855,-0.1110,-0.1110
5.2993,pi,6.2800,6.2845,-0.1110,-0.1110
5.3045,pi,6.2800,6.2840,-0.1110,-0.1110
5.3095,pi,6.2800,6.2834,-0.1110,-0.1110
5.3142,pi,6.2800,6.2828,-0.1110,-0.1110
5.3192,pi,6.2800,6.2598,-0.1115,-0.1115
5.3242,pi,6.2800,6.2644,-0.1114,-0.1114
5.3292,pi,6.2800,6.2456,-0.1118,-0.1118
5.3342,pi,6.2800,6.2530,-0.1116,-0.1116
5.3392,pi,6.2800,6.2360,-0.1120,-0.1120
5.3442,pi,6.2800,6.2233,-0.1122,-0.1122
5.3492,pi,6.2800,6.2128,-0.1125,-0.1125
5.3542,pi,6.2800,6.2500,-0.1117,-0.1117
5.3593,pi,6.2800,6.2338,-0.1121,-0.1121
5.3643,pi,6.2800,6.1932,-0.1129,-0.1129
5.3692,pi,6.2800,6.2110,-0.1126,-0.1126
5.3742,pi,6.2800,6.2025,-0.1128,-0.1128
5.3792,pi,6.2800,6.1963,-0.1129,-0.1129
5.3842,pi,6.2800,6.1630,-0.1136,-0.1136
5.3892,pi,6.2800,6.1870,-0.1131,-0.1131
5.3942,pi,6.2800,6.2563,-0.1118,-0.1118
5.3992,pi,6.2800,6.2844,-0.1112,-0.1112
5.4043,pi,6.2800,6.2338,-0.1122,-0.1122
5.4092,pi,6.2800,6.2208,-0.1125,-0.1125
5.4143,pi,6.2800,6.2333,-0.1123,-0.1123
5.4192,pi,6.2800,6.2663,-0.1116,-0.1116
5.4242,pi,6.2800,6.2471,-0.1120,-0.1120
5.4292,pi,6.2800,6.2543,-0.1119,-0.1119
5.4342,pi,6.2800,6.2829,-0.1113,-0.1113
5.4392,pi,6.2800,6.3062,-0.1108,-0.1108
5.4442,pi,6.2800,6.3249,-0.1104,-0.1104
5.4493,pi,6.2800,6.3163,-0.1106,-0.1106
5.4542,pi,6.2800,6.3325,-0.1103,-0.1103
5.4592,pi,6.2800,6.3457,-0.1100,-0.1100
5.4642,pi,6.2800,6.3103,-0.1107,-0.1107
5.4692,pi,6.2800,6.3282,-0.1103,-0.1103
5.4743,pi,6.2800,6.3189,-0.1105,-0.1105
5.4792,pi,6.2800,6.3114,-0.1106,-0.1106
5.4842,pi,6.2800,6.2551,-0.1118,-0.1118
5.4892,pi,6.2800,6.2606,-0.1116,-0.1116
5.4942,pi,6.2800,6.2144,-0.1126,-0.1126
5.4992,pi,6.2800,6.2051,-0.1128,-0.1128
5.5042,pi,6.2800,6.1703,-0.1135,-0.1135
5.5092,pi,6.2800,6.1928,-0.1131,-0.1131
5.5142,pi,6.2800,6.1879,-0.1132,-0.1132
5.5193,pi,6.2800,6.2069,-0.1128,-0.1128
5.5243,pi,6.2800,6.2220,-0.1126,-0.1126
5.5292,pi,6.2800,6.2571,-0.1119,-0.1119
5.5342,pi,6.2800,6.2395,-0.1122,-0.1122
5.5392,pi,6.2800,6.2712,-0.1116,-0.1116
5.5442,pi,6.2800,6.2736,-0.1115,-0.1115
5.5493,pi,6.2800,6.2754,-0.1115,-0.1115
5.5542,pi,6.2800,6.2770,-0.1115,-0.1115
5.5592,pi,6.2800,6.2782,-0.1115,-0.1115
5.5642,pi,6.2800,6.2791,-0.1114,-0.1114
5.5692,pi,6.2800,6.3029,-0.1110,-0.1110
5.5742,pi,6.2800,6.2761,-0.1115,-0.1115
5.5793,pi,6.2800,6.2774,-0.1115,-0.1115
5.5846,pi,6.2800,6.2778,-0.1115,-0.1115
5.5899,pi,6.2800,6.2781,-0.1115,-0.1115
5.5945,pi,6.2800,6.2779,-0.1115,-0.1115
5.5995,pi,6.2800,6.2777,-0.1115,-0.1115
5.6042,pi,6.2800,6.2783,-0.1115,-0.1115
5.6092,pi,6.2800,6.2792,-0.1114,-0.1114
5.6142,pi,6.2800,6.2571,-0.1119,-0.1119
5.6192,pi,6.2800,6.2621,-0.1118,-0.1118
5.6242,pi,6.2800,6.2662,-0.1117,-0.1117
5.6292,pi,6.2800,6.2925,-0.1112,-0.1112
5.6342,pi,6.2800,6.2679,-0.1117,-0.1117
5.6392,pi,6.2800,6.2946,-0.1111,-0.1111
5.6442,pi,6.2800,6.2699,-0.1116,-0.1116
5.6492,pi,6.2800,6.2968,-0.1111,-0.1111
5.6542,pi,6.2800,6.2723,-0.1116,-0.1116
5.6592,pi,6.2800,6.2979,-0.1111,-0.1111
5.6642,pi,6.2800,6.2724,-0.1116,-0.1116
5.6693,pi,6.2800,6.2242,-0.1126,-0.1126
5.6742,pi,6.2800,6.2132,-0.1128,-0.1128
5.6792,pi,6.2800,6.2271,-0.1125,-0.1125
5.6842,pi,6.2800,6.2154,-0.1128,-0.1128
5.6892,pi,6.2800,6.1786,-0.1135,-0.1135
5.6941,pi,6.2800,6.1767,-0.1136,-0.1136
5.6993,pi,6.2800,6.1476,-0.1142,-0.1142
5.7042,pi,6.2800,6.1742,-0.1137,-0.1137
5.7092,pi,6.2800,6.1458,-0.1143,-0.1143
5.7142,pi,6.2800,6.1506,-0.1143,-0.1143
5.7192,pi,6.2800,6.2000,-0.1133,-0.1133
5.7242,pi,6.2800,6.2396,-0.1125,-0.1125
5.7294,pi,6.2800,6.2473,-0.1124,-0.1124
5.7343,pi,6.2800,6.2541,-0.1122,-0.1122
5.7392,pi,6.2800,6.2827,-0.1117,-0.1117
5.7442,pi,6.2800,6.2827,-0.1117,-0.1117
5.7492,pi,6.2800,6.3330,-0.1106,-0.1106
5.7542,pi,6.2800,6.3458,-0.1104,-0.1104
5.7592,pi,6.2800,6.3834,-0.1096,-0.1096
5.7642,pi,6.2800,6.3630,-0.1100,-0.1100
5.7692,pi,6.2800,6.3470,-0.1103,-0.1103
5.7742,pi,6.2800,6.3342,-0.1105,-0.1105
5.7792,pi,6.2800,6.3468,-0.1103,-0.1103
5.7843,pi,6.2800,6.3121,-0.1109,-0.1109
5.7892,pi,6.2800,6.3296,-0.1106,-0.1106
5.7942,pi,6.2800,6.2974,-0.1112,-0.1112
5.7992,pi,6.2800,6.3175,-0.1108,-0.1108
5.8042,pi,6.2800,6.2876,-0.1114,-0.1114
5.8092,pi,6.2800,6.2641,-0.1119,-0.1119
5.8142,pi,6.2800,6.2451,-0.1123,-0.1123
5.8193,pi,6.2800,6.2522,-0.1121,-0.1121
5.8242,pi,6.2800,6.2357,-0.1125,-0.1125
5.8293,pi,6.2800,6.2226,-0.1127,-0.1127
5.8342,pi,6.2800,6.2120,-0.1130,-0.1130
5.8392,pi,6.2800,6.2493,-0.1122,-0.1122
5.8442,pi,6.2800,6.2333,-0.1126,-0.1126
5.8493,pi,6.2800,6.1926,-0.1134,-0.1134
5.8542,pi,6.2800,6.2106,-0.1131,-0.1131
5.8591,pi,6.2800,6.2482,-0.1123,-0.1123
5.8642,pi,6.2800,6.2783,-0.1117,-0.1117
5.8693,pi,6.2800,6.2284,-0.1127,-0.1127
5.8742,pi,6.2800,6.2391,-0.1125,-0.1125
5.8792,pi,6.2800,6.2980,-0.1113,-0.1113
5.8842,pi,6.2800,6.2950,-0.1114,-0.1114
5.8892,pi,6.2800,6.2926,-0.1114,-0.1114
5.8942,pi,6.2800,6.2905,-0.1115,-0.1115
5.8992,pi,6.2800,6.3117,-0.1110,-0.1110
5.9042,pi,6.2800,6.3290,-0.1107,-0.1107
5.9092,pi,6.2800,6.3197,-0.1109,-0.1109
5.9142,pi,6.2800,6.3120,-0.1110,-0.1110
5.9192,pi,6.2800,6.3287,-0.1107,-0.1107
5.9242,pi,6.2800,6.3195,-0.1108,-0.1108
5.9292,pi,6.2800,6.3352,-0.1105,-0.1105
5.9343,pi,6.2800,6.3246,-0.1107,-0.1107
5.9392,pi,6.2800,6.3162,-0.1109,-0.1109
5.9442,pi,6.2800,6.3095,-0.1110,-0.1110
5.9492,pi,6.2800,6.3271,-0.1106,-0.1106
5.9542,pi,6.2800,6.2953,-0.1113,-0.1113
5.9592,pi,6.2800,6.2928,-0.1113,-0.1113
5.9642,pi,6.2800,6.2908,-0.1114,-0.1114
5.9692,pi,6.2800,6.2665,-0.1118,-0.1118
5.9743,pi,6.2800,6.2698,-0.1118,-0.1118
5.9793,pi,6.2800,6.2714,-0.1117,-0.1117
5.9842,pi,6.2800,6.2509,-0.1122,-0.1122
5.9892,pi,6.2800,6.2347,-0.1125,-0.1125
5.9942,pi,6.2800,6.2215,-0.1128,-0.1128
5.9992,pi,6.2800,6.2569,-0.1121,-0.1121
6.0042,pi,6.2800,6.2392,-0.1124,-0.1124
6.0093,pi,6.2800,6.2253,-0.1127,-0.1127
6.0142,pi,6.2800,6.2140,-0.1130,-0.1130
6.0192,pi,6.2800,6.2781,-0.1117,-0.1117
6.0242,pi,6.2800,6.3018,-0.1112,-0.1112
6.0293,pi,6.2800,6.2750,-0.1117,-0.1117
6.0343,pi,6.2800,6.2767,-0.1117,-0.1117
6.0393,pi,6.2800,6.3281,-0.1107,-0.1107
6.0442,pi,6.2800,6.3191,-0.1108,-0.1108
6.0493,pi,6.2800,6.2603,-0.1120,-0.1120
6.0542,pi,6.2800,6.2647,-0.1119,-0.1119
6.0592,pi,6.2800,6.3186,-0.1109,-0.1109
6.0642,pi,6.2800,6.3113,-0.1110,-0.1110
6.0692,pi,6.2800,6.3056,-0.1111,-0.1111
6.0742,pi,6.2800,6.3011,-0.1112,-0.1112
6.0792,pi,6.2800,6.3204,-0.1108,-0.1108
6.0843,pi,6.2800,6.3130,-0.1109,-0.1109
6.0892,pi,6.2800,6.3300,-0.1106,-0.1106
6.0942,pi,6.2800,6.2976,-0.1112,-0.1112
6.0992,pi,6.2800,6.3178,-0.1108,-0.1108
6.1042,pi,6.2800,6.3346,-0.1105,-0.1105
6.1093,pi,6.2800,6.2727,-0.1117,-0.1117
6.1143,pi,6.2800,6.2741,-0.1117,-0.1117
6.1194,pi,6.2800,6.2754,-0.1116,-0.1116
6.1247,pi,6.2800,6.2760,-0.1116,-0.1116
6.1296,pi,6.2800,6.2268,-0.1126,-0.1126
6.1344,pi,6.2800,6.2378,-0.1124,-0.1124
6.1392,pi,6.2800,6.1964,-0.1133,-0.1133
6.1441,pi,6.2800,6.1909,-0.1134,-0.1134
6.1493,pi,6.2800,6.1590,-0.1141,-0.1141
6.1542,pi,6.2800,6.1609,-0.1141,-0.1141
6.1592,pi,6.2800,6.2082,-0.1131,-0.1131
6.1642,pi,6.2800,6.2469,-0.1124,-0.1124
6.1692,pi,6.2800,6.2317,-0.1127,-0.1127
6.1744,pi,6.2800,6.2189,-0.1130,-0.1130
6.1793,pi,6.2800,6.2550,-0.1122,-0.1122
6.1844,pi,6.2800,6.2588,-0.1122,-0.1122
6.1892,pi,6.2800,6.2635,-0.1121,-0.1121
6.1942,pi,6.2800,6.2906,-0.1115,-0.1115
6.1992,pi,6.2800,6.3120,-0.1111,-0.1111
6.2043,pi,6.2800,6.3060,-0.1112,-0.1112
6.2092,pi,6.2800,6.3242,-0.1108,-0.1108
6.2143,pi,6.2800,6.3158,-0.1110,-0.1110
6.2193,pi,6.2800,6.3595,-0.1101,-0.1101
6.2243,pi,6.2800,6.3670,-0.1099,-0.1099
6.2292,pi,6.2800,6.3736,-0.1098,-0.1098
6.2342,pi,6.2800,6.3332,-0.1106,-0.1106
6.2392,pi,6.2800,6.3482,-0.1103,-0.1103
6.2443,pi,6.2800,6.3350,-0.1105,-0.1105
6.2492,pi,6.2800,6.3474,-0.1102,-0.1102
6.2543,pi,6.2800,6.3343,-0.1105,-0.1105
6.2595,pi,6.2800,6.3236,-0.1107,-0.1107
6.2647,pi,6.2800,6.3150,-0.1109,-0.1109
6.2696,pi,6.2800,6.2857,-0.1114,-0.1114
6.2743,pi,6.2800,6.2628,-0.1119,-0.1119
6.2792,pi,6.2800,6.2444,-0.1123,-0.1123
6.2842,pi,6.2800,6.2295,-0.1126,-0.1126
6.2893,pi,6.2800,6.1896,-0.1134,-0.1134
6.2943,pi,6.2800,6.2081,-0.1131,-0.1131
6.2993,pi,6.2800,6.1725,-0.1138,-0.1138
6.3042,pi,6.2800,6.1715,-0.1138,-0.1138
6.3092,pi,6.2800,6.1714,-0.1139,-0.1139
6.3142,pi,6.2800,6.1715,-0.1139,-0.1139
6.3192,pi,6.2800,6.1715,-0.1139,-0.1139
6.3242,pi,6.2800,6.1938,-0.1135,-0.1135
6.3293,pi,6.2800,6.2116,-0.1132,-0.1132
6.3343,pi,6.2800,6.2256,-0.1129,-0.1129
6.3393,pi,6.2800,6.2365,-0.1127,-0.1127
6.3442,pi,6.2800,6.2686,-0.1120,-0.1120
6.3493,pi,6.2800,6.2714,-0.1120,-0.1120
6.3545,pi,6.2800,6.2732,-0.1120,-0.1120
6.3596,pi,6.2800,6.3247,-0.1109,-0.1109
6.3647,pi,6.2800,6.3156,-0.1111,-0.1111
6.3693,pi,6.2800,6.3588,-0.1102,-0.1102
6.3742,pi,6.2800,6.3435,-0.1105,-0.1105
6.3791,pi,6.2800,6.3544,-0.1103,-0.1103
6.3842,pi,6.2800,6.3632,-0.1101,-0.1101
6.3892,pi,6.2800,6.3702,-0.1099,-0.1099
6.3943,pi,6.2800,6.3528,-0.1102,-0.1102
6.3992,pi,6.2800,6.3891,-0.1095,-0.1095
6.4042,pi,6.2800,6.3908,-0.1094,-0.1094
6.4092,pi,6.2800,6.3927,-0.1094,-0.1094
6.4143,pi,6.2800,6.3484,-0.1102,-0.1102
6.4192,pi,6.2800,6.3589,-0.1100,-0.1100
6.4243,pi,6.2800,6.3215,-0.1107,-0.1107
6.4292,pi,6.2800,6.3135,-0.1109,-0.1109
6.4343,pi,6.2800,6.3073,-0.1110,-0.1110
6.4392,pi,6.2800,6.3023,-0.1111,-0.1111
6.4442,pi,6.2800,6.2756,-0.1116,-0.1116
6.4493,pi,6.2800,6.2547,-0.1121,-0.1121
6.4542,pi,6.2800,6.2380,-0.1124,-0.1124
6.4592,pi,6.2800,6.2244,-0.1127,-0.1127
6.4642,pi,6.2800,6.2136,-0.1129,-0.1129
6.4692,pi,6.2800,6.2049,-0.1131,-0.1131
6.4742,pi,6.2800,6.1979,-0.1133,-0.1133
6.4792,pi,6.2800,6.2381,-0.1125,-0.1125
6.4842,pi,6.2800,6.2248,-0.1128,-0.1128
6.4893,pi,6.2800,6.2138,-0.1130,-0.1130
6.4943,pi,6.2800,6.2273,-0.1127,-0.1127
6.4993,pi,6.2800,6.2879,-0.1115,-0.1115
6.5042,pi,6.2800,6.2866,-0.1115,-0.1115
6.5092,pi,6.2800,6.2857,-0.1116,-0.1116
6.5143,pi,6.2800,6.2849,-0.1116,-0.1116
6.5192,pi,6.2800,6.3346,-0.1106,-0.1106
6.5242,pi,6.2800,6.3239,-0.1108,-0.1108
6.5292,pi,6.2800,6.3155,-0.1109,-0.1109
6.5342,pi,6.2800,6.3087,-0.1111,-0.1111
6.5392,pi,6.2800,6.3538,-0.1101,-0.1101
6.5442,pi,6.2800,6.3623,-0.1099,-0.1099
6.5492,pi,6.2800,6.3699,-0.1098,-0.1098
6.5543,pi,6.2800,6.3525,-0.1101,-0.1101
6.5596,pi,6.2800,6.3887,-0.1094,-0.1094
6.5643,pi,6.2800,6.3668,-0.1098,-0.1098
6.5695,pi,6.2800,6.3500,-0.1101,-0.1101
6.5742,pi,6.2800,6.3363,-0.1103,-0.1103
6.5791,pi,6.2800,6.3487,-0.1101,-0.1101
6.5842,pi,6.2800,6.3353,-0.1103,-0.1103
6.5892,pi,6.2800,6.3247,-0.1105,-0.1105
6.5943,pi,6.2800,6.3145,-0.1107,-0.1107
6.5992,pi,6.2800,6.3080,-0.1109,-0.1109
6.6042,pi,6.2800,6.3016,-0.1110,-0.1110
6.6092,pi,6.2800,6.2479,-0.1121,-0.1121
6.6142,pi,6.2800,6.2325,-0.1124,-0.1124
6.6192,pi,6.2800,6.1920,-0.1132,-0.1132
6.6242,pi,6.2800,6.1875,-0.1133,-0.1133
6.6292,pi,6.2800,6.1560,-0.1140,-0.1140
6.6342,pi,6.2800,6.1585,-0.1140,-0.1140
6.6392,pi,6.2800,6.1834,-0.1135,-0.1135
6.6442,pi,6.2800,6.1805,-0.1136,-0.1136
6.6493,pi,6.2800,6.1799,-0.1136,-0.1136
6.6543,pi,6.2800,6.1771,-0.1137,-0.1137
6.6599,pi,6.2800,6.2482,-0.1123,-0.1123
6.6650,pi,6.2800,6.2548,-0.1122,-0.1122
6.6692,pi,6.2800,6.2604,-0.1120,-0.1120
6.6742,pi,6.2800,6.2649,-0.1120,-0.1120
6.6793,pi,6.2800,6.2915,-0.1114,-0.1114
6.6844,pi,6.2800,6.2898,-0.1115,-0.1115
6.6892,pi,6.2800,6.2883,-0.1115,-0.1115
6.6942,pi,6.2800,6.2644,-0.1120,-0.1120
6.6992,pi,6.2800,6.3184,-0.1109,-0.1109
6.7042,pi,6.2800,6.3340,-0.1106,-0.1106
6.7092,pi,6.2800,6.3473,-0.1103,-0.1103
6.7142,pi,6.2800,6.3123,-0.1110,-0.1110
6.7192,pi,6.2800,6.3297,-0.1106,-0.1106
6.7243,pi,6.2800,6.3436,-0.1103,-0.1103
6.7292,pi,6.2800,6.3315,-0.1105,-0.1105
6.7342,pi,6.2800,6.3447,-0.1103,-0.1103
6.7392,pi,6.2800,6.3552,-0.1100,-0.1100
6.7442,pi,6.2800,6.3182,-0.1108,-0.1108
6.7493,pi,6.2800,6.3110,-0.1109,-0.1109
6.7542,pi,6.2800,6.3053,-0.1110,-0.1110
6.7592,pi,6.2800,6.3008,-0.1111,-0.1111
6.7642,pi,6.2800,6.2973,-0.1112,-0.1112
6.7692,pi,6.2800,6.3174,-0.1107,-0.1107
6.7743,pi,6.2800,6.3104,-0.1109,-0.1109
6.7792,pi,6.2800,6.3279,-0.1105,-0.1105
6.7843,pi,6.2800,6.2686,-0.1117,-0.1117
6.7892,pi,6.2800,6.2486,-0.1121,-0.1121
6.7943,pi,6.2800,6.2554,-0.1120,-0.1120
6.7992,pi,6.2800,6.2838,-0.1114,-0.1114
6.8042,pi,6.2800,6.2608,-0.1119,-0.1119
6.8092,pi,6.2800,6.2884,-0.1113,-0.1113
6.8143,pi,6.2800,6.2873,-0.1113,-0.1113
6.8192,pi,6.2800,6.2863,-0.1114,-0.1114
6.8242,pi,6.2800,6.2625,-0.1118,-0.1118
6.8292,pi,6.2800,6.2898,-0.1113,-0.1113
6.8342,pi,6.2800,6.3114,-0.1109,-0.1109
6.8392,pi,6.2800,6.3286,-0.1105,-0.1105
6.8442,pi,6.2800,6.3194,-0.1107,-0.1107
6.8492,pi,6.2800,6.3351,-0.1103,-0.1103
6.8542,pi,6.2800,6.3477,-0.1101,-0.1101
6.8593,pi,6.2800,6.3340,-0.1103,-0.1103
6.8641,pi,6.2800,6.3467,-0.1101,-0.1101
6.8692,pi,6.2800,6.3570,-0.1098,-0.1098
6.8742,pi,6.2800,6.3653,-0.1096,-0.1096
6.8793,pi,6.2800,6.3487,-0.1100,-0.1100
6.8842,pi,6.2800,6.3356,-0.1102,-0.1102
6.8892,pi,6.2800,6.3251,-0.1104,-0.1104
6.8942,pi,6.2800,6.3395,-0.1101,-0.1101
6.8992,pi,6.2800,6.3513,-0.1099,-0.1099
6.9042,pi,6.2800,6.3607,-0.1096,-0.1096
6.9092,pi,6.2800,6.3221,-0.1104,-0.1104
6.9142,pi,6.2800,6.3378,-0.1101,-0.1101
6.9193,pi,6.2800,6.3267,-0.1103,-0.1103
6.9242,pi,6.2800,6.3177,-0.1105,-0.1105
6.9292,pi,6.2800,6.2879,-0.1111,-0.1111
6.9342,pi,6.2800,6.3099,-0.1106,-0.1106
6.9393,pi,6.2800,6.3045,-0.1107,-0.1107
6.9442,pi,6.2800,6.2498,-0.1118,-0.1118
6.9493,pi,6.2800,6.2562,-0.1117,-0.1117
6.9542,pi,6.2800,6.2615,-0.1116,-0.1116
6.9592,pi,6.2800,6.2428,-0.1120,-0.1120
6.9643,pi,6.2800,6.2004,-0.1128,-0.1128
6.9692,pi,6.2800,6.1941,-0.1130,-0.1130
6.9743,pi,6.2800,6.2349,-0.1122,-0.1122
6.9798,pi,6.2800,6.2438,-0.1120,-0.1120
6.9845,pi,6.2800,6.2004,-0.1129,-0.1129
6.9896,pi,6.2800,6.2158,-0.1126,-0.1126
6.9950,pi,6.2800,6.2786,-0.1114,-0.1114
7.0003,pi,6.2800,6.2779,-0.1114,-0.1114
7.0049,pi,6.2800,6.2279,-0.1124,-0.1124
7.0098,pi,6.2800,6.2382,-0.1122,-0.1122
7.0145,pi,6.2800,6.2972,-0.1110,-0.1110
7.0194,pi,6.2800,6.2938,-0.1111,-0.1111
7.0243,pi,6.2800,6.2915,-0.1111,-0.1111
7.0293,pi,6.2800,6.2665,-0.1116,-0.1116
7.0343,pi,6.2800,6.2932,-0.1111,-0.1111
7.0393,pi,6.2800,6.3145,-0.1106,-0.1106
7.0443,pi,6.2800,6.3320,-0.1103,-0.1103
7.0493,pi,6.2800,6.2995,-0.1109,-0.1109
7.0543,pi,6.2800,6.3204,-0.1105,-0.1105
7.0594,pi,6.2800,6.3364,-0.1102,-0.1102
7.0646,pi,6.2800,6.3247,-0.1104,-0.1104
7.0699,pi,6.2800,6.2936,-0.1110,-0.1110
7.0744,pi,6.2800,6.2909,-0.1111,-0.1111
7.0794,pi,6.2800,6.2885,-0.1111,-0.1111
7.0845,pi,6.2800,6.2870,-0.1111,-0.1111
7.0895,pi,6.2800,6.2859,-0.1111,-0.1111
7.0945,pi,6.2800,6.2843,-0.1112,-0.1112
7.0998,pi,6.2800,6.2837,-0.1112,-0.1112
7.1044,pi,6.2800,6.2833,-0.1112,-0.1112
7.1095,pi,6.2800,6.2828,-0.1112,-0.1112
7.1151,pi,6.2800,6.2818,-0.1112,-0.1112
7.1195,pi,6.2800,6.2812,-0.1112,-0.1112
7.1248,pi,6.2800,6.2810,-0.1112,-0.1112
7.1292,pi,6.2800,6.2587,-0.1117,-0.1117
7.1342,pi,6.2800,6.2877,-0.1111,-0.1111
7.1392,pi,6.2800,6.2649,-0.1116,-0.1116
7.1441,pi,6.2800,6.2927,-0.1110,-0.1110
7.1492,pi,6.2800,6.2689,-0.1115,-0.1115
7.1542,pi,6.2800,6.2957,-0.1109,-0.1109
7.1592,pi,6.2800,6.2711,-0.1114,-0.1114
7.1642,pi,6.2800,6.2970,-0.1109,-0.1109
7.1697,pi,6.2800,6.3187,-0.1105,-0.1105
7.1751,pi,6.2800,6.3352,-0.1101,-0.1101
7.1793,pi,6.2800,6.3027,-0.1108,-0.1108
7.1842,pi,6.2800,6.2984,-0.1109,-0.1109
7.1892,pi,6.2800,6.3449,-0.1099,-0.1099
7.1943,pi,6.2800,6.3321,-0.1102,-0.1102
7.1994,pi,6.2800,6.3724,-0.1093,-0.1093
7.2042,pi,6.2800,6.3540,-0.1097,-0.1097
7.2093,pi,6.2800,6.3894,-0.1089,-0.1089
7.2147,pi,6.2800,6.3677,-0.1094,-0.1094
7.2194,pi,6.2800,6.3738,-0.1092,-0.1092
7.2242,pi,6.2800,6.3335,-0.1100,-0.1100
7.2292,pi,6.2800,6.3471,-0.1097,-0.1097
7.2343,pi,6.2800,6.3577,-0.1095,-0.1095
7.2393,pi,6.2800,6.3197,-0.1102,-0.1102
7.2445,pi,6.2800,6.3121,-0.1104,-0.1104
7.2495,pi,6.2800,6.3051,-0.1105,-0.1105
7.2541,pi,6.2800,6.2785,-0.1110,-0.1110
7.2601,pi,6.2800,6.2122,-0.1124,-0.1124
7.2648,pi,6.2800,6.2253,-0.1121,-0.1121
7.2694,pi,6.2800,6.1860,-0.1129,-0.1129
7.2746,pi,6.2800,6.2050,-0.1126,-0.1126
7.2794,pi,6.2800,6.1700,-0.1133,-0.1133
7.2842,pi,6.2800,6.1926,-0.1129,-0.1129
7.2892,pi,6.2800,6.1881,-0.1130,-0.1130
7.2942,pi,6.2800,6.2305,-0.1122,-0.1122
7.2992,pi,6.2800,6.2187,-0.1124,-0.1124
7.3042,pi,6.2800,6.2314,-0.1122,-0.1122
7.3092,pi,6.2800,6.2190,-0.1124,-0.1124
7.3146,pi,6.2800,6.2667,-0.1115,-0.1115
7.3196,pi,6.2800,6.2698,-0.1114,-0.1114
7.3246,pi,6.2800,6.2722,-0.1114,-0.1114
7.3295,pi,6.2800,6.3243,-0.1103,-0.1103
7.3342,pi,6.2800,6.3159,-0.1105,-0.1105
7.3392,pi,6.2800,6.3083,-0.1106,-0.1106
7.3442,pi,6.2800,6.3029,-0.1107,-0.1107
7.3493,pi,6.2800,6.3492,-0.1098,-0.1098
7.3543,pi,6.2800,6.3355,-0.1100,-0.1100
7.3593,pi,6.2800,6.3750,-0.1092,-0.1092
7.3642,pi,6.2800,6.3565,-0.1096,-0.1096
7.3691,pi,6.2800,6.3651,-0.1094,-0.1094
7.3743,pi,6.2800,6.3724,-0.1092,-0.1092
7.3792,pi,6.2800,6.3321,-0.1100,-0.1100
7.3842,pi,6.2800,6.2999,-0.1107,-0.1107
7.3893,pi,6.2800,6.3193,-0.1103,-0.1103
7.3942,pi,6.2800,6.3356,-0.1099,-0.1099
7.3993,pi,6.2800,6.2748,-0.1111,-0.1111
7.4045,pi,6.2800,6.2761,-0.1111,-0.1111
7.4092,pi,6.2800,6.2268,-0.1121,-0.1121
7.4145,pi,6.2800,6.2151,-0.1124,-0.1124
7.4208,pi,6.2800,6.1744,-0.1132,-0.1132
7.4253,pi,6.2800,6.1941,-0.1128,-0.1128
7.4304,pi,6.2800,6.2102,-0.1125,-0.1125
7.4356,pi,6.2800,6.2231,-0.1123,-0.1123
7.4424,pi,6.2800,6.1815,-0.1131,-0.1131
7.4484,pi,6.2800,6.1983,-0.1128,-0.1128
7.4531,pi,6.2800,6.2630,-0.1115,-0.1115
7.4591,pi,6.2800,6.2660,-0.1115,-0.1115
7.4640,pi,6.2800,6.2655,-0.1115,-0.1115
7.4690,pi,6.2800,6.2662,-0.1115,-0.1115
7.4746,pi,6.2800,6.2913,-0.1110,-0.1110
7.4811,pi,6.2800,6.2885,-0.1110,-0.1110
7.4866,pi,6.2800,6.3351,-0.1101,-0.1101
7.4915,pi,6.2800,6.3221,-0.1103,-0.1103
7.4961,pi,6.2800,6.3370,-0.1100,-0.1100
7.5013,pi,6.2800,6.3517,-0.1097,-0.1097
7.5063,pi,6.2800,6.3171,-0.1104,-0.1104
7.5113,pi,6.2800,6.3088,-0.1105,-0.1105
7.5160,pi,6.2800,6.3265,-0.1102,-0.1102
7.5230,pi,6.2800,6.3439,-0.1098,-0.1098
7.5293,pi,6.2800,6.3307,-0.1101,-0.1101
7.5341,pi,6.2800,6.3193,-0.1103,-0.1103
7.5406,pi,6.2800,6.3344,-0.1100,-0.1100
7.5460,pi,6.2800,6.3161,-0.1103,-0.1103
7.5514,pi,6.2800,6.3059,-0.1105,-0.1105
7.5585,pi,6.2800,6.3427,-0.1098,-0.1098
7.5663,pi,6.2800,6.3629,-0.1093,-0.1093
7.5724,pi,6.2800,6.3685,-0.1092,-0.1092
7.5785,pi,6.2800,6.3487,-0.1096,-0.1096
7.5830,pi,6.2800,6.2815,-0.1109,-0.1109
7.5870,pi,6.2800,6.2147,-0.1123,-0.1123
7.5911,pi,6.2800,6.0919,-0.1148,-0.1148
7.5951,pi,6.2800,6.0289,-0.1161,-0.1161
7.5993,pi,6.2800,5.8776,-0.1192,-0.1192
7.6034,pi,6.2800,5.7170,-0.1226,-0.1226
7.6074,pi,6.2800,5.5372,-0.1264,-0.1264
7.6115,pi,6.2800,5.3898,-0.1295,-0.1295
7.6156,pi,6.2800,5.2718,-0.1322,-0.1322
7.6199,pi,6.2800,5.2239,-0.1334,-0.1334
7.6249,pi,6.2800,5.1420,-0.1353,-0.1353
7.6299,pi,6.2800,5.1681,-0.1351,-0.1351
7.6338,pi,6.2800,5.2316,-0.1340,-0.1340
7.6377,pi,6.2800,5.3022,-0.1329,-0.1329
7.6417,pi,6.2800,5.4481,-0.1302,-0.1302
7.6465,pi,6.2800,5.6628,-0.1260,-0.1260
7.6505,pi,6.2800,5.8875,-0.1216,-0.1216
7.6544,pi,6.2800,6.0800,-0.1178,-0.1178
7.6582,pi,6.2800,6.1896,-0.1157,-0.1157
7.6620,pi,6.2800,6.3229,-0.1130,-0.1130
7.6659,pi,6.2800,6.4297,-0.1108,-0.1108
7.6696,pi,6.2800,6.5606,-0.1081,-0.1081
7.6742,pi,6.2800,6.6655,-0.1059,-0.1059
7.6792,pi,6.2800,6.7047,-0.1050,-0.1050
7.6842,pi,6.2800,6.7818,-0.1034,-0.1034
7.6892,pi,6.2800,6.8442,-0.1020,-0.1020
7.6943,pi,6.2800,6.8464,-0.1018,-0.1018
7.6992,pi,6.2800,6.8489,-0.1016,-0.1016
7.7042,pi,6.2800,6.8045,-0.1024,-0.1024
7.7092,pi,6.2800,6.8150,-0.1020,-0.1020
7.7142,pi,6.2800,6.7778,-0.1026,-0.1026
7.7192,pi,6.2800,6.7019,-0.1041,-0.1041
7.7245,pi,6.2800,6.6411,-0.1052,-0.1052
7.7304,pi,6.2800,6.5675,-0.1066,-0.1066
7.7360,pi,6.2800,6.5088,-0.1077,-0.1077
7.7411,pi,6.2800,6.4130,-0.1096,-0.1096
7.7452,pi,6.2800,6.3871,-0.1101,-0.1101
7.7497,pi,6.2800,6.3153,-0.1115,-0.1115
7.7542,pi,6.2800,6.3087,-0.1116,-0.1116
7.7593,pi,6.2800,6.2527,-0.1127,-0.1127
7.7642,pi,6.2800,6.2588,-0.1126,-0.1126
7.7693,pi,6.2800,6.2635,-0.1125,-0.1125
7.7742,pi,6.2800,6.2670,-0.1125,-0.1125
7.7792,pi,6.2800,6.2470,-0.1129,-0.1129
7.7843,pi,6.2800,6.2782,-0.1123,-0.1123
7.7892,pi,6.2800,6.3033,-0.1117,-0.1117
7.7942,pi,6.2800,6.2992,-0.1118,-0.1118
7.7992,pi,6.2800,6.2730,-0.1124,-0.1124
7.8043,pi,6.2800,6.2982,-0.1118,-0.1118
7.8093,pi,6.2800,6.2951,-0.1119,-0.1119
7.8142,pi,6.2800,6.2926,-0.1120,-0.1120
7.8192,pi,6.2800,6.2678,-0.1124,-0.1124
7.8244,pi,6.2800,6.2708,-0.1124,-0.1124
7.8292,pi,6.2800,6.2962,-0.1119,-0.1119
7.8343,pi,6.2800,6.2934,-0.1119,-0.1119
7.8392,pi,6.2800,6.2913,-0.1120,-0.1120
7.8442,pi,6.2800,6.2669,-0.1125,-0.1125
7.8492,pi,6.2800,6.3202,-0.1114,-0.1114
7.8543,pi,6.2800,6.3125,-0.1115,-0.1115
7.8592,pi,6.2800,6.3567,-0.1106,-0.1106
7.8643,pi,6.2800,6.3420,-0.1109,-0.1109
7.8692,pi,6.2800,6.3803,-0.1101,-0.1101
7.8742,pi,6.2800,6.3835,-0.1100,-0.1100
7.8792,pi,6.2800,6.3865,-0.1099,-0.1099
7.8843,pi,6.2800,6.3431,-0.1108,-0.1108
7.8892,pi,6.2800,6.3311,-0.1110,-0.1110
7.8943,pi,6.2800,6.3214,-0.1112,-0.1112
7.8992,pi,6.2800,6.3366,-0.1109,-0.1109
7.9043,pi,6.2800,6.3035,-0.1115,-0.1115
7.9092,pi,6.2800,6.3226,-0.1111,-0.1111
7.9143,pi,6.2800,6.2924,-0.1117,-0.1117
7.9193,pi,6.2800,6.2906,-0.1118,-0.1118
7.9242,pi,6.2800,6.2891,-0.1118,-0.1118
7.9293,pi,6.2800,6.2878,-0.1118,-0.1118
7.9343,pi,6.2800,6.2864,-0.1119,-0.1119
7.9393,pi,6.2800,6.2857,-0.1119,-0.1119
7.9442,pi,6.2800,6.3081,-0.1114,-0.1114
7.9493,pi,6.2800,6.3029,-0.1115,-0.1115
7.9542,pi,6.2800,6.2989,-0.1116,-0.1116
7.9595,pi,6.2800,6.2954,-0.1117,-0.1117
7.9642,pi,6.2800,6.3158,-0.1112,-0.1112
7.9695,pi,6.2800,6.3090,-0.1114,-0.1114
7.9756,pi,6.2800,6.3518,-0.1105,-0.1105
7.9802,pi,6.2800,6.3359,-0.1108,-0.1108
7.9856,pi,6.2800,6.3744,-0.1100,-0.1100
7.9909,pi,6.2800,6.3543,-0.1104,-0.1104
7.9974,pi,6.2800,6.3369,-0.1107,-0.1107
8.0033,pi,6.2800,6.3219,-0.1110,-0.1110
8.0080,pi,6.2800,6.2617,-0.1122,-0.1122
8.0127,pi,6.2800,6.1656,-0.1142,-0.1142
8.0172,pi,6.2800,6.0856,-0.1158,-0.1158
8.0213,pi,6.2800,6.0254,-0.1171,-0.1171
8.0252,pi,6.2800,6.0087,-0.1175,-0.1175
8.0295,pi,6.2800,5.9517,-0.1187,-0.1187
8.0342,pi,6.2800,5.9513,-0.1188,-0.1188
8.0392,pi,6.2800,5.9504,-0.1189,-0.1189
8.0442,pi,6.2800,5.9505,-0.1190,-0.1190
8.0492,pi,6.2800,5.9515,-0.1190,-0.1190
8.0542,pi,6.2800,5.9533,-0.1191,-0.1191
8.0593,pi,6.2800,6.0450,-0.1173,-0.1173
8.0642,pi,6.2800,6.1623,-0.1150,-0.1150
8.0692,pi,6.2800,6.2117,-0.1140,-0.1140
8.0743,pi,6.2800,6.2759,-0.1127,-0.1127
8.0792,pi,6.2800,6.3456,-0.1113,-0.1113
8.0843,pi,6.2800,6.4020,-0.1102,-0.1102
8.0892,pi,6.2800,6.4285,-0.1096,-0.1096
8.0942,pi,6.2800,6.4493,-0.1091,-0.1091
8.0993,pi,6.2800,6.4658,-0.1088,-0.1088
8.1042,pi,6.2800,6.5294,-0.1074,-0.1074
8.1092,pi,6.2800,6.5486,-0.1070,-0.1070
8.1142,pi,6.2800,6.5646,-0.1066,-0.1066
8.1193,pi,6.2800,6.5581,-0.1067,-0.1067
8.1244,pi,6.2800,6.5713,-0.1063,-0.1063
8.1296,pi,6.2800,6.5119,-0.1074,-0.1074
8.1346,pi,6.2800,6.5155,-0.1073,-0.1073
8.1395,pi,6.2800,6.5188,-0.1072,-0.1072
8.1447,pi,6.2800,6.5207,-0.1071,-0.1071
8.1502,pi,6.2800,6.4722,-0.1080,-0.1080
8.1546,pi,6.2800,6.4334,-0.1088,-0.1088
8.1597,pi,6.2800,6.4518,-0.1083,-0.1083
8.1648,pi,6.2800,6.4172,-0.1090,-0.1090
8.1699,pi,6.2800,6.3899,-0.1095,-0.1095
8.1749,pi,6.2800,6.3681,-0.1099,-0.1099
8.1799,pi,6.2800,6.3507,-0.1103,-0.1103
8.1850,pi,6.2800,6.3369,-0.1105,-0.1105
8.1896,pi,6.2800,6.2761,-0.1117,-0.1117
8.1942,pi,6.2800,6.2547,-0.1122,-0.1122
8.1992,pi,6.2800,6.2384,-0.1125,-0.1125
8.2042,pi,6.2800,6.2714,-0.1119,-0.1119
8.2092,pi,6.2800,6.2519,-0.1123,-0.1123
8.2142,pi,6.2800,6.1907,-0.1135,-0.1135
8.2192,pi,6.2800,6.1871,-0.1136,-0.1136
8.2242,pi,6.2800,6.2301,-0.1127,-0.1127
8.2292,pi,6.2800,6.2187,-0.1130,-0.1130
8.2342,pi,6.2800,6.2561,-0.1122,-0.1122
8.2392,pi,6.2800,6.2398,-0.1126,-0.1126
8.2442,pi,6.2800,6.2721,-0.1119,-0.1119
8.2492,pi,6.2800,6.2521,-0.1123,-0.1123
8.2542,pi,6.2800,6.2582,-0.1122,-0.1122
8.2592,pi,6.2800,6.2403,-0.1126,-0.1126
8.2642,pi,6.2800,6.2720,-0.1120,-0.1120
8.2693,pi,6.2800,6.2740,-0.1119,-0.1119
8.2742,pi,6.2800,6.2758,-0.1119,-0.1119
8.2792,pi,6.2800,6.2544,-0.1123,-0.1123
8.2842,pi,6.2800,6.2601,-0.1122,-0.1122
8.2892,pi,6.2800,6.2647,-0.1121,-0.1121
8.2942,pi,6.2800,6.2683,-0.1121,-0.1121
8.2991,pi,6.2800,6.2942,-0.1115,-0.1115
8.3042,pi,6.2800,6.3148,-0.1111,-0.1111
8.3092,pi,6.2800,6.3315,-0.1108,-0.1108
8.3142,pi,6.2800,6.3214,-0.1110,-0.1110
8.3192,pi,6.2800,6.3364,-0.1106,-0.1106
8.3242,pi,6.2800,6.3490,-0.1104,-0.1104
8.3292,pi,6.2800,6.3589,-0.1102,-0.1102
8.3343,pi,6.2800,6.3434,-0.1105,-0.1105
8.3393,pi,6.2800,6.3814,-0.1097,-0.1097
8.3451,pi,6.2800,6.3604,-0.1101,-0.1101
8.3508,pi,6.2800,6.3437,-0.1104,-0.1104
8.3549,pi,6.2800,6.3314,-0.1106,-0.1106
8.3593,pi,6.2800,6.3216,-0.1108,-0.1108
8.3642,pi,6.2800,6.3139,-0.1110,-0.1110
8.3691,pi,6.2800,6.3309,-0.1106,-0.1106
8.3743,pi,6.2800,6.3209,-0.1108,-0.1108
8.3792,pi,6.2800,6.3128,-0.1109,-0.1109
8.3842,pi,6.2800,6.2840,-0.1115,-0.1115
8.3893,pi,6.2800,6.2838,-0.1115,-0.1115
8.3942,pi,6.2800,6.3065,-0.1111,-0.1111
8.3992,pi,6.2800,6.3256,-0.1107,-0.1107
8.4043,pi,6.2800,6.3169,-0.1108,-0.1108
8.4094,pi,6.2800,6.3098,-0.1110,-0.1110
8.4142,pi,6.2800,6.3271,-0.1106,-0.1106
8.4193,pi,6.2800,6.3181,-0.1108,-0.1108
8.4242,pi,6.2800,6.3337,-0.1105,-0.1105
8.4292,pi,6.2800,6.3466,-0.1102,-0.1102
8.4342,pi,6.2800,6.3839,-0.1094,-0.1094
8.4393,pi,6.2800,6.3637,-0.1098,-0.1098
8.4442,pi,6.2800,6.3704,-0.1096,-0.1096
8.4493,pi,6.2800,6.3529,-0.1100,-0.1100
8.4542,pi,6.2800,6.3892,-0.1092,-0.1092
8.4596,pi,6.2800,6.3676,-0.1096,-0.1096
8.4644,pi,6.2800,6.3507,-0.1099,-0.1099
8.4694,pi,6.2800,6.3871,-0.1092,-0.1092
8.4742,pi,6.2800,6.3661,-0.1096,-0.1096
8.4792,pi,6.2800,6.3270,-0.1104,-0.1104
8.4843,pi,6.2800,6.3414,-0.1101,-0.1101
8.4893,pi,6.2800,6.3296,-0.1103,-0.1103
8.4942,pi,6.2800,6.3432,-0.1100,-0.1100
8.4993,pi,6.2800,6.3312,-0.1102,-0.1102
8.5043,pi,6.2800,6.3445,-0.1099,-0.1099
8.5092,pi,6.2800,6.3094,-0.1106,-0.1106
8.5142,pi,6.2800,6.3041,-0.1107,-0.1107
8.5192,pi,6.2800,6.2772,-0.1113,-0.1113
8.5242,pi,6.2800,6.2559,-0.1117,-0.1117
8.5292,pi,6.2800,6.2611,-0.1116,-0.1116
8.5342,pi,6.2800,6.2654,-0.1115,-0.1115
8.5392,pi,6.2800,6.2456,-0.1119,-0.1119
8.5443,pi,6.2800,6.2761,-0.1113,-0.1113
8.5492,pi,6.2800,6.3003,-0.1108,-0.1108
8.5543,pi,6.2800,6.2968,-0.1109,-0.1109
8.5592,pi,6.2800,6.2940,-0.1109,-0.1109
8.5643,pi,6.2800,6.3148,-0.1105,-0.1105
8.5692,pi,6.2800,6.3587,-0.1096,-0.1096
8.5744,pi,6.2800,6.3432,-0.1099,-0.1099
8.5791,pi,6.2800,6.3541,-0.1097,-0.1097
8.5842,pi,6.2800,6.3398,-0.1099,-0.1099
8.5892,pi,6.2800,6.3512,-0.1097,-0.1097
8.5942,pi,6.2800,6.3609,-0.1095,-0.1095
8.5992,pi,6.2800,6.3686,-0.1093,-0.1093
8.6042,pi,6.2800,6.3288,-0.1101,-0.1101
8.6092,pi,6.2800,6.3430,-0.1098,-0.1098
8.6142,pi,6.2800,6.3545,-0.1095,-0.1095
8.6192,pi,6.2800,6.3635,-0.1093,-0.1093
8.6242,pi,6.2800,6.3706,-0.1092,-0.1092
8.6292,pi,6.2800,6.3766,-0.1090,-0.1090
8.6342,pi,6.2800,6.3352,-0.1099,-0.1099
8.6392,pi,6.2800,6.3477,-0.1096,-0.1096
8.6442,pi,6.2800,6.3122,-0.1103,-0.1103
8.6492,pi,6.2800,6.3293,-0.1099,-0.1099
8.6542,pi,6.2800,6.2971,-0.1106,-0.1106
8.6592,pi,6.2800,6.2943,-0.1106,-0.1106
8.6642,pi,6.2800,6.2917,-0.1107,-0.1107
8.6692,pi,6.2800,6.3132,-0.1102,-0.1102
8.6743,pi,6.2800,6.2562,-0.1114,-0.1114
8.6792,pi,6.2800,6.2612,-0.1113,-0.1113
8.6843,pi,6.2800,6.2652,-0.1112,-0.1112
8.6892,pi,6.2800,6.2678,-0.1112,-0.1112
8.6943,pi,6.2800,6.2703,-0.1111,-0.1111
8.6993,pi,6.2800,6.2724,-0.1111,-0.1111
8.7042,pi,6.2800,6.2738,-0.1110,-0.1110
8.7092,pi,6.2800,6.2752,-0.1110,-0.1110
8.7142,pi,6.2800,6.2766,-0.1110,-0.1110
8.7193,pi,6.2800,6.2771,-0.1110,-0.1110
8.7242,pi,6.2800,6.3003,-0.1105,-0.1105
8.7292,pi,6.2800,6.3199,-0.1101,-0.1101
8.7343,pi,6.2800,6.3123,-0.1103,-0.1103
8.7393,pi,6.2800,6.3292,-0.1099,-0.1099
8.7442,pi,6.2800,6.3436,-0.1096,-0.1096
8.7494,pi,6.2800,6.3313,-0.1098,-0.1098
8.7542,pi,6.2800,6.3446,-0.1096,-0.1096
8.7593,pi,6.2800,6.3557,-0.1093,-0.1093
8.7642,pi,6.2800,6.3641,-0.1091,-0.1091
8.7693,pi,6.2800,6.3710,-0.1090,-0.1090
8.7742,pi,6.2800,6.3762,-0.1088,-0.1088
8.7793,pi,6.2800,6.3575,-0.1092,-0.1092
8.7842,pi,6.2800,6.3655,-0.1090,-0.1090
8.7892,pi,6.2800,6.3721,-0.1089,-0.1089
8.7942,pi,6.2800,6.3777,-0.1087,-0.1087
8.7992,pi,6.2800,6.3818,-0.1086,-0.1086
8.8042,pi,6.2800,6.3854,-0.1085,-0.1085
8.8092,pi,6.2800,6.3648,-0.1089,-0.1089
8.8142,pi,6.2800,6.3714,-0.1087,-0.1087
8.8192,pi,6.2800,6.3311,-0.1095,-0.1095
8.8242,pi,6.2800,6.3444,-0.1093,-0.1093
8.8293,pi,6.2800,6.3093,-0.1100,-0.1100
8.8342,pi,6.2800,6.3039,-0.1101,-0.1101
8.8392,pi,6.2800,6.2770,-0.1106,-0.1106
8.8442,pi,6.2800,6.2782,-0.1106,-0.1106
8.8492,pi,6.2800,6.2288,-0.1116,-0.1116
8.8542,pi,6.2800,6.2396,-0.1114,-0.1114
8.8592,pi,6.2800,6.2253,-0.1117,-0.1117
8.8644,pi,6.2800,6.2366,-0.1114,-0.1114
8.8695,pi,6.2800,6.2452,-0.1113,-0.1113
8.8745,pi,6.2800,6.2525,-0.1111,-0.1111
8.8792,pi,6.2800,6.2584,-0.1110,-0.1110
8.8841,pi,6.2800,6.2863,-0.1105,-0.1105
8.8892,pi,6.2800,6.2856,-0.1105,-0.1105
8.8942,pi,6.2800,6.2849,-0.1105,-0.1105
8.8992,pi,6.2800,6.3347,-0.1095,-0.1095
8.9042,pi,6.2800,6.3243,-0.1097,-0.1097
8.9092,pi,6.2800,6.3159,-0.1098,-0.1098
8.9142,pi,6.2800,6.3322,-0.1095,-0.1095
8.9192,pi,6.2800,6.3454,-0.1092,-0.1092
8.9242,pi,6.2800,6.3563,-0.1090,-0.1090
8.9292,pi,6.2800,6.3649,-0.1088,-0.1088
8.9343,pi,6.2800,6.3484,-0.1091,-0.1091
8.9392,pi,6.2800,6.3581,-0.1089,-0.1089
8.9442,pi,6.2800,6.3431,-0.1092,-0.1092
8.9493,pi,6.2800,6.3309,-0.1094,-0.1094
8.9542,pi,6.2800,6.3213,-0.1096,-0.1096
8.9592,pi,6.2800,6.3365,-0.1093,-0.1093
8.9643,pi,6.2800,6.3251,-0.1095,-0.1095
8.9692,pi,6.2800,6.3158,-0.1097,-0.1097
8.9742,pi,6.2800,6.2865,-0.1103,-0.1103
8.9792,pi,6.2800,6.2858,-0.1103,-0.1103
8.9842,pi,6.2800,6.2623,-0.1107,-0.1107
8.9892,pi,6.2800,6.2161,-0.1117,-0.1117
8.9942,pi,6.2800,6.2067,-0.1119,-0.1119
8.9993,pi,6.2800,6.1991,-0.1121,-0.1121
9.0042,pi,6.2800,6.1932,-0.1122,-0.1122
9.0092,pi,6.2800,6.1885,-0.1123,-0.1123
9.0143,pi,6.2800,6.2073,-0.1120,-0.1120
9.0192,pi,6.2800,6.2457,-0.1112,-0.1112
9.0243,pi,6.2800,6.2532,-0.1111,-0.1111
9.0292,pi,6.2800,6.2087,-0.1120,-0.1120
9.0342,pi,6.2800,6.2235,-0.1117,-0.1117
9.0392,pi,6.2800,6.2583,-0.1110,-0.1110
9.0442,pi,6.2800,6.2632,-0.1109,-0.1109
9.0492,pi,6.2800,6.2900,-0.1104,-0.1104
9.0542,pi,6.2800,6.3116,-0.1099,-0.1099
9.0592,pi,6.2800,6.3561,-0.1090,-0.1090
9.0642,pi,6.2800,6.3641,-0.1088,-0.1088
9.0692,pi,6.2800,6.3718,-0.1087,-0.1087
9.0742,pi,6.2800,6.3540,-0.1090,-0.1090
9.0792,pi,6.2800,6.3627,-0.1088,-0.1088
9.0842,pi,6.2800,6.3467,-0.1091,-0.1091
9.0892,pi,6.2800,6.3340,-0.1093,-0.1093
9.0942,pi,6.2800,6.3009,-0.1100,-0.1100
9.0992,pi,6.2800,6.2973,-0.1101,-0.1101
9.1042,pi,6.2800,6.2943,-0.1101,-0.1101
9.1092,pi,6.2800,6.2921,-0.1102,-0.1102
9.1142,pi,6.2800,6.3132,-0.1097,-0.1097
9.1192,pi,6.2800,6.3072,-0.1098,-0.1098
9.1243,pi,6.2800,6.3018,-0.1099,-0.1099
9.1295,pi,6.2800,6.2974,-0.1100,-0.1100
9.1345,pi,6.2800,6.3435,-0.1091,-0.1091
9.1392,pi,6.2800,6.3313,-0.1093,-0.1093
9.1442,pi,6.2800,6.2988,-0.1100,-0.1100
9.1493,pi,6.2800,6.2954,-0.1100,-0.1100
9.1542,pi,6.2800,6.2701,-0.1105,-0.1105
9.1592,pi,6.2800,6.2959,-0.1100,-0.1100
9.1643,pi,6.2800,6.2429,-0.1111,-0.1111
9.1692,pi,6.2800,6.2282,-0.1114,-0.1114
9.1742,pi,6.2800,6.2159,-0.1117,-0.1117
9.1792,pi,6.2800,6.2529,-0.1109,-0.1109
9.1842,pi,6.2800,6.2368,-0.1113,-0.1113
9.1893,pi,6.2800,6.2247,-0.1115,-0.1115
9.1942,pi,6.2800,6.2866,-0.1103,-0.1103
9.1992,pi,6.2800,6.3087,-0.1098,-0.1098
9.2042,pi,6.2800,6.3034,-0.1099,-0.1099
9.2092,pi,6.2800,6.2991,-0.1100,-0.1100
9.2142,pi,6.2800,6.3461,-0.1091,-0.1091
9.2192,pi,6.2800,6.3334,-0.1093,-0.1093
9.2242,pi,6.2800,6.3001,-0.1100,-0.1100
9.2293,pi,6.2800,6.2965,-0.1100,-0.1100
9.2342,pi,6.2800,6.3441,-0.1091,-0.1091
9.2393,pi,6.2800,6.3318,-0.1093,-0.1093
9.2442,pi,6.2800,6.3214,-0.1095,-0.1095
9.2494,pi,6.2800,6.3136,-0.1096,-0.1096
9.2542,pi,6.2800,6.3577,-0.1087,-0.1087
9.2592,pi,6.2800,6.3427,-0.1090,-0.1090
9.2642,pi,6.2800,6.2805,-0.1103,-0.1103
9.2693,pi,6.2800,6.2810,-0.1102,-0.1102
9.2743,pi,6.2800,6.3316,-0.1092,-0.1092
9.2792,pi,6.2800,6.3218,-0.1094,-0.1094
9.2842,pi,6.2800,6.2638,-0.1106,-0.1106
9.2891,pi,6.2800,6.2449,-0.1110,-0.1110
9.2943,pi,6.2800,6.2295,-0.1113,-0.1113
9.2993,pi,6.2800,6.2401,-0.1111,-0.1111
9.3044,pi,6.2800,6.1979,-0.1119,-0.1119
9.3091,pi,6.2800,6.1925,-0.1121,-0.1121
9.3142,pi,6.2800,6.1879,-0.1122,-0.1122
9.3192,pi,6.2800,6.2300,-0.1114,-0.1114
9.3242,pi,6.2800,6.2178,-0.1116,-0.1116
9.3292,pi,6.2800,6.2085,-0.1118,-0.1118
9.3343,pi,6.2800,6.2226,-0.1116,-0.1116
9.3392,pi,6.2800,6.2343,-0.1113,-0.1113
9.3443,pi,6.2800,6.2209,-0.1116,-0.1116
9.3494,pi,6.2800,6.2561,-0.1109,-0.1109
9.3543,pi,6.2800,6.2388,-0.1113,-0.1113
9.3592,pi,6.2800,6.2474,-0.1111,-0.1111
9.3643,pi,6.2800,6.2542,-0.1110,-0.1110
9.3694,pi,6.2800,6.2592,-0.1109,-0.1109
9.3743,pi,6.2800,6.3137,-0.1098,-0.1098
9.3792,pi,6.2800,6.3067,-0.1099,-0.1099
9.3846,pi,6.2800,6.3513,-0.1090,-0.1090
9.3893,pi,6.2800,6.3377,-0.1093,-0.1093
9.3945,pi,6.2800,6.3767,-0.1085,-0.1085
9.3991,pi,6.2800,6.3808,-0.1084,-0.1084
9.4042,pi,6.2800,6.3845,-0.1083,-0.1083
9.4092,pi,6.2800,6.3876,-0.1082,-0.1082
9.4142,pi,6.2800,6.3897,-0.1081,-0.1081
9.4193,pi,6.2800,6.3917,-0.1080,-0.1080
9.4242,pi,6.2800,6.3932,-0.1080,-0.1080
9.4293,pi,6.2800,6.3486,-0.1088,-0.1088
9.4346,pi,6.2800,6.3589,-0.1086,-0.1086
9.4392,pi,6.2800,6.3225,-0.1093,-0.1093
9.4442,pi,6.2800,6.2920,-0.1099,-0.1099
9.4493,pi,6.2800,6.2678,-0.1104,-0.1104
9.4543,pi,6.2800,6.2205,-0.1114,-0.1114
9.4592,pi,6.2800,6.2327,-0.1112,-0.1112
9.4643,pi,6.2800,6.1922,-0.1120,-0.1120
9.4692,pi,6.2800,6.2102,-0.1116,-0.1116
9.4742,pi,6.2800,6.2018,-0.1118,-0.1118
9.4792,pi,6.2800,6.1956,-0.1120,-0.1120
9.4842,pi,6.2800,6.1904,-0.1121,-0.1121
9.4892,pi,6.2800,6.1863,-0.1122,-0.1122
9.4943,pi,6.2800,6.1831,-0.1123,-0.1123
9.4993,pi,6.2800,6.2028,-0.1119,-0.1119
9.5043,pi,6.2800,6.2186,-0.1116,-0.1116
9.5092,pi,6.2800,6.2544,-0.1109,-0.1109
9.5142,pi,6.2800,6.2375,-0.1113,-0.1113
9.5192,pi,6.2800,6.2698,-0.1106,-0.1106
9.5243,pi,6.2800,6.2724,-0.1106,-0.1106
9.5293,pi,6.2800,6.2744,-0.1105,-0.1105
9.5342,pi,6.2800,6.2989,-0.1100,-0.1100
9.5393,pi,6.2800,6.2957,-0.1101,-0.1101
9.5442,pi,6.2800,6.2930,-0.1101,-0.1101
9.5493,pi,6.2800,6.2902,-0.1102,-0.1102
9.5542,pi,6.2800,6.3119,-0.1098,-0.1098
9.5593,pi,6.2800,6.3055,-0.1099,-0.1099
9.5642,pi,6.2800,6.3511,-0.1090,-0.1090
9.5693,pi,6.2800,6.3372,-0.1092,-0.1092
9.5742,pi,6.2800,6.3492,-0.1090,-0.1090
9.5793,pi,6.2800,6.3590,-0.1087,-0.1087
9.5842,pi,6.2800,6.3669,-0.1086,-0.1086
9.5892,pi,6.2800,6.3730,-0.1084,-0.1084
9.5942,pi,6.2800,6.3779,-0.1083,-0.1083
9.5992,pi,6.2800,6.3821,-0.1082,-0.1082
9.6042,pi,6.2800,6.3864,-0.1081,-0.1081
9.6092,pi,6.2800,6.3431,-0.1089,-0.1089
9.6142,pi,6.2800,6.3546,-0.1087,-0.1087
9.6193,pi,6.2800,6.3177,-0.1094,-0.1094
9.6243,pi,6.2800,6.2600,-0.1106,-0.1106
9.6293,pi,6.2800,6.2645,-0.1105,-0.1105
9.6342,pi,6.2800,6.2678,-0.1104,-0.1104
9.6391,pi,6.2800,6.2481,-0.1108,-0.1108
9.6442,pi,6.2800,6.2048,-0.1117,-0.1117
9.6492,pi,6.2800,6.1976,-0.1119,-0.1119
9.6542,pi,6.2800,6.2376,-0.1111,-0.1111
9.6593,pi,6.2800,6.2467,-0.1109,-0.1109
9.6642,pi,6.2800,6.2037,-0.1118,-0.1118
9.6692,pi,6.2800,6.1969,-0.1119,-0.1119
9.6746,pi,6.2800,6.2135,-0.1116,-0.1116
9.6802,pi,6.2800,6.2270,-0.1114,-0.1114
9.6854,pi,6.2800,6.1875,-0.1122,-0.1122
9.6897,pi,6.2800,6.2059,-0.1118,-0.1118
9.6942,pi,6.2800,6.2713,-0.1105,-0.1105
9.6992,pi,6.2800,6.2737,-0.1105,-0.1105
9.7042,pi,6.2800,6.2755,-0.1104,-0.1104
9.7092,pi,6.2800,6.2543,-0.1109,-0.1109
9.7142,pi,6.2800,6.2829,-0.1103,-0.1103
9.7193,pi,6.2800,6.2829,-0.1103,-0.1103
9.7242,pi,6.2800,6.3057,-0.1098,-0.1098
9.7292,pi,6.2800,6.3250,-0.1094,-0.1094
9.7342,pi,6.2800,6.3398,-0.1091,-0.1091
9.7392,pi,6.2800,6.3519,-0.1089,-0.1089
9.7444,pi,6.2800,6.3367,-0.1092,-0.1092
9.7492,pi,6.2800,6.3494,-0.1089,-0.1089
9.7543,pi,6.2800,6.3592,-0.1087,-0.1087
9.7592,pi,6.2800,6.3439,-0.1090,-0.1090
9.7642,pi,6.2800,6.3546,-0.1087,-0.1087
9.7692,pi,6.2800,6.3905,-0.1080,-0.1080
9.7742,pi,6.2800,6.3688,-0.1084,-0.1084
9.7792,pi,6.2800,6.3515,-0.1087,-0.1087
9.7842,pi,6.2800,6.3609,-0.1085,-0.1085
9.7892,pi,6.2800,6.3226,-0.1093,-0.1093
9.7942,pi,6.2800,6.2919,-0.1099,-0.1099
9.7992,pi,6.2800,6.2392,-0.1109,-0.1109
9.8043,pi,6.2800,6.1976,-0.1118,-0.1118
9.8093,pi,6.2800,6.1642,-0.1125,-0.1125
9.8143,pi,6.2800,6.0872,-0.1141,-0.1141
9.8193,pi,6.2800,5.9752,-0.1164,-0.1164
9.8243,pi,6.2800,5.9359,-0.1173,-0.1173
9.8297,pi,6.2800,5.8545,-0.1190,-0.1190
9.8348,pi,6.2800,5.7890,-0.1204,-0.1204
9.8394,pi,6.2800,5.7280,-0.1218,-0.1218
9.8442,pi,6.2800,5.6336,-0.1238,-0.1238
9.8492,pi,6.2800,5.5583,-0.1255,-0.1255
9.8542,pi,6.2800,5.4523,-0.1279,-0.1279
9.8592,pi,6.2800,5.3673,-0.1298,-0.1298
9.8642,pi,6.2800,5.2996,-0.1314,-0.1314
9.8692,pi,6.2800,5.1996,-0.1337,-0.1337
9.8742,pi,6.2800,5.1195,-0.1355,-0.1355
9.8792,pi,6.2800,5.0102,-0.1381,-0.1381
9.8842,pi,6.2800,4.9683,-0.1392,-0.1392
9.8892,pi,6.2800,4.8888,-0.1412,-0.1412
9.8942,pi,6.2800,4.8252,-0.1428,-0.1428
9.8992,pi,6.2800,4.8199,-0.1433,-0.1433
9.9043,pi,6.2800,4.8108,-0.1438,-0.1438
9.9091,pi,6.2800,4.8539,-0.1433,-0.1433
9.9143,pi,6.2800,4.8883,-0.1430,-0.1430
9.9192,pi,6.2800,5.0164,-0.1407,-0.1407
9.9242,pi,6.2800,5.1691,-0.1379,-0.1379
9.9294,pi,6.2800,5.2909,-0.1358,-0.1358
9.9342,pi,6.2800,5.4383,-0.1330,-0.1330
9.9392,pi,6.2800,5.5836,-0.1303,-0.1303
9.9442,pi,6.2800,5.7234,-0.1276,-0.1276
9.9493,pi,6.2800,5.8854,-0.1245,-0.1245
9.9542,pi,6.2800,6.0652,-0.1209,-0.1209
9.9592,pi,6.2800,6.2087,-0.1181,-0.1181
9.9642,pi,6.2800,6.3734,-0.1148,-0.1148
9.9693,pi,6.2800,6.5060,-0.1121,-0.1121
9.9743,pi,6.2800,6.5617,-0.1109,-0.1109
9.9792,pi,6.2800,6.6203,-0.1096,-0.1096
9.9842,pi,6.2800,6.7130,-0.1077,-0.1077
9.9892,pi,6.2800,6.7273,-0.1073,-0.1073
9.9942,pi,6.2800,6.7390,-0.1069,-0.1069
9.9992,pi,6.2800,6.6977,-0.1076,-0.1076
10.0042,pi,6.2800,6.6377,-0.1087,-0.1087
10.0092,pi,6.2800,6.4983,-0.1115,-0.1115
10.0143,pi,6.2800,6.2539,-0.1164,-0.1164
10.0192,pi,6.2800,6.0089,-0.1213,-0.1213
10.0242,pi,6.2800,5.7210,-0.1272,-0.1272
10.0292,pi,6.2800,5.4455,-0.1330,-0.1330
10.0342,pi,6.2800,5.0873,-0.1404,-0.1404
10.0393,pi,6.2800,4.6225,-0.1501,-0.1501
10.0442,pi,6.2800,4.2004,-0.1591,-0.1591
10.0492,pi,6.2800,3.8634,-0.1664,-0.1664
10.0542,pi,6.2800,3.4423,-0.1756,-0.1756
10.0592,pi,6.2800,3.1054,-0.1831,-0.1831
10.0641,pi,6.2800,2.8500,-0.1891,-0.1891
10.0692,pi,6.2800,2.5819,-0.1954,-0.1954
10.0742,pi,6.2800,2.3394,-0.2012,-0.2012
10.0793,pi,6.2800,2.1228,-0.2066,-0.2066
10.0842,pi,6.2800,1.9494,-0.2111,-0.2111
10.0891,pi,6.2800,1.7883,-0.2155,-0.2155
10.0942,pi,6.2800,1.6590,-0.2192,-0.2192
10.0992,pi,6.2800,1.4778,-0.2240,-0.2240
10.1042,pi,6.2800,1.3332,-0.2282,-0.2282
10.1091,pi,6.2800,1.2037,-0.2320,-0.2320
10.1142,pi,6.2800,1.0543,-0.2363,-0.2363
10.1192,pi,6.2800,0.8894,-0.2410,-0.2410
10.1242,pi,6.2800,0.7570,-0.2450,-0.2450
10.1293,pi,6.2800,0.6053,-0.2494,-0.2494
10.1345,pi,6.2800,0.4842,-0.2533,-0.2533
10.1392,pi,6.2800,0.3874,-0.2567,-0.2567
10.1442,pi,6.2800,0.3101,-0.2598,-0.2598
10.1492,pi,6.2800,0.2481,-0.2625,-0.2625
10.1543,pi,6.2800,0.1980,-0.2650,-0.2650
10.1592,pi,6.2800,0.1588,-0.2673,-0.2673
10.1642,pi,6.2800,0.1269,-0.2695,-0.2695
10.1692,pi,6.2800,0.1016,-0.2716,-0.2716
10.1742,pi,6.2800,0.0813,-0.2735,-0.2735
10.1794,pi,6.2800,0.0650,-0.2754,-0.2754
10.1848,pi,6.2800,0.0520,-0.2772,-0.2772
10.1892,pi,6.2800,0.0416,-0.2790,-0.2790
10.1942,pi,6.2800,0.0333,-0.2807,-0.2807
10.1992,pi,6.2800,0.0266,-0.2824,-0.2824
10.2042,pi,6.2800,0.0213,-0.2841,-0.2841
10.2092,pi,6.2800,0.0170,-0.2857,-0.2857
10.2142,pi,6.2800,0.0136,-0.2874,-0.2874
10.2193,pi,6.2800,0.0109,-0.2890,-0.2890
10.2242,pi,6.2800,0.0087,-0.2906,-0.2906
10.2292,pi,6.2800,0.0070,-0.2922,-0.2922
10.2342,pi,6.2800,0.0056,-0.2938,-0.2938
10.2392,pi,6.2800,0.0045,-0.2954,-0.2954
10.2442,pi,6.2800,0.0036,-0.2970,-0.2970
10.2492,pi,6.2800,0.0029,-0.2986,-0.2986
10.2542,pi,6.2800,0.0479,-0.2992,-0.2992
10.2592,pi,6.2800,0.0841,-0.3000,-0.3000
10.2642,pi,6.2800,0.1129,-0.3010,-0.3010
10.2692,pi,6.2800,0.1361,-0.3021,-0.3021
10.2742,pi,6.2800,0.1545,-0.3032,-0.3032
10.2792,pi,6.2800,0.1739,-0.3044,-0.3044
10.2842,pi,6.2800,0.1848,-0.3057,-0.3057
10.2892,pi,6.2800,0.1936,-0.3070,-0.3070
10.2942,pi,6.2800,0.2005,-0.3084,-0.3084
10.2992,pi,6.2800,0.2061,-0.3098,-0.3098
10.3042,pi,6.2800,0.1649,-0.3122,-0.3122
10.3092,pi,6.2800,0.1319,-0.3144,-0.3144
10.3143,pi,6.2800,0.1055,-0.3164,-0.3164
10.3193,pi,6.2800,0.0844,-0.3184,-0.3184
10.3242,pi,6.2800,0.0675,-0.3203,-0.3203
10.3292,pi,6.2800,0.0541,-0.3221,-0.3221
10.3342,pi,6.2800,0.0432,-0.3239,-0.3239
10.3392,pi,6.2800,0.0346,-0.3256,-0.3256
10.3442,pi,6.2800,0.0277,-0.3273,-0.3273
10.3492,pi,6.2800,0.0221,-0.3290,-0.3290
10.3542,pi,6.2800,0.0177,-0.3307,-0.3307
10.3592,pi,6.2800,0.0142,-0.3323,-0.3323
10.3643,pi,6.2800,0.0113,-0.3339,-0.3339
10.3692,pi,6.2800,0.0091,-0.3355,-0.3355
10.3742,pi,6.2800,0.0073,-0.3371,-0.3371
10.3792,pi,6.2800,0.0058,-0.3387,-0.3387
10.3842,pi,6.2800,0.0046,-0.3403,-0.3403
10.3893,pi,6.2800,0.0037,-0.3419,-0.3419
10.3942,pi,6.2800,0.0030,-0.3435,-0.3435
10.3993,pi,6.2800,0.0024,-0.3451,-0.3451
10.4045,pi,6.2800,0.0019,-0.3467,-0.3467
10.4094,pi,6.2800,0.0015,-0.3483,-0.3483
10.4144,pi,6.2800,0.0012,-0.3498,-0.3498
10.4193,pi,6.2800,0.0010,-0.3514,-0.3514
10.4248,pi,6.2800,0.0008,-0.3530,-0.3530
10.4297,pi,6.2800,0.0006,-0.3545,-0.3545
10.4345,pi,6.2800,0.0005,-0.3561,-0.3561
10.4392,pi,6.2800,0.0004,-0.3577,-0.3577
10.4441,pi,6.2800,0.0003,-0.3593,-0.3593
10.4491,pi,6.2800,0.0003,-0.3608,-0.3608
10.4543,pi,6.2800,0.0002,-0.3624,-0.3624
10.4592,pi,6.2800,0.0002,-0.3640,-0.3640
10.4642,pi,6.2800,0.0001,-0.3655,-0.3655
10.4692,pi,6.2800,0.0001,-0.3671,-0.3671
10.4742,pi,6.2800,0.0001,-0.3687,-0.3687
10.4792,pi,6.2800,0.0001,-0.3703,-0.3703
10.4842,pi,6.2800,0.0001,-0.3718,-0.3718
10.4892,pi,6.2800,0.0000,-0.3734,-0.3734
10.4942,pi,6.2800,0.0000,-0.3750,-0.3750
10.4992,pi,6.2800,0.0000,-0.3765,-0.3765
10.5042,pi,6.2800,0.0000,-0.3781,-0.3781
10.5091,pi,6.2800,0.0000,-0.3797,-0.3797
10.5142,pi,6.2800,0.0000,-0.3812,-0.3812
10.5192,pi,6.2800,0.0000,-0.3828,-0.3828
10.5243,pi,6.2800,0.0000,-0.3844,-0.3844
10.5299,pi,6.2800,0.0000,-0.3860,-0.3860
10.5351,pi,6.2800,0.0000,-0.3875,-0.3875
10.5394,pi,6.2800,0.0000,-0.3891,-0.3891
10.5442,pi,6.2800,0.0000,-0.3907,-0.3907
10.5492,pi,6.2800,0.0000,-0.3922,-0.3922
10.5542,pi,6.2800,0.0000,-0.3938,-0.3938
10.5592,pi,6.2800,0.0000,-0.3954,-0.3954
10.5642,pi,6.2800,0.0000,-0.3970,-0.3970
10.5692,pi,6.2800,0.0000,-0.3985,-0.3985
10.5742,pi,6.2800,0.0000,-0.4001,-0.4001
10.5792,pi,6.2800,0.0000,-0.4017,-0.4017
10.5843,pi,6.2800,0.0000,-0.4032,-0.4032
10.5892,pi,6.2800,0.0000,-0.4048,-0.4048
10.5943,pi,6.2800,0.0000,-0.4064,-0.4064
10.5992,pi,6.2800,0.0000,-0.4079,-0.4079
10.6042,pi,6.2800,0.0000,-0.4095,-0.4095
10.6092,pi,6.2800,0.0000,-0.4111,-0.4111
10.6142,pi,6.2800,0.0000,-0.4126,-0.4126
10.6192,pi,6.2800,0.0000,-0.4142,-0.4142
10.6242,pi,6.2800,0.0000,-0.4158,-0.4158
10.6292,pi,6.2800,0.0000,-0.4174,-0.4174
10.6343,pi,6.2800,0.0000,-0.4189,-0.4189
10.6392,pi,6.2800,0.0000,-0.4205,-0.4205
10.6442,pi,6.2800,0.0000,-0.4221,-0.4221
10.6492,pi,6.2800,0.0000,-0.4236,-0.4236
10.6542,pi,6.2800,0.0000,-0.4252,-0.4252
10.6592,pi,6.2800,0.0000,-0.4268,-0.4268
10.6642,pi,6.2800,0.0000,-0.4283,-0.4283
10.6692,pi,6.2800,0.0000,-0.4299,-0.4299
10.6742,pi,6.2800,0.0000,-0.4315,-0.4315
10.6792,pi,6.2800,0.0000,-0.4331,-0.4331
10.6843,pi,6.2800,0.0000,-0.4346,-0.4346
10.6892,pi,6.2800,0.0000,-0.4362,-0.4362
10.6942,pi,6.2800,0.0000,-0.4378,-0.4378
10.6992,pi,6.2800,0.0000,-0.4393,-0.4393
10.7042,pi,6.2800,0.0000,-0.4409,-0.4409
10.7092,pi,6.2800,0.0000,-0.4425,-0.4425
10.7142,pi,6.2800,0.0000,-0.4440,-0.4440
10.7192,pi,6.2800,0.0000,-0.4456,-0.4456
10.7242,pi,6.2800,0.0000,-0.4472,-0.4472
10.7292,pi,6.2800,0.0000,-0.4488,-0.4488
10.7343,pi,6.2800,0.0000,-0.4503,-0.4503
10.7392,pi,6.2800,0.0000,-0.4519,-0.4519
10.7442,pi,6.2800,0.0000,-0.4535,-0.4535
10.7492,pi,6.2800,0.0000,-0.4550,-0.4550
10.7542,pi,6.2800,0.0000,-0.4566,-0.4566
10.7592,pi,6.2800,0.0000,-0.4582,-0.4582
10.7642,pi,6.2800,0.0000,-0.4597,-0.4597
10.7692,pi,6.2800,0.0000,-0.4613,-0.4613
10.7742,pi,6.2800,0.0000,-0.4629,-0.4629
10.7793,pi,6.2800,0.0000,-0.4645,-0.4645
10.7841,pi,6.2800,0.0000,-0.4660,-0.4660
10.7892,pi,6.2800,0.0000,-0.4676,-0.4676
10.7942,pi,6.2800,0.0000,-0.4692,-0.4692
10.7992,pi,6.2800,0.0000,-0.4707,-0.4707
10.8042,pi,6.2800,0.0000,-0.4723,-0.4723
10.8092,pi,6.2800,0.0000,-0.4739,-0.4739
10.8142,pi,6.2800,0.0000,-0.4754,-0.4754
10.8192,pi,6.2800,0.0000,-0.4770,-0.4770
10.8242,pi,6.2800,0.0000,-0.4786,-0.4786
10.8292,pi,6.2800,0.0000,-0.4802,-0.4802
10.8342,pi,6.2800,0.0000,-0.4817,-0.4817
10.8392,pi,6.2800,0.0000,-0.4833,-0.4833
10.8442,pi,6.2800,0.0000,-0.4849,-0.4849
10.8491,pi,6.2800,0.0000,-0.4864,-0.4864
10.8542,pi,6.2800,0.0000,-0.4880,-0.4880
10.8592,pi,6.2800,0.0000,-0.4896,-0.4896
10.8642,pi,6.2800,0.0000,-0.4911,-0.4911
10.8691,pi,6.2800,0.0000,-0.4927,-0.4927
10.8742,pi,6.2800,0.0000,-0.4943,-0.4943
10.8792,pi,6.2800,0.0000,-0.4959,-0.4959
10.8842,pi,6.2800,0.0000,-0.4974,-0.4974
10.8891,pi,6.2800,0.0000,-0.4990,-0.4990
10.8942,pi,6.2800,0.0000,-0.5006,-0.5006
10.8992,pi,6.2800,0.0000,-0.5021,-0.5021
10.9042,pi,6.2800,0.0000,-0.5037,-0.5037
10.9092,pi,6.2800,0.0000,-0.5053,-0.5053
10.9142,pi,6.2800,0.0000,-0.5068,-0.5068
10.9192,pi,6.2800,0.0000,-0.5084,-0.5084
10.9241,pi,6.2800,0.0000,-0.5100,-0.5100
10.9292,pi,6.2800,0.0000,-0.5116,-0.5116
10.9341,pi,6.2800,0.0000,-0.5131,-0.5131
10.9392,pi,6.2800,0.0000,-0.5147,-0.5147
10.9441,pi,6.2800,0.0000,-0.5163,-0.5163
10.9492,pi,6.2800,0.0000,-0.5178,-0.5178
10.9542,pi,6.2800,0.0000,-0.5194,-0.5194
10.9592,pi,6.2800,0.0000,-0.5210,-0.5210
10.9642,pi,6.2800,0.0000,-0.5225,-0.5225
10.9691,pi,6.2800,0.0000,-0.5241,-0.5241
10.9742,pi,6.2800,0.0000,-0.5257,-0.5257
10.9792,pi,6.2800,0.0000,-0.5273,-0.5273
10.9842,pi,6.2800,0.0000,-0.5288,-0.5288
10.9892,pi,6.2800,0.0000,-0.5304,-0.5304
10.9942,pi,6.2800,0.0000,-0.5320,-0.5320
10.9992,pi,6.2800,0.0000,-0.5335,-0.5335
11.0042,pi,6.2800,0.0000,-0.5351,-0.5351
11.0092,pi,6.2800,0.0000,-0.5367,-0.5367
11.0142,pi,6.2800,0.0000,-0.5382,-0.5382
11.0192,pi,6.2800,0.0000,-0.5398,-0.5398
11.0242,pi,6.2800,0.0000,-0.5414,-0.5414
11.0292,pi,6.2800,0.0000,-0.5430,-0.5430
11.0342,pi,6.2800,0.0000,-0.5445,-0.5445
11.0392,pi,6.2800,0.0000,-0.5461,-0.5461
11.0443,pi,6.2800,0.0000,-0.5477,-0.5477
11.0492,pi,6.2800,0.0000,-0.5492,-0.5492
11.0542,pi,6.2800,0.0000,-0.5508,-0.5508
11.0592,pi,6.2800,0.0000,-0.5524,-0.5524
11.0642,pi,6.2800,0.0000,-0.5539,-0.5539
11.0692,pi,6.2800,0.0000,-0.5555,-0.5555
11.0742,pi,6.2800,0.0000,-0.5571,-0.5571
11.0792,pi,6.2800,0.0000,-0.5587,-0.5587
11.0842,pi,6.2800,0.0000,-0.5602,-0.5602
11.0892,pi,6.2800,0.0000,-0.5618,-0.5618
11.0942,pi,6.2800,0.0000,-0.5634,-0.5634
11.0992,pi,6.2800,0.0000,-0.5649,-0.5649
11.1042,pi,6.2800,0.0000,-0.5665,-0.5665
11.1092,pi,6.2800,0.0000,-0.5681,-0.5681
11.1142,pi,6.2800,0.0000,-0.5696,-0.5696
11.1192,pi,6.2800,0.0000,-0.5712,-0.5712
11.1242,pi,6.2800,0.0000,-0.5728,-0.5728
11.1293,pi,6.2800,0.0000,-0.5744,-0.5744
11.1344,pi,6.2800,0.0000,-0.5759,-0.5759
11.1392,pi,6.2800,0.0000,-0.5775,-0.5775
11.1442,pi,6.2800,0.0000,-0.5791,-0.5791
11.1492,pi,6.2800,0.0000,-0.5806,-0.5806
11.1542,pi,6.2800,0.0000,-0.5822,-0.5822
11.1592,pi,6.2800,0.0000,-0.5838,-0.5838
11.1642,pi,6.2800,0.0000,-0.5853,-0.5853
11.1692,pi,6.2800,0.0000,-0.5869,-0.5869
11.1742,pi,6.2800,0.0000,-0.5885,-0.5885
11.1792,pi,6.2800,0.0000,-0.5901,-0.5901
11.1842,pi,6.2800,0.0000,-0.5916,-0.5916
11.1892,pi,6.2800,0.0000,-0.5932,-0.5932
11.1943,pi,6.2800,0.0000,-0.5948,-0.5948
11.1992,pi,6.2800,0.0000,-0.5963,-0.5963
11.2042,pi,6.2800,0.0000,-0.5979,-0.5979
11.2092,pi,6.2800,0.0000,-0.5995,-0.5995
11.2142,pi,6.2800,0.0000,-0.6010,-0.6010
11.2192,pi,6.2800,0.0000,-0.6026,-0.6026
11.2242,pi,6.2800,0.0000,-0.6042,-0.6042
11.2291,pi,6.2800,0.0000,-0.6058,-0.6058
11.2342,pi,6.2800,0.0000,-0.6073,-0.6073
11.2392,pi,6.2800,0.0000,-0.6089,-0.6089
11.2442,pi,6.2800,0.0000,-0.6105,-0.6105
11.2492,pi,6.2800,0.0000,-0.6120,-0.6120
11.2541,pi,6.2800,0.0000,-0.6136,-0.6136
11.2592,pi,6.2800,0.0000,-0.6152,-0.6152
11.2641,pi,6.2800,0.0000,-0.6167,-0.6167
11.2692,pi,6.2800,0.0000,-0.6183,-0.6183
11.2741,pi,6.2800,0.0000,-0.6199,-0.6199
11.2792,pi,6.2800,0.0000,-0.6215,-0.6215
11.2842,pi,6.2800,0.0000,-0.6230,-0.6230
11.2892,pi,6.2800,0.0000,-0.6246,-0.6246
11.2941,pi,6.2800,0.0000,-0.6262,-0.6262
11.2992,pi,6.2800,0.0000,-0.6277,-0.6277
11.3042,pi,6.2800,0.0000,-0.6293,-0.6293
11.3092,pi,6.2800,0.0000,-0.6309,-0.6309
11.3143,pi,6.2800,0.0000,-0.6325,-0.6325
11.3192,pi,6.2800,0.0000,-0.6340,-0.6340
11.3243,pi,6.2800,0.0000,-0.6356,-0.6356
11.3292,pi,6.2800,0.0000,-0.6372,-0.6372
11.3342,pi,6.2800,0.0000,-0.6387,-0.6387
11.3393,pi,6.2800,0.0000,-0.6403,-0.6403
11.3442,pi,6.2800,0.0000,-0.6419,-0.6419
11.3492,pi,6.2800,0.0000,-0.6434,-0.6434
11.3542,pi,6.2800,0.0000,-0.6450,-0.6450
11.3592,pi,6.2800,0.0000,-0.6466,-0.6466
11.3642,pi,6.2800,0.0000,-0.6482,-0.6482
11.3692,pi,6.2800,0.0000,-0.6497,-0.6497
11.3742,pi,6.2800,0.0000,-0.6513,-0.6513
11.3792,pi,6.2800,0.0000,-0.6529,-0.6529
11.3842,pi,6.2800,0.0000,-0.6544,-0.6544
11.3892,pi,6.2800,0.0000,-0.6560,-0.6560
11.3942,pi,6.2800,0.0000,-0.6576,-0.6576
11.3993,pi,6.2800,0.0000,-0.6591,-0.6591
11.4046,pi,6.2800,0.0000,-0.6607,-0.6607
11.4093,pi,6.2800,0.0000,-0.6623,-0.6623
11.4142,pi,6.2800,0.0000,-0.6638,-0.6638
11.4192,pi,6.2800,0.0000,-0.6654,-0.6654
11.4241,pi,6.2800,0.0000,-0.6670,-0.6670
11.4292,pi,6.2800,0.0000,-0.6686,-0.6686
11.4342,pi,6.2800,0.0000,-0.6701,-0.6701
11.4394,pi,6.2800,0.0000,-0.6717,-0.6717
11.4441,pi,6.2800,0.0000,-0.6733,-0.6733
11.4492,pi,6.2800,0.0000,-0.6748,-0.6748
11.4542,pi,6.2800,0.0000,-0.6764,-0.6764
11.4592,pi,6.2800,0.0000,-0.6780,-0.6780
11.4642,pi,6.2800,0.0000,-0.6795,-0.6795
11.4692,pi,6.2800,0.0000,-0.6811,-0.6811
11.4742,pi,6.2800,0.0000,-0.6827,-0.6827
11.4792,pi,6.2800,0.0000,-0.6843,-0.6843
11.4842,pi,6.2800,0.0000,-0.6858,-0.6858
11.4892,pi,6.2800,0.0000,-0.6874,-0.6874
11.4942,pi,6.2800,0.0000,-0.6890,-0.6890
11.4992,pi,6.2800,0.0000,-0.6905,-0.6905
11.5042,pi,6.2800,0.0000,-0.6921,-0.6921
11.5092,pi,6.2800,0.0000,-0.6937,-0.6937
11.5142,pi,6.2800,0.0000,-0.6952,-0.6952
11.5192,pi,6.2800,0.0000,-0.6968,-0.6968
11.5242,pi,6.2800,0.0000,-0.6984,-0.6984
11.5292,pi,6.2800,0.0000,-0.7000,-0.7000
11.5342,pi,6.2800,0.0000,-0.7015,-0.7015
11.5392,pi,6.2800,0.0000,-0.7031,-0.7031
11.5442,pi,6.2800,0.0000,-0.7047,-0.7047
11.5492,pi,6.2800,0.0000,-0.7062,-0.7062
11.5543,pi,6.2800,0.0000,-0.7078,-0.7078
11.5592,pi,6.2800,0.0000,-0.7094,-0.7094
11.5642,pi,6.2800,0.0000,-0.7109,-0.7109
11.5692,pi,6.2800,0.0000,-0.7125,-0.7125
11.5742,pi,6.2800,0.0000,-0.7141,-0.7141
11.5792,pi,6.2800,0.0000,-0.7157,-0.7157
11.5843,pi,6.2800,0.0000,-0.7172,-0.7172
11.5893,pi,6.2800,0.0000,-0.7188,-0.7188
11.5942,pi,6.2800,0.0000,-0.7204,-0.7204
11.5992,pi,6.2800,0.0000,-0.7219,-0.7219
11.6043,pi,6.2800,0.0000,-0.7235,-0.7235
11.6095,pi,6.2800,0.0000,-0.7251,-0.7251
11.6148,pi,6.2800,0.0000,-0.7267,-0.7267
11.6193,pi,6.2800,0.0000,-0.7282,-0.7282
11.6242,pi,6.2800,0.0000,-0.7298,-0.7298
11.6293,pi,6.2800,0.0000,-0.7314,-0.7314
11.6342,pi,6.2800,0.0000,-0.7329,-0.7329
11.6392,pi,6.2800,0.0000,-0.7345,-0.7345
11.6442,pi,6.2800,0.0000,-0.7361,-0.7361
11.6492,pi,6.2800,0.0000,-0.7376,-0.7376
11.6542,pi,6.2800,0.0000,-0.7392,-0.7392
11.6592,pi,6.2800,0.0000,-0.7408,-0.7408
11.6642,pi,6.2800,0.0000,-0.7423,-0.7423
11.6692,pi,6.2800,0.0000,-0.7439,-0.7439
11.6742,pi,6.2800,0.0000,-0.7455,-0.7455
11.6792,pi,6.2800,0.0000,-0.7471,-0.7471
11.6842,pi,6.2800,0.0000,-0.7486,-0.7486
11.6893,pi,6.2800,0.0000,-0.7502,-0.7502
11.6942,pi,6.2800,0.0000,-0.7518,-0.7518
11.6992,pi,6.2800,0.0000,-0.7533,-0.7533
11.7042,pi,6.2800,0.0000,-0.7549,-0.7549
11.7093,pi,6.2800,0.0000,-0.7565,-0.7565
11.7142,pi,6.2800,0.0000,-0.7580,-0.7580
11.7193,pi,6.2800,0.0000,-0.7596,-0.7596
11.7242,pi,6.2800,0.0000,-0.7612,-0.7612
11.7292,pi,6.2800,0.0000,-0.7628,-0.7628
11.7342,pi,6.2800,0.0000,-0.7643,-0.7643
11.7392,pi,6.2800,0.0000,-0.7659,-0.7659
11.7442,pi,6.2800,0.0000,-0.7675,-0.7675
11.7492,pi,6.2800,0.0000,-0.7690,-0.7690
11.7542,pi,6.2800,0.0000,-0.7706,-0.7706
11.7592,pi,6.2800,0.0000,-0.7722,-0.7722
11.7642,pi,6.2800,0.0000,-0.7737,-0.7737
11.7692,pi,6.2800,0.0000,-0.7753,-0.7753
11.7742,pi,6.2800,0.0000,-0.7769,-0.7769
11.7792,pi,6.2800,0.0000,-0.7785,-0.7785
11.7842,pi,6.2800,0.0000,-0.7800,-0.7800
11.7892,pi,6.2800,0.0000,-0.7816,-0.7816
11.7942,pi,6.2800,0.0000,-0.7832,-0.7832
11.7992,pi,6.2800,0.0000,-0.7847,-0.7847
11.8042,pi,6.2800,0.0000,-0.7863,-0.7863
11.8092,pi,6.2800,0.0000,-0.7879,-0.7879
11.8142,pi,6.2800,0.0000,-0.7894,-0.7894
11.8192,pi,6.2800,0.0000,-0.7910,-0.7910
11.8242,pi,6.2800,0.0000,-0.7926,-0.7926
11.8292,pi,6.2800,0.0000,-0.7942,-0.7942
11.8342,pi,6.2800,0.0000,-0.7957,-0.7957
11.8392,pi,6.2800,0.0000,-0.7973,-0.7973
11.8442,pi,6.2800,0.0000,-0.7989,-0.7989
11.8492,pi,6.2800,0.0000,-0.8004,-0.8004
11.8542,pi,6.2800,0.0000,-0.8020,-0.8020
11.8593,pi,6.2800,0.0000,-0.8036,-0.8036
11.8642,pi,6.2800,0.0000,-0.8051,-0.8051
11.8692,pi,6.2800,0.0000,-0.8067,-0.8067
11.8742,pi,6.2800,0.0000,-0.8083,-0.8083
11.8792,pi,6.2800,0.0000,-0.8099,-0.8099
11.8842,pi,6.2800,0.0000,-0.8114,-0.8114
11.8892,pi,6.2800,0.0000,-0.8130,-0.8130
11.8942,pi,6.2800,0.0000,-0.8146,-0.8146
11.8992,pi,6.2800,0.0000,-0.8161,-0.8161
11.9042,pi,6.2800,0.0000,-0.8177,-0.8177
11.9092,pi,6.2800,0.0000,-0.8193,-0.8193
11.9143,pi,6.2800,0.0000,-0.8209,-0.8209
11.9192,pi,6.2800,0.0000,-0.8224,-0.8224
11.9242,pi,6.2800,0.0000,-0.8240,-0.8240
11.9292,pi,6.2800,0.0000,-0.8256,-0.8256
11.9343,pi,6.2800,0.0000,-0.8271,-0.8271
11.9392,pi,6.2800,0.0000,-0.8287,-0.8287
11.9442,pi,6.2800,0.0000,-0.8303,-0.8303
11.9492,pi,6.2800,0.0000,-0.8318,-0.8318
11.9543,pi,6.2800,0.0000,-0.8334,-0.8334
11.9592,pi,6.2800,0.0000,-0.8350,-0.8350
11.9642,pi,6.2800,0.0000,-0.8365,-0.8365
11.9692,pi,6.2800,0.0000,-0.8381,-0.8381
11.9742,pi,6.2800,0.0000,-0.8397,-0.8397
11.9794,pi,6.2800,0.0000,-0.8413,-0.8413
11.9848,pi,6.2800,0.0000,-0.8428,-0.8428
11.9900,pi,6.2800,0.0000,-0.8444,-0.8444
11.9946,pi,6.2800,0.0000,-0.8460,-0.8460
11.9998,pi,6.2800,0.0000,-0.8475,-0.8475
12.0049,pi,6.2800,0.0000,-0.8491,-0.8491
12.0093,pi,6.2800,0.0000,-0.8507,-0.8507
12.0143,pi,6.2800,0.0000,-0.8522,-0.8522
12.0193,pi,6.2800,0.0000,-0.8538,-0.8538
12.0243,pi,6.2800,0.0000,-0.8554,-0.8554
12.0292,pi,6.2800,0.0000,-0.8570,-0.8570
12.0343,pi,6.2800,0.0000,-0.8585,-0.8585
12.0393,pi,6.2800,0.0000,-0.8601,-0.8601
12.0443,pi,6.2800,0.0000,-0.8617,-0.8617
12.0493,pi,6.2800,0.0000,-0.8632,-0.8632
12.0543,pi,6.2800,0.0000,-0.8648,-0.8648
12.0593,pi,6.2800,0.0000,-0.8664,-0.8664
12.0655,pi,6.2800,0.0000,-0.8680,-0.8680
12.0703,pi,6.2800,0.0000,-0.8695,-0.8695
12.0749,pi,6.2800,0.0000,-0.8711,-0.8711
12.0794,pi,6.2800,0.0000,-0.8727,-0.8727
12.0846,pi,6.2800,0.0000,-0.8742,-0.8742
12.0894,pi,6.2800,0.0000,-0.8758,-0.8758
12.0944,pi,6.2800,0.0000,-0.8774,-0.8774
12.0996,pi,6.2800,0.0000,-0.8790,-0.8790
12.1044,pi,6.2800,0.0000,-0.8805,-0.8805
12.1095,pi,6.2800,0.0000,-0.8821,-0.8821
12.1145,pi,6.2800,0.0000,-0.8837,-0.8837
12.1194,pi,6.2800,0.0000,-0.8852,-0.8852
12.1244,pi,6.2800,0.0000,-0.8868,-0.8868
12.1298,pi,6.2800,0.0000,-0.8885,-0.8885
12.1343,pi,6.2800,0.0000,-0.8899,-0.8899
12.1393,pi,6.2800,0.0000,-0.8915,-0.8915
12.1441,pi,6.2800,0.0000,-0.8931,-0.8931
12.1492,pi,6.2800,0.0000,-0.8946,-0.8946
12.1542,pi,6.2800,0.0000,-0.8962,-0.8962
12.1593,pi,6.2800,0.0000,-0.8978,-0.8978
12.1641,pi,6.2800,0.0000,-0.8993,-0.8993
12.1692,pi,6.2800,0.0000,-0.9009,-0.9009
12.1742,pi,6.2800,0.0000,-0.9025,-0.9025
12.1792,pi,6.2800,0.0000,-0.9041,-0.9041
12.1842,pi,6.2800,0.0000,-0.9056,-0.9056
12.1892,pi,6.2800,0.0000,-0.9072,-0.9072
12.1942,pi,6.2800,0.0000,-0.9088,-0.9088
12.1992,pi,6.2800,0.0000,-0.9103,-0.9103
12.2042,pi,6.2800,0.0000,-0.9119,-0.9119
12.2093,pi,6.2800,0.0000,-0.9135,-0.9135
12.2142,pi,6.2800,0.0000,-0.9150,-0.9150
12.2194,pi,6.2800,0.0000,-0.9166,-0.9166
12.2242,pi,6.2800,0.0000,-0.9182,-0.9182
12.2291,pi,6.2800,0.0000,-0.9198,-0.9198
12.2342,pi,6.2800,0.0000,-0.9213,-0.9213
12.2392,pi,6.2800,0.0000,-0.9229,-0.9229
12.2442,pi,6.2800,0.0000,-0.9245,-0.9245
12.2492,pi,6.2800,0.0000,-0.9260,-0.9260
12.2543,pi,6.2800,0.0000,-0.9276,-0.9276
12.2592,pi,6.2800,0.0000,-0.9292,-0.9292
12.2645,pi,6.2800,0.0000,-0.9307,-0.9307
12.2692,pi,6.2800,0.0000,-0.9323,-0.9323
12.2754,pi,6.2800,0.0000,-0.9339,-0.9339
12.2803,pi,6.2800,0.0000,-0.9355,-0.9355
12.2849,pi,6.2800,0.0000,-0.9370,-0.9370
12.2893,pi,6.2800,0.0000,-0.9386,-0.9386
12.2941,pi,6.2800,0.0000,-0.9402,-0.9402
12.2991,pi,6.2800,0.0000,-0.9417,-0.9417
12.3042,pi,6.2800,0.0000,-0.9433,-0.9433
12.3092,pi,6.2800,0.0000,-0.9449,-0.9449
12.3143,pi,6.2800,0.0000,-0.9465,-0.9465
12.3192,pi,6.2800,0.0000,-0.9480,-0.9480
12.3242,pi,6.2800,0.0000,-0.9496,-0.9496
12.3292,pi,6.2800,0.0000,-0.9512,-0.9512
12.3342,pi,6.2800,0.0000,-0.9527,-0.9527
12.3392,pi,6.2800,0.0000,-0.9543,-0.9543
12.3442,pi,6.2800,0.0000,-0.9559,-0.9559
12.3492,pi,6.2800,0.0000,-0.9574,-0.9574
12.3543,pi,6.2800,0.0000,-0.9590,-0.9590
12.3592,pi,6.2800,0.0000,-0.9606,-0.9606
12.3642,pi,6.2800,0.0000,-0.9621,-0.9621
12.3692,pi,6.2800,0.0000,-0.9637,-0.9637
12.3743,pi,6.2800,0.0000,-0.9653,-0.9653
12.3792,pi,6.2800,0.0000,-0.9669,-0.9669
12.3842,pi,6.2800,0.0000,-0.9684,-0.9684
12.3892,pi,6.2800,0.0000,-0.9700,-0.9700
12.3943,pi,6.2800,0.0000,-0.9716,-0.9716
12.3992,pi,6.2800,0.0000,-0.9731,-0.9731
12.4045,pi,6.2800,0.0000,-0.9747,-0.9747
12.4094,pi,6.2800,0.0000,-0.9763,-0.9763
12.4143,pi,6.2800,0.0000,-0.9778,-0.9778
12.4192,pi,6.2800,0.0000,-0.9794,-0.9794
12.4241,pi,6.2800,0.0000,-0.9810,-0.9810
12.4292,pi,6.2800,0.0000,-0.9826,-0.9826
12.4342,pi,6.2800,0.0000,-0.9841,-0.9841
12.4392,pi,6.2800,0.0000,-0.9857,-0.9857
12.4442,pi,6.2800,0.0000,-0.9873,-0.9873
12.4492,pi,6.2800,0.0000,-0.9888,-0.9888
12.4542,pi,6.2800,0.0000,-0.9904,-0.9904
12.4592,pi,6.2800,0.0000,-0.9920,-0.9920
12.4642,pi,6.2800,0.0000,-0.9935,-0.9935
12.4692,pi,6.2800,0.0000,-0.9951,-0.9951
12.4742,pi,6.2800,0.0000,-0.9967,-0.9967
12.4792,pi,6.2800,0.0000,-0.9983,-0.9983
12.4842,pi,6.2800,0.0000,-0.9998,-0.9998
12.4892,pi,6.2800,0.0000,-1.0000,-1.0014
12.4942,pi,6.2800,0.0000,-1.0000,-1.0030
12.4992,pi,6.2800,0.0000,-1.0000,-1.0045
12.5042,pi,6.2800,0.0000,-1.0000,-1.0061
12.5092,pi,6.2800,0.0000,-1.0000,-1.0077
12.5142,pi,6.2800,0.0000,-1.0000,-1.0092
12.5191,pi,6.2800,0.0000,-1.0000,-1.0108
12.5242,pi,6.2800,0.0000,-1.0000,-1.0124
12.5292,pi,6.2800,0.0000,-1.0000,-1.0140
12.5342,pi,6.2800,0.0000,-1.0000,-1.0155
12.5392,pi,6.2800,0.0000,-1.0000,-1.0171
12.5442,pi,6.2800,0.0000,-1.0000,-1.0187
12.5492,pi,6.2800,0.0000,-1.0000,-1.0202
12.5542,pi,6.2800,0.0000,-1.0000,-1.0218
12.5592,pi,6.2800,0.0000,-1.0000,-1.0234
12.5641,pi,6.2800,0.0000,-1.0000,-1.0249
12.5693,pi,6.2800,0.0000,-1.0000,-1.0265
12.5742,pi,6.2800,0.0000,-1.0000,-1.0281
12.5792,pi,6.2800,0.0000,-1.0000,-1.0297
12.5842,pi,6.2800,0.0000,-1.0000,-1.0312
12.5893,pi,6.2800,0.0000,-1.0000,-1.0328
12.5942,pi,6.2800,0.0000,-1.0000,-1.0344
12.5992,pi,6.2800,0.0000,-1.0000,-1.0359
12.6042,pi,6.2800,0.0000,-1.0000,-1.0375
12.6092,pi,6.2800,0.0000,-1.0000,-1.0391
12.6142,pi,6.2800,0.0000,-1.0000,-1.0406
12.6191,pi,6.2800,0.0000,-1.0000,-1.0422
12.6242,pi,6.2800,0.0000,-1.0000,-1.0438
12.6291,pi,6.2800,0.0000,-1.0000,-1.0454
12.6346,pi,6.2800,0.0000,-1.0000,-1.0469
12.6402,pi,6.2800,0.0000,-1.0000,-1.0485
12.6449,pi,6.2800,0.0000,-1.0000,-1.0501
12.6496,pi,6.2800,0.0000,-1.0000,-1.0517
12.6554,pi,6.2800,0.0000,-1.0000,-1.0532
12.6620,pi,6.2800,0.0000,-1.0000,-1.0548
12.6672,pi,6.2800,0.0000,-1.0000,-1.0564
12.6724,pi,6.2800,0.0000,-1.0000,-1.0579
12.6785,pi,6.2800,0.0000,-1.0000,-1.0596
12.6827,pi,6.2800,0.0000,-1.0000,-1.0611
12.6897,pi,6.2800,0.0000,-1.0000,-1.0627
12.6959,pi,6.2800,0.0000,-1.0000,-1.0642
12.7030,pi,6.2800,0.0000,-1.0000,-1.0658
12.7082,pi,6.2800,0.0000,-1.0000,-1.0674
12.7132,pi,6.2800,0.0000,-1.0000,-1.0689
12.7177,pi,6.2800,0.0000,-1.0000,-1.0705
12.7234,pi,6.2800,0.0000,-1.0000,-1.0721
12.7278,pi,6.2800,0.0000,-1.0000,-1.0736
12.7326,pi,6.2800,0.0000,-1.0000,-1.0752
12.7383,pi,6.2800,0.0000,-1.0000,-1.0768
12.7447,pi,6.2800,0.0000,-1.0000,-1.0783
12.7502,pi,6.2800,0.0000,-1.0000,-1.0800
12.7560,pi,6.2800,0.0000,-1.0000,-1.0815
12.7619,pi,6.2800,0.0000,-1.0000,-1.0831
12.7671,pi,6.2800,0.0000,-1.0000,-1.0846
12.7723,pi,6.2800,0.0000,-1.0000,-1.0862
12.7800,pi,6.2800,0.0000,-1.0000,-1.0878
12.7865,pi,6.2800,0.0000,-1.0000,-1.0901
12.7918,pi,6.2800,0.0000,-1.0000,-1.0909
12.7965,pi,6.2800,0.0000,-1.0000,-1.0925
12.8011,pi,6.2800,0.0000,-1.0000,-1.0941
12.8052,pi,6.2800,0.0000,-1.0000,-1.0961
12.8095,pi,6.2800,0.0000,-1.0000,-1.0972
12.8135,pi,6.2800,0.0000,-1.0000,-1.0987
12.8175,pi,6.2800,0.0000,-1.0000,-1.1003
12.8218,pi,6.2800,0.0000,-1.0000,-1.1019
12.8258,pi,6.2800,0.0000,-1.0000,-1.1035
12.8298,pi,6.2800,0.0000,-1.0000,-1.1051
12.8338,pi,6.2800,0.0000,-1.0000,-1.1066
12.8377,pi,6.2800,0.0000,-1.0000,-1.1082
12.8420,pi,6.2800,0.0000,-1.0000,-1.1097
12.8470,pi,6.2800,0.0000,-1.0000,-1.1114
12.8514,pi,6.2800,0.0000,-1.0000,-1.1129
12.8554,pi,6.2800,0.0000,-1.0000,-1.1144
12.8592,pi,6.2800,0.0000,-1.0000,-1.1160
12.8629,pi,6.2800,0.0000,-1.0000,-1.1176
12.8678,pi,6.2800,0.0000,-1.0000,-1.1192
12.8718,pi,6.2800,0.0000,-1.0000,-1.1207
12.8756,pi,6.2800,0.0000,-1.0000,-1.1223
12.8795,pi,6.2800,0.0000,-1.0000,-1.1239
12.8841,pi,6.2800,0.0000,-1.0000,-1.1254
12.8891,pi,6.2800,0.0000,-1.0000,-1.1270
12.8941,pi,6.2800,0.0000,-1.0000,-1.1286
12.8992,pi,6.2800,0.0000,-1.0000,-1.1301
12.9043,pi,6.2800,0.0000,-1.0000,-1.1317
12.9093,pi,6.2800,0.0000,-1.0000,-1.1333
12.9142,pi,6.2800,0.0000,-1.0000,-1.1349
12.9192,pi,6.2800,0.0000,-1.0000,-1.1364
12.9242,pi,6.2800,0.0000,-1.0000,-1.1380
12.9292,pi,6.2800,0.0000,-1.0000,-1.1396
12.9342,pi,6.2800,0.0000,-1.0000,-1.1411
12.9392,pi,6.2800,0.0000,-1.0000,-1.1427
12.9444,pi,6.2800,0.0000,-1.0000,-1.1443
12.9500,pi,6.2800,0.0000,-1.0000,-1.1459
12.9549,pi,6.2800,0.0000,-1.0000,-1.1474
12.9598,pi,6.2800,0.0000,-1.0000,-1.1490
12.9644,pi,6.2800,0.0000,-1.0000,-1.1506
12.9692,pi,6.2800,0.0000,-1.0000,-1.1521
12.9742,pi,6.2800,0.0000,-1.0000,-1.1537
12.9793,pi,6.2800,0.0000,-1.0000,-1.1553
12.9843,pi,6.2800,0.0000,-1.0000,-1.1568
12.9892,pi,6.2800,0.0000,-1.0000,-1.1584
12.9942,pi,6.2800,0.0000,-1.0000,-1.1600
12.9992,pi,6.2800,0.0000,-1.0000,-1.1615
13.0043,pi,6.2800,0.0000,-1.0000,-1.1631
13.0093,pi,6.2800,0.0000,-1.0000,-1.1647
13.0144,pi,6.2800,0.0000,-1.0000,-1.1663
13.0195,pi,6.2800,0.0000,-1.0000,-1.1678
13.0242,pi,6.2800,0.0000,-1.0000,-1.1694
13.0291,pi,6.2800,0.0000,-1.0000,-1.1710
13.0342,pi,6.2800,0.0000,-1.0000,-1.1725
13.0392,pi,6.2800,0.0000,-1.0000,-1.1741
13.0442,pi,6.2800,0.0000,-1.0000,-1.1757
13.0492,pi,6.2800,0.0000,-1.0000,-1.1772
13.0543,pi,6.2800,0.0000,-1.0000,-1.1788
13.0592,pi,6.2800,0.0000,-1.0000,-1.1804
13.0642,pi,6.2800,0.0000,-1.0000,-1.1819
13.0693,pi,6.2800,0.0000,-1.0000,-1.1835
13.0742,pi,6.2800,0.0000,-1.0000,-1.1851
13.0792,pi,6.2800,0.0000,-1.0000,-1.1867
13.0842,pi,6.2800,0.0000,-1.0000,-1.1882
13.0892,pi,6.2800,0.0000,-1.0000,-1.1898
13.0942,pi,6.2800,0.0000,-1.0000,-1.1914
13.0993,pi,6.2800,0.0000,-1.0000,-1.1929
13.1042,pi,6.2800,0.0000,-1.0000,-1.1945
13.1093,pi,6.2800,0.0000,-1.0000,-1.1961
13.1146,pi,6.2800,0.0000,-1.0000,-1.1977
13.1201,pi,6.2800,0.0000,-1.0000,-1.1992
13.1244,pi,6.2800,0.0000,-1.0000,-1.2008
13.1292,pi,6.2800,0.0000,-1.0000,-1.2024
13.1346,pi,6.2800,0.0000,-1.0000,-1.2040
13.1402,pi,6.2800,0.0000,-1.0000,-1.2055
13.1448,pi,6.2800,0.0000,-1.0000,-1.2071
13.1500,pi,6.2800,0.0000,-1.0000,-1.2087
13.1546,pi,6.2800,0.0000,-1.0000,-1.2102
13.1596,pi,6.2800,0.0000,-1.0000,-1.2118
13.1648,pi,6.2800,0.0000,-1.0000,-1.2134
13.1699,pi,6.2800,0.0000,-1.0000,-1.2149
13.1749,pi,6.2800,0.0000,-1.0000,-1.2165
13.1810,pi,6.2800,0.0000,-1.0000,-1.2181
13.1861,pi,6.2800,0.0000,-1.0000,-1.2196
13.1907,pi,6.2800,0.0000,-1.0000,-1.2212
13.1952,pi,6.2800,0.0000,-1.0000,-1.2228
13.2010,pi,6.2800,0.0000,-1.0000,-1.2244
13.2055,pi,6.2800,0.0000,-1.0000,-1.2259
13.2103,pi,6.2800,0.0000,-1.0000,-1.2275
13.2162,pi,6.2800,0.0000,-1.0000,-1.2291
13.2232,pi,6.2800,0.0000,-1.0000,-1.2307
13.2283,pi,6.2800,0.0000,-1.0000,-1.2322
13.2333,pi,6.2800,0.0000,-1.0000,-1.2338
13.2379,pi,6.2800,0.0000,-1.0000,-1.2353
13.2420,pi,6.2800,0.0000,-1.0000,-1.2369
13.2459,pi,6.2800,0.0000,-1.0000,-1.2385
13.2503,pi,6.2800,0.0000,-1.0000,-1.2400
13.2542,pi,6.2800,0.0000,-1.0000,-1.2416
13.2593,pi,6.2800,0.0000,-1.0000,-1.2432
13.2642,pi,6.2800,0.0000,-1.0000,-1.2447
13.2691,pi,6.2800,0.0000,-1.0000,-1.2463
13.2743,pi,6.2800,0.0000,-1.0000,-1.2479
13.2793,pi,6.2800,0.0000,-1.0000,-1.2495
13.2844,pi,6.2800,0.0000,-1.0000,-1.2510
13.2892,pi,6.2800,0.0000,-1.0000,-1.2526
13.2942,pi,6.2800,0.0000,-1.0000,-1.2542
13.2993,pi,6.2800,0.0000,-1.0000,-1.2557
13.3042,pi,6.2800,0.0000,-1.0000,-1.2573
13.3092,pi,6.2800,0.0000,-1.0000,-1.2589
13.3143,pi,6.2800,0.0000,-1.0000,-1.2605
13.3192,pi,6.2800,0.0000,-1.0000,-1.2620
13.3242,pi,6.2800,0.0000,-1.0000,-1.2636
13.3292,pi,6.2800,0.0000,-1.0000,-1.2652
13.3342,pi,6.2800,0.0000,-1.0000,-1.2667
13.3392,pi,6.2800,0.0000,-1.0000,-1.2683
13.3442,pi,6.2800,0.0000,-1.0000,-1.2699
13.3492,pi,6.2800,0.0000,-1.0000,-1.2714
13.3542,pi,6.2800,0.0000,-1.0000,-1.2730
13.3593,pi,6.2800,0.0000,-1.0000,-1.2746
13.3642,pi,6.2800,0.0000,-1.0000,-1.2762
13.3692,pi,6.2800,0.0000,-1.0000,-1.2777
13.3742,pi,6.2800,0.0000,-1.0000,-1.2793
13.3792,pi,6.2800,0.0000,-1.0000,-1.2809
13.3842,pi,6.2800,0.0000,-1.0000,-1.2824
13.3893,pi,6.2800,0.0000,-1.0000,-1.2840
13.3942,pi,6.2800,0.0000,-1.0000,-1.2856
13.3992,pi,6.2800,0.0000,-1.0000,-1.2871
13.4045,pi,6.2800,0.0000,-1.0000,-1.2887
13.4092,pi,6.2800,0.0000,-1.0000,-1.2903
13.4143,pi,6.2800,0.0000,-1.0000,-1.2918
13.4193,pi,6.2800,0.0000,-1.0000,-1.2934
13.4242,pi,6.2800,0.0000,-1.0000,-1.2950
13.4291,pi,6.2800,0.0000,-1.0000,-1.2966
13.4342,pi,6.2800,0.0000,-1.0000,-1.2981
13.4391,pi,6.2800,0.0000,-1.0000,-1.2997
13.4443,pi,6.2800,0.0000,-1.0000,-1.3013
13.4492,pi,6.2800,0.0000,-1.0000,-1.3028
13.4542,pi,6.2800,0.0000,-1.0000,-1.3044
13.4593,pi,6.2800,0.0000,-1.0000,-1.3060
13.4641,pi,6.2800,0.0000,-1.0000,-1.3075
13.4692,pi,6.2800,0.0000,-1.0000,-1.3091
13.4743,pi,6.2800,0.0000,-1.0000,-1.3107
13.4793,pi,6.2800,0.0000,-1.0000,-1.3123
13.4842,pi,6.2800,0.0000,-1.0000,-1.3138
13.4892,pi,6.2800,0.0000,-1.0000,-1.3154
13.4942,pi,6.2800,0.0000,-1.0000,-1.3170
13.4993,pi,6.2800,0.0000,-1.0000,-1.3185
13.5042,pi,6.2800,0.0000,-1.0000,-1.3201
13.5092,pi,6.2800,0.0000,-1.0000,-1.3217
13.5142,pi,6.2800,0.0000,-1.0000,-1.3232
13.5192,pi,6.2800,0.0000,-1.0000,-1.3248
13.5242,pi,6.2800,0.0000,-1.0000,-1.3264
13.5293,pi,6.2800,0.0000,-1.0000,-1.3280
13.5342,pi,6.2800,0.0000,-1.0000,-1.3295
13.5392,pi,6.2800,0.0000,-1.0000,-1.3311
13.5442,pi,6.2800,0.0000,-1.0000,-1.3327
13.5492,pi,6.2800,0.0000,-1.0000,-1.3342
13.5543,pi,6.2800,0.0000,-1.0000,-1.3358
13.5592,pi,6.2800,0.0000,-1.0000,-1.3374
13.5642,pi,6.2800,0.0000,-1.0000,-1.3389
13.5692,pi,6.2800,0.0000,-1.0000,-1.3405
13.5742,pi,6.2800,0.0000,-1.0000,-1.3421
13.5792,pi,6.2800,0.0000,-1.0000,-1.3436
13.5842,pi,6.2800,0.0000,-1.0000,-1.3452
13.5892,pi,6.2800,0.0000,-1.0000,-1.3468
13.5942,pi,6.2800,0.0000,-1.0000,-1.3484
13.5992,pi,6.2800,0.0000,-1.0000,-1.3499
13.6042,pi,6.2800,0.0000,-1.0000,-1.3515
13.6092,pi,6.2800,0.0000,-1.0000,-1.3531
13.6142,pi,6.2800,0.0000,-1.0000,-1.3546
13.6191,pi,6.2800,0.0000,-1.0000,-1.3562
13.6242,pi,6.2800,0.0000,-1.0000,-1.3578
13.6292,pi,6.2800,0.0000,-1.0000,-1.3593
13.6342,pi,6.2800,0.0000,-1.0000,-1.3609
13.6392,pi,6.2800,0.0000,-1.0000,-1.3625
13.6441,pi,6.2800,0.0000,-1.0000,-1.3641
13.6492,pi,6.2800,0.0000,-1.0000,-1.3656
13.6542,pi,6.2800,0.0000,-1.0000,-1.3672
13.6592,pi,6.2800,0.0000,-1.0000,-1.3688
13.6643,pi,6.2800,0.0000,-1.0000,-1.3704
13.6692,pi,6.2800,0.0000,-1.0000,-1.3719
13.6742,pi,6.2800,0.0000,-1.0000,-1.3735
13.6792,pi,6.2800,0.0000,-1.0000,-1.3751
13.6842,pi,6.2800,0.0000,-1.0000,-1.3766
13.6891,pi,6.2800,0.0000,-1.0000,-1.3782
13.6942,pi,6.2800,0.0000,-1.0000,-1.3798
13.6992,pi,6.2800,0.0000,-1.0000,-1.3813
13.7042,pi,6.2800,0.0000,-1.0000,-1.3829
13.7092,pi,6.2800,0.0000,-1.0000,-1.3845
13.7142,pi,6.2800,0.0000,-1.0000,-1.3860
13.7192,pi,6.2800,0.0000,-1.0000,-1.3876
13.7242,pi,6.2800,0.0000,-1.0000,-1.3892
13.7292,pi,6.2800,0.0000,-1.0000,-1.3908
13.7342,pi,6.2800,0.0000,-1.0000,-1.3923
13.7392,pi,6.2800,0.0000,-1.0000,-1.3939
13.7442,pi,6.2800,0.0000,-1.0000,-1.3955
13.7492,pi,6.2800,0.0000,-1.0000,-1.3970
13.7542,pi,6.2800,0.0000,-1.0000,-1.3986
13.7592,pi,6.2800,0.0000,-1.0000,-1.4002
13.7642,pi,6.2800,0.0000,-1.0000,-1.4017
13.7692,pi,6.2800,0.0000,-1.0000,-1.4033
13.7742,pi,6.2800,0.0000,-1.0000,-1.4049
13.7792,pi,6.2800,0.0000,-1.0000,-1.4065
13.7842,pi,6.2800,0.0000,-1.0000,-1.4080
13.7892,pi,6.2800,0.0000,-1.0000,-1.4096
13.7942,pi,6.2800,0.0000,-1.0000,-1.4112
13.7992,pi,6.2800,0.0000,-1.0000,-1.4127
13.8042,pi,6.2800,0.0000,-1.0000,-1.4143
13.8092,pi,6.2800,0.0000,-1.0000,-1.4159
13.8142,pi,6.2800,0.0000,-1.0000,-1.4174
13.8192,pi,6.2800,0.0000,-1.0000,-1.4190
13.8242,pi,6.2800,0.0000,-1.0000,-1.4206
13.8292,pi,6.2800,0.0000,-1.0000,-1.4222
13.8342,pi,6.2800,0.0000,-1.0000,-1.4237
13.8392,pi,6.2800,0.0000,-1.0000,-1.4253
13.8442,pi,6.2800,0.0000,-1.0000,-1.4269
13.8492,pi,6.2800,0.0000,-1.0000,-1.4284
13.8542,pi,6.2800,0.0000,-1.0000,-1.4300
13.8592,pi,6.2800,0.0000,-1.0000,-1.4316
13.8642,pi,6.2800,0.0000,-1.0000,-1.4331
13.8692,pi,6.2800,0.0000,-1.0000,-1.4347
13.8742,pi,6.2800,0.0000,-1.0000,-1.4363
13.8792,pi,6.2800,0.0000,-1.0000,-1.4379
13.8842,pi,6.2800,0.0000,-1.0000,-1.4394
13.8892,pi,6.2800,0.0000,-1.0000,-1.4410
13.8942,pi,6.2800,0.0000,-1.0000,-1.4426
13.8991,pi,6.2800,0.0000,-1.0000,-1.4441
13.9042,pi,6.2800,0.0000,-1.0000,-1.4457
13.9092,pi,6.2800,0.0000,-1.0000,-1.4473
13.9142,pi,6.2800,0.0000,-1.0000,-1.4488
13.9192,pi,6.2800,0.0000,-1.0000,-1.4504
13.9242,pi,6.2800,0.0000,-1.0000,-1.4520
13.9292,pi,6.2800,0.0000,-1.0000,-1.4536
13.9342,pi,6.2800,0.0000,-1.0000,-1.4551
13.9392,pi,6.2800,0.0000,-1.0000,-1.4567
13.9442,pi,6.2800,0.0000,-1.0000,-1.4583
13.9492,pi,6.2800,0.0000,-1.0000,-1.4598
13.9542,pi,6.2800,0.0000,-1.0000,-1.4614
13.9592,pi,6.2800,0.0000,-1.0000,-1.4630
13.9642,pi,6.2800,0.0000,-1.0000,-1.4645
13.9692,pi,6.2800,0.0000,-1.0000,-1.4661
13.9742,pi,6.2800,0.0000,-1.0000,-1.4677
13.9792,pi,6.2800,0.0000,-1.0000,-1.4693
13.9842,pi,6.2800,0.0000,-1.0000,-1.4708
13.9892,pi,6.2800,0.0000,-1.0000,-1.4724
13.9942,pi,6.2800,0.0000,-1.0000,-1.4740
13.9992,pi,6.2800,0.0000,-1.0000,-1.4755
14.0042,pi,6.2800,0.0000,-1.0000,-1.4771
14.0092,pi,6.2800,0.0000,-1.0000,-1.4787
14.0142,pi,6.2800,0.0000,-1.0000,-1.4802
14.0192,pi,6.2800,0.0000,-1.0000,-1.4818
14.0242,pi,6.2800,0.0000,-1.0000,-1.4834
14.0293,pi,6.2800,0.0000,-1.0000,-1.4850
14.0342,pi,6.2800,0.0000,-1.0000,-1.4865
14.0393,pi,6.2800,0.0000,-1.0000,-1.4881
14.0442,pi,6.2800,0.0000,-1.0000,-1.4897
14.0492,pi,6.2800,0.0000,-1.0000,-1.4912
14.0542,pi,6.2800,0.0000,-1.0000,-1.4928
14.0592,pi,6.2800,0.0000,-1.0000,-1.4944
14.0642,pi,6.2800,0.0000,-1.0000,-1.4959
14.0692,pi,6.2800,0.0000,-1.0000,-1.4975
14.0742,pi,6.2800,0.0000,-1.0000,-1.4991
14.0792,pi,6.2800,0.0000,-1.0000,-1.5007
14.0842,pi,6.2800,0.0000,-1.0000,-1.5022
14.0892,pi,6.2800,0.0000,-1.0000,-1.5038
14.0942,pi,6.2800,0.0000,-1.0000,-1.5054
14.0993,pi,6.2800,0.0000,-1.0000,-1.5069
14.1042,pi,6.2800,0.0000,-1.0000,-1.5085
14.1092,pi,6.2800,0.0000,-1.0000,-1.5101
14.1142,pi,6.2800,0.0000,-1.0000,-1.5116
14.1192,pi,6.2800,0.0000,-1.0000,-1.5132
14.1242,pi,6.2800,0.0000,-1.0000,-1.5148
14.1292,pi,6.2800,0.0000,-1.0000,-1.5164
14.1342,pi,6.2800,0.0000,-1.0000,-1.5179
14.1393,pi,6.2800,0.0000,-1.0000,-1.5195
14.1445,pi,6.2800,0.0000,-1.0000,-1.5211
14.1492,pi,6.2800,0.0000,-1.0000,-1.5226
14.1544,pi,6.2800,0.0000,-1.0000,-1.5242
14.1598,pi,6.2800,0.0000,-1.0000,-1.5258
14.1642,pi,6.2800,0.0000,-1.0000,-1.5273
14.1692,pi,6.2800,0.0000,-1.0000,-1.5289
14.1742,pi,6.2800,0.0000,-1.0000,-1.5305
14.1792,pi,6.2800,0.0000,-1.0000,-1.5321
14.1842,pi,6.2800,0.0000,-1.0000,-1.5336
14.1892,pi,6.2800,0.0000,-1.0000,-1.5352
14.1942,pi,6.2800,0.0000,-1.0000,-1.5368
14.1992,pi,6.2800,0.0000,-1.0000,-1.5383
14.2042,pi,6.2800,0.0000,-1.0000,-1.5399
14.2092,pi,6.2800,0.0000,-1.0000,-1.5415
14.2142,pi,6.2800,0.0000,-1.0000,-1.5430
14.2192,pi,6.2800,0.0000,-1.0000,-1.5446
14.2242,pi,6.2800,0.0000,-1.0000,-1.5462
14.2292,pi,6.2800,0.0000,-1.0000,-1.5478
14.2341,pi,6.2800,0.0000,-1.0000,-1.5493
14.2392,pi,6.2800,0.0000,-1.0000,-1.5509
14.2442,pi,6.2800,0.0000,-1.0000,-1.5525
14.2492,pi,6.2800,0.0000,-1.0000,-1.5540
14.2542,pi,6.2800,0.0000,-1.0000,-1.5556
14.2592,pi,6.2800,0.0000,-1.0000,-1.5572
14.2642,pi,6.2800,0.0000,-1.0000,-1.5588
14.2691,pi,6.2800,0.0000,-1.0000,-1.5603
14.2745,pi,6.2800,0.0000,-1.0000,-1.5619
14.2792,pi,6.2800,0.0000,-1.0000,-1.5635
14.2842,pi,6.2800,0.0000,-1.0000,-1.5650
14.2892,pi,6.2800,0.0000,-1.0000,-1.5666
14.2942,pi,6.2800,0.0000,-1.0000,-1.5682
14.2992,pi,6.2800,0.0000,-1.0000,-1.5697
14.3042,pi,6.2800,0.0000,-1.0000,-1.5713
14.3091,pi,6.2800,0.0000,-1.0000,-1.5729
14.3144,pi,6.2800,0.0000,-1.0000,-1.5744
14.3192,pi,6.2800,0.0000,-1.0000,-1.5760
14.3241,pi,6.2800,0.0000,-1.0000,-1.5776
14.3292,pi,6.2800,0.0000,-1.0000,-1.5792
14.3342,pi,6.2800,0.0000,-1.0000,-1.5807
14.3392,pi,6.2800,0.0000,-1.0000,-1.5823
14.3442,pi,6.2800,0.0000,-1.0000,-1.5839
14.3492,pi,6.2800,0.0000,-1.0000,-1.5854
14.3542,pi,6.2800,0.0000,-1.0000,-1.5870
14.3592,pi,6.2800,0.0000,-1.0000,-1.5886
14.3642,pi,6.2800,0.0000,-1.0000,-1.5902
14.3692,pi,6.2800,0.0000,-1.0000,-1.5917
14.3741,pi,6.2800,0.0000,-1.0000,-1.5933
14.3792,pi,6.2800,0.0000,-1.0000,-1.5949
14.3842,pi,6.2800,0.0000,-1.0000,-1.5964
14.3893,pi,6.2800,0.0000,-1.0000,-1.5980
14.3941,pi,6.2800,0.0000,-1.0000,-1.5996
14.3992,pi,6.2800,0.0000,-1.0000,-1.6011
14.4042,pi,6.2800,0.0000,-1.0000,-1.6027
14.4096,pi,6.2800,0.0000,-1.0000,-1.6043
14.4145,pi,6.2800,0.0000,-1.0000,-1.6059
14.4193,pi,6.2800,0.0000,-1.0000,-1.6074
14.4242,pi,6.2800,0.0000,-1.0000,-1.6090
14.4292,pi,6.2800,0.0000,-1.0000,-1.6106
14.4341,pi,6.2800,0.0000,-1.0000,-1.6121
14.4391,pi,6.2800,0.0000,-1.0000,-1.6137
14.4442,pi,6.2800,0.0000,-1.0000,-1.6153
14.4492,pi,6.2800,0.0000,-1.0000,-1.6168
14.4542,pi,6.2800,0.0000,-1.0000,-1.6184
14.4592,pi,6.2800,0.0000,-1.0000,-1.6200
14.4642,pi,6.2800,0.0000,-1.0000,-1.6215
14.4692,pi,6.2800,0.0000,-1.0000,-1.6231
14.4742,pi,6.2800,0.0000,-1.0000,-1.6247
14.4792,pi,6.2800,0.0000,-1.0000,-1.6263
14.4842,pi,6.2800,0.0000,-1.0000,-1.6278
14.4892,pi,6.2800,0.0000,-1.0000,-1.6294
14.4942,pi,6.2800,0.0000,-1.0000,-1.6310
14.4992,pi,6.2800,0.0000,-1.0000,-1.6325
14.5042,pi,6.2800,0.0000,-1.0000,-1.6341
14.5092,pi,6.2800,0.0000,-1.0000,-1.6357
14.5142,pi,6.2800,0.0000,-1.0000,-1.6372
14.5192,pi,6.2800,0.0000,-1.0000,-1.6388
14.5242,pi,6.2800,0.0000,-1.0000,-1.6404
14.5292,pi,6.2800,0.0000,-1.0000,-1.6420
14.5342,pi,6.2800,0.0000,-1.0000,-1.6435
14.5392,pi,6.2800,0.0000,-1.0000,-1.6451
14.5442,pi,6.2800,0.0000,-1.0000,-1.6467
14.5491,pi,6.2800,0.0000,-1.0000,-1.6482
14.5542,pi,6.2800,0.0000,-1.0000,-1.6498
14.5592,pi,6.2800,0.0000,-1.0000,-1.6514
14.5642,pi,6.2800,0.0000,-1.0000,-1.6529
14.5692,pi,6.2800,0.0000,-1.0000,-1.6545
14.5742,pi,6.2800,0.0000,-1.0000,-1.6561
14.5792,pi,6.2800,0.0000,-1.0000,-1.6577
14.5842,pi,6.2800,0.0000,-1.0000,-1.6592
14.5892,pi,6.2800,0.0000,-1.0000,-1.6608
14.5942,pi,6.2800,0.0000,-1.0000,-1.6624
14.5992,pi,6.2800,0.0000,-1.0000,-1.6639
14.6042,pi,6.2800,0.0000,-1.0000,-1.6655
14.6092,pi,6.2800,0.0000,-1.0000,-1.6671
14.6142,pi,6.2800,0.0000,-1.0000,-1.6686
14.6191,pi,6.2800,0.0000,-1.0000,-1.6702
14.6242,pi,6.2800,0.0000,-1.0000,-1.6718
14.6292,pi,6.2800,0.0000,-1.0000,-1.6734
14.6342,pi,6.2800,0.0000,-1.0000,-1.6749
14.6392,pi,6.2800,0.0000,-1.0000,-1.6765
14.6442,pi,6.2800,0.0000,-1.0000,-1.6781
14.6492,pi,6.2800,0.0000,-1.0000,-1.6796
14.6542,pi,6.2800,0.0000,-1.0000,-1.6812
14.6592,pi,6.2800,0.0000,-1.0000,-1.6828
14.6642,pi,6.2800,0.0000,-1.0000,-1.6844
14.6692,pi,6.2800,0.0000,-1.0000,-1.6859
14.6742,pi,6.2800,0.0000,-1.0000,-1.6875
14.6792,pi,6.2800,0.0000,-1.0000,-1.6891
14.6842,pi,6.2800,0.0000,-1.0000,-1.6906
14.6892,pi,6.2800,0.0000,-1.0000,-1.6922
14.6942,pi,6.2800,0.0000,-1.0000,-1.6938
14.6992,pi,6.2800,0.0000,-1.0000,-1.6953
14.7042,pi,6.2800,0.0000,-1.0000,-1.6969
14.7092,pi,6.2800,0.0000,-1.0000,-1.6985
14.7142,pi,6.2800,0.0000,-1.0000,-1.7000
14.7192,pi,6.2800,0.0000,-1.0000,-1.7016
14.7242,pi,6.2800,0.0000,-1.0000,-1.7032
14.7292,pi,6.2800,0.0000,-1.0000,-1.7048
14.7342,pi,6.2800,0.0000,-1.0000,-1.7063
14.7393,pi,6.2800,0.0000,-1.0000,-1.7079
14.7442,pi,6.2800,0.0000,-1.0000,-1.7095
14.7498,pi,6.2800,0.0000,-1.0000,-1.7110
14.7545,pi,6.2800,0.0000,-1.0000,-1.7126
14.7598,pi,6.2800,0.0000,-1.0000,-1.7142
14.7650,pi,6.2800,0.0000,-1.0000,-1.7158
14.7697,pi,6.2800,0.0000,-1.0000,-1.7173
14.7742,pi,6.2800,0.0000,-1.0000,-1.7189
14.7792,pi,6.2800,0.0000,-1.0000,-1.7205
14.7842,pi,6.2800,0.0000,-1.0000,-1.7220
14.7892,pi,6.2800,0.0000,-1.0000,-1.7236
14.7942,pi,6.2800,0.0000,-1.0000,-1.7252
14.7992,pi,6.2800,0.0000,-1.0000,-1.7267
14.8042,pi,6.2800,0.0000,-1.0000,-1.7283
14.8092,pi,6.2800,0.0000,-1.0000,-1.7299
14.8142,pi,6.2800,0.0000,-1.0000,-1.7314
14.8192,pi,6.2800,0.0000,-1.0000,-1.7330
14.8242,pi,6.2800,0.0000,-1.0000,-1.7346
14.8292,pi,6.2800,0.0000,-1.0000,-1.7362
14.8342,pi,6.2800,0.0000,-1.0000,-1.7377
14.8392,pi,6.2800,0.0000,-1.0000,-1.7393
14.8442,pi,6.2800,0.0000,-1.0000,-1.7409
14.8492,pi,6.2800,0.0000,-1.0000,-1.7424
14.8541,pi,6.2800,0.0000,-1.0000,-1.7440
14.8592,pi,6.2800,0.0000,-1.0000,-1.7456
14.8642,pi,6.2800,0.0000,-1.0000,-1.7471
14.8692,pi,6.2800,0.0000,-1.0000,-1.7487
14.8742,pi,6.2800,0.0000,-1.0000,-1.7503
14.8792,pi,6.2800,0.0000,-1.0000,-1.7519
14.8841,pi,6.2800,0.0000,-1.0000,-1.7534
14.8893,pi,6.2800,0.0000,-1.0000,-1.7550
14.8942,pi,6.2800,0.0000,-1.0000,-1.7566
14.8992,pi,6.2800,0.0000,-1.0000,-1.7581
14.9042,pi,6.2800,0.0000,-1.0000,-1.7597
14.9092,pi,6.2800,0.0000,-1.0000,-1.7613
14.9142,pi,6.2800,0.0000,-1.0000,-1.7628
14.9193,pi,6.2800,0.0000,-1.0000,-1.7644
14.9242,pi,6.2800,0.0000,-1.0000,-1.7660
14.9293,pi,6.2800,0.0000,-1.0000,-1.7676
14.9342,pi,6.2800,0.0000,-1.0000,-1.7691
14.9393,pi,6.2800,0.0000,-1.0000,-1.7707
14.9442,pi,6.2800,0.0000,-1.0000,-1.7723
14.9491,pi,6.2800,0.0000,-1.0000,-1.7738
14.9542,pi,6.2800,0.0000,-1.0000,-1.7754
14.9592,pi,6.2800,0.0000,-1.0000,-1.7770
14.9642,pi,6.2800,0.0000,-1.0000,-1.7785
14.9692,pi,6.2800,0.0000,-1.0000,-1.7801
14.9742,pi,6.2800,0.0000,-1.0000,-1.7817
14.9792,pi,6.2800,0.0000,-1.0000,-1.7833
14.9842,pi,6.2800,0.0000,-1.0000,-1.7848
14.9892,pi,6.2800,0.0000,-1.0000,-1.7864
14.9942,pi,6.2800,0.0000,-1.0000,-1.7880
14.9992,pi,6.2800,0.0000,-1.0000,-1.7895
15.0042,pi,6.2800,0.0000,-1.0000,-1.7911
15.0092,pi,6.2800,0.0000,-1.0000,-1.7927
15.0142,pi,6.2800,0.0000,-1.0000,-1.7942
15.0192,pi,6.2800,0.0000,-1.0000,-1.7958
15.0242,pi,6.2800,0.0000,-1.0000,-1.7974
15.0292,pi,6.2800,0.0000,-1.0000,-1.7990
15.0342,pi,6.2800,0.0000,-1.0000,-1.8005
15.0392,pi,6.2800,0.0000,-1.0000,-1.8021
15.0443,pi,6.2800,0.0000,-1.0000,-1.8037
15.0491,pi,6.2800,0.0000,-1.0000,-1.8052
15.0542,pi,6.2800,0.0000,-1.0000,-1.8068
15.0592,pi,6.2800,0.0000,-1.0000,-1.8084
15.0642,pi,6.2800,0.0000,-1.0000,-1.8099
15.0693,pi,6.2800,0.0000,-1.0000,-1.8115
15.0742,pi,6.2800,0.0000,-1.0000,-1.8131
15.0791,pi,6.2800,0.0000,-1.0000,-1.8147
15.0843,pi,6.2800,0.0000,-1.0000,-1.8162
15.0892,pi,6.2800,0.0000,-1.0000,-1.8178
15.0942,pi,6.2800,0.0000,-1.0000,-1.8194
15.0992,pi,6.2800,0.0000,-1.0000,-1.8209
15.1043,pi,6.2800,0.0000,-1.0000,-1.8225
15.1091,pi,6.2800,0.0000,-1.0000,-1.8241
15.1142,pi,6.2800,0.0000,-1.0000,-1.8256
15.1193,pi,6.2800,0.0000,-1.0000,-1.8272
15.1242,pi,6.2800,0.0000,-1.0000,-1.8288
15.1292,pi,6.2800,0.0000,-1.0000,-1.8304
15.1342,pi,6.2800,0.0000,-1.0000,-1.8319
15.1393,pi,6.2800,0.0000,-1.0000,-1.8335
15.1444,pi,6.2800,0.0000,-1.0000,-1.8351
15.1496,pi,6.2800,0.0000,-1.0000,-1.8366
15.1544,pi,6.2800,0.0000,-1.0000,-1.8382
15.1592,pi,6.2800,0.0000,-1.0000,-1.8398
15.1642,pi,6.2800,0.0000,-1.0000,-1.8413
15.1693,pi,6.2800,0.0000,-1.0000,-1.8429
15.1742,pi,6.2800,0.0000,-1.0000,-1.8445
15.1792,pi,6.2800,0.0000,-1.0000,-1.8461
15.1842,pi,6.2800,0.0000,-1.0000,-1.8476
15.1892,pi,6.2800,0.0000,-1.0000,-1.8492
15.1942,pi,6.2800,0.0000,-1.0000,-1.8508
15.1992,pi,6.2800,0.0000,-1.0000,-1.8523
15.2042,pi,6.2800,0.0000,-1.0000,-1.8539
15.2092,pi,6.2800,0.0000,-1.0000,-1.8555
15.2142,pi,6.2800,0.0000,-1.0000,-1.8570
15.2192,pi,6.2800,0.0000,-1.0000,-1.8586
15.2242,pi,6.2800,0.0000,-1.0000,-1.8602
15.2292,pi,6.2800,0.0000,-1.0000,-1.8618
15.2342,pi,6.2800,0.0000,-1.0000,-1.8633
15.2391,pi,6.2800,0.0000,-1.0000,-1.8649
15.2442,pi,6.2800,0.0000,-1.0000,-1.8665
15.2491,pi,6.2800,0.0000,-1.0000,-1.8680
15.2542,pi,6.2800,0.0000,-1.0000,-1.8696
15.2593,pi,6.2800,0.0000,-1.0000,-1.8712
15.2642,pi,6.2800,0.0000,-1.0000,-1.8728
15.2692,pi,6.2800,0.0000,-1.0000,-1.8743
15.2741,pi,6.2800,0.0000,-1.0000,-1.8759
15.2792,pi,6.2800,0.0000,-1.0000,-1.8775
15.2842,pi,6.2800,0.0000,-1.0000,-1.8790
15.2892,pi,6.2800,0.0000,-1.0000,-1.8806
15.2942,pi,6.2800,0.0000,-1.0000,-1.8822
15.2992,pi,6.2800,0.0000,-1.0000,-1.8837
15.3042,pi,6.2800,0.0000,-1.0000,-1.8853
15.3092,pi,6.2800,0.0000,-1.0000,-1.8869
15.3143,pi,6.2800,0.0000,-1.0000,-1.8885
15.3191,pi,6.2800,0.0000,-1.0000,-1.8900
15.3242,pi,6.2800,0.0000,-1.0000,-1.8916
15.3292,pi,6.2800,0.0000,-1.0000,-1.8932
15.3342,pi,6.2800,0.0000,-1.0000,-1.8947
15.3392,pi,6.2800,0.0000,-1.0000,-1.8963
15.3442,pi,6.2800,0.0000,-1.0000,-1.8979
15.3492,pi,6.2800,0.0000,-1.0000,-1.8994
15.3542,pi,6.2800,0.0000,-1.0000,-1.9010
15.3594,pi,6.2800,0.0000,-1.0000,-1.9026
15.3642,pi,6.2800,0.0000,-1.0000,-1.9042
15.3692,pi,6.2800,0.0000,-1.0000,-1.9057
15.3742,pi,6.2800,0.0000,-1.0000,-1.9073
15.3792,pi,6.2800,0.0000,-1.0000,-1.9089
15.3842,pi,6.2800,0.0000,-1.0000,-1.9104
15.3893,pi,6.2800,0.0000,-1.0000,-1.9120
15.3942,pi,6.2800,0.0000,-1.0000,-1.9136
15.3992,pi,6.2800,0.0000,-1.0000,-1.9151
15.4044,pi,6.2800,0.0000,-1.0000,-1.9167
15.4092,pi,6.2800,0.0000,-1.0000,-1.9183
15.4145,pi,6.2800,0.0000,-1.0000,-1.9199
15.4191,pi,6.2800,0.0000,-1.0000,-1.9214
15.4242,pi,6.2800,0.0000,-1.0000,-1.9230
15.4292,pi,6.2800,0.0000,-1.0000,-1.9246
15.4342,pi,6.2800,0.0000,-1.0000,-1.9261
15.4392,pi,6.2800,0.0000,-1.0000,-1.9277
15.4442,pi,6.2800,0.0000,-1.0000,-1.9293
15.4492,pi,6.2800,0.0000,-1.0000,-1.9308
15.4542,pi,6.2800,0.0000,-1.0000,-1.9324
15.4592,pi,6.2800,0.0000,-1.0000,-1.9340
15.4642,pi,6.2800,0.0000,-1.0000,-1.9355
15.4692,pi,6.2800,0.0000,-1.0000,-1.9371
15.4743,pi,6.2800,0.0000,-1.0000,-1.9387
15.4792,pi,6.2800,0.0000,-1.0000,-1.9403
15.4843,pi,6.2800,0.0000,-1.0000,-1.9418
15.4892,pi,6.2800,0.0000,-1.0000,-1.9434
15.4942,pi,6.2800,0.0000,-1.0000,-1.9450
15.4992,pi,6.2800,0.0000,-1.0000,-1.9465
15.5042,pi,6.2800,0.0000,-1.0000,-1.9481
15.5092,pi,6.2800,0.0000,-1.0000,-1.9497
15.5142,pi,6.2800,0.0000,-1.0000,-1.9513
15.5191,pi,6.2800,0.0000,-1.0000,-1.9528
15.5243,pi,6.2800,0.0000,-1.0000,-1.9544
15.5292,pi,6.2800,0.0000,-1.0000,-1.9560
15.5342,pi,6.2800,0.0000,-1.0000,-1.9575
15.5392,pi,6.2800,0.0000,-1.0000,-1.9591
15.5442,pi,6.2800,0.0000,-1.0000,-1.9607
15.5492,pi,6.2800,0.0000,-1.0000,-1.9622
15.5542,pi,6.2800,0.0000,-1.0000,-1.9638
15.5592,pi,6.2800,0.0000,-1.0000,-1.9654
15.5642,pi,6.2800,0.0000,-1.0000,-1.9669
15.5692,pi,6.2800,0.0000,-1.0000,-1.9685
15.5742,pi,6.2800,0.0000,-1.0000,-1.9701
15.5793,pi,6.2800,0.0000,-1.0000,-1.9717
15.5843,pi,6.2800,0.0000,-1.0000,-1.9732
15.5892,pi,6.2800,0.0000,-1.0000,-1.9748
15.5941,pi,6.2800,0.0000,-1.0000,-1.9764
15.5992,pi,6.2800,0.0000,-1.0000,-1.9779
15.6042,pi,6.2800,0.0000,-1.0000,-1.9795
15.6092,pi,6.2800,0.0000,-1.0000,-1.9811
15.6142,pi,6.2800,0.0000,-1.0000,-1.9826
15.6192,pi,6.2800,0.0000,-1.0000,-1.9842
15.6242,pi,6.2800,0.0000,-1.0000,-1.9858
15.6292,pi,6.2800,0.0000,-1.0000,-1.9874
15.6342,pi,6.2800,0.0000,-1.0000,-1.9889
15.6392,pi,6.2800,0.0000,-1.0000,-1.9905
15.6443,pi,6.2800,0.0000,-1.0000,-1.9921
15.6494,pi,6.2800,0.0000,-1.0000,-1.9936
15.6547,pi,6.2800,0.0000,-1.0000,-1.9952
15.6592,pi,6.2800,0.0000,-1.0000,-1.9968
15.6642,pi,6.2800,0.0000,-1.0000,-1.9983
15.6692,pi,6.2800,0.0000,-1.0000,-1.9999
15.6742,pi,6.2800,0.0000,-1.0000,-2.0015
15.6792,pi,6.2800,0.0000,-1.0000,-2.0031
15.6842,pi,6.2800,0.0000,-1.0000,-2.0046
15.6892,pi,6.2800,0.0000,-1.0000,-2.0062
15.6942,pi,6.2800,0.0000,-1.0000,-2.0078
15.6992,pi,6.2800,0.0000,-1.0000,-2.0093
15.7042,pi,6.2800,0.0000,-1.0000,-2.0109
15.7092,pi,6.2800,0.0000,-1.0000,-2.0125
15.7142,pi,6.2800,0.0000,-1.0000,-2.0140
15.7192,pi,6.2800,0.0000,-1.0000,-2.0156
15.7242,pi,6.2800,0.0000,-1.0000,-2.0172
15.7292,pi,6.2800,0.0000,-1.0000,-2.0188
15.7343,pi,6.2800,0.0000,-1.0000,-2.0203
15.7392,pi,6.2800,0.0000,-1.0000,-2.0219
15.7442,pi,6.2800,0.0000,-1.0000,-2.0235
15.7492,pi,6.2800,0.0000,-1.0000,-2.0250
15.7542,pi,6.2800,0.0000,-1.0000,-2.0266
15.7593,pi,6.2800,0.0000,-1.0000,-2.0282
15.7642,pi,6.2800,0.0000,-1.0000,-2.0297
15.7692,pi,6.2800,0.0000,-1.0000,-2.0313
15.7742,pi,6.2800,0.0000,-1.0000,-2.0329
15.7792,pi,6.2800,0.0000,-1.0000,-2.0345
15.7842,pi,6.2800,0.0000,-1.0000,-2.0360
15.7892,pi,6.2800,0.0000,-1.0000,-2.0376
15.7942,pi,6.2800,0.0000,-1.0000,-2.0392
15.7992,pi,6.2800,0.0000,-1.0000,-2.0407
15.8041,pi,6.2800,0.0000,-1.0000,-2.0423
15.8092,pi,6.2800,0.0000,-1.0000,-2.0439
15.8142,pi,6.2800,0.0000,-1.0000,-2.0454
15.8192,pi,6.2800,0.0000,-1.0000,-2.0470
15.8242,pi,6.2800,0.0000,-1.0000,-2.0486
15.8292,pi,6.2800,0.0000,-1.0000,-2.0502
15.8342,pi,6.2800,0.0000,-1.0000,-2.0517
15.8392,pi,6.2800,0.0000,-1.0000,-2.0533
15.8442,pi,6.2800,0.0000,-1.0000,-2.0549
15.8492,pi,6.2800,0.0000,-1.0000,-2.0564
15.8542,pi,6.2800,0.0000,-1.0000,-2.0580
15.8593,pi,6.2800,0.0000,-1.0000,-2.0596
15.8642,pi,6.2800,0.0000,-1.0000,-2.0612
15.8692,pi,6.2800,0.0000,-1.0000,-2.0627
15.8741,pi,6.2800,0.0000,-1.0000,-2.0643
15.8792,pi,6.2800,0.0000,-1.0000,-2.0659
15.8842,pi,6.2800,0.0000,-1.0000,-2.0674
15.8891,pi,6.2800,0.0000,-1.0000,-2.0690
15.8942,pi,6.2800,0.0000,-1.0000,-2.0706
15.8992,pi,6.2800,0.0000,-1.0000,-2.0721
15.9042,pi,6.2800,0.0000,-1.0000,-2.0737
15.9092,pi,6.2800,0.0000,-1.0000,-2.0753
15.9142,pi,6.2800,0.0000,-1.0000,-2.0768
15.9192,pi,6.2800,0.0000,-1.0000,-2.0784
15.9242,pi,6.2800,0.0000,-1.0000,-2.0800
15.9292,pi,6.2800,0.0000,-1.0000,-2.0816
15.9341,pi,6.2800,0.0000,-1.0000,-2.0831
15.9393,pi,6.2800,0.0000,-1.0000,-2.0847
15.9442,pi,6.2800,0.0000,-1.0000,-2.0863
15.9492,pi,6.2800,0.0000,-1.0000,-2.0878
15.9542,pi,6.2800,0.0000,-1.0000,-2.0894
15.9592,pi,6.2800,0.0000,-1.0000,-2.0910
15.9642,pi,6.2800,0.0000,-1.0000,-2.0925
15.9692,pi,6.2800,0.0000,-1.0000,-2.0941
15.9742,pi,6.2800,0.0000,-1.0000,-2.0957
15.9792,pi,6.2800,0.0000,-1.0000,-2.0973
15.9842,pi,6.2800,0.0000,-1.0000,-2.0988
15.9891,pi,6.2800,0.0000,-1.0000,-2.1004
15.9942,pi,6.2800,0.0000,-1.0000,-2.1020
15.9992,pi,6.2800,0.0000,-1.0000,-2.1035
16.0042,pi,6.2800,0.0000,-1.0000,-2.1051
16.0091,pi,6.2800,0.0000,-1.0000,-2.1067
16.0142,pi,6.2800,0.0000,-1.0000,-2.1083
16.0191,pi,6.2800,0.0000,-1.0000,-2.1098
16.0242,pi,6.2800,0.0000,-1.0000,-2.1114
16.0291,pi,6.2800,0.0000,-1.0000,-2.1130
16.0342,pi,6.2800,0.0000,-1.0000,-2.1145
16.0393,pi,6.2800,0.0000,-1.0000,-2.1161
16.0442,pi,6.2800,0.0000,-1.0000,-2.1177
16.0491,pi,6.2800,0.0000,-1.0000,-2.1192
16.0543,pi,6.2800,0.0000,-1.0000,-2.1208
16.0592,pi,6.2800,0.0000,-1.0000,-2.1224
16.0643,pi,6.2800,0.0000,-1.0000,-2.1239
16.0692,pi,6.2800,0.0000,-1.0000,-2.1255
16.0742,pi,6.2800,0.0000,-1.0000,-2.1271
16.0792,pi,6.2800,0.0000,-1.0000,-2.1287
16.0842,pi,6.2800,0.0000,-1.0000,-2.1302
16.0892,pi,6.2800,0.0000,-1.0000,-2.1318
16.0942,pi,6.2800,0.0000,-1.0000,-2.1334
16.0992,pi,6.2800,0.0000,-1.0000,-2.1349
16.1041,pi,6.2800,0.0000,-1.0000,-2.1365
16.1092,pi,6.2800,0.0000,-1.0000,-2.1381
16.1142,pi,6.2800,0.0000,-1.0000,-2.1396
16.1192,pi,6.2800,0.0000,-1.0000,-2.1412
16.1242,pi,6.2800,0.0000,-1.0000,-2.1428
16.1292,pi,6.2800,0.0000,-1.0000,-2.1444
16.1342,pi,6.2800,0.0000,-1.0000,-2.1459
16.1391,pi,6.2800,0.0000,-1.0000,-2.1475
16.1443,pi,6.2800,0.0000,-1.0000,-2.1491
16.1494,pi,6.2800,0.0000,-1.0000,-2.1506
16.1543,pi,6.2800,0.0000,-1.0000,-2.1522
16.1591,pi,6.2800,0.0000,-1.0000,-2.1538
16.1642,pi,6.2800,0.0000,-1.0000,-2.1553
16.1691,pi,6.2800,0.0000,-1.0000,-2.1569
16.1742,pi,6.2800,0.0000,-1.0000,-2.1585
16.1792,pi,6.2800,0.0000,-1.0000,-2.1601
16.1842,pi,6.2800,0.0000,-1.0000,-2.1616
16.1892,pi,6.2800,0.0000,-1.0000,-2.1632
16.1942,pi,6.2800,0.0000,-1.0000,-2.1648
16.1993,pi,6.2800,0.0000,-1.0000,-2.1663
16.2042,pi,6.2800,0.0000,-1.0000,-2.1679
16.2095,pi,6.2800,0.0000,-1.0000,-2.1695
16.2143,pi,6.2800,0.0000,-1.0000,-2.1711
16.2193,pi,6.2800,0.0000,-1.0000,-2.1726
16.2241,pi,6.2800,0.0000,-1.0000,-2.1742
16.2292,pi,6.2800,0.0000,-1.0000,-2.1757
16.2342,pi,6.2800,0.0000,-1.0000,-2.1773
16.2392,pi,6.2800,0.0000,-1.0000,-2.1789
16.2442,pi,6.2800,0.0000,-1.0000,-2.1805
16.2493,pi,6.2800,0.0000,-1.0000,-2.1820
16.2542,pi,6.2800,0.0000,-1.0000,-2.1836
16.2591,pi,6.2800,0.0000,-1.0000,-2.1852
16.2642,pi,6.2800,0.0000,-1.0000,-2.1867
16.2692,pi,6.2800,0.0000,-1.0000,-2.1883
16.2742,pi,6.2800,0.0000,-1.0000,-2.1899
16.2792,pi,6.2800,0.0000,-1.0000,-2.1915
16.2842,pi,6.2800,0.0000,-1.0000,-2.1930
16.2892,pi,6.2800,0.0000,-1.0000,-2.1946
16.2942,pi,6.2800,0.0000,-1.0000,-2.1962
16.2992,pi,6.2800,0.0000,-1.0000,-2.1977
16.3042,pi,6.2800,0.0000,-1.0000,-2.1993
16.3093,pi,6.2800,0.0000,-1.0000,-2.2009
16.3142,pi,6.2800,0.0000,-1.0000,-2.2025
16.3192,pi,6.2800,0.0000,-1.0000,-2.2040
16.3242,pi,6.2800,0.0000,-1.0000,-2.2056
16.3292,pi,6.2800,0.0000,-1.0000,-2.2072
16.3342,pi,6.2800,0.0000,-1.0000,-2.2087
16.3392,pi,6.2800,0.0000,-1.0000,-2.2103
16.3442,pi,6.2800,0.0000,-1.0000,-2.2119
16.3492,pi,6.2800,0.0000,-1.0000,-2.2134
16.3542,pi,6.2800,0.0000,-1.0000,-2.2150
16.3592,pi,6.2800,0.0000,-1.0000,-2.2166
16.3642,pi,6.2800,0.0000,-1.0000,-2.2182
16.3692,pi,6.2800,0.0000,-1.0000,-2.2197
16.3742,pi,6.2800,0.0000,-1.0000,-2.2213
16.3792,pi,6.2800,0.0000,-1.0000,-2.2229
16.3842,pi,6.2800,0.0000,-1.0000,-2.2244
16.3893,pi,6.2800,0.0000,-1.0000,-2.2260
16.3942,pi,6.2800,0.0000,-1.0000,-2.2276
16.3992,pi,6.2800,0.0000,-1.0000,-2.2291
16.4045,pi,6.2800,0.0000,-1.0000,-2.2307
16.4094,pi,6.2800,0.0000,-1.0000,-2.2323
16.4142,pi,6.2800,0.0000,-1.0000,-2.2338
16.4193,pi,6.2800,0.0000,-1.0000,-2.2354
16.4242,pi,6.2800,0.0000,-1.0000,-2.2370
16.4291,pi,6.2800,0.0000,-1.0000,-2.2386
16.4343,pi,6.2800,0.0000,-1.0000,-2.2401
16.4393,pi,6.2800,0.0000,-1.0000,-2.2417
16.4442,pi,6.2800,0.0000,-1.0000,-2.2433
16.4492,pi,6.2800,0.0000,-1.0000,-2.2448
16.4542,pi,6.2800,0.0000,-1.0000,-2.2464
16.4592,pi,6.2800,0.0000,-1.0000,-2.2480
16.4642,pi,6.2800,0.0000,-1.0000,-2.2495
16.4692,pi,6.2800,0.0000,-1.0000,-2.2511
16.4742,pi,6.2800,0.0000,-1.0000,-2.2527
16.4792,pi,6.2800,0.0000,-1.0000,-2.2543
16.4842,pi,6.2800,0.0000,-1.0000,-2.2558
16.4892,pi,6.2800,0.0000,-1.0000,-2.2574
16.4942,pi,6.2800,0.0000,-1.0000,-2.2590
16.4992,pi,6.2800,0.0000,-1.0000,-2.2605
16.5042,pi,6.2800,0.0000,-1.0000,-2.2621
16.5092,pi,6.2800,0.0000,-1.0000,-2.2637
16.5142,pi,6.2800,0.0000,-1.0000,-2.2652
16.5192,pi,6.2800,0.0000,-1.0000,-2.2668
16.5242,pi,6.2800,0.0000,-1.0000,-2.2684
16.5292,pi,6.2800,0.0000,-1.0000,-2.2700
16.5342,pi,6.2800,0.0000,-1.0000,-2.2715
16.5393,pi,6.2800,0.0000,-1.0000,-2.2731
16.5442,pi,6.2800,0.0000,-1.0000,-2.2747
16.5492,pi,6.2800,0.0000,-1.0000,-2.2762
16.5542,pi,6.2800,0.0000,-1.0000,-2.2778
16.5591,pi,6.2800,0.0000,-1.0000,-2.2794
16.5642,pi,6.2800,0.0000,-1.0000,-2.2809
16.5692,pi,6.2800,0.0000,-1.0000,-2.2825
16.5742,pi,6.2800,0.0000,-1.0000,-2.2841
16.5792,pi,6.2800,0.0000,-1.0000,-2.2857
16.5842,pi,6.2800,0.0000,-1.0000,-2.2872
16.5892,pi,6.2800,0.0000,-1.0000,-2.2888
16.5942,pi,6.2800,0.0000,-1.0000,-2.2904
16.5992,pi,6.2800,0.0000,-1.0000,-2.2919
16.6041,pi,6.2800,0.0000,-1.0000,-2.2935
16.6093,pi,6.2800,0.0000,-1.0000,-2.2951
16.6142,pi,6.2800,0.0000,-1.0000,-2.2966
16.6192,pi,6.2800,0.0000,-1.0000,-2.2982
16.6242,pi,6.2800,0.0000,-1.0000,-2.2998
16.6293,pi,6.2800,0.0000,-1.0000,-2.3014
16.6342,pi,6.2800,0.0000,-1.0000,-2.3029
16.6392,pi,6.2800,0.0000,-1.0000,-2.3045
16.6442,pi,6.2800,0.0000,-1.0000,-2.3061
16.6492,pi,6.2800,0.0000,-1.0000,-2.3076
16.6542,pi,6.2800,0.0000,-1.0000,-2.3092
16.6592,pi,6.2800,0.0000,-1.0000,-2.3108
16.6643,pi,6.2800,0.0000,-1.0000,-2.3123
16.6692,pi,6.2800,0.0000,-1.0000,-2.3139
16.6742,pi,6.2800,0.0000,-1.0000,-2.3155
16.6792,pi,6.2800,0.0000,-1.0000,-2.3171
16.6842,pi,6.2800,0.0000,-1.0000,-2.3186
16.6893,pi,6.2800,0.0000,-1.0000,-2.3202
16.6942,pi,6.2800,0.0000,-1.0000,-2.3218
16.6992,pi,6.2800,0.0000,-1.0000,-2.3233
16.7042,pi,6.2800,0.0000,-1.0000,-2.3249
16.7092,pi,6.2800,0.0000,-1.0000,-2.3265
16.7142,pi,6.2800,0.0000,-1.0000,-2.3280
16.7192,pi,6.2800,0.0000,-1.0000,-2.3296
16.7242,pi,6.2800,0.0000,-1.0000,-2.3312
16.7292,pi,6.2800,0.0000,-1.0000,-2.3328
16.7342,pi,6.2800,0.0000,-1.0000,-2.3343
16.7392,pi,6.2800,0.0000,-1.0000,-2.3359
16.7442,pi,6.2800,0.0000,-1.0000,-2.3375
16.7492,pi,6.2800,0.0000,-1.0000,-2.3390
16.7542,pi,6.2800,0.0000,-1.0000,-2.3406
16.7591,pi,6.2800,0.0000,-1.0000,-2.3422
16.7643,pi,6.2800,0.0000,-1.0000,-2.3437
16.7692,pi,6.2800,0.0000,-1.0000,-2.3453
16.7743,pi,6.2800,0.0000,-1.0000,-2.3469
16.7792,pi,6.2800,0.0000,-1.0000,-2.3485
16.7842,pi,6.2800,0.0000,-1.0000,-2.3500
16.7892,pi,6.2800,0.0000,-1.0000,-2.3516
16.7941,pi,6.2800,0.0000,-1.0000,-2.3532
16.7992,pi,6.2800,0.0000,-1.0000,-2.3547
16.8042,pi,6.2800,0.0000,-1.0000,-2.3563
16.8092,pi,6.2800,0.0000,-1.0000,-2.3579
16.8142,pi,6.2800,0.0000,-1.0000,-2.3595
16.8191,pi,6.2800,0.0000,-1.0000,-2.3610
16.8242,pi,6.2800,0.0000,-1.0000,-2.3626
16.8292,pi,6.2800,0.0000,-1.0000,-2.3642
16.8343,pi,6.2800,0.0000,-1.0000,-2.3657
16.8392,pi,6.2800,0.0000,-1.0000,-2.3673
16.8442,pi,6.2800,0.0000,-1.0000,-2.3689
16.8492,pi,6.2800,0.0000,-1.0000,-2.3704
16.8542,pi,6.2800,0.0000,-1.0000,-2.3720
16.8592,pi,6.2800,0.0000,-1.0000,-2.3736
16.8642,pi,6.2800,0.0000,-1.0000,-2.3751
16.8692,pi,6.2800,0.0000,-1.0000,-2.3767
16.8742,pi,6.2800,0.0000,-1.0000,-2.3783
16.8792,pi,6.2800,0.0000,-1.0000,-2.3799
16.8842,pi,6.2800,0.0000,-1.0000,-2.3814
16.8892,pi,6.2800,0.0000,-1.0000,-2.3830
16.8942,pi,6.2800,0.0000,-1.0000,-2.3846
16.8992,pi,6.2800,0.0000,-1.0000,-2.3861
16.9042,pi,6.2800,0.0000,-1.0000,-2.3877
16.9092,pi,6.2800,0.0000,-1.0000,-2.3893
16.9142,pi,6.2800,0.0000,-1.0000,-2.3908
16.9191,pi,6.2800,0.0000,-1.0000,-2.3924
16.9242,pi,6.2800,0.0000,-1.0000,-2.3940
16.9292,pi,6.2800,0.0000,-1.0000,-2.3956
16.9342,pi,6.2800,0.0000,-1.0000,-2.3971
16.9392,pi,6.2800,0.0000,-1.0000,-2.3987
16.9442,pi,6.2800,0.0000,-1.0000,-2.4003
16.9492,pi,6.2800,0.0000,-1.0000,-2.4018
16.9542,pi,6.2800,0.0000,-1.0000,-2.4034
16.9592,pi,6.2800,0.0000,-1.0000,-2.4050
16.9642,pi,6.2800,0.0000,-1.0000,-2.4065
16.9691,pi,6.2800,0.0000,-1.0000,-2.4081
16.9742,pi,6.2800,0.0000,-1.0000,-2.4097
16.9794,pi,6.2800,0.0000,-1.0000,-2.4113
16.9848,pi,6.2800,0.0000,-1.0000,-2.4128
16.9901,pi,6.2800,0.0000,-1.0000,-2.4144
16.9946,pi,6.2800,0.0000,-1.0000,-2.4160
16.9994,pi,6.2800,0.0000,-1.0000,-2.4176
17.0045,pi,6.2800,0.0000,-1.0000,-2.4191
17.0094,pi,6.2800,0.0000,-1.0000,-2.4207
17.0143,pi,6.2800,0.0000,-1.0000,-2.4223
17.0193,pi,6.2800,0.0000,-1.0000,-2.4238
17.0243,pi,6.2800,0.0000,-1.0000,-2.4254
17.0292,pi,6.2800,0.0000,-1.0000,-2.4270
17.0343,pi,6.2800,0.0000,-1.0000,-2.4285
17.0393,pi,6.2800,0.0000,-1.0000,-2.4301
17.0443,pi,6.2800,0.0000,-1.0000,-2.4317
17.0493,pi,6.2800,0.0000,-1.0000,-2.4332
17.0543,pi,6.2800,0.0000,-1.0000,-2.4348
17.0594,pi,6.2800,0.0000,-1.0000,-2.4364
17.0648,pi,6.2800,0.0000,-1.0000,-2.4380
17.0699,pi,6.2800,0.0000,-1.0000,-2.4395
17.0745,pi,6.2800,0.0000,-1.0000,-2.4411
17.0794,pi,6.2800,0.0000,-1.0000,-2.4427
17.0843,pi,6.2800,0.0000,-1.0000,-2.4442
17.0895,pi,6.2800,0.0000,-1.0000,-2.4458
17.0944,pi,6.2800,0.0000,-1.0000,-2.4474
17.0996,pi,6.2800,0.0000,-1.0000,-2.4489
17.1047,pi,6.2800,0.0000,-1.0000,-2.4505
17.1096,pi,6.2800,0.0000,-1.0000,-2.4521
17.1146,pi,6.2800,0.0000,-1.0000,-2.4537
17.1195,pi,6.2800,0.0000,-1.0000,-2.4552
17.1247,pi,6.2800,0.0000,-1.0000,-2.4568
17.1293,pi,6.2800,0.0000,-1.0000,-2.4584
17.1342,pi,6.2800,0.0000,-1.0000,-2.4599
17.1392,pi,6.2800,0.0000,-1.0000,-2.4615
17.1444,pi,6.2800,0.0000,-1.0000,-2.4631
17.1494,pi,6.2800,0.0000,-1.0000,-2.4646
17.1546,pi,6.2800,0.0000,-1.0000,-2.4662
17.1595,pi,6.2800,0.0000,-1.0000,-2.4678
17.1643,pi,6.2800,0.0000,-1.0000,-2.4694
17.1692,pi,6.2800,0.0000,-1.0000,-2.4709
17.1742,pi,6.2800,0.0000,-1.0000,-2.4725
17.1792,pi,6.2800,0.0000,-1.0000,-2.4741
17.1842,pi,6.2800,0.0000,-1.0000,-2.4756
17.1892,pi,6.2800,0.0000,-1.0000,-2.4772
17.1942,pi,6.2800,0.0000,-1.0000,-2.4788
17.1992,pi,6.2800,0.0000,-1.0000,-2.4803
17.2042,pi,6.2800,0.0000,-1.0000,-2.4819
17.2092,pi,6.2800,0.0000,-1.0000,-2.4835
17.2142,pi,6.2800,0.0000,-1.0000,-2.4850
17.2192,pi,6.2800,0.0000,-1.0000,-2.4866
17.2242,pi,6.2800,0.0000,-1.0000,-2.4882
17.2292,pi,6.2800,0.0000,-1.0000,-2.4898
17.2343,pi,6.2800,0.0000,-1.0000,-2.4913
17.2401,pi,6.2800,0.0000,-1.0000,-2.4929
17.2452,pi,6.2800,0.0000,-1.0000,-2.4945
17.2499,pi,6.2800,0.0000,-1.0000,-2.4960
17.2542,pi,6.2800,0.0457,-1.0000,-2.4967
17.2592,pi,6.2800,0.0869,-1.0000,-2.4974
17.2641,pi,6.2800,0.1608,-1.0000,-2.4975
17.2692,pi,6.2800,0.3114,-1.0000,-2.4959
17.2743,pi,6.2800,0.5006,-1.0000,-2.4936
17.2792,pi,6.2800,0.8029,-1.0000,-2.4889
17.2842,pi,6.2800,1.0990,-1.0000,-2.4843
17.2892,pi,6.2800,1.5188,-1.0000,-2.4771
17.2942,pi,6.2800,2.0402,-1.0000,-2.4677
17.2992,pi,6.2800,2.6350,-1.0000,-2.4567
17.3042,pi,6.2800,3.2962,-1.0000,-2.4443
17.3092,pi,6.2800,4.0082,-1.0000,-2.4306
17.3146,pi,6.2800,4.9169,-1.0000,-2.4128
17.3196,pi,6.2800,5.8430,-1.0000,-2.3943
17.3242,pi,6.2800,6.8888,-1.0000,-2.3733
17.3292,pi,6.2800,7.7903,-1.0000,-2.3549
17.3343,pi,6.2800,8.8502,-1.0000,-2.3330
17.3392,pi,6.2800,9.8163,-1.0000,-2.3128
17.3442,pi,6.2800,10.7789,-1.0000,-2.2924
17.3493,pi,6.2800,11.8389,-1.0000,-2.2699
17.3543,pi,6.2800,12.8918,-1.0000,-2.2471
17.3606,pi,6.2800,14.0095,-1.0000,-2.2227
17.3658,pi,6.2800,14.9278,-1.0000,-2.2023
17.3702,pi,6.2800,15.9105,-1.0000,-2.1803
17.3742,pi,6.2800,16.7941,-1.0000,-2.1600
17.3793,pi,6.2800,17.7563,-1.0000,-2.1379
17.3841,pi,6.2800,18.6370,-1.0000,-2.1172
17.3894,pi,6.2800,19.5846,-1.0000,-2.0949
17.3942,pi,6.2800,20.5444,-1.0000,-2.0721
17.3993,pi,6.2800,21.4582,-1.0000,-2.0500
17.4046,pi,6.2800,22.3259,-1.0000,-2.0287
17.4096,pi,6.2800,23.2083,-1.0000,-2.0068
17.4151,pi,6.2800,24.0822,-1.0000,-1.9849
17.4210,pi,6.2800,25.0989,-1.0000,-1.9598
17.4252,pi,6.2800,25.9711,-1.0000,-1.9375
17.4295,pi,6.2800,26.8556,-1.0000,-1.9147
17.4344,pi,6.2800,27.8177,-1.0000,-1.8900
17.4392,pi,6.2800,28.6502,-1.0000,-1.8678
17.4443,pi,6.2800,29.5015,-1.0000,-1.8450
17.4493,pi,6.2800,30.3227,-1.0000,-1.8225
17.4543,pi,6.2800,31.1640,-1.0000,-1.7995
17.4593,pi,6.2800,31.9250,-1.0000,-1.7778
17.4643,pi,6.2800,32.7167,-1.0000,-1.7554
17.4693,pi,6.2800,33.4852,-1.0000,-1.7332
17.4743,pi,6.2800,34.2422,-1.0000,-1.7111
17.4793,pi,6.2800,35.0261,-1.0000,-1.6882
17.4843,pi,6.2800,35.7895,-1.0000,-1.6656
17.4893,pi,6.2800,36.5385,-1.0000,-1.6430
17.4942,pi,6.2800,37.2737,-1.0000,-1.6206
17.4993,pi,6.2800,38.0611,-1.0000,-1.5969
17.5042,pi,6.2800,38.8428,-1.0000,-1.5731
17.5093,pi,6.2800,39.5281,-1.0000,-1.5511
17.5143,pi,6.2800,40.2590,-1.0000,-1.5280
17.5193,pi,6.2800,41.0023,-1.0000,-1.5044
17.5243,pi,6.2800,41.7479,-1.0000,-1.4807
17.5293,pi,6.2800,42.4958,-1.0000,-1.4566
17.5344,pi,6.2800,43.1927,-1.0000,-1.4335
17.5394,pi,6.2800,43.9014,-1.0000,-1.4099
17.5444,pi,6.2800,44.6207,-1.0000,-1.3859
17.5494,pi,6.2800,45.2464,-1.0000,-1.3637
17.5544,pi,6.2800,45.8980,-1.0000,-1.3407
17.5594,pi,6.2800,46.5686,-1.0000,-1.3173
17.5645,pi,6.2800,47.1248,-1.0000,-1.2959
17.5696,pi,6.2800,47.7529,-1.0000,-1.2730
17.5748,pi,6.2800,48.3518,-1.0000,-1.2504
17.5800,pi,6.2800,48.9327,-1.0000,-1.2282
17.5847,pi,6.2800,49.4990,-1.0000,-1.2060
17.5898,pi,6.2800,50.0185,-1.0000,-1.1848
17.5949,pi,6.2800,50.5704,-1.0000,-1.1626
17.5994,pi,6.2800,51.1121,-1.0000,-1.1406
17.6044,pi,6.2800,51.5830,-1.0000,-1.1199
17.6095,pi,6.2800,52.1238,-1.0000,-1.0976
17.6146,pi,6.2800,52.6560,-1.0000,-1.0754
17.6196,pi,6.2800,53.1368,-1.0000,-1.0540
17.6248,pi,6.2800,53.6151,-1.0000,-1.0326
17.6299,pi,6.2800,54.0930,-1.0000,-1.0111
17.6344,pi,6.2800,54.5206,-0.9905,-0.9905
17.6395,pi,6.2800,54.9543,-0.9697,-0.9697
17.6447,pi,6.2800,55.3422,-0.9496,-0.9496
17.6498,pi,6.2800,55.7446,-0.9292,-0.9292
17.6543,pi,6.2800,56.1562,-0.9085,-0.9085
17.6595,pi,6.2800,56.4356,-0.8904,-0.8904
17.6645,pi,6.2800,56.6641,-0.8732,-0.8732
17.6696,pi,6.2800,56.8419,-0.8570,-0.8570
17.6747,pi,6.2800,56.9892,-0.8414,-0.8414
17.6798,pi,6.2800,57.0607,-0.8273,-0.8273
17.6849,pi,6.2800,57.0084,-0.8156,-0.8156
17.6894,pi,6.2800,56.9158,-0.8048,-0.8048
17.6944,pi,6.2800,56.7918,-0.7947,-0.7947
17.6994,pi,6.2800,56.5423,-0.7871,-0.7871
17.7044,pi,6.2800,56.2916,-0.7796,-0.7796
17.7094,pi,6.2800,56.0469,-0.7721,-0.7721
17.7145,pi,6.2800,55.8050,-0.7645,-0.7645
17.7195,pi,6.2800,55.4740,-0.7589,-0.7589
17.7245,pi,6.2800,55.0854,-0.7544,-0.7544
17.7295,pi,6.2800,54.7153,-0.7497,-0.7497
17.7345,pi,6.2800,54.3279,-0.7455,-0.7455
17.7395,pi,6.2800,53.9731,-0.7406,-0.7406
17.7445,pi,6.2800,53.5515,-0.7372,-0.7372
17.7496,pi,6.2800,53.0953,-0.7347,-0.7347
17.7545,pi,6.2800,52.6664,-0.7316,-0.7316
17.7596,pi,6.2800,52.1876,-0.7298,-0.7298
17.7647,pi,6.2800,51.6479,-0.7292,-0.7292
17.7697,pi,6.2800,51.1704,-0.7275,-0.7275
17.7747,pi,6.2800,50.7157,-0.7255,-0.7255
17.7798,pi,6.2800,50.2232,-0.7244,-0.7244
17.7848,pi,6.2800,49.7286,-0.7234,-0.7234
17.7899,pi,6.2800,49.2810,-0.7216,-0.7216
17.7948,pi,6.2800,48.8840,-0.7189,-0.7189
17.7997,pi,6.2800,48.4564,-0.7169,-0.7169
17.8047,pi,6.2800,48.0871,-0.7138,-0.7138
17.8097,pi,6.2800,47.7176,-0.7109,-0.7109
17.8146,pi,6.2800,47.4039,-0.7069,-0.7069
17.8196,pi,6.2800,47.1100,-0.7025,-0.7025
17.8245,pi,6.2800,46.7827,-0.6990,-0.6990
17.8294,pi,6.2800,46.5194,-0.6942,-0.6942
17.8344,pi,6.2800,46.2179,-0.6902,-0.6902
17.8393,pi,6.2800,45.9309,-0.6860,-0.6860
17.8442,pi,6.2800,45.6570,-0.6817,-0.6817
17.8493,pi,6.2800,45.3922,-0.6772,-0.6772
17.8558,pi,6.2800,45.0968,-0.6733,-0.6733
17.8630,pi,6.2800,44.8488,-0.6685,-0.6685
17.8691,pi,6.2800,44.6053,-0.6638,-0.6638
17.8756,pi,6.2800,44.3721,-0.6590,-0.6590
17.8842,pi,6.2800,44.1598,-0.6536,-0.6536
17.8906,pi,6.2800,43.9031,-0.6494,-0.6494
17.8978,pi,6.2800,43.5420,-0.6473,-0.6473
17.9031,pi,6.2800,43.2218,-0.6446,-0.6446
17.9091,pi,6.2800,42.7544,-0.6444,-0.6444
17.9174,pi,6.2800,42.3067,-0.6448,-0.6448
17.9248,pi,6.2800,41.9245,-0.6435,-0.6435
17.9309,pi,6.2800,41.4938,-0.6433,-0.6433
17.9364,pi,6.2800,40.9214,-0.6459,-0.6459
17.9430,pi,6.2800,40.2763,-0.6504,-0.6504
17.9488,pi,6.2800,39.7431,-0.6526,-0.6526
17.9544,pi,6.2800,39.1284,-0.6569,-0.6569
17.9624,pi,6.2800,38.3162,-0.6571,-0.6571
17.9695,pi,6.2800,37.9259,-0.6490,-0.6490
17.9753,pi,6.2800,37.7742,-0.6442,-0.6442
17.9825,pi,6.2800,37.7155,-0.6376,-0.6376
17.9902,pi,6.2800,37.7009,-0.6299,-0.6299
17.9994,pi,6.2800,37.7856,-0.6125,-0.6125
18.0109,pi,6.2800,36.6549,-0.6109,-0.6109
18.0183,pi,6.2800,36.4497,-0.6089,-0.6089
18.0246,pi,6.2800,36.2408,-0.6056,-0.6056
18.0298,pi,6.2800,34.6159,-0.6239,-0.6239
18.0345,pi,6.2800,33.6921,-0.6353,-0.6353
18.0394,pi,6.2800,32.9246,-0.6443,-0.6443
18.0440,pi,6.2800,32.2561,-0.6512,-0.6512
18.0486,pi,6.2800,31.6569,-0.6568,-0.6568
18.0532,pi,6.2800,31.1927,-0.6599,-0.6599
18.0578,pi,6.2800,30.9498,-0.6585,-0.6585
18.0627,pi,6.2800,30.9420,-0.6525,-0.6525
18.0682,pi,6.2800,31.0617,-0.6440,-0.6440
18.0739,pi,6.2800,31.2496,-0.6340,-0.6340
18.0782,pi,6.2800,31.8924,-0.6146,-0.6146
18.0825,pi,6.2800,32.7645,-0.5885,-0.5885
18.0868,pi,6.2800,33.3354,-0.5725,-0.5725
18.0911,pi,6.2800,34.0257,-0.5518,-0.5518
18.0963,pi,6.2800,34.8070,-0.5290,-0.5290
18.1014,pi,6.2800,35.3411,-0.5111,-0.5111
18.1058,pi,6.2800,35.9533,-0.4914,-0.4914
18.1101,pi,6.2800,36.3960,-0.4750,-0.4750
18.1144,pi,6.2800,36.5037,-0.4653,-0.4653
18.1186,pi,6.2800,36.5615,-0.4566,-0.4566
18.1228,pi,6.2800,36.5182,-0.4499,-0.4499
18.1271,pi,6.2800,36.4040,-0.4447,-0.4447
18.1321,pi,6.2800,36.2828,-0.4396,-0.4396
18.1372,pi,6.2800,36.1128,-0.4355,-0.4355
18.1423,pi,6.2800,35.7238,-0.4359,-0.4359
18.1478,pi,6.2800,35.1147,-0.4409,-0.4409
18.1530,pi,6.2800,34.2732,-0.4507,-0.4507
18.1585,pi,6.2800,33.4958,-0.4594,-0.4594
18.1635,pi,6.2800,32.6938,-0.4689,-0.4689
18.1698,pi,6.2800,31.8685,-0.4789,-0.4789
18.1774,pi,6.2800,31.0274,-0.4896,-0.4896
18.1836,pi,6.2800,30.2472,-0.4992,-0.4992
18.1890,pi,6.2800,29.2122,-0.5142,-0.5142
18.1936,pi,6.2800,27.9475,-0.5339,-0.5339
18.1978,pi,6.2800,26.7740,-0.5521,-0.5521
18.2020,pi,6.2800,25.9366,-0.5642,-0.5642
18.2062,pi,6.2800,25.2698,-0.5728,-0.5728
18.2105,pi,6.2800,24.8768,-0.5760,-0.5760
18.2147,pi,6.2800,24.5653,-0.5777,-0.5777
18.2189,pi,6.2800,24.4987,-0.5745,-0.5745
18.2230,pi,6.2800,24.5429,-0.5691,-0.5691
18.2276,pi,6.2800,24.7100,-0.5611,-0.5611
18.2319,pi,6.2800,24.8429,-0.5538,-0.5538
18.2362,pi,6.2800,25.2725,-0.5405,-0.5405
18.2404,pi,6.2800,25.9509,-0.5220,-0.5220
18.2447,pi,6.2800,26.6481,-0.5029,-0.5029
18.2489,pi,6.2800,27.4001,-0.4826,-0.4826
18.2533,pi,6.2800,28.0941,-0.4633,-0.4633
18.2575,pi,6.2800,28.6936,-0.4457,-0.4457
18.2618,pi,6.2800,29.1380,-0.4311,-0.4311
18.2660,pi,6.2800,29.4920,-0.4182,-0.4182
18.2701,pi,6.2800,29.7626,-0.4069,-0.4069
18.2744,pi,6.2800,29.9345,-0.3976,-0.3976
18.2785,pi,6.2800,30.0260,-0.3898,-0.3898
18.2826,pi,6.2800,30.0535,-0.3833,-0.3833
18.2868,pi,6.2800,29.9849,-0.3788,-0.3788
18.2910,pi,6.2800,29.8852,-0.3749,-0.3749
18.2952,pi,6.2800,29.7585,-0.3715,-0.3715
18.2993,pi,6.2800,29.4859,-0.3712,-0.3712
18.3042,pi,6.2800,29.2551,-0.3701,-0.3701
18.3092,pi,6.2800,29.0261,-0.3689,-0.3689
18.3142,pi,6.2800,28.6987,-0.3699,-0.3699
18.3193,pi,6.2800,28.3364,-0.3716,-0.3716
18.3245,pi,6.2800,27.9934,-0.3730,-0.3730
18.3293,pi,6.2800,27.6502,-0.3746,-0.3746
18.3342,pi,6.2800,27.3314,-0.3757,-0.3757
18.3392,pi,6.2800,26.9919,-0.3773,-0.3773
18.3441,pi,6.2800,26.6663,-0.3787,-0.3787
18.3492,pi,6.2800,26.3134,-0.3808,-0.3808
18.3542,pi,6.2800,25.9863,-0.3824,-0.3824
18.3592,pi,6.2800,25.6795,-0.3837,-0.3837
18.3642,pi,6.2800,25.3866,-0.3847,-0.3847
18.3693,pi,6.2800,25.1080,-0.3856,-0.3856
18.3743,pi,6.2800,24.8379,-0.3864,-0.3864
18.3793,pi,6.2800,24.6452,-0.3856,-0.3856
18.3843,pi,6.2800,24.4402,-0.3852,-0.3852
18.3893,pi,6.2800,24.2756,-0.3840,-0.3840
18.3942,pi,6.2800,24.1446,-0.3821,-0.3821
18.3992,pi,6.2800,23.9892,-0.3808,-0.3808
18.4044,pi,6.2800,23.8523,-0.3792,-0.3792
18.4094,pi,6.2800,23.7027,-0.3778,-0.3778
18.4156,pi,6.2800,23.5559,-0.3762,-0.3762
18.4215,pi,6.2800,23.4681,-0.3738,-0.3738
18.4268,pi,6.2800,23.3881,-0.3711,-0.3711
18.4318,pi,6.2800,23.3326,-0.3680,-0.3680
18.4363,pi,6.2800,23.2886,-0.3647,-0.3647
18.4423,pi,6.2800,23.1864,-0.3623,-0.3623
18.4490,pi,6.2800,23.1084,-0.3593,-0.3593
18.4540,pi,6.2800,23.0555,-0.3566,-0.3566
18.4593,pi,6.2800,23.0140,-0.3533,-0.3533
18.4639,pi,6.2800,22.8346,-0.3528,-0.3528
18.4680,pi,6.2800,22.6989,-0.3514,-0.3514
18.4721,pi,6.2800,22.5674,-0.3498,-0.3498
18.4761,pi,6.2800,22.4453,-0.3484,-0.3484
18.4800,pi,6.2800,22.3535,-0.3462,-0.3462
18.4844,pi,6.2800,22.2276,-0.3447,-0.3447
18.4892,pi,6.2800,22.0793,-0.3437,-0.3437
18.4942,pi,6.2800,21.9716,-0.3420,-0.3420
18.4992,pi,6.2800,21.8323,-0.3409,-0.3409
18.5042,pi,6.2800,21.7259,-0.3391,-0.3391
18.5092,pi,6.2800,21.5898,-0.3380,-0.3380
18.5142,pi,6.2800,21.6162,-0.3337,-0.3337
18.5193,pi,6.2800,21.5920,-0.3303,-0.3303
18.5242,pi,6.2800,21.3997,-0.3304,-0.3304
18.5293,pi,6.2800,21.1899,-0.3309,-0.3309
18.5342,pi,6.2800,20.9726,-0.3315,-0.3315
18.5391,pi,6.2800,20.8446,-0.3304,-0.3304
18.5442,pi,6.2800,20.7437,-0.3289,-0.3289
18.5492,pi,6.2800,20.6182,-0.3278,-0.3278
18.5543,pi,6.2800,20.4647,-0.3273,-0.3273
18.5592,pi,6.2800,20.3420,-0.3262,-0.3262
18.5642,pi,6.2800,20.1939,-0.3257,-0.3257
18.5692,pi,6.2800,20.0849,-0.3245,-0.3245
18.5742,pi,6.2800,19.9981,-0.3228,-0.3228
18.5792,pi,6.2800,20.0658,-0.3180,-0.3180
18.5842,pi,6.2800,20.1203,-0.3134,-0.3134
18.5892,pi,6.2800,20.1173,-0.3100,-0.3100
18.5942,pi,6.2800,20.0643,-0.3076,-0.3076
18.5993,pi,6.2800,20.0223,-0.3050,-0.3050
18.6042,pi,6.2800,19.9887,-0.3023,-0.3023
18.6092,pi,6.2800,19.9212,-0.3002,-0.3002
18.6143,pi,6.2800,19.8573,-0.2981,-0.2981
18.6192,pi,6.2800,19.7551,-0.2968,-0.2968
18.6242,pi,6.2800,19.6735,-0.2951,-0.2951
18.6292,pi,6.2800,19.5587,-0.2940,-0.2940
18.6342,pi,6.2800,19.4167,-0.2936,-0.2936
18.6392,pi,6.2800,19.3265,-0.2921,-0.2921
18.6442,pi,6.2800,19.2094,-0.2912,-0.2912
18.6492,pi,6.2800,19.1155,-0.2899,-0.2899
18.6542,pi,6.2800,18.9944,-0.2892,-0.2892
18.6592,pi,6.2800,18.8514,-0.2889,-0.2889
18.6644,pi,6.2800,18.7494,-0.2878,-0.2878
18.6698,pi,6.2800,18.6663,-0.2863,-0.2863
18.6745,pi,6.2800,18.5505,-0.2856,-0.2856
18.6792,pi,6.2800,18.4591,-0.2844,-0.2844
18.6842,pi,6.2800,18.3863,-0.2828,-0.2828
18.6892,pi,6.2800,18.2774,-0.2820,-0.2820
18.6942,pi,6.2800,18.1898,-0.2808,-0.2808
18.6992,pi,6.2800,18.1198,-0.2792,-0.2792
18.7042,pi,6.2800,18.0634,-0.2774,-0.2774
18.7093,pi,6.2800,18.0190,-0.2753,-0.2753
18.7143,pi,6.2800,17.9277,-0.2742,-0.2742
18.7200,pi,6.2800,17.8153,-0.2736,-0.2736
18.7252,pi,6.2800,17.7267,-0.2725,-0.2725
18.7293,pi,6.2800,17.6556,-0.2711,-0.2711
18.7342,pi,6.2800,17.5524,-0.2704,-0.2704
18.7392,pi,6.2800,17.4697,-0.2692,-0.2692
18.7442,pi,6.2800,17.4031,-0.2678,-0.2678
18.7492,pi,6.2800,17.3039,-0.2670,-0.2670
18.7542,pi,6.2800,17.2250,-0.2658,-0.2658
18.7592,pi,6.2800,17.1621,-0.2644,-0.2644
18.7643,pi,6.2800,17.0656,-0.2636,-0.2636
18.7692,pi,6.2800,16.9928,-0.2624,-0.2624
18.7743,pi,6.2800,16.9319,-0.2609,-0.2609
18.7792,pi,6.2800,16.8819,-0.2593,-0.2593
18.7843,pi,6.2800,16.7966,-0.2584,-0.2584
18.7892,pi,6.2800,16.7279,-0.2571,-0.2571
18.7942,pi,6.2800,16.6727,-0.2556,-0.2556
18.7992,pi,6.2800,16.5830,-0.2549,-0.2549
18.8042,pi,6.2800,16.5572,-0.2528,-0.2528
18.8092,pi,6.2800,16.4908,-0.2516,-0.2516
18.8142,pi,6.2800,16.3918,-0.2510,-0.2510
18.8192,pi,6.2800,16.3126,-0.2501,-0.2501
18.8242,pi,6.2800,16.2039,-0.2498,-0.2498
18.8292,pi,6.2800,16.1157,-0.2491,-0.2491
18.8343,pi,6.2800,16.0581,-0.2478,-0.2478
18.8392,pi,6.2800,16.0128,-0.2463,-0.2463
18.8442,pi,6.2800,15.9258,-0.2456,-0.2456
18.8492,pi,6.2800,15.8563,-0.2446,-0.2446
18.8542,pi,6.2800,15.7506,-0.2443,-0.2443
18.8592,pi,6.2800,15.6656,-0.2437,-0.2437
18.8642,pi,6.2800,15.5977,-0.2427,-0.2427
18.8692,pi,6.2800,15.5436,-0.2415,-0.2415
18.8742,pi,6.2800,15.4501,-0.2411,-0.2411
18.8792,pi,6.2800,15.3757,-0.2403,-0.2403
18.8842,pi,6.2800,15.3163,-0.2392,-0.2392
18.8893,pi,6.2800,15.2187,-0.2389,-0.2389
18.8942,pi,6.2800,15.1452,-0.2382,-0.2382
18.8992,pi,6.2800,15.0865,-0.2372,-0.2372
18.9042,pi,6.2800,15.0402,-0.2359,-0.2359
18.9092,pi,6.2800,15.0028,-0.2345,-0.2345
18.9142,pi,6.2800,14.9275,-0.2338,-0.2338
18.9194,pi,6.2800,14.8565,-0.2331,-0.2331
18.9244,pi,6.2800,14.8496,-0.2311,-0.2311
18.9295,pi,6.2800,14.7938,-0.2301,-0.2301
18.9342,pi,6.2800,14.7499,-0.2288,-0.2288
18.9391,pi,6.2800,14.7247,-0.2272,-0.2272
18.9442,pi,6.2800,14.6589,-0.2264,-0.2264
18.9492,pi,6.2800,14.6060,-0.2254,-0.2254
18.9542,pi,6.2800,14.4991,-0.2255,-0.2255
18.9592,pi,6.2800,14.4138,-0.2252,-0.2252
18.9642,pi,6.2800,14.3956,-0.2235,-0.2235
18.9692,pi,6.2800,14.3493,-0.2224,-0.2224
18.9742,pi,6.2800,14.2674,-0.2221,-0.2221
18.9792,pi,6.2800,14.2028,-0.2214,-0.2214
18.9843,pi,6.2800,14.1512,-0.2204,-0.2204
18.9893,pi,6.2800,14.0844,-0.2198,-0.2198
18.9945,pi,6.2800,14.0293,-0.2190,-0.2190
18.9999,pi,6.2800,13.9807,-0.2180,-0.2180
19.0045,pi,6.2800,13.9496,-0.2167,-0.2167
19.0092,pi,6.2800,13.9018,-0.2158,-0.2158
19.0142,pi,6.2800,13.7850,-0.2162,-0.2162
19.0192,pi,6.2800,13.6915,-0.2163,-0.2163
19.0242,pi,6.2800,13.6671,-0.2149,-0.2149
19.0293,pi,6.2800,13.5967,-0.2145,-0.2145
19.0342,pi,6.2800,13.5411,-0.2138,-0.2138
19.0391,pi,6.2800,13.4829,-0.2131,-0.2131
19.0442,pi,6.2800,13.3916,-0.2132,-0.2132
19.0493,pi,6.2800,13.3198,-0.2129,-0.2129
19.0543,pi,6.2800,13.2191,-0.2131,-0.2131
19.0592,pi,6.2800,13.1889,-0.2120,-0.2120
19.0642,pi,6.2800,13.1647,-0.2108,-0.2108
19.0692,pi,6.2800,13.1455,-0.2094,-0.2094
19.0741,pi,6.2800,13.1211,-0.2082,-0.2082
19.0792,pi,6.2800,13.0561,-0.2078,-0.2078
19.0843,pi,6.2800,13.0083,-0.2071,-0.2071
19.0892,pi,6.2800,12.9698,-0.2062,-0.2062
19.0943,pi,6.2800,12.9388,-0.2052,-0.2052
19.0991,pi,6.2800,12.9106,-0.2041,-0.2041
19.1042,pi,6.2800,12.8882,-0.2029,-0.2029
19.1092,pi,6.2800,12.8704,-0.2016,-0.2016
19.1142,pi,6.2800,12.8097,-0.2012,-0.2012
19.1192,pi,6.2800,12.7620,-0.2005,-0.2005
19.1242,pi,6.2800,12.6777,-0.2006,-0.2006
19.1292,pi,6.2800,12.6101,-0.2003,-0.2003
19.1342,pi,6.2800,12.5565,-0.1999,-0.1999
19.1392,pi,6.2800,12.5136,-0.1992,-0.1992
19.1442,pi,6.2800,12.4795,-0.1983,-0.1983
19.1493,pi,6.2800,12.4462,-0.1974,-0.1974
19.1546,pi,6.2800,12.4195,-0.1964,-0.1964
19.1594,pi,6.2800,12.3460,-0.1963,-0.1963
19.1643,pi,6.2800,12.2895,-0.1960,-0.1960
19.1695,pi,6.2800,12.2433,-0.1954,-0.1954
19.1746,pi,6.2800,12.2571,-0.1936,-0.1936
19.1792,pi,6.2800,12.2683,-0.1919,-0.1919
19.1842,pi,6.2800,12.2266,-0.1913,-0.1913
19.1892,pi,6.2800,12.1935,-0.1905,-0.1905
19.1942,pi,6.2800,12.1668,-0.1895,-0.1895
19.1992,pi,6.2800,12.0956,-0.1895,-0.1895
19.2042,pi,6.2800,12.0387,-0.1892,-0.1892
19.2092,pi,6.2800,11.9613,-0.1893,-0.1893
19.2143,pi,6.2800,11.9300,-0.1885,-0.1885
19.2192,pi,6.2800,11.8565,-0.1886,-0.1886
19.2242,pi,6.2800,11.8159,-0.1880,-0.1880
19.2293,pi,6.2800,11.7648,-0.1877,-0.1877
19.2342,pi,6.2800,11.7238,-0.1871,-0.1871
19.2392,pi,6.2800,11.6910,-0.1864,-0.1864
19.2442,pi,6.2800,11.6147,-0.1866,-0.1866
19.2492,pi,6.2800,11.5765,-0.1861,-0.1861
19.2543,pi,6.2800,11.5231,-0.1858,-0.1858
19.2592,pi,6.2800,11.5307,-0.1844,-0.1844
19.2642,pi,6.2800,11.5089,-0.1835,-0.1835
19.2692,pi,6.2800,11.4930,-0.1825,-0.1825
19.2744,pi,6.2800,11.4555,-0.1820,-0.1820
19.2792,pi,6.2800,11.4036,-0.1817,-0.1817
19.2846,pi,6.2800,11.3840,-0.1808,-0.1808
19.2892,pi,6.2800,11.3183,-0.1809,-0.1809
19.2942,pi,6.2800,11.2940,-0.1801,-0.1801
19.2992,pi,6.2800,11.2746,-0.1793,-0.1793
19.3042,pi,6.2800,11.2310,-0.1789,-0.1789
19.3092,pi,6.2800,11.1964,-0.1784,-0.1784
19.3142,pi,6.2800,11.1503,-0.1781,-0.1781
19.3192,pi,6.2800,11.1143,-0.1776,-0.1776
19.3243,pi,6.2800,11.0392,-0.1779,-0.1779
19.3294,pi,6.2800,11.0429,-0.1766,-0.1766
19.3343,pi,6.2800,11.0273,-0.1758,-0.1758
19.3392,pi,6.2800,10.9703,-0.1757,-0.1757
19.3442,pi,6.2800,10.9249,-0.1755,-0.1755
19.3493,pi,6.2800,10.8506,-0.1758,-0.1758
19.3542,pi,6.2800,10.8418,-0.1748,-0.1748
19.3592,pi,6.2800,10.8214,-0.1741,-0.1741
19.3643,pi,6.2800,10.7682,-0.1741,-0.1741
19.3692,pi,6.2800,10.7254,-0.1738,-0.1738
19.3741,pi,6.2800,10.6822,-0.1736,-0.1736
19.3793,pi,6.2800,10.6563,-0.1730,-0.1730
19.3842,pi,6.2800,10.6275,-0.1725,-0.1725
19.3892,pi,6.2800,10.6049,-0.1719,-0.1719
19.3942,pi,6.2800,10.5866,-0.1711,-0.1711
19.3992,pi,6.2800,10.5717,-0.1704,-0.1704
19.4042,pi,6.2800,10.5598,-0.1695,-0.1695
19.4092,pi,6.2800,10.5045,-0.1696,-0.1696
19.4143,pi,6.2800,10.4644,-0.1693,-0.1693
19.4192,pi,6.2800,10.4281,-0.1690,-0.1690
19.4242,pi,6.2800,10.4032,-0.1685,-0.1685
19.4292,pi,6.2800,10.3786,-0.1680,-0.1680
19.4343,pi,6.2800,10.3134,-0.1683,-0.1683
19.4392,pi,6.2800,10.2609,-0.1683,-0.1683
19.4442,pi,6.2800,10.2182,-0.1682,-0.1682
19.4492,pi,6.2800,10.1843,-0.1679,-0.1679
19.4542,pi,6.2800,10.1574,-0.1675,-0.1675
19.4593,pi,6.2800,10.1360,-0.1669,-0.1669
19.4645,pi,6.2800,10.1190,-0.1663,-0.1663
19.4692,pi,6.2800,10.1043,-0.1656,-0.1656
19.4744,pi,6.2800,10.0934,-0.1649,-0.1649
19.4793,pi,6.2800,10.0826,-0.1642,-0.1642
19.4845,pi,6.2800,10.0757,-0.1634,-0.1634
19.4900,pi,6.2800,10.0664,-0.1626,-0.1626
19.4942,pi,6.2800,10.0635,-0.1617,-0.1617
19.4992,pi,6.2800,10.0619,-0.1608,-0.1608
19.5042,pi,6.2800,10.0606,-0.1599,-0.1599
19.5092,pi,6.2800,10.0595,-0.1590,-0.1590
19.5142,pi,6.2800,10.0587,-0.1580,-0.1580
19.5192,pi,6.2800,10.0128,-0.1580,-0.1580
19.5242,pi,6.2800,9.9767,-0.1578,-0.1578
19.5292,pi,6.2800,9.9473,-0.1575,-0.1575
19.5342,pi,6.2800,9.9257,-0.1570,-0.1570
19.5392,pi,6.2800,9.8611,-0.1574,-0.1574
19.5442,pi,6.2800,9.8121,-0.1575,-0.1575
19.5493,pi,6.2800,9.7596,-0.1577,-0.1577
19.5542,pi,6.2800,9.7177,-0.1577,-0.1577
19.5592,pi,6.2800,9.6839,-0.1575,-0.1575
19.5642,pi,6.2800,9.6068,-0.1582,-0.1582
19.5693,pi,6.2800,9.5952,-0.1576,-0.1576
19.5742,pi,6.2800,9.5355,-0.1580,-0.1580
19.5792,pi,6.2800,9.4878,-0.1581,-0.1581
19.5842,pi,6.2800,9.4494,-0.1581,-0.1581
19.5892,pi,6.2800,9.4694,-0.1569,-0.1569
19.5942,pi,6.2800,9.4488,-0.1565,-0.1565
19.5992,pi,6.2800,9.4328,-0.1561,-0.1561
19.6042,pi,6.2800,9.4201,-0.1555,-0.1555
19.6092,pi,6.2800,9.4100,-0.1549,-0.1549
19.6142,pi,6.2800,9.3562,-0.1552,-0.1552
19.6192,pi,6.2800,9.3587,-0.1544,-0.1544
19.6242,pi,6.2800,9.3609,-0.1536,-0.1536
19.6292,pi,6.2800,9.3627,-0.1528,-0.1528
19.6342,pi,6.2800,9.3640,-0.1520,-0.1520
19.6392,pi,6.2800,9.3004,-0.1525,-0.1525
19.6442,pi,6.2800,9.2682,-0.1524,-0.1524
19.6492,pi,6.2800,9.2883,-0.1513,-0.1513
19.6542,pi,6.2800,9.3042,-0.1502,-0.1502
19.6592,pi,6.2800,9.2529,-0.1505,-0.1505
19.6642,pi,6.2800,9.2620,-0.1496,-0.1496
19.6692,pi,6.2800,9.2373,-0.1493,-0.1493
19.6742,pi,6.2800,9.1994,-0.1493,-0.1493
19.6792,pi,6.2800,9.1415,-0.1498,-0.1498
19.6843,pi,6.2800,9.1223,-0.1494,-0.1494
19.6894,pi,6.2800,9.1072,-0.1490,-0.1490
19.6943,pi,6.2800,9.0917,-0.1486,-0.1486
19.6999,pi,6.2800,9.0823,-0.1481,-0.1481
19.7049,pi,6.2800,9.0247,-0.1486,-0.1486
19.7096,pi,6.2800,9.0290,-0.1478,-0.1478
19.7142,pi,6.2800,9.0053,-0.1476,-0.1476
19.7191,pi,6.2800,8.9869,-0.1473,-0.1473
19.7242,pi,6.2800,8.9720,-0.1469,-0.1469
19.7293,pi,6.2800,8.9864,-0.1460,-0.1460
19.7343,pi,6.2800,8.9478,-0.1461,-0.1461
19.7391,pi,6.2800,8.9409,-0.1456,-0.1456
19.7442,pi,6.2800,8.9356,-0.1450,-0.1450
19.7493,pi,6.2800,8.8878,-0.1453,-0.1453
19.7542,pi,6.2800,8.8476,-0.1455,-0.1455
19.7592,pi,6.2800,8.8150,-0.1455,-0.1455
19.7642,pi,6.2800,8.7889,-0.1454,-0.1454
19.7693,pi,6.2800,8.7400,-0.1457,-0.1457
19.7742,pi,6.2800,8.7509,-0.1449,-0.1449
19.7791,pi,6.2800,8.7371,-0.1446,-0.1446
19.7842,pi,6.2800,8.6812,-0.1451,-0.1451
19.7893,pi,6.2800,8.6528,-0.1451,-0.1451
19.7943,pi,6.2800,8.6309,-0.1449,-0.1449
19.7993,pi,6.2800,8.6634,-0.1437,-0.1437
19.8043,pi,6.2800,8.6392,-0.1436,-0.1436
19.8091,pi,6.2800,8.6477,-0.1428,-0.1428
19.8142,pi,6.2800,8.6547,-0.1421,-0.1421
19.8192,pi,6.2800,8.6328,-0.1419,-0.1419
19.8241,pi,6.2800,8.6426,-0.1411,-0.1411
19.8292,pi,6.2800,8.6231,-0.1409,-0.1409
19.8342,pi,6.2800,8.6074,-0.1407,-0.1407
19.8391,pi,6.2800,8.6225,-0.1398,-0.1398
19.8442,pi,6.2800,8.5898,-0.1399,-0.1399
19.8492,pi,6.2800,8.5628,-0.1398,-0.1398
19.8542,pi,6.2800,8.5419,-0.1397,-0.1397
19.8592,pi,6.2800,8.4919,-0.1401,-0.1401
19.8642,pi,6.2800,8.4515,-0.1404,-0.1404
19.8692,pi,6.2800,8.4697,-0.1395,-0.1395
19.8742,pi,6.2800,8.4345,-0.1396,-0.1396
19.8792,pi,6.2800,8.4063,-0.1397,-0.1397
19.8842,pi,6.2800,8.4160,-0.1389,-0.1389
19.8892,pi,6.2800,8.4239,-0.1382,-0.1382
19.8942,pi,6.2800,8.3978,-0.1382,-0.1382
19.8992,pi,6.2800,8.3632,-0.1384,-0.1384
19.9043,pi,6.2800,8.2981,-0.1392,-0.1392
19.9092,pi,6.2800,8.2968,-0.1387,-0.1387
19.9142,pi,6.2800,8.2962,-0.1382,-0.1382
19.9192,pi,6.2800,8.2451,-0.1388,-0.1388
19.9241,pi,6.2800,8.2417,-0.1383,-0.1383
19.9294,pi,6.2800,8.2383,-0.1379,-0.1379
19.9343,pi,6.2800,8.1977,-0.1383,-0.1383
19.9392,pi,6.2800,8.2165,-0.1374,-0.1374
19.9442,pi,6.2800,8.2319,-0.1366,-0.1366
19.9492,pi,6.2800,8.2443,-0.1359,-0.1359
19.9541,pi,6.2800,8.2405,-0.1354,-0.1354
19.9592,pi,6.2800,8.2381,-0.1350,-0.1350
19.9643,pi,6.2800,8.2492,-0.1343,-0.1343
19.9693,pi,6.2800,8.2444,-0.1339,-0.1339
19.9742,pi,6.2800,8.2039,-0.1342,-0.1342
19.9791,pi,6.2800,8.1625,-0.1346,-0.1346
19.9842,pi,6.2800,8.1295,-0.1348,-0.1348
19.9892,pi,6.2800,8.1040,-0.1348,-0.1348
19.9943,pi,6.2800,8.0409,-0.1357,-0.1357
19.9992,pi,6.2800,8.0410,-0.1352,-0.1352
20.0042,pi,6.2800,8.0409,-0.1348,-0.1348
20.0092,pi,6.2800,8.0409,-0.1343,-0.1343
20.0142,pi,6.2800,8.0319,-0.1341,-0.1341
20.0192,pi,6.2800,7.9795,-0.1347,-0.1347
20.0243,pi,6.2800,7.9417,-0.1350,-0.1350
20.0292,pi,6.2800,7.9104,-0.1353,-0.1353
20.0345,pi,6.2800,7.9352,-0.1343,-0.1343
20.0400,pi,6.2800,7.9556,-0.1335,-0.1335
20.0448,pi,6.2800,7.9636,-0.1329,-0.1329
20.0491,pi,6.2800,7.9705,-0.1324,-0.1324
20.0542,pi,6.2800,7.9303,-0.1328,-0.1328
20.0591,pi,6.2800,7.9440,-0.1321,-0.1321
20.0643,pi,6.2800,7.9633,-0.1313,-0.1313
20.0692,pi,6.2800,7.9790,-0.1305,-0.1305
20.0741,pi,6.2800,7.9829,-0.1300,-0.1300
20.0792,pi,6.2800,7.9860,-0.1295,-0.1295
20.0842,pi,6.2800,7.9892,-0.1291,-0.1291
20.0892,pi,6.2800,7.9465,-0.1295,-0.1295
20.0942,pi,6.2800,7.9119,-0.1298,-0.1298
20.0993,pi,6.2800,7.8875,-0.1299,-0.1299
20.1042,pi,6.2800,7.8680,-0.1299,-0.1299
20.1092,pi,6.2800,7.8023,-0.1308,-0.1308
20.1141,pi,6.2800,7.7498,-0.1315,-0.1315
20.1192,pi,6.2800,7.7085,-0.1319,-0.1319
20.1242,pi,6.2800,7.6746,-0.1323,-0.1323
20.1292,pi,6.2800,7.6477,-0.1325,-0.1325
20.1342,pi,6.2800,7.6260,-0.1326,-0.1326
20.1392,pi,6.2800,7.6087,-0.1326,-0.1326
20.1442,pi,6.2800,7.5948,-0.1325,-0.1325
20.1491,pi,6.2800,7.5837,-0.1324,-0.1324
20.1543,pi,6.2800,7.5741,-0.1323,-0.1323
20.1595,pi,6.2800,7.5662,-0.1321,-0.1321
20.1643,pi,6.2800,7.5601,-0.1319,-0.1319
20.1692,pi,6.2800,7.5558,-0.1317,-0.1317
20.1742,pi,6.2800,7.5523,-0.1314,-0.1314
20.1792,pi,6.2800,7.5495,-0.1312,-0.1312
20.1843,pi,6.2800,7.5969,-0.1299,-0.1299
20.1892,pi,6.2800,7.6351,-0.1288,-0.1288
20.1942,pi,6.2800,7.6659,-0.1278,-0.1278
20.1992,pi,6.2800,7.6906,-0.1270,-0.1270
20.2042,pi,6.2800,7.7059,-0.1263,-0.1263
20.2092,pi,6.2800,7.6729,-0.1266,-0.1266
20.2143,pi,6.2800,7.6927,-0.1259,-0.1259
20.2193,pi,6.2800,7.6617,-0.1262,-0.1262
20.2242,pi,6.2800,7.6369,-0.1263,-0.1263
20.2293,pi,6.2800,7.6172,-0.1264,-0.1264
20.2343,pi,6.2800,7.5513,-0.1274,-0.1274
20.2392,pi,6.2800,7.4984,-0.1281,-0.1281
20.2441,pi,6.2800,7.4615,-0.1286,-0.1286
20.2492,pi,6.2800,7.4318,-0.1289,-0.1289
20.2542,pi,6.2800,7.4079,-0.1291,-0.1291
20.2592,pi,6.2800,7.3887,-0.1292,-0.1292
20.2642,pi,6.2800,7.4195,-0.1283,-0.1283
20.2692,pi,6.2800,7.3980,-0.1284,-0.1284
20.2742,pi,6.2800,7.4269,-0.1276,-0.1276
20.2792,pi,6.2800,7.4500,-0.1268,-0.1268
20.2842,pi,6.2800,7.4686,-0.1262,-0.1262
20.2892,pi,6.2800,7.4837,-0.1256,-0.1256
20.2942,pi,6.2800,7.4957,-0.1250,-0.1250
20.2993,pi,6.2800,7.5039,-0.1245,-0.1245
20.3042,pi,6.2800,7.4608,-0.1251,-0.1251
20.3092,pi,6.2800,7.4766,-0.1245,-0.1245
20.3142,pi,6.2800,7.4389,-0.1250,-0.1250
20.3193,pi,6.2800,7.4083,-0.1253,-0.1253
20.3242,pi,6.2800,7.3844,-0.1255,-0.1255
20.3292,pi,6.2800,7.3650,-0.1256,-0.1256
20.3342,pi,6.2800,7.3496,-0.1256,-0.1256
20.3391,pi,6.2800,7.3420,-0.1255,-0.1255
20.3442,pi,6.2800,7.3359,-0.1254,-0.1254
20.3492,pi,6.2800,7.3311,-0.1252,-0.1252
20.3542,pi,6.2800,7.3279,-0.1250,-0.1250
20.3592,pi,6.2800,7.2694,-0.1259,-0.1259
20.3643,pi,6.2800,7.2725,-0.1256,-0.1256
20.3692,pi,6.2800,7.2803,-0.1252,-0.1252
20.3743,pi,6.2800,7.2813,-0.1250,-0.1250
20.3793,pi,6.2800,7.2807,-0.1247,-0.1247
20.3841,pi,6.2800,7.2870,-0.1243,-0.1243
20.3893,pi,6.2800,7.2867,-0.1241,-0.1241
20.3942,pi,6.2800,7.2866,-0.1238,-0.1238
20.3992,pi,6.2800,7.2867,-0.1236,-0.1236
20.4043,pi,6.2800,7.2358,-0.1244,-0.1244
20.4092,pi,6.2800,7.2462,-0.1239,-0.1239
20.4141,pi,6.2800,7.2592,-0.1234,-0.1234
20.4192,pi,6.2800,7.2704,-0.1229,-0.1229
20.4242,pi,6.2800,7.2787,-0.1225,-0.1225
20.4292,pi,6.2800,7.2857,-0.1221,-0.1221
20.4342,pi,6.2800,7.2928,-0.1217,-0.1217
20.4392,pi,6.2800,7.2508,-0.1223,-0.1223
20.4443,pi,6.2800,7.2072,-0.1230,-0.1230
20.4492,pi,6.2800,7.1825,-0.1233,-0.1233
20.4542,pi,6.2800,7.1629,-0.1234,-0.1234
20.4592,pi,6.2800,7.1934,-0.1226,-0.1226
20.4642,pi,6.2800,7.2172,-0.1219,-0.1219
20.4692,pi,6.2800,7.2362,-0.1213,-0.1213
20.4742,pi,6.2800,7.2056,-0.1216,-0.1216
20.4792,pi,6.2800,7.1715,-0.1221,-0.1221
20.4842,pi,6.2800,7.1443,-0.1224,-0.1224
20.4891,pi,6.2800,7.1320,-0.1225,-0.1225
20.4942,pi,6.2800,7.1677,-0.1215,-0.1215
20.4992,pi,6.2800,7.1515,-0.1216,-0.1216
20.5042,pi,6.2800,7.1286,-0.1219,-0.1219
20.5092,pi,6.2800,7.1102,-0.1220,-0.1220
20.5142,pi,6.2800,7.1044,-0.1219,-0.1219
20.5192,pi,6.2800,7.1004,-0.1218,-0.1218
20.5243,pi,6.2800,7.0875,-0.1219,-0.1219
20.5292,pi,6.2800,7.0865,-0.1217,-0.1217
20.5342,pi,6.2800,7.0862,-0.1215,-0.1215
20.5392,pi,6.2800,7.0764,-0.1215,-0.1215
20.5442,pi,6.2800,7.0777,-0.1213,-0.1213
20.5492,pi,6.2800,7.0332,-0.1220,-0.1220
20.5542,pi,6.2800,7.0433,-0.1216,-0.1216
20.5592,pi,6.2800,7.0421,-0.1214,-0.1214
20.5642,pi,6.2800,7.0411,-0.1212,-0.1212
20.5692,pi,6.2800,7.0400,-0.1211,-0.1211
20.5743,pi,6.2800,7.0386,-0.1209,-0.1209
20.5792,pi,6.2800,7.0382,-0.1207,-0.1207
20.5842,pi,6.2800,7.0376,-0.1206,-0.1206
20.5892,pi,6.2800,7.0373,-0.1204,-0.1204
20.5942,pi,6.2800,7.0366,-0.1202,-0.1202
20.5992,pi,6.2800,7.0364,-0.1200,-0.1200
20.6042,pi,6.2800,7.0364,-0.1198,-0.1198
20.6093,pi,6.2800,7.0361,-0.1196,-0.1196
20.6143,pi,6.2800,7.0360,-0.1194,-0.1194
20.6192,pi,6.2800,7.0360,-0.1193,-0.1193
20.6242,pi,6.2800,6.9997,-0.1198,-0.1198
20.6292,pi,6.2800,7.0072,-0.1195,-0.1195
20.6342,pi,6.2800,7.0222,-0.1190,-0.1190
20.6392,pi,6.2800,7.0252,-0.1187,-0.1187
20.6442,pi,6.2800,6.9909,-0.1192,-0.1192
20.6492,pi,6.2800,6.9639,-0.1196,-0.1196
20.6542,pi,6.2800,6.9784,-0.1192,-0.1192
20.6592,pi,6.2800,6.9991,-0.1186,-0.1186
20.6642,pi,6.2800,6.9702,-0.1190,-0.1190
20.6692,pi,6.2800,6.9474,-0.1193,-0.1193
20.6742,pi,6.2800,6.9653,-0.1187,-0.1187
20.6792,pi,6.2800,6.9290,-0.1193,-0.1193
20.6842,pi,6.2800,6.9140,-0.1194,-0.1194
20.6892,pi,6.2800,6.9023,-0.1195,-0.1195
20.6942,pi,6.2800,6.8928,-0.1195,-0.1195
20.6992,pi,6.2800,6.9309,-0.1186,-0.1186
20.7042,pi,6.2800,6.9019,-0.1190,-0.1190
20.7092,pi,6.2800,6.8924,-0.1191,-0.1191
20.7142,pi,6.2800,6.8848,-0.1191,-0.1191
20.7192,pi,6.2800,6.8648,-0.1193,-0.1193
20.7242,pi,6.2800,6.8490,-0.1195,-0.1195
20.7292,pi,6.2800,6.8500,-0.1193,-0.1193
20.7343,pi,6.2800,6.8873,-0.1185,-0.1185
20.7393,pi,6.2800,6.8665,-0.1187,-0.1187
20.7442,pi,6.2800,6.8501,-0.1189,-0.1189
20.7492,pi,6.2800,6.8372,-0.1190,-0.1190
20.7541,pi,6.2800,6.8409,-0.1188,-0.1188
20.7592,pi,6.2800,6.8436,-0.1186,-0.1186
20.7642,pi,6.2800,6.8459,-0.1184,-0.1184
20.7692,pi,6.2800,6.8478,-0.1182,-0.1182
20.7743,pi,6.2800,6.8855,-0.1173,-0.1173
20.7792,pi,6.2800,6.8654,-0.1176,-0.1176
20.7842,pi,6.2800,6.8631,-0.1175,-0.1175
20.7892,pi,6.2800,6.8616,-0.1174,-0.1174
20.7942,pi,6.2800,6.8605,-0.1173,-0.1173
20.7992,pi,6.2800,6.8454,-0.1174,-0.1174
20.8042,pi,6.2800,6.8331,-0.1175,-0.1175
20.8092,pi,6.2800,6.8735,-0.1166,-0.1166
20.8142,pi,6.2800,6.8698,-0.1165,-0.1165
20.8192,pi,6.2800,6.8668,-0.1164,-0.1164
20.8242,pi,6.2800,6.8645,-0.1163,-0.1163
20.8293,pi,6.2800,6.8483,-0.1165,-0.1165
20.8342,pi,6.2800,6.8501,-0.1163,-0.1163
20.8392,pi,6.2800,6.8514,-0.1161,-0.1161
20.8442,pi,6.2800,6.8066,-0.1169,-0.1169
20.8492,pi,6.2800,6.8164,-0.1166,-0.1166
20.8542,pi,6.2800,6.8244,-0.1163,-0.1163
20.8592,pi,6.2800,6.7850,-0.1169,-0.1169
20.8642,pi,6.2800,6.7539,-0.1175,-0.1175
20.8692,pi,6.2800,6.7742,-0.1169,-0.1169
20.8742,pi,6.2800,6.7260,-0.1178,-0.1178
20.8792,pi,6.2800,6.7060,-0.1181,-0.1181
20.8842,pi,6.2800,6.7218,-0.1176,-0.1176
20.8892,pi,6.2800,6.6842,-0.1183,-0.1183
20.8942,pi,6.2800,6.6725,-0.1184,-0.1184
20.8992,pi,6.2800,6.7089,-0.1176,-0.1176
20.9042,pi,6.2800,6.6738,-0.1182,-0.1182
20.9092,pi,6.2800,6.6961,-0.1176,-0.1176
20.9142,pi,6.2800,6.7140,-0.1172,-0.1172
20.9192,pi,6.2800,6.6780,-0.1178,-0.1178
20.9242,pi,6.2800,6.6675,-0.1179,-0.1179
20.9292,pi,6.2800,6.6912,-0.1173,-0.1173
20.9342,pi,6.2800,6.6596,-0.1179,-0.1179
20.9392,pi,6.2800,6.6847,-0.1173,-0.1173
20.9442,pi,6.2800,6.7049,-0.1168,-0.1168
20.9492,pi,6.2800,6.7209,-0.1163,-0.1163
20.9542,pi,6.2800,6.7019,-0.1166,-0.1166
20.9592,pi,6.2800,6.7326,-0.1159,-0.1159
20.9642,pi,6.2800,6.6927,-0.1166,-0.1166
20.9692,pi,6.2800,6.7112,-0.1161,-0.1161
20.9742,pi,6.2800,6.7257,-0.1157,-0.1157
20.9792,pi,6.2800,6.7374,-0.1153,-0.1153
20.9842,pi,6.2800,6.7149,-0.1157,-0.1157
20.9892,pi,6.2800,6.7430,-0.1150,-0.1150
20.9942,pi,6.2800,6.7654,-0.1144,-0.1144
20.9992,pi,6.2800,6.7374,-0.1149,-0.1149
21.0042,pi,6.2800,6.7154,-0.1152,-0.1152
21.0092,pi,6.2800,6.7291,-0.1148,-0.1148
21.0142,pi,6.2800,6.7402,-0.1145,-0.1145
21.0192,pi,6.2800,6.7492,-0.1142,-0.1142
21.0242,pi,6.2800,6.7702,-0.1137,-0.1137
21.0292,pi,6.2800,6.7415,-0.1141,-0.1141
21.0342,pi,6.2800,6.7503,-0.1138,-0.1138
21.0392,pi,6.2800,6.7572,-0.1136,-0.1136
21.0442,pi,6.2800,6.7122,-0.1144,-0.1144
21.0492,pi,6.2800,6.7268,-0.1139,-0.1139
21.0542,pi,6.2800,6.6878,-0.1146,-0.1146
21.0592,pi,6.2800,6.6751,-0.1148,-0.1148
21.0642,pi,6.2800,6.6654,-0.1149,-0.1149
21.0692,pi,6.2800,6.6391,-0.1153,-0.1153
21.0742,pi,6.2800,6.6182,-0.1156,-0.1156
21.0792,pi,6.2800,6.6198,-0.1155,-0.1155
21.0842,pi,6.2800,6.6211,-0.1154,-0.1154
21.0892,pi,6.2800,6.6221,-0.1153,-0.1153
21.0942,pi,6.2800,6.6046,-0.1156,-0.1156
21.0992,pi,6.2800,6.5905,-0.1158,-0.1158
21.1042,pi,6.2800,6.5787,-0.1159,-0.1159
21.1092,pi,6.2800,6.5882,-0.1157,-0.1157
21.1142,pi,6.2800,6.5959,-0.1154,-0.1154
21.1192,pi,6.2800,6.5833,-0.1156,-0.1156
21.1242,pi,6.2800,6.5734,-0.1157,-0.1157
21.1292,pi,6.2800,6.5655,-0.1158,-0.1158
21.1342,pi,6.2800,6.5591,-0.1159,-0.1159
21.1392,pi,6.2800,6.5540,-0.1159,-0.1159
21.1442,pi,6.2800,6.5683,-0.1156,-0.1156
21.1492,pi,6.2800,6.5614,-0.1156,-0.1156
21.1543,pi,6.2800,6.5740,-0.1153,-0.1153
21.1595,pi,6.2800,6.6161,-0.1144,-0.1144
21.1644,pi,6.2800,6.5989,-0.1147,-0.1147
21.1692,pi,6.2800,6.6040,-0.1145,-0.1145
21.1749,pi,6.2800,6.6397,-0.1137,-0.1137
21.1794,pi,6.2800,6.6185,-0.1140,-0.1140
21.1841,pi,6.2800,6.6199,-0.1139,-0.1139
21.1892,pi,6.2800,6.6212,-0.1138,-0.1138
21.1942,pi,6.2800,6.6223,-0.1137,-0.1137
21.1992,pi,6.2800,6.6231,-0.1136,-0.1136
21.2043,pi,6.2800,6.6553,-0.1128,-0.1128
21.2092,pi,6.2800,6.6499,-0.1128,-0.1128
21.2142,pi,6.2800,6.6454,-0.1128,-0.1128
21.2192,pi,6.2800,6.6424,-0.1128,-0.1128
21.2242,pi,6.2800,6.6394,-0.1128,-0.1128
21.2292,pi,6.2800,6.5914,-0.1137,-0.1137
21.2342,pi,6.2800,6.5988,-0.1134,-0.1134
21.2394,pi,6.2800,6.6045,-0.1132,-0.1132
21.2444,pi,6.2800,6.5901,-0.1135,-0.1135
21.2492,pi,6.2800,6.5787,-0.1136,-0.1136
21.2542,pi,6.2800,6.5421,-0.1143,-0.1143
21.2593,pi,6.2800,6.5404,-0.1142,-0.1142
21.2642,pi,6.2800,6.4888,-0.1152,-0.1152
21.2692,pi,6.2800,6.4707,-0.1155,-0.1155
21.2744,pi,6.2800,6.5018,-0.1149,-0.1149
21.2795,pi,6.2800,6.5076,-0.1147,-0.1147
21.2849,pi,6.2800,6.5119,-0.1145,-0.1145
21.2901,pi,6.2800,6.5154,-0.1144,-0.1144
21.2949,pi,6.2800,6.5189,-0.1143,-0.1143
21.2992,pi,6.2800,6.5217,-0.1142,-0.1142
21.3042,pi,6.2800,6.4968,-0.1146,-0.1146
21.3092,pi,6.2800,6.5229,-0.1140,-0.1140
21.3143,pi,6.2800,6.5248,-0.1139,-0.1139
21.3193,pi,6.2800,6.5259,-0.1138,-0.1138
21.3242,pi,6.2800,6.5271,-0.1138,-0.1138
21.3292,pi,6.2800,6.5008,-0.1142,-0.1142
21.3342,pi,6.2800,6.5266,-0.1137,-0.1137
21.3391,pi,6.2800,6.5473,-0.1132,-0.1132
21.3442,pi,6.2800,6.5179,-0.1137,-0.1137
21.3492,pi,6.2800,6.5399,-0.1132,-0.1132
21.3542,pi,6.2800,6.5574,-0.1128,-0.1128
21.3593,pi,6.2800,6.5525,-0.1128,-0.1128
21.3642,pi,6.2800,6.5669,-0.1124,-0.1124
21.3692,pi,6.2800,6.6247,-0.1112,-0.1112
21.3746,pi,6.2800,6.6064,-0.1115,-0.1115
21.3792,pi,6.2800,6.6417,-0.1107,-0.1107
21.3842,pi,6.2800,6.6386,-0.1107,-0.1107
21.3894,pi,6.2800,6.6175,-0.1110,-0.1110
21.3944,pi,6.2800,6.5989,-0.1113,-0.1113
21.3992,pi,6.2800,6.5860,-0.1115,-0.1115
21.4043,pi,6.2800,6.5730,-0.1117,-0.1117
21.4091,pi,6.2800,6.5383,-0.1123,-0.1123
21.4142,pi,6.2800,6.5104,-0.1128,-0.1128
21.4193,pi,6.2800,6.4648,-0.1137,-0.1137
21.4242,pi,6.2800,6.4512,-0.1139,-0.1139
21.4292,pi,6.2800,6.4408,-0.1141,-0.1141
21.4343,pi,6.2800,6.4328,-0.1142,-0.1142
21.4394,pi,6.2800,6.4527,-0.1137,-0.1137
21.4443,pi,6.2800,6.4415,-0.1139,-0.1139
21.4492,pi,6.2800,6.4343,-0.1140,-0.1140
21.4542,pi,6.2800,6.4271,-0.1141,-0.1141
21.4591,pi,6.2800,6.4237,-0.1142,-0.1142
21.4643,pi,6.2800,6.4186,-0.1142,-0.1142
21.4692,pi,6.2800,6.4599,-0.1134,-0.1134
21.4743,pi,6.2800,6.4748,-0.1130,-0.1130
21.4797,pi,6.2800,6.4856,-0.1127,-0.1127
21.4849,pi,6.2800,6.4944,-0.1125,-0.1125
21.4894,pi,6.2800,6.4747,-0.1129,-0.1129
21.4942,pi,6.2800,6.4598,-0.1131,-0.1131
21.4992,pi,6.2800,6.4935,-0.1124,-0.1124
21.5042,pi,6.2800,6.5201,-0.1118,-0.1118
21.5092,pi,6.2800,6.5227,-0.1117,-0.1117
21.5142,pi,6.2800,6.5247,-0.1116,-0.1116
21.5192,pi,6.2800,6.5448,-0.1111,-0.1111
21.5242,pi,6.2800,6.5613,-0.1107,-0.1107
21.5292,pi,6.2800,6.5288,-0.1113,-0.1113
21.5342,pi,6.2800,6.5496,-0.1108,-0.1108
21.5392,pi,6.2800,6.5199,-0.1114,-0.1114
21.5442,pi,6.2800,6.5413,-0.1109,-0.1109
21.5492,pi,6.2800,6.5130,-0.1114,-0.1114
21.5542,pi,6.2800,6.4901,-0.1118,-0.1118
21.5592,pi,6.2800,6.5176,-0.1112,-0.1112
21.5642,pi,6.2800,6.4936,-0.1116,-0.1116
21.5692,pi,6.2800,6.5204,-0.1110,-0.1110
21.5743,pi,6.2800,6.4727,-0.1119,-0.1119
21.5792,pi,6.2800,6.4848,-0.1116,-0.1116
21.5842,pi,6.2800,6.4444,-0.1124,-0.1124
21.5892,pi,6.2800,6.4353,-0.1125,-0.1125
21.5943,pi,6.2800,6.4046,-0.1131,-0.1131
21.5992,pi,6.2800,6.4301,-0.1126,-0.1126
21.6042,pi,6.2800,6.4001,-0.1131,-0.1131
21.6092,pi,6.2800,6.3764,-0.1136,-0.1136
21.6142,pi,6.2800,6.4079,-0.1129,-0.1129
21.6193,pi,6.2800,6.3808,-0.1134,-0.1134
21.6242,pi,6.2800,6.4112,-0.1128,-0.1128
21.6292,pi,6.2800,6.4085,-0.1128,-0.1128
21.6342,pi,6.2800,6.4068,-0.1128,-0.1128
21.6392,pi,6.2800,6.3819,-0.1133,-0.1133
21.6442,pi,6.2800,6.3844,-0.1132,-0.1132
21.6493,pi,6.2800,6.4328,-0.1122,-0.1122
21.6542,pi,6.2800,6.4259,-0.1123,-0.1123
21.6592,pi,6.2800,6.4476,-0.1118,-0.1118
21.6641,pi,6.2800,6.4832,-0.1111,-0.1111
21.6692,pi,6.2800,6.4661,-0.1114,-0.1114
21.6743,pi,6.2800,6.4798,-0.1110,-0.1110
21.6793,pi,6.2800,6.4904,-0.1108,-0.1108
21.6842,pi,6.2800,6.4983,-0.1106,-0.1106
21.6893,pi,6.2800,6.5051,-0.1104,-0.1104
21.6942,pi,6.2800,6.5290,-0.1098,-0.1098
21.6993,pi,6.2800,6.5028,-0.1103,-0.1103
21.7042,pi,6.2800,6.4819,-0.1107,-0.1107
21.7092,pi,6.2800,6.4651,-0.1110,-0.1110
21.7142,pi,6.2800,6.4517,-0.1112,-0.1112
21.7193,pi,6.2800,6.4180,-0.1118,-0.1118
21.7242,pi,6.2800,6.4138,-0.1119,-0.1119
21.7293,pi,6.2800,6.3649,-0.1128,-0.1128
21.7342,pi,6.2800,6.3716,-0.1127,-0.1127
21.7392,pi,6.2800,6.3772,-0.1125,-0.1125
21.7443,pi,6.2800,6.3584,-0.1129,-0.1129
21.7492,pi,6.2800,6.3662,-0.1127,-0.1127
21.7543,pi,6.2800,6.3495,-0.1130,-0.1130
21.7592,pi,6.2800,6.3863,-0.1123,-0.1123
21.7642,pi,6.2800,6.3653,-0.1127,-0.1127
21.7692,pi,6.2800,6.3715,-0.1125,-0.1125
21.7743,pi,6.2800,6.3535,-0.1129,-0.1129
21.7792,pi,6.2800,6.3896,-0.1121,-0.1121
21.7842,pi,6.2800,6.3682,-0.1125,-0.1125
21.7892,pi,6.2800,6.3512,-0.1128,-0.1128
21.7942,pi,6.2800,6.3606,-0.1126,-0.1126
21.7992,pi,6.2800,6.3679,-0.1125,-0.1125
21.8042,pi,6.2800,6.3739,-0.1123,-0.1123
21.8092,pi,6.2800,6.3786,-0.1122,-0.1122
21.8143,pi,6.2800,6.3823,-0.1121,-0.1121
21.8192,pi,6.2800,6.4127,-0.1115,-0.1115
21.8242,pi,6.2800,6.4096,-0.1115,-0.1115
21.8292,pi,6.2800,6.4532,-0.1106,-0.1106
21.8342,pi,6.2800,6.4420,-0.1108,-0.1108
21.8392,pi,6.2800,6.4790,-0.1100,-0.1100
21.8443,pi,6.2800,6.4391,-0.1107,-0.1107
21.8492,pi,6.2800,6.4580,-0.1103,-0.1103
21.8542,pi,6.2800,6.4225,-0.1110,-0.1110
21.8592,pi,6.2800,6.4174,-0.1110,-0.1110
21.8643,pi,6.2800,6.4134,-0.1111,-0.1111
21.8692,pi,6.2800,6.3873,-0.1116,-0.1116
21.8743,pi,6.2800,6.3664,-0.1120,-0.1120
21.8792,pi,6.2800,6.3726,-0.1118,-0.1118
21.8842,pi,6.2800,6.3777,-0.1117,-0.1117
21.8892,pi,6.2800,6.3817,-0.1116,-0.1116
21.8943,pi,6.2800,6.3392,-0.1124,-0.1124
21.8992,pi,6.2800,6.3279,-0.1126,-0.1126
21.9042,pi,6.2800,6.3419,-0.1124,-0.1124
21.9092,pi,6.2800,6.3300,-0.1126,-0.1126
21.9142,pi,6.2800,6.3435,-0.1123,-0.1123
21.9192,pi,6.2800,6.3314,-0.1125,-0.1125
21.9242,pi,6.2800,6.3447,-0.1122,-0.1122
21.9292,pi,6.2800,6.3323,-0.1125,-0.1125
21.9342,pi,6.2800,6.3453,-0.1122,-0.1122
21.9393,pi,6.2800,6.3328,-0.1124,-0.1124
21.9442,pi,6.2800,6.3458,-0.1122,-0.1122
21.9493,pi,6.2800,6.3332,-0.1124,-0.1124
21.9542,pi,6.2800,6.3231,-0.1126,-0.1126
21.9592,pi,6.2800,6.3380,-0.1123,-0.1123
21.9643,pi,6.2800,6.3270,-0.1125,-0.1125
21.9692,pi,6.2800,6.3412,-0.1122,-0.1122
21.9743,pi,6.2800,6.3526,-0.1119,-0.1119
21.9794,pi,6.2800,6.3885,-0.1112,-0.1112
21.9850,pi,6.2800,6.3663,-0.1116,-0.1116
21.9896,pi,6.2800,6.3990,-0.1109,-0.1109
21.9948,pi,6.2800,6.3661,-0.1116,-0.1116
21.9996,pi,6.2800,6.3972,-0.1109,-0.1109
22.0049,pi,6.2800,6.3734,-0.1114,-0.1114
22.0094,pi,6.2800,6.3535,-0.1117,-0.1117
22.0143,pi,6.2800,6.3390,-0.1120,-0.1120
22.0193,pi,6.2800,6.3275,-0.1122,-0.1122
22.0243,pi,6.2800,6.3181,-0.1124,-0.1124
22.0292,pi,6.2800,6.3336,-0.1121,-0.1121
22.0343,pi,6.2800,6.3009,-0.1127,-0.1127
22.0393,pi,6.2800,6.3209,-0.1123,-0.1123
22.0446,pi,6.2800,6.2826,-0.1131,-0.1131
22.0494,pi,6.2800,6.3110,-0.1125,-0.1125
22.0543,pi,6.2800,6.3289,-0.1122,-0.1122
22.0593,pi,6.2800,6.3435,-0.1118,-0.1118
22.0649,pi,6.2800,6.3096,-0.1125,-0.1125
22.0695,pi,6.2800,6.3034,-0.1126,-0.1126
22.0748,pi,6.2800,6.3492,-0.1117,-0.1117
22.0796,pi,6.2800,6.3351,-0.1120,-0.1120
22.0846,pi,6.2800,6.3244,-0.1122,-0.1122
22.0895,pi,6.2800,6.3155,-0.1123,-0.1123
22.0945,pi,6.2800,6.3314,-0.1120,-0.1120
22.0995,pi,6.2800,6.3512,-0.1116,-0.1116
22.1044,pi,6.2800,6.2857,-0.1129,-0.1129
22.1094,pi,6.2800,6.2840,-0.1129,-0.1129
22.1144,pi,6.2800,6.3337,-0.1119,-0.1119
22.1194,pi,6.2800,6.3233,-0.1121,-0.1121
22.1244,pi,6.2800,6.3142,-0.1123,-0.1123
22.1292,pi,6.2800,6.3308,-0.1120,-0.1120
22.1342,pi,6.2800,6.3450,-0.1117,-0.1117
22.1392,pi,6.2800,6.4020,-0.1105,-0.1105
22.1443,pi,6.2800,6.4477,-0.1095,-0.1095
22.1492,pi,6.2800,6.4383,-0.1097,-0.1097
22.1549,pi,6.2800,6.4297,-0.1098,-0.1098
22.1607,pi,6.2800,6.4493,-0.1094,-0.1094
22.1650,pi,6.2800,6.4397,-0.1095,-0.1095
22.1694,pi,6.2800,6.4317,-0.1097,-0.1097
22.1743,pi,6.2800,6.4257,-0.1097,-0.1097
22.1792,pi,6.2800,6.4215,-0.1098,-0.1098
22.1844,pi,6.2800,6.3935,-0.1103,-0.1103
22.1892,pi,6.2800,6.3709,-0.1107,-0.1107
22.1942,pi,6.2800,6.3028,-0.1121,-0.1121
22.1991,pi,6.2800,6.2763,-0.1126,-0.1126
22.2042,pi,6.2800,6.2552,-0.1131,-0.1131
22.2092,pi,6.2800,6.2850,-0.1125,-0.1125
22.2142,pi,6.2800,6.2645,-0.1129,-0.1129
22.2192,pi,6.2800,6.2919,-0.1123,-0.1123
22.2242,pi,6.2800,6.2681,-0.1128,-0.1128
22.2292,pi,6.2800,6.2946,-0.1123,-0.1123
22.2349,pi,6.2800,6.2919,-0.1123,-0.1123
22.2400,pi,6.2800,6.2896,-0.1124,-0.1124
22.2447,pi,6.2800,6.2658,-0.1129,-0.1129
22.2492,pi,6.2800,6.2689,-0.1128,-0.1128
22.2541,pi,6.2800,6.2946,-0.1123,-0.1123
22.2592,pi,6.2800,6.2923,-0.1123,-0.1123
22.2642,pi,6.2800,6.3407,-0.1113,-0.1113
22.2692,pi,6.2800,6.3290,-0.1116,-0.1116
22.2742,pi,6.2800,6.3697,-0.1107,-0.1107
22.2792,pi,6.2800,6.3522,-0.1111,-0.1111
22.2842,pi,6.2800,6.3612,-0.1109,-0.1109
22.2892,pi,6.2800,6.3692,-0.1107,-0.1107
22.2943,pi,6.2800,6.4022,-0.1100,-0.1100
22.2992,pi,6.2800,6.4286,-0.1094,-0.1094
22.3042,pi,6.2800,6.3990,-0.1100,-0.1100
22.3092,pi,6.2800,6.4259,-0.1094,-0.1094
22.3142,pi,6.2800,6.3973,-0.1099,-0.1099
22.3192,pi,6.2800,6.4247,-0.1094,-0.1094
22.3242,pi,6.2800,6.3962,-0.1099,-0.1099
22.3292,pi,6.2800,6.3965,-0.1099,-0.1099
22.3342,pi,6.2800,6.3969,-0.1098,-0.1098
22.3392,pi,6.2800,6.3970,-0.1098,-0.1098
22.3442,pi,6.2800,6.3971,-0.1098,-0.1098
22.3492,pi,6.2800,6.3974,-0.1097,-0.1097
22.3543,pi,6.2800,6.3741,-0.1102,-0.1102
22.3592,pi,6.2800,6.3789,-0.1101,-0.1101
22.3643,pi,6.2800,6.3592,-0.1104,-0.1104
22.3692,pi,6.2800,6.2937,-0.1117,-0.1117
22.3744,pi,6.2800,6.2899,-0.1118,-0.1118
22.3811,pi,6.2800,6.2374,-0.1129,-0.1129
22.3854,pi,6.2800,6.2425,-0.1128,-0.1128
22.3902,pi,6.2800,6.2490,-0.1127,-0.1127
22.3943,pi,6.2800,6.2555,-0.1125,-0.1125
22.3992,pi,6.2800,6.2610,-0.1124,-0.1124
22.4043,pi,6.2800,6.2424,-0.1128,-0.1128
22.4092,pi,6.2800,6.2505,-0.1127,-0.1127
22.4142,pi,6.2800,6.2341,-0.1130,-0.1130
22.4192,pi,6.2800,6.2674,-0.1123,-0.1123
22.4242,pi,6.2800,6.2935,-0.1118,-0.1118
22.4292,pi,6.2800,6.3160,-0.1113,-0.1113
22.4343,pi,6.2800,6.3256,-0.1111,-0.1111
22.4394,pi,6.2800,6.3415,-0.1108,-0.1108
22.4446,pi,6.2800,6.3082,-0.1115,-0.1115
22.4496,pi,6.2800,6.3031,-0.1116,-0.1116
22.4541,pi,6.2800,6.3219,-0.1112,-0.1112
22.4592,pi,6.2800,6.3372,-0.1109,-0.1109
22.4642,pi,6.2800,6.3494,-0.1106,-0.1106
22.4694,pi,6.2800,6.3360,-0.1108,-0.1108
22.4742,pi,6.2800,6.3757,-0.1100,-0.1100
22.4792,pi,6.2800,6.3570,-0.1104,-0.1104
22.4842,pi,6.2800,6.3652,-0.1102,-0.1102
22.4892,pi,6.2800,6.3715,-0.1100,-0.1100
22.4942,pi,6.2800,6.3768,-0.1099,-0.1099
22.4992,pi,6.2800,6.3811,-0.1098,-0.1098
22.5042,pi,6.2800,6.3845,-0.1097,-0.1097
22.5092,pi,6.2800,6.3642,-0.1101,-0.1101
22.5142,pi,6.2800,6.3709,-0.1099,-0.1099
22.5192,pi,6.2800,6.3304,-0.1107,-0.1107
22.5242,pi,6.2800,6.3439,-0.1105,-0.1105
22.5292,pi,6.2800,6.3090,-0.1111,-0.1111
22.5342,pi,6.2800,6.3270,-0.1108,-0.1108
22.5392,pi,6.2800,6.2952,-0.1114,-0.1114
22.5442,pi,6.2800,6.3159,-0.1110,-0.1110
22.5493,pi,6.2800,6.3091,-0.1111,-0.1111
22.5552,pi,6.2800,6.3031,-0.1112,-0.1112
22.5605,pi,6.2800,6.2986,-0.1113,-0.1113
22.5646,pi,6.2800,6.2952,-0.1114,-0.1114
22.5692,pi,6.2800,6.3430,-0.1104,-0.1104
22.5742,pi,6.2800,6.3308,-0.1106,-0.1106
22.5791,pi,6.2800,6.3441,-0.1104,-0.1104
22.5843,pi,6.2800,6.3318,-0.1106,-0.1106
22.5892,pi,6.2800,6.3448,-0.1103,-0.1103
22.5942,pi,6.2800,6.3324,-0.1105,-0.1105
22.5992,pi,6.2800,6.3454,-0.1103,-0.1103
22.6042,pi,6.2800,6.3561,-0.1100,-0.1100
22.6092,pi,6.2800,6.3651,-0.1098,-0.1098
22.6143,pi,6.2800,6.3720,-0.1097,-0.1097
22.6192,pi,6.2800,6.3772,-0.1095,-0.1095
22.6244,pi,6.2800,6.4085,-0.1089,-0.1089
22.6294,pi,6.2800,6.3826,-0.1094,-0.1094
22.6346,pi,6.2800,6.3625,-0.1098,-0.1098
22.6392,pi,6.2800,6.3465,-0.1101,-0.1101
22.6442,pi,6.2800,6.3335,-0.1103,-0.1103
22.6492,pi,6.2800,6.3232,-0.1105,-0.1105
22.6544,pi,6.2800,6.3148,-0.1107,-0.1107
22.6595,pi,6.2800,6.3078,-0.1108,-0.1108
22.6646,pi,6.2800,6.3012,-0.1109,-0.1109
22.6692,pi,6.2800,6.2976,-0.1110,-0.1110
22.6741,pi,6.2800,6.2723,-0.1115,-0.1115
22.6792,pi,6.2800,6.2522,-0.1119,-0.1119
22.6842,pi,6.2800,6.2364,-0.1122,-0.1122
22.6892,pi,6.2800,6.2690,-0.1116,-0.1116
22.6942,pi,6.2800,6.2492,-0.1120,-0.1120
22.6992,pi,6.2800,6.2793,-0.1114,-0.1114
22.7042,pi,6.2800,6.3034,-0.1109,-0.1109
22.7092,pi,6.2800,6.3229,-0.1105,-0.1105
22.7143,pi,6.2800,6.2918,-0.1111,-0.1111
22.7192,pi,6.2800,6.2899,-0.1112,-0.1112
22.7242,pi,6.2800,6.3383,-0.1102,-0.1102
22.7292,pi,6.2800,6.3270,-0.1104,-0.1104
22.7342,pi,6.2800,6.3678,-0.1095,-0.1095
22.7392,pi,6.2800,6.3506,-0.1099,-0.1099
22.7442,pi,6.2800,6.3872,-0.1091,-0.1091
22.7492,pi,6.2800,6.3660,-0.1095,-0.1095
22.7542,pi,6.2800,6.3491,-0.1098,-0.1098
22.7592,pi,6.2800,6.3354,-0.1101,-0.1101
22.7642,pi,6.2800,6.3474,-0.1098,-0.1098
22.7692,pi,6.2800,6.3345,-0.1101,-0.1101
22.7742,pi,6.2800,6.3472,-0.1098,-0.1098
22.7792,pi,6.2800,6.3344,-0.1101,-0.1101
22.7842,pi,6.2800,6.3469,-0.1098,-0.1098
22.7892,pi,6.2800,6.3341,-0.1100,-0.1100
22.7942,pi,6.2800,6.3468,-0.1098,-0.1098
22.7992,pi,6.2800,6.3112,-0.1105,-0.1105
22.8042,pi,6.2800,6.3055,-0.1106,-0.1106
22.8092,pi,6.2800,6.2781,-0.1111,-0.1111
22.8142,pi,6.2800,6.3021,-0.1106,-0.1106
22.8192,pi,6.2800,6.2754,-0.1112,-0.1112
22.8242,pi,6.2800,6.3000,-0.1107,-0.1107
22.8292,pi,6.2800,6.2737,-0.1112,-0.1112
22.8343,pi,6.2800,6.2252,-0.1122,-0.1122
22.8393,pi,6.2800,6.2359,-0.1120,-0.1120
22.8442,pi,6.2800,6.2452,-0.1118,-0.1118
22.8492,pi,6.2800,6.2528,-0.1117,-0.1117
22.8542,pi,6.2800,6.2818,-0.1111,-0.1111
22.8592,pi,6.2800,6.2592,-0.1115,-0.1115
22.8642,pi,6.2800,6.2640,-0.1114,-0.1114
22.8692,pi,6.2800,6.2449,-0.1118,-0.1118
22.8742,pi,6.2800,6.2755,-0.1112,-0.1112
22.8792,pi,6.2800,6.2541,-0.1117,-0.1117
22.8842,pi,6.2800,6.2829,-0.1111,-0.1111
22.8892,pi,6.2800,6.3059,-0.1106,-0.1106
22.8942,pi,6.2800,6.3253,-0.1102,-0.1102
22.8992,pi,6.2800,6.3168,-0.1104,-0.1104
22.9042,pi,6.2800,6.3100,-0.1105,-0.1105
22.9092,pi,6.2800,6.3046,-0.1106,-0.1106
22.9142,pi,6.2800,6.3003,-0.1107,-0.1107
22.9192,pi,6.2800,6.2740,-0.1112,-0.1112
22.9242,pi,6.2800,6.2757,-0.1112,-0.1112
22.9292,pi,6.2800,6.2771,-0.1112,-0.1112
22.9342,pi,6.2800,6.2783,-0.1111,-0.1111
22.9392,pi,6.2800,6.3293,-0.1101,-0.1101
22.9442,pi,6.2800,6.3199,-0.1103,-0.1103
22.9492,pi,6.2800,6.3628,-0.1094,-0.1094
22.9542,pi,6.2800,6.3698,-0.1092,-0.1092
22.9593,pi,6.2800,6.4022,-0.1086,-0.1086
22.9642,pi,6.2800,6.3785,-0.1090,-0.1090
22.9693,pi,6.2800,6.3591,-0.1094,-0.1094
22.9743,pi,6.2800,6.3437,-0.1097,-0.1097
22.9792,pi,6.2800,6.3813,-0.1089,-0.1089
22.9842,pi,6.2800,6.3617,-0.1093,-0.1093
22.9892,pi,6.2800,6.3230,-0.1100,-0.1100
22.9942,pi,6.2800,6.2928,-0.1106,-0.1106
22.9992,pi,6.2800,6.2680,-0.1111,-0.1111
23.0042,pi,6.2800,6.2484,-0.1115,-0.1115
23.0092,pi,6.2800,6.2325,-0.1119,-0.1119
23.0142,pi,6.2800,6.2205,-0.1121,-0.1121
23.0192,pi,6.2800,6.2102,-0.1123,-0.1123
23.0243,pi,6.2800,6.2246,-0.1121,-0.1121
23.0292,pi,6.2800,6.2131,-0.1123,-0.1123
23.0346,pi,6.2800,6.2267,-0.1120,-0.1120
23.0396,pi,6.2800,6.2374,-0.1118,-0.1118
23.0448,pi,6.2800,6.2459,-0.1117,-0.1117
23.0494,pi,6.2800,6.2531,-0.1115,-0.1115
23.0542,pi,6.2800,6.2591,-0.1114,-0.1114
23.0591,pi,6.2800,6.2869,-0.1109,-0.1109
23.0642,pi,6.2800,6.2860,-0.1109,-0.1109
23.0692,pi,6.2800,6.2854,-0.1109,-0.1109
23.0745,pi,6.2800,6.2846,-0.1109,-0.1109
23.0803,pi,6.2800,6.3328,-0.1099,-0.1099
23.0850,pi,6.2800,6.3217,-0.1101,-0.1101
23.0899,pi,6.2800,6.3638,-0.1093,-0.1093
23.0956,pi,6.2800,6.3423,-0.1097,-0.1097
23.1024,pi,6.2800,6.3759,-0.1090,-0.1090
23.1078,pi,6.2800,6.3444,-0.1096,-0.1096
23.1128,pi,6.2800,6.2715,-0.1111,-0.1111
23.1187,pi,6.2800,6.2919,-0.1107,-0.1107
23.1229,pi,6.2800,6.3295,-0.1099,-0.1099
23.1280,pi,6.2800,6.3191,-0.1101,-0.1101
23.1326,pi,6.2800,6.3333,-0.1098,-0.1098
23.1401,pi,6.2800,6.3310,-0.1098,-0.1098
23.1476,pi,6.2800,6.3227,-0.1100,-0.1100
23.1529,pi,6.2800,6.2897,-0.1107,-0.1107
23.1601,pi,6.2800,6.2678,-0.1111,-0.1111
23.1676,pi,6.2800,6.1699,-0.1131,-0.1131
23.1753,pi,6.2800,6.1376,-0.1138,-0.1138
23.1805,pi,6.2800,6.0932,-0.1147,-0.1147
23.1868,pi,6.2800,5.9156,-0.1184,-0.1184
23.1938,pi,6.2800,5.8202,-0.1203,-0.1203
23.1998,pi,6.2800,5.7535,-0.1218,-0.1218
23.2059,pi,6.2800,5.6500,-0.1240,-0.1240
23.2119,pi,6.2800,5.5267,-0.1267,-0.1267
23.2175,pi,6.2800,5.3731,-0.1300,-0.1300
23.2226,pi,6.2800,5.3031,-0.1316,-0.1316
23.2278,pi,6.2800,5.1648,-0.1348,-0.1348
23.2342,pi,6.2800,5.1234,-0.1358,-0.1358
23.2406,pi,6.2800,5.0918,-0.1370,-0.1370
23.2459,pi,6.2800,5.1549,-0.1360,-0.1360
23.2509,pi,6.2800,5.2299,-0.1348,-0.1348
23.2555,pi,6.2800,5.2797,-0.1341,-0.1341
23.2601,pi,6.2800,5.3676,-0.1325,-0.1325
23.2644,pi,6.2800,5.4828,-0.1304,-0.1304
23.2685,pi,6.2800,5.6985,-0.1263,-0.1263
23.2727,pi,6.2800,5.8141,-0.1241,-0.1241
23.2770,pi,6.2800,6.0446,-0.1195,-0.1195
23.2811,pi,6.2800,6.2543,-0.1153,-0.1153
23.2851,pi,6.2800,6.3451,-0.1135,-0.1135
23.2892,pi,6.2800,6.2737,-0.1149,-0.1149
23.2938,pi,6.2800,6.1677,-0.1171,-0.1171
23.2986,pi,6.2800,6.0776,-0.1189,-0.1189
23.3027,pi,6.2800,6.0527,-0.1195,-0.1195
23.3066,pi,6.2800,6.0313,-0.1200,-0.1200
23.3105,pi,6.2800,6.0139,-0.1204,-0.1204
23.3148,pi,6.2800,5.9169,-0.1224,-0.1224
23.3196,pi,6.2800,5.8770,-0.1233,-0.1233
23.3238,pi,6.2800,5.8444,-0.1241,-0.1241
23.3275,pi,6.2800,5.9324,-0.1224,-0.1224
23.3314,pi,6.2800,6.0253,-0.1206,-0.1206
23.3353,pi,6.2800,6.2267,-0.1166,-0.1166
23.3391,pi,6.2800,6.3978,-0.1131,-0.1131
23.3428,pi,6.2800,6.5260,-0.1105,-0.1105
23.3466,pi,6.2800,6.6373,-0.1082,-0.1082
23.3505,pi,6.2800,6.7271,-0.1063,-0.1063
23.3543,pi,6.2800,6.7537,-0.1056,-0.1056
23.3592,pi,6.2800,6.8207,-0.1042,-0.1042
23.3643,pi,6.2800,6.8132,-0.1042,-0.1042
23.3692,pi,6.2800,6.8216,-0.1039,-0.1039
23.3743,pi,6.2800,6.7834,-0.1045,-0.1045
23.3792,pi,6.2800,6.7529,-0.1050,-0.1050
23.3843,pi,6.2800,6.7085,-0.1058,-0.1058
23.3892,pi,6.2800,6.6913,-0.1060,-0.1060
23.3943,pi,6.2800,6.6331,-0.1071,-0.1071
23.3997,pi,6.2800,6.5619,-0.1085,-0.1085
23.4045,pi,6.2800,6.5045,-0.1095,-0.1095
23.4098,pi,6.2800,6.4590,-0.1104,-0.1104
23.4145,pi,6.2800,6.4233,-0.1111,-0.1111
23.4200,pi,6.2800,6.3942,-0.1116,-0.1116
23.4243,pi,6.2800,6.3709,-0.1121,-0.1121
23.4293,pi,6.2800,6.3522,-0.1124,-0.1124
23.4342,pi,6.2800,6.3156,-0.1132,-0.1132
23.4392,pi,6.2800,6.3328,-0.1128,-0.1128
23.4442,pi,6.2800,6.3467,-0.1125,-0.1125
23.4492,pi,6.2800,6.3574,-0.1123,-0.1123
23.4542,pi,6.2800,6.3204,-0.1130,-0.1130
23.4592,pi,6.2800,6.3373,-0.1127,-0.1127
23.4642,pi,6.2800,6.3506,-0.1124,-0.1124
23.4692,pi,6.2800,6.3612,-0.1121,-0.1121
23.4742,pi,6.2800,6.3697,-0.1120,-0.1120
23.4792,pi,6.2800,6.3765,-0.1118,-0.1118
23.4842,pi,6.2800,6.3817,-0.1117,-0.1117
23.4892,pi,6.2800,6.3619,-0.1120,-0.1120
23.4942,pi,6.2800,6.3461,-0.1123,-0.1123
23.4992,pi,6.2800,6.3334,-0.1126,-0.1126
23.5041,pi,6.2800,6.3462,-0.1123,-0.1123
23.5092,pi,6.2800,6.3568,-0.1121,-0.1121
23.5142,pi,6.2800,6.3650,-0.1119,-0.1119
23.5192,pi,6.2800,6.3257,-0.1127,-0.1127
23.5242,pi,6.2800,6.3402,-0.1124,-0.1124
23.5293,pi,6.2800,6.3284,-0.1126,-0.1126
23.5342,pi,6.2800,6.3193,-0.1128,-0.1128
23.5392,pi,6.2800,6.3351,-0.1124,-0.1124
23.5442,pi,6.2800,6.3476,-0.1122,-0.1122
23.5492,pi,6.2800,6.3576,-0.1119,-0.1119
23.5543,pi,6.2800,6.3426,-0.1122,-0.1122
23.5591,pi,6.2800,6.3536,-0.1120,-0.1120
23.5642,pi,6.2800,6.3624,-0.1118,-0.1118
23.5692,pi,6.2800,6.3695,-0.1116,-0.1116
23.5743,pi,6.2800,6.3512,-0.1120,-0.1120
23.5792,pi,6.2800,6.3877,-0.1112,-0.1112
23.5844,pi,6.2800,6.3663,-0.1116,-0.1116
23.5892,pi,6.2800,6.3492,-0.1119,-0.1119
23.5942,pi,6.2800,6.3859,-0.1112,-0.1112
23.5993,pi,6.2800,6.3653,-0.1116,-0.1116
23.6042,pi,6.2800,6.3488,-0.1119,-0.1119
23.6092,pi,6.2800,6.3356,-0.1121,-0.1121
23.6142,pi,6.2800,6.3752,-0.1113,-0.1113
23.6192,pi,6.2800,6.3567,-0.1117,-0.1117
23.6242,pi,6.2800,6.3647,-0.1115,-0.1115
23.6292,pi,6.2800,6.3721,-0.1113,-0.1113
23.6342,pi,6.2800,6.3776,-0.1112,-0.1112
23.6392,pi,6.2800,6.3821,-0.1111,-0.1111
23.6442,pi,6.2800,6.3858,-0.1110,-0.1110
23.6496,pi,6.2800,6.3645,-0.1114,-0.1114
23.6545,pi,6.2800,6.3976,-0.1107,-0.1107
23.6592,pi,6.2800,6.3741,-0.1111,-0.1111
23.6646,pi,6.2800,6.3045,-0.1125,-0.1125
23.6699,pi,6.2800,6.2978,-0.1126,-0.1126
23.6749,pi,6.2800,6.2914,-0.1128,-0.1128
23.6809,pi,6.2800,6.2877,-0.1128,-0.1128
23.6875,pi,6.2800,6.2823,-0.1130,-0.1130
23.6935,pi,6.2800,6.3283,-0.1120,-0.1120
23.6982,pi,6.2800,6.3170,-0.1122,-0.1122
23.7029,pi,6.2800,6.3558,-0.1114,-0.1114
23.7073,pi,6.2800,6.3414,-0.1117,-0.1117
23.7113,pi,6.2800,6.3796,-0.1109,-0.1109
23.7153,pi,6.2800,6.3834,-0.1108,-0.1108
23.7192,pi,6.2800,6.4323,-0.1098,-0.1098
23.7242,pi,6.2800,6.4260,-0.1099,-0.1099
23.7292,pi,6.2800,6.4232,-0.1099,-0.1099
23.7342,pi,6.2800,6.4196,-0.1100,-0.1100
23.7392,pi,6.2800,6.4190,-0.1099,-0.1099
23.7442,pi,6.2800,6.3723,-0.1108,-0.1108
23.7492,pi,6.2800,6.3792,-0.1107,-0.1107
23.7542,pi,6.2800,6.3422,-0.1114,-0.1114
23.7592,pi,6.2800,6.3543,-0.1111,-0.1111
23.7643,pi,6.2800,6.3400,-0.1114,-0.1114
23.7692,pi,6.2800,6.3516,-0.1112,-0.1112
23.7742,pi,6.2800,6.3152,-0.1119,-0.1119
23.7793,pi,6.2800,6.3087,-0.1120,-0.1120
23.7843,pi,6.2800,6.3531,-0.1111,-0.1111
23.7892,pi,6.2800,6.3384,-0.1114,-0.1114
23.7942,pi,6.2800,6.3044,-0.1121,-0.1121
23.7992,pi,6.2800,6.2999,-0.1121,-0.1121
23.8042,pi,6.2800,6.3195,-0.1117,-0.1117
23.8093,pi,6.2800,6.3121,-0.1119,-0.1119
23.8143,pi,6.2800,6.3562,-0.1110,-0.1110
23.8192,pi,6.2800,6.3416,-0.1113,-0.1113
23.8242,pi,6.2800,6.3528,-0.1110,-0.1110
23.8292,pi,6.2800,6.3619,-0.1108,-0.1108
23.8342,pi,6.2800,6.3691,-0.1106,-0.1106
23.8393,pi,6.2800,6.3299,-0.1114,-0.1114
23.8442,pi,6.2800,6.3441,-0.1111,-0.1111
23.8492,pi,6.2800,6.3547,-0.1109,-0.1109
23.8542,pi,6.2800,6.3403,-0.1112,-0.1112
23.8592,pi,6.2800,6.3785,-0.1104,-0.1104
23.8643,pi,6.2800,6.3823,-0.1103,-0.1103
23.8693,pi,6.2800,6.3620,-0.1106,-0.1106
23.8744,pi,6.2800,6.3457,-0.1110,-0.1110
23.8798,pi,6.2800,6.3831,-0.1102,-0.1102
23.8847,pi,6.2800,6.3626,-0.1106,-0.1106
23.8892,pi,6.2800,6.3465,-0.1109,-0.1109
23.8942,pi,6.2800,6.3338,-0.1111,-0.1111
23.8991,pi,6.2800,6.3008,-0.1118,-0.1118
23.9042,pi,6.2800,6.2973,-0.1118,-0.1118
23.9092,pi,6.2800,6.2715,-0.1124,-0.1124
23.9143,pi,6.2800,6.2737,-0.1123,-0.1123
23.9192,pi,6.2800,6.2527,-0.1127,-0.1127
23.9242,pi,6.2800,6.2821,-0.1122,-0.1122
23.9292,pi,6.2800,6.2598,-0.1126,-0.1126
23.9342,pi,6.2800,6.2421,-0.1130,-0.1130
23.9392,pi,6.2800,6.2736,-0.1123,-0.1123
23.9442,pi,6.2800,6.2987,-0.1118,-0.1118
23.9492,pi,6.2800,6.2954,-0.1119,-0.1119
23.9542,pi,6.2800,6.3158,-0.1115,-0.1115
23.9592,pi,6.2800,6.3323,-0.1111,-0.1111
23.9642,pi,6.2800,6.3455,-0.1109,-0.1109
23.9693,pi,6.2800,6.3330,-0.1111,-0.1111
23.9743,pi,6.2800,6.3229,-0.1113,-0.1113
23.9795,pi,6.2800,6.3649,-0.1104,-0.1104
23.9845,pi,6.2800,6.3478,-0.1107,-0.1107
23.9891,pi,6.2800,6.3576,-0.1105,-0.1105
23.9941,pi,6.2800,6.3203,-0.1113,-0.1113
23.9991,pi,6.2800,6.3359,-0.1109,-0.1109
24.0042,pi,6.2800,6.3486,-0.1107,-0.1107
24.0092,pi,6.2800,6.3586,-0.1105,-0.1105
24.0142,pi,6.2800,6.3209,-0.1112,-0.1112
24.0192,pi,6.2800,6.3364,-0.1109,-0.1109
24.0242,pi,6.2800,6.3490,-0.1106,-0.1106
24.0293,pi,6.2800,6.3589,-0.1104,-0.1104
24.0342,pi,6.2800,6.3671,-0.1102,-0.1102
24.0393,pi,6.2800,6.3503,-0.1105,-0.1105
24.0442,pi,6.2800,6.3366,-0.1108,-0.1108
24.0492,pi,6.2800,6.3255,-0.1110,-0.1110
24.0543,pi,6.2800,6.3167,-0.1112,-0.1112
24.0592,pi,6.2800,6.3098,-0.1113,-0.1113
24.0642,pi,6.2800,6.3044,-0.1114,-0.1114
24.0692,pi,6.2800,6.3000,-0.1115,-0.1115
24.0742,pi,6.2800,6.2964,-0.1115,-0.1115
24.0792,pi,6.2800,6.2937,-0.1116,-0.1116
24.0842,pi,6.2800,6.2412,-0.1126,-0.1126
24.0892,pi,6.2800,6.2271,-0.1129,-0.1129
24.0942,pi,6.2800,6.2156,-0.1132,-0.1132
24.0992,pi,6.2800,6.2521,-0.1125,-0.1125
24.1043,pi,6.2800,6.2356,-0.1128,-0.1128
24.1092,pi,6.2800,6.2682,-0.1122,-0.1122
24.1143,pi,6.2800,6.2711,-0.1121,-0.1121
24.1192,pi,6.2800,6.2963,-0.1116,-0.1116
24.1242,pi,6.2800,6.2708,-0.1121,-0.1121
24.1292,pi,6.2800,6.2963,-0.1116,-0.1116
24.1342,pi,6.2800,6.2707,-0.1121,-0.1121
24.1392,pi,6.2800,6.2730,-0.1121,-0.1121
24.1442,pi,6.2800,6.3251,-0.1110,-0.1110
24.1492,pi,6.2800,6.3165,-0.1112,-0.1112
24.1542,pi,6.2800,6.3600,-0.1103,-0.1103
24.1593,pi,6.2800,6.3437,-0.1106,-0.1106
24.1644,pi,6.2800,6.3813,-0.1098,-0.1098
24.1692,pi,6.2800,6.3612,-0.1102,-0.1102
24.1741,pi,6.2800,6.3956,-0.1095,-0.1095
24.1792,pi,6.2800,6.3726,-0.1099,-0.1099
24.1842,pi,6.2800,6.4049,-0.1092,-0.1092
24.1893,pi,6.2800,6.4303,-0.1087,-0.1087
24.1942,pi,6.2800,6.4008,-0.1093,-0.1093
24.1991,pi,6.2800,6.3546,-0.1102,-0.1102
24.2042,pi,6.2800,6.3633,-0.1100,-0.1100
24.2092,pi,6.2800,6.3245,-0.1107,-0.1107
24.2142,pi,6.2800,6.3397,-0.1104,-0.1104
24.2192,pi,6.2800,6.3060,-0.1111,-0.1111
24.2242,pi,6.2800,6.3248,-0.1107,-0.1107
24.2292,pi,6.2800,6.2938,-0.1113,-0.1113
24.2343,pi,6.2800,6.3147,-0.1109,-0.1109
24.2392,pi,6.2800,6.2851,-0.1115,-0.1115
24.2442,pi,6.2800,6.2624,-0.1119,-0.1119
24.2493,pi,6.2800,6.2665,-0.1119,-0.1119
24.2541,pi,6.2800,6.2928,-0.1113,-0.1113
24.2592,pi,6.2800,6.2682,-0.1118,-0.1118
24.2642,pi,6.2800,6.2942,-0.1113,-0.1113
24.2693,pi,6.2800,6.2918,-0.1113,-0.1113
24.2743,pi,6.2800,6.2896,-0.1114,-0.1114
24.2792,pi,6.2800,6.2881,-0.1114,-0.1114
24.2842,pi,6.2800,6.2871,-0.1114,-0.1114
24.2893,pi,6.2800,6.2861,-0.1114,-0.1114
24.2941,pi,6.2800,6.3088,-0.1110,-0.1110
24.2993,pi,6.2800,6.3035,-0.1111,-0.1111
24.3042,pi,6.2800,6.2992,-0.1112,-0.1112
24.3093,pi,6.2800,6.3446,-0.1102,-0.1102
24.3142,pi,6.2800,6.3323,-0.1105,-0.1105
24.3192,pi,6.2800,6.2996,-0.1111,-0.1111
24.3242,pi,6.2800,6.3193,-0.1107,-0.1107
24.3292,pi,6.2800,6.3352,-0.1104,-0.1104
24.3342,pi,6.2800,6.3248,-0.1106,-0.1106
24.3392,pi,6.2800,6.2934,-0.1112,-0.1112
24.3442,pi,6.2800,6.2913,-0.1112,-0.1112
24.3492,pi,6.2800,6.3125,-0.1108,-0.1108
24.3542,pi,6.2800,6.3297,-0.1105,-0.1105
24.3592,pi,6.2800,6.3435,-0.1102,-0.1102
24.3645,pi,6.2800,6.3313,-0.1104,-0.1104
24.3693,pi,6.2800,6.3716,-0.1096,-0.1096
24.3742,pi,6.2800,6.3539,-0.1099,-0.1099
24.3793,pi,6.2800,6.2889,-0.1112,-0.1112
24.3842,pi,6.2800,6.2875,-0.1112,-0.1112
24.3892,pi,6.2800,6.2638,-0.1117,-0.1117
24.3944,pi,6.2800,6.2908,-0.1112,-0.1112
24.3995,pi,6.2800,6.2382,-0.1122,-0.1122
24.4042,pi,6.2800,6.2472,-0.1121,-0.1121
24.4094,pi,6.2800,6.2036,-0.1129,-0.1129
24.4143,pi,6.2800,6.2194,-0.1126,-0.1126
24.4192,pi,6.2800,6.2092,-0.1129,-0.1129
24.4242,pi,6.2800,6.2015,-0.1130,-0.1130
24.4292,pi,6.2800,6.2410,-0.1123,-0.1123
24.4342,pi,6.2800,6.2727,-0.1116,-0.1116
24.4392,pi,6.2800,6.3250,-0.1106,-0.1106
24.4442,pi,6.2800,6.3162,-0.1107,-0.1107
24.4492,pi,6.2800,6.3320,-0.1104,-0.1104
24.4543,pi,6.2800,6.3221,-0.1106,-0.1106
24.4591,pi,6.2800,6.3372,-0.1103,-0.1103
24.4642,pi,6.2800,6.3496,-0.1100,-0.1100
24.4692,pi,6.2800,6.3593,-0.1098,-0.1098
24.4743,pi,6.2800,6.3437,-0.1101,-0.1101
24.4792,pi,6.2800,6.3312,-0.1103,-0.1103
24.4842,pi,6.2800,6.2983,-0.1110,-0.1110
24.4892,pi,6.2800,6.2952,-0.1110,-0.1110
24.4942,pi,6.2800,6.2928,-0.1111,-0.1111
24.4993,pi,6.2800,6.2908,-0.1111,-0.1111
24.5042,pi,6.2800,6.3392,-0.1101,-0.1101
24.5092,pi,6.2800,6.3509,-0.1099,-0.1099
24.5143,pi,6.2800,6.3869,-0.1091,-0.1091
24.5192,pi,6.2800,6.3661,-0.1095,-0.1095
24.5242,pi,6.2800,6.3725,-0.1094,-0.1094
24.5293,pi,6.2800,6.3545,-0.1097,-0.1097
24.5342,pi,6.2800,6.3631,-0.1095,-0.1095
24.5392,pi,6.2800,6.3699,-0.1094,-0.1094
24.5442,pi,6.2800,6.3756,-0.1092,-0.1092
24.5492,pi,6.2800,6.3800,-0.1091,-0.1091
24.5542,pi,6.2800,6.3838,-0.1090,-0.1090
24.5592,pi,6.2800,6.3414,-0.1099,-0.1099
24.5642,pi,6.2800,6.3529,-0.1096,-0.1096
24.5692,pi,6.2800,6.3169,-0.1103,-0.1103
24.5742,pi,6.2800,6.3334,-0.1100,-0.1100
24.5792,pi,6.2800,6.3003,-0.1106,-0.1106
24.5843,pi,6.2800,6.2969,-0.1107,-0.1107
24.5893,pi,6.2800,6.2940,-0.1108,-0.1108
24.5942,pi,6.2800,6.2917,-0.1108,-0.1108
24.5994,pi,6.2800,6.2897,-0.1108,-0.1108
24.6050,pi,6.2800,6.2880,-0.1109,-0.1109
24.6094,pi,6.2800,6.2868,-0.1109,-0.1109
24.6142,pi,6.2800,6.2856,-0.1109,-0.1109
24.6192,pi,6.2800,6.2850,-0.1109,-0.1109
24.6242,pi,6.2800,6.2844,-0.1109,-0.1109
24.6292,pi,6.2800,6.2609,-0.1114,-0.1114
24.6342,pi,6.2800,6.2883,-0.1109,-0.1109
24.6395,pi,6.2800,6.3373,-0.1099,-0.1099
24.6444,pi,6.2800,6.3259,-0.1101,-0.1101
24.6496,pi,6.2800,6.3675,-0.1092,-0.1092
24.6542,pi,6.2800,6.3736,-0.1091,-0.1091
24.6592,pi,6.2800,6.3789,-0.1089,-0.1089
24.6642,pi,6.2800,6.3830,-0.1088,-0.1088
24.6692,pi,6.2800,6.3862,-0.1088,-0.1088
24.6746,pi,6.2800,6.3649,-0.1092,-0.1092
24.6801,pi,6.2800,6.3985,-0.1085,-0.1085
24.6842,pi,6.2800,6.3752,-0.1089,-0.1089
24.6892,pi,6.2800,6.3797,-0.1088,-0.1088
24.6942,pi,6.2800,6.3387,-0.1096,-0.1096
24.6993,pi,6.2800,6.3270,-0.1098,-0.1098
24.7043,pi,6.2800,6.3181,-0.1100,-0.1100
24.7092,pi,6.2800,6.3105,-0.1101,-0.1101
24.7142,pi,6.2800,6.2824,-0.1107,-0.1107
24.7192,pi,6.2800,6.3056,-0.1102,-0.1102
24.7242,pi,6.2800,6.2783,-0.1108,-0.1108
24.7292,pi,6.2800,6.2570,-0.1112,-0.1112
24.7342,pi,6.2800,6.2399,-0.1115,-0.1115
24.7392,pi,6.2800,6.2720,-0.1109,-0.1109
24.7442,pi,6.2800,6.2739,-0.1109,-0.1109
24.7492,pi,6.2800,6.2527,-0.1113,-0.1113
24.7542,pi,6.2800,6.2372,-0.1116,-0.1116
24.7592,pi,6.2800,6.2240,-0.1119,-0.1119
24.7642,pi,6.2800,6.2138,-0.1121,-0.1121
24.7692,pi,6.2800,6.1769,-0.1129,-0.1129
24.7742,pi,6.2800,6.1978,-0.1125,-0.1125
24.7792,pi,6.2800,6.2649,-0.1111,-0.1111
24.7842,pi,6.2800,6.2683,-0.1111,-0.1111
24.7892,pi,6.2800,6.2205,-0.1121,-0.1121
24.7942,pi,6.2800,6.2330,-0.1118,-0.1118
24.7992,pi,6.2800,6.2932,-0.1106,-0.1106
24.8042,pi,6.2800,6.2909,-0.1106,-0.1106
24.8092,pi,6.2800,6.3120,-0.1102,-0.1102
24.8143,pi,6.2800,6.3059,-0.1103,-0.1103
24.8192,pi,6.2800,6.3239,-0.1100,-0.1100
24.8243,pi,6.2800,6.3158,-0.1101,-0.1101
24.8292,pi,6.2800,6.3323,-0.1098,-0.1098
24.8342,pi,6.2800,6.3455,-0.1095,-0.1095
24.8392,pi,6.2800,6.3559,-0.1093,-0.1093
24.8442,pi,6.2800,6.3413,-0.1095,-0.1095
24.8492,pi,6.2800,6.3526,-0.1093,-0.1093
24.8542,pi,6.2800,6.3158,-0.1100,-0.1100
24.8592,pi,6.2800,6.3091,-0.1102,-0.1102
24.8642,pi,6.2800,6.2810,-0.1107,-0.1107
24.8692,pi,6.2800,6.3044,-0.1102,-0.1102
24.8743,pi,6.2800,6.3000,-0.1103,-0.1103
24.8792,pi,6.2800,6.2966,-0.1104,-0.1104
24.8843,pi,6.2800,6.2427,-0.1115,-0.1115
24.8892,pi,6.2800,6.2281,-0.1118,-0.1118
24.8942,pi,6.2800,6.2162,-0.1120,-0.1120
24.8992,pi,6.2800,6.2296,-0.1118,-0.1118
24.9042,pi,6.2800,6.2175,-0.1120,-0.1120
24.9092,pi,6.2800,6.2537,-0.1113,-0.1113
24.9142,pi,6.2800,6.2827,-0.1107,-0.1107
24.9192,pi,6.2800,6.3057,-0.1103,-0.1103
24.9242,pi,6.2800,6.2783,-0.1108,-0.1108
24.9293,pi,6.2800,6.3024,-0.1103,-0.1103
24.9343,pi,6.2800,6.3212,-0.1099,-0.1099
24.9392,pi,6.2800,6.3131,-0.1101,-0.1101
24.9442,pi,6.2800,6.3298,-0.1098,-0.1098
24.9493,pi,6.2800,6.3204,-0.1099,-0.1099
24.9542,pi,6.2800,6.3358,-0.1096,-0.1096
24.9593,pi,6.2800,6.3251,-0.1098,-0.1098
24.9642,pi,6.2800,6.3166,-0.1100,-0.1100
24.9692,pi,6.2800,6.3099,-0.1101,-0.1101
24.9742,pi,6.2800,6.3548,-0.1092,-0.1092
24.9792,pi,6.2800,6.3401,-0.1095,-0.1095
24.9842,pi,6.2800,6.3515,-0.1092,-0.1092
24.9892,pi,6.2800,6.3153,-0.1099,-0.1099
24.9942,pi,6.2800,6.3322,-0.1096,-0.1096
24.9992,pi,6.2800,6.2996,-0.1102,-0.1102
25.0042,pi,6.2800,6.2459,-0.1113,-0.1113
25.0093,pi,6.2800,6.2534,-0.1112,-0.1112
25.0142,pi,6.2800,6.2593,-0.1111,-0.1111
25.0192,pi,6.2800,6.2640,-0.1110,-0.1110
25.0242,pi,6.2800,6.2174,-0.1119,-0.1119
25.0292,pi,6.2800,6.2078,-0.1121,-0.1121
25.0343,pi,6.2800,6.2226,-0.1118,-0.1118
25.0392,pi,6.2800,6.2343,-0.1116,-0.1116
25.0442,pi,6.2800,6.1934,-0.1125,-0.1125
25.0492,pi,6.2800,6.2112,-0.1121,-0.1121
25.0542,pi,6.2800,6.2757,-0.1108,-0.1108
25.0592,pi,6.2800,6.2772,-0.1108,-0.1108
25.0642,pi,6.2800,6.2781,-0.1108,-0.1108
25.0692,pi,6.2800,6.2784,-0.1108,-0.1108
25.0742,pi,6.2800,6.3294,-0.1097,-0.1097
25.0792,pi,6.2800,6.3192,-0.1099,-0.1099
25.0842,pi,6.2800,6.2890,-0.1105,-0.1105
25.0893,pi,6.2800,6.2652,-0.1110,-0.1110
25.0942,pi,6.2800,6.2918,-0.1105,-0.1105
25.0993,pi,6.2800,6.2901,-0.1105,-0.1105
25.1042,pi,6.2800,6.3116,-0.1101,-0.1101
25.1092,pi,6.2800,6.2831,-0.1106,-0.1106
25.1142,pi,6.2800,6.3060,-0.1102,-0.1102
25.1193,pi,6.2800,6.2785,-0.1107,-0.1107
25.1242,pi,6.2800,6.3028,-0.1102,-0.1102
25.1292,pi,6.2800,6.2764,-0.1108,-0.1108
25.1342,pi,6.2800,6.3015,-0.1103,-0.1103
25.1392,pi,6.2800,6.3209,-0.1099,-0.1099
25.1442,pi,6.2800,6.3365,-0.1095,-0.1095
25.1492,pi,6.2800,6.3031,-0.1102,-0.1102
25.1542,pi,6.2800,6.3222,-0.1098,-0.1098
25.1593,pi,6.2800,6.3138,-0.1100,-0.1100
25.1646,pi,6.2800,6.3072,-0.1101,-0.1101
25.1695,pi,6.2800,6.3013,-0.1102,-0.1102
25.1747,pi,6.2800,6.2972,-0.1103,-0.1103
25.1795,pi,6.2800,6.2935,-0.1104,-0.1104
25.1845,pi,6.2800,6.2911,-0.1104,-0.1104
25.1892,pi,6.2800,6.2890,-0.1104,-0.1104
25.1942,pi,6.2800,6.2877,-0.1105,-0.1105
25.1992,pi,6.2800,6.2867,-0.1105,-0.1105
25.2042,pi,6.2800,6.2856,-0.1105,-0.1105
25.2093,pi,6.2800,6.2621,-0.1110,-0.1110
25.2145,pi,6.2800,6.2661,-0.1109,-0.1109
25.2199,pi,6.2800,6.2466,-0.1113,-0.1113
25.2246,pi,6.2800,6.2536,-0.1112,-0.1112
25.2292,pi,6.2800,6.2369,-0.1115,-0.1115
25.2345,pi,6.2800,6.2459,-0.1113,-0.1113
25.2400,pi,6.2800,6.2524,-0.1112,-0.1112
25.2454,pi,6.2800,6.2579,-0.1111,-0.1111
25.2495,pi,6.2800,6.2629,-0.1110,-0.1110
25.2541,pi,6.2800,6.2898,-0.1105,-0.1105
25.2592,pi,6.2800,6.2661,-0.1110,-0.1110
25.2642,pi,6.2800,6.2924,-0.1104,-0.1104
25.2692,pi,6.2800,6.3143,-0.1100,-0.1100
25.2743,pi,6.2800,6.3315,-0.1096,-0.1096
25.2792,pi,6.2800,6.2998,-0.1102,-0.1102
25.2830,coast,6.2800,6.2998,0.0000,0.0000
