t_s,mode,target_rad_s,speed_rad_s,u,u_unsaturated
0.0919,coast,6.2800,0.0000,0.0000,0.0000
0.0939,pi,6.2800,0.0000,-0.1272,-0.1272
0.0984,pi,6.2800,0.0000,-0.1272,-0.1272
0.1026,pi,6.2800,0.0000,-0.1272,-0.1272
0.1068,pi,6.2800,0.0000,-0.1272,-0.1272
0.1108,pi,6.2800,0.0000,-0.1272,-0.1272
0.1146,pi,6.2800,0.0000,-0.1272,-0.1272
0.1184,pi,6.2800,0.0714,-0.1257,-0.1257
0.1222,pi,6.2800,0.1822,-0.1235,-0.1235
0.1260,pi,6.2800,0.3680,-0.1197,-0.1197
0.1299,pi,6.2800,0.5461,-0.1161,-0.1161
0.1337,pi,6.2800,0.7382,-0.1122,-0.1122
0.1375,pi,6.2800,0.9924,-0.1071,-0.1071
0.1413,pi,6.2800,1.2497,-0.1019,-0.1019
0.1451,pi,6.2800,1.5029,-0.0967,-0.0967
0.1490,pi,6.2800,1.7961,-0.0908,-0.0908
0.1528,pi,6.2800,2.1226,-0.0842,-0.0842
0.1565,pi,6.2800,2.4762,-0.0770,-0.0770
0.1605,pi,6.2800,2.8043,-0.0704,-0.0704
0.1644,pi,6.2800,3.1120,-0.0642,-0.0642
0.1689,pi,6.2800,3.3456,-0.0594,-0.0594
0.1736,pi,6.2800,3.5441,-0.0554,-0.0554
0.1787,pi,6.2800,3.7409,-0.0514,-0.0514
0.1834,pi,6.2800,3.8965,-0.0483,-0.0483
0.1884,pi,6.2800,3.9852,-0.0465,-0.0465
0.1935,pi,6.2800,4.0427,-0.0453,-0.0453
0.1984,pi,6.2800,4.0887,-0.0444,-0.0444
0.2035,pi,6.2800,4.0935,-0.0443,-0.0443
0.2086,pi,6.2800,4.0280,-0.0456,-0.0456
0.2135,pi,6.2800,3.9258,-0.0477,-0.0477
0.2186,pi,6.2800,3.8439,-0.0493,-0.0493
0.2234,pi,6.2800,3.7789,-0.0506,-0.0506
0.2286,pi,6.2800,3.6758,-0.0527,-0.0527
0.2335,pi,6.2800,3.5446,-0.0554,-0.0554
0.2384,pi,6.2800,3.4889,-0.0565,-0.0565
0.2434,pi,6.2800,3.4445,-0.0574,-0.0574
0.2484,pi,6.2800,3.3585,-0.0592,-0.0592
0.2535,pi,6.2800,3.3401,-0.0595,-0.0595
0.2584,pi,6.2800,3.3117,-0.0601,-0.0601
0.2635,pi,6.2800,3.2893,-0.0606,-0.0606
0.2685,pi,6.2800,3.3170,-0.0600,-0.0600
0.2737,pi,6.2800,3.3570,-0.0592,-0.0592
0.2784,pi,6.2800,3.3707,-0.0589,-0.0589
0.2836,pi,6.2800,3.4000,-0.0583,-0.0583
0.2886,pi,6.2800,3.3735,-0.0589,-0.0589
0.2935,pi,6.2800,3.3519,-0.0593,-0.0593
0.2984,pi,6.2800,3.3669,-0.0590,-0.0590
0.3034,pi,6.2800,3.3792,-0.0587,-0.0587
0.3085,pi,6.2800,3.3567,-0.0592,-0.0592
0.3135,pi,6.2800,3.3890,-0.0585,-0.0585
0.3185,pi,6.2800,3.3647,-0.0590,-0.0590
0.3235,pi,6.2800,3.3308,-0.0597,-0.0597
0.3286,pi,6.2800,3.2597,-0.0612,-0.0612
0.3335,pi,6.2800,3.2479,-0.0614,-0.0614
0.3385,pi,6.2800,3.2383,-0.0616,-0.0616
0.3435,pi,6.2800,3.2304,-0.0618,-0.0618
0.3485,pi,6.2800,3.1873,-0.0626,-0.0626
0.3535,pi,6.2800,3.2032,-0.0623,-0.0623
0.3584,pi,6.2800,3.2160,-0.0620,-0.0620
0.3635,pi,6.2800,3.2125,-0.0621,-0.0621
0.3685,pi,6.2800,3.2234,-0.0619,-0.0619
0.3735,pi,6.2800,3.2185,-0.0620,-0.0620
0.3785,pi,6.2800,3.2282,-0.0618,-0.0618
0.3834,pi,6.2800,3.2360,-0.0616,-0.0616
0.3885,pi,6.2800,3.2287,-0.0618,-0.0618
0.3934,pi,6.2800,3.2684,-0.0610,-0.0610
0.3984,pi,6.2800,3.3003,-0.0603,-0.0603
0.4035,pi,6.2800,3.2936,-0.0605,-0.0605
0.4084,pi,6.2800,3.3204,-0.0599,-0.0599
0.4135,pi,6.2800,3.3600,-0.0591,-0.0591
0.4184,pi,6.2800,3.4191,-0.0579,-0.0579
0.4234,pi,6.2800,3.4208,-0.0579,-0.0579
0.4284,pi,6.2800,3.4221,-0.0579,-0.0579
0.4334,pi,6.2800,3.4232,-0.0578,-0.0578
0.4385,pi,6.2800,3.4422,-0.0575,-0.0575
0.4434,pi,6.2800,3.4070,-0.0582,-0.0582
0.4484,pi,6.2800,3.3653,-0.0590,-0.0590
0.4534,pi,6.2800,3.3778,-0.0588,-0.0588
0.4585,pi,6.2800,3.3556,-0.0592,-0.0592
0.4635,pi,6.2800,3.3379,-0.0596,-0.0596
0.4684,pi,6.2800,3.3559,-0.0592,-0.0592
0.4735,pi,6.2800,3.3381,-0.0596,-0.0596
0.4785,pi,6.2800,3.3101,-0.0601,-0.0601
0.4834,pi,6.2800,3.3336,-0.0597,-0.0597
0.4885,pi,6.2800,3.3203,-0.0599,-0.0599
0.4935,pi,6.2800,3.2960,-0.0604,-0.0604
0.4985,pi,6.2800,3.2902,-0.0605,-0.0605
0.5034,pi,6.2800,3.2855,-0.0606,-0.0606
0.5085,pi,6.2800,3.2681,-0.0610,-0.0610
0.5135,pi,6.2800,3.3182,-0.0600,-0.0600
0.5184,pi,6.2800,3.3079,-0.0602,-0.0602
0.5235,pi,6.2800,3.2998,-0.0603,-0.0603
0.5284,pi,6.2800,3.3253,-0.0598,-0.0598
0.5335,pi,6.2800,3.3136,-0.0601,-0.0601
0.5385,pi,6.2800,3.2906,-0.0605,-0.0605
0.5434,pi,6.2800,3.3180,-0.0600,-0.0600
0.5484,pi,6.2800,3.3398,-0.0595,-0.0595
0.5535,pi,6.2800,3.3253,-0.0598,-0.0598
0.5584,pi,6.2800,3.3457,-0.0594,-0.0594
0.5635,pi,6.2800,3.3300,-0.0597,-0.0597
0.5685,pi,6.2800,3.3173,-0.0600,-0.0600
0.5734,pi,6.2800,3.3393,-0.0595,-0.0595
0.5785,pi,6.2800,3.3248,-0.0598,-0.0598
0.5835,pi,6.2800,3.3133,-0.0601,-0.0601
0.5886,pi,6.2800,3.3542,-0.0592,-0.0592
0.5934,pi,6.2800,3.3364,-0.0596,-0.0596
0.5985,pi,6.2800,3.3218,-0.0599,-0.0599
0.6034,pi,6.2800,3.3428,-0.0595,-0.0595
0.6084,pi,6.2800,3.3598,-0.0591,-0.0591
0.6135,pi,6.2800,3.3915,-0.0585,-0.0585
0.6184,pi,6.2800,3.3986,-0.0583,-0.0583
0.6235,pi,6.2800,3.3722,-0.0589,-0.0589
0.6284,pi,6.2800,3.3376,-0.0596,-0.0596
0.6334,pi,6.2800,3.3557,-0.0592,-0.0592
0.6384,pi,6.2800,3.3702,-0.0589,-0.0589
0.6435,pi,6.2800,3.3816,-0.0587,-0.0587
0.6485,pi,6.2800,3.3909,-0.0585,-0.0585
0.6534,pi,6.2800,3.3660,-0.0590,-0.0590
0.6585,pi,6.2800,3.3459,-0.0594,-0.0594
0.6634,pi,6.2800,3.3620,-0.0591,-0.0591
0.6684,pi,6.2800,3.3294,-0.0597,-0.0597
0.6735,pi,6.2800,3.3490,-0.0594,-0.0594
0.6785,pi,6.2800,3.3827,-0.0587,-0.0587
0.6834,pi,6.2800,3.3592,-0.0591,-0.0591
0.6885,pi,6.2800,3.3907,-0.0585,-0.0585
0.6934,pi,6.2800,3.3978,-0.0584,-0.0584
0.6987,pi,6.2800,3.3716,-0.0589,-0.0589
0.7035,pi,6.2800,3.3505,-0.0593,-0.0593
0.7084,pi,6.2800,3.3657,-0.0590,-0.0590
0.7135,pi,6.2800,3.3459,-0.0594,-0.0594
0.7184,pi,6.2800,3.3165,-0.0600,-0.0600
0.7234,pi,6.2800,3.2930,-0.0605,-0.0605
0.7287,pi,6.2800,3.2742,-0.0609,-0.0609
0.7335,pi,6.2800,3.2727,-0.0609,-0.0609
0.7385,pi,6.2800,3.2581,-0.0612,-0.0612
0.7436,pi,6.2800,3.2596,-0.0612,-0.0612
0.7484,pi,6.2800,3.2474,-0.0614,-0.0614
0.7536,pi,6.2800,3.2376,-0.0616,-0.0616
0.7584,pi,6.2800,3.2757,-0.0608,-0.0608
0.7638,pi,6.2800,3.2740,-0.0609,-0.0609
0.7687,pi,6.2800,3.2723,-0.0609,-0.0609
0.7739,pi,6.2800,3.3213,-0.0599,-0.0599
0.7789,pi,6.2800,3.3100,-0.0601,-0.0601
0.7842,pi,6.2800,3.3014,-0.0603,-0.0603
0.7895,pi,6.2800,3.3443,-0.0595,-0.0595
0.7940,pi,6.2800,3.3606,-0.0591,-0.0591
0.7985,pi,6.2800,3.3418,-0.0595,-0.0595
0.8034,pi,6.2800,3.3589,-0.0591,-0.0591
0.8084,pi,6.2800,3.3728,-0.0589,-0.0589
0.8134,pi,6.2800,3.3379,-0.0596,-0.0596
0.8185,pi,6.2800,3.3560,-0.0592,-0.0592
0.8235,pi,6.2800,3.3379,-0.0596,-0.0596
0.8285,pi,6.2800,3.3103,-0.0601,-0.0601
0.8335,pi,6.2800,3.3341,-0.0597,-0.0597
0.8385,pi,6.2800,3.3530,-0.0593,-0.0593
0.8435,pi,6.2800,3.3226,-0.0599,-0.0599
0.8484,pi,6.2800,3.3437,-0.0595,-0.0595
0.8535,pi,6.2800,3.3284,-0.0598,-0.0598
0.8585,pi,6.2800,3.3160,-0.0600,-0.0600
0.8634,pi,6.2800,3.3381,-0.0596,-0.0596
0.8685,pi,6.2800,3.3239,-0.0599,-0.0599
0.8734,pi,6.2800,3.2988,-0.0604,-0.0604
0.8784,pi,6.2800,3.3249,-0.0598,-0.0598
0.8834,pi,6.2800,3.3454,-0.0594,-0.0594
0.8885,pi,6.2800,3.3298,-0.0597,-0.0597
0.8934,pi,6.2800,3.3492,-0.0593,-0.0593
0.8985,pi,6.2800,3.3328,-0.0597,-0.0597
0.9035,pi,6.2800,3.3197,-0.0599,-0.0599
0.9084,pi,6.2800,3.3412,-0.0595,-0.0595
0.9135,pi,6.2800,3.3264,-0.0598,-0.0598
0.9184,pi,6.2800,3.3008,-0.0603,-0.0603
0.9234,pi,6.2800,3.3261,-0.0598,-0.0598
0.9285,pi,6.2800,3.3142,-0.0601,-0.0601
0.9334,pi,6.2800,3.3048,-0.0602,-0.0602
0.9384,pi,6.2800,3.3293,-0.0598,-0.0598
0.9435,pi,6.2800,3.3168,-0.0600,-0.0600
0.9484,pi,6.2800,3.3068,-0.0602,-0.0602
0.9534,pi,6.2800,3.3308,-0.0597,-0.0597
0.9585,pi,6.2800,3.3181,-0.0600,-0.0600
0.9635,pi,6.2800,3.3078,-0.0602,-0.0602
0.9688,pi,6.2800,3.3498,-0.0593,-0.0593
0.9739,pi,6.2800,3.3333,-0.0597,-0.0597
0.9789,pi,6.2800,3.3520,-0.0593,-0.0593
0.9834,pi,6.2800,3.3671,-0.0590,-0.0590
0.9885,pi,6.2800,3.3794,-0.0587,-0.0587
0.9936,pi,6.2800,3.4072,-0.0582,-0.0582
0.9984,pi,6.2800,3.4112,-0.0581,-0.0581
1.0036,pi,6.2800,3.3824,-0.0587,-0.0587
1.0085,pi,6.2800,3.4096,-0.0581,-0.0581
1.0135,pi,6.2800,3.4314,-0.0577,-0.0577
1.0185,pi,6.2800,3.4306,-0.0577,-0.0577
1.0234,pi,6.2800,3.4303,-0.0577,-0.0577
1.0285,pi,6.2800,3.3965,-0.0584,-0.0584
1.0334,pi,6.2800,3.3708,-0.0589,-0.0589
1.0385,pi,6.2800,3.3498,-0.0593,-0.0593
1.0434,pi,6.2800,3.3650,-0.0590,-0.0590
1.0486,pi,6.2800,3.3453,-0.0594,-0.0594
1.0536,pi,6.2800,3.3294,-0.0598,-0.0598
1.0590,pi,6.2800,3.3164,-0.0600,-0.0600
1.0643,pi,6.2800,3.3057,-0.0602,-0.0602
1.0690,pi,6.2800,3.2973,-0.0604,-0.0604
1.0742,pi,6.2800,3.2895,-0.0606,-0.0606
1.0787,pi,6.2800,3.2714,-0.0609,-0.0609
1.0835,pi,6.2800,3.2706,-0.0609,-0.0609
1.0885,pi,6.2800,3.3201,-0.0599,-0.0599
1.0934,pi,6.2800,3.3095,-0.0602,-0.0602
1.0985,pi,6.2800,3.2874,-0.0606,-0.0606
1.1035,pi,6.2800,3.3154,-0.0600,-0.0600
1.1088,pi,6.2800,3.3379,-0.0596,-0.0596
1.1136,pi,6.2800,3.3099,-0.0601,-0.0601
1.1184,pi,6.2800,3.3342,-0.0596,-0.0596
1.1234,pi,6.2800,3.3536,-0.0593,-0.0593
1.1284,pi,6.2800,3.3241,-0.0599,-0.0599
1.1334,pi,6.2800,3.3450,-0.0594,-0.0594
1.1385,pi,6.2800,3.3617,-0.0591,-0.0591
1.1435,pi,6.2800,3.3293,-0.0598,-0.0598
1.1484,pi,6.2800,3.3490,-0.0594,-0.0594
1.1534,pi,6.2800,3.3647,-0.0590,-0.0590
1.1584,pi,6.2800,3.3319,-0.0597,-0.0597
1.1635,pi,6.2800,3.3509,-0.0593,-0.0593
1.1685,pi,6.2800,3.3342,-0.0596,-0.0596
1.1734,pi,6.2800,3.3206,-0.0599,-0.0599
1.1784,pi,6.2800,3.3419,-0.0595,-0.0595
1.1835,pi,6.2800,3.3269,-0.0598,-0.0598
1.1885,pi,6.2800,3.3146,-0.0601,-0.0601
1.1934,pi,6.2800,3.3552,-0.0592,-0.0592
1.1984,pi,6.2800,3.3375,-0.0596,-0.0596
1.2035,pi,6.2800,3.3233,-0.0599,-0.0599
1.2094,pi,6.2800,3.3619,-0.0591,-0.0591
1.2145,pi,6.2800,3.3426,-0.0595,-0.0595
1.2197,pi,6.2800,3.3772,-0.0588,-0.0588
1.2254,pi,6.2800,3.4052,-0.0582,-0.0582
1.2299,pi,6.2800,3.3772,-0.0588,-0.0588
1.2344,pi,6.2800,3.4052,-0.0582,-0.0582
1.2389,pi,6.2800,3.4279,-0.0578,-0.0578
1.2435,pi,6.2800,3.3957,-0.0584,-0.0584
1.2484,pi,6.2800,3.3699,-0.0589,-0.0589
1.2534,pi,6.2800,3.3813,-0.0587,-0.0587
1.2585,pi,6.2800,3.3906,-0.0585,-0.0585
1.2637,pi,6.2800,3.3522,-0.0593,-0.0593
1.2686,pi,6.2800,3.3674,-0.0590,-0.0590
1.2736,pi,6.2800,3.3463,-0.0594,-0.0594
1.2785,pi,6.2800,3.3301,-0.0597,-0.0597
1.2834,pi,6.2800,3.3496,-0.0593,-0.0593
1.2886,pi,6.2800,3.3194,-0.0600,-0.0600
1.2946,pi,6.2800,3.3078,-0.0602,-0.0602
1.2998,pi,6.2800,3.3487,-0.0594,-0.0594
1.3046,pi,6.2800,3.3312,-0.0597,-0.0597
1.3112,pi,6.2800,3.3168,-0.0600,-0.0600
1.3182,pi,6.2800,3.3551,-0.0592,-0.0592
1.3232,pi,6.2800,3.3349,-0.0596,-0.0596
1.3280,pi,6.2800,3.3212,-0.0599,-0.0599
1.3327,pi,6.2800,3.3601,-0.0591,-0.0591
1.3372,pi,6.2800,3.3412,-0.0595,-0.0595
1.3414,pi,6.2800,3.3245,-0.0599,-0.0599
1.3456,pi,6.2800,3.3445,-0.0594,-0.0594
1.3496,pi,6.2800,3.3620,-0.0591,-0.0591
1.3535,pi,6.2800,3.3303,-0.0597,-0.0597
1.3584,pi,6.2800,3.3509,-0.0593,-0.0593
1.3634,pi,6.2800,3.3677,-0.0590,-0.0590
1.3686,pi,6.2800,3.3363,-0.0596,-0.0596
1.3734,pi,6.2800,3.3573,-0.0592,-0.0592
1.3784,pi,6.2800,3.3727,-0.0589,-0.0589
1.3835,pi,6.2800,3.3389,-0.0596,-0.0596
1.3885,pi,6.2800,3.3570,-0.0592,-0.0592
1.3935,pi,6.2800,3.3726,-0.0589,-0.0589
1.3985,pi,6.2800,3.3381,-0.0596,-0.0596
1.4034,pi,6.2800,3.3562,-0.0592,-0.0592
1.4087,pi,6.2800,3.3381,-0.0596,-0.0596
1.4141,pi,6.2800,3.3231,-0.0599,-0.0599
1.4190,pi,6.2800,3.3617,-0.0591,-0.0591
1.4235,pi,6.2800,3.3427,-0.0595,-0.0595
1.4284,pi,6.2800,3.3139,-0.0601,-0.0601
1.4334,pi,6.2800,3.3367,-0.0596,-0.0596
1.4384,pi,6.2800,3.3548,-0.0592,-0.0592
1.4435,pi,6.2800,3.3372,-0.0596,-0.0596
1.4485,pi,6.2800,3.3733,-0.0589,-0.0589
1.4534,pi,6.2800,3.3520,-0.0593,-0.0593
1.4585,pi,6.2800,3.3349,-0.0596,-0.0596
1.4634,pi,6.2800,3.3535,-0.0593,-0.0593
1.4685,pi,6.2800,3.3688,-0.0590,-0.0590
1.4735,pi,6.2800,3.3351,-0.0596,-0.0596
1.4785,pi,6.2800,3.3537,-0.0593,-0.0593
1.4835,pi,6.2800,3.3364,-0.0596,-0.0596
1.4885,pi,6.2800,3.3224,-0.0599,-0.0599
1.4934,pi,6.2800,3.3434,-0.0595,-0.0595
1.4985,pi,6.2800,3.3604,-0.0591,-0.0591
1.5035,pi,6.2800,3.3283,-0.0598,-0.0598
1.5084,pi,6.2800,3.3482,-0.0594,-0.0594
1.5135,pi,6.2800,3.3643,-0.0590,-0.0590
1.5185,pi,6.2800,3.3312,-0.0597,-0.0597
1.5234,pi,6.2800,3.3504,-0.0593,-0.0593
1.5284,pi,6.2800,3.3658,-0.0590,-0.0590
1.5335,pi,6.2800,3.3461,-0.0594,-0.0594
1.5384,pi,6.2800,3.3624,-0.0591,-0.0591
1.5435,pi,6.2800,3.3433,-0.0595,-0.0595
1.5485,pi,6.2800,3.3280,-0.0598,-0.0598
1.5534,pi,6.2800,3.3479,-0.0594,-0.0594
1.5584,pi,6.2800,3.3639,-0.0591,-0.0591
1.5635,pi,6.2800,3.3443,-0.0595,-0.0595
1.5685,pi,6.2800,3.3790,-0.0587,-0.0587
1.5735,pi,6.2800,3.3565,-0.0592,-0.0592
1.5785,pi,6.2800,3.3888,-0.0585,-0.0585
1.5835,pi,6.2800,3.4147,-0.0580,-0.0580
1.5885,pi,6.2800,3.3850,-0.0586,-0.0586
1.5935,pi,6.2800,3.4116,-0.0581,-0.0581
1.5985,pi,6.2800,3.4329,-0.0577,-0.0577
1.6035,pi,6.2800,3.3996,-0.0583,-0.0583
1.6085,pi,6.2800,3.4233,-0.0578,-0.0578
1.6134,pi,6.2800,3.4238,-0.0578,-0.0578
1.6185,pi,6.2800,3.3925,-0.0585,-0.0585
1.6234,pi,6.2800,3.3537,-0.0593,-0.0593
1.6285,pi,6.2800,3.3364,-0.0596,-0.0596
1.6335,pi,6.2800,3.3225,-0.0599,-0.0599
1.6385,pi,6.2800,3.3115,-0.0601,-0.0601
1.6435,pi,6.2800,3.3025,-0.0603,-0.0603
1.6485,pi,6.2800,3.2955,-0.0604,-0.0604
1.6535,pi,6.2800,3.2898,-0.0606,-0.0606
1.6585,pi,6.2800,3.2852,-0.0606,-0.0606
1.6634,pi,6.2800,3.2679,-0.0610,-0.0610
1.6685,pi,6.2800,3.3180,-0.0600,-0.0600
1.6734,pi,6.2800,3.3398,-0.0595,-0.0595
1.6785,pi,6.2800,3.3253,-0.0598,-0.0598
1.6835,pi,6.2800,3.3638,-0.0591,-0.0591
1.6885,pi,6.2800,3.3946,-0.0584,-0.0584
1.6935,pi,6.2800,3.3690,-0.0589,-0.0589
1.6984,pi,6.2800,3.3351,-0.0596,-0.0596
1.7035,pi,6.2800,3.3716,-0.0589,-0.0589
1.7085,pi,6.2800,3.3508,-0.0593,-0.0593
1.7135,pi,6.2800,3.3339,-0.0597,-0.0597
1.7184,pi,6.2800,3.3526,-0.0593,-0.0593
1.7235,pi,6.2800,3.3219,-0.0599,-0.0599
1.7285,pi,6.2800,3.3430,-0.0595,-0.0595
1.7335,pi,6.2800,3.3599,-0.0591,-0.0591
1.7385,pi,6.2800,3.3413,-0.0595,-0.0595
1.7434,pi,6.2800,3.3585,-0.0592,-0.0592
1.7485,pi,6.2800,3.3904,-0.0585,-0.0585
1.7534,pi,6.2800,3.3977,-0.0584,-0.0584
1.7585,pi,6.2800,3.4040,-0.0582,-0.0582
1.7635,pi,6.2800,3.4086,-0.0581,-0.0581
1.7685,pi,6.2800,3.3803,-0.0587,-0.0587
1.7735,pi,6.2800,3.3898,-0.0585,-0.0585
1.7785,pi,6.2800,3.3652,-0.0590,-0.0590
1.7835,pi,6.2800,3.3456,-0.0594,-0.0594
1.7885,pi,6.2800,3.3298,-0.0597,-0.0597
1.7934,pi,6.2800,3.3173,-0.0600,-0.0600
1.7985,pi,6.2800,3.3073,-0.0602,-0.0602
1.8035,pi,6.2800,3.3312,-0.0597,-0.0597
1.8085,pi,6.2800,3.3183,-0.0600,-0.0600
1.8134,pi,6.2800,3.3081,-0.0602,-0.0602
1.8184,pi,6.2800,3.3320,-0.0597,-0.0597
1.8235,pi,6.2800,3.3190,-0.0600,-0.0600
1.8284,pi,6.2800,3.2949,-0.0604,-0.0604
1.8334,pi,6.2800,3.3214,-0.0599,-0.0599
1.8384,pi,6.2800,3.3426,-0.0595,-0.0595
1.8435,pi,6.2800,3.3596,-0.0591,-0.0591
1.8484,pi,6.2800,3.3732,-0.0589,-0.0589
1.8534,pi,6.2800,3.3840,-0.0586,-0.0586
1.8585,pi,6.2800,3.3470,-0.0594,-0.0594
1.8634,pi,6.2800,3.3632,-0.0591,-0.0591
1.8685,pi,6.2800,3.3439,-0.0595,-0.0595
1.8734,pi,6.2800,3.3606,-0.0591,-0.0591
1.8784,pi,6.2800,3.3739,-0.0588,-0.0588
1.8835,pi,6.2800,3.3525,-0.0593,-0.0593
1.8884,pi,6.2800,3.3674,-0.0590,-0.0590
1.8935,pi,6.2800,3.3977,-0.0584,-0.0584
1.8985,pi,6.2800,3.3711,-0.0589,-0.0589
1.9034,pi,6.2800,3.3823,-0.0587,-0.0587
1.9085,pi,6.2800,3.3913,-0.0585,-0.0585
1.9135,pi,6.2800,3.3664,-0.0590,-0.0590
1.9184,pi,6.2800,3.3785,-0.0588,-0.0588
1.9235,pi,6.2800,3.3884,-0.0586,-0.0586
1.9285,pi,6.2800,3.3640,-0.0591,-0.0591
1.9335,pi,6.2800,3.3446,-0.0594,-0.0594
1.9385,pi,6.2800,3.3291,-0.0598,-0.0598
1.9434,pi,6.2800,3.3030,-0.0603,-0.0603
1.9485,pi,6.2800,3.3462,-0.0594,-0.0594
1.9534,pi,6.2800,3.3305,-0.0597,-0.0597
1.9585,pi,6.2800,3.3177,-0.0600,-0.0600
1.9634,pi,6.2800,3.3396,-0.0595,-0.0595
1.9685,pi,6.2800,3.3252,-0.0598,-0.0598
1.9735,pi,6.2800,3.3134,-0.0601,-0.0601
1.9784,pi,6.2800,3.2904,-0.0605,-0.0605
1.9834,pi,6.2800,3.3179,-0.0600,-0.0600
1.9885,pi,6.2800,3.3077,-0.0602,-0.0602
1.9936,pi,6.2800,3.2993,-0.0604,-0.0604
1.9984,pi,6.2800,3.3247,-0.0598,-0.0598
2.0034,pi,6.2800,3.3002,-0.0603,-0.0603
2.0084,pi,6.2800,3.2800,-0.0607,-0.0607
2.0134,pi,6.2800,3.3097,-0.0601,-0.0601
2.0184,pi,6.2800,3.2876,-0.0606,-0.0606
2.0234,pi,6.2800,3.3157,-0.0600,-0.0600
2.0284,pi,6.2800,3.3382,-0.0596,-0.0596
2.0334,pi,6.2800,3.3563,-0.0592,-0.0592
2.0384,pi,6.2800,3.3706,-0.0589,-0.0589
2.0434,pi,6.2800,3.3821,-0.0587,-0.0587
2.0485,pi,6.2800,3.3915,-0.0585,-0.0585
2.0535,pi,6.2800,3.3660,-0.0590,-0.0590
2.0584,pi,6.2800,3.3782,-0.0588,-0.0588
2.0635,pi,6.2800,3.3559,-0.0592,-0.0592
2.0685,pi,6.2800,3.3381,-0.0596,-0.0596
2.0735,pi,6.2800,3.3236,-0.0599,-0.0599
2.0784,pi,6.2800,3.3122,-0.0601,-0.0601
2.0835,pi,6.2800,3.2896,-0.0606,-0.0606
2.0885,pi,6.2800,3.2850,-0.0606,-0.0606
2.0934,pi,6.2800,3.2814,-0.0607,-0.0607
2.0984,pi,6.2800,3.3106,-0.0601,-0.0601
2.1035,pi,6.2800,3.3340,-0.0597,-0.0597
2.1085,pi,6.2800,3.3204,-0.0599,-0.0599
2.1137,pi,6.2800,3.3597,-0.0591,-0.0591
2.1184,pi,6.2800,3.3910,-0.0585,-0.0585
2.1234,pi,6.2800,3.3981,-0.0584,-0.0584
2.1285,pi,6.2800,3.4222,-0.0579,-0.0579
2.1334,pi,6.2800,3.4413,-0.0575,-0.0575
2.1384,pi,6.2800,3.4062,-0.0582,-0.0582
2.1434,pi,6.2800,3.4286,-0.0577,-0.0577
2.1484,pi,6.2800,3.3960,-0.0584,-0.0584
2.1534,pi,6.2800,3.3700,-0.0589,-0.0589
2.1585,pi,6.2800,3.3355,-0.0596,-0.0596
2.1635,pi,6.2800,3.3539,-0.0593,-0.0593
2.1685,pi,6.2800,3.3229,-0.0599,-0.0599
2.1735,pi,6.2800,3.3440,-0.0595,-0.0595
2.1785,pi,6.2800,3.3286,-0.0598,-0.0598
2.1835,pi,6.2800,3.3027,-0.0603,-0.0603
2.1886,pi,6.2800,3.3459,-0.0594,-0.0594
2.1935,pi,6.2800,3.3299,-0.0597,-0.0597
2.1984,pi,6.2800,3.3037,-0.0603,-0.0603
2.2035,pi,6.2800,3.3466,-0.0594,-0.0594
2.2085,pi,6.2800,3.3810,-0.0587,-0.0587
2.2135,pi,6.2800,3.3582,-0.0592,-0.0592
2.2184,pi,6.2800,3.3719,-0.0589,-0.0589
2.2234,pi,6.2800,3.3831,-0.0587,-0.0587
2.2285,pi,6.2800,3.3598,-0.0591,-0.0591
2.2334,pi,6.2800,3.3411,-0.0595,-0.0595
2.2385,pi,6.2800,3.3582,-0.0592,-0.0592
2.2436,pi,6.2800,3.3398,-0.0595,-0.0595
2.2485,pi,6.2800,3.3251,-0.0598,-0.0598
2.2534,pi,6.2800,3.3455,-0.0594,-0.0594
2.2585,pi,6.2800,3.3297,-0.0597,-0.0597
2.2635,pi,6.2800,3.3171,-0.0600,-0.0600
2.2684,pi,6.2800,3.3393,-0.0595,-0.0595
2.2735,pi,6.2800,3.3246,-0.0599,-0.0599
2.2784,pi,6.2800,3.2994,-0.0604,-0.0604
2.2834,pi,6.2800,3.3250,-0.0598,-0.0598
2.2886,pi,6.2800,3.3134,-0.0601,-0.0601
2.2935,pi,6.2800,3.2903,-0.0605,-0.0605
2.2985,pi,6.2800,3.2722,-0.0609,-0.0609
2.3035,pi,6.2800,3.2712,-0.0609,-0.0609
2.3085,pi,6.2800,3.2698,-0.0610,-0.0610
2.3135,pi,6.2800,3.2688,-0.0610,-0.0610
2.3185,pi,6.2800,3.2679,-0.0610,-0.0610
2.3234,pi,6.2800,3.2540,-0.0613,-0.0613
2.3285,pi,6.2800,3.2889,-0.0606,-0.0606
2.3334,pi,6.2800,3.3166,-0.0600,-0.0600
2.3385,pi,6.2800,3.2930,-0.0605,-0.0605
2.3435,pi,6.2800,3.3199,-0.0599,-0.0599
2.3485,pi,6.2800,3.3415,-0.0595,-0.0595
2.3535,pi,6.2800,3.3768,-0.0588,-0.0588
2.3584,pi,6.2800,3.3869,-0.0586,-0.0586
2.3635,pi,6.2800,3.3955,-0.0584,-0.0584
2.3684,pi,6.2800,3.4483,-0.0573,-0.0573
2.3735,pi,6.2800,3.4445,-0.0574,-0.0574
2.3785,pi,6.2800,3.4089,-0.0581,-0.0581
2.3835,pi,6.2800,3.3669,-0.0590,-0.0590
2.3884,pi,6.2800,3.3791,-0.0587,-0.0587
2.3935,pi,6.2800,3.3888,-0.0585,-0.0585
2.3985,pi,6.2800,3.3509,-0.0593,-0.0593
2.4034,pi,6.2800,3.3665,-0.0590,-0.0590
2.4084,pi,6.2800,3.3331,-0.0597,-0.0597
2.4134,pi,6.2800,3.3064,-0.0602,-0.0602
2.4185,pi,6.2800,3.2850,-0.0607,-0.0607
2.4234,pi,6.2800,3.2679,-0.0610,-0.0610
2.4284,pi,6.2800,3.2541,-0.0613,-0.0613
2.4335,pi,6.2800,3.2563,-0.0612,-0.0612
2.4384,pi,6.2800,3.2584,-0.0612,-0.0612
2.4435,pi,6.2800,3.2598,-0.0612,-0.0612
2.4484,pi,6.2800,3.2932,-0.0605,-0.0605
2.4535,pi,6.2800,3.2876,-0.0606,-0.0606
2.4584,pi,6.2800,3.2698,-0.0610,-0.0610
2.4635,pi,6.2800,3.3014,-0.0603,-0.0603
2.4684,pi,6.2800,3.3265,-0.0598,-0.0598
2.4735,pi,6.2800,3.3924,-0.0585,-0.0585
2.4784,pi,6.2800,3.3994,-0.0583,-0.0583
2.4835,pi,6.2800,3.4050,-0.0582,-0.0582
2.4884,pi,6.2800,3.4558,-0.0572,-0.0572
2.4935,pi,6.2800,3.4501,-0.0573,-0.0573
2.4985,pi,6.2800,3.4134,-0.0580,-0.0580
2.5035,pi,6.2800,3.3705,-0.0589,-0.0589
2.5084,pi,6.2800,3.3821,-0.0587,-0.0587
2.5135,pi,6.2800,3.3590,-0.0591,-0.0591
2.5184,pi,6.2800,3.3269,-0.0598,-0.0598
2.5235,pi,6.2800,3.3150,-0.0600,-0.0600
2.5284,pi,6.2800,3.3053,-0.0602,-0.0602
2.5334,pi,6.2800,3.2976,-0.0604,-0.0604
2.5384,pi,6.2800,3.3235,-0.0599,-0.0599
2.5435,pi,6.2800,3.3122,-0.0601,-0.0601
2.5485,pi,6.2800,3.3030,-0.0603,-0.0603
2.5534,pi,6.2800,3.3279,-0.0598,-0.0598
2.5585,pi,6.2800,3.3156,-0.0600,-0.0600
2.5634,pi,6.2800,3.3058,-0.0602,-0.0602
2.5684,pi,6.2800,3.3483,-0.0594,-0.0594
2.5735,pi,6.2800,3.3319,-0.0597,-0.0597
2.5784,pi,6.2800,3.3189,-0.0600,-0.0600
2.5834,pi,6.2800,3.3406,-0.0595,-0.0595
2.5885,pi,6.2800,3.3256,-0.0598,-0.0598
2.5935,pi,6.2800,3.3139,-0.0601,-0.0601
2.5984,pi,6.2800,3.3366,-0.0596,-0.0596
2.6034,pi,6.2800,3.3549,-0.0592,-0.0592
2.6084,pi,6.2800,3.3236,-0.0599,-0.0599
2.6135,pi,6.2800,3.3624,-0.0591,-0.0591
2.6184,pi,6.2800,3.3754,-0.0588,-0.0588
2.6234,pi,6.2800,3.3402,-0.0595,-0.0595
2.6284,pi,6.2800,3.3578,-0.0592,-0.0592
2.6334,pi,6.2800,3.3719,-0.0589,-0.0589
2.6384,pi,6.2800,3.3372,-0.0596,-0.0596
2.6434,pi,6.2800,3.3554,-0.0592,-0.0592
2.6484,pi,6.2800,3.3699,-0.0589,-0.0589
2.6535,pi,6.2800,3.3493,-0.0593,-0.0593
2.6584,pi,6.2800,3.3649,-0.0590,-0.0590
2.6634,pi,6.2800,3.3774,-0.0588,-0.0588
2.6685,pi,6.2800,3.3554,-0.0592,-0.0592
2.6734,pi,6.2800,3.3698,-0.0589,-0.0589
2.6785,pi,6.2800,3.3492,-0.0594,-0.0594
2.6834,pi,6.2800,3.3328,-0.0597,-0.0597
2.6884,pi,6.2800,3.3196,-0.0599,-0.0599
2.6934,pi,6.2800,3.3090,-0.0602,-0.0602
2.6985,pi,6.2800,3.3004,-0.0603,-0.0603
2.7035,pi,6.2800,3.2937,-0.0605,-0.0605
2.7085,pi,6.2800,3.2884,-0.0606,-0.0606
2.7134,pi,6.2800,3.2841,-0.0607,-0.0607
2.7185,pi,6.2800,3.2801,-0.0608,-0.0608
2.7234,pi,6.2800,3.3093,-0.0601,-0.0601
2.7285,pi,6.2800,3.3007,-0.0603,-0.0603
2.7334,pi,6.2800,3.3261,-0.0598,-0.0598
2.7385,pi,6.2800,3.3646,-0.0590,-0.0590
2.7435,pi,6.2800,3.3451,-0.0594,-0.0594
2.7485,pi,6.2800,3.3616,-0.0591,-0.0591
2.7534,pi,6.2800,3.3751,-0.0588,-0.0588
2.7585,pi,6.2800,3.3855,-0.0586,-0.0586
2.7636,pi,6.2800,3.3939,-0.0584,-0.0584
2.7685,pi,6.2800,3.4005,-0.0583,-0.0583
2.7735,pi,6.2800,3.4238,-0.0578,-0.0578
2.7784,pi,6.2800,3.4245,-0.0578,-0.0578
2.7834,pi,6.2800,3.3929,-0.0585,-0.0585
2.7884,pi,6.2800,3.3677,-0.0590,-0.0590
2.7934,pi,6.2800,3.3796,-0.0587,-0.0587
2.7984,pi,6.2800,3.3571,-0.0592,-0.0592
2.8035,pi,6.2800,3.3391,-0.0596,-0.0596
2.8084,pi,6.2800,3.3567,-0.0592,-0.0592
2.8135,pi,6.2800,3.3387,-0.0596,-0.0596
2.8184,pi,6.2800,3.3106,-0.0601,-0.0601
2.8235,pi,6.2800,3.3341,-0.0597,-0.0597
2.8285,pi,6.2800,3.3207,-0.0599,-0.0599
2.8334,pi,6.2800,3.3099,-0.0601,-0.0601
2.8385,pi,6.2800,3.3512,-0.0593,-0.0593
2.8435,pi,6.2800,3.3344,-0.0596,-0.0596
2.8484,pi,6.2800,3.3210,-0.0599,-0.0599
2.8534,pi,6.2800,3.3422,-0.0595,-0.0595
2.8585,pi,6.2800,3.3272,-0.0598,-0.0598
2.8634,pi,6.2800,3.3015,-0.0603,-0.0603
2.8685,pi,6.2800,3.3448,-0.0594,-0.0594
2.8736,pi,6.2800,3.3292,-0.0598,-0.0598
2.8788,pi,6.2800,3.3166,-0.0600,-0.0600
2.8839,pi,6.2800,3.3569,-0.0592,-0.0592
2.8884,pi,6.2800,3.3709,-0.0589,-0.0589
2.8935,pi,6.2800,3.3502,-0.0593,-0.0593
2.8984,pi,6.2800,3.3838,-0.0586,-0.0586
2.9034,pi,6.2800,3.3604,-0.0591,-0.0591
2.9085,pi,6.2800,3.3415,-0.0595,-0.0595
2.9134,pi,6.2800,3.3767,-0.0588,-0.0588
2.9184,pi,6.2800,3.3867,-0.0586,-0.0586
2.9235,pi,6.2800,3.4129,-0.0581,-0.0581
2.9284,pi,6.2800,3.4340,-0.0576,-0.0576
2.9334,pi,6.2800,3.4006,-0.0583,-0.0583
2.9384,pi,6.2800,3.3739,-0.0588,-0.0588
2.9434,pi,6.2800,3.3846,-0.0586,-0.0586
2.9485,pi,6.2800,3.3610,-0.0591,-0.0591
2.9535,pi,6.2800,3.3416,-0.0595,-0.0595
2.9584,pi,6.2800,3.3586,-0.0592,-0.0592
2.9635,pi,6.2800,3.3403,-0.0595,-0.0595
2.9685,pi,6.2800,3.3255,-0.0598,-0.0598
2.9734,pi,6.2800,3.3458,-0.0594,-0.0594
2.9785,pi,6.2800,3.3165,-0.0600,-0.0600
2.9836,pi,6.2800,3.2931,-0.0605,-0.0605
2.9885,pi,6.2800,3.3200,-0.0599,-0.0599
2.9935,pi,6.2800,3.3092,-0.0602,-0.0602
2.9984,pi,6.2800,3.2872,-0.0606,-0.0606
3.0034,pi,6.2800,3.3153,-0.0600,-0.0600
3.0085,pi,6.2800,3.3382,-0.0596,-0.0596
3.0135,pi,6.2800,3.3560,-0.0592,-0.0592
3.0184,pi,6.2800,3.3704,-0.0589,-0.0589
3.0234,pi,6.2800,3.3820,-0.0587,-0.0587
3.0284,pi,6.2800,3.3911,-0.0585,-0.0585
3.0334,pi,6.2800,3.3985,-0.0583,-0.0583
3.0385,pi,6.2800,3.3720,-0.0589,-0.0589
3.0434,pi,6.2800,3.3373,-0.0596,-0.0596
3.0484,pi,6.2800,3.3555,-0.0592,-0.0592
3.0535,pi,6.2800,3.3377,-0.0596,-0.0596
3.0585,pi,6.2800,3.3235,-0.0599,-0.0599
3.0634,pi,6.2800,3.3443,-0.0594,-0.0594
3.0684,pi,6.2800,3.3153,-0.0600,-0.0600
3.0734,pi,6.2800,3.3377,-0.0596,-0.0596
3.0784,pi,6.2800,3.3556,-0.0592,-0.0592
3.0835,pi,6.2800,3.3378,-0.0596,-0.0596
3.0884,pi,6.2800,3.3556,-0.0592,-0.0592
3.0935,pi,6.2800,3.3882,-0.0586,-0.0586
3.0984,pi,6.2800,3.3639,-0.0591,-0.0591
3.1034,pi,6.2800,3.3765,-0.0588,-0.0588
3.1084,pi,6.2800,3.3867,-0.0586,-0.0586
3.1136,pi,6.2800,3.3624,-0.0591,-0.0591
3.1187,pi,6.2800,3.3934,-0.0585,-0.0585
3.1236,pi,6.2800,3.3676,-0.0590,-0.0590
3.1285,pi,6.2800,3.3473,-0.0594,-0.0594
3.1335,pi,6.2800,3.3812,-0.0587,-0.0587
3.1387,pi,6.2800,3.3582,-0.0592,-0.0592
3.1435,pi,6.2800,3.3398,-0.0595,-0.0595
3.1484,pi,6.2800,3.3573,-0.0592,-0.0592
3.1534,pi,6.2800,3.3392,-0.0596,-0.0596
3.1584,pi,6.2800,3.3247,-0.0598,-0.0598
3.1634,pi,6.2800,3.3452,-0.0594,-0.0594
3.1684,pi,6.2800,3.3618,-0.0591,-0.0591
3.1735,pi,6.2800,3.3292,-0.0598,-0.0598
3.1785,pi,6.2800,3.3491,-0.0593,-0.0593
3.1834,pi,6.2800,3.3649,-0.0590,-0.0590
3.1885,pi,6.2800,3.3320,-0.0597,-0.0597
3.1935,pi,6.2800,3.3189,-0.0600,-0.0600
3.1985,pi,6.2800,3.3086,-0.0602,-0.0602
3.2034,pi,6.2800,3.3002,-0.0603,-0.0603
3.2085,pi,6.2800,3.2928,-0.0605,-0.0605
3.2139,pi,6.2800,3.2875,-0.0606,-0.0606
3.2185,pi,6.2800,3.2822,-0.0607,-0.0607
3.2235,pi,6.2800,3.3288,-0.0598,-0.0598
3.2285,pi,6.2800,3.3485,-0.0594,-0.0594
3.2335,pi,6.2800,3.3318,-0.0597,-0.0597
3.2384,pi,6.2800,3.3508,-0.0593,-0.0593
3.2435,pi,6.2800,3.3661,-0.0590,-0.0590
3.2485,pi,6.2800,3.3786,-0.0588,-0.0588
3.2534,pi,6.2800,3.3883,-0.0586,-0.0586
3.2584,pi,6.2800,3.3962,-0.0584,-0.0584
3.2635,pi,6.2800,3.4030,-0.0583,-0.0583
3.2684,pi,6.2800,3.4081,-0.0582,-0.0582
3.2734,pi,6.2800,3.4130,-0.0581,-0.0581
3.2785,pi,6.2800,3.3837,-0.0587,-0.0587
3.2834,pi,6.2800,3.3924,-0.0585,-0.0585
3.2885,pi,6.2800,3.3672,-0.0590,-0.0590
3.2935,pi,6.2800,3.3472,-0.0594,-0.0594
3.2984,pi,6.2800,3.3814,-0.0587,-0.0587
3.3034,pi,6.2800,3.3906,-0.0585,-0.0585
3.3087,pi,6.2800,3.3656,-0.0590,-0.0590
3.3139,pi,6.2800,3.3958,-0.0584,-0.0584
3.3184,pi,6.2800,3.4021,-0.0583,-0.0583
3.3237,pi,6.2800,3.3744,-0.0588,-0.0588
3.3284,pi,6.2800,3.3849,-0.0586,-0.0586
3.3334,pi,6.2800,3.3935,-0.0585,-0.0585
3.3384,pi,6.2800,3.3545,-0.0592,-0.0592
3.3435,pi,6.2800,3.3691,-0.0589,-0.0589
3.3485,pi,6.2800,3.3809,-0.0587,-0.0587
3.3535,pi,6.2800,3.3581,-0.0592,-0.0592
3.3585,pi,6.2800,3.3262,-0.0598,-0.0598
3.3635,pi,6.2800,3.3466,-0.0594,-0.0594
3.3685,pi,6.2800,3.3307,-0.0597,-0.0597
3.3734,pi,6.2800,3.3500,-0.0593,-0.0593
3.3785,pi,6.2800,3.3659,-0.0590,-0.0590
3.3835,pi,6.2800,3.3462,-0.0594,-0.0594
3.3884,pi,6.2800,3.3624,-0.0591,-0.0591
3.3935,pi,6.2800,3.3428,-0.0595,-0.0595
3.3985,pi,6.2800,3.3276,-0.0598,-0.0598
3.4035,pi,6.2800,3.3658,-0.0590,-0.0590
3.4084,pi,6.2800,3.3781,-0.0588,-0.0588
3.4135,pi,6.2800,3.3554,-0.0592,-0.0592
3.4184,pi,6.2800,3.3697,-0.0589,-0.0589
3.4235,pi,6.2800,3.3813,-0.0587,-0.0587
3.4285,pi,6.2800,3.3584,-0.0592,-0.0592
3.4335,pi,6.2800,3.3904,-0.0585,-0.0585
3.4384,pi,6.2800,3.3657,-0.0590,-0.0590
3.4434,pi,6.2800,3.3322,-0.0597,-0.0597
3.4484,pi,6.2800,3.3516,-0.0593,-0.0593
3.4534,pi,6.2800,3.3669,-0.0590,-0.0590
3.4585,pi,6.2800,3.3469,-0.0594,-0.0594
3.4634,pi,6.2800,3.3630,-0.0591,-0.0591
3.4685,pi,6.2800,3.3438,-0.0595,-0.0595
3.4735,pi,6.2800,3.3285,-0.0598,-0.0598
3.4784,pi,6.2800,3.3482,-0.0594,-0.0594
3.4834,pi,6.2800,3.3641,-0.0590,-0.0590
3.4885,pi,6.2800,3.3446,-0.0594,-0.0594
3.4936,pi,6.2800,3.3793,-0.0587,-0.0587
3.4985,pi,6.2800,3.3568,-0.0592,-0.0592
3.5034,pi,6.2800,3.3389,-0.0596,-0.0596
3.5084,pi,6.2800,3.3566,-0.0592,-0.0592
3.5134,pi,6.2800,3.3709,-0.0589,-0.0589
3.5184,pi,6.2800,3.3364,-0.0596,-0.0596
3.5235,pi,6.2800,3.3728,-0.0589,-0.0589
3.5289,pi,6.2800,3.3510,-0.0593,-0.0593
3.5338,pi,6.2800,3.3334,-0.0597,-0.0597
3.5390,pi,6.2800,3.3697,-0.0589,-0.0589
3.5442,pi,6.2800,3.3481,-0.0594,-0.0594
3.5490,pi,6.2800,3.3313,-0.0597,-0.0597
3.5540,pi,6.2800,3.3680,-0.0590,-0.0590
3.5591,pi,6.2800,3.3467,-0.0594,-0.0594
3.5637,pi,6.2800,3.3302,-0.0597,-0.0597
3.5686,pi,6.2800,3.3674,-0.0590,-0.0590
3.5739,pi,6.2800,3.3435,-0.0595,-0.0595
3.5786,pi,6.2800,3.3287,-0.0597,-0.0597
3.5835,pi,6.2800,3.3485,-0.0594,-0.0594
3.5885,pi,6.2800,3.3647,-0.0590,-0.0590
3.5936,pi,6.2800,3.3320,-0.0597,-0.0597
3.5985,pi,6.2800,3.3519,-0.0593,-0.0593
3.6036,pi,6.2800,3.3673,-0.0590,-0.0590
3.6086,pi,6.2800,3.3338,-0.0597,-0.0597
3.6141,pi,6.2800,3.3705,-0.0589,-0.0589
3.6193,pi,6.2800,3.3494,-0.0593,-0.0593
3.6239,pi,6.2800,3.3188,-0.0600,-0.0600
3.6292,pi,6.2800,3.3586,-0.0592,-0.0592
3.6343,pi,6.2800,3.3397,-0.0595,-0.0595
3.6393,pi,6.2800,3.3244,-0.0599,-0.0599
3.6437,pi,6.2800,3.3626,-0.0591,-0.0591
3.6489,pi,6.2800,3.3435,-0.0595,-0.0595
3.6539,pi,6.2800,3.3779,-0.0588,-0.0588
3.6589,pi,6.2800,3.4055,-0.0582,-0.0582
3.6640,pi,6.2800,3.4096,-0.0581,-0.0581
3.6690,pi,6.2800,3.4134,-0.0581,-0.0581
3.6742,pi,6.2800,3.4343,-0.0576,-0.0576
3.6789,pi,6.2800,3.4332,-0.0576,-0.0576
3.6834,pi,6.2800,3.4326,-0.0577,-0.0577
3.6885,pi,6.2800,3.4321,-0.0577,-0.0577
3.6935,pi,6.2800,3.4321,-0.0577,-0.0577
3.6985,pi,6.2800,3.4314,-0.0577,-0.0577
3.7035,pi,6.2800,3.4308,-0.0577,-0.0577
3.7086,pi,6.2800,3.3857,-0.0586,-0.0586
3.7135,pi,6.2800,3.3486,-0.0594,-0.0594
3.7185,pi,6.2800,3.3647,-0.0590,-0.0590
3.7235,pi,6.2800,3.3322,-0.0597,-0.0597
3.7285,pi,6.2800,3.3520,-0.0593,-0.0593
3.7334,pi,6.2800,3.3676,-0.0590,-0.0590
3.7385,pi,6.2800,3.3339,-0.0597,-0.0597
3.7435,pi,6.2800,3.3070,-0.0602,-0.0602
3.7485,pi,6.2800,3.3312,-0.0597,-0.0597
3.7535,pi,6.2800,3.3051,-0.0602,-0.0602
3.7585,pi,6.2800,3.3297,-0.0597,-0.0597
3.7634,pi,6.2800,3.3493,-0.0593,-0.0593
3.7685,pi,6.2800,3.3652,-0.0590,-0.0590
3.7735,pi,6.2800,3.3958,-0.0584,-0.0584
3.7784,pi,6.2800,3.3701,-0.0589,-0.0589
3.7835,pi,6.2800,3.3495,-0.0593,-0.0593
3.7886,pi,6.2800,3.3320,-0.0597,-0.0597
3.7935,pi,6.2800,3.3689,-0.0589,-0.0589
3.7985,pi,6.2800,3.3485,-0.0594,-0.0594
3.8034,pi,6.2800,3.3642,-0.0590,-0.0590
3.8085,pi,6.2800,3.3447,-0.0594,-0.0594
3.8135,pi,6.2800,3.3292,-0.0598,-0.0598
3.8184,pi,6.2800,3.3670,-0.0590,-0.0590
3.8234,pi,6.2800,3.3789,-0.0587,-0.0587
3.8286,pi,6.2800,3.3564,-0.0592,-0.0592
3.8335,pi,6.2800,3.3887,-0.0585,-0.0585
3.8384,pi,6.2800,3.3964,-0.0584,-0.0584
3.8435,pi,6.2800,3.4033,-0.0583,-0.0583
3.8484,pi,6.2800,3.4082,-0.0582,-0.0582
3.8535,pi,6.2800,3.3798,-0.0587,-0.0587
3.8585,pi,6.2800,3.3573,-0.0592,-0.0592
3.8634,pi,6.2800,3.3713,-0.0589,-0.0589
3.8685,pi,6.2800,3.3503,-0.0593,-0.0593
3.8735,pi,6.2800,3.3200,-0.0599,-0.0599
3.8784,pi,6.2800,3.3415,-0.0595,-0.0595
3.8834,pi,6.2800,3.3589,-0.0592,-0.0592
3.8886,pi,6.2800,3.3405,-0.0595,-0.0595
3.8935,pi,6.2800,3.3122,-0.0601,-0.0601
3.8985,pi,6.2800,3.3030,-0.0603,-0.0603
3.9034,pi,6.2800,3.2821,-0.0607,-0.0607
3.9084,pi,6.2800,3.3113,-0.0601,-0.0601
3.9135,pi,6.2800,3.3020,-0.0603,-0.0603
3.9185,pi,6.2800,3.2950,-0.0604,-0.0604
3.9235,pi,6.2800,3.3394,-0.0596,-0.0596
3.9285,pi,6.2800,3.3248,-0.0598,-0.0598
3.9336,pi,6.2800,3.3131,-0.0601,-0.0601
3.9384,pi,6.2800,3.3360,-0.0596,-0.0596
3.9434,pi,6.2800,3.3544,-0.0592,-0.0592
3.9485,pi,6.2800,3.3690,-0.0589,-0.0589
3.9534,pi,6.2800,3.3809,-0.0587,-0.0587
3.9584,pi,6.2800,3.3902,-0.0585,-0.0585
3.9635,pi,6.2800,3.3977,-0.0584,-0.0584
3.9684,pi,6.2800,3.4041,-0.0582,-0.0582
3.9735,pi,6.2800,3.4087,-0.0581,-0.0581
3.9785,pi,6.2800,3.4307,-0.0577,-0.0577
3.9834,pi,6.2800,3.4303,-0.0577,-0.0577
3.9885,pi,6.2800,3.3974,-0.0584,-0.0584
3.9935,pi,6.2800,3.4214,-0.0579,-0.0579
3.9984,pi,6.2800,3.4408,-0.0575,-0.0575
4.0034,pi,6.2800,3.4059,-0.0582,-0.0582
4.0084,pi,6.2800,3.4283,-0.0577,-0.0577
4.0134,pi,6.2800,3.3959,-0.0584,-0.0584
4.0185,pi,6.2800,3.3700,-0.0589,-0.0589
4.0234,pi,6.2800,3.3813,-0.0587,-0.0587
4.0284,pi,6.2800,3.3906,-0.0585,-0.0585
4.0335,pi,6.2800,3.3659,-0.0590,-0.0590
4.0385,pi,6.2800,3.3323,-0.0597,-0.0597
4.0435,pi,6.2800,3.3514,-0.0593,-0.0593
4.0485,pi,6.2800,3.3213,-0.0599,-0.0599
4.0535,pi,6.2800,3.2969,-0.0604,-0.0604
4.0585,pi,6.2800,3.3231,-0.0599,-0.0599
4.0634,pi,6.2800,3.2982,-0.0604,-0.0604
4.0685,pi,6.2800,3.2783,-0.0608,-0.0608
4.0735,pi,6.2800,3.2761,-0.0608,-0.0608
4.0785,pi,6.2800,3.2742,-0.0609,-0.0609
4.0835,pi,6.2800,3.2726,-0.0609,-0.0609
4.0884,pi,6.2800,3.3035,-0.0603,-0.0603
4.0935,pi,6.2800,3.2962,-0.0604,-0.0604
4.0985,pi,6.2800,3.2901,-0.0605,-0.0605
4.1034,pi,6.2800,3.3357,-0.0596,-0.0596
4.1085,pi,6.2800,3.3219,-0.0599,-0.0599
4.1135,pi,6.2800,3.3108,-0.0601,-0.0601
4.1186,pi,6.2800,3.3520,-0.0593,-0.0593
4.1238,pi,6.2800,3.3348,-0.0596,-0.0596
4.1286,pi,6.2800,3.3206,-0.0599,-0.0599
4.1342,pi,6.2800,3.3598,-0.0591,-0.0591
4.1393,pi,6.2800,3.3410,-0.0595,-0.0595
4.1444,pi,6.2800,3.3762,-0.0588,-0.0588
4.1489,pi,6.2800,3.4045,-0.0582,-0.0582
4.1534,pi,6.2800,3.3770,-0.0588,-0.0588
4.1585,pi,6.2800,3.3871,-0.0586,-0.0586
4.1635,pi,6.2800,3.4134,-0.0581,-0.0581
4.1684,pi,6.2800,3.4161,-0.0580,-0.0580
4.1734,pi,6.2800,3.4186,-0.0579,-0.0579
4.1784,pi,6.2800,3.4205,-0.0579,-0.0579
4.1834,pi,6.2800,3.4224,-0.0579,-0.0579
4.1884,pi,6.2800,3.4238,-0.0578,-0.0578
4.1935,pi,6.2800,3.4247,-0.0578,-0.0578
4.1985,pi,6.2800,3.3931,-0.0585,-0.0585
4.2035,pi,6.2800,3.3677,-0.0590,-0.0590
4.2084,pi,6.2800,3.3476,-0.0594,-0.0594
4.2141,pi,6.2800,3.3312,-0.0597,-0.0597
4.2193,pi,6.2800,3.3182,-0.0600,-0.0600
4.2238,pi,6.2800,3.3080,-0.0602,-0.0602
4.2284,pi,6.2800,3.2863,-0.0606,-0.0606
4.2334,pi,6.2800,3.2689,-0.0610,-0.0610
4.2385,pi,6.2800,3.2686,-0.0610,-0.0610
4.2434,pi,6.2800,3.2546,-0.0613,-0.0613
4.2485,pi,6.2800,3.2892,-0.0606,-0.0606
4.2538,pi,6.2800,3.3168,-0.0600,-0.0600
4.2588,pi,6.2800,3.3065,-0.0602,-0.0602
4.2635,pi,6.2800,3.3304,-0.0597,-0.0597
4.2684,pi,6.2800,3.3500,-0.0593,-0.0593
4.2734,pi,6.2800,3.3659,-0.0590,-0.0590
4.2785,pi,6.2800,3.3964,-0.0584,-0.0584
4.2834,pi,6.2800,3.4205,-0.0579,-0.0579
4.2885,pi,6.2800,3.3896,-0.0585,-0.0585
4.2936,pi,6.2800,3.4147,-0.0580,-0.0580
4.2985,pi,6.2800,3.3854,-0.0586,-0.0586
4.3035,pi,6.2800,3.3480,-0.0594,-0.0594
4.3085,pi,6.2800,3.3640,-0.0590,-0.0590
4.3135,pi,6.2800,3.3770,-0.0588,-0.0588
4.3185,pi,6.2800,3.3549,-0.0592,-0.0592
4.3235,pi,6.2800,3.3875,-0.0586,-0.0586
4.3284,pi,6.2800,3.3954,-0.0584,-0.0584
4.3335,pi,6.2800,3.3561,-0.0592,-0.0592
4.3385,pi,6.2800,3.3246,-0.0598,-0.0598
4.3435,pi,6.2800,3.3453,-0.0594,-0.0594
4.3485,pi,6.2800,3.3297,-0.0597,-0.0597
4.3538,pi,6.2800,3.3171,-0.0600,-0.0600
4.3585,pi,6.2800,3.3069,-0.0602,-0.0602
4.3635,pi,6.2800,3.2988,-0.0604,-0.0604
4.3684,pi,6.2800,3.2789,-0.0608,-0.0608
4.3735,pi,6.2800,3.3087,-0.0602,-0.0602
4.3786,pi,6.2800,3.3001,-0.0603,-0.0603
4.3835,pi,6.2800,3.3436,-0.0595,-0.0595
4.3884,pi,6.2800,3.3603,-0.0591,-0.0591
4.3936,pi,6.2800,3.3416,-0.0595,-0.0595
4.3985,pi,6.2800,3.3267,-0.0598,-0.0598
4.4034,pi,6.2800,3.3469,-0.0594,-0.0594
4.4085,pi,6.2800,3.3630,-0.0591,-0.0591
4.4135,pi,6.2800,3.3302,-0.0597,-0.0597
4.4185,pi,6.2800,3.3498,-0.0593,-0.0593
4.4235,pi,6.2800,3.3331,-0.0597,-0.0597
4.4286,pi,6.2800,3.3061,-0.0602,-0.0602
4.4337,pi,6.2800,3.2982,-0.0604,-0.0604
4.4389,pi,6.2800,3.2918,-0.0605,-0.0605
4.4440,pi,6.2800,3.3369,-0.0596,-0.0596
4.4485,pi,6.2800,3.3731,-0.0589,-0.0589
4.4534,pi,6.2800,3.3840,-0.0586,-0.0586
4.4584,pi,6.2800,3.3927,-0.0585,-0.0585
4.4634,pi,6.2800,3.3997,-0.0583,-0.0583
4.4684,pi,6.2800,3.4053,-0.0582,-0.0582
4.4735,pi,6.2800,3.4097,-0.0581,-0.0581
4.4785,pi,6.2800,3.4134,-0.0580,-0.0580
4.4842,pi,6.2800,3.4160,-0.0580,-0.0580
4.4894,pi,6.2800,3.3849,-0.0586,-0.0586
4.4934,pi,6.2800,3.3933,-0.0584,-0.0584
4.4985,pi,6.2800,3.3546,-0.0592,-0.0592
4.5035,pi,6.2800,3.3371,-0.0596,-0.0596
4.5085,pi,6.2800,3.3232,-0.0599,-0.0599
4.5135,pi,6.2800,3.3119,-0.0601,-0.0601
4.5185,pi,6.2800,3.3029,-0.0603,-0.0603
4.5234,pi,6.2800,3.3278,-0.0598,-0.0598
4.5285,pi,6.2800,3.3157,-0.0600,-0.0600
4.5335,pi,6.2800,3.2923,-0.0605,-0.0605
4.5385,pi,6.2800,3.2730,-0.0609,-0.0609
4.5435,pi,6.2800,3.3047,-0.0602,-0.0602
4.5485,pi,6.2800,3.2836,-0.0607,-0.0607
4.5535,pi,6.2800,3.3124,-0.0601,-0.0601
4.5585,pi,6.2800,3.3033,-0.0603,-0.0603
4.5635,pi,6.2800,3.2961,-0.0604,-0.0604
4.5684,pi,6.2800,3.3224,-0.0599,-0.0599
4.5735,pi,6.2800,3.3112,-0.0601,-0.0601
4.5785,pi,6.2800,3.3023,-0.0603,-0.0603
4.5834,pi,6.2800,3.3273,-0.0598,-0.0598
4.5884,pi,6.2800,3.3473,-0.0594,-0.0594
4.5935,pi,6.2800,3.3640,-0.0590,-0.0590
4.5984,pi,6.2800,3.3768,-0.0588,-0.0588
4.6035,pi,6.2800,3.3547,-0.0592,-0.0592
4.6085,pi,6.2800,3.3372,-0.0596,-0.0596
4.6135,pi,6.2800,3.3552,-0.0592,-0.0592
4.6192,pi,6.2800,3.3371,-0.0596,-0.0596
4.6243,pi,6.2800,3.3227,-0.0599,-0.0599
4.6295,pi,6.2800,3.3613,-0.0591,-0.0591
4.6346,pi,6.2800,3.3421,-0.0595,-0.0595
4.6385,pi,6.2800,3.3270,-0.0598,-0.0598
4.6435,pi,6.2800,3.3014,-0.0603,-0.0603
4.6484,pi,6.2800,3.2945,-0.0605,-0.0605
4.6534,pi,6.2800,3.2754,-0.0608,-0.0608
4.6584,pi,6.2800,3.3059,-0.0602,-0.0602
4.6635,pi,6.2800,3.2979,-0.0604,-0.0604
4.6684,pi,6.2800,3.2780,-0.0608,-0.0608
4.6735,pi,6.2800,3.3082,-0.0602,-0.0602
4.6786,pi,6.2800,3.3324,-0.0597,-0.0597
4.6840,pi,6.2800,3.3189,-0.0600,-0.0600
4.6891,pi,6.2800,3.3582,-0.0592,-0.0592
4.6942,pi,6.2800,3.3894,-0.0585,-0.0585
4.6988,pi,6.2800,3.3647,-0.0590,-0.0590
4.7038,pi,6.2800,3.3949,-0.0584,-0.0584
4.7089,pi,6.2800,3.3686,-0.0590,-0.0590
4.7140,pi,6.2800,3.3478,-0.0594,-0.0594
4.7191,pi,6.2800,3.3813,-0.0587,-0.0587
4.7243,pi,6.2800,3.3569,-0.0592,-0.0592
4.7288,pi,6.2800,3.3384,-0.0596,-0.0596
4.7338,pi,6.2800,3.3741,-0.0588,-0.0588
4.7388,pi,6.2800,3.3848,-0.0586,-0.0586
4.7436,pi,6.2800,3.3482,-0.0594,-0.0594
4.7485,pi,6.2800,3.3645,-0.0590,-0.0590
4.7534,pi,6.2800,3.3773,-0.0588,-0.0588
4.7585,pi,6.2800,3.3419,-0.0595,-0.0595
4.7635,pi,6.2800,3.3596,-0.0591,-0.0591
4.7684,pi,6.2800,3.3737,-0.0589,-0.0589
4.7735,pi,6.2800,3.3390,-0.0596,-0.0596
4.7784,pi,6.2800,3.3579,-0.0592,-0.0592
4.7834,pi,6.2800,3.3725,-0.0589,-0.0589
4.7884,pi,6.2800,3.3388,-0.0596,-0.0596
4.7935,pi,6.2800,3.3113,-0.0601,-0.0601
4.7984,pi,6.2800,3.3348,-0.0596,-0.0596
4.8035,pi,6.2800,3.3211,-0.0599,-0.0599
4.8085,pi,6.2800,3.3602,-0.0591,-0.0591
4.8135,pi,6.2800,3.3415,-0.0595,-0.0595
4.8184,pi,6.2800,3.3130,-0.0601,-0.0601
4.8235,pi,6.2800,3.3032,-0.0603,-0.0603
4.8284,pi,6.2800,3.2959,-0.0604,-0.0604
4.8334,pi,6.2800,3.2902,-0.0605,-0.0605
4.8385,pi,6.2800,3.3357,-0.0596,-0.0596
4.8435,pi,6.2800,3.3721,-0.0589,-0.0589
4.8484,pi,6.2800,3.3509,-0.0593,-0.0593
4.8534,pi,6.2800,3.3841,-0.0586,-0.0586
4.8584,pi,6.2800,3.3928,-0.0585,-0.0585
4.8634,pi,6.2800,3.3546,-0.0592,-0.0592
4.8685,pi,6.2800,3.3363,-0.0596,-0.0596
4.8734,pi,6.2800,3.3543,-0.0592,-0.0592
4.8784,pi,6.2800,3.3695,-0.0589,-0.0589
4.8834,pi,6.2800,3.3812,-0.0587,-0.0587
4.8884,pi,6.2800,3.3904,-0.0585,-0.0585
4.8935,pi,6.2800,3.3522,-0.0593,-0.0593
4.8984,pi,6.2800,3.3674,-0.0590,-0.0590
4.9034,pi,6.2800,3.3797,-0.0587,-0.0587
4.9085,pi,6.2800,3.3571,-0.0592,-0.0592
4.9134,pi,6.2800,3.3712,-0.0589,-0.0589
4.9184,pi,6.2800,3.3824,-0.0587,-0.0587
4.9235,pi,6.2800,3.3920,-0.0585,-0.0585
4.9284,pi,6.2800,3.3992,-0.0583,-0.0583
4.9334,pi,6.2800,3.3727,-0.0589,-0.0589
4.9384,pi,6.2800,3.3379,-0.0596,-0.0596
4.9434,pi,6.2800,3.3100,-0.0601,-0.0601
4.9485,pi,6.2800,3.3010,-0.0603,-0.0603
4.9534,pi,6.2800,3.2943,-0.0605,-0.0605
4.9585,pi,6.2800,3.2887,-0.0606,-0.0606
4.9634,pi,6.2800,3.2843,-0.0607,-0.0607
4.9685,pi,6.2800,3.2808,-0.0607,-0.0607
4.9735,pi,6.2800,3.3280,-0.0598,-0.0598
4.9784,pi,6.2800,3.3158,-0.0600,-0.0600
4.9834,pi,6.2800,3.3061,-0.0602,-0.0602
4.9885,pi,6.2800,3.2982,-0.0604,-0.0604
4.9935,pi,6.2800,3.3422,-0.0595,-0.0595
4.9984,pi,6.2800,3.3591,-0.0591,-0.0591
5.0035,pi,6.2800,3.3274,-0.0598,-0.0598
5.0085,pi,6.2800,3.3474,-0.0594,-0.0594
5.0134,pi,6.2800,3.3635,-0.0591,-0.0591
5.0185,pi,6.2800,3.3306,-0.0597,-0.0597
5.0234,pi,6.2800,3.3499,-0.0593,-0.0593
5.0285,pi,6.2800,3.3205,-0.0599,-0.0599
5.0335,pi,6.2800,3.3098,-0.0601,-0.0601
5.0384,pi,6.2800,3.3333,-0.0597,-0.0597
5.0435,pi,6.2800,3.3520,-0.0593,-0.0593
5.0485,pi,6.2800,3.3214,-0.0599,-0.0599
5.0534,pi,6.2800,3.3427,-0.0595,-0.0595
5.0585,pi,6.2800,3.3276,-0.0598,-0.0598
5.0635,pi,6.2800,3.3154,-0.0600,-0.0600
5.0684,pi,6.2800,3.3378,-0.0596,-0.0596
5.0735,pi,6.2800,3.3236,-0.0599,-0.0599
5.0785,pi,6.2800,3.3123,-0.0601,-0.0601
5.0834,pi,6.2800,3.3353,-0.0596,-0.0596
5.0885,pi,6.2800,3.3216,-0.0599,-0.0599
5.0934,pi,6.2800,3.2970,-0.0604,-0.0604
5.0984,pi,6.2800,3.3231,-0.0599,-0.0599
5.1035,pi,6.2800,3.3119,-0.0601,-0.0601
5.1084,pi,6.2800,3.2893,-0.0606,-0.0606
5.1135,pi,6.2800,3.3352,-0.0596,-0.0596
5.1184,pi,6.2800,3.3216,-0.0599,-0.0599
5.1236,pi,6.2800,3.3103,-0.0601,-0.0601
5.1287,pi,6.2800,3.3517,-0.0593,-0.0593
5.1339,pi,6.2800,3.3339,-0.0597,-0.0597
5.1387,pi,6.2800,3.3204,-0.0599,-0.0599
5.1435,pi,6.2800,3.3592,-0.0592,-0.0592
5.1484,pi,6.2800,3.3408,-0.0595,-0.0595
5.1535,pi,6.2800,3.3761,-0.0588,-0.0588
5.1585,pi,6.2800,3.4044,-0.0582,-0.0582
5.1635,pi,6.2800,3.3769,-0.0588,-0.0588
5.1684,pi,6.2800,3.3870,-0.0586,-0.0586
5.1735,pi,6.2800,3.3950,-0.0584,-0.0584
5.1785,pi,6.2800,3.4018,-0.0583,-0.0583
5.1834,pi,6.2800,3.4072,-0.0582,-0.0582
5.1885,pi,6.2800,3.4117,-0.0581,-0.0581
5.1935,pi,6.2800,3.4149,-0.0580,-0.0580
5.1985,pi,6.2800,3.4187,-0.0579,-0.0579
5.2035,pi,6.2800,3.4205,-0.0579,-0.0579
5.2085,pi,6.2800,3.3763,-0.0588,-0.0588
5.2135,pi,6.2800,3.4048,-0.0582,-0.0582
5.2188,pi,6.2800,3.3769,-0.0588,-0.0588
5.2240,pi,6.2800,3.3547,-0.0592,-0.0592
5.2288,pi,6.2800,3.3872,-0.0586,-0.0586
5.2334,pi,6.2800,3.3626,-0.0591,-0.0591
5.2384,pi,6.2800,3.3301,-0.0597,-0.0597
5.2435,pi,6.2800,3.3041,-0.0603,-0.0603
5.2485,pi,6.2800,3.2965,-0.0604,-0.0604
5.2536,pi,6.2800,3.2905,-0.0605,-0.0605
5.2584,pi,6.2800,3.3178,-0.0600,-0.0600
5.2635,pi,6.2800,3.3397,-0.0595,-0.0595
5.2686,pi,6.2800,3.3114,-0.0601,-0.0601
5.2735,pi,6.2800,3.3347,-0.0596,-0.0596
5.2788,pi,6.2800,3.3208,-0.0599,-0.0599
5.2835,pi,6.2800,3.3099,-0.0601,-0.0601
5.2885,pi,6.2800,3.3012,-0.0603,-0.0603
5.2935,pi,6.2800,3.3445,-0.0594,-0.0594
5.2987,pi,6.2800,3.3290,-0.0598,-0.0598
5.3037,pi,6.2800,3.3485,-0.0594,-0.0594
5.3089,pi,6.2800,3.3322,-0.0597,-0.0597
5.3134,pi,6.2800,3.3055,-0.0602,-0.0602
5.3184,pi,6.2800,3.3300,-0.0597,-0.0597
5.3234,pi,6.2800,3.3497,-0.0593,-0.0593
5.3285,pi,6.2800,3.3195,-0.0599,-0.0599
5.3335,pi,6.2800,3.3415,-0.0595,-0.0595
5.3384,pi,6.2800,3.3592,-0.0591,-0.0591
5.3435,pi,6.2800,3.4187,-0.0579,-0.0579
5.3485,pi,6.2800,3.4205,-0.0579,-0.0579
5.3534,pi,6.2800,3.4221,-0.0579,-0.0579
5.3584,pi,6.2800,3.4236,-0.0578,-0.0578
5.3634,pi,6.2800,3.4245,-0.0578,-0.0578
5.3684,pi,6.2800,3.4252,-0.0578,-0.0578
5.3734,pi,6.2800,3.4258,-0.0578,-0.0578
5.3784,pi,6.2800,3.4262,-0.0578,-0.0578
5.3834,pi,6.2800,3.4266,-0.0578,-0.0578
5.3884,pi,6.2800,3.3812,-0.0587,-0.0587
5.3934,pi,6.2800,3.3905,-0.0585,-0.0585
5.3984,pi,6.2800,3.3522,-0.0593,-0.0593
5.4034,pi,6.2800,3.3216,-0.0599,-0.0599
5.4084,pi,6.2800,3.3428,-0.0595,-0.0595
5.4135,pi,6.2800,3.3275,-0.0598,-0.0598
5.4185,pi,6.2800,3.3151,-0.0600,-0.0600
5.4234,pi,6.2800,3.3055,-0.0602,-0.0602
5.4284,pi,6.2800,3.2978,-0.0604,-0.0604
5.4334,pi,6.2800,3.2779,-0.0608,-0.0608
5.4385,pi,6.2800,3.3078,-0.0602,-0.0602
5.4435,pi,6.2800,3.2996,-0.0604,-0.0604
5.4485,pi,6.2800,3.2931,-0.0605,-0.0605
5.4534,pi,6.2800,3.3200,-0.0599,-0.0599
5.4585,pi,6.2800,3.3415,-0.0595,-0.0595
5.4635,pi,6.2800,3.3129,-0.0601,-0.0601
5.4685,pi,6.2800,3.3358,-0.0596,-0.0596
5.4735,pi,6.2800,3.3220,-0.0599,-0.0599
5.4785,pi,6.2800,3.3610,-0.0591,-0.0591
5.4834,pi,6.2800,3.3742,-0.0588,-0.0588
5.4885,pi,6.2800,3.3528,-0.0593,-0.0593
5.4934,pi,6.2800,3.3677,-0.0590,-0.0590
5.4984,pi,6.2800,3.3797,-0.0587,-0.0587
5.5034,pi,6.2800,3.3571,-0.0592,-0.0592
5.5084,pi,6.2800,3.3711,-0.0589,-0.0589
5.5134,pi,6.2800,3.3824,-0.0587,-0.0587
5.5185,pi,6.2800,3.3592,-0.0591,-0.0591
5.5234,pi,6.2800,3.3910,-0.0585,-0.0585
5.5284,pi,6.2800,3.3982,-0.0584,-0.0584
5.5335,pi,6.2800,3.3717,-0.0589,-0.0589
5.5385,pi,6.2800,3.4010,-0.0583,-0.0583
5.5434,pi,6.2800,3.3740,-0.0588,-0.0588
5.5484,pi,6.2800,3.3524,-0.0593,-0.0593
5.5535,pi,6.2800,3.3853,-0.0586,-0.0586
5.5584,pi,6.2800,3.3617,-0.0591,-0.0591
5.5634,pi,6.2800,3.3427,-0.0595,-0.0595
5.5685,pi,6.2800,3.3779,-0.0588,-0.0588
5.5735,pi,6.2800,3.3557,-0.0592,-0.0592
5.5785,pi,6.2800,3.3379,-0.0596,-0.0596
5.5834,pi,6.2800,3.3558,-0.0592,-0.0592
5.5884,pi,6.2800,3.3702,-0.0589,-0.0589
5.5934,pi,6.2800,3.3359,-0.0596,-0.0596
5.5985,pi,6.2800,3.3725,-0.0589,-0.0589
5.6034,pi,6.2800,3.3835,-0.0587,-0.0587
5.6085,pi,6.2800,3.3601,-0.0591,-0.0591
5.6135,pi,6.2800,3.3408,-0.0595,-0.0595
5.6184,pi,6.2800,3.3579,-0.0592,-0.0592
5.6235,pi,6.2800,3.3396,-0.0595,-0.0595
5.6285,pi,6.2800,3.3250,-0.0598,-0.0598
5.6334,pi,6.2800,3.3134,-0.0601,-0.0601
5.6384,pi,6.2800,3.3040,-0.0603,-0.0603
5.6435,pi,6.2800,3.3469,-0.0594,-0.0594
5.6484,pi,6.2800,3.3628,-0.0591,-0.0591
5.6535,pi,6.2800,3.3436,-0.0595,-0.0595
5.6584,pi,6.2800,3.3603,-0.0591,-0.0591
5.6635,pi,6.2800,3.3738,-0.0588,-0.0588
5.6684,pi,6.2800,3.3850,-0.0586,-0.0586
5.6735,pi,6.2800,3.3934,-0.0585,-0.0585
5.6785,pi,6.2800,3.4185,-0.0579,-0.0579
5.6835,pi,6.2800,3.3882,-0.0586,-0.0586
5.6884,pi,6.2800,3.3960,-0.0584,-0.0584
5.6935,pi,6.2800,3.3701,-0.0589,-0.0589
5.6984,pi,6.2800,3.3358,-0.0596,-0.0596
5.7035,pi,6.2800,3.3541,-0.0593,-0.0593
5.7085,pi,6.2800,3.3367,-0.0596,-0.0596
5.7134,pi,6.2800,3.3225,-0.0599,-0.0599
5.7185,pi,6.2800,3.3113,-0.0601,-0.0601
5.7235,pi,6.2800,3.3024,-0.0603,-0.0603
5.7285,pi,6.2800,3.2953,-0.0604,-0.0604
5.7334,pi,6.2800,3.3217,-0.0599,-0.0599
5.7385,pi,6.2800,3.3108,-0.0601,-0.0601
5.7434,pi,6.2800,3.3021,-0.0603,-0.0603
5.7485,pi,6.2800,3.3453,-0.0594,-0.0594
5.7534,pi,6.2800,3.3617,-0.0591,-0.0591
5.7584,pi,6.2800,3.3292,-0.0598,-0.0598
5.7635,pi,6.2800,3.3488,-0.0594,-0.0594
5.7684,pi,6.2800,3.3646,-0.0590,-0.0590
5.7736,pi,6.2800,3.3449,-0.0594,-0.0594
5.7784,pi,6.2800,3.3613,-0.0591,-0.0591
5.7835,pi,6.2800,3.3425,-0.0595,-0.0595
5.7885,pi,6.2800,3.3274,-0.0598,-0.0598
5.7934,pi,6.2800,3.3474,-0.0594,-0.0594
5.7985,pi,6.2800,3.3313,-0.0597,-0.0597
5.8035,pi,6.2800,3.3184,-0.0600,-0.0600
5.8084,pi,6.2800,3.3403,-0.0595,-0.0595
5.8135,pi,6.2800,3.3256,-0.0598,-0.0598
5.8184,pi,6.2800,3.3002,-0.0603,-0.0603
5.8235,pi,6.2800,3.3256,-0.0598,-0.0598
5.8285,pi,6.2800,3.3135,-0.0601,-0.0601
5.8335,pi,6.2800,3.3042,-0.0603,-0.0603
5.8384,pi,6.2800,3.3288,-0.0598,-0.0598
5.8435,pi,6.2800,3.3165,-0.0600,-0.0600
5.8485,pi,6.2800,3.3066,-0.0602,-0.0602
5.8534,pi,6.2800,3.3307,-0.0597,-0.0597
5.8585,pi,6.2800,3.3180,-0.0600,-0.0600
5.8634,pi,6.2800,3.2942,-0.0605,-0.0605
5.8685,pi,6.2800,3.3208,-0.0599,-0.0599
5.8734,pi,6.2800,3.3422,-0.0595,-0.0595
5.8785,pi,6.2800,3.3133,-0.0601,-0.0601
5.8834,pi,6.2800,3.3365,-0.0596,-0.0596
5.8885,pi,6.2800,3.3225,-0.0599,-0.0599
5.8934,pi,6.2800,3.2978,-0.0604,-0.0604
5.8985,pi,6.2800,3.3237,-0.0599,-0.0599
5.9034,pi,6.2800,3.3445,-0.0594,-0.0594
5.9085,pi,6.2800,3.3288,-0.0598,-0.0598
5.9134,pi,6.2800,3.3486,-0.0594,-0.0594
5.9185,pi,6.2800,3.3322,-0.0597,-0.0597
5.9235,pi,6.2800,3.3191,-0.0600,-0.0600
5.9284,pi,6.2800,3.3407,-0.0595,-0.0595
5.9335,pi,6.2800,3.3259,-0.0598,-0.0598
5.9384,pi,6.2800,3.3461,-0.0594,-0.0594
5.9435,pi,6.2800,3.3806,-0.0587,-0.0587
5.9484,pi,6.2800,3.3579,-0.0592,-0.0592
5.9534,pi,6.2800,3.3719,-0.0589,-0.0589
5.9584,pi,6.2800,3.3829,-0.0587,-0.0587
5.9635,pi,6.2800,3.3596,-0.0591,-0.0591
5.9684,pi,6.2800,3.3730,-0.0589,-0.0589
5.9735,pi,6.2800,3.3838,-0.0586,-0.0586
5.9785,pi,6.2800,3.3605,-0.0591,-0.0591
5.9834,pi,6.2800,3.3739,-0.0588,-0.0588
5.9885,pi,6.2800,3.3525,-0.0593,-0.0593
5.9940,pi,6.2800,3.3824,-0.0587,-0.0587
5.9985,pi,6.2800,3.4080,-0.0581,-0.0581
6.0035,pi,6.2800,3.3797,-0.0587,-0.0587
6.0084,pi,6.2800,3.3435,-0.0595,-0.0595
6.0134,pi,6.2800,3.3603,-0.0591,-0.0591
6.0185,pi,6.2800,3.3416,-0.0595,-0.0595
6.0234,pi,6.2800,3.3130,-0.0601,-0.0601
6.0284,pi,6.2800,3.3359,-0.0596,-0.0596
6.0335,pi,6.2800,3.3220,-0.0599,-0.0599
6.0384,pi,6.2800,3.3111,-0.0601,-0.0601
6.0434,pi,6.2800,3.3343,-0.0596,-0.0596
6.0485,pi,6.2800,3.3114,-0.0601,-0.0601
6.0535,pi,6.2800,3.3025,-0.0603,-0.0603
6.0585,pi,6.2800,3.3455,-0.0594,-0.0594
6.0634,pi,6.2800,3.3298,-0.0597,-0.0597
6.0685,pi,6.2800,3.3674,-0.0590,-0.0590
6.0735,pi,6.2800,3.3975,-0.0584,-0.0584
6.0784,pi,6.2800,3.3712,-0.0589,-0.0589
6.0834,pi,6.2800,3.3366,-0.0596,-0.0596
6.0884,pi,6.2800,3.3729,-0.0589,-0.0589
6.0934,pi,6.2800,3.3516,-0.0593,-0.0593
6.0985,pi,6.2800,3.3847,-0.0586,-0.0586
6.1034,pi,6.2800,3.3930,-0.0585,-0.0585
6.1084,pi,6.2800,3.3677,-0.0590,-0.0590
6.1134,pi,6.2800,3.3977,-0.0584,-0.0584
6.1184,pi,6.2800,3.4035,-0.0582,-0.0582
6.1235,pi,6.2800,3.3627,-0.0591,-0.0591
6.1285,pi,6.2800,3.3432,-0.0595,-0.0595
6.1336,pi,6.2800,3.3780,-0.0588,-0.0588
6.1385,pi,6.2800,3.3554,-0.0592,-0.0592
6.1434,pi,6.2800,3.3243,-0.0598,-0.0598
6.1484,pi,6.2800,3.3452,-0.0594,-0.0594
6.1534,pi,6.2800,3.3162,-0.0600,-0.0600
6.1584,pi,6.2800,3.2930,-0.0605,-0.0605
6.1634,pi,6.2800,3.2744,-0.0609,-0.0609
6.1684,pi,6.2800,3.2596,-0.0612,-0.0612
6.1735,pi,6.2800,3.2474,-0.0614,-0.0614
6.1785,pi,6.2800,3.2376,-0.0616,-0.0616
6.1834,pi,6.2800,3.2759,-0.0608,-0.0608
6.1885,pi,6.2800,3.2606,-0.0611,-0.0611
6.1935,pi,6.2800,3.2617,-0.0611,-0.0611
6.1985,pi,6.2800,3.2622,-0.0611,-0.0611
6.2035,pi,6.2800,3.2631,-0.0611,-0.0611
6.2085,pi,6.2800,3.2637,-0.0611,-0.0611
6.2139,pi,6.2800,3.3144,-0.0601,-0.0601
6.2186,pi,6.2800,3.3046,-0.0603,-0.0603
6.2234,pi,6.2800,3.3288,-0.0598,-0.0598
6.2285,pi,6.2800,3.3485,-0.0594,-0.0594
6.2341,pi,6.2800,3.3311,-0.0597,-0.0597
6.2386,pi,6.2800,3.3681,-0.0590,-0.0590
6.2438,pi,6.2800,3.3980,-0.0584,-0.0584
6.2485,pi,6.2800,3.4037,-0.0582,-0.0582
6.2535,pi,6.2800,3.4088,-0.0581,-0.0581
6.2585,pi,6.2800,3.4127,-0.0581,-0.0581
6.2635,pi,6.2800,3.4156,-0.0580,-0.0580
6.2684,pi,6.2800,3.4184,-0.0579,-0.0579
6.2734,pi,6.2800,3.4204,-0.0579,-0.0579
6.2786,pi,6.2800,3.3897,-0.0585,-0.0585
6.2835,pi,6.2800,3.3514,-0.0593,-0.0593
6.2885,pi,6.2800,3.3673,-0.0590,-0.0590
6.2935,pi,6.2800,3.3337,-0.0597,-0.0597
6.2985,pi,6.2800,3.3067,-0.0602,-0.0602
6.3041,pi,6.2800,3.2978,-0.0604,-0.0604
6.3090,pi,6.2800,3.2908,-0.0605,-0.0605
6.3135,pi,6.2800,3.2858,-0.0606,-0.0606
6.3184,pi,6.2800,3.2819,-0.0607,-0.0607
6.3234,pi,6.2800,3.2652,-0.0610,-0.0610
6.3285,pi,6.2800,3.2518,-0.0613,-0.0613
6.3334,pi,6.2800,3.2869,-0.0606,-0.0606
6.3384,pi,6.2800,3.3150,-0.0600,-0.0600
6.3435,pi,6.2800,3.2920,-0.0605,-0.0605
6.3485,pi,6.2800,3.3374,-0.0596,-0.0596
6.3536,pi,6.2800,3.3554,-0.0592,-0.0592
6.3590,pi,6.2800,3.3245,-0.0599,-0.0599
6.3635,pi,6.2800,3.3455,-0.0594,-0.0594
6.3685,pi,6.2800,3.3297,-0.0597,-0.0597
6.3735,pi,6.2800,3.3673,-0.0590,-0.0590
6.3785,pi,6.2800,3.3974,-0.0584,-0.0584
6.3834,pi,6.2800,3.4036,-0.0582,-0.0582
6.3884,pi,6.2800,3.4085,-0.0581,-0.0581
6.3935,pi,6.2800,3.4305,-0.0577,-0.0577
6.3984,pi,6.2800,3.4298,-0.0577,-0.0577
6.4035,pi,6.2800,3.4295,-0.0577,-0.0577
6.4084,pi,6.2800,3.4294,-0.0577,-0.0577
6.4134,pi,6.2800,3.4294,-0.0577,-0.0577
6.4184,pi,6.2800,3.4292,-0.0577,-0.0577
6.4234,pi,6.2800,3.4290,-0.0577,-0.0577
6.4284,pi,6.2800,3.3830,-0.0587,-0.0587
6.4335,pi,6.2800,3.3596,-0.0591,-0.0591
6.4384,pi,6.2800,3.3409,-0.0595,-0.0595
6.4435,pi,6.2800,3.3258,-0.0598,-0.0598
6.4485,pi,6.2800,3.3140,-0.0601,-0.0601
6.4535,pi,6.2800,3.3043,-0.0603,-0.0603
6.4585,pi,6.2800,3.2968,-0.0604,-0.0604
6.4636,pi,6.2800,3.2905,-0.0605,-0.0605
6.4684,pi,6.2800,3.2858,-0.0606,-0.0606
6.4735,pi,6.2800,3.2812,-0.0607,-0.0607
6.4785,pi,6.2800,3.2784,-0.0608,-0.0608
6.4834,pi,6.2800,3.3082,-0.0602,-0.0602
6.4884,pi,6.2800,3.3322,-0.0597,-0.0597
6.4935,pi,6.2800,3.3055,-0.0602,-0.0602
6.4985,pi,6.2800,3.3302,-0.0597,-0.0597
6.5035,pi,6.2800,3.3498,-0.0593,-0.0593
6.5085,pi,6.2800,3.3330,-0.0597,-0.0597
6.5135,pi,6.2800,3.3517,-0.0593,-0.0593
6.5184,pi,6.2800,3.3670,-0.0590,-0.0590
6.5235,pi,6.2800,3.3332,-0.0597,-0.0597
6.5285,pi,6.2800,3.3528,-0.0593,-0.0593
6.5336,pi,6.2800,3.3352,-0.0596,-0.0596
6.5393,pi,6.2800,3.3206,-0.0599,-0.0599
6.5445,pi,6.2800,3.3592,-0.0592,-0.0592
6.5486,pi,6.2800,3.3402,-0.0595,-0.0595
6.5535,pi,6.2800,3.3256,-0.0598,-0.0598
6.5584,pi,6.2800,3.3459,-0.0594,-0.0594
6.5634,pi,6.2800,3.3624,-0.0591,-0.0591
6.5685,pi,6.2800,3.3432,-0.0595,-0.0595
6.5735,pi,6.2800,3.3782,-0.0588,-0.0588
6.5785,pi,6.2800,3.3560,-0.0592,-0.0592
6.5834,pi,6.2800,3.3245,-0.0598,-0.0598
6.5885,pi,6.2800,3.3453,-0.0594,-0.0594
6.5934,pi,6.2800,3.3624,-0.0591,-0.0591
6.5985,pi,6.2800,3.3305,-0.0597,-0.0597
6.6035,pi,6.2800,3.3505,-0.0593,-0.0593
6.6085,pi,6.2800,3.3338,-0.0597,-0.0597
6.6135,pi,6.2800,3.3203,-0.0599,-0.0599
6.6184,pi,6.2800,3.3417,-0.0595,-0.0595
6.6234,pi,6.2800,3.3589,-0.0592,-0.0592
6.6285,pi,6.2800,3.3269,-0.0598,-0.0598
6.6334,pi,6.2800,3.3470,-0.0594,-0.0594
6.6385,pi,6.2800,3.3310,-0.0597,-0.0597
6.6435,pi,6.2800,3.3182,-0.0600,-0.0600
6.6484,pi,6.2800,3.3400,-0.0595,-0.0595
6.6535,pi,6.2800,3.3254,-0.0598,-0.0598
6.6585,pi,6.2800,3.3137,-0.0601,-0.0601
6.6634,pi,6.2800,3.3365,-0.0596,-0.0596
6.6685,pi,6.2800,3.3226,-0.0599,-0.0599
6.6735,pi,6.2800,3.3114,-0.0601,-0.0601
6.6785,pi,6.2800,3.3524,-0.0593,-0.0593
6.6835,pi,6.2800,3.3354,-0.0596,-0.0596
6.6884,pi,6.2800,3.3537,-0.0593,-0.0593
6.6935,pi,6.2800,3.3684,-0.0590,-0.0590
6.6985,pi,6.2800,3.3802,-0.0587,-0.0587
6.7035,pi,6.2800,3.4078,-0.0582,-0.0582
6.7085,pi,6.2800,3.4297,-0.0577,-0.0577
6.7135,pi,6.2800,3.3972,-0.0584,-0.0584
6.7185,pi,6.2800,3.4205,-0.0579,-0.0579
6.7235,pi,6.2800,3.4395,-0.0575,-0.0575
6.7284,pi,6.2800,3.4371,-0.0576,-0.0576
6.7335,pi,6.2800,3.3901,-0.0585,-0.0585
6.7385,pi,6.2800,3.3655,-0.0590,-0.0590
6.7435,pi,6.2800,3.3458,-0.0594,-0.0594
6.7485,pi,6.2800,3.3300,-0.0597,-0.0597
6.7534,pi,6.2800,3.3494,-0.0593,-0.0593
6.7586,pi,6.2800,3.3194,-0.0600,-0.0600
6.7635,pi,6.2800,3.3090,-0.0602,-0.0602
6.7684,pi,6.2800,3.3327,-0.0597,-0.0597
6.7735,pi,6.2800,3.3068,-0.0602,-0.0602
6.7785,pi,6.2800,3.2988,-0.0604,-0.0604
6.7834,pi,6.2800,3.3245,-0.0598,-0.0598
6.7885,pi,6.2800,3.3130,-0.0601,-0.0601
6.7935,pi,6.2800,3.3038,-0.0603,-0.0603
6.7984,pi,6.2800,3.3284,-0.0598,-0.0598
6.8034,pi,6.2800,3.3483,-0.0594,-0.0594
6.8084,pi,6.2800,3.3184,-0.0600,-0.0600
6.8134,pi,6.2800,3.3402,-0.0595,-0.0595
6.8185,pi,6.2800,3.3255,-0.0598,-0.0598
6.8234,pi,6.2800,3.3000,-0.0603,-0.0603
6.8284,pi,6.2800,3.3256,-0.0598,-0.0598
6.8335,pi,6.2800,3.3139,-0.0601,-0.0601
6.8385,pi,6.2800,3.3045,-0.0603,-0.0603
6.8434,pi,6.2800,3.3290,-0.0598,-0.0598
6.8485,pi,6.2800,3.3487,-0.0594,-0.0594
6.8535,pi,6.2800,3.3323,-0.0597,-0.0597
6.8585,pi,6.2800,3.3694,-0.0589,-0.0589
6.8635,pi,6.2800,3.3489,-0.0594,-0.0594
6.8684,pi,6.2800,3.3188,-0.0600,-0.0600
6.8734,pi,6.2800,3.3405,-0.0595,-0.0595
6.8785,pi,6.2800,3.3258,-0.0598,-0.0598
6.8835,pi,6.2800,3.3141,-0.0601,-0.0601
6.8884,pi,6.2800,3.3368,-0.0596,-0.0596
6.8935,pi,6.2800,3.3549,-0.0592,-0.0592
6.8985,pi,6.2800,3.3373,-0.0596,-0.0596
6.9034,pi,6.2800,3.3553,-0.0592,-0.0592
6.9085,pi,6.2800,3.3698,-0.0589,-0.0589
6.9135,pi,6.2800,3.3492,-0.0594,-0.0594
6.9185,pi,6.2800,3.3830,-0.0587,-0.0587
6.9234,pi,6.2800,3.3919,-0.0585,-0.0585
6.9285,pi,6.2800,3.3533,-0.0593,-0.0593
6.9334,pi,6.2800,3.3681,-0.0590,-0.0590
6.9384,pi,6.2800,3.3801,-0.0587,-0.0587
6.9435,pi,6.2800,3.3438,-0.0595,-0.0595
6.9484,pi,6.2800,3.3606,-0.0591,-0.0591
6.9535,pi,6.2800,3.3417,-0.0595,-0.0595
6.9585,pi,6.2800,3.3266,-0.0598,-0.0598
6.9636,pi,6.2800,3.3648,-0.0590,-0.0590
6.9685,pi,6.2800,3.3452,-0.0594,-0.0594
6.9735,pi,6.2800,3.3295,-0.0597,-0.0597
6.9784,pi,6.2800,3.3672,-0.0590,-0.0590
6.9835,pi,6.2800,3.3471,-0.0594,-0.0594
6.9885,pi,6.2800,3.3813,-0.0587,-0.0587
6.9936,pi,6.2800,3.4083,-0.0582,-0.0582
6.9985,pi,6.2800,3.3797,-0.0587,-0.0587
7.0034,pi,6.2800,3.3891,-0.0585,-0.0585
7.0085,pi,6.2800,3.3968,-0.0584,-0.0584
7.0135,pi,6.2800,3.4029,-0.0583,-0.0583
7.0185,pi,6.2800,3.4260,-0.0578,-0.0578
7.0234,pi,6.2800,3.4263,-0.0578,-0.0578
7.0285,pi,6.2800,3.4265,-0.0578,-0.0578
7.0335,pi,6.2800,3.3811,-0.0587,-0.0587
7.0384,pi,6.2800,3.3904,-0.0585,-0.0585
7.0434,pi,6.2800,3.3520,-0.0593,-0.0593
7.0486,pi,6.2800,3.3215,-0.0599,-0.0599
7.0541,pi,6.2800,3.3100,-0.0601,-0.0601
7.0588,pi,6.2800,3.2877,-0.0606,-0.0606
7.0634,pi,6.2800,3.2701,-0.0609,-0.0609
7.0684,pi,6.2800,3.3018,-0.0603,-0.0603
7.0734,pi,6.2800,3.2815,-0.0607,-0.0607
7.0785,pi,6.2800,3.2786,-0.0608,-0.0608
7.0835,pi,6.2800,3.3264,-0.0598,-0.0598
7.0885,pi,6.2800,3.3145,-0.0601,-0.0601
7.0935,pi,6.2800,3.3050,-0.0602,-0.0602
7.0984,pi,6.2800,3.3294,-0.0597,-0.0597
7.1034,pi,6.2800,3.3490,-0.0594,-0.0594
7.1085,pi,6.2800,3.3195,-0.0599,-0.0599
7.1135,pi,6.2800,3.3592,-0.0591,-0.0591
7.1185,pi,6.2800,3.3405,-0.0595,-0.0595
7.1234,pi,6.2800,3.3759,-0.0588,-0.0588
7.1284,pi,6.2800,3.3860,-0.0586,-0.0586
7.1336,pi,6.2800,3.3619,-0.0591,-0.0591
7.1388,pi,6.2800,3.3927,-0.0585,-0.0585
7.1437,pi,6.2800,3.4173,-0.0580,-0.0580
7.1485,pi,6.2800,3.3868,-0.0586,-0.0586
7.1534,pi,6.2800,3.3949,-0.0584,-0.0584
7.1586,pi,6.2800,3.4015,-0.0583,-0.0583
7.1635,pi,6.2800,3.3742,-0.0588,-0.0588
7.1685,pi,6.2800,3.3848,-0.0586,-0.0586
7.1735,pi,6.2800,3.3612,-0.0591,-0.0591
7.1785,pi,6.2800,3.3421,-0.0595,-0.0595
7.1835,pi,6.2800,3.3591,-0.0591,-0.0591
7.1885,pi,6.2800,3.3730,-0.0589,-0.0589
7.1935,pi,6.2800,3.3386,-0.0596,-0.0596
7.1985,pi,6.2800,3.3570,-0.0592,-0.0592
7.2035,pi,6.2800,3.3389,-0.0596,-0.0596
7.2085,pi,6.2800,3.3748,-0.0588,-0.0588
7.2134,pi,6.2800,3.3852,-0.0586,-0.0586
7.2185,pi,6.2800,3.3939,-0.0584,-0.0584
7.2235,pi,6.2800,3.3681,-0.0590,-0.0590
7.2285,pi,6.2800,3.3798,-0.0587,-0.0587
7.2335,pi,6.2800,3.3573,-0.0592,-0.0592
7.2385,pi,6.2800,3.3388,-0.0596,-0.0596
7.2436,pi,6.2800,3.3746,-0.0588,-0.0588
7.2485,pi,6.2800,3.3529,-0.0593,-0.0593
7.2535,pi,6.2800,3.3220,-0.0599,-0.0599
7.2585,pi,6.2800,3.3107,-0.0601,-0.0601
7.2636,pi,6.2800,3.3018,-0.0603,-0.0603
7.2691,pi,6.2800,3.3448,-0.0594,-0.0594
7.2736,pi,6.2800,3.3612,-0.0591,-0.0591
7.2784,pi,6.2800,3.3747,-0.0588,-0.0588
7.2834,pi,6.2800,3.3855,-0.0586,-0.0586
7.2885,pi,6.2800,3.3939,-0.0584,-0.0584
7.2936,pi,6.2800,3.3684,-0.0590,-0.0590
7.2984,pi,6.2800,3.3801,-0.0587,-0.0587
7.3036,pi,6.2800,3.4076,-0.0582,-0.0582
7.3084,pi,6.2800,3.4115,-0.0581,-0.0581
7.3134,pi,6.2800,3.4149,-0.0580,-0.0580
7.3184,pi,6.2800,3.4176,-0.0580,-0.0580
7.3239,pi,6.2800,3.3865,-0.0586,-0.0586
7.3284,pi,6.2800,3.4126,-0.0581,-0.0581
7.3336,pi,6.2800,3.3828,-0.0587,-0.0587
7.3384,pi,6.2800,3.3592,-0.0591,-0.0591
7.3434,pi,6.2800,3.3728,-0.0589,-0.0589
7.3484,pi,6.2800,3.3840,-0.0586,-0.0586
7.3534,pi,6.2800,3.3472,-0.0594,-0.0594
7.3585,pi,6.2800,3.3635,-0.0591,-0.0591
7.3635,pi,6.2800,3.3440,-0.0595,-0.0595
7.3684,pi,6.2800,3.3153,-0.0600,-0.0600
7.3735,pi,6.2800,3.3377,-0.0596,-0.0596
7.3785,pi,6.2800,3.3564,-0.0592,-0.0592
7.3835,pi,6.2800,3.3249,-0.0598,-0.0598
7.3885,pi,6.2800,3.3002,-0.0603,-0.0603
7.3935,pi,6.2800,3.2935,-0.0605,-0.0605
7.3985,pi,6.2800,3.2881,-0.0606,-0.0606
7.4035,pi,6.2800,3.2839,-0.0607,-0.0607
7.4084,pi,6.2800,3.3125,-0.0601,-0.0601
7.4135,pi,6.2800,3.2897,-0.0606,-0.0606
7.4185,pi,6.2800,3.3353,-0.0596,-0.0596
7.4234,pi,6.2800,3.3536,-0.0593,-0.0593
7.4284,pi,6.2800,3.3228,-0.0599,-0.0599
7.4334,pi,6.2800,3.3437,-0.0595,-0.0595
7.4385,pi,6.2800,3.3786,-0.0588,-0.0588
7.4436,pi,6.2800,3.3563,-0.0592,-0.0592
7.4484,pi,6.2800,3.3705,-0.0589,-0.0589
7.4535,pi,6.2800,3.4001,-0.0583,-0.0583
7.4585,pi,6.2800,3.4056,-0.0582,-0.0582
7.4635,pi,6.2800,3.4099,-0.0581,-0.0581
7.4686,pi,6.2800,3.3805,-0.0587,-0.0587
7.4736,pi,6.2800,3.3577,-0.0592,-0.0592
7.4785,pi,6.2800,3.3897,-0.0585,-0.0585
7.4834,pi,6.2800,3.3972,-0.0584,-0.0584
7.4884,pi,6.2800,3.3578,-0.0592,-0.0592
7.4934,pi,6.2800,3.3719,-0.0589,-0.0589
7.4984,pi,6.2800,3.3830,-0.0587,-0.0587
7.5035,pi,6.2800,3.3462,-0.0594,-0.0594
7.5085,pi,6.2800,3.3805,-0.0587,-0.0587
7.5135,pi,6.2800,3.3578,-0.0592,-0.0592
7.5185,pi,6.2800,3.3259,-0.0598,-0.0598
7.5234,pi,6.2800,3.3468,-0.0594,-0.0594
7.5285,pi,6.2800,3.3307,-0.0597,-0.0597
7.5335,pi,6.2800,3.3180,-0.0600,-0.0600
7.5384,pi,6.2800,3.3578,-0.0592,-0.0592
7.5434,pi,6.2800,3.3715,-0.0589,-0.0589
7.5486,pi,6.2800,3.3505,-0.0593,-0.0593
7.5534,pi,6.2800,3.3841,-0.0586,-0.0586
7.5584,pi,6.2800,3.3927,-0.0585,-0.0585
7.5635,pi,6.2800,3.3540,-0.0593,-0.0593
7.5685,pi,6.2800,3.3870,-0.0586,-0.0586
7.5735,pi,6.2800,3.3627,-0.0591,-0.0591
7.5785,pi,6.2800,3.3298,-0.0597,-0.0597
7.5835,pi,6.2800,3.3494,-0.0593,-0.0593
7.5885,pi,6.2800,3.3328,-0.0597,-0.0597
7.5935,pi,6.2800,3.3196,-0.0599,-0.0599
7.5984,pi,6.2800,3.3410,-0.0595,-0.0595
7.6035,pi,6.2800,3.3262,-0.0598,-0.0598
7.6085,pi,6.2800,3.3143,-0.0601,-0.0601
7.6134,pi,6.2800,3.3551,-0.0592,-0.0592
7.6184,pi,6.2800,3.3695,-0.0589,-0.0589
7.6235,pi,6.2800,3.3353,-0.0596,-0.0596
7.6285,pi,6.2800,3.3539,-0.0593,-0.0593
7.6335,pi,6.2800,3.3365,-0.0596,-0.0596
7.6385,pi,6.2800,3.3088,-0.0602,-0.0602
7.6434,pi,6.2800,3.3326,-0.0597,-0.0597
7.6485,pi,6.2800,3.3195,-0.0600,-0.0600
7.6535,pi,6.2800,3.3089,-0.0602,-0.0602
7.6584,pi,6.2800,3.3325,-0.0597,-0.0597
7.6635,pi,6.2800,3.3195,-0.0600,-0.0600
7.6686,pi,6.2800,3.3089,-0.0602,-0.0602
7.6734,pi,6.2800,3.3325,-0.0597,-0.0597
7.6785,pi,6.2800,3.3194,-0.0600,-0.0600
7.6835,pi,6.2800,3.2953,-0.0604,-0.0604
7.6884,pi,6.2800,3.3217,-0.0599,-0.0599
7.6935,pi,6.2800,3.3107,-0.0601,-0.0601
7.6985,pi,6.2800,3.3020,-0.0603,-0.0603
7.7034,pi,6.2800,3.3270,-0.0598,-0.0598
7.7085,pi,6.2800,3.3472,-0.0594,-0.0594
7.7135,pi,6.2800,3.3310,-0.0597,-0.0597
7.7184,pi,6.2800,3.3502,-0.0593,-0.0593
7.7235,pi,6.2800,3.3336,-0.0597,-0.0597
7.7285,pi,6.2800,3.3705,-0.0589,-0.0589
7.7334,pi,6.2800,3.3818,-0.0587,-0.0587
7.7385,pi,6.2800,3.3589,-0.0592,-0.0592
7.7434,pi,6.2800,3.3725,-0.0589,-0.0589
7.7484,pi,6.2800,3.3835,-0.0587,-0.0587
7.7535,pi,6.2800,3.3923,-0.0585,-0.0585
7.7585,pi,6.2800,3.4175,-0.0580,-0.0580
7.7634,pi,6.2800,3.4193,-0.0579,-0.0579
7.7684,pi,6.2800,3.4210,-0.0579,-0.0579
7.7735,pi,6.2800,3.4223,-0.0579,-0.0579
7.7786,pi,6.2800,3.3898,-0.0585,-0.0585
7.7835,pi,6.2800,3.3654,-0.0590,-0.0590
7.7885,pi,6.2800,3.3960,-0.0584,-0.0584
7.7935,pi,6.2800,3.3702,-0.0589,-0.0589
7.7984,pi,6.2800,3.3359,-0.0596,-0.0596
7.8035,pi,6.2800,3.3542,-0.0592,-0.0592
7.8085,pi,6.2800,3.3367,-0.0596,-0.0596
7.8135,pi,6.2800,3.3223,-0.0599,-0.0599
7.8185,pi,6.2800,3.3113,-0.0601,-0.0601
7.8235,pi,6.2800,3.3023,-0.0603,-0.0603
7.8285,pi,6.2800,3.2815,-0.0607,-0.0607
7.8335,pi,6.2800,3.3117,-0.0601,-0.0601
7.8384,pi,6.2800,3.3350,-0.0596,-0.0596
7.8435,pi,6.2800,3.3077,-0.0602,-0.0602
7.8484,pi,6.2800,3.3317,-0.0597,-0.0597
7.8535,pi,6.2800,3.3508,-0.0593,-0.0593
7.8585,pi,6.2800,3.3204,-0.0599,-0.0599
7.8634,pi,6.2800,3.3418,-0.0595,-0.0595
7.8685,pi,6.2800,3.3772,-0.0588,-0.0588
7.8735,pi,6.2800,3.3872,-0.0586,-0.0586
7.8784,pi,6.2800,3.3954,-0.0584,-0.0584
7.8835,pi,6.2800,3.3697,-0.0589,-0.0589
7.8884,pi,6.2800,3.3355,-0.0596,-0.0596
7.8935,pi,6.2800,3.3539,-0.0593,-0.0593
7.8985,pi,6.2800,3.3364,-0.0596,-0.0596
7.9035,pi,6.2800,3.3225,-0.0599,-0.0599
7.9084,pi,6.2800,3.3434,-0.0595,-0.0595
7.9135,pi,6.2800,3.3281,-0.0598,-0.0598
7.9184,pi,6.2800,3.3479,-0.0594,-0.0594
7.9234,pi,6.2800,3.3638,-0.0591,-0.0591
7.9285,pi,6.2800,3.3444,-0.0594,-0.0594
7.9335,pi,6.2800,3.3289,-0.0598,-0.0598
7.9384,pi,6.2800,3.3667,-0.0590,-0.0590
7.9435,pi,6.2800,3.3468,-0.0594,-0.0594
7.9484,pi,6.2800,3.3172,-0.0600,-0.0600
7.9534,pi,6.2800,3.3393,-0.0595,-0.0595
7.9585,pi,6.2800,3.3248,-0.0598,-0.0598
7.9635,pi,6.2800,3.3132,-0.0601,-0.0601
7.9685,pi,6.2800,3.3039,-0.0603,-0.0603
7.9735,pi,6.2800,3.2961,-0.0604,-0.0604
7.9785,pi,6.2800,3.2766,-0.0608,-0.0608
7.9834,pi,6.2800,3.3069,-0.0602,-0.0602
7.9884,pi,6.2800,3.3311,-0.0597,-0.0597
7.9937,pi,6.2800,3.3177,-0.0600,-0.0600
7.9985,pi,6.2800,3.3575,-0.0592,-0.0592
8.0044,pi,6.2800,3.3389,-0.0596,-0.0596
8.0100,pi,6.2800,3.3738,-0.0589,-0.0589
8.0140,pi,6.2800,3.3843,-0.0586,-0.0586
8.0185,pi,6.2800,3.3608,-0.0591,-0.0591
8.0234,pi,6.2800,3.3285,-0.0598,-0.0598
8.0284,pi,6.2800,3.3485,-0.0594,-0.0594
8.0335,pi,6.2800,3.3320,-0.0597,-0.0597
8.0386,pi,6.2800,3.3688,-0.0590,-0.0590
8.0434,pi,6.2800,3.3801,-0.0587,-0.0587
8.0485,pi,6.2800,3.3900,-0.0585,-0.0585
8.0535,pi,6.2800,3.3973,-0.0584,-0.0584
8.0584,pi,6.2800,3.4037,-0.0582,-0.0582
8.0635,pi,6.2800,3.3763,-0.0588,-0.0588
8.0685,pi,6.2800,3.4045,-0.0582,-0.0582
8.0734,pi,6.2800,3.4092,-0.0581,-0.0581
8.0785,pi,6.2800,3.3806,-0.0587,-0.0587
8.0835,pi,6.2800,3.3579,-0.0592,-0.0592
8.0884,pi,6.2800,3.3716,-0.0589,-0.0589
8.0934,pi,6.2800,3.3375,-0.0596,-0.0596
8.0985,pi,6.2800,3.3235,-0.0599,-0.0599
8.1034,pi,6.2800,3.3443,-0.0594,-0.0594
8.1085,pi,6.2800,3.3288,-0.0598,-0.0598
8.1134,pi,6.2800,3.3027,-0.0603,-0.0603
8.1185,pi,6.2800,3.2818,-0.0607,-0.0607
8.1235,pi,6.2800,3.2788,-0.0608,-0.0608
8.1284,pi,6.2800,3.2627,-0.0611,-0.0611
8.1335,pi,6.2800,3.2500,-0.0614,-0.0614
8.1386,pi,6.2800,3.2533,-0.0613,-0.0613
8.1437,pi,6.2800,3.2559,-0.0612,-0.0612
8.1486,pi,6.2800,3.3082,-0.0602,-0.0602
8.1535,pi,6.2800,3.2996,-0.0604,-0.0604
8.1585,pi,6.2800,3.2931,-0.0605,-0.0605
8.1635,pi,6.2800,3.3382,-0.0596,-0.0596
8.1691,pi,6.2800,3.3740,-0.0589,-0.0589
8.1743,pi,6.2800,3.3517,-0.0593,-0.0593
8.1788,pi,6.2800,3.3845,-0.0586,-0.0586
8.1834,pi,6.2800,3.4109,-0.0581,-0.0581
8.1884,pi,6.2800,3.4598,-0.0571,-0.0571
8.1935,pi,6.2800,3.4538,-0.0572,-0.0572
8.1984,pi,6.2800,3.4488,-0.0573,-0.0573
8.2035,pi,6.2800,3.4448,-0.0574,-0.0574
8.2085,pi,6.2800,3.4416,-0.0575,-0.0575
8.2135,pi,6.2800,3.4064,-0.0582,-0.0582
8.2188,pi,6.2800,3.4105,-0.0581,-0.0581
8.2240,pi,6.2800,3.4141,-0.0580,-0.0580
8.2285,pi,6.2800,3.4174,-0.0580,-0.0580
8.2334,pi,6.2800,3.3743,-0.0588,-0.0588
8.2385,pi,6.2800,3.3025,-0.0603,-0.0603
8.2434,pi,6.2800,3.2953,-0.0604,-0.0604
8.2485,pi,6.2800,3.2896,-0.0606,-0.0606
8.2534,pi,6.2800,3.3171,-0.0600,-0.0600
8.2585,pi,6.2800,3.2934,-0.0605,-0.0605
8.2636,pi,6.2800,3.2880,-0.0606,-0.0606
8.2686,pi,6.2800,3.2337,-0.0617,-0.0617
8.2741,pi,6.2800,3.2266,-0.0618,-0.0618
8.2786,pi,6.2800,3.2215,-0.0619,-0.0619
8.2835,pi,6.2800,3.2305,-0.0618,-0.0618
8.2884,pi,6.2800,3.2698,-0.0610,-0.0610
8.2935,pi,6.2800,3.3014,-0.0603,-0.0603
8.2985,pi,6.2800,3.3266,-0.0598,-0.0598
8.3035,pi,6.2800,3.3146,-0.0600,-0.0600
8.3085,pi,6.2800,3.2914,-0.0605,-0.0605
8.3134,pi,6.2800,3.3187,-0.0600,-0.0600
8.3184,pi,6.2800,3.3409,-0.0595,-0.0595
8.3235,pi,6.2800,3.3584,-0.0592,-0.0592
8.3285,pi,6.2800,3.3903,-0.0585,-0.0585
8.3334,pi,6.2800,3.3976,-0.0584,-0.0584
8.3386,pi,6.2800,3.3713,-0.0589,-0.0589
8.3435,pi,6.2800,3.4005,-0.0583,-0.0583
8.3484,pi,6.2800,3.4057,-0.0582,-0.0582
8.3539,pi,6.2800,3.3778,-0.0588,-0.0588
8.3586,pi,6.2800,3.4058,-0.0582,-0.0582
8.3636,pi,6.2800,3.3778,-0.0588,-0.0588
8.3686,pi,6.2800,3.3541,-0.0593,-0.0593
8.3743,pi,6.2800,3.3862,-0.0586,-0.0586
8.3793,pi,6.2800,3.3605,-0.0591,-0.0591
8.3834,pi,6.2800,3.3421,-0.0595,-0.0595
8.3884,pi,6.2800,3.3133,-0.0601,-0.0601
8.3934,pi,6.2800,3.3363,-0.0596,-0.0596
8.3986,pi,6.2800,3.3222,-0.0599,-0.0599
8.4034,pi,6.2800,3.3432,-0.0595,-0.0595
8.4085,pi,6.2800,3.3602,-0.0591,-0.0591
8.4135,pi,6.2800,3.3415,-0.0595,-0.0595
8.4185,pi,6.2800,3.3585,-0.0592,-0.0592
8.4234,pi,6.2800,3.3732,-0.0589,-0.0589
8.4285,pi,6.2800,3.3386,-0.0596,-0.0596
8.4336,pi,6.2800,3.3243,-0.0599,-0.0599
8.4385,pi,6.2800,3.3629,-0.0591,-0.0591
8.4435,pi,6.2800,3.3437,-0.0595,-0.0595
8.4485,pi,6.2800,3.3603,-0.0591,-0.0591
8.4535,pi,6.2800,3.3417,-0.0595,-0.0595
8.4585,pi,6.2800,3.3266,-0.0598,-0.0598
8.4634,pi,6.2800,3.3466,-0.0594,-0.0594
8.4685,pi,6.2800,3.3628,-0.0591,-0.0591
8.4735,pi,6.2800,3.3302,-0.0597,-0.0597
8.4784,pi,6.2800,3.3498,-0.0593,-0.0593
8.4834,pi,6.2800,3.3652,-0.0590,-0.0590
8.4885,pi,6.2800,3.3777,-0.0588,-0.0588
8.4936,pi,6.2800,3.4059,-0.0582,-0.0582
8.4985,pi,6.2800,3.3777,-0.0588,-0.0588
8.5034,pi,6.2800,3.3555,-0.0592,-0.0592
8.5084,pi,6.2800,3.3697,-0.0589,-0.0589
8.5135,pi,6.2800,3.3813,-0.0587,-0.0587
8.5185,pi,6.2800,3.3448,-0.0594,-0.0594
8.5235,pi,6.2800,3.3795,-0.0587,-0.0587
8.5287,pi,6.2800,3.3557,-0.0592,-0.0592
8.5342,pi,6.2800,3.3372,-0.0596,-0.0596
8.5392,pi,6.2800,3.3226,-0.0599,-0.0599
8.5439,pi,6.2800,3.3101,-0.0601,-0.0601
8.5488,pi,6.2800,3.3013,-0.0603,-0.0603
8.5539,pi,6.2800,3.3440,-0.0595,-0.0595
8.5592,pi,6.2800,3.3274,-0.0598,-0.0598
8.5640,pi,6.2800,3.3151,-0.0600,-0.0600
8.5686,pi,6.2800,3.3556,-0.0592,-0.0592
8.5735,pi,6.2800,3.3377,-0.0596,-0.0596
8.5785,pi,6.2800,3.3097,-0.0602,-0.0602
8.5835,pi,6.2800,3.3340,-0.0597,-0.0597
8.5886,pi,6.2800,3.3531,-0.0593,-0.0593
8.5936,pi,6.2800,3.3682,-0.0590,-0.0590
8.5986,pi,6.2800,3.3353,-0.0596,-0.0596
8.6036,pi,6.2800,3.3537,-0.0593,-0.0593
8.6086,pi,6.2800,3.3235,-0.0599,-0.0599
8.6143,pi,6.2800,3.3619,-0.0591,-0.0591
8.6189,pi,6.2800,3.3421,-0.0595,-0.0595
8.6241,pi,6.2800,3.3264,-0.0598,-0.0598
8.6288,pi,6.2800,3.3643,-0.0590,-0.0590
8.6343,pi,6.2800,3.3444,-0.0594,-0.0594
8.6387,pi,6.2800,3.3791,-0.0587,-0.0587
8.6437,pi,6.2800,3.4065,-0.0582,-0.0582
8.6490,pi,6.2800,3.4286,-0.0577,-0.0577
8.6544,pi,6.2800,3.3962,-0.0584,-0.0584
8.6594,pi,6.2800,3.4186,-0.0580,-0.0580
8.6644,pi,6.2800,3.4198,-0.0579,-0.0579
8.6691,pi,6.2800,3.4394,-0.0575,-0.0575
8.6740,pi,6.2800,3.4375,-0.0576,-0.0576
8.6790,pi,6.2800,3.4030,-0.0583,-0.0583
8.6834,pi,6.2800,3.3626,-0.0591,-0.0591
8.6887,pi,6.2800,3.2922,-0.0605,-0.0605
8.6934,pi,6.2800,3.2741,-0.0609,-0.0609
8.6986,pi,6.2800,3.2599,-0.0612,-0.0612
8.7034,pi,6.2800,3.2940,-0.0605,-0.0605
8.7085,pi,6.2800,3.3214,-0.0599,-0.0599
8.7135,pi,6.2800,3.2993,-0.0604,-0.0604
8.7184,pi,6.2800,3.3257,-0.0598,-0.0598
8.7234,pi,6.2800,3.3016,-0.0603,-0.0603
8.7285,pi,6.2800,3.2815,-0.0607,-0.0607
8.7334,pi,6.2800,3.3116,-0.0601,-0.0601
8.7384,pi,6.2800,3.3351,-0.0596,-0.0596
8.7435,pi,6.2800,3.3546,-0.0592,-0.0592
8.7486,pi,6.2800,3.3873,-0.0586,-0.0586
8.7538,pi,6.2800,3.3628,-0.0591,-0.0591
8.7588,pi,6.2800,3.3436,-0.0595,-0.0595
8.7634,pi,6.2800,3.3603,-0.0591,-0.0591
8.7684,pi,6.2800,3.3416,-0.0595,-0.0595
8.7735,pi,6.2800,3.3266,-0.0598,-0.0598
8.7786,pi,6.2800,3.3467,-0.0594,-0.0594
8.7835,pi,6.2800,3.3305,-0.0597,-0.0597
8.7885,pi,6.2800,3.3680,-0.0590,-0.0590
8.7934,pi,6.2800,3.3980,-0.0584,-0.0584
8.7984,pi,6.2800,3.4037,-0.0582,-0.0582
8.8035,pi,6.2800,3.4087,-0.0581,-0.0581
8.8085,pi,6.2800,3.4126,-0.0581,-0.0581
8.8135,pi,6.2800,3.3835,-0.0587,-0.0587
8.8185,pi,6.2800,3.4104,-0.0581,-0.0581
8.8234,pi,6.2800,3.4138,-0.0580,-0.0580
8.8285,pi,6.2800,3.3841,-0.0586,-0.0586
8.8335,pi,6.2800,3.3607,-0.0591,-0.0591
8.8384,pi,6.2800,3.3741,-0.0588,-0.0588
8.8434,pi,6.2800,3.3527,-0.0593,-0.0593
8.8484,pi,6.2800,3.3219,-0.0599,-0.0599
8.8535,pi,6.2800,3.3110,-0.0601,-0.0601
8.8584,pi,6.2800,3.2885,-0.0606,-0.0606
8.8635,pi,6.2800,3.2842,-0.0607,-0.0607
8.8685,pi,6.2800,3.2805,-0.0607,-0.0607
8.8735,pi,6.2800,3.2777,-0.0608,-0.0608
8.8785,pi,6.2800,3.3074,-0.0602,-0.0602
8.8834,pi,6.2800,3.3316,-0.0597,-0.0597
8.8885,pi,6.2800,3.3509,-0.0593,-0.0593
8.8935,pi,6.2800,3.3340,-0.0597,-0.0597
8.8985,pi,6.2800,3.3709,-0.0589,-0.0589
8.9034,pi,6.2800,3.3501,-0.0593,-0.0593
8.9084,pi,6.2800,3.3655,-0.0590,-0.0590
8.9135,pi,6.2800,3.3778,-0.0588,-0.0588
8.9185,pi,6.2800,3.3877,-0.0586,-0.0586
8.9235,pi,6.2800,3.4139,-0.0580,-0.0580
8.9284,pi,6.2800,3.4165,-0.0580,-0.0580
8.9335,pi,6.2800,3.3867,-0.0586,-0.0586
8.9384,pi,6.2800,3.3948,-0.0584,-0.0584
8.9435,pi,6.2800,3.4013,-0.0583,-0.0583
8.9485,pi,6.2800,3.3744,-0.0588,-0.0588
8.9534,pi,6.2800,3.3850,-0.0586,-0.0586
8.9585,pi,6.2800,3.3935,-0.0585,-0.0585
8.9635,pi,6.2800,3.3544,-0.0592,-0.0592
8.9684,pi,6.2800,3.3691,-0.0589,-0.0589
8.9735,pi,6.2800,3.3808,-0.0587,-0.0587
8.9785,pi,6.2800,3.3580,-0.0592,-0.0592
8.9834,pi,6.2800,3.3719,-0.0589,-0.0589
8.9884,pi,6.2800,3.3830,-0.0587,-0.0587
8.9937,pi,6.2800,3.3598,-0.0591,-0.0591
8.9984,pi,6.2800,3.3732,-0.0589,-0.0589
9.0035,pi,6.2800,3.3519,-0.0593,-0.0593
9.0084,pi,6.2800,3.3350,-0.0596,-0.0596
9.0134,pi,6.2800,3.3535,-0.0593,-0.0593
9.0185,pi,6.2800,3.3362,-0.0596,-0.0596
9.0235,pi,6.2800,3.3223,-0.0599,-0.0599
9.0284,pi,6.2800,3.3433,-0.0595,-0.0595
9.0334,pi,6.2800,3.3602,-0.0591,-0.0591
9.0385,pi,6.2800,3.3416,-0.0595,-0.0595
9.0434,pi,6.2800,3.3587,-0.0592,-0.0592
9.0485,pi,6.2800,3.3724,-0.0589,-0.0589
9.0534,pi,6.2800,3.3376,-0.0596,-0.0596
9.0584,pi,6.2800,3.3557,-0.0592,-0.0592
9.0635,pi,6.2800,3.3378,-0.0596,-0.0596
9.0685,pi,6.2800,3.3236,-0.0599,-0.0599
9.0734,pi,6.2800,3.3443,-0.0594,-0.0594
9.0785,pi,6.2800,3.3289,-0.0598,-0.0598
9.0835,pi,6.2800,3.3164,-0.0600,-0.0600
9.0884,pi,6.2800,3.3569,-0.0592,-0.0592
9.0934,pi,6.2800,3.3710,-0.0589,-0.0589
9.0985,pi,6.2800,3.3502,-0.0593,-0.0593
9.1034,pi,6.2800,3.3656,-0.0590,-0.0590
9.1085,pi,6.2800,3.3457,-0.0594,-0.0594
9.1135,pi,6.2800,3.3300,-0.0597,-0.0597
9.1184,pi,6.2800,3.3677,-0.0590,-0.0590
9.1234,pi,6.2800,3.3475,-0.0594,-0.0594
9.1285,pi,6.2800,3.3315,-0.0597,-0.0597
9.1334,pi,6.2800,3.3506,-0.0593,-0.0593
9.1386,pi,6.2800,3.3335,-0.0597,-0.0597
9.1438,pi,6.2800,3.3202,-0.0599,-0.0599
9.1486,pi,6.2800,3.3598,-0.0591,-0.0591
9.1535,pi,6.2800,3.3411,-0.0595,-0.0595
9.1585,pi,6.2800,3.3766,-0.0588,-0.0588
9.1634,pi,6.2800,3.3868,-0.0586,-0.0586
9.1687,pi,6.2800,3.3627,-0.0591,-0.0591
9.1735,pi,6.2800,3.3936,-0.0585,-0.0585
9.1786,pi,6.2800,3.4182,-0.0580,-0.0580
9.1837,pi,6.2800,3.3878,-0.0586,-0.0586
9.1888,pi,6.2800,3.3497,-0.0593,-0.0593
9.1935,pi,6.2800,3.3833,-0.0587,-0.0587
9.1984,pi,6.2800,3.3920,-0.0585,-0.0585
9.2034,pi,6.2800,3.3535,-0.0593,-0.0593
9.2085,pi,6.2800,3.3684,-0.0590,-0.0590
9.2138,pi,6.2800,3.3479,-0.0594,-0.0594
9.2186,pi,6.2800,3.3821,-0.0587,-0.0587
9.2242,pi,6.2800,3.3910,-0.0585,-0.0585
9.2292,pi,6.2800,3.3526,-0.0593,-0.0593
9.2336,pi,6.2800,3.3678,-0.0590,-0.0590
9.2384,pi,6.2800,3.3800,-0.0587,-0.0587
9.2435,pi,6.2800,3.3899,-0.0585,-0.0585
9.2484,pi,6.2800,3.3977,-0.0584,-0.0584
9.2534,pi,6.2800,3.4036,-0.0582,-0.0582
9.2586,pi,6.2800,3.3761,-0.0588,-0.0588
9.2634,pi,6.2800,3.3864,-0.0586,-0.0586
9.2685,pi,6.2800,3.3947,-0.0584,-0.0584
9.2735,pi,6.2800,3.3559,-0.0592,-0.0592
9.2785,pi,6.2800,3.3249,-0.0598,-0.0598
9.2834,pi,6.2800,3.3457,-0.0594,-0.0594
9.2887,pi,6.2800,3.3297,-0.0597,-0.0597
9.2934,pi,6.2800,3.3672,-0.0590,-0.0590
9.2984,pi,6.2800,3.3472,-0.0594,-0.0594
9.3035,pi,6.2800,3.3311,-0.0597,-0.0597
9.3084,pi,6.2800,3.3504,-0.0593,-0.0593
9.3135,pi,6.2800,3.3337,-0.0597,-0.0597
9.3185,pi,6.2800,3.3068,-0.0602,-0.0602
9.3234,pi,6.2800,3.3311,-0.0597,-0.0597
9.3285,pi,6.2800,3.3685,-0.0590,-0.0590
9.3335,pi,6.2800,3.3482,-0.0594,-0.0594
9.3385,pi,6.2800,3.3641,-0.0590,-0.0590
9.3434,pi,6.2800,3.3770,-0.0588,-0.0588
9.3485,pi,6.2800,3.3549,-0.0592,-0.0592
9.3534,pi,6.2800,3.3694,-0.0589,-0.0589
9.3585,pi,6.2800,3.3488,-0.0594,-0.0594
9.3636,pi,6.2800,3.3826,-0.0587,-0.0587
9.3685,pi,6.2800,3.4097,-0.0581,-0.0581
9.3735,pi,6.2800,3.3811,-0.0587,-0.0587
9.3787,pi,6.2800,3.4086,-0.0581,-0.0581
9.3838,pi,6.2800,3.4301,-0.0577,-0.0577
9.3890,pi,6.2800,3.3962,-0.0584,-0.0584
9.3939,pi,6.2800,3.4200,-0.0579,-0.0579
9.3984,pi,6.2800,3.4214,-0.0579,-0.0579
9.4034,pi,6.2800,3.3905,-0.0585,-0.0585
9.4084,pi,6.2800,3.3521,-0.0593,-0.0593
9.4135,pi,6.2800,3.3671,-0.0590,-0.0590
9.4185,pi,6.2800,3.3471,-0.0594,-0.0594
9.4235,pi,6.2800,3.3309,-0.0597,-0.0597
9.4284,pi,6.2800,3.3500,-0.0593,-0.0593
9.4335,pi,6.2800,3.3197,-0.0599,-0.0599
9.4385,pi,6.2800,3.2961,-0.0604,-0.0604
9.4435,pi,6.2800,3.3232,-0.0599,-0.0599
9.4485,pi,6.2800,3.3119,-0.0601,-0.0601
9.4535,pi,6.2800,3.3023,-0.0603,-0.0603
9.4585,pi,6.2800,3.3452,-0.0594,-0.0594
9.4635,pi,6.2800,3.3295,-0.0598,-0.0598
9.4685,pi,6.2800,3.3169,-0.0600,-0.0600
9.4735,pi,6.2800,3.3389,-0.0596,-0.0596
9.4785,pi,6.2800,3.3567,-0.0592,-0.0592
9.4835,pi,6.2800,3.3253,-0.0598,-0.0598
9.4884,pi,6.2800,3.3460,-0.0594,-0.0594
9.4934,pi,6.2800,3.3624,-0.0591,-0.0591
9.4985,pi,6.2800,3.3298,-0.0597,-0.0597
9.5034,pi,6.2800,3.3495,-0.0593,-0.0593
9.5084,pi,6.2800,3.3656,-0.0590,-0.0590
9.5134,pi,6.2800,3.3780,-0.0588,-0.0588
9.5184,pi,6.2800,3.3881,-0.0586,-0.0586
9.5234,pi,6.2800,3.3962,-0.0584,-0.0584
9.5284,pi,6.2800,3.4026,-0.0583,-0.0583
9.5334,pi,6.2800,3.4076,-0.0582,-0.0582
9.5385,pi,6.2800,3.3794,-0.0587,-0.0587
9.5434,pi,6.2800,3.3570,-0.0592,-0.0592
9.5484,pi,6.2800,3.3710,-0.0589,-0.0589
9.5534,pi,6.2800,3.3502,-0.0593,-0.0593
9.5584,pi,6.2800,3.3336,-0.0597,-0.0597
9.5634,pi,6.2800,3.3203,-0.0599,-0.0599
9.5684,pi,6.2800,3.3096,-0.0602,-0.0602
9.5735,pi,6.2800,3.3010,-0.0603,-0.0603
9.5784,pi,6.2800,3.3262,-0.0598,-0.0598
9.5835,pi,6.2800,3.3144,-0.0601,-0.0601
9.5884,pi,6.2800,3.3369,-0.0596,-0.0596
9.5934,pi,6.2800,3.3551,-0.0592,-0.0592
9.5985,pi,6.2800,3.3375,-0.0596,-0.0596
9.6034,pi,6.2800,3.3554,-0.0592,-0.0592
9.6084,pi,6.2800,3.3699,-0.0589,-0.0589
9.6135,pi,6.2800,3.3492,-0.0594,-0.0594
9.6184,pi,6.2800,3.3648,-0.0590,-0.0590
9.6234,pi,6.2800,3.3773,-0.0588,-0.0588
9.6285,pi,6.2800,3.3552,-0.0592,-0.0592
9.6334,pi,6.2800,3.3696,-0.0589,-0.0589
9.6384,pi,6.2800,3.3491,-0.0593,-0.0593
9.6434,pi,6.2800,3.3327,-0.0597,-0.0597
9.6484,pi,6.2800,3.3516,-0.0593,-0.0593
9.6534,pi,6.2800,3.3347,-0.0596,-0.0596
9.6584,pi,6.2800,3.3211,-0.0599,-0.0599
9.6634,pi,6.2800,3.3422,-0.0595,-0.0595
9.6685,pi,6.2800,3.3268,-0.0598,-0.0598
9.6734,pi,6.2800,3.3148,-0.0600,-0.0600
9.6784,pi,6.2800,3.3372,-0.0596,-0.0596
9.6837,pi,6.2800,3.3225,-0.0599,-0.0599
9.6890,pi,6.2800,3.3107,-0.0601,-0.0601
9.6941,pi,6.2800,3.3515,-0.0593,-0.0593
9.6993,pi,6.2800,3.3316,-0.0597,-0.0597
9.7037,pi,6.2800,3.3182,-0.0600,-0.0600
9.7089,pi,6.2800,3.3572,-0.0592,-0.0592
9.7139,pi,6.2800,3.3385,-0.0596,-0.0596
9.7191,pi,6.2800,3.3235,-0.0599,-0.0599
9.7241,pi,6.2800,3.3616,-0.0591,-0.0591
9.7287,pi,6.2800,3.3411,-0.0595,-0.0595
9.7337,pi,6.2800,3.3128,-0.0601,-0.0601
9.7390,pi,6.2800,3.3540,-0.0593,-0.0593
9.7436,pi,6.2800,3.3361,-0.0596,-0.0596
9.7484,pi,6.2800,3.3090,-0.0602,-0.0602
9.7534,pi,6.2800,3.3349,-0.0596,-0.0596
9.7584,pi,6.2800,3.3540,-0.0593,-0.0593
9.7635,pi,6.2800,3.3238,-0.0599,-0.0599
9.7684,pi,6.2800,3.3452,-0.0594,-0.0594
9.7735,pi,6.2800,3.3625,-0.0591,-0.0591
9.7785,pi,6.2800,3.3301,-0.0597,-0.0597
9.7834,pi,6.2800,3.3508,-0.0593,-0.0593
9.7885,pi,6.2800,3.3663,-0.0590,-0.0590
9.7935,pi,6.2800,3.3334,-0.0597,-0.0597
9.7984,pi,6.2800,3.3532,-0.0593,-0.0593
9.8035,pi,6.2800,3.3359,-0.0596,-0.0596
9.8085,pi,6.2800,3.3221,-0.0599,-0.0599
9.8134,pi,6.2800,3.3612,-0.0591,-0.0591
9.8185,pi,6.2800,3.3423,-0.0595,-0.0595
9.8235,pi,6.2800,3.3273,-0.0598,-0.0598
9.8284,pi,6.2800,3.3473,-0.0594,-0.0594
9.8335,pi,6.2800,3.3313,-0.0597,-0.0597
9.8384,pi,6.2800,3.3184,-0.0600,-0.0600
9.8434,pi,6.2800,3.3401,-0.0595,-0.0595
9.8485,pi,6.2800,3.3255,-0.0598,-0.0598
9.8535,pi,6.2800,3.3137,-0.0601,-0.0601
9.8584,pi,6.2800,3.3363,-0.0596,-0.0596
9.8635,pi,6.2800,3.3546,-0.0592,-0.0592
9.8684,pi,6.2800,3.3693,-0.0589,-0.0589
9.8735,pi,6.2800,3.3809,-0.0587,-0.0587
9.8785,pi,6.2800,3.3582,-0.0592,-0.0592
9.8835,pi,6.2800,3.3899,-0.0585,-0.0585
9.8884,pi,6.2800,3.3972,-0.0584,-0.0584
9.8936,pi,6.2800,3.3712,-0.0589,-0.0589
9.8984,pi,6.2800,3.4007,-0.0583,-0.0583
9.9034,pi,6.2800,3.4060,-0.0582,-0.0582
9.9085,pi,6.2800,3.4103,-0.0581,-0.0581
9.9136,pi,6.2800,3.3814,-0.0587,-0.0587
9.9185,pi,6.2800,3.3584,-0.0592,-0.0592
9.9235,pi,6.2800,3.3402,-0.0595,-0.0595
9.9285,pi,6.2800,3.3255,-0.0598,-0.0598
9.9334,pi,6.2800,3.3458,-0.0594,-0.0594
9.9385,pi,6.2800,3.3168,-0.0600,-0.0600
9.9435,pi,6.2800,3.3570,-0.0592,-0.0592
9.9485,pi,6.2800,3.3389,-0.0596,-0.0596
9.9535,pi,6.2800,3.3245,-0.0598,-0.0598
9.9585,pi,6.2800,3.3130,-0.0601,-0.0601
9.9634,pi,6.2800,3.3357,-0.0596,-0.0596
9.9685,pi,6.2800,3.3541,-0.0592,-0.0592
9.9736,pi,6.2800,3.3366,-0.0596,-0.0596
9.9787,pi,6.2800,3.3730,-0.0589,-0.0589
9.9842,pi,6.2800,3.3517,-0.0593,-0.0593
9.9888,pi,6.2800,3.3849,-0.0586,-0.0586
9.9935,pi,6.2800,3.3934,-0.0585,-0.0585
9.9985,pi,6.2800,3.3681,-0.0590,-0.0590
10.0034,pi,6.2800,3.3344,-0.0596,-0.0596
10.0085,pi,6.2800,3.3531,-0.0593,-0.0593
10.0135,pi,6.2800,3.3679,-0.0590,-0.0590
10.0185,pi,6.2800,3.3980,-0.0584,-0.0584
10.0234,pi,6.2800,3.4038,-0.0582,-0.0582
10.0286,pi,6.2800,3.4085,-0.0581,-0.0581
10.0338,pi,6.2800,3.3802,-0.0587,-0.0587
10.0388,pi,6.2800,3.3575,-0.0592,-0.0592
10.0434,pi,6.2800,3.3394,-0.0595,-0.0595
10.0484,pi,6.2800,3.3113,-0.0601,-0.0601
10.0534,pi,6.2800,3.3348,-0.0596,-0.0596
10.0586,pi,6.2800,3.3204,-0.0599,-0.0599
10.0635,pi,6.2800,3.3098,-0.0601,-0.0601
10.0686,pi,6.2800,3.3004,-0.0603,-0.0603
10.0734,pi,6.2800,3.2805,-0.0607,-0.0607
10.0785,pi,6.2800,3.2644,-0.0611,-0.0611
10.0834,pi,6.2800,3.2971,-0.0604,-0.0604
10.0885,pi,6.2800,3.3234,-0.0599,-0.0599
10.0935,pi,6.2800,3.3119,-0.0601,-0.0601
10.0985,pi,6.2800,3.3530,-0.0593,-0.0593
10.1034,pi,6.2800,3.3358,-0.0596,-0.0596
10.1085,pi,6.2800,3.3082,-0.0602,-0.0602
10.1134,pi,6.2800,3.3327,-0.0597,-0.0597
10.1184,pi,6.2800,3.3518,-0.0593,-0.0593
10.1235,pi,6.2800,3.3349,-0.0596,-0.0596
10.1285,pi,6.2800,3.3716,-0.0589,-0.0589
10.1334,pi,6.2800,3.3827,-0.0587,-0.0587
10.1385,pi,6.2800,3.3917,-0.0585,-0.0585
10.1436,pi,6.2800,3.4170,-0.0580,-0.0580
10.1488,pi,6.2800,3.3871,-0.0586,-0.0586
10.1537,pi,6.2800,3.4132,-0.0581,-0.0581
10.1584,pi,6.2800,3.4340,-0.0576,-0.0576
10.1634,pi,6.2800,3.4006,-0.0583,-0.0583
10.1684,pi,6.2800,3.4060,-0.0582,-0.0582
10.1740,pi,6.2800,3.4284,-0.0577,-0.0577
10.1786,pi,6.2800,3.3956,-0.0584,-0.0584
10.1839,pi,6.2800,3.3695,-0.0589,-0.0589
10.1890,pi,6.2800,3.3484,-0.0594,-0.0594
10.1936,pi,6.2800,3.3182,-0.0600,-0.0600
10.1984,pi,6.2800,3.2946,-0.0605,-0.0605
10.2034,pi,6.2800,3.3213,-0.0599,-0.0599
10.2084,pi,6.2800,3.2969,-0.0604,-0.0604
10.2135,pi,6.2800,3.2909,-0.0605,-0.0605
10.2185,pi,6.2800,3.2861,-0.0606,-0.0606
10.2234,pi,6.2800,3.2684,-0.0610,-0.0610
10.2285,pi,6.2800,3.2544,-0.0613,-0.0613
10.2335,pi,6.2800,3.2891,-0.0606,-0.0606
10.2384,pi,6.2800,3.3170,-0.0600,-0.0600
10.2436,pi,6.2800,3.2937,-0.0605,-0.0605
10.2485,pi,6.2800,3.3205,-0.0599,-0.0599
10.2535,pi,6.2800,3.3098,-0.0601,-0.0601
10.2584,pi,6.2800,3.3333,-0.0597,-0.0597
10.2634,pi,6.2800,3.3521,-0.0593,-0.0593
10.2685,pi,6.2800,3.3351,-0.0596,-0.0596
10.2734,pi,6.2800,3.3535,-0.0593,-0.0593
10.2785,pi,6.2800,3.3683,-0.0590,-0.0590
10.2835,pi,6.2800,3.4260,-0.0578,-0.0578
10.2885,pi,6.2800,3.4263,-0.0578,-0.0578
10.2935,pi,6.2800,3.4266,-0.0578,-0.0578
10.2985,pi,6.2800,3.4725,-0.0569,-0.0569
10.3035,pi,6.2800,3.4815,-0.0567,-0.0567
10.3085,pi,6.2800,3.4384,-0.0575,-0.0575
10.3135,pi,6.2800,3.4544,-0.0572,-0.0572
10.3184,pi,6.2800,3.4490,-0.0573,-0.0573
10.3234,pi,6.2800,3.4448,-0.0574,-0.0574
10.3285,pi,6.2800,3.3956,-0.0584,-0.0584
10.3335,pi,6.2800,3.4020,-0.0583,-0.0583
10.3384,pi,6.2800,3.3613,-0.0591,-0.0591
10.3435,pi,6.2800,3.3289,-0.0598,-0.0598
10.3485,pi,6.2800,3.3165,-0.0600,-0.0600
10.3534,pi,6.2800,3.2928,-0.0605,-0.0605
10.3584,pi,6.2800,3.2742,-0.0609,-0.0609
10.3635,pi,6.2800,3.3051,-0.0602,-0.0602
10.3685,pi,6.2800,3.2975,-0.0604,-0.0604
10.3736,pi,6.2800,3.2913,-0.0605,-0.0605
10.3785,pi,6.2800,3.2863,-0.0606,-0.0606
10.3836,pi,6.2800,3.2822,-0.0607,-0.0607
10.3884,pi,6.2800,3.2791,-0.0608,-0.0608
10.3934,pi,6.2800,3.3087,-0.0602,-0.0602
10.3984,pi,6.2800,3.3324,-0.0597,-0.0597
10.4036,pi,6.2800,3.3057,-0.0602,-0.0602
10.4088,pi,6.2800,3.3482,-0.0594,-0.0594
10.4135,pi,6.2800,3.3317,-0.0597,-0.0597
10.4185,pi,6.2800,3.3186,-0.0600,-0.0600
10.4234,pi,6.2800,3.3403,-0.0595,-0.0595
10.4285,pi,6.2800,3.3577,-0.0592,-0.0592
10.4334,pi,6.2800,3.4175,-0.0580,-0.0580
10.4385,pi,6.2800,3.4197,-0.0579,-0.0579
10.4435,pi,6.2800,3.3891,-0.0585,-0.0585
10.4485,pi,6.2800,3.4150,-0.0580,-0.0580
10.4534,pi,6.2800,3.4175,-0.0580,-0.0580
10.4585,pi,6.2800,3.4193,-0.0579,-0.0579
10.4635,pi,6.2800,3.4212,-0.0579,-0.0579
10.4684,pi,6.2800,3.4226,-0.0579,-0.0579
10.4735,pi,6.2800,3.3915,-0.0585,-0.0585
10.4784,pi,6.2800,3.3529,-0.0593,-0.0593
10.4835,pi,6.2800,3.3358,-0.0596,-0.0596
10.4884,pi,6.2800,3.3082,-0.0602,-0.0602
10.4935,pi,6.2800,3.2864,-0.0606,-0.0606
10.4985,pi,6.2800,3.2825,-0.0607,-0.0607
10.5034,pi,6.2800,3.2795,-0.0608,-0.0608
10.5084,pi,6.2800,3.2633,-0.0611,-0.0611
10.5135,pi,6.2800,3.2640,-0.0611,-0.0611
10.5184,pi,6.2800,3.2646,-0.0611,-0.0611
10.5234,pi,6.2800,3.2971,-0.0604,-0.0604
10.5285,pi,6.2800,3.3414,-0.0595,-0.0595
10.5334,pi,6.2800,3.3265,-0.0598,-0.0598
10.5385,pi,6.2800,3.3645,-0.0590,-0.0590
10.5434,pi,6.2800,3.3769,-0.0588,-0.0588
10.5485,pi,6.2800,3.3539,-0.0593,-0.0593
10.5544,pi,6.2800,3.3863,-0.0586,-0.0586
10.5598,pi,6.2800,3.4117,-0.0581,-0.0581
10.5638,pi,6.2800,3.3831,-0.0586,-0.0586
10.5684,pi,6.2800,3.4101,-0.0581,-0.0581
10.5735,pi,6.2800,3.3815,-0.0587,-0.0587
10.5785,pi,6.2800,3.3449,-0.0594,-0.0594
10.5835,pi,6.2800,3.3796,-0.0587,-0.0587
10.5885,pi,6.2800,3.3890,-0.0585,-0.0585
10.5935,pi,6.2800,3.3646,-0.0590,-0.0590
10.5984,pi,6.2800,3.3770,-0.0588,-0.0588
10.6034,pi,6.2800,3.3878,-0.0586,-0.0586
10.6084,pi,6.2800,3.3503,-0.0593,-0.0593
10.6134,pi,6.2800,3.3668,-0.0590,-0.0590
10.6185,pi,6.2800,3.3468,-0.0594,-0.0594
10.6235,pi,6.2800,3.3307,-0.0597,-0.0597
10.6284,pi,6.2800,3.3682,-0.0590,-0.0590
10.6334,pi,6.2800,3.3800,-0.0587,-0.0587
10.6385,pi,6.2800,3.3436,-0.0595,-0.0595
10.6435,pi,6.2800,3.3605,-0.0591,-0.0591
10.6485,pi,6.2800,3.3417,-0.0595,-0.0595
10.6535,pi,6.2800,3.3266,-0.0598,-0.0598
10.6585,pi,6.2800,3.3649,-0.0590,-0.0590
10.6635,pi,6.2800,3.3453,-0.0594,-0.0594
10.6685,pi,6.2800,3.3296,-0.0597,-0.0597
10.6734,pi,6.2800,3.3491,-0.0593,-0.0593
10.6785,pi,6.2800,3.3327,-0.0597,-0.0597
10.6835,pi,6.2800,3.3196,-0.0599,-0.0599
10.6884,pi,6.2800,3.3411,-0.0595,-0.0595
10.6935,pi,6.2800,3.3263,-0.0598,-0.0598
10.6985,pi,6.2800,3.3007,-0.0603,-0.0603
10.7034,pi,6.2800,3.3261,-0.0598,-0.0598
10.7085,pi,6.2800,3.3143,-0.0601,-0.0601
10.7134,pi,6.2800,3.2911,-0.0605,-0.0605
10.7184,pi,6.2800,3.3184,-0.0600,-0.0600
10.7234,pi,6.2800,3.3403,-0.0595,-0.0595
10.7284,pi,6.2800,3.3577,-0.0592,-0.0592
10.7335,pi,6.2800,3.3899,-0.0585,-0.0585
10.7385,pi,6.2800,3.3653,-0.0590,-0.0590
10.7434,pi,6.2800,3.3320,-0.0597,-0.0597
10.7485,pi,6.2800,3.3693,-0.0589,-0.0589
10.7535,pi,6.2800,3.3489,-0.0594,-0.0594
10.7584,pi,6.2800,3.3645,-0.0590,-0.0590
10.7635,pi,6.2800,3.3771,-0.0588,-0.0588
10.7685,pi,6.2800,3.3550,-0.0592,-0.0592
10.7736,pi,6.2800,3.3373,-0.0596,-0.0596
10.7785,pi,6.2800,3.3230,-0.0599,-0.0599
10.7835,pi,6.2800,3.2981,-0.0604,-0.0604
10.7884,pi,6.2800,3.3240,-0.0599,-0.0599
10.7935,pi,6.2800,3.3447,-0.0594,-0.0594
10.7985,pi,6.2800,3.3612,-0.0591,-0.0591
10.8035,pi,6.2800,3.3926,-0.0585,-0.0585
10.8085,pi,6.2800,3.3674,-0.0590,-0.0590
10.8135,pi,6.2800,3.3972,-0.0584,-0.0584
10.8184,pi,6.2800,3.4031,-0.0583,-0.0583
10.8235,pi,6.2800,3.4079,-0.0582,-0.0582
10.8285,pi,6.2800,3.4299,-0.0577,-0.0577
10.8334,pi,6.2800,3.4296,-0.0577,-0.0577
10.8385,pi,6.2800,3.3970,-0.0584,-0.0584
10.8435,pi,6.2800,3.3575,-0.0592,-0.0592
10.8485,pi,6.2800,3.3893,-0.0585,-0.0585
10.8534,pi,6.2800,3.3968,-0.0584,-0.0584
10.8585,pi,6.2800,3.4030,-0.0583,-0.0583
10.8634,pi,6.2800,3.4080,-0.0582,-0.0582
10.8685,pi,6.2800,3.3798,-0.0587,-0.0587
10.8734,pi,6.2800,3.3893,-0.0585,-0.0585
10.8784,pi,6.2800,3.3970,-0.0584,-0.0584
10.8835,pi,6.2800,3.3710,-0.0589,-0.0589
10.8884,pi,6.2800,3.3822,-0.0587,-0.0587
10.8935,pi,6.2800,3.4095,-0.0581,-0.0581
10.8984,pi,6.2800,3.4129,-0.0581,-0.0581
10.9034,pi,6.2800,3.4165,-0.0580,-0.0580
10.9085,pi,6.2800,3.3866,-0.0586,-0.0586
10.9134,pi,6.2800,3.3627,-0.0591,-0.0591
10.9184,pi,6.2800,3.3756,-0.0588,-0.0588
10.9235,pi,6.2800,3.3539,-0.0593,-0.0593
10.9285,pi,6.2800,3.3365,-0.0596,-0.0596
10.9334,pi,6.2800,3.3547,-0.0592,-0.0592
10.9385,pi,6.2800,3.3371,-0.0596,-0.0596
10.9434,pi,6.2800,3.3095,-0.0602,-0.0602
10.9485,pi,6.2800,3.3331,-0.0597,-0.0597
10.9535,pi,6.2800,3.3198,-0.0599,-0.0599
10.9585,pi,6.2800,3.3093,-0.0602,-0.0602
10.9634,pi,6.2800,3.3328,-0.0597,-0.0597
10.9685,pi,6.2800,3.3192,-0.0600,-0.0600
10.9735,pi,6.2800,3.2952,-0.0604,-0.0604
10.9785,pi,6.2800,3.3218,-0.0599,-0.0599
10.9834,pi,6.2800,3.3431,-0.0595,-0.0595
10.9885,pi,6.2800,3.3143,-0.0601,-0.0601
10.9937,pi,6.2800,3.3370,-0.0596,-0.0596
10.9985,pi,6.2800,3.3226,-0.0599,-0.0599
11.0042,pi,6.2800,3.3110,-0.0601,-0.0601
11.0093,pi,6.2800,3.3522,-0.0593,-0.0593
11.0135,pi,6.2800,3.3349,-0.0596,-0.0596
11.0184,pi,6.2800,3.3076,-0.0602,-0.0602
11.0235,pi,6.2800,3.3497,-0.0593,-0.0593
11.0285,pi,6.2800,3.3331,-0.0597,-0.0597
11.0335,pi,6.2800,3.3702,-0.0589,-0.0589
11.0386,pi,6.2800,3.3997,-0.0583,-0.0583
11.0435,pi,6.2800,3.3730,-0.0589,-0.0589
11.0484,pi,6.2800,3.3838,-0.0586,-0.0586
11.0535,pi,6.2800,3.3928,-0.0585,-0.0585
11.0585,pi,6.2800,3.4459,-0.0574,-0.0574
11.0634,pi,6.2800,3.4424,-0.0575,-0.0575
11.0685,pi,6.2800,3.4396,-0.0575,-0.0575
11.0735,pi,6.2800,3.4549,-0.0572,-0.0572
11.0784,pi,6.2800,3.4675,-0.0569,-0.0569
11.0835,pi,6.2800,3.4274,-0.0578,-0.0578
11.0885,pi,6.2800,3.3816,-0.0587,-0.0587
11.0935,pi,6.2800,3.3908,-0.0585,-0.0585
11.0985,pi,6.2800,3.3659,-0.0590,-0.0590
11.1035,pi,6.2800,3.3962,-0.0584,-0.0584
11.1085,pi,6.2800,3.3704,-0.0589,-0.0589
11.1135,pi,6.2800,3.3497,-0.0593,-0.0593
11.1184,pi,6.2800,3.3652,-0.0590,-0.0590
11.1234,pi,6.2800,3.3776,-0.0588,-0.0588
11.1285,pi,6.2800,3.3555,-0.0592,-0.0592
11.1334,pi,6.2800,3.3699,-0.0589,-0.0589
11.1384,pi,6.2800,3.3813,-0.0587,-0.0587
11.1436,pi,6.2800,3.3582,-0.0592,-0.0592
11.1487,pi,6.2800,3.3901,-0.0585,-0.0585
11.1538,pi,6.2800,3.3973,-0.0584,-0.0584
11.1589,pi,6.2800,3.3710,-0.0589,-0.0589
11.1641,pi,6.2800,3.4004,-0.0583,-0.0583
11.1685,pi,6.2800,3.3736,-0.0589,-0.0589
11.1735,pi,6.2800,3.3523,-0.0593,-0.0593
11.1784,pi,6.2800,3.3674,-0.0590,-0.0590
11.1834,pi,6.2800,3.3795,-0.0587,-0.0587
11.1885,pi,6.2800,3.3570,-0.0592,-0.0592
11.1934,pi,6.2800,3.3710,-0.0589,-0.0589
11.1984,pi,6.2800,3.3825,-0.0587,-0.0587
11.2035,pi,6.2800,3.3593,-0.0591,-0.0591
11.2084,pi,6.2800,3.3731,-0.0589,-0.0589
11.2139,pi,6.2800,3.3510,-0.0593,-0.0593
11.2193,pi,6.2800,3.3335,-0.0597,-0.0597
11.2241,pi,6.2800,3.3698,-0.0589,-0.0589
11.2287,pi,6.2800,3.3480,-0.0594,-0.0594
11.2342,pi,6.2800,3.3313,-0.0597,-0.0597
11.2387,pi,6.2800,3.3682,-0.0590,-0.0590
11.2435,pi,6.2800,3.3480,-0.0594,-0.0594
11.2485,pi,6.2800,3.3318,-0.0597,-0.0597
11.2534,pi,6.2800,3.3509,-0.0593,-0.0593
11.2586,pi,6.2800,3.3666,-0.0590,-0.0590
11.2640,pi,6.2800,3.3324,-0.0597,-0.0597
11.2689,pi,6.2800,3.3518,-0.0593,-0.0593
11.2735,pi,6.2800,3.3674,-0.0590,-0.0590
11.2785,pi,6.2800,3.3339,-0.0597,-0.0597
11.2834,pi,6.2800,3.3534,-0.0593,-0.0593
11.2885,pi,6.2800,3.3687,-0.0590,-0.0590
11.2935,pi,6.2800,3.3484,-0.0594,-0.0594
11.2985,pi,6.2800,3.3823,-0.0587,-0.0587
11.3035,pi,6.2800,3.3591,-0.0591,-0.0591
11.3085,pi,6.2800,3.3404,-0.0595,-0.0595
11.3134,pi,6.2800,3.3575,-0.0592,-0.0592
11.3187,pi,6.2800,3.3717,-0.0589,-0.0589
11.3235,pi,6.2800,3.3831,-0.0587,-0.0587
11.3284,pi,6.2800,3.3922,-0.0585,-0.0585
11.3335,pi,6.2800,3.3996,-0.0583,-0.0583
11.3385,pi,6.2800,3.3596,-0.0591,-0.0591
11.3435,pi,6.2800,3.3732,-0.0589,-0.0589
11.3485,pi,6.2800,3.3842,-0.0586,-0.0586
11.3534,pi,6.2800,3.3931,-0.0585,-0.0585
11.3584,pi,6.2800,3.4001,-0.0583,-0.0583
11.3635,pi,6.2800,3.4058,-0.0582,-0.0582
11.3685,pi,6.2800,3.3647,-0.0590,-0.0590
11.3736,pi,6.2800,3.3450,-0.0594,-0.0594
11.3785,pi,6.2800,3.3289,-0.0598,-0.0598
11.3836,pi,6.2800,3.3163,-0.0600,-0.0600
11.3885,pi,6.2800,3.3565,-0.0592,-0.0592
11.3934,pi,6.2800,3.3706,-0.0589,-0.0589
11.3989,pi,6.2800,3.3478,-0.0594,-0.0594
11.4035,pi,6.2800,3.3314,-0.0597,-0.0597
11.4088,pi,6.2800,3.3182,-0.0600,-0.0600
11.4141,pi,6.2800,3.3577,-0.0592,-0.0592
11.4192,pi,6.2800,3.3883,-0.0586,-0.0586
11.4238,pi,6.2800,3.3956,-0.0584,-0.0584
11.4285,pi,6.2800,3.4201,-0.0579,-0.0579
11.4334,pi,6.2800,3.4219,-0.0579,-0.0579
11.4385,pi,6.2800,3.3910,-0.0585,-0.0585
11.4435,pi,6.2800,3.4164,-0.0580,-0.0580
11.4485,pi,6.2800,3.4185,-0.0579,-0.0579
11.4542,pi,6.2800,3.4674,-0.0570,-0.0570
11.4593,pi,6.2800,3.4595,-0.0571,-0.0571
11.4635,pi,6.2800,3.4532,-0.0572,-0.0572
11.4685,pi,6.2800,3.4485,-0.0573,-0.0573
11.4735,pi,6.2800,3.4458,-0.0574,-0.0574
11.4785,pi,6.2800,3.4423,-0.0575,-0.0575
11.4835,pi,6.2800,3.4072,-0.0582,-0.0582
11.4884,pi,6.2800,3.4112,-0.0581,-0.0581
11.4935,pi,6.2800,3.3822,-0.0587,-0.0587
11.4985,pi,6.2800,3.3592,-0.0591,-0.0591
11.5034,pi,6.2800,3.3728,-0.0589,-0.0589
11.5084,pi,6.2800,3.3383,-0.0596,-0.0596
11.5135,pi,6.2800,3.3106,-0.0601,-0.0601
11.5185,pi,6.2800,3.2516,-0.0613,-0.0613
11.5235,pi,6.2800,3.2546,-0.0613,-0.0613
11.5284,pi,6.2800,3.2436,-0.0615,-0.0615
11.5335,pi,6.2800,3.2804,-0.0607,-0.0607
11.5385,pi,6.2800,3.2777,-0.0608,-0.0608
11.5435,pi,6.2800,3.2756,-0.0608,-0.0608
11.5484,pi,6.2800,3.3060,-0.0602,-0.0602
11.5534,pi,6.2800,3.3303,-0.0597,-0.0597
11.5585,pi,6.2800,3.3176,-0.0600,-0.0600
11.5634,pi,6.2800,3.3395,-0.0595,-0.0595
11.5685,pi,6.2800,3.3570,-0.0592,-0.0592
11.5735,pi,6.2800,3.4168,-0.0580,-0.0580
11.5785,pi,6.2800,3.4190,-0.0579,-0.0579
11.5835,pi,6.2800,3.3885,-0.0586,-0.0586
11.5885,pi,6.2800,3.3642,-0.0590,-0.0590
11.5934,pi,6.2800,3.3768,-0.0588,-0.0588
11.5985,pi,6.2800,3.3548,-0.0592,-0.0592
11.6034,pi,6.2800,3.3875,-0.0586,-0.0586
11.6084,pi,6.2800,3.3954,-0.0584,-0.0584
11.6135,pi,6.2800,3.3697,-0.0589,-0.0589
11.6184,pi,6.2800,3.3812,-0.0587,-0.0587
11.6235,pi,6.2800,3.3584,-0.0592,-0.0592
11.6285,pi,6.2800,3.3401,-0.0595,-0.0595
11.6334,pi,6.2800,3.3574,-0.0592,-0.0592
11.6384,pi,6.2800,3.3715,-0.0589,-0.0589
11.6435,pi,6.2800,3.3506,-0.0593,-0.0593
11.6484,pi,6.2800,3.3659,-0.0590,-0.0590
11.6535,pi,6.2800,3.3457,-0.0594,-0.0594
11.6585,pi,6.2800,3.3299,-0.0597,-0.0597
11.6634,pi,6.2800,3.3493,-0.0593,-0.0593
11.6684,pi,6.2800,3.3650,-0.0590,-0.0590
11.6735,pi,6.2800,3.3450,-0.0594,-0.0594
11.6784,pi,6.2800,3.3615,-0.0591,-0.0591
11.6834,pi,6.2800,3.3748,-0.0588,-0.0588
11.6884,pi,6.2800,3.3396,-0.0595,-0.0595
11.6935,pi,6.2800,3.3572,-0.0592,-0.0592
11.6984,pi,6.2800,3.3713,-0.0589,-0.0589
11.7035,pi,6.2800,3.3367,-0.0596,-0.0596
11.7084,pi,6.2800,3.3552,-0.0592,-0.0592
11.7134,pi,6.2800,3.3698,-0.0589,-0.0589
11.7185,pi,6.2800,3.3492,-0.0593,-0.0593
11.7234,pi,6.2800,3.3648,-0.0590,-0.0590
11.7285,pi,6.2800,3.3452,-0.0594,-0.0594
11.7335,pi,6.2800,3.3294,-0.0598,-0.0598
11.7384,pi,6.2800,3.3489,-0.0594,-0.0594
11.7435,pi,6.2800,3.3325,-0.0597,-0.0597
11.7485,pi,6.2800,3.3193,-0.0600,-0.0600
11.7534,pi,6.2800,3.3408,-0.0595,-0.0595
11.7585,pi,6.2800,3.3261,-0.0598,-0.0598
11.7634,pi,6.2800,3.3142,-0.0601,-0.0601
11.7684,pi,6.2800,3.3368,-0.0596,-0.0596
11.7735,pi,6.2800,3.3227,-0.0599,-0.0599
11.7785,pi,6.2800,3.3116,-0.0601,-0.0601
11.7834,pi,6.2800,3.3347,-0.0596,-0.0596
11.7884,pi,6.2800,3.3533,-0.0593,-0.0593
11.7935,pi,6.2800,3.3360,-0.0596,-0.0596
11.7984,pi,6.2800,3.3542,-0.0592,-0.0592
11.8034,pi,6.2800,3.3689,-0.0589,-0.0589
11.8084,pi,6.2800,3.3349,-0.0596,-0.0596
11.8134,pi,6.2800,3.3534,-0.0593,-0.0593
11.8184,pi,6.2800,3.3682,-0.0590,-0.0590
11.8234,pi,6.2800,3.3343,-0.0597,-0.0597
11.8284,pi,6.2800,3.3529,-0.0593,-0.0593
11.8335,pi,6.2800,3.3357,-0.0596,-0.0596
11.8384,pi,6.2800,3.3219,-0.0599,-0.0599
11.8434,pi,6.2800,3.3429,-0.0595,-0.0595
11.8484,pi,6.2800,3.3599,-0.0591,-0.0591
11.8535,pi,6.2800,3.3413,-0.0595,-0.0595
11.8584,pi,6.2800,3.3585,-0.0592,-0.0592
11.8634,pi,6.2800,3.3722,-0.0589,-0.0589
11.8685,pi,6.2800,3.3507,-0.0593,-0.0593
11.8734,pi,6.2800,3.3659,-0.0590,-0.0590
11.8785,pi,6.2800,3.3461,-0.0594,-0.0594
11.8834,pi,6.2800,3.3166,-0.0600,-0.0600
11.8885,pi,6.2800,3.3388,-0.0596,-0.0596
11.8935,pi,6.2800,3.3244,-0.0599,-0.0599
11.8985,pi,6.2800,3.3128,-0.0601,-0.0601
11.9034,pi,6.2800,3.3357,-0.0596,-0.0596
11.9085,pi,6.2800,3.3219,-0.0599,-0.0599
11.9134,pi,6.2800,3.3108,-0.0601,-0.0601
11.9184,pi,6.2800,3.3341,-0.0597,-0.0597
11.9234,pi,6.2800,3.3531,-0.0593,-0.0593
11.9285,pi,6.2800,3.3358,-0.0596,-0.0596
11.9334,pi,6.2800,3.3723,-0.0589,-0.0589
11.9384,pi,6.2800,3.3511,-0.0593,-0.0593
11.9434,pi,6.2800,3.3342,-0.0597,-0.0597
11.9484,pi,6.2800,3.3528,-0.0593,-0.0593
11.9535,pi,6.2800,3.3355,-0.0596,-0.0596
11.9584,pi,6.2800,3.3217,-0.0599,-0.0599
11.9634,pi,6.2800,3.3427,-0.0595,-0.0595
11.9685,pi,6.2800,3.3275,-0.0598,-0.0598
11.9734,pi,6.2800,3.3154,-0.0600,-0.0600
11.9785,pi,6.2800,3.3560,-0.0592,-0.0592
11.9835,pi,6.2800,3.3380,-0.0596,-0.0596
11.9885,pi,6.2800,3.3238,-0.0599,-0.0599
11.9935,pi,6.2800,3.3445,-0.0594,-0.0594
11.9985,pi,6.2800,3.3287,-0.0598,-0.0598
12.0035,pi,6.2800,3.3164,-0.0600,-0.0600
12.0084,pi,6.2800,3.3385,-0.0596,-0.0596
12.0135,pi,6.2800,3.3241,-0.0599,-0.0599
12.0185,pi,6.2800,3.3127,-0.0601,-0.0601
12.0235,pi,6.2800,3.3538,-0.0593,-0.0593
12.0284,pi,6.2800,3.3684,-0.0590,-0.0590
12.0335,pi,6.2800,3.3345,-0.0596,-0.0596
12.0384,pi,6.2800,3.3532,-0.0593,-0.0593
12.0435,pi,6.2800,3.3360,-0.0596,-0.0596
12.0485,pi,6.2800,3.3083,-0.0602,-0.0602
12.0535,pi,6.2800,3.3322,-0.0597,-0.0597
12.0584,pi,6.2800,3.3514,-0.0593,-0.0593
12.0635,pi,6.2800,3.3345,-0.0596,-0.0596
12.0684,pi,6.2800,3.3531,-0.0593,-0.0593
12.0735,pi,6.2800,3.3359,-0.0596,-0.0596
12.0785,pi,6.2800,3.3221,-0.0599,-0.0599
12.0834,pi,6.2800,3.3432,-0.0595,-0.0595
12.0885,pi,6.2800,3.3279,-0.0598,-0.0598
12.0935,pi,6.2800,3.3158,-0.0600,-0.0600
12.0984,pi,6.2800,3.3381,-0.0596,-0.0596
12.1035,pi,6.2800,3.3239,-0.0599,-0.0599
12.1084,pi,6.2800,3.2988,-0.0604,-0.0604
12.1134,pi,6.2800,3.3246,-0.0598,-0.0598
12.1185,pi,6.2800,3.3129,-0.0601,-0.0601
12.1234,pi,6.2800,3.3038,-0.0603,-0.0603
12.1284,pi,6.2800,3.3285,-0.0598,-0.0598
12.1335,pi,6.2800,3.3162,-0.0600,-0.0600
12.1385,pi,6.2800,3.3064,-0.0602,-0.0602
12.1434,pi,6.2800,3.3305,-0.0597,-0.0597
12.1486,pi,6.2800,3.3176,-0.0600,-0.0600
12.1538,pi,6.2800,3.3073,-0.0602,-0.0602
12.1588,pi,6.2800,3.3492,-0.0593,-0.0593
12.1636,pi,6.2800,3.3325,-0.0597,-0.0597
12.1685,pi,6.2800,3.3194,-0.0600,-0.0600
12.1734,pi,6.2800,3.3410,-0.0595,-0.0595
12.1787,pi,6.2800,3.3584,-0.0592,-0.0592
12.1842,pi,6.2800,3.3399,-0.0595,-0.0595
12.1888,pi,6.2800,3.3755,-0.0588,-0.0588
12.1935,pi,6.2800,3.3536,-0.0593,-0.0593
12.1984,pi,6.2800,3.3225,-0.0599,-0.0599
12.2034,pi,6.2800,3.3437,-0.0595,-0.0595
12.2084,pi,6.2800,3.3607,-0.0591,-0.0591
12.2135,pi,6.2800,3.3419,-0.0595,-0.0595
12.2185,pi,6.2800,3.3589,-0.0592,-0.0592
12.2235,pi,6.2800,3.3406,-0.0595,-0.0595
12.2288,pi,6.2800,3.3255,-0.0598,-0.0598
12.2335,pi,6.2800,3.3641,-0.0590,-0.0590
12.2384,pi,6.2800,3.3767,-0.0588,-0.0588
12.2436,pi,6.2800,3.3412,-0.0595,-0.0595
12.2484,pi,6.2800,3.3586,-0.0592,-0.0592
12.2535,pi,6.2800,3.3403,-0.0595,-0.0595
12.2585,pi,6.2800,3.3255,-0.0598,-0.0598
12.2634,pi,6.2800,3.3458,-0.0594,-0.0594
12.2685,pi,6.2800,3.3624,-0.0591,-0.0591
12.2735,pi,6.2800,3.3432,-0.0595,-0.0595
12.2785,pi,6.2800,3.3598,-0.0591,-0.0591
12.2835,pi,6.2800,3.3413,-0.0595,-0.0595
12.2886,pi,6.2800,3.3263,-0.0598,-0.0598
12.2934,pi,6.2800,3.3465,-0.0594,-0.0594
12.2984,pi,6.2800,3.3628,-0.0591,-0.0591
12.3034,pi,6.2800,3.3301,-0.0597,-0.0597
12.3085,pi,6.2800,3.3674,-0.0590,-0.0590
12.3134,pi,6.2800,3.3475,-0.0594,-0.0594
12.3185,pi,6.2800,3.3308,-0.0597,-0.0597
12.3234,pi,6.2800,3.3681,-0.0590,-0.0590
12.3284,pi,6.2800,3.3800,-0.0587,-0.0587
12.3335,pi,6.2800,3.3439,-0.0595,-0.0595
12.3384,pi,6.2800,3.3609,-0.0591,-0.0591
12.3434,pi,6.2800,3.3744,-0.0588,-0.0588
12.3485,pi,6.2800,3.3527,-0.0593,-0.0593
12.3534,pi,6.2800,3.3857,-0.0586,-0.0586
12.3584,pi,6.2800,3.3938,-0.0584,-0.0584
12.3635,pi,6.2800,3.3684,-0.0590,-0.0590
12.3684,pi,6.2800,3.3800,-0.0587,-0.0587
12.3735,pi,6.2800,3.3900,-0.0585,-0.0585
12.3785,pi,6.2800,3.3652,-0.0590,-0.0590
12.3836,pi,6.2800,3.3957,-0.0584,-0.0584
12.3885,pi,6.2800,3.3698,-0.0589,-0.0589
12.3934,pi,6.2800,3.3357,-0.0596,-0.0596
12.3989,pi,6.2800,3.3721,-0.0589,-0.0589
12.4040,pi,6.2800,3.3508,-0.0593,-0.0593
12.4093,pi,6.2800,3.3339,-0.0597,-0.0597
12.4136,pi,6.2800,3.3705,-0.0589,-0.0589
12.4184,pi,6.2800,3.3820,-0.0587,-0.0587
12.4234,pi,6.2800,3.3456,-0.0594,-0.0594
12.4284,pi,6.2800,3.3620,-0.0591,-0.0591
12.4335,pi,6.2800,3.3753,-0.0588,-0.0588
12.4385,pi,6.2800,3.3400,-0.0595,-0.0595
12.4435,pi,6.2800,3.3576,-0.0592,-0.0592
12.4485,pi,6.2800,3.3715,-0.0589,-0.0589
12.4535,pi,6.2800,3.3375,-0.0596,-0.0596
12.4584,pi,6.2800,3.3559,-0.0592,-0.0592
12.4634,pi,6.2800,3.3706,-0.0589,-0.0589
12.4685,pi,6.2800,3.3498,-0.0593,-0.0593
12.4734,pi,6.2800,3.3653,-0.0590,-0.0590
12.4785,pi,6.2800,3.3455,-0.0594,-0.0594
12.4834,pi,6.2800,3.3298,-0.0597,-0.0597
12.4885,pi,6.2800,3.3036,-0.0603,-0.0603
12.4935,pi,6.2800,3.3285,-0.0598,-0.0598
12.4984,pi,6.2800,3.3025,-0.0603,-0.0603
12.5034,pi,6.2800,3.3276,-0.0598,-0.0598
12.5085,pi,6.2800,3.3155,-0.0600,-0.0600
12.5134,pi,6.2800,3.3058,-0.0602,-0.0602
12.5184,pi,6.2800,3.3301,-0.0597,-0.0597
12.5234,pi,6.2800,3.3497,-0.0593,-0.0593
12.5284,pi,6.2800,3.3194,-0.0600,-0.0600
12.5335,pi,6.2800,3.3411,-0.0595,-0.0595
12.5384,pi,6.2800,3.3585,-0.0592,-0.0592
12.5435,pi,6.2800,3.3402,-0.0595,-0.0595
12.5484,pi,6.2800,3.3576,-0.0592,-0.0592
12.5535,pi,6.2800,3.3717,-0.0589,-0.0589
12.5585,pi,6.2800,3.3507,-0.0593,-0.0593
12.5635,pi,6.2800,3.3339,-0.0597,-0.0597
12.5685,pi,6.2800,3.3204,-0.0599,-0.0599
12.5735,pi,6.2800,3.3098,-0.0601,-0.0601
12.5785,pi,6.2800,3.3516,-0.0593,-0.0593
12.5834,pi,6.2800,3.3347,-0.0596,-0.0596
12.5884,pi,6.2800,3.3212,-0.0599,-0.0599
12.5934,pi,6.2800,3.3424,-0.0595,-0.0595
12.5984,pi,6.2800,3.3594,-0.0591,-0.0591
12.6035,pi,6.2800,3.3408,-0.0595,-0.0595
12.6084,pi,6.2800,3.3581,-0.0592,-0.0592
12.6135,pi,6.2800,3.3719,-0.0589,-0.0589
12.6184,pi,6.2800,3.3830,-0.0587,-0.0587
12.6235,pi,6.2800,3.4100,-0.0581,-0.0581
12.6284,pi,6.2800,3.4134,-0.0580,-0.0580
12.6335,pi,6.2800,3.3841,-0.0586,-0.0586
12.6385,pi,6.2800,3.3606,-0.0591,-0.0591
12.6435,pi,6.2800,3.3416,-0.0595,-0.0595
12.6487,pi,6.2800,3.3263,-0.0598,-0.0598
12.6538,pi,6.2800,3.3644,-0.0590,-0.0590
12.6585,pi,6.2800,3.3445,-0.0594,-0.0594
12.6634,pi,6.2800,3.3290,-0.0598,-0.0598
12.6684,pi,6.2800,3.3487,-0.0594,-0.0594
12.6734,pi,6.2800,3.3644,-0.0590,-0.0590
12.6785,pi,6.2800,3.3449,-0.0594,-0.0594
12.6835,pi,6.2800,3.3793,-0.0587,-0.0587
12.6885,pi,6.2800,3.4070,-0.0582,-0.0582
12.6937,pi,6.2800,3.3788,-0.0588,-0.0588
12.6990,pi,6.2800,3.3883,-0.0586,-0.0586
12.7034,pi,6.2800,3.3963,-0.0584,-0.0584
12.7084,pi,6.2800,3.3571,-0.0592,-0.0592
12.7134,pi,6.2800,3.3256,-0.0598,-0.0598
12.7184,pi,6.2800,3.3138,-0.0601,-0.0601
12.7234,pi,6.2800,3.3043,-0.0603,-0.0603
12.7284,pi,6.2800,3.3288,-0.0598,-0.0598
12.7334,pi,6.2800,3.3485,-0.0594,-0.0594
12.7385,pi,6.2800,3.3319,-0.0597,-0.0597
12.7434,pi,6.2800,3.3511,-0.0593,-0.0593
12.7485,pi,6.2800,3.3666,-0.0590,-0.0590
12.7535,pi,6.2800,3.3467,-0.0594,-0.0594
12.7584,pi,6.2800,3.3629,-0.0591,-0.0591
12.7634,pi,6.2800,3.3758,-0.0588,-0.0588
12.7684,pi,6.2800,3.3862,-0.0586,-0.0586
12.7735,pi,6.2800,3.3623,-0.0591,-0.0591
12.7785,pi,6.2800,3.3433,-0.0595,-0.0595
12.7834,pi,6.2800,3.3144,-0.0601,-0.0601
12.7885,pi,6.2800,3.2913,-0.0605,-0.0605
12.7934,pi,6.2800,3.3190,-0.0600,-0.0600
12.7984,pi,6.2800,3.2948,-0.0605,-0.0605
12.8034,pi,6.2800,3.3215,-0.0599,-0.0599
12.8084,pi,6.2800,3.3429,-0.0595,-0.0595
12.8135,pi,6.2800,3.3277,-0.0598,-0.0598
12.8184,pi,6.2800,3.3658,-0.0590,-0.0590
12.8234,pi,6.2800,3.3780,-0.0588,-0.0588
12.8285,pi,6.2800,3.3557,-0.0592,-0.0592
12.8334,pi,6.2800,3.3882,-0.0586,-0.0586
12.8384,pi,6.2800,3.4142,-0.0580,-0.0580
12.8435,pi,6.2800,3.3845,-0.0586,-0.0586
12.8484,pi,6.2800,3.4113,-0.0581,-0.0581
12.8534,pi,6.2800,3.3823,-0.0587,-0.0587
12.8585,pi,6.2800,3.3590,-0.0592,-0.0592
12.8634,pi,6.2800,3.3908,-0.0585,-0.0585
12.8684,pi,6.2800,3.3980,-0.0584,-0.0584
12.8735,pi,6.2800,3.3718,-0.0589,-0.0589
12.8784,pi,6.2800,3.3829,-0.0587,-0.0587
12.8835,pi,6.2800,3.3597,-0.0591,-0.0591
12.8884,pi,6.2800,3.3412,-0.0595,-0.0595
12.8934,pi,6.2800,3.3584,-0.0592,-0.0592
12.8985,pi,6.2800,3.3401,-0.0595,-0.0595
12.9035,pi,6.2800,3.3255,-0.0598,-0.0598
12.9084,pi,6.2800,3.3458,-0.0594,-0.0594
12.9135,pi,6.2800,3.3300,-0.0597,-0.0597
12.9185,pi,6.2800,3.3173,-0.0600,-0.0600
12.9234,pi,6.2800,3.3392,-0.0595,-0.0595
12.9284,pi,6.2800,3.3569,-0.0592,-0.0592
12.9335,pi,6.2800,3.3385,-0.0596,-0.0596
12.9384,pi,6.2800,3.3562,-0.0592,-0.0592
12.9435,pi,6.2800,3.3705,-0.0589,-0.0589
12.9485,pi,6.2800,3.3498,-0.0593,-0.0593
12.9534,pi,6.2800,3.3653,-0.0590,-0.0590
12.9585,pi,6.2800,3.3457,-0.0594,-0.0594
12.9635,pi,6.2800,3.3300,-0.0597,-0.0597
12.9685,pi,6.2800,3.3677,-0.0590,-0.0590
12.9735,pi,6.2800,3.3476,-0.0594,-0.0594
12.9785,pi,6.2800,3.3314,-0.0597,-0.0597
12.9835,pi,6.2800,3.3505,-0.0593,-0.0593
12.9885,pi,6.2800,3.3338,-0.0597,-0.0597
12.9935,pi,6.2800,3.3204,-0.0599,-0.0599
12.9985,pi,6.2800,3.3600,-0.0591,-0.0591
13.0034,pi,6.2800,3.3735,-0.0589,-0.0589
13.0084,pi,6.2800,3.3387,-0.0596,-0.0596
13.0134,pi,6.2800,3.3565,-0.0592,-0.0592
13.0185,pi,6.2800,3.3706,-0.0589,-0.0589
13.0234,pi,6.2800,3.3363,-0.0596,-0.0596
13.0284,pi,6.2800,3.3546,-0.0592,-0.0592
13.0334,pi,6.2800,3.3692,-0.0589,-0.0589
13.0385,pi,6.2800,3.3350,-0.0596,-0.0596
13.0434,pi,6.2800,3.3535,-0.0593,-0.0593
13.0485,pi,6.2800,3.3683,-0.0590,-0.0590
13.0536,pi,6.2800,3.3479,-0.0594,-0.0594
13.0586,pi,6.2800,3.3817,-0.0587,-0.0587
13.0636,pi,6.2800,3.3587,-0.0592,-0.0592
13.0684,pi,6.2800,3.3267,-0.0598,-0.0598
13.0734,pi,6.2800,3.3469,-0.0594,-0.0594
13.0785,pi,6.2800,3.3632,-0.0591,-0.0591
13.0834,pi,6.2800,3.3303,-0.0597,-0.0597
13.0884,pi,6.2800,3.3497,-0.0593,-0.0593
13.0935,pi,6.2800,3.3654,-0.0590,-0.0590
13.0984,pi,6.2800,3.3321,-0.0597,-0.0597
13.1034,pi,6.2800,3.3511,-0.0593,-0.0593
13.1085,pi,6.2800,3.3667,-0.0590,-0.0590
13.1134,pi,6.2800,3.3333,-0.0597,-0.0597
13.1184,pi,6.2800,3.3523,-0.0593,-0.0593
13.1235,pi,6.2800,3.3352,-0.0596,-0.0596
13.1284,pi,6.2800,3.3718,-0.0589,-0.0589
13.1334,pi,6.2800,3.3828,-0.0587,-0.0587
13.1385,pi,6.2800,3.3597,-0.0591,-0.0591
13.1435,pi,6.2800,3.3913,-0.0585,-0.0585
13.1485,pi,6.2800,3.4164,-0.0580,-0.0580
13.1537,pi,6.2800,3.3866,-0.0586,-0.0586
13.1585,pi,6.2800,3.4128,-0.0581,-0.0581
13.1634,pi,6.2800,3.4338,-0.0576,-0.0576
13.1684,pi,6.2800,3.4325,-0.0577,-0.0577
13.1735,pi,6.2800,3.3986,-0.0584,-0.0584
13.1784,pi,6.2800,3.4044,-0.0582,-0.0582
13.1835,pi,6.2800,3.3632,-0.0591,-0.0591
13.1884,pi,6.2800,3.3761,-0.0588,-0.0588
13.1934,pi,6.2800,3.3864,-0.0586,-0.0586
13.1986,pi,6.2800,3.3624,-0.0591,-0.0591
13.2035,pi,6.2800,3.3929,-0.0585,-0.0585
13.2085,pi,6.2800,3.3678,-0.0590,-0.0590
13.2135,pi,6.2800,3.3477,-0.0594,-0.0594
13.2185,pi,6.2800,3.3316,-0.0597,-0.0597
13.2234,pi,6.2800,3.3506,-0.0593,-0.0593
13.2286,pi,6.2800,3.3337,-0.0597,-0.0597
13.2335,pi,6.2800,3.3202,-0.0599,-0.0599
13.2385,pi,6.2800,3.3092,-0.0602,-0.0602
13.2435,pi,6.2800,3.3006,-0.0603,-0.0603
13.2484,pi,6.2800,3.2801,-0.0607,-0.0607
13.2534,pi,6.2800,3.3099,-0.0601,-0.0601
13.2585,pi,6.2800,3.2886,-0.0606,-0.0606
13.2636,pi,6.2800,3.3344,-0.0597,-0.0597
13.2687,pi,6.2800,3.3706,-0.0589,-0.0589
13.2735,pi,6.2800,3.3493,-0.0593,-0.0593
13.2784,pi,6.2800,3.3649,-0.0590,-0.0590
13.2835,pi,6.2800,3.3774,-0.0588,-0.0588
13.2886,pi,6.2800,3.3874,-0.0586,-0.0586
13.2935,pi,6.2800,3.3632,-0.0591,-0.0591
13.2985,pi,6.2800,3.3942,-0.0584,-0.0584
13.3035,pi,6.2800,3.3687,-0.0590,-0.0590
13.3085,pi,6.2800,3.3986,-0.0583,-0.0583
13.3134,pi,6.2800,3.4042,-0.0582,-0.0582
13.3185,pi,6.2800,3.3636,-0.0591,-0.0591
13.3235,pi,6.2800,3.3310,-0.0597,-0.0597
13.3285,pi,6.2800,3.3181,-0.0600,-0.0600
13.3335,pi,6.2800,3.3079,-0.0602,-0.0602
13.3385,pi,6.2800,3.2997,-0.0603,-0.0603
13.3434,pi,6.2800,3.3252,-0.0598,-0.0598
13.3485,pi,6.2800,3.3457,-0.0594,-0.0594
13.3535,pi,6.2800,3.3299,-0.0597,-0.0597
13.3585,pi,6.2800,3.3173,-0.0600,-0.0600
13.3635,pi,6.2800,3.3073,-0.0602,-0.0602
13.3685,pi,6.2800,3.2991,-0.0604,-0.0604
13.3735,pi,6.2800,3.3429,-0.0595,-0.0595
13.3785,pi,6.2800,3.3598,-0.0591,-0.0591
13.3836,pi,6.2800,3.3412,-0.0595,-0.0595
13.3884,pi,6.2800,3.3585,-0.0592,-0.0592
13.3935,pi,6.2800,3.3723,-0.0589,-0.0589
13.3989,pi,6.2800,3.3512,-0.0593,-0.0593
13.4040,pi,6.2800,3.3844,-0.0586,-0.0586
13.4084,pi,6.2800,3.3609,-0.0591,-0.0591
13.4136,pi,6.2800,3.3421,-0.0595,-0.0595
13.4185,pi,6.2800,3.3772,-0.0588,-0.0588
13.4235,pi,6.2800,3.3873,-0.0586,-0.0586
13.4285,pi,6.2800,3.4135,-0.0580,-0.0580
13.4335,pi,6.2800,3.4162,-0.0580,-0.0580
13.4385,pi,6.2800,3.3864,-0.0586,-0.0586
13.4435,pi,6.2800,3.3623,-0.0591,-0.0591
13.4484,pi,6.2800,3.3751,-0.0588,-0.0588
13.4535,pi,6.2800,3.3855,-0.0586,-0.0586
13.4584,pi,6.2800,3.3485,-0.0594,-0.0594
13.4634,pi,6.2800,3.3644,-0.0590,-0.0590
13.4684,pi,6.2800,3.3770,-0.0588,-0.0588
13.4735,pi,6.2800,3.3549,-0.0592,-0.0592
13.4784,pi,6.2800,3.3693,-0.0589,-0.0589
13.4835,pi,6.2800,3.3487,-0.0594,-0.0594
13.4884,pi,6.2800,3.3323,-0.0597,-0.0597
13.4935,pi,6.2800,3.3695,-0.0589,-0.0589
13.4984,pi,6.2800,3.3811,-0.0587,-0.0587
13.5034,pi,6.2800,3.3446,-0.0594,-0.0594
13.5086,pi,6.2800,3.3794,-0.0587,-0.0587
13.5135,pi,6.2800,3.3566,-0.0592,-0.0592
13.5184,pi,6.2800,3.3254,-0.0598,-0.0598
13.5234,pi,6.2800,3.3460,-0.0594,-0.0594
13.5287,pi,6.2800,3.3294,-0.0598,-0.0598
13.5342,pi,6.2800,3.3163,-0.0600,-0.0600
13.5389,pi,6.2800,3.3562,-0.0592,-0.0592
13.5442,pi,6.2800,3.3375,-0.0596,-0.0596
13.5489,pi,6.2800,3.3230,-0.0599,-0.0599
13.5540,pi,6.2800,3.3615,-0.0591,-0.0591
13.5591,pi,6.2800,3.3420,-0.0595,-0.0595
13.5637,pi,6.2800,3.3271,-0.0598,-0.0598
13.5686,pi,6.2800,3.3650,-0.0590,-0.0590
13.5735,pi,6.2800,3.3449,-0.0594,-0.0594
13.5785,pi,6.2800,3.3153,-0.0600,-0.0600
13.5835,pi,6.2800,3.3382,-0.0596,-0.0596
13.5885,pi,6.2800,3.3566,-0.0592,-0.0592
13.5936,pi,6.2800,3.3251,-0.0598,-0.0598
13.5985,pi,6.2800,3.3463,-0.0594,-0.0594
13.6035,pi,6.2800,3.3628,-0.0591,-0.0591
13.6085,pi,6.2800,3.3304,-0.0597,-0.0597
13.6140,pi,6.2800,3.3502,-0.0593,-0.0593
13.6190,pi,6.2800,3.3335,-0.0597,-0.0597
13.6241,pi,6.2800,3.3200,-0.0599,-0.0599
13.6289,pi,6.2800,3.3587,-0.0592,-0.0592
13.6340,pi,6.2800,3.3403,-0.0595,-0.0595
13.6390,pi,6.2800,3.3253,-0.0598,-0.0598
13.6440,pi,6.2800,3.3636,-0.0591,-0.0591
13.6491,pi,6.2800,3.3435,-0.0595,-0.0595
13.6540,pi,6.2800,3.3280,-0.0598,-0.0598
13.6590,pi,6.2800,3.3658,-0.0590,-0.0590
13.6640,pi,6.2800,3.3460,-0.0594,-0.0594
13.6689,pi,6.2800,3.3300,-0.0597,-0.0597
13.6739,pi,6.2800,3.3674,-0.0590,-0.0590
13.6788,pi,6.2800,3.3791,-0.0587,-0.0587
13.6835,pi,6.2800,3.3567,-0.0592,-0.0592
13.6884,pi,6.2800,3.3260,-0.0598,-0.0598
13.6934,pi,6.2800,3.3469,-0.0594,-0.0594
13.6984,pi,6.2800,3.3179,-0.0600,-0.0600
13.7036,pi,6.2800,3.3404,-0.0595,-0.0595
13.7086,pi,6.2800,3.3255,-0.0598,-0.0598
13.7134,pi,6.2800,3.3007,-0.0603,-0.0603
13.7185,pi,6.2800,3.2808,-0.0607,-0.0607
13.7234,pi,6.2800,3.3106,-0.0601,-0.0601
13.7285,pi,6.2800,3.2890,-0.0606,-0.0606
13.7335,pi,6.2800,3.2716,-0.0609,-0.0609
13.7385,pi,6.2800,3.3209,-0.0599,-0.0599
13.7434,pi,6.2800,3.3101,-0.0601,-0.0601
13.7485,pi,6.2800,3.3015,-0.0603,-0.0603
13.7534,pi,6.2800,3.3267,-0.0598,-0.0598
13.7584,pi,6.2800,3.3013,-0.0603,-0.0603
13.7635,pi,6.2800,3.2815,-0.0607,-0.0607
13.7685,pi,6.2800,3.3108,-0.0601,-0.0601
13.7735,pi,6.2800,3.3020,-0.0603,-0.0603
13.7785,pi,6.2800,3.2944,-0.0605,-0.0605
13.7835,pi,6.2800,3.3389,-0.0596,-0.0596
13.7884,pi,6.2800,3.3245,-0.0598,-0.0598
13.7935,pi,6.2800,3.3630,-0.0591,-0.0591
13.7984,pi,6.2800,3.3758,-0.0588,-0.0588
13.8035,pi,6.2800,3.3538,-0.0593,-0.0593
13.8085,pi,6.2800,3.3364,-0.0596,-0.0596
13.8134,pi,6.2800,3.3728,-0.0589,-0.0589
13.8184,pi,6.2800,3.3516,-0.0593,-0.0593
13.8234,pi,6.2800,3.3667,-0.0590,-0.0590
13.8285,pi,6.2800,3.3788,-0.0588,-0.0588
13.8335,pi,6.2800,3.3564,-0.0592,-0.0592
13.8393,pi,6.2800,3.3383,-0.0596,-0.0596
13.8442,pi,6.2800,3.3558,-0.0592,-0.0592
13.8487,pi,6.2800,3.3379,-0.0596,-0.0596
13.8534,pi,6.2800,3.3557,-0.0592,-0.0592
13.8584,pi,6.2800,3.3702,-0.0589,-0.0589
13.8635,pi,6.2800,3.3487,-0.0594,-0.0594
13.8684,pi,6.2800,3.3644,-0.0590,-0.0590
13.8735,pi,6.2800,3.3449,-0.0594,-0.0594
13.8784,pi,6.2800,3.3157,-0.0600,-0.0600
13.8835,pi,6.2800,3.3383,-0.0596,-0.0596
13.8884,pi,6.2800,3.3563,-0.0592,-0.0592
13.8934,pi,6.2800,3.3709,-0.0589,-0.0589
13.8985,pi,6.2800,3.3366,-0.0596,-0.0596
13.9035,pi,6.2800,3.3227,-0.0599,-0.0599
13.9085,pi,6.2800,3.3115,-0.0601,-0.0601
13.9135,pi,6.2800,3.2889,-0.0606,-0.0606
13.9185,pi,6.2800,3.2340,-0.0617,-0.0617
13.9234,pi,6.2800,3.2406,-0.0615,-0.0615
13.9285,pi,6.2800,3.2459,-0.0614,-0.0614
13.9334,pi,6.2800,3.2501,-0.0614,-0.0614
13.9384,pi,6.2800,3.2533,-0.0613,-0.0613
13.9435,pi,6.2800,3.2560,-0.0612,-0.0612
13.9486,pi,6.2800,3.2902,-0.0605,-0.0605
13.9542,pi,6.2800,3.2855,-0.0606,-0.0606
13.9585,pi,6.2800,3.2681,-0.0610,-0.0610
13.9634,pi,6.2800,3.3001,-0.0603,-0.0603
13.9684,pi,6.2800,3.3256,-0.0598,-0.0598
13.9734,pi,6.2800,3.3462,-0.0594,-0.0594
13.9786,pi,6.2800,3.3802,-0.0587,-0.0587
13.9835,pi,6.2800,3.3576,-0.0592,-0.0592
13.9884,pi,6.2800,3.3258,-0.0598,-0.0598
13.9936,pi,6.2800,3.3643,-0.0590,-0.0590
13.9990,pi,6.2800,3.3445,-0.0594,-0.0594
14.0035,pi,6.2800,3.3609,-0.0591,-0.0591
14.0084,pi,6.2800,3.3743,-0.0588,-0.0588
14.0134,pi,6.2800,3.3850,-0.0586,-0.0586
14.0185,pi,6.2800,3.3935,-0.0585,-0.0585
14.0234,pi,6.2800,3.4003,-0.0583,-0.0583
14.0285,pi,6.2800,3.4055,-0.0582,-0.0582
14.0335,pi,6.2800,3.4279,-0.0578,-0.0578
14.0384,pi,6.2800,3.4278,-0.0578,-0.0578
14.0435,pi,6.2800,3.4277,-0.0578,-0.0578
14.0485,pi,6.2800,3.3820,-0.0587,-0.0587
14.0534,pi,6.2800,3.3912,-0.0585,-0.0585
14.0585,pi,6.2800,3.3663,-0.0590,-0.0590
14.0635,pi,6.2800,3.3464,-0.0594,-0.0594
14.0685,pi,6.2800,3.2801,-0.0607,-0.0607
14.0734,pi,6.2800,3.2773,-0.0608,-0.0608
14.0784,pi,6.2800,3.2615,-0.0611,-0.0611
14.0834,pi,6.2800,3.2947,-0.0605,-0.0605
14.0884,pi,6.2800,3.2759,-0.0608,-0.0608
14.0935,pi,6.2800,3.2741,-0.0609,-0.0609
14.0984,pi,6.2800,3.3047,-0.0602,-0.0602
14.1034,pi,6.2800,3.3292,-0.0598,-0.0598
14.1085,pi,6.2800,3.3163,-0.0600,-0.0600
14.1134,pi,6.2800,3.3566,-0.0592,-0.0592
14.1184,pi,6.2800,3.3708,-0.0589,-0.0589
14.1235,pi,6.2800,3.3821,-0.0587,-0.0587
14.1285,pi,6.2800,3.3912,-0.0585,-0.0585
14.1335,pi,6.2800,3.3663,-0.0590,-0.0590
14.1385,pi,6.2800,3.3464,-0.0594,-0.0594
14.1434,pi,6.2800,3.3626,-0.0591,-0.0591
14.1485,pi,6.2800,3.3757,-0.0588,-0.0588
14.1536,pi,6.2800,3.4040,-0.0582,-0.0582
14.1588,pi,6.2800,3.4085,-0.0581,-0.0581
14.1636,pi,6.2800,3.3798,-0.0587,-0.0587
14.1684,pi,6.2800,3.4073,-0.0582,-0.0582
14.1734,pi,6.2800,3.4113,-0.0581,-0.0581
14.1785,pi,6.2800,3.3824,-0.0587,-0.0587
14.1838,pi,6.2800,3.3590,-0.0592,-0.0592
14.1886,pi,6.2800,3.3726,-0.0589,-0.0589
14.1934,pi,6.2800,3.3514,-0.0593,-0.0593
14.1984,pi,6.2800,3.3345,-0.0596,-0.0596
14.2034,pi,6.2800,3.3531,-0.0593,-0.0593
14.2084,pi,6.2800,3.3226,-0.0599,-0.0599
14.2135,pi,6.2800,3.2980,-0.0604,-0.0604
14.2185,pi,6.2800,3.2786,-0.0608,-0.0608
14.2235,pi,6.2800,3.2628,-0.0611,-0.0611
14.2285,pi,6.2800,3.2499,-0.0614,-0.0614
14.2334,pi,6.2800,3.2855,-0.0606,-0.0606
14.2384,pi,6.2800,3.3142,-0.0601,-0.0601
14.2435,pi,6.2800,3.3048,-0.0602,-0.0602
14.2485,pi,6.2800,3.3475,-0.0594,-0.0594
14.2535,pi,6.2800,3.3311,-0.0597,-0.0597
14.2585,pi,6.2800,3.3181,-0.0600,-0.0600
14.2636,pi,6.2800,3.3576,-0.0592,-0.0592
14.2684,pi,6.2800,3.3894,-0.0585,-0.0585
14.2734,pi,6.2800,3.3649,-0.0590,-0.0590
14.2784,pi,6.2800,3.3774,-0.0588,-0.0588
14.2835,pi,6.2800,3.3553,-0.0592,-0.0592
14.2885,pi,6.2800,3.3374,-0.0596,-0.0596
14.2934,pi,6.2800,3.3553,-0.0592,-0.0592
14.2984,pi,6.2800,3.3696,-0.0589,-0.0589
14.3035,pi,6.2800,3.3488,-0.0594,-0.0594
14.3084,pi,6.2800,3.3826,-0.0587,-0.0587
14.3137,pi,6.2800,3.3912,-0.0585,-0.0585
14.3185,pi,6.2800,3.4158,-0.0580,-0.0580
14.3234,pi,6.2800,3.4181,-0.0579,-0.0579
14.3285,pi,6.2800,3.3878,-0.0586,-0.0586
14.3335,pi,6.2800,3.3636,-0.0591,-0.0591
14.3384,pi,6.2800,3.3763,-0.0588,-0.0588
14.3435,pi,6.2800,3.3544,-0.0592,-0.0592
14.3485,pi,6.2800,3.3368,-0.0596,-0.0596
14.3534,pi,6.2800,3.3549,-0.0592,-0.0592
14.3584,pi,6.2800,3.3698,-0.0589,-0.0589
14.3634,pi,6.2800,3.3357,-0.0596,-0.0596
14.3685,pi,6.2800,3.3087,-0.0602,-0.0602
14.3735,pi,6.2800,3.3004,-0.0603,-0.0603
14.3785,pi,6.2800,3.2936,-0.0605,-0.0605
14.3835,pi,6.2800,3.2881,-0.0606,-0.0606
14.3885,pi,6.2800,3.2838,-0.0607,-0.0607
14.3936,pi,6.2800,3.2797,-0.0608,-0.0608
14.3991,pi,6.2800,3.2766,-0.0608,-0.0608
14.4037,pi,6.2800,3.2743,-0.0609,-0.0609
14.4085,pi,6.2800,3.2727,-0.0609,-0.0609
14.4134,pi,6.2800,3.3217,-0.0599,-0.0599
14.4184,pi,6.2800,3.3427,-0.0595,-0.0595
14.4234,pi,6.2800,3.3598,-0.0591,-0.0591
14.4286,pi,6.2800,3.3733,-0.0589,-0.0589
14.4335,pi,6.2800,3.3842,-0.0586,-0.0586
14.4385,pi,6.2800,3.3929,-0.0585,-0.0585
14.4434,pi,6.2800,3.4000,-0.0583,-0.0583
14.4485,pi,6.2800,3.4061,-0.0582,-0.0582
14.4535,pi,6.2800,3.4568,-0.0572,-0.0572
14.4584,pi,6.2800,3.4511,-0.0573,-0.0573
14.4635,pi,6.2800,3.4465,-0.0574,-0.0574
14.4685,pi,6.2800,3.4427,-0.0575,-0.0575
14.4735,pi,6.2800,3.4578,-0.0572,-0.0572
14.4785,pi,6.2800,3.4197,-0.0579,-0.0579
14.4835,pi,6.2800,3.3755,-0.0588,-0.0588
14.4885,pi,6.2800,3.3859,-0.0586,-0.0586
14.4935,pi,6.2800,3.3620,-0.0591,-0.0591
14.4984,pi,6.2800,3.3292,-0.0598,-0.0598
14.5035,pi,6.2800,3.3490,-0.0594,-0.0594
14.5085,pi,6.2800,3.3324,-0.0597,-0.0597
14.5135,pi,6.2800,3.3193,-0.0600,-0.0600
14.5185,pi,6.2800,3.2578,-0.0612,-0.0612
14.5234,pi,6.2800,3.2462,-0.0614,-0.0614
14.5285,pi,6.2800,3.2367,-0.0616,-0.0616
14.5335,pi,6.2800,3.2931,-0.0605,-0.0605
14.5385,pi,6.2800,3.2879,-0.0606,-0.0606
14.5434,pi,6.2800,3.2701,-0.0610,-0.0610
14.5485,pi,6.2800,3.3015,-0.0603,-0.0603
14.5535,pi,6.2800,3.2945,-0.0605,-0.0605
14.5585,pi,6.2800,3.2752,-0.0608,-0.0608
14.5635,pi,6.2800,3.3058,-0.0602,-0.0602
14.5685,pi,6.2800,3.3301,-0.0597,-0.0597
14.5735,pi,6.2800,3.3173,-0.0600,-0.0600
14.5785,pi,6.2800,3.3574,-0.0592,-0.0592
14.5834,pi,6.2800,3.3713,-0.0589,-0.0589
14.5886,pi,6.2800,3.3504,-0.0593,-0.0593
14.5935,pi,6.2800,3.3839,-0.0586,-0.0586
14.5985,pi,6.2800,3.3605,-0.0591,-0.0591
14.6034,pi,6.2800,3.3739,-0.0588,-0.0588
14.6084,pi,6.2800,3.3846,-0.0586,-0.0586
14.6135,pi,6.2800,3.3610,-0.0591,-0.0591
14.6184,pi,6.2800,3.3743,-0.0588,-0.0588
14.6234,pi,6.2800,3.3850,-0.0586,-0.0586
14.6285,pi,6.2800,3.3936,-0.0585,-0.0585
14.6335,pi,6.2800,3.4185,-0.0579,-0.0579
14.6384,pi,6.2800,3.4201,-0.0579,-0.0579
14.6435,pi,6.2800,3.3895,-0.0585,-0.0585
14.6484,pi,6.2800,3.3971,-0.0584,-0.0584
14.6535,pi,6.2800,3.3711,-0.0589,-0.0589
14.6584,pi,6.2800,3.3365,-0.0596,-0.0596
14.6635,pi,6.2800,3.3547,-0.0592,-0.0592
14.6684,pi,6.2800,3.3693,-0.0589,-0.0589
14.6735,pi,6.2800,3.3488,-0.0594,-0.0594
14.6785,pi,6.2800,3.3644,-0.0590,-0.0590
14.6838,pi,6.2800,3.3443,-0.0595,-0.0595
14.6891,pi,6.2800,3.3275,-0.0598,-0.0598
14.6938,pi,6.2800,3.3649,-0.0590,-0.0590
14.6992,pi,6.2800,3.3448,-0.0594,-0.0594
14.7040,pi,6.2800,3.3282,-0.0598,-0.0598
14.7090,pi,6.2800,3.3655,-0.0590,-0.0590
14.7142,pi,6.2800,3.3452,-0.0594,-0.0594
14.7193,pi,6.2800,3.3289,-0.0598,-0.0598
14.7238,pi,6.2800,3.3660,-0.0590,-0.0590
14.7291,pi,6.2800,3.3457,-0.0594,-0.0594
14.7342,pi,6.2800,3.3297,-0.0597,-0.0597
14.7386,pi,6.2800,3.3489,-0.0594,-0.0594
14.7436,pi,6.2800,3.3324,-0.0597,-0.0597
14.7485,pi,6.2800,3.3060,-0.0602,-0.0602
14.7535,pi,6.2800,3.3301,-0.0597,-0.0597
14.7584,pi,6.2800,3.3503,-0.0593,-0.0593
14.7635,pi,6.2800,3.3200,-0.0599,-0.0599
14.7685,pi,6.2800,3.3419,-0.0595,-0.0595
14.7735,pi,6.2800,3.3596,-0.0591,-0.0591
14.7785,pi,6.2800,3.3738,-0.0589,-0.0589
14.7835,pi,6.2800,3.3851,-0.0586,-0.0586
14.7884,pi,6.2800,3.3943,-0.0584,-0.0584
14.7935,pi,6.2800,3.4018,-0.0583,-0.0583
14.7985,pi,6.2800,3.4077,-0.0582,-0.0582
14.8035,pi,6.2800,3.4120,-0.0581,-0.0581
14.8085,pi,6.2800,3.4333,-0.0576,-0.0576
14.8134,pi,6.2800,3.4321,-0.0577,-0.0577
14.8185,pi,6.2800,3.3991,-0.0583,-0.0583
14.8235,pi,6.2800,3.3726,-0.0589,-0.0589
14.8284,pi,6.2800,3.3836,-0.0587,-0.0587
14.8335,pi,6.2800,3.3603,-0.0591,-0.0591
14.8384,pi,6.2800,3.3737,-0.0589,-0.0589
14.8435,pi,6.2800,3.3522,-0.0593,-0.0593
14.8484,pi,6.2800,3.3212,-0.0599,-0.0599
14.8535,pi,6.2800,3.3425,-0.0595,-0.0595
14.8585,pi,6.2800,3.3274,-0.0598,-0.0598
14.8635,pi,6.2800,3.3153,-0.0600,-0.0600
14.8685,pi,6.2800,3.3057,-0.0602,-0.0602
14.8734,pi,6.2800,3.3300,-0.0597,-0.0597
14.8785,pi,6.2800,3.3174,-0.0600,-0.0600
14.8834,pi,6.2800,3.3395,-0.0595,-0.0595
14.8885,pi,6.2800,3.3249,-0.0598,-0.0598
14.8935,pi,6.2800,3.3134,-0.0601,-0.0601
14.8984,pi,6.2800,3.3362,-0.0596,-0.0596
14.9035,pi,6.2800,3.3224,-0.0599,-0.0599
14.9085,pi,6.2800,3.3113,-0.0601,-0.0601
14.9134,pi,6.2800,3.3345,-0.0596,-0.0596
14.9184,pi,6.2800,3.3531,-0.0593,-0.0593
14.9235,pi,6.2800,3.3680,-0.0590,-0.0590
14.9284,pi,6.2800,3.3799,-0.0587,-0.0587
14.9335,pi,6.2800,3.3572,-0.0592,-0.0592
14.9385,pi,6.2800,3.3392,-0.0596,-0.0596
14.9435,pi,6.2800,3.3750,-0.0588,-0.0588
14.9485,pi,6.2800,3.3533,-0.0593,-0.0593
14.9535,pi,6.2800,3.3861,-0.0586,-0.0586
14.9585,pi,6.2800,3.3942,-0.0584,-0.0584
14.9635,pi,6.2800,3.3688,-0.0590,-0.0590
14.9684,pi,6.2800,3.3347,-0.0596,-0.0596
14.9735,pi,6.2800,3.3533,-0.0593,-0.0593
14.9785,pi,6.2800,3.3358,-0.0596,-0.0596
14.9835,pi,6.2800,3.3220,-0.0599,-0.0599
14.9885,pi,6.2800,3.3613,-0.0591,-0.0591
14.9934,pi,6.2800,3.3744,-0.0588,-0.0588
14.9986,pi,6.2800,3.4021,-0.0583,-0.0583
15.0034,pi,6.2800,3.4072,-0.0582,-0.0582
15.0085,pi,6.2800,3.3657,-0.0590,-0.0590
15.0135,pi,6.2800,3.3781,-0.0588,-0.0588
15.0185,pi,6.2800,3.4062,-0.0582,-0.0582
15.0234,pi,6.2800,3.3783,-0.0588,-0.0588
15.0284,pi,6.2800,3.3881,-0.0586,-0.0586
15.0334,pi,6.2800,3.3962,-0.0584,-0.0584
15.0385,pi,6.2800,3.4024,-0.0583,-0.0583
15.0434,pi,6.2800,3.4076,-0.0582,-0.0582
15.0485,pi,6.2800,3.4116,-0.0581,-0.0581
15.0534,pi,6.2800,3.3705,-0.0589,-0.0589
15.0585,pi,6.2800,3.4001,-0.0583,-0.0583
15.0634,pi,6.2800,3.3734,-0.0589,-0.0589
15.0685,pi,6.2800,3.3521,-0.0593,-0.0593
15.0734,pi,6.2800,3.3672,-0.0590,-0.0590
15.0785,pi,6.2800,3.3471,-0.0594,-0.0594
15.0834,pi,6.2800,3.3311,-0.0597,-0.0597
15.0884,pi,6.2800,3.3503,-0.0593,-0.0593
15.0935,pi,6.2800,3.3336,-0.0597,-0.0597
15.0984,pi,6.2800,3.3203,-0.0599,-0.0599
15.1034,pi,6.2800,3.3416,-0.0595,-0.0595
15.1084,pi,6.2800,3.3588,-0.0592,-0.0592
15.1134,pi,6.2800,3.3268,-0.0598,-0.0598
15.1185,pi,6.2800,3.3470,-0.0594,-0.0594
15.1234,pi,6.2800,3.3631,-0.0591,-0.0591
15.1284,pi,6.2800,3.3302,-0.0597,-0.0597
15.1334,pi,6.2800,3.3496,-0.0593,-0.0593
15.1385,pi,6.2800,3.3331,-0.0597,-0.0597
15.1434,pi,6.2800,3.3200,-0.0599,-0.0599
15.1484,pi,6.2800,3.3414,-0.0595,-0.0595
15.1534,pi,6.2800,3.3587,-0.0592,-0.0592
15.1586,pi,6.2800,3.3398,-0.0595,-0.0595
15.1637,pi,6.2800,3.3750,-0.0588,-0.0588
15.1686,pi,6.2800,3.3532,-0.0593,-0.0593
15.1735,pi,6.2800,3.3356,-0.0596,-0.0596
15.1785,pi,6.2800,3.3720,-0.0589,-0.0589
15.1834,pi,6.2800,3.3831,-0.0587,-0.0587
15.1885,pi,6.2800,3.3599,-0.0591,-0.0591
15.1937,pi,6.2800,3.3915,-0.0585,-0.0585
15.1985,pi,6.2800,3.3664,-0.0590,-0.0590
15.2036,pi,6.2800,3.3463,-0.0594,-0.0594
15.2084,pi,6.2800,3.3625,-0.0591,-0.0591
15.2134,pi,6.2800,3.3758,-0.0588,-0.0588
15.2185,pi,6.2800,3.3409,-0.0595,-0.0595
15.2235,pi,6.2800,3.3585,-0.0592,-0.0592
15.2285,pi,6.2800,3.3402,-0.0595,-0.0595
15.2338,pi,6.2800,3.3252,-0.0598,-0.0598
15.2385,pi,6.2800,3.3637,-0.0591,-0.0591
15.2434,pi,6.2800,3.3764,-0.0588,-0.0588
15.2485,pi,6.2800,3.3410,-0.0595,-0.0595
15.2534,pi,6.2800,3.3585,-0.0592,-0.0592
15.2585,pi,6.2800,3.3402,-0.0595,-0.0595
15.2635,pi,6.2800,3.3118,-0.0601,-0.0601
15.2685,pi,6.2800,3.3350,-0.0596,-0.0596
15.2735,pi,6.2800,3.3214,-0.0599,-0.0599
15.2785,pi,6.2800,3.2968,-0.0604,-0.0604
15.2835,pi,6.2800,3.3229,-0.0599,-0.0599
15.2885,pi,6.2800,3.3117,-0.0601,-0.0601
15.2935,pi,6.2800,3.3027,-0.0603,-0.0603
15.2986,pi,6.2800,3.3457,-0.0594,-0.0594
15.3036,pi,6.2800,3.3297,-0.0597,-0.0597
15.3089,pi,6.2800,3.3673,-0.0590,-0.0590
15.3134,pi,6.2800,3.3974,-0.0584,-0.0584
15.3184,pi,6.2800,3.3714,-0.0589,-0.0589
15.3234,pi,6.2800,3.3826,-0.0587,-0.0587
15.3285,pi,6.2800,3.3916,-0.0585,-0.0585
15.3335,pi,6.2800,3.3666,-0.0590,-0.0590
15.3385,pi,6.2800,3.3788,-0.0587,-0.0587
15.3437,pi,6.2800,3.4067,-0.0582,-0.0582
15.3489,pi,6.2800,3.4290,-0.0577,-0.0577
15.3534,pi,6.2800,3.4287,-0.0577,-0.0577
15.3584,pi,6.2800,3.4286,-0.0577,-0.0577
15.3634,pi,6.2800,3.4286,-0.0577,-0.0577
15.3684,pi,6.2800,3.4285,-0.0577,-0.0577
15.3735,pi,6.2800,3.3960,-0.0584,-0.0584
15.3785,pi,6.2800,3.4205,-0.0579,-0.0579
15.3838,pi,6.2800,3.4399,-0.0575,-0.0575
15.3885,pi,6.2800,3.4041,-0.0582,-0.0582
15.3934,pi,6.2800,3.4086,-0.0581,-0.0581
15.3988,pi,6.2800,3.3800,-0.0587,-0.0587
15.4034,pi,6.2800,3.3571,-0.0592,-0.0592
15.4084,pi,6.2800,3.3258,-0.0598,-0.0598
15.4137,pi,6.2800,3.3133,-0.0601,-0.0601
15.4185,pi,6.2800,3.3037,-0.0603,-0.0603
15.4239,pi,6.2800,3.2963,-0.0604,-0.0604
15.4286,pi,6.2800,3.2904,-0.0605,-0.0605
15.4334,pi,6.2800,3.2720,-0.0609,-0.0609
15.4384,pi,6.2800,3.3033,-0.0603,-0.0603
15.4434,pi,6.2800,3.3291,-0.0598,-0.0598
15.4484,pi,6.2800,3.3031,-0.0603,-0.0603
15.4535,pi,6.2800,3.2826,-0.0607,-0.0607
15.4584,pi,6.2800,3.3119,-0.0601,-0.0601
15.4634,pi,6.2800,3.3350,-0.0596,-0.0596
15.4685,pi,6.2800,3.3541,-0.0592,-0.0592
15.4734,pi,6.2800,3.3692,-0.0589,-0.0589
15.4785,pi,6.2800,3.3811,-0.0587,-0.0587
15.4834,pi,6.2800,3.3906,-0.0585,-0.0585
15.4884,pi,6.2800,3.3981,-0.0584,-0.0584
15.4935,pi,6.2800,3.3719,-0.0589,-0.0589
15.4984,pi,6.2800,3.3829,-0.0587,-0.0587
15.5034,pi,6.2800,3.3918,-0.0585,-0.0585
15.5084,pi,6.2800,3.3991,-0.0583,-0.0583
15.5135,pi,6.2800,3.4230,-0.0579,-0.0579
15.5184,pi,6.2800,3.3918,-0.0585,-0.0585
15.5234,pi,6.2800,3.3668,-0.0590,-0.0590
15.5284,pi,6.2800,3.3788,-0.0587,-0.0587
15.5334,pi,6.2800,3.3886,-0.0586,-0.0586
15.5385,pi,6.2800,3.3642,-0.0590,-0.0590
15.5434,pi,6.2800,3.3768,-0.0588,-0.0588
15.5484,pi,6.2800,3.3870,-0.0586,-0.0586
15.5535,pi,6.2800,3.3628,-0.0591,-0.0591
15.5584,pi,6.2800,3.3757,-0.0588,-0.0588
15.5634,pi,6.2800,3.3860,-0.0586,-0.0586
15.5684,pi,6.2800,3.3486,-0.0594,-0.0594
15.5734,pi,6.2800,3.3643,-0.0590,-0.0590
15.5785,pi,6.2800,3.3448,-0.0594,-0.0594
15.5834,pi,6.2800,3.3293,-0.0598,-0.0598
15.5885,pi,6.2800,3.3671,-0.0590,-0.0590
15.5935,pi,6.2800,3.3465,-0.0594,-0.0594
15.5984,pi,6.2800,3.3304,-0.0597,-0.0597
15.6035,pi,6.2800,3.3680,-0.0590,-0.0590
15.6084,pi,6.2800,3.3476,-0.0594,-0.0594
15.6135,pi,6.2800,3.3313,-0.0597,-0.0597
15.6184,pi,6.2800,3.3685,-0.0590,-0.0590
15.6234,pi,6.2800,3.3481,-0.0594,-0.0594
15.6284,pi,6.2800,3.3319,-0.0597,-0.0597
15.6335,pi,6.2800,3.3691,-0.0589,-0.0589
15.6384,pi,6.2800,3.3487,-0.0594,-0.0594
15.6434,pi,6.2800,3.3186,-0.0600,-0.0600
15.6484,pi,6.2800,3.3406,-0.0595,-0.0595
15.6535,pi,6.2800,3.3259,-0.0598,-0.0598
15.6585,pi,6.2800,3.3140,-0.0601,-0.0601
15.6634,pi,6.2800,3.3549,-0.0592,-0.0592
15.6684,pi,6.2800,3.3373,-0.0596,-0.0596
15.6735,pi,6.2800,3.3231,-0.0599,-0.0599
15.6784,pi,6.2800,3.3621,-0.0591,-0.0591
15.6834,pi,6.2800,3.3430,-0.0595,-0.0595
15.6885,pi,6.2800,3.3277,-0.0598,-0.0598
15.6934,pi,6.2800,3.3476,-0.0594,-0.0594
15.6986,pi,6.2800,3.3315,-0.0597,-0.0597
15.7035,pi,6.2800,3.3184,-0.0600,-0.0600
15.7084,pi,6.2800,3.3401,-0.0595,-0.0595
15.7134,pi,6.2800,3.3576,-0.0592,-0.0592
15.7185,pi,6.2800,3.3395,-0.0595,-0.0595
15.7234,pi,6.2800,3.3571,-0.0592,-0.0592
15.7285,pi,6.2800,3.3391,-0.0596,-0.0596
15.7335,pi,6.2800,3.3247,-0.0598,-0.0598
15.7384,pi,6.2800,3.3635,-0.0591,-0.0591
15.7435,pi,6.2800,3.3442,-0.0594,-0.0594
15.7485,pi,6.2800,3.3288,-0.0598,-0.0598
15.7534,pi,6.2800,3.3484,-0.0594,-0.0594
15.7586,pi,6.2800,3.3319,-0.0597,-0.0597
15.7634,pi,6.2800,3.3054,-0.0602,-0.0602
15.7686,pi,6.2800,3.3476,-0.0594,-0.0594
15.7735,pi,6.2800,3.3316,-0.0597,-0.0597
15.7786,pi,6.2800,3.3175,-0.0600,-0.0600
15.7835,pi,6.2800,3.3571,-0.0592,-0.0592
15.7885,pi,6.2800,3.3711,-0.0589,-0.0589
15.7936,pi,6.2800,3.3494,-0.0594,-0.0594
15.7985,pi,6.2800,3.3829,-0.0587,-0.0587
15.8035,pi,6.2800,3.3918,-0.0585,-0.0585
15.8085,pi,6.2800,3.3990,-0.0583,-0.0583
15.8135,pi,6.2800,3.4229,-0.0579,-0.0579
15.8185,pi,6.2800,3.4237,-0.0578,-0.0578
15.8234,pi,6.2800,3.4254,-0.0578,-0.0578
15.8285,pi,6.2800,3.4258,-0.0578,-0.0578
15.8335,pi,6.2800,3.4271,-0.0578,-0.0578
15.8385,pi,6.2800,3.4449,-0.0574,-0.0574
15.8434,pi,6.2800,3.4413,-0.0575,-0.0575
15.8485,pi,6.2800,3.4391,-0.0575,-0.0575
15.8535,pi,6.2800,3.4545,-0.0572,-0.0572
15.8584,pi,6.2800,3.4172,-0.0580,-0.0580
15.8634,pi,6.2800,3.3735,-0.0589,-0.0589
15.8685,pi,6.2800,3.3522,-0.0593,-0.0593
15.8735,pi,6.2800,3.3349,-0.0596,-0.0596
15.8784,pi,6.2800,3.3214,-0.0599,-0.0599
15.8834,pi,6.2800,3.2970,-0.0604,-0.0604
15.8885,pi,6.2800,3.3231,-0.0599,-0.0599
15.8934,pi,6.2800,3.2988,-0.0604,-0.0604
15.8985,pi,6.2800,3.2924,-0.0605,-0.0605
15.9034,pi,6.2800,3.3193,-0.0600,-0.0600
15.9085,pi,6.2800,3.2958,-0.0604,-0.0604
15.9135,pi,6.2800,3.2901,-0.0605,-0.0605
15.9185,pi,6.2800,3.3358,-0.0596,-0.0596
15.9235,pi,6.2800,3.3541,-0.0592,-0.0592
15.9284,pi,6.2800,3.3689,-0.0589,-0.0589
15.9335,pi,6.2800,3.3987,-0.0583,-0.0583
15.9384,pi,6.2800,3.4042,-0.0582,-0.0582
15.9435,pi,6.2800,3.4269,-0.0578,-0.0578
15.9485,pi,6.2800,3.4451,-0.0574,-0.0574
15.9535,pi,6.2800,3.4094,-0.0581,-0.0581
15.9584,pi,6.2800,3.4312,-0.0577,-0.0577
15.9634,pi,6.2800,3.4304,-0.0577,-0.0577
15.9685,pi,6.2800,3.4755,-0.0568,-0.0568
15.9734,pi,6.2800,3.4660,-0.0570,-0.0570
15.9785,pi,6.2800,3.4259,-0.0578,-0.0578
15.9834,pi,6.2800,3.4263,-0.0578,-0.0578
15.9884,pi,6.2800,3.4267,-0.0578,-0.0578
15.9936,pi,6.2800,3.4267,-0.0578,-0.0578
15.9985,pi,6.2800,3.4450,-0.0574,-0.0574
16.0034,pi,6.2800,3.4416,-0.0575,-0.0575
16.0084,pi,6.2800,3.4390,-0.0575,-0.0575
16.0135,pi,6.2800,3.3911,-0.0585,-0.0585
16.0185,pi,6.2800,3.3984,-0.0584,-0.0584
16.0235,pi,6.2800,3.3721,-0.0589,-0.0589
16.0285,pi,6.2800,3.3373,-0.0596,-0.0596
16.0335,pi,6.2800,3.3233,-0.0599,-0.0599
16.0385,pi,6.2800,3.3117,-0.0601,-0.0601
16.0435,pi,6.2800,3.2889,-0.0606,-0.0606
16.0485,pi,6.2800,3.3168,-0.0600,-0.0600
16.0535,pi,6.2800,3.3068,-0.0602,-0.0602
16.0585,pi,6.2800,3.3490,-0.0594,-0.0594
16.0634,pi,6.2800,3.3828,-0.0587,-0.0587
16.0685,pi,6.2800,3.3595,-0.0591,-0.0591
16.0734,pi,6.2800,3.3273,-0.0598,-0.0598
16.0785,pi,6.2800,3.3473,-0.0594,-0.0594
16.0835,pi,6.2800,3.3311,-0.0597,-0.0597
16.0884,pi,6.2800,3.3045,-0.0603,-0.0603
16.0935,pi,6.2800,3.3473,-0.0594,-0.0594
16.0985,pi,6.2800,3.3312,-0.0597,-0.0597
16.1034,pi,6.2800,3.3504,-0.0593,-0.0593
16.1084,pi,6.2800,3.3659,-0.0590,-0.0590
16.1135,pi,6.2800,3.3461,-0.0594,-0.0594
16.1184,pi,6.2800,3.3623,-0.0591,-0.0591
16.1235,pi,6.2800,3.3753,-0.0588,-0.0588
16.1285,pi,6.2800,3.3537,-0.0593,-0.0593
16.1334,pi,6.2800,3.3684,-0.0590,-0.0590
16.1385,pi,6.2800,3.3803,-0.0587,-0.0587
16.1435,pi,6.2800,3.3897,-0.0585,-0.0585
16.1485,pi,6.2800,3.4153,-0.0580,-0.0580
16.1535,pi,6.2800,3.3857,-0.0586,-0.0586
16.1586,pi,6.2800,3.3615,-0.0591,-0.0591
16.1637,pi,6.2800,3.3926,-0.0585,-0.0585
16.1686,pi,6.2800,3.3672,-0.0590,-0.0590
16.1739,pi,6.2800,3.3470,-0.0594,-0.0594
16.1788,pi,6.2800,3.3809,-0.0587,-0.0587
16.1836,pi,6.2800,3.3581,-0.0592,-0.0592
16.1884,pi,6.2800,3.3399,-0.0595,-0.0595
16.1935,pi,6.2800,3.3756,-0.0588,-0.0588
16.1984,pi,6.2800,3.3859,-0.0586,-0.0586
16.2035,pi,6.2800,3.3622,-0.0591,-0.0591
16.2084,pi,6.2800,3.3751,-0.0588,-0.0588
16.2135,pi,6.2800,3.3859,-0.0586,-0.0586
16.2185,pi,6.2800,3.3485,-0.0594,-0.0594
16.2235,pi,6.2800,3.3645,-0.0590,-0.0590
16.2285,pi,6.2800,3.3772,-0.0588,-0.0588
16.2335,pi,6.2800,3.3418,-0.0595,-0.0595
16.2385,pi,6.2800,3.3770,-0.0588,-0.0588
16.2434,pi,6.2800,3.3870,-0.0586,-0.0586
16.2485,pi,6.2800,3.3625,-0.0591,-0.0591
16.2534,pi,6.2800,3.3755,-0.0588,-0.0588
16.2585,pi,6.2800,3.3859,-0.0586,-0.0586
16.2635,pi,6.2800,3.3944,-0.0584,-0.0584
16.2684,pi,6.2800,3.4010,-0.0583,-0.0583
16.2735,pi,6.2800,3.4063,-0.0582,-0.0582
16.2789,pi,6.2800,3.4287,-0.0577,-0.0577
16.2838,pi,6.2800,3.4463,-0.0574,-0.0574
16.2885,pi,6.2800,3.4104,-0.0581,-0.0581
16.2940,pi,6.2800,3.4317,-0.0577,-0.0577
16.2984,pi,6.2800,3.4306,-0.0577,-0.0577
16.3035,pi,6.2800,3.3978,-0.0584,-0.0584
16.3085,pi,6.2800,3.3713,-0.0589,-0.0589
16.3135,pi,6.2800,3.3504,-0.0593,-0.0593
16.3185,pi,6.2800,3.3335,-0.0597,-0.0597
16.3235,pi,6.2800,3.3202,-0.0599,-0.0599
16.3284,pi,6.2800,3.3415,-0.0595,-0.0595
16.3335,pi,6.2800,3.3130,-0.0601,-0.0601
16.3384,pi,6.2800,3.3362,-0.0596,-0.0596
16.3434,pi,6.2800,3.3547,-0.0592,-0.0592
16.3485,pi,6.2800,3.3237,-0.0599,-0.0599
16.3534,pi,6.2800,3.3445,-0.0594,-0.0594
16.3584,pi,6.2800,3.3611,-0.0591,-0.0591
16.3635,pi,6.2800,3.3746,-0.0588,-0.0588
16.3684,pi,6.2800,3.3851,-0.0586,-0.0586
16.3734,pi,6.2800,3.3937,-0.0584,-0.0584
16.3785,pi,6.2800,3.3682,-0.0590,-0.0590
16.3836,pi,6.2800,3.3982,-0.0584,-0.0584
16.3885,pi,6.2800,3.3718,-0.0589,-0.0589
16.3934,pi,6.2800,3.3830,-0.0587,-0.0587
16.3985,pi,6.2800,3.4102,-0.0581,-0.0581
16.4036,pi,6.2800,3.3816,-0.0587,-0.0587
16.4087,pi,6.2800,3.4090,-0.0581,-0.0581
16.4136,pi,6.2800,3.4308,-0.0577,-0.0577
16.4193,pi,6.2800,3.3973,-0.0584,-0.0584
16.4237,pi,6.2800,3.4209,-0.0579,-0.0579
16.4288,pi,6.2800,3.4221,-0.0579,-0.0579
16.4335,pi,6.2800,3.3910,-0.0585,-0.0585
16.4384,pi,6.2800,3.3985,-0.0583,-0.0583
16.4434,pi,6.2800,3.3721,-0.0589,-0.0589
16.4484,pi,6.2800,3.3373,-0.0596,-0.0596
16.4535,pi,6.2800,3.3735,-0.0589,-0.0589
16.4584,pi,6.2800,3.3842,-0.0586,-0.0586
16.4635,pi,6.2800,3.3473,-0.0594,-0.0594
16.4685,pi,6.2800,3.3633,-0.0591,-0.0591
16.4735,pi,6.2800,3.3767,-0.0588,-0.0588
16.4784,pi,6.2800,3.3416,-0.0595,-0.0595
16.4834,pi,6.2800,3.3588,-0.0592,-0.0592
16.4884,pi,6.2800,3.3728,-0.0589,-0.0589
16.4935,pi,6.2800,3.3381,-0.0596,-0.0596
16.4984,pi,6.2800,3.3559,-0.0592,-0.0592
16.5034,pi,6.2800,3.3703,-0.0589,-0.0589
16.5084,pi,6.2800,3.3361,-0.0596,-0.0596
16.5134,pi,6.2800,3.3544,-0.0592,-0.0592
16.5184,pi,6.2800,3.3690,-0.0589,-0.0589
16.5235,pi,6.2800,3.3350,-0.0596,-0.0596
16.5284,pi,6.2800,3.3536,-0.0593,-0.0593
16.5335,pi,6.2800,3.3363,-0.0596,-0.0596
16.5384,pi,6.2800,3.3088,-0.0602,-0.0602
16.5435,pi,6.2800,3.3507,-0.0593,-0.0593
16.5485,pi,6.2800,3.3339,-0.0597,-0.0597
16.5534,pi,6.2800,3.3527,-0.0593,-0.0593
16.5584,pi,6.2800,3.3676,-0.0590,-0.0590
16.5635,pi,6.2800,3.3796,-0.0587,-0.0587
16.5685,pi,6.2800,3.3892,-0.0585,-0.0585
16.5738,pi,6.2800,3.4149,-0.0580,-0.0580
16.5793,pi,6.2800,3.4343,-0.0576,-0.0576
16.5834,pi,6.2800,3.4507,-0.0573,-0.0573
16.5885,pi,6.2800,3.4642,-0.0570,-0.0570
16.5934,pi,6.2800,3.5025,-0.0562,-0.0562
16.5985,pi,6.2800,3.4874,-0.0566,-0.0566
16.6035,pi,6.2800,3.4432,-0.0574,-0.0574
16.6084,pi,6.2800,3.3943,-0.0584,-0.0584
16.6134,pi,6.2800,3.4009,-0.0583,-0.0583
16.6185,pi,6.2800,3.3741,-0.0588,-0.0588
16.6234,pi,6.2800,3.3390,-0.0596,-0.0596
16.6284,pi,6.2800,3.3570,-0.0592,-0.0592
16.6337,pi,6.2800,3.3266,-0.0598,-0.0598
16.6393,pi,6.2800,3.3649,-0.0590,-0.0590
16.6437,pi,6.2800,3.3453,-0.0594,-0.0594
16.6484,pi,6.2800,3.3296,-0.0597,-0.0597
16.6534,pi,6.2800,3.3492,-0.0593,-0.0593
16.6584,pi,6.2800,3.3649,-0.0590,-0.0590
16.6635,pi,6.2800,3.3453,-0.0594,-0.0594
16.6684,pi,6.2800,3.3617,-0.0591,-0.0591
16.6734,pi,6.2800,3.3749,-0.0588,-0.0588
16.6784,pi,6.2800,3.3533,-0.0593,-0.0593
16.6834,pi,6.2800,3.3863,-0.0586,-0.0586
16.6884,pi,6.2800,3.3945,-0.0584,-0.0584
16.6935,pi,6.2800,3.3556,-0.0592,-0.0592
16.6984,pi,6.2800,3.3700,-0.0589,-0.0589
16.7035,pi,6.2800,3.3492,-0.0594,-0.0594
16.7085,pi,6.2800,3.3324,-0.0597,-0.0597
16.7135,pi,6.2800,3.3694,-0.0589,-0.0589
16.7185,pi,6.2800,3.3487,-0.0594,-0.0594
16.7235,pi,6.2800,3.3323,-0.0597,-0.0597
16.7284,pi,6.2800,3.3695,-0.0589,-0.0589
16.7335,pi,6.2800,3.3489,-0.0594,-0.0594
16.7385,pi,6.2800,3.3325,-0.0597,-0.0597
16.7434,pi,6.2800,3.3696,-0.0589,-0.0589
16.7484,pi,6.2800,3.3490,-0.0594,-0.0594
16.7535,pi,6.2800,3.3323,-0.0597,-0.0597
16.7584,pi,6.2800,3.3512,-0.0593,-0.0593
16.7635,pi,6.2800,3.3665,-0.0590,-0.0590
16.7685,pi,6.2800,3.3969,-0.0584,-0.0584
16.7735,pi,6.2800,3.4211,-0.0579,-0.0579
16.7785,pi,6.2800,3.3899,-0.0585,-0.0585
16.7835,pi,6.2800,3.4156,-0.0580,-0.0580
16.7885,pi,6.2800,3.4362,-0.0576,-0.0576
16.7935,pi,6.2800,3.4022,-0.0583,-0.0583
16.7984,pi,6.2800,3.4255,-0.0578,-0.0578
16.8035,pi,6.2800,3.4256,-0.0578,-0.0578
16.8085,pi,6.2800,3.3939,-0.0584,-0.0584
16.8135,pi,6.2800,3.4006,-0.0583,-0.0583
16.8185,pi,6.2800,3.4059,-0.0582,-0.0582
16.8235,pi,6.2800,3.3646,-0.0590,-0.0590
16.8284,pi,6.2800,3.3772,-0.0588,-0.0588
16.8334,pi,6.2800,3.3874,-0.0586,-0.0586
16.8384,pi,6.2800,3.3954,-0.0584,-0.0584
16.8435,pi,6.2800,3.4018,-0.0583,-0.0583
16.8485,pi,6.2800,3.3748,-0.0588,-0.0588
16.8534,pi,6.2800,3.3853,-0.0586,-0.0586
16.8584,pi,6.2800,3.3939,-0.0584,-0.0584
16.8635,pi,6.2800,3.3685,-0.0590,-0.0590
16.8684,pi,6.2800,3.3802,-0.0587,-0.0587
16.8735,pi,6.2800,3.3896,-0.0585,-0.0585
16.8785,pi,6.2800,3.3651,-0.0590,-0.0590
16.8834,pi,6.2800,3.3776,-0.0588,-0.0588
16.8885,pi,6.2800,3.3555,-0.0592,-0.0592
16.8935,pi,6.2800,3.3378,-0.0596,-0.0596
16.8984,pi,6.2800,3.3557,-0.0592,-0.0592
16.9035,pi,6.2800,3.3380,-0.0596,-0.0596
16.9085,pi,6.2800,3.3238,-0.0599,-0.0599
16.9134,pi,6.2800,3.3445,-0.0594,-0.0594
16.9185,pi,6.2800,3.3290,-0.0598,-0.0598
16.9235,pi,6.2800,3.3165,-0.0600,-0.0600
16.9284,pi,6.2800,3.3387,-0.0596,-0.0596
16.9335,pi,6.2800,3.3242,-0.0599,-0.0599
16.9384,pi,6.2800,3.3128,-0.0601,-0.0601
16.9434,pi,6.2800,3.3357,-0.0596,-0.0596
16.9485,pi,6.2800,3.3219,-0.0599,-0.0599
16.9534,pi,6.2800,3.3108,-0.0601,-0.0601
16.9584,pi,6.2800,3.3341,-0.0597,-0.0597
16.9635,pi,6.2800,3.3207,-0.0599,-0.0599
16.9685,pi,6.2800,3.3095,-0.0602,-0.0602
16.9734,pi,6.2800,3.3329,-0.0597,-0.0597
16.9785,pi,6.2800,3.3195,-0.0600,-0.0600
16.9834,pi,6.2800,3.3410,-0.0595,-0.0595
16.9885,pi,6.2800,3.3584,-0.0592,-0.0592
16.9935,pi,6.2800,3.3400,-0.0595,-0.0595
16.9985,pi,6.2800,3.3755,-0.0588,-0.0588
17.0034,pi,6.2800,3.3859,-0.0586,-0.0586
17.0085,pi,6.2800,3.3943,-0.0584,-0.0584
17.0134,pi,6.2800,3.4010,-0.0583,-0.0583
17.0185,pi,6.2800,3.4063,-0.0582,-0.0582
17.0234,pi,6.2800,3.4110,-0.0581,-0.0581
17.0285,pi,6.2800,3.4144,-0.0580,-0.0580
17.0335,pi,6.2800,3.3848,-0.0586,-0.0586
17.0385,pi,6.2800,3.4115,-0.0581,-0.0581
17.0434,pi,6.2800,3.4145,-0.0580,-0.0580
17.0485,pi,6.2800,3.4171,-0.0580,-0.0580
17.0535,pi,6.2800,3.4370,-0.0576,-0.0576
17.0584,pi,6.2800,3.4531,-0.0572,-0.0572
17.0635,pi,6.2800,3.4157,-0.0580,-0.0580
17.0685,pi,6.2800,3.3859,-0.0586,-0.0586
17.0734,pi,6.2800,3.4123,-0.0581,-0.0581
17.0785,pi,6.2800,3.3831,-0.0587,-0.0587
17.0835,pi,6.2800,3.3461,-0.0594,-0.0594
17.0885,pi,6.2800,3.3303,-0.0597,-0.0597
17.0934,pi,6.2800,3.3176,-0.0600,-0.0600
17.0984,pi,6.2800,3.3396,-0.0595,-0.0595
17.1034,pi,6.2800,3.3572,-0.0592,-0.0592
17.1085,pi,6.2800,3.3392,-0.0596,-0.0596
17.1134,pi,6.2800,3.3569,-0.0592,-0.0592
17.1184,pi,6.2800,3.3709,-0.0589,-0.0589
17.1235,pi,6.2800,3.3502,-0.0593,-0.0593
17.1284,pi,6.2800,3.3656,-0.0590,-0.0590
17.1334,pi,6.2800,3.3780,-0.0588,-0.0588
17.1385,pi,6.2800,3.3557,-0.0592,-0.0592
17.1434,pi,6.2800,3.3701,-0.0589,-0.0589
17.1485,pi,6.2800,3.3494,-0.0593,-0.0593
17.1534,pi,6.2800,3.3329,-0.0597,-0.0597
17.1584,pi,6.2800,3.3517,-0.0593,-0.0593
17.1636,pi,6.2800,3.3344,-0.0597,-0.0597
17.1686,pi,6.2800,3.3205,-0.0599,-0.0599
17.1735,pi,6.2800,3.3598,-0.0591,-0.0591
17.1785,pi,6.2800,3.3411,-0.0595,-0.0595
17.1835,pi,6.2800,3.3262,-0.0598,-0.0598
17.1884,pi,6.2800,3.3463,-0.0594,-0.0594
17.1936,pi,6.2800,3.3302,-0.0597,-0.0597
17.1985,pi,6.2800,3.3174,-0.0600,-0.0600
17.2035,pi,6.2800,3.3575,-0.0592,-0.0592
17.2085,pi,6.2800,3.3394,-0.0595,-0.0595
17.2134,pi,6.2800,3.3569,-0.0592,-0.0592
17.2185,pi,6.2800,3.3713,-0.0589,-0.0589
17.2235,pi,6.2800,3.3829,-0.0587,-0.0587
17.2284,pi,6.2800,3.3921,-0.0585,-0.0585
17.2335,pi,6.2800,3.3993,-0.0583,-0.0583
17.2387,pi,6.2800,3.3729,-0.0589,-0.0589
17.2437,pi,6.2800,3.4020,-0.0583,-0.0583
17.2484,pi,6.2800,3.4071,-0.0582,-0.0582
17.2534,pi,6.2800,3.4113,-0.0581,-0.0581
17.2585,pi,6.2800,3.4145,-0.0580,-0.0580
17.2635,pi,6.2800,3.3850,-0.0586,-0.0586
17.2685,pi,6.2800,3.3614,-0.0591,-0.0591
17.2735,pi,6.2800,3.3928,-0.0585,-0.0585
17.2785,pi,6.2800,3.3676,-0.0590,-0.0590
17.2835,pi,6.2800,3.3976,-0.0584,-0.0584
17.2885,pi,6.2800,3.4217,-0.0579,-0.0579
17.2935,pi,6.2800,3.3907,-0.0585,-0.0585
17.2984,pi,6.2800,3.3981,-0.0584,-0.0584
17.3034,pi,6.2800,3.4041,-0.0582,-0.0582
17.3085,pi,6.2800,3.3765,-0.0588,-0.0588
17.3135,pi,6.2800,3.4047,-0.0582,-0.0582
17.3184,pi,6.2800,3.4092,-0.0581,-0.0581
17.3234,pi,6.2800,3.4129,-0.0581,-0.0581
17.3284,pi,6.2800,3.4159,-0.0580,-0.0580
17.3335,pi,6.2800,3.4182,-0.0580,-0.0580
17.3384,pi,6.2800,3.3744,-0.0588,-0.0588
17.3435,pi,6.2800,3.3393,-0.0596,-0.0596
17.3485,pi,6.2800,3.3570,-0.0592,-0.0592
17.3535,pi,6.2800,3.3390,-0.0596,-0.0596
17.3584,pi,6.2800,3.3566,-0.0592,-0.0592
17.3634,pi,6.2800,3.3709,-0.0589,-0.0589
17.3685,pi,6.2800,3.3502,-0.0593,-0.0593
17.3735,pi,6.2800,3.3836,-0.0587,-0.0587
17.3785,pi,6.2800,3.3600,-0.0591,-0.0591
17.3836,pi,6.2800,3.3410,-0.0595,-0.0595
17.3886,pi,6.2800,3.3251,-0.0598,-0.0598
17.3934,pi,6.2800,3.3454,-0.0594,-0.0594
17.3985,pi,6.2800,3.3619,-0.0591,-0.0591
17.4034,pi,6.2800,3.3751,-0.0588,-0.0588
17.4085,pi,6.2800,3.3535,-0.0593,-0.0593
17.4134,pi,6.2800,3.3225,-0.0599,-0.0599
17.4185,pi,6.2800,3.3434,-0.0595,-0.0595
17.4234,pi,6.2800,3.3602,-0.0591,-0.0591
17.4285,pi,6.2800,3.3281,-0.0598,-0.0598
17.4334,pi,6.2800,3.3480,-0.0594,-0.0594
17.4385,pi,6.2800,3.3642,-0.0590,-0.0590
17.4435,pi,6.2800,3.3447,-0.0594,-0.0594
17.4485,pi,6.2800,3.3794,-0.0587,-0.0587
17.4534,pi,6.2800,3.3569,-0.0592,-0.0592
17.4585,pi,6.2800,3.3389,-0.0596,-0.0596
17.4635,pi,6.2800,3.3748,-0.0588,-0.0588
17.4689,pi,6.2800,3.3526,-0.0593,-0.0593
17.4735,pi,6.2800,3.3348,-0.0596,-0.0596
17.4784,pi,6.2800,3.3713,-0.0589,-0.0589
17.4835,pi,6.2800,3.3503,-0.0593,-0.0593
17.4885,pi,6.2800,3.3839,-0.0586,-0.0586
17.4934,pi,6.2800,3.4108,-0.0581,-0.0581
17.4984,pi,6.2800,3.4142,-0.0580,-0.0580
17.5035,pi,6.2800,3.4168,-0.0580,-0.0580
17.5085,pi,6.2800,3.4371,-0.0576,-0.0576
17.5135,pi,6.2800,3.4032,-0.0583,-0.0583
17.5184,pi,6.2800,3.4080,-0.0582,-0.0582
17.5234,pi,6.2800,3.4123,-0.0581,-0.0581
17.5285,pi,6.2800,3.3832,-0.0587,-0.0587
17.5334,pi,6.2800,3.3920,-0.0585,-0.0585
17.5384,pi,6.2800,3.3992,-0.0583,-0.0583
17.5434,pi,6.2800,3.4049,-0.0582,-0.0582
17.5484,pi,6.2800,3.4095,-0.0581,-0.0581
17.5535,pi,6.2800,3.3809,-0.0587,-0.0587
17.5585,pi,6.2800,3.3446,-0.0594,-0.0594
17.5634,pi,6.2800,3.3612,-0.0591,-0.0591
17.5685,pi,6.2800,3.3423,-0.0595,-0.0595
17.5734,pi,6.2800,3.3135,-0.0601,-0.0601
17.5785,pi,6.2800,3.3363,-0.0596,-0.0596
17.5835,pi,6.2800,3.3224,-0.0599,-0.0599
17.5885,pi,6.2800,3.3113,-0.0601,-0.0601
17.5934,pi,6.2800,3.3024,-0.0603,-0.0603
17.5984,pi,6.2800,3.2953,-0.0604,-0.0604
17.6034,pi,6.2800,3.3216,-0.0599,-0.0599
17.6085,pi,6.2800,3.3610,-0.0591,-0.0591
17.6135,pi,6.2800,3.3421,-0.0595,-0.0595
17.6184,pi,6.2800,3.3591,-0.0591,-0.0591
17.6235,pi,6.2800,3.3908,-0.0585,-0.0585
17.6284,pi,6.2800,3.3980,-0.0584,-0.0584
17.6335,pi,6.2800,3.4040,-0.0582,-0.0582
17.6384,pi,6.2800,3.4087,-0.0581,-0.0581
17.6435,pi,6.2800,3.3804,-0.0587,-0.0587
17.6484,pi,6.2800,3.3898,-0.0585,-0.0585
17.6535,pi,6.2800,3.3651,-0.0590,-0.0590
17.6584,pi,6.2800,3.3456,-0.0594,-0.0594
17.6634,pi,6.2800,3.3619,-0.0591,-0.0591
17.6685,pi,6.2800,3.3428,-0.0595,-0.0595
17.6735,pi,6.2800,3.3140,-0.0601,-0.0601
17.6784,pi,6.2800,3.3371,-0.0596,-0.0596
17.6834,pi,6.2800,3.3553,-0.0592,-0.0592
17.6885,pi,6.2800,3.3375,-0.0596,-0.0596
17.6934,pi,6.2800,3.3736,-0.0589,-0.0589
17.6984,pi,6.2800,3.3523,-0.0593,-0.0593
17.7035,pi,6.2800,3.3351,-0.0596,-0.0596
17.7085,pi,6.2800,3.3716,-0.0589,-0.0589
17.7135,pi,6.2800,3.3507,-0.0593,-0.0593
17.7184,pi,6.2800,3.3203,-0.0599,-0.0599
17.7235,pi,6.2800,3.3598,-0.0591,-0.0591
17.7285,pi,6.2800,3.3410,-0.0595,-0.0595
17.7335,pi,6.2800,3.3760,-0.0588,-0.0588
17.7387,pi,6.2800,3.4043,-0.0582,-0.0582
17.7439,pi,6.2800,3.4267,-0.0578,-0.0578
17.7486,pi,6.2800,3.4448,-0.0574,-0.0574
17.7534,pi,6.2800,3.4412,-0.0575,-0.0575
17.7584,pi,6.2800,3.4842,-0.0566,-0.0566
17.7634,pi,6.2800,3.4730,-0.0568,-0.0568
17.7685,pi,6.2800,3.4820,-0.0567,-0.0567
17.7743,pi,6.2800,3.4890,-0.0565,-0.0565
17.7792,pi,6.2800,3.4945,-0.0564,-0.0564
17.7836,pi,6.2800,3.4810,-0.0567,-0.0567
17.7884,pi,6.2800,3.4252,-0.0578,-0.0578
17.7934,pi,6.2800,3.4258,-0.0578,-0.0578
17.7985,pi,6.2800,3.3932,-0.0585,-0.0585
17.8035,pi,6.2800,3.3548,-0.0592,-0.0592
17.8085,pi,6.2800,3.3368,-0.0596,-0.0596
17.8135,pi,6.2800,3.3229,-0.0599,-0.0599
17.8185,pi,6.2800,3.3616,-0.0591,-0.0591
17.8234,pi,6.2800,3.3746,-0.0588,-0.0588
17.8285,pi,6.2800,3.3397,-0.0595,-0.0595
17.8335,pi,6.2800,3.3118,-0.0601,-0.0601
17.8385,pi,6.2800,3.3531,-0.0593,-0.0593
17.8434,pi,6.2800,3.3358,-0.0596,-0.0596
17.8485,pi,6.2800,3.3083,-0.0602,-0.0602
17.8535,pi,6.2800,3.3328,-0.0597,-0.0597
17.8585,pi,6.2800,3.3517,-0.0593,-0.0593
17.8635,pi,6.2800,3.3348,-0.0596,-0.0596
17.8685,pi,6.2800,3.3532,-0.0593,-0.0593
17.8735,pi,6.2800,3.3360,-0.0596,-0.0596
17.8785,pi,6.2800,3.3542,-0.0592,-0.0592
17.8834,pi,6.2800,3.3689,-0.0590,-0.0590
17.8885,pi,6.2800,3.3485,-0.0594,-0.0594
17.8934,pi,6.2800,3.3643,-0.0590,-0.0590
17.8985,pi,6.2800,3.3769,-0.0588,-0.0588
17.9035,pi,6.2800,3.3549,-0.0592,-0.0592
17.9084,pi,6.2800,3.3694,-0.0589,-0.0589
17.9135,pi,6.2800,3.3810,-0.0587,-0.0587
17.9185,pi,6.2800,3.3581,-0.0592,-0.0592
17.9235,pi,6.2800,3.3901,-0.0585,-0.0585
17.9285,pi,6.2800,3.3655,-0.0590,-0.0590
17.9335,pi,6.2800,3.3458,-0.0594,-0.0594
17.9384,pi,6.2800,3.3621,-0.0591,-0.0591
17.9435,pi,6.2800,3.3430,-0.0595,-0.0595
17.9484,pi,6.2800,3.3141,-0.0601,-0.0601
17.9534,pi,6.2800,3.3367,-0.0596,-0.0596
17.9585,pi,6.2800,3.3227,-0.0599,-0.0599
17.9635,pi,6.2800,3.3618,-0.0591,-0.0591
17.9685,pi,6.2800,3.3931,-0.0585,-0.0585
17.9735,pi,6.2800,3.3672,-0.0590,-0.0590
17.9785,pi,6.2800,3.3972,-0.0584,-0.0584
17.9834,pi,6.2800,3.4032,-0.0583,-0.0583
17.9885,pi,6.2800,3.4538,-0.0572,-0.0572
17.9935,pi,6.2800,3.4485,-0.0573,-0.0573
17.9985,pi,6.2800,3.4623,-0.0571,-0.0571
18.0034,pi,6.2800,3.5010,-0.0563,-0.0563
18.0084,pi,6.2800,3.4863,-0.0566,-0.0566
18.0135,pi,6.2800,3.4746,-0.0568,-0.0568
18.0185,pi,6.2800,3.4652,-0.0570,-0.0570
18.0235,pi,6.2800,3.4574,-0.0572,-0.0572
18.0286,pi,6.2800,3.4191,-0.0579,-0.0579
18.0335,pi,6.2800,3.4386,-0.0575,-0.0575
18.0384,pi,6.2800,3.4045,-0.0582,-0.0582
18.0435,pi,6.2800,3.3770,-0.0588,-0.0588
18.0484,pi,6.2800,3.3871,-0.0586,-0.0586
18.0534,pi,6.2800,3.3953,-0.0584,-0.0584
18.0585,pi,6.2800,3.3696,-0.0589,-0.0589
18.0634,pi,6.2800,3.3812,-0.0587,-0.0587
18.0685,pi,6.2800,3.3584,-0.0592,-0.0592
18.0734,pi,6.2800,3.3264,-0.0598,-0.0598
18.0784,pi,6.2800,3.3469,-0.0594,-0.0594
18.0835,pi,6.2800,3.3634,-0.0591,-0.0591
18.0885,pi,6.2800,3.3441,-0.0595,-0.0595
18.0935,pi,6.2800,3.3607,-0.0591,-0.0591
18.0984,pi,6.2800,3.3741,-0.0588,-0.0588
18.1035,pi,6.2800,3.3527,-0.0593,-0.0593
18.1084,pi,6.2800,3.3676,-0.0590,-0.0590
18.1134,pi,6.2800,3.3796,-0.0587,-0.0587
18.1185,pi,6.2800,3.3571,-0.0592,-0.0592
18.1234,pi,6.2800,3.3711,-0.0589,-0.0589
18.1285,pi,6.2800,3.3503,-0.0593,-0.0593
18.1335,pi,6.2800,3.3337,-0.0597,-0.0597
18.1384,pi,6.2800,3.3524,-0.0593,-0.0593
18.1435,pi,6.2800,3.3674,-0.0590,-0.0590
18.1485,pi,6.2800,3.3473,-0.0594,-0.0594
18.1534,pi,6.2800,3.3633,-0.0591,-0.0591
18.1585,pi,6.2800,3.3440,-0.0595,-0.0595
18.1635,pi,6.2800,3.3281,-0.0598,-0.0598
18.1686,pi,6.2800,3.3659,-0.0590,-0.0590
18.1735,pi,6.2800,3.3458,-0.0594,-0.0594
18.1785,pi,6.2800,3.3298,-0.0597,-0.0597
18.1834,pi,6.2800,3.3674,-0.0590,-0.0590
18.1886,pi,6.2800,3.3473,-0.0594,-0.0594
18.1936,pi,6.2800,3.3813,-0.0587,-0.0587
18.1985,pi,6.2800,3.4085,-0.0581,-0.0581
18.2035,pi,6.2800,3.3801,-0.0587,-0.0587
18.2084,pi,6.2800,3.3895,-0.0585,-0.0585
18.2135,pi,6.2800,3.3969,-0.0584,-0.0584
18.2185,pi,6.2800,3.4489,-0.0573,-0.0573
18.2235,pi,6.2800,3.4448,-0.0574,-0.0574
18.2285,pi,6.2800,3.4416,-0.0575,-0.0575
18.2335,pi,6.2800,3.4391,-0.0575,-0.0575
18.2386,pi,6.2800,3.4368,-0.0576,-0.0576
18.2435,pi,6.2800,3.4346,-0.0576,-0.0576
18.2485,pi,6.2800,3.4334,-0.0576,-0.0576
18.2534,pi,6.2800,3.4323,-0.0577,-0.0577
18.2585,pi,6.2800,3.3993,-0.0583,-0.0583
18.2634,pi,6.2800,3.4049,-0.0582,-0.0582
18.2685,pi,6.2800,3.4096,-0.0581,-0.0581
18.2735,pi,6.2800,3.3811,-0.0587,-0.0587
18.2784,pi,6.2800,3.3903,-0.0585,-0.0585
18.2835,pi,6.2800,3.4159,-0.0580,-0.0580
18.2885,pi,6.2800,3.3860,-0.0586,-0.0586
18.2934,pi,6.2800,3.3942,-0.0584,-0.0584
18.2985,pi,6.2800,3.4010,-0.0583,-0.0583
18.3035,pi,6.2800,3.3742,-0.0588,-0.0588
18.3085,pi,6.2800,3.4029,-0.0583,-0.0583
18.3134,pi,6.2800,3.3758,-0.0588,-0.0588
18.3184,pi,6.2800,3.3541,-0.0592,-0.0592
18.3234,pi,6.2800,3.3687,-0.0590,-0.0590
18.3285,pi,6.2800,3.3483,-0.0594,-0.0594
18.3335,pi,6.2800,3.3320,-0.0597,-0.0597
18.3384,pi,6.2800,3.3510,-0.0593,-0.0593
18.3435,pi,6.2800,3.3343,-0.0597,-0.0597
18.3485,pi,6.2800,3.3201,-0.0599,-0.0599
18.3534,pi,6.2800,3.3595,-0.0591,-0.0591
18.3584,pi,6.2800,3.3731,-0.0589,-0.0589
18.3635,pi,6.2800,3.3383,-0.0596,-0.0596
18.3685,pi,6.2800,3.3743,-0.0588,-0.0588
18.3734,pi,6.2800,3.3528,-0.0593,-0.0593
18.3784,pi,6.2800,3.3677,-0.0590,-0.0590
18.3836,pi,6.2800,3.3976,-0.0584,-0.0584
18.3885,pi,6.2800,3.3713,-0.0589,-0.0589
18.3935,pi,6.2800,3.4002,-0.0583,-0.0583
18.3989,pi,6.2800,3.4054,-0.0582,-0.0582
18.4040,pi,6.2800,3.3774,-0.0588,-0.0588
18.4086,pi,6.2800,3.4054,-0.0582,-0.0582
18.4135,pi,6.2800,3.4278,-0.0578,-0.0578
18.4185,pi,6.2800,3.4458,-0.0574,-0.0574
18.4234,pi,6.2800,3.4421,-0.0575,-0.0575
18.4284,pi,6.2800,3.4071,-0.0582,-0.0582
18.4334,pi,6.2800,3.4111,-0.0581,-0.0581
18.4384,pi,6.2800,3.4148,-0.0580,-0.0580
18.4434,pi,6.2800,3.4176,-0.0580,-0.0580
18.4484,pi,6.2800,3.4200,-0.0579,-0.0579
18.4534,pi,6.2800,3.4218,-0.0579,-0.0579
18.4584,pi,6.2800,3.4232,-0.0579,-0.0579
18.4635,pi,6.2800,3.4422,-0.0575,-0.0575
18.4685,pi,6.2800,3.4392,-0.0575,-0.0575
18.4735,pi,6.2800,3.4045,-0.0582,-0.0582
18.4784,pi,6.2800,3.4092,-0.0581,-0.0581
18.4835,pi,6.2800,3.4130,-0.0581,-0.0581
18.4884,pi,6.2800,3.3701,-0.0589,-0.0589
18.4936,pi,6.2800,3.3816,-0.0587,-0.0587
18.4984,pi,6.2800,3.3907,-0.0585,-0.0585
18.5035,pi,6.2800,3.3525,-0.0593,-0.0593
18.5084,pi,6.2800,3.3676,-0.0590,-0.0590
18.5134,pi,6.2800,3.3798,-0.0587,-0.0587
18.5184,pi,6.2800,3.3438,-0.0595,-0.0595
18.5234,pi,6.2800,3.3608,-0.0591,-0.0591
18.5288,pi,6.2800,3.3414,-0.0595,-0.0595
18.5345,pi,6.2800,3.3257,-0.0598,-0.0598
18.5393,pi,6.2800,3.3632,-0.0591,-0.0591
18.5444,pi,6.2800,3.3428,-0.0595,-0.0595
18.5495,pi,6.2800,3.3266,-0.0598,-0.0598
18.5540,pi,6.2800,3.3638,-0.0591,-0.0591
18.5595,pi,6.2800,3.3435,-0.0595,-0.0595
18.5636,pi,6.2800,3.3776,-0.0588,-0.0588
18.5685,pi,6.2800,3.4050,-0.0582,-0.0582
18.5736,pi,6.2800,3.3769,-0.0588,-0.0588
18.5785,pi,6.2800,3.3866,-0.0586,-0.0586
18.5836,pi,6.2800,3.3947,-0.0584,-0.0584
18.5886,pi,6.2800,3.4015,-0.0583,-0.0583
18.5935,pi,6.2800,3.4075,-0.0582,-0.0582
18.5985,pi,6.2800,3.4122,-0.0581,-0.0581
18.6036,pi,6.2800,3.4160,-0.0580,-0.0580
18.6086,pi,6.2800,3.4185,-0.0579,-0.0579
18.6146,pi,6.2800,3.4204,-0.0579,-0.0579
18.6192,pi,6.2800,3.4399,-0.0575,-0.0575
18.6239,pi,6.2800,3.4550,-0.0572,-0.0572
18.6291,pi,6.2800,3.4174,-0.0580,-0.0580
18.6338,pi,6.2800,3.4374,-0.0576,-0.0576
18.6390,pi,6.2800,3.4531,-0.0572,-0.0572
18.6440,pi,6.2800,3.4158,-0.0580,-0.0580
18.6490,pi,6.2800,3.4342,-0.0577,-0.0577
18.6541,pi,6.2800,3.4504,-0.0573,-0.0573
18.6592,pi,6.2800,3.4137,-0.0580,-0.0580
18.6642,pi,6.2800,3.4346,-0.0576,-0.0576
18.6686,pi,6.2800,3.4009,-0.0583,-0.0583
18.6738,pi,6.2800,3.3606,-0.0591,-0.0591
18.6786,pi,6.2800,3.3744,-0.0588,-0.0588
18.6834,pi,6.2800,3.3854,-0.0586,-0.0586
18.6884,pi,6.2800,3.3485,-0.0594,-0.0594
18.6934,pi,6.2800,3.3652,-0.0590,-0.0590
18.6985,pi,6.2800,3.3781,-0.0588,-0.0588
18.7035,pi,6.2800,3.3448,-0.0594,-0.0594
18.7085,pi,6.2800,3.3616,-0.0591,-0.0591
18.7135,pi,6.2800,3.3752,-0.0588,-0.0588
18.7185,pi,6.2800,3.3399,-0.0595,-0.0595
18.7242,pi,6.2800,3.3579,-0.0592,-0.0592
18.7292,pi,6.2800,3.3722,-0.0589,-0.0589
18.7336,pi,6.2800,3.3510,-0.0593,-0.0593
18.7384,pi,6.2800,3.3662,-0.0590,-0.0590
18.7435,pi,6.2800,3.3785,-0.0588,-0.0588
18.7484,pi,6.2800,3.3425,-0.0595,-0.0595
18.7535,pi,6.2800,3.3595,-0.0591,-0.0591
18.7585,pi,6.2800,3.3730,-0.0589,-0.0589
18.7636,pi,6.2800,3.4020,-0.0583,-0.0583
18.7686,pi,6.2800,3.4248,-0.0578,-0.0578
18.7734,pi,6.2800,3.4256,-0.0578,-0.0578
18.7785,pi,6.2800,3.4262,-0.0578,-0.0578
18.7834,pi,6.2800,3.4266,-0.0578,-0.0578
18.7885,pi,6.2800,3.4270,-0.0578,-0.0578
18.7935,pi,6.2800,3.4453,-0.0574,-0.0574
18.7984,pi,6.2800,3.4417,-0.0575,-0.0575
18.8035,pi,6.2800,3.4389,-0.0575,-0.0575
18.8084,pi,6.2800,3.4367,-0.0576,-0.0576
18.8134,pi,6.2800,3.4349,-0.0576,-0.0576
18.8184,pi,6.2800,3.4339,-0.0576,-0.0576
18.8234,pi,6.2800,3.4337,-0.0576,-0.0576
18.8286,pi,6.2800,3.4001,-0.0583,-0.0583
18.8335,pi,6.2800,3.3735,-0.0589,-0.0589
18.8384,pi,6.2800,3.3843,-0.0586,-0.0586
18.8435,pi,6.2800,3.3609,-0.0591,-0.0591
18.8484,pi,6.2800,3.3422,-0.0595,-0.0595
18.8534,pi,6.2800,3.3774,-0.0588,-0.0588
18.8584,pi,6.2800,3.3553,-0.0592,-0.0592
18.8634,pi,6.2800,3.3240,-0.0599,-0.0599
18.8685,pi,6.2800,3.3126,-0.0601,-0.0601
18.8734,pi,6.2800,3.3034,-0.0603,-0.0603
18.8784,pi,6.2800,3.3282,-0.0598,-0.0598
18.8834,pi,6.2800,3.3484,-0.0594,-0.0594
18.8885,pi,6.2800,3.3321,-0.0597,-0.0597
18.8934,pi,6.2800,3.3511,-0.0593,-0.0593
18.8984,pi,6.2800,3.3664,-0.0590,-0.0590
18.9035,pi,6.2800,3.3464,-0.0594,-0.0594
18.9084,pi,6.2800,3.3807,-0.0587,-0.0587
18.9134,pi,6.2800,3.4082,-0.0582,-0.0582
18.9185,pi,6.2800,3.3799,-0.0587,-0.0587
18.9234,pi,6.2800,3.3894,-0.0585,-0.0585
18.9285,pi,6.2800,3.3648,-0.0590,-0.0590
18.9334,pi,6.2800,3.3452,-0.0594,-0.0594
18.9384,pi,6.2800,3.3616,-0.0591,-0.0591
18.9435,pi,6.2800,3.3426,-0.0595,-0.0595
18.9484,pi,6.2800,3.3596,-0.0591,-0.0591
18.9534,pi,6.2800,3.3731,-0.0589,-0.0589
18.9584,pi,6.2800,3.3840,-0.0586,-0.0586
18.9634,pi,6.2800,3.3927,-0.0585,-0.0585
18.9684,pi,6.2800,3.3997,-0.0583,-0.0583
18.9735,pi,6.2800,3.3732,-0.0589,-0.0589
18.9785,pi,6.2800,3.4022,-0.0583,-0.0583
18.9835,pi,6.2800,3.4254,-0.0578,-0.0578
18.9885,pi,6.2800,3.3937,-0.0584,-0.0584
18.9935,pi,6.2800,3.4184,-0.0580,-0.0580
18.9985,pi,6.2800,3.3877,-0.0586,-0.0586
19.0035,pi,6.2800,3.3634,-0.0591,-0.0591
19.0084,pi,6.2800,3.3943,-0.0584,-0.0584
19.0135,pi,6.2800,3.3688,-0.0590,-0.0590
19.0185,pi,6.2800,3.3484,-0.0594,-0.0594
19.0234,pi,6.2800,3.3824,-0.0587,-0.0587
19.0284,pi,6.2800,3.3913,-0.0585,-0.0585
19.0335,pi,6.2800,3.3529,-0.0593,-0.0593
19.0384,pi,6.2800,3.3677,-0.0590,-0.0590
19.0435,pi,6.2800,3.3797,-0.0587,-0.0587
19.0485,pi,6.2800,3.3436,-0.0595,-0.0595
19.0540,pi,6.2800,3.3784,-0.0588,-0.0588
19.0593,pi,6.2800,3.3556,-0.0592,-0.0592
19.0637,pi,6.2800,3.3876,-0.0586,-0.0586
19.0689,pi,6.2800,3.4131,-0.0581,-0.0581
19.0734,pi,6.2800,3.3836,-0.0586,-0.0586
19.0784,pi,6.2800,3.4105,-0.0581,-0.0581
19.0834,pi,6.2800,3.4320,-0.0577,-0.0577
19.0885,pi,6.2800,3.3989,-0.0583,-0.0583
19.0935,pi,6.2800,3.4227,-0.0579,-0.0579
19.0984,pi,6.2800,3.4234,-0.0578,-0.0578
19.1035,pi,6.2800,3.4242,-0.0578,-0.0578
19.1085,pi,6.2800,3.4252,-0.0578,-0.0578
19.1135,pi,6.2800,3.4261,-0.0578,-0.0578
19.1185,pi,6.2800,3.3809,-0.0587,-0.0587
19.1235,pi,6.2800,3.3907,-0.0585,-0.0585
19.1285,pi,6.2800,3.3659,-0.0590,-0.0590
19.1334,pi,6.2800,3.3460,-0.0594,-0.0594
19.1384,pi,6.2800,3.3622,-0.0591,-0.0591
19.1435,pi,6.2800,3.3432,-0.0595,-0.0595
19.1485,pi,6.2800,3.3280,-0.0598,-0.0598
19.1534,pi,6.2800,3.3479,-0.0594,-0.0594
19.1584,pi,6.2800,3.3638,-0.0591,-0.0591
19.1635,pi,6.2800,3.3307,-0.0597,-0.0597
19.1686,pi,6.2800,3.3681,-0.0590,-0.0590
19.1737,pi,6.2800,3.3476,-0.0594,-0.0594
19.1788,pi,6.2800,3.3312,-0.0597,-0.0597
19.1834,pi,6.2800,3.3685,-0.0590,-0.0590
19.1884,pi,6.2800,3.3803,-0.0587,-0.0587
19.1934,pi,6.2800,3.3576,-0.0592,-0.0592
19.1984,pi,6.2800,3.3716,-0.0589,-0.0589
19.2035,pi,6.2800,3.3506,-0.0593,-0.0593
19.2085,pi,6.2800,3.3838,-0.0587,-0.0587
19.2135,pi,6.2800,3.4106,-0.0581,-0.0581
19.2185,pi,6.2800,3.3817,-0.0587,-0.0587
19.2234,pi,6.2800,3.3910,-0.0585,-0.0585
19.2285,pi,6.2800,3.3985,-0.0583,-0.0583
19.2335,pi,6.2800,3.4046,-0.0582,-0.0582
19.2385,pi,6.2800,3.4274,-0.0578,-0.0578
19.2435,pi,6.2800,3.4273,-0.0578,-0.0578
19.2485,pi,6.2800,3.3949,-0.0584,-0.0584
19.2536,pi,6.2800,3.4012,-0.0583,-0.0583
19.2584,pi,6.2800,3.4065,-0.0582,-0.0582
19.2635,pi,6.2800,3.3653,-0.0590,-0.0590
19.2685,pi,6.2800,3.3778,-0.0588,-0.0588
19.2734,pi,6.2800,3.3881,-0.0586,-0.0586
19.2785,pi,6.2800,3.3637,-0.0591,-0.0591
19.2834,pi,6.2800,3.3444,-0.0594,-0.0594
19.2888,pi,6.2800,3.3287,-0.0598,-0.0598
19.2934,pi,6.2800,3.3160,-0.0600,-0.0600
19.2985,pi,6.2800,3.3382,-0.0596,-0.0596
19.3035,pi,6.2800,3.3236,-0.0599,-0.0599
19.3085,pi,6.2800,3.3121,-0.0601,-0.0601
19.3134,pi,6.2800,3.3351,-0.0596,-0.0596
19.3184,pi,6.2800,3.3215,-0.0599,-0.0599
19.3234,pi,6.2800,3.2969,-0.0604,-0.0604
19.3284,pi,6.2800,3.3230,-0.0599,-0.0599
19.3334,pi,6.2800,3.3439,-0.0595,-0.0595
19.3384,pi,6.2800,3.4063,-0.0582,-0.0582
19.3434,pi,6.2800,3.4108,-0.0581,-0.0581
19.3485,pi,6.2800,3.4144,-0.0580,-0.0580
19.3534,pi,6.2800,3.4170,-0.0580,-0.0580
19.3584,pi,6.2800,3.4194,-0.0579,-0.0579
19.3635,pi,6.2800,3.3889,-0.0585,-0.0585
19.3684,pi,6.2800,3.3965,-0.0584,-0.0584
19.3734,pi,6.2800,3.4027,-0.0583,-0.0583
19.3785,pi,6.2800,3.3754,-0.0588,-0.0588
19.3836,pi,6.2800,3.4039,-0.0582,-0.0582
19.3885,pi,6.2800,3.3764,-0.0588,-0.0588
19.3934,pi,6.2800,3.3546,-0.0592,-0.0592
19.3987,pi,6.2800,3.3873,-0.0586,-0.0586
19.4040,pi,6.2800,3.3629,-0.0591,-0.0591
19.4088,pi,6.2800,3.3435,-0.0595,-0.0595
19.4139,pi,6.2800,3.3782,-0.0588,-0.0588
19.4184,pi,6.2800,3.3559,-0.0592,-0.0592
19.4234,pi,6.2800,3.3245,-0.0598,-0.0598
19.4284,pi,6.2800,3.3451,-0.0594,-0.0594
19.4335,pi,6.2800,3.3617,-0.0591,-0.0591
19.4385,pi,6.2800,3.3291,-0.0598,-0.0598
19.4438,pi,6.2800,3.3668,-0.0590,-0.0590
19.4492,pi,6.2800,3.3467,-0.0594,-0.0594
19.4539,pi,6.2800,3.3307,-0.0597,-0.0597
19.4584,pi,6.2800,3.3501,-0.0593,-0.0593
19.4635,pi,6.2800,3.3657,-0.0590,-0.0590
19.4684,pi,6.2800,3.3784,-0.0588,-0.0588
19.4736,pi,6.2800,3.4064,-0.0582,-0.0582
19.4785,pi,6.2800,3.3784,-0.0588,-0.0588
19.4834,pi,6.2800,3.3882,-0.0586,-0.0586
19.4885,pi,6.2800,3.3960,-0.0584,-0.0584
19.4935,pi,6.2800,3.4023,-0.0583,-0.0583
19.4984,pi,6.2800,3.4076,-0.0582,-0.0582
19.5035,pi,6.2800,3.4118,-0.0581,-0.0581
19.5084,pi,6.2800,3.4609,-0.0571,-0.0571
19.5135,pi,6.2800,3.4723,-0.0569,-0.0569
19.5185,pi,6.2800,3.4311,-0.0577,-0.0577
19.5234,pi,6.2800,3.4303,-0.0577,-0.0577
19.5284,pi,6.2800,3.4297,-0.0577,-0.0577
19.5335,pi,6.2800,3.3971,-0.0584,-0.0584
19.5384,pi,6.2800,3.4031,-0.0583,-0.0583
19.5434,pi,6.2800,3.4080,-0.0582,-0.0582
19.5485,pi,6.2800,3.3798,-0.0587,-0.0587
19.5534,pi,6.2800,3.3893,-0.0585,-0.0585
19.5584,pi,6.2800,3.3970,-0.0584,-0.0584
19.5635,pi,6.2800,3.3572,-0.0592,-0.0592
19.5685,pi,6.2800,3.3258,-0.0598,-0.0598
19.5735,pi,6.2800,3.3141,-0.0601,-0.0601
19.5785,pi,6.2800,3.3044,-0.0603,-0.0603
19.5834,pi,6.2800,3.3289,-0.0598,-0.0598
19.5884,pi,6.2800,3.3487,-0.0594,-0.0594
19.5935,pi,6.2800,3.3323,-0.0597,-0.0597
19.5984,pi,6.2800,3.3513,-0.0593,-0.0593
19.6034,pi,6.2800,3.3666,-0.0590,-0.0590
19.6084,pi,6.2800,3.3330,-0.0597,-0.0597
19.6134,pi,6.2800,3.3519,-0.0593,-0.0593
19.6184,pi,6.2800,3.3671,-0.0590,-0.0590
19.6235,pi,6.2800,3.3471,-0.0594,-0.0594
19.6284,pi,6.2800,3.3632,-0.0591,-0.0591
19.6334,pi,6.2800,3.3763,-0.0588,-0.0588
19.6385,pi,6.2800,3.3544,-0.0592,-0.0592
19.6434,pi,6.2800,3.3690,-0.0589,-0.0589
19.6484,pi,6.2800,3.3808,-0.0587,-0.0587
19.6535,pi,6.2800,3.3580,-0.0592,-0.0592
19.6585,pi,6.2800,3.3901,-0.0585,-0.0585
19.6635,pi,6.2800,3.3655,-0.0590,-0.0590
19.6684,pi,6.2800,3.3458,-0.0594,-0.0594
19.6734,pi,6.2800,3.3621,-0.0591,-0.0591
19.6786,pi,6.2800,3.3431,-0.0595,-0.0595
19.6838,pi,6.2800,3.3778,-0.0588,-0.0588
19.6892,pi,6.2800,3.4053,-0.0582,-0.0582
19.6945,pi,6.2800,3.3740,-0.0589,-0.0589
19.6993,pi,6.2800,3.4015,-0.0583,-0.0583
19.7037,pi,6.2800,3.4236,-0.0579,-0.0579
19.7090,pi,6.2800,3.4416,-0.0575,-0.0575
19.7139,pi,6.2800,3.4563,-0.0572,-0.0572
19.7192,pi,6.2800,3.4666,-0.0570,-0.0570
19.7242,pi,6.2800,3.4265,-0.0578,-0.0578
19.7293,pi,6.2800,3.4438,-0.0574,-0.0574
19.7336,pi,6.2800,3.4082,-0.0582,-0.0582
19.7388,pi,6.2800,3.3796,-0.0587,-0.0587
19.7435,pi,6.2800,3.3893,-0.0585,-0.0585
19.7484,pi,6.2800,3.3993,-0.0583,-0.0583
19.7538,pi,6.2800,3.3591,-0.0592,-0.0592
19.7592,pi,6.2800,3.3399,-0.0595,-0.0595
19.7637,pi,6.2800,3.3125,-0.0601,-0.0601
19.7684,pi,6.2800,3.3359,-0.0596,-0.0596
19.7734,pi,6.2800,3.3563,-0.0592,-0.0592
19.7785,pi,6.2800,3.3712,-0.0589,-0.0589
19.7834,pi,6.2800,3.3834,-0.0587,-0.0587
19.7884,pi,6.2800,3.3930,-0.0585,-0.0585
19.7934,pi,6.2800,3.4008,-0.0583,-0.0583
19.7985,pi,6.2800,3.4065,-0.0582,-0.0582
19.8035,pi,6.2800,3.4107,-0.0581,-0.0581
19.8085,pi,6.2800,3.4145,-0.0580,-0.0580
19.8134,pi,6.2800,3.4183,-0.0580,-0.0580
19.8185,pi,6.2800,3.3881,-0.0586,-0.0586
19.8235,pi,6.2800,3.4137,-0.0580,-0.0580
19.8285,pi,6.2800,3.4345,-0.0576,-0.0576
19.8334,pi,6.2800,3.4008,-0.0583,-0.0583
19.8385,pi,6.2800,3.3739,-0.0588,-0.0588
19.8434,pi,6.2800,3.3845,-0.0586,-0.0586
19.8485,pi,6.2800,3.3610,-0.0591,-0.0591
19.8534,pi,6.2800,3.3284,-0.0598,-0.0598
19.8585,pi,6.2800,3.3663,-0.0590,-0.0590
19.8634,pi,6.2800,3.3464,-0.0594,-0.0594
19.8685,pi,6.2800,3.3304,-0.0597,-0.0597
19.8734,pi,6.2800,3.3497,-0.0593,-0.0593
19.8784,pi,6.2800,3.3198,-0.0599,-0.0599
19.8835,pi,6.2800,3.2957,-0.0604,-0.0604
19.8884,pi,6.2800,3.3223,-0.0599,-0.0599
19.8934,pi,6.2800,3.3434,-0.0595,-0.0595
19.8984,pi,6.2800,3.3603,-0.0591,-0.0591
19.9034,pi,6.2800,3.3738,-0.0589,-0.0589
19.9085,pi,6.2800,3.3846,-0.0586,-0.0586
19.9134,pi,6.2800,3.3934,-0.0585,-0.0585
19.9185,pi,6.2800,3.4002,-0.0583,-0.0583
19.9235,pi,6.2800,3.3728,-0.0589,-0.0589
19.9284,pi,6.2800,3.3836,-0.0586,-0.0586
19.9335,pi,6.2800,3.4104,-0.0581,-0.0581
19.9385,pi,6.2800,3.3816,-0.0587,-0.0587
19.9435,pi,6.2800,3.4089,-0.0581,-0.0581
19.9484,pi,6.2800,3.3803,-0.0587,-0.0587
19.9534,pi,6.2800,3.4078,-0.0582,-0.0582
19.9584,pi,6.2800,3.4299,-0.0577,-0.0577
19.9635,pi,6.2800,3.3970,-0.0584,-0.0584
19.9684,pi,6.2800,3.4028,-0.0583,-0.0583
19.9735,pi,6.2800,3.4077,-0.0582,-0.0582
19.9785,pi,6.2800,3.3795,-0.0587,-0.0587
19.9834,pi,6.2800,3.3890,-0.0585,-0.0585
19.9884,pi,6.2800,3.3969,-0.0584,-0.0584
19.9935,pi,6.2800,3.3708,-0.0589,-0.0589
19.9985,pi,6.2800,3.4002,-0.0583,-0.0583
20.0035,pi,6.2800,3.3736,-0.0589,-0.0589
20.0085,pi,6.2800,3.3523,-0.0593,-0.0593
20.0134,pi,6.2800,3.3673,-0.0590,-0.0590
20.0184,pi,6.2800,3.3794,-0.0587,-0.0587
20.0234,pi,6.2800,3.3432,-0.0595,-0.0595
20.0284,pi,6.2800,3.3600,-0.0591,-0.0591
20.0335,pi,6.2800,3.3415,-0.0595,-0.0595
20.0384,pi,6.2800,3.3266,-0.0598,-0.0598
20.0434,pi,6.2800,3.3468,-0.0594,-0.0594
20.0485,pi,6.2800,3.3630,-0.0591,-0.0591
20.0535,pi,6.2800,3.3438,-0.0595,-0.0595
20.0584,pi,6.2800,3.3605,-0.0591,-0.0591
20.0635,pi,6.2800,3.3418,-0.0595,-0.0595
20.0685,pi,6.2800,3.3268,-0.0598,-0.0598
20.0734,pi,6.2800,3.3651,-0.0590,-0.0590
20.0785,pi,6.2800,3.3455,-0.0594,-0.0594
20.0834,pi,6.2800,3.3618,-0.0591,-0.0591
20.0885,pi,6.2800,3.3932,-0.0585,-0.0585
20.0934,pi,6.2800,3.4181,-0.0580,-0.0580
20.0984,pi,6.2800,3.4200,-0.0579,-0.0579
20.1034,pi,6.2800,3.4213,-0.0579,-0.0579
20.1084,pi,6.2800,3.4683,-0.0569,-0.0569
20.1134,pi,6.2800,3.4601,-0.0571,-0.0571
20.1185,pi,6.2800,3.4535,-0.0572,-0.0572
20.1234,pi,6.2800,3.4940,-0.0564,-0.0564
20.1284,pi,6.2800,3.4806,-0.0567,-0.0567
20.1335,pi,6.2800,3.4378,-0.0576,-0.0576
20.1384,pi,6.2800,3.4356,-0.0576,-0.0576
20.1434,pi,6.2800,3.4340,-0.0576,-0.0576
20.1485,pi,6.2800,3.4006,-0.0583,-0.0583
20.1534,pi,6.2800,3.4059,-0.0582,-0.0582
20.1584,pi,6.2800,3.4103,-0.0581,-0.0581
20.1634,pi,6.2800,3.3680,-0.0590,-0.0590
20.1684,pi,6.2800,3.3798,-0.0587,-0.0587
20.1736,pi,6.2800,3.3568,-0.0592,-0.0592
20.1788,pi,6.2800,3.3387,-0.0596,-0.0596
20.1839,pi,6.2800,3.3744,-0.0588,-0.0588
20.1884,pi,6.2800,3.3528,-0.0593,-0.0593
20.1934,pi,6.2800,3.3221,-0.0599,-0.0599
20.1984,pi,6.2800,3.3432,-0.0595,-0.0595
20.2034,pi,6.2800,3.3601,-0.0591,-0.0591
20.2085,pi,6.2800,3.3414,-0.0595,-0.0595
20.2134,pi,6.2800,3.3767,-0.0588,-0.0588
20.2184,pi,6.2800,3.3547,-0.0592,-0.0592
20.2235,pi,6.2800,3.3370,-0.0596,-0.0596
20.2284,pi,6.2800,3.3553,-0.0592,-0.0592
20.2335,pi,6.2800,3.3699,-0.0589,-0.0589
20.2385,pi,6.2800,3.3487,-0.0594,-0.0594
20.2435,pi,6.2800,3.3823,-0.0587,-0.0587
20.2485,pi,6.2800,3.3590,-0.0592,-0.0592
20.2535,pi,6.2800,3.3908,-0.0585,-0.0585
20.2584,pi,6.2800,3.3979,-0.0584,-0.0584
20.2635,pi,6.2800,3.4220,-0.0579,-0.0579
20.2684,pi,6.2800,3.4230,-0.0579,-0.0579
20.2735,pi,6.2800,3.4239,-0.0578,-0.0578
20.2785,pi,6.2800,3.4708,-0.0569,-0.0569
20.2835,pi,6.2800,3.4803,-0.0567,-0.0567
20.2885,pi,6.2800,3.4695,-0.0569,-0.0569
20.2936,pi,6.2800,3.4788,-0.0567,-0.0567
20.2984,pi,6.2800,3.4866,-0.0566,-0.0566
20.3035,pi,6.2800,3.4427,-0.0575,-0.0575
20.3092,pi,6.2800,3.4574,-0.0572,-0.0572
20.3140,pi,6.2800,3.4181,-0.0580,-0.0580
20.3188,pi,6.2800,3.3870,-0.0586,-0.0586
20.3236,pi,6.2800,3.4128,-0.0581,-0.0581
20.3284,pi,6.2800,3.3836,-0.0586,-0.0586
20.3334,pi,6.2800,3.3467,-0.0594,-0.0594
20.3388,pi,6.2800,3.3810,-0.0587,-0.0587
20.3434,pi,6.2800,3.3901,-0.0585,-0.0585
20.3487,pi,6.2800,3.3652,-0.0590,-0.0590
20.3539,pi,6.2800,3.3956,-0.0584,-0.0584
20.3588,pi,6.2800,3.4015,-0.0583,-0.0583
20.3638,pi,6.2800,3.3610,-0.0591,-0.0591
20.3684,pi,6.2800,3.3749,-0.0588,-0.0588
20.3734,pi,6.2800,3.3862,-0.0586,-0.0586
20.3785,pi,6.2800,3.3624,-0.0591,-0.0591
20.3836,pi,6.2800,3.3933,-0.0585,-0.0585
20.3886,pi,6.2800,3.3998,-0.0583,-0.0583
20.3938,pi,6.2800,3.4057,-0.0582,-0.0582
20.3992,pi,6.2800,3.4280,-0.0578,-0.0578
20.4037,pi,6.2800,3.3959,-0.0584,-0.0584
20.4086,pi,6.2800,3.4022,-0.0583,-0.0583
20.4135,pi,6.2800,3.4073,-0.0582,-0.0582
20.4184,pi,6.2800,3.4572,-0.0572,-0.0572
20.4234,pi,6.2800,3.4695,-0.0569,-0.0569
20.4284,pi,6.2800,3.4611,-0.0571,-0.0571
20.4335,pi,6.2800,3.5001,-0.0563,-0.0563
20.4385,pi,6.2800,3.4857,-0.0566,-0.0566
20.4435,pi,6.2800,3.4420,-0.0575,-0.0575
20.4484,pi,6.2800,3.4391,-0.0575,-0.0575
20.4535,pi,6.2800,3.4375,-0.0576,-0.0576
20.4585,pi,6.2800,3.4032,-0.0583,-0.0583
20.4634,pi,6.2800,3.3626,-0.0591,-0.0591
20.4685,pi,6.2800,3.3759,-0.0588,-0.0588
20.4735,pi,6.2800,3.3541,-0.0593,-0.0593
20.4785,pi,6.2800,3.3365,-0.0596,-0.0596
20.4835,pi,6.2800,3.3225,-0.0599,-0.0599
20.4886,pi,6.2800,3.3114,-0.0601,-0.0601
20.4935,pi,6.2800,3.3524,-0.0593,-0.0593
20.4985,pi,6.2800,3.3674,-0.0590,-0.0590
20.5034,pi,6.2800,3.3335,-0.0597,-0.0597
20.5084,pi,6.2800,3.3524,-0.0593,-0.0593
20.5134,pi,6.2800,3.3678,-0.0590,-0.0590
20.5185,pi,6.2800,3.3476,-0.0594,-0.0594
20.5234,pi,6.2800,3.3635,-0.0591,-0.0591
20.5284,pi,6.2800,3.3762,-0.0588,-0.0588
20.5335,pi,6.2800,3.3866,-0.0586,-0.0586
20.5384,pi,6.2800,3.3948,-0.0584,-0.0584
20.5434,pi,6.2800,3.4015,-0.0583,-0.0583
20.5485,pi,6.2800,3.3747,-0.0588,-0.0588
20.5534,pi,6.2800,3.3852,-0.0586,-0.0586
20.5585,pi,6.2800,3.3614,-0.0591,-0.0591
20.5634,pi,6.2800,3.3928,-0.0585,-0.0585
20.5684,pi,6.2800,3.3996,-0.0583,-0.0583
20.5734,pi,6.2800,3.4052,-0.0582,-0.0582
20.5785,pi,6.2800,3.4096,-0.0581,-0.0581
20.5835,pi,6.2800,3.4313,-0.0577,-0.0577
20.5885,pi,6.2800,3.3985,-0.0584,-0.0584
20.5934,pi,6.2800,3.4042,-0.0582,-0.0582
20.5985,pi,6.2800,3.4269,-0.0578,-0.0578
20.6035,pi,6.2800,3.3947,-0.0584,-0.0584
20.6084,pi,6.2800,3.4012,-0.0583,-0.0583
20.6135,pi,6.2800,3.3734,-0.0589,-0.0589
20.6184,pi,6.2800,3.3842,-0.0586,-0.0586
20.6235,pi,6.2800,3.4109,-0.0581,-0.0581
20.6284,pi,6.2800,3.4142,-0.0580,-0.0580
20.6335,pi,6.2800,3.4169,-0.0580,-0.0580
20.6384,pi,6.2800,3.4191,-0.0579,-0.0579
20.6434,pi,6.2800,3.4208,-0.0579,-0.0579
20.6485,pi,6.2800,3.4220,-0.0579,-0.0579
20.6536,pi,6.2800,3.4231,-0.0579,-0.0579
20.6585,pi,6.2800,3.3917,-0.0585,-0.0585
20.6634,pi,6.2800,3.3989,-0.0583,-0.0583
20.6685,pi,6.2800,3.3724,-0.0589,-0.0589
20.6734,pi,6.2800,3.3378,-0.0596,-0.0596
20.6784,pi,6.2800,3.3560,-0.0592,-0.0592
20.6835,pi,6.2800,3.3382,-0.0596,-0.0596
20.6885,pi,6.2800,3.3237,-0.0599,-0.0599
20.6934,pi,6.2800,3.3443,-0.0594,-0.0594
20.6985,pi,6.2800,3.3287,-0.0598,-0.0598
20.7035,pi,6.2800,3.3163,-0.0600,-0.0600
20.7084,pi,6.2800,3.3384,-0.0596,-0.0596
20.7135,pi,6.2800,3.3239,-0.0599,-0.0599
20.7184,pi,6.2800,3.3628,-0.0591,-0.0591
20.7234,pi,6.2800,3.3937,-0.0584,-0.0584
20.7286,pi,6.2800,3.3681,-0.0590,-0.0590
20.7335,pi,6.2800,3.3977,-0.0584,-0.0584
20.7384,pi,6.2800,3.4034,-0.0582,-0.0582
20.7434,pi,6.2800,3.4541,-0.0572,-0.0572
20.7484,pi,6.2800,3.4486,-0.0573,-0.0573
20.7535,pi,6.2800,3.4444,-0.0574,-0.0574
20.7585,pi,6.2800,3.4088,-0.0581,-0.0581
20.7634,pi,6.2800,3.4307,-0.0577,-0.0577
20.7684,pi,6.2800,3.3979,-0.0584,-0.0584
20.7743,pi,6.2800,3.3713,-0.0589,-0.0589
20.7794,pi,6.2800,3.3999,-0.0583,-0.0583
20.7835,pi,6.2800,3.4052,-0.0582,-0.0582
20.7884,pi,6.2800,3.4102,-0.0581,-0.0581
20.7934,pi,6.2800,3.4139,-0.0580,-0.0580
20.7985,pi,6.2800,3.3844,-0.0586,-0.0586
20.8035,pi,6.2800,3.4112,-0.0581,-0.0581
20.8085,pi,6.2800,3.4144,-0.0580,-0.0580
20.8134,pi,6.2800,3.4172,-0.0580,-0.0580
20.8184,pi,6.2800,3.4194,-0.0579,-0.0579
20.8234,pi,6.2800,3.4211,-0.0579,-0.0579
20.8285,pi,6.2800,3.4229,-0.0579,-0.0579
20.8334,pi,6.2800,3.4250,-0.0578,-0.0578
20.8385,pi,6.2800,3.3934,-0.0585,-0.0585
20.8434,pi,6.2800,3.3679,-0.0590,-0.0590
20.8485,pi,6.2800,3.3980,-0.0584,-0.0584
20.8534,pi,6.2800,3.4038,-0.0582,-0.0582
20.8584,pi,6.2800,3.3631,-0.0591,-0.0591
20.8635,pi,6.2800,3.3942,-0.0584,-0.0584
20.8685,pi,6.2800,3.3687,-0.0590,-0.0590
20.8735,pi,6.2800,3.3482,-0.0594,-0.0594
20.8784,pi,6.2800,3.3639,-0.0590,-0.0590
20.8835,pi,6.2800,3.3445,-0.0594,-0.0594
20.8884,pi,6.2800,3.3290,-0.0598,-0.0598
20.8934,pi,6.2800,3.3486,-0.0594,-0.0594
20.8985,pi,6.2800,3.3642,-0.0590,-0.0590
20.9035,pi,6.2800,3.3446,-0.0594,-0.0594
20.9084,pi,6.2800,3.3792,-0.0587,-0.0587
20.9135,pi,6.2800,3.3557,-0.0592,-0.0592
20.9184,pi,6.2800,3.3699,-0.0589,-0.0589
20.9235,pi,6.2800,3.3995,-0.0583,-0.0583
20.9284,pi,6.2800,3.4052,-0.0582,-0.0582
20.9335,pi,6.2800,3.4096,-0.0581,-0.0581
20.9385,pi,6.2800,3.4314,-0.0577,-0.0577
20.9435,pi,6.2800,3.3986,-0.0583,-0.0583
20.9484,pi,6.2800,3.4041,-0.0582,-0.0582
20.9535,pi,6.2800,3.4087,-0.0581,-0.0581
20.9584,pi,6.2800,3.4583,-0.0571,-0.0571
20.9634,pi,6.2800,3.4523,-0.0573,-0.0573
20.9685,pi,6.2800,3.4151,-0.0580,-0.0580
20.9734,pi,6.2800,3.4175,-0.0580,-0.0580
20.9785,pi,6.2800,3.4376,-0.0576,-0.0576
20.9835,pi,6.2800,3.4033,-0.0583,-0.0583
20.9884,pi,6.2800,3.4262,-0.0578,-0.0578
20.9936,pi,6.2800,3.4445,-0.0574,-0.0574
20.9985,pi,6.2800,3.4088,-0.0581,-0.0581
21.0034,pi,6.2800,3.4125,-0.0581,-0.0581
21.0084,pi,6.2800,3.3833,-0.0587,-0.0587
21.0134,pi,6.2800,3.3598,-0.0591,-0.0591
21.0184,pi,6.2800,3.3731,-0.0589,-0.0589
21.0235,pi,6.2800,3.3518,-0.0593,-0.0593
21.0285,pi,6.2800,3.3348,-0.0596,-0.0596
21.0334,pi,6.2800,3.3533,-0.0593,-0.0593
21.0385,pi,6.2800,3.3360,-0.0596,-0.0596
21.0435,pi,6.2800,3.3222,-0.0599,-0.0599
21.0485,pi,6.2800,3.3432,-0.0595,-0.0595
21.0535,pi,6.2800,3.3280,-0.0598,-0.0598
21.0585,pi,6.2800,3.3157,-0.0600,-0.0600
21.0635,pi,6.2800,3.3562,-0.0592,-0.0592
21.0685,pi,6.2800,3.3383,-0.0596,-0.0596
21.0735,pi,6.2800,3.3743,-0.0588,-0.0588
21.0784,pi,6.2800,3.3848,-0.0586,-0.0586
21.0835,pi,6.2800,3.3613,-0.0591,-0.0591
21.0884,pi,6.2800,3.3288,-0.0598,-0.0598
21.0935,pi,6.2800,3.3485,-0.0594,-0.0594
21.0985,pi,6.2800,3.3644,-0.0590,-0.0590
21.1035,pi,6.2800,3.3953,-0.0584,-0.0584
21.1085,pi,6.2800,3.4193,-0.0579,-0.0579
21.1134,pi,6.2800,3.4661,-0.0570,-0.0570
21.1185,pi,6.2800,3.4584,-0.0571,-0.0571
21.1235,pi,6.2800,3.4521,-0.0573,-0.0573
21.1285,pi,6.2800,3.4149,-0.0580,-0.0580
21.1334,pi,6.2800,3.4356,-0.0576,-0.0576
21.1384,pi,6.2800,3.4521,-0.0573,-0.0573
21.1435,pi,6.2800,3.4472,-0.0574,-0.0574
21.1485,pi,6.2800,3.4614,-0.0571,-0.0571
21.1534,pi,6.2800,3.4225,-0.0579,-0.0579
21.1585,pi,6.2800,3.3775,-0.0588,-0.0588
21.1635,pi,6.2800,3.3555,-0.0592,-0.0592
21.1685,pi,6.2800,3.3377,-0.0596,-0.0596
21.1736,pi,6.2800,3.3233,-0.0599,-0.0599
21.1787,pi,6.2800,3.3440,-0.0595,-0.0595
21.1835,pi,6.2800,3.3283,-0.0598,-0.0598
21.1884,pi,6.2800,3.3480,-0.0594,-0.0594
21.1935,pi,6.2800,3.3821,-0.0587,-0.0587
21.1985,pi,6.2800,3.3590,-0.0592,-0.0592
21.2035,pi,6.2800,3.3406,-0.0595,-0.0595
21.2086,pi,6.2800,3.3579,-0.0592,-0.0592
21.2137,pi,6.2800,3.3395,-0.0595,-0.0595
21.2185,pi,6.2800,3.3752,-0.0588,-0.0588
21.2234,pi,6.2800,3.3855,-0.0586,-0.0586
21.2284,pi,6.2800,3.3943,-0.0584,-0.0584
21.2335,pi,6.2800,3.4010,-0.0583,-0.0583
21.2385,pi,6.2800,3.3742,-0.0588,-0.0588
21.2435,pi,6.2800,3.3528,-0.0593,-0.0593
21.2484,pi,6.2800,3.3677,-0.0590,-0.0590
21.2535,pi,6.2800,3.3795,-0.0587,-0.0587
21.2585,pi,6.2800,3.3569,-0.0592,-0.0592
21.2634,pi,6.2800,3.3708,-0.0589,-0.0589
21.2684,pi,6.2800,3.3823,-0.0587,-0.0587
21.2735,pi,6.2800,3.3458,-0.0594,-0.0594
21.2785,pi,6.2800,3.3802,-0.0587,-0.0587
21.2835,pi,6.2800,3.3576,-0.0592,-0.0592
21.2884,pi,6.2800,3.3715,-0.0589,-0.0589
21.2934,pi,6.2800,3.3827,-0.0587,-0.0587
21.2991,pi,6.2800,3.3545,-0.0593,-0.0593
21.3038,pi,6.2800,3.3856,-0.0586,-0.0586
21.3089,pi,6.2800,3.4120,-0.0581,-0.0581
21.3133,pi,6.2800,3.4607,-0.0571,-0.0571
21.3184,pi,6.2800,3.4541,-0.0572,-0.0572
21.3236,pi,6.2800,3.4670,-0.0570,-0.0570
21.3284,pi,6.2800,3.5047,-0.0562,-0.0562
21.3334,pi,6.2800,3.4894,-0.0565,-0.0565
21.3385,pi,6.2800,3.4447,-0.0574,-0.0574
21.3435,pi,6.2800,3.4092,-0.0581,-0.0581
21.3484,pi,6.2800,3.4129,-0.0581,-0.0581
21.3534,pi,6.2800,3.4194,-0.0579,-0.0579
21.3585,pi,6.2800,3.3756,-0.0588,-0.0588
21.3635,pi,6.2800,3.3536,-0.0593,-0.0593
21.3684,pi,6.2800,3.3363,-0.0596,-0.0596
21.3735,pi,6.2800,3.3223,-0.0599,-0.0599
21.3785,pi,6.2800,3.3432,-0.0595,-0.0595
21.3838,pi,6.2800,3.3277,-0.0598,-0.0598
21.3885,pi,6.2800,3.3150,-0.0600,-0.0600
21.3935,pi,6.2800,3.3374,-0.0596,-0.0596
21.3999,pi,6.2800,3.3227,-0.0599,-0.0599
21.4038,pi,6.2800,3.3115,-0.0601,-0.0601
21.4084,pi,6.2800,3.3346,-0.0596,-0.0596
21.4136,pi,6.2800,3.3211,-0.0599,-0.0599
21.4185,pi,6.2800,3.3103,-0.0601,-0.0601
21.4234,pi,6.2800,3.3337,-0.0597,-0.0597
21.4285,pi,6.2800,3.3204,-0.0599,-0.0599
21.4334,pi,6.2800,3.3417,-0.0595,-0.0595
21.4385,pi,6.2800,3.3590,-0.0591,-0.0591
21.4435,pi,6.2800,3.3406,-0.0595,-0.0595
21.4484,pi,6.2800,3.3578,-0.0592,-0.0592
21.4536,pi,6.2800,3.3898,-0.0585,-0.0585
21.4585,pi,6.2800,3.3653,-0.0590,-0.0590
21.4634,pi,6.2800,3.3777,-0.0588,-0.0588
21.4685,pi,6.2800,3.3878,-0.0586,-0.0586
21.4735,pi,6.2800,3.3635,-0.0591,-0.0591
21.4785,pi,6.2800,3.3945,-0.0584,-0.0584
21.4835,pi,6.2800,3.4011,-0.0583,-0.0583
21.4884,pi,6.2800,3.4063,-0.0582,-0.0582
21.4934,pi,6.2800,3.4105,-0.0581,-0.0581
21.4986,pi,6.2800,3.3818,-0.0587,-0.0587
21.5034,pi,6.2800,3.3908,-0.0585,-0.0585
21.5084,pi,6.2800,3.3986,-0.0583,-0.0583
21.5135,pi,6.2800,3.4046,-0.0582,-0.0582
21.5185,pi,6.2800,3.4092,-0.0581,-0.0581
21.5235,pi,6.2800,3.4129,-0.0581,-0.0581
21.5285,pi,6.2800,3.4160,-0.0580,-0.0580
21.5334,pi,6.2800,3.4186,-0.0579,-0.0579
21.5384,pi,6.2800,3.4204,-0.0579,-0.0579
21.5434,pi,6.2800,3.4220,-0.0579,-0.0579
21.5484,pi,6.2800,3.4232,-0.0578,-0.0578
21.5534,pi,6.2800,3.4242,-0.0578,-0.0578
21.5584,pi,6.2800,3.4252,-0.0578,-0.0578
21.5634,pi,6.2800,3.4256,-0.0578,-0.0578
21.5684,pi,6.2800,3.4260,-0.0578,-0.0578
21.5734,pi,6.2800,3.4265,-0.0578,-0.0578
21.5785,pi,6.2800,3.4447,-0.0574,-0.0574
21.5835,pi,6.2800,3.4089,-0.0581,-0.0581
21.5885,pi,6.2800,3.4307,-0.0577,-0.0577
21.5934,pi,6.2800,3.3980,-0.0584,-0.0584
21.5985,pi,6.2800,3.3717,-0.0589,-0.0589
21.6034,pi,6.2800,3.4011,-0.0583,-0.0583
21.6084,pi,6.2800,3.4063,-0.0582,-0.0582
21.6135,pi,6.2800,3.3784,-0.0588,-0.0588
21.6185,pi,6.2800,3.4063,-0.0582,-0.0582
21.6234,pi,6.2800,3.3783,-0.0588,-0.0588
21.6284,pi,6.2800,3.3422,-0.0595,-0.0595
21.6334,pi,6.2800,3.3595,-0.0591,-0.0591
21.6384,pi,6.2800,3.3733,-0.0589,-0.0589
21.6435,pi,6.2800,3.3521,-0.0593,-0.0593
21.6484,pi,6.2800,3.3671,-0.0590,-0.0590
21.6534,pi,6.2800,3.3791,-0.0587,-0.0587
21.6585,pi,6.2800,3.3567,-0.0592,-0.0592
21.6634,pi,6.2800,3.3707,-0.0589,-0.0589
21.6685,pi,6.2800,3.3821,-0.0587,-0.0587
21.6735,pi,6.2800,3.4093,-0.0581,-0.0581
21.6784,pi,6.2800,3.4310,-0.0577,-0.0577
21.6835,pi,6.2800,3.3981,-0.0584,-0.0584
21.6884,pi,6.2800,3.4221,-0.0579,-0.0579
21.6934,pi,6.2800,3.4412,-0.0575,-0.0575
21.6985,pi,6.2800,3.4063,-0.0582,-0.0582
21.7035,pi,6.2800,3.4280,-0.0578,-0.0578
21.7084,pi,6.2800,3.4457,-0.0574,-0.0574
21.7135,pi,6.2800,3.4099,-0.0581,-0.0581
21.7185,pi,6.2800,3.4309,-0.0577,-0.0577
21.7234,pi,6.2800,3.4300,-0.0577,-0.0577
21.7285,pi,6.2800,3.3838,-0.0586,-0.0586
21.7334,pi,6.2800,3.3926,-0.0585,-0.0585
21.7385,pi,6.2800,3.3675,-0.0590,-0.0590
21.7435,pi,6.2800,3.3473,-0.0594,-0.0594
21.7484,pi,6.2800,3.3634,-0.0591,-0.0591
21.7534,pi,6.2800,3.3761,-0.0588,-0.0588
21.7584,pi,6.2800,3.3871,-0.0586,-0.0586
21.7635,pi,6.2800,3.4132,-0.0581,-0.0581
21.7684,pi,6.2800,3.4159,-0.0580,-0.0580
21.7734,pi,6.2800,3.4189,-0.0579,-0.0579
21.7785,pi,6.2800,3.4206,-0.0579,-0.0579
21.7835,pi,6.2800,3.3898,-0.0585,-0.0585
21.7885,pi,6.2800,3.3652,-0.0590,-0.0590
21.7934,pi,6.2800,3.3776,-0.0588,-0.0588
21.7985,pi,6.2800,3.3555,-0.0592,-0.0592
21.8034,pi,6.2800,3.3698,-0.0589,-0.0589
21.8085,pi,6.2800,3.3493,-0.0593,-0.0593
21.8134,pi,6.2800,3.3190,-0.0600,-0.0600
21.8185,pi,6.2800,3.3410,-0.0595,-0.0595
21.8234,pi,6.2800,3.3583,-0.0592,-0.0592
21.8285,pi,6.2800,3.3400,-0.0595,-0.0595
21.8334,pi,6.2800,3.3575,-0.0592,-0.0592
21.8384,pi,6.2800,3.3715,-0.0589,-0.0589
21.8435,pi,6.2800,3.3505,-0.0593,-0.0593
21.8485,pi,6.2800,3.3840,-0.0586,-0.0586
21.8534,pi,6.2800,3.3606,-0.0591,-0.0591
21.8584,pi,6.2800,3.3419,-0.0595,-0.0595
21.8634,pi,6.2800,3.3589,-0.0592,-0.0592
21.8685,pi,6.2800,3.3405,-0.0595,-0.0595
21.8735,pi,6.2800,3.3257,-0.0598,-0.0598
21.8784,pi,6.2800,3.3460,-0.0594,-0.0594
21.8835,pi,6.2800,3.3302,-0.0597,-0.0597
21.8884,pi,6.2800,3.3496,-0.0593,-0.0593
21.8935,pi,6.2800,3.3651,-0.0590,-0.0590
21.8985,pi,6.2800,3.3776,-0.0588,-0.0588
21.9034,pi,6.2800,3.3876,-0.0586,-0.0586
21.9085,pi,6.2800,3.4137,-0.0580,-0.0580
21.9134,pi,6.2800,3.4620,-0.0571,-0.0571
21.9185,pi,6.2800,3.4551,-0.0572,-0.0572
21.9234,pi,6.2800,3.4495,-0.0573,-0.0573
21.9285,pi,6.2800,3.4632,-0.0570,-0.0570
21.9334,pi,6.2800,3.4743,-0.0568,-0.0568
21.9385,pi,6.2800,3.4328,-0.0577,-0.0577
21.9434,pi,6.2800,3.4316,-0.0577,-0.0577
21.9485,pi,6.2800,3.4490,-0.0573,-0.0573
21.9535,pi,6.2800,3.4125,-0.0581,-0.0581
21.9584,pi,6.2800,3.4154,-0.0580,-0.0580
21.9635,pi,6.2800,3.3858,-0.0586,-0.0586
21.9685,pi,6.2800,3.3617,-0.0591,-0.0591
21.9734,pi,6.2800,3.3747,-0.0588,-0.0588
21.9785,pi,6.2800,3.3853,-0.0586,-0.0586
21.9835,pi,6.2800,3.3615,-0.0591,-0.0591
21.9885,pi,6.2800,3.3929,-0.0585,-0.0585
21.9935,pi,6.2800,3.3678,-0.0590,-0.0590
21.9985,pi,6.2800,3.3475,-0.0594,-0.0594
22.0034,pi,6.2800,3.3634,-0.0591,-0.0591
22.0085,pi,6.2800,3.3441,-0.0595,-0.0595
22.0135,pi,6.2800,3.3286,-0.0598,-0.0598
22.0184,pi,6.2800,3.3483,-0.0594,-0.0594
22.0235,pi,6.2800,3.3321,-0.0597,-0.0597
22.0285,pi,6.2800,3.3190,-0.0600,-0.0600
22.0334,pi,6.2800,3.3406,-0.0595,-0.0595
22.0385,pi,6.2800,3.3259,-0.0598,-0.0598
22.0434,pi,6.2800,3.3462,-0.0594,-0.0594
22.0485,pi,6.2800,3.3625,-0.0591,-0.0591
22.0535,pi,6.2800,3.3754,-0.0588,-0.0588
22.0584,pi,6.2800,3.3859,-0.0586,-0.0586
22.0635,pi,6.2800,3.3941,-0.0584,-0.0584
22.0685,pi,6.2800,3.3687,-0.0590,-0.0590
22.0734,pi,6.2800,3.3803,-0.0587,-0.0587
22.0785,pi,6.2800,3.4080,-0.0582,-0.0582
22.0835,pi,6.2800,3.3798,-0.0587,-0.0587
22.0884,pi,6.2800,3.3893,-0.0585,-0.0585
22.0935,pi,6.2800,3.3649,-0.0590,-0.0590
22.0984,pi,6.2800,3.3773,-0.0588,-0.0588
22.1034,pi,6.2800,3.3873,-0.0586,-0.0586
22.1085,pi,6.2800,3.3631,-0.0591,-0.0591
22.1134,pi,6.2800,3.3758,-0.0588,-0.0588
22.1185,pi,6.2800,3.3862,-0.0586,-0.0586
22.1235,pi,6.2800,3.3623,-0.0591,-0.0591
22.1284,pi,6.2800,3.3753,-0.0588,-0.0588
22.1335,pi,6.2800,3.3859,-0.0586,-0.0586
22.1385,pi,6.2800,3.3619,-0.0591,-0.0591
22.1435,pi,6.2800,3.3929,-0.0585,-0.0585
22.1485,pi,6.2800,3.3678,-0.0590,-0.0590
22.1535,pi,6.2800,3.3473,-0.0594,-0.0594
22.1585,pi,6.2800,3.3806,-0.0587,-0.0587
22.1635,pi,6.2800,3.3576,-0.0592,-0.0592
22.1684,pi,6.2800,3.3715,-0.0589,-0.0589
22.1735,pi,6.2800,3.4009,-0.0583,-0.0583
22.1789,pi,6.2800,3.3736,-0.0589,-0.0589
22.1839,pi,6.2800,3.4020,-0.0583,-0.0583
22.1886,pi,6.2800,3.4250,-0.0578,-0.0578
22.1935,pi,6.2800,3.4711,-0.0569,-0.0569
22.1984,pi,6.2800,3.4627,-0.0570,-0.0570
22.2034,pi,6.2800,3.4556,-0.0572,-0.0572
22.2088,pi,6.2800,3.4957,-0.0564,-0.0564
22.2144,pi,6.2800,3.5001,-0.0563,-0.0563
22.2204,pi,6.2800,3.4527,-0.0573,-0.0573
22.2261,pi,6.2800,3.4653,-0.0570,-0.0570
22.2311,pi,6.2800,3.4754,-0.0568,-0.0568
22.2360,pi,6.2800,3.4338,-0.0576,-0.0576
22.2400,pi,6.2800,3.3997,-0.0583,-0.0583
22.2441,pi,6.2800,3.3730,-0.0589,-0.0589
22.2486,pi,6.2800,3.3519,-0.0593,-0.0593
22.2535,pi,6.2800,3.3346,-0.0596,-0.0596
22.2586,pi,6.2800,3.3532,-0.0593,-0.0593
22.2634,pi,6.2800,3.3225,-0.0599,-0.0599
22.2685,pi,6.2800,3.3441,-0.0595,-0.0595
22.2734,pi,6.2800,3.3615,-0.0591,-0.0591
22.2785,pi,6.2800,3.3294,-0.0598,-0.0598
22.2835,pi,6.2800,3.3500,-0.0593,-0.0593
22.2885,pi,6.2800,3.3660,-0.0590,-0.0590
22.2935,pi,6.2800,3.3791,-0.0587,-0.0587
22.2985,pi,6.2800,3.3891,-0.0585,-0.0585
22.3036,pi,6.2800,3.3969,-0.0584,-0.0584
22.3085,pi,6.2800,3.3707,-0.0589,-0.0589
22.3134,pi,6.2800,3.3819,-0.0587,-0.0587
22.3184,pi,6.2800,3.3911,-0.0585,-0.0585
22.3235,pi,6.2800,3.3529,-0.0593,-0.0593
22.3284,pi,6.2800,3.3679,-0.0590,-0.0590
22.3335,pi,6.2800,3.3478,-0.0594,-0.0594
22.3385,pi,6.2800,3.3314,-0.0597,-0.0597
22.3434,pi,6.2800,3.3506,-0.0593,-0.0593
22.3485,pi,6.2800,3.3335,-0.0597,-0.0597
22.3535,pi,6.2800,3.3702,-0.0589,-0.0589
22.3585,pi,6.2800,3.3999,-0.0583,-0.0583
22.3634,pi,6.2800,3.4055,-0.0582,-0.0582
22.3685,pi,6.2800,3.4100,-0.0581,-0.0581
22.3734,pi,6.2800,3.4317,-0.0577,-0.0577
22.3784,pi,6.2800,3.3988,-0.0583,-0.0583
22.3837,pi,6.2800,3.4226,-0.0579,-0.0579
22.3884,pi,6.2800,3.4233,-0.0578,-0.0578
22.3935,pi,6.2800,3.3921,-0.0585,-0.0585
22.3988,pi,6.2800,3.4173,-0.0580,-0.0580
22.4035,pi,6.2800,3.3871,-0.0586,-0.0586
22.4085,pi,6.2800,3.3951,-0.0584,-0.0584
22.4136,pi,6.2800,3.4193,-0.0579,-0.0579
22.4184,pi,6.2800,3.3889,-0.0585,-0.0585
22.4235,pi,6.2800,3.4147,-0.0580,-0.0580
22.4284,pi,6.2800,3.4353,-0.0576,-0.0576
22.4334,pi,6.2800,3.4335,-0.0576,-0.0576
22.4384,pi,6.2800,3.4323,-0.0577,-0.0577
22.4435,pi,6.2800,3.4495,-0.0573,-0.0573
22.4485,pi,6.2800,3.4449,-0.0574,-0.0574
22.4535,pi,6.2800,3.3961,-0.0584,-0.0584
22.4584,pi,6.2800,3.4027,-0.0583,-0.0583
22.4634,pi,6.2800,3.3620,-0.0591,-0.0591
22.4684,pi,6.2800,3.3757,-0.0588,-0.0588
22.4734,pi,6.2800,3.3861,-0.0586,-0.0586
22.4785,pi,6.2800,3.3488,-0.0594,-0.0594
22.4834,pi,6.2800,3.3646,-0.0590,-0.0590
22.4884,pi,6.2800,3.3772,-0.0588,-0.0588
22.4935,pi,6.2800,3.3415,-0.0595,-0.0595
22.4984,pi,6.2800,3.3588,-0.0592,-0.0592
22.5034,pi,6.2800,3.3728,-0.0589,-0.0589
22.5085,pi,6.2800,3.3516,-0.0593,-0.0593
22.5134,pi,6.2800,3.3667,-0.0590,-0.0590
22.5184,pi,6.2800,3.3788,-0.0587,-0.0587
22.5235,pi,6.2800,3.3565,-0.0592,-0.0592
22.5284,pi,6.2800,3.3889,-0.0585,-0.0585
22.5334,pi,6.2800,3.3966,-0.0584,-0.0584
22.5385,pi,6.2800,3.3707,-0.0589,-0.0589
22.5434,pi,6.2800,3.3819,-0.0587,-0.0587
22.5485,pi,6.2800,3.3590,-0.0591,-0.0591
22.5535,pi,6.2800,3.3269,-0.0598,-0.0598
22.5584,pi,6.2800,3.3470,-0.0594,-0.0594
22.5634,pi,6.2800,3.3631,-0.0591,-0.0591
22.5686,pi,6.2800,3.3438,-0.0595,-0.0595
22.5734,pi,6.2800,3.3787,-0.0588,-0.0588
22.5784,pi,6.2800,3.3883,-0.0586,-0.0586
22.5836,pi,6.2800,3.3629,-0.0591,-0.0591
22.5884,pi,6.2800,3.3937,-0.0584,-0.0584
22.5934,pi,6.2800,3.4005,-0.0583,-0.0583
22.5985,pi,6.2800,3.3738,-0.0589,-0.0589
22.6035,pi,6.2800,3.4027,-0.0583,-0.0583
22.6084,pi,6.2800,3.3755,-0.0588,-0.0588
22.6135,pi,6.2800,3.3538,-0.0593,-0.0593
22.6184,pi,6.2800,3.3684,-0.0590,-0.0590
22.6234,pi,6.2800,3.3801,-0.0587,-0.0587
22.6285,pi,6.2800,3.3574,-0.0592,-0.0592
22.6335,pi,6.2800,3.3712,-0.0589,-0.0589
22.6393,pi,6.2800,3.3498,-0.0593,-0.0593
22.6447,pi,6.2800,3.3830,-0.0587,-0.0587
22.6496,pi,6.2800,3.4097,-0.0581,-0.0581
22.6535,pi,6.2800,3.3809,-0.0587,-0.0587
22.6584,pi,6.2800,3.4083,-0.0581,-0.0581
22.6634,pi,6.2800,3.4120,-0.0581,-0.0581
22.6685,pi,6.2800,3.3830,-0.0587,-0.0587
22.6734,pi,6.2800,3.4100,-0.0581,-0.0581
22.6785,pi,6.2800,3.4317,-0.0577,-0.0577
22.6834,pi,6.2800,3.4309,-0.0577,-0.0577
22.6885,pi,6.2800,3.4302,-0.0577,-0.0577
22.6935,pi,6.2800,3.4300,-0.0577,-0.0577
22.6985,pi,6.2800,3.3839,-0.0586,-0.0586
22.7035,pi,6.2800,3.3930,-0.0585,-0.0585
22.7085,pi,6.2800,3.3678,-0.0590,-0.0590
22.7135,pi,6.2800,3.3476,-0.0594,-0.0594
22.7184,pi,6.2800,3.3635,-0.0591,-0.0591
22.7235,pi,6.2800,3.3442,-0.0595,-0.0595
22.7284,pi,6.2800,3.3608,-0.0591,-0.0591
22.7335,pi,6.2800,3.3923,-0.0585,-0.0585
22.7385,pi,6.2800,3.3672,-0.0590,-0.0590
22.7434,pi,6.2800,3.3792,-0.0587,-0.0587
22.7485,pi,6.2800,3.4069,-0.0582,-0.0582
22.7534,pi,6.2800,3.3789,-0.0587,-0.0587
22.7584,pi,6.2800,3.3885,-0.0586,-0.0586
22.7634,pi,6.2800,3.3963,-0.0584,-0.0584
22.7685,pi,6.2800,3.3703,-0.0589,-0.0589
22.7734,pi,6.2800,3.3816,-0.0587,-0.0587
22.7785,pi,6.2800,3.3908,-0.0585,-0.0585
22.7835,pi,6.2800,3.3523,-0.0593,-0.0593
22.7885,pi,6.2800,3.3673,-0.0590,-0.0590
22.7935,pi,6.2800,3.3472,-0.0594,-0.0594
22.7985,pi,6.2800,3.3173,-0.0600,-0.0600
22.8035,pi,6.2800,3.3576,-0.0592,-0.0592
22.8085,pi,6.2800,3.3393,-0.0596,-0.0596
22.8134,pi,6.2800,3.3248,-0.0598,-0.0598
22.8184,pi,6.2800,3.3452,-0.0594,-0.0594
22.8235,pi,6.2800,3.3296,-0.0597,-0.0597
22.8284,pi,6.2800,3.3035,-0.0603,-0.0603
22.8334,pi,6.2800,3.3283,-0.0598,-0.0598
22.8384,pi,6.2800,3.3482,-0.0594,-0.0594
22.8435,pi,6.2800,3.3185,-0.0600,-0.0600
22.8484,pi,6.2800,3.3404,-0.0595,-0.0595
22.8534,pi,6.2800,3.3579,-0.0592,-0.0592
22.8585,pi,6.2800,3.3262,-0.0598,-0.0598
22.8634,pi,6.2800,3.3467,-0.0594,-0.0594
22.8685,pi,6.2800,3.3630,-0.0591,-0.0591
22.8734,pi,6.2800,3.3759,-0.0588,-0.0588
22.8784,pi,6.2800,3.3863,-0.0586,-0.0586
22.8835,pi,6.2800,3.3946,-0.0584,-0.0584
22.8884,pi,6.2800,3.4011,-0.0583,-0.0583
22.8935,pi,6.2800,3.4245,-0.0578,-0.0578
22.8984,pi,6.2800,3.4251,-0.0578,-0.0578
22.9034,pi,6.2800,3.4256,-0.0578,-0.0578
22.9084,pi,6.2800,3.4259,-0.0578,-0.0578
22.9134,pi,6.2800,3.4720,-0.0569,-0.0569
22.9184,pi,6.2800,3.4630,-0.0570,-0.0570
22.9235,pi,6.2800,3.4239,-0.0578,-0.0578
22.9285,pi,6.2800,3.3924,-0.0585,-0.0585
22.9334,pi,6.2800,3.3995,-0.0583,-0.0583
22.9385,pi,6.2800,3.3729,-0.0589,-0.0589
22.9435,pi,6.2800,3.3381,-0.0596,-0.0596
22.9484,pi,6.2800,3.3560,-0.0592,-0.0592
22.9535,pi,6.2800,3.3382,-0.0596,-0.0596
22.9584,pi,6.2800,3.3102,-0.0601,-0.0601
22.9635,pi,6.2800,3.3015,-0.0603,-0.0603
22.9686,pi,6.2800,3.2943,-0.0605,-0.0605
22.9735,pi,6.2800,3.2885,-0.0606,-0.0606
22.9785,pi,6.2800,3.3343,-0.0596,-0.0596
22.9835,pi,6.2800,3.3205,-0.0599,-0.0599
22.9885,pi,6.2800,3.3097,-0.0601,-0.0601
22.9935,pi,6.2800,3.3512,-0.0593,-0.0593
22.9985,pi,6.2800,3.3341,-0.0597,-0.0597
23.0035,pi,6.2800,3.3205,-0.0599,-0.0599
23.0085,pi,6.2800,3.3598,-0.0591,-0.0591
23.0135,pi,6.2800,3.3413,-0.0595,-0.0595
23.0185,pi,6.2800,3.3264,-0.0598,-0.0598
23.0235,pi,6.2800,3.3467,-0.0594,-0.0594
23.0285,pi,6.2800,3.3308,-0.0597,-0.0597
23.0335,pi,6.2800,3.3501,-0.0593,-0.0593
23.0385,pi,6.2800,3.3656,-0.0590,-0.0590
23.0435,pi,6.2800,3.3457,-0.0594,-0.0594
23.0484,pi,6.2800,3.3620,-0.0591,-0.0591
23.0535,pi,6.2800,3.3751,-0.0588,-0.0588
23.0585,pi,6.2800,3.3535,-0.0593,-0.0593
23.0635,pi,6.2800,3.3864,-0.0586,-0.0586
23.0684,pi,6.2800,3.3945,-0.0584,-0.0584
23.0735,pi,6.2800,3.3690,-0.0589,-0.0589
23.0784,pi,6.2800,3.3988,-0.0583,-0.0583
23.0835,pi,6.2800,3.3725,-0.0589,-0.0589
23.0884,pi,6.2800,3.3835,-0.0587,-0.0587
23.0935,pi,6.2800,3.3922,-0.0585,-0.0585
23.0985,pi,6.2800,3.3672,-0.0590,-0.0590
23.1034,pi,6.2800,3.3793,-0.0587,-0.0587
23.1084,pi,6.2800,3.3889,-0.0585,-0.0585
23.1135,pi,6.2800,3.3646,-0.0590,-0.0590
23.1184,pi,6.2800,3.3772,-0.0588,-0.0588
23.1235,pi,6.2800,3.3872,-0.0586,-0.0586
23.1285,pi,6.2800,3.3952,-0.0584,-0.0584
23.1334,pi,6.2800,3.4018,-0.0583,-0.0583
23.1385,pi,6.2800,3.3743,-0.0588,-0.0588
23.1434,pi,6.2800,3.3392,-0.0595,-0.0595
23.1485,pi,6.2800,3.3569,-0.0592,-0.0592
23.1535,pi,6.2800,3.3388,-0.0596,-0.0596
23.1585,pi,6.2800,3.3245,-0.0598,-0.0598
23.1634,pi,6.2800,3.3451,-0.0594,-0.0594
23.1685,pi,6.2800,3.3294,-0.0598,-0.0598
23.1734,pi,6.2800,3.3489,-0.0594,-0.0594
23.1785,pi,6.2800,3.3647,-0.0590,-0.0590
23.1836,pi,6.2800,3.3446,-0.0594,-0.0594
23.1887,pi,6.2800,3.3607,-0.0591,-0.0591
23.1935,pi,6.2800,3.3920,-0.0585,-0.0585
23.1984,pi,6.2800,3.3669,-0.0590,-0.0590
23.2034,pi,6.2800,3.3972,-0.0584,-0.0584
23.2084,pi,6.2800,3.4215,-0.0579,-0.0579
23.2134,pi,6.2800,3.3904,-0.0585,-0.0585
23.2184,pi,6.2800,3.3976,-0.0584,-0.0584
23.2235,pi,6.2800,3.3713,-0.0589,-0.0589
23.2285,pi,6.2800,3.3505,-0.0593,-0.0593
23.2336,pi,6.2800,3.3659,-0.0590,-0.0590
23.2384,pi,6.2800,3.3785,-0.0588,-0.0588
23.2436,pi,6.2800,3.3430,-0.0595,-0.0595
23.2485,pi,6.2800,3.3782,-0.0588,-0.0588
23.2536,pi,6.2800,3.3881,-0.0586,-0.0586
23.2591,pi,6.2800,3.3634,-0.0591,-0.0591
23.2641,pi,6.2800,3.3942,-0.0584,-0.0584
23.2690,pi,6.2800,3.3685,-0.0590,-0.0590
23.2740,pi,6.2800,3.3481,-0.0594,-0.0594
23.2784,pi,6.2800,3.3819,-0.0587,-0.0587
23.2834,pi,6.2800,3.3589,-0.0592,-0.0592
23.2885,pi,6.2800,3.3267,-0.0598,-0.0598
23.2936,pi,6.2800,3.3649,-0.0590,-0.0590
23.2986,pi,6.2800,3.3452,-0.0594,-0.0594
23.3036,pi,6.2800,3.3293,-0.0598,-0.0598
23.3089,pi,6.2800,3.3671,-0.0590,-0.0590
23.3137,pi,6.2800,3.3470,-0.0594,-0.0594
23.3188,pi,6.2800,3.3177,-0.0600,-0.0600
23.3234,pi,6.2800,3.3398,-0.0595,-0.0595
23.3285,pi,6.2800,3.3575,-0.0592,-0.0592
23.3334,pi,6.2800,3.3259,-0.0598,-0.0598
23.3385,pi,6.2800,3.3645,-0.0590,-0.0590
23.3435,pi,6.2800,3.3770,-0.0588,-0.0588
23.3485,pi,6.2800,3.3872,-0.0586,-0.0586
23.3535,pi,6.2800,3.4135,-0.0581,-0.0581
23.3584,pi,6.2800,3.4620,-0.0571,-0.0571
23.3634,pi,6.2800,3.4557,-0.0572,-0.0572
23.3684,pi,6.2800,3.4505,-0.0573,-0.0573
23.3734,pi,6.2800,3.4918,-0.0565,-0.0565
23.3784,pi,6.2800,3.4791,-0.0567,-0.0567
23.3836,pi,6.2800,3.4867,-0.0566,-0.0566
23.3884,pi,6.2800,3.5203,-0.0559,-0.0559
23.3935,pi,6.2800,3.5020,-0.0563,-0.0563
23.3989,pi,6.2800,3.4538,-0.0572,-0.0572
23.4035,pi,6.2800,3.4482,-0.0573,-0.0573
23.4084,pi,6.2800,3.4121,-0.0581,-0.0581
23.4135,pi,6.2800,3.3826,-0.0587,-0.0587
23.4184,pi,6.2800,3.3459,-0.0594,-0.0594
23.4234,pi,6.2800,3.3623,-0.0591,-0.0591
23.4285,pi,6.2800,3.3430,-0.0595,-0.0595
23.4335,pi,6.2800,3.3141,-0.0601,-0.0601
23.4385,pi,6.2800,3.3046,-0.0603,-0.0603
23.4435,pi,6.2800,3.2968,-0.0604,-0.0604
23.4484,pi,6.2800,3.2770,-0.0608,-0.0608
23.4534,pi,6.2800,3.3077,-0.0602,-0.0602
23.4584,pi,6.2800,3.2863,-0.0606,-0.0606
23.4634,pi,6.2800,3.3146,-0.0600,-0.0600
23.4685,pi,6.2800,3.3554,-0.0592,-0.0592
23.4734,pi,6.2800,3.3376,-0.0596,-0.0596
23.4784,pi,6.2800,3.3554,-0.0592,-0.0592
23.4835,pi,6.2800,3.3880,-0.0586,-0.0586
23.4884,pi,6.2800,3.3638,-0.0591,-0.0591
23.4935,pi,6.2800,3.3765,-0.0588,-0.0588
23.4985,pi,6.2800,3.4049,-0.0582,-0.0582
23.5035,pi,6.2800,3.3771,-0.0588,-0.0588
23.5084,pi,6.2800,3.4052,-0.0582,-0.0582
23.5134,pi,6.2800,3.3773,-0.0588,-0.0588
23.5185,pi,6.2800,3.3551,-0.0592,-0.0592
23.5234,pi,6.2800,3.3876,-0.0586,-0.0586
23.5286,pi,6.2800,3.3623,-0.0591,-0.0591
23.5351,pi,6.2800,3.3789,-0.0589,-0.0589
23.5400,pi,6.2800,3.4009,-0.0581,-0.0581
23.5446,pi,6.2800,3.3726,-0.0589,-0.0589
23.5494,pi,6.2800,3.3982,-0.0584,-0.0584
23.5539,pi,6.2800,3.4206,-0.0579,-0.0579
23.5590,pi,6.2800,3.3892,-0.0585,-0.0585
23.5637,pi,6.2800,3.3967,-0.0584,-0.0584
23.5686,pi,6.2800,3.4209,-0.0579,-0.0579
23.5736,pi,6.2800,3.3899,-0.0585,-0.0585
23.5786,pi,6.2800,3.3516,-0.0593,-0.0593
23.5835,pi,6.2800,3.3672,-0.0590,-0.0590
23.5886,pi,6.2800,3.3481,-0.0594,-0.0594
23.5935,pi,6.2800,3.3642,-0.0590,-0.0590
23.5986,pi,6.2800,3.3778,-0.0588,-0.0588
23.6036,pi,6.2800,3.3454,-0.0594,-0.0594
23.6085,pi,6.2800,3.3623,-0.0591,-0.0591
23.6141,pi,6.2800,3.3419,-0.0595,-0.0595
23.6187,pi,6.2800,3.3766,-0.0588,-0.0588
23.6241,pi,6.2800,3.4047,-0.0582,-0.0582
23.6292,pi,6.2800,3.4270,-0.0578,-0.0578
23.6342,pi,6.2800,3.4408,-0.0575,-0.0575
23.6392,pi,6.2800,3.4551,-0.0572,-0.0572
23.6443,pi,6.2800,3.4173,-0.0580,-0.0580
23.6494,pi,6.2800,3.4311,-0.0578,-0.0578
23.6539,pi,6.2800,3.4469,-0.0573,-0.0573
23.6590,pi,6.2800,3.4099,-0.0581,-0.0581
23.6640,pi,6.2800,3.3671,-0.0590,-0.0590
23.6690,pi,6.2800,3.3797,-0.0587,-0.0587
23.6742,pi,6.2800,3.3564,-0.0592,-0.0592
23.6788,pi,6.2800,3.3706,-0.0589,-0.0589
23.6834,pi,6.2800,3.3825,-0.0587,-0.0587
23.6884,pi,6.2800,3.3506,-0.0593,-0.0593
23.6934,pi,6.2800,3.3666,-0.0590,-0.0590
23.6984,pi,6.2800,3.3791,-0.0587,-0.0587
23.7035,pi,6.2800,3.3498,-0.0593,-0.0593
23.7085,pi,6.2800,3.3659,-0.0590,-0.0590
23.7135,pi,6.2800,3.3790,-0.0587,-0.0587
23.7184,pi,6.2800,3.3894,-0.0585,-0.0585
23.7235,pi,6.2800,3.3972,-0.0584,-0.0584
23.7285,pi,6.2800,3.4044,-0.0582,-0.0582
23.7335,pi,6.2800,3.3769,-0.0588,-0.0588
23.7384,pi,6.2800,3.3870,-0.0586,-0.0586
23.7435,pi,6.2800,3.3630,-0.0591,-0.0591
23.7485,pi,6.2800,3.3302,-0.0597,-0.0597
23.7534,pi,6.2800,3.3497,-0.0593,-0.0593
23.7585,pi,6.2800,3.3331,-0.0597,-0.0597
23.7635,pi,6.2800,3.3061,-0.0602,-0.0602
23.7684,pi,6.2800,3.3305,-0.0597,-0.0597
23.7734,pi,6.2800,3.3499,-0.0593,-0.0593
23.7785,pi,6.2800,3.3332,-0.0597,-0.0597
23.7834,pi,6.2800,3.3519,-0.0593,-0.0593
23.7884,pi,6.2800,3.3671,-0.0590,-0.0590
23.7935,pi,6.2800,3.3470,-0.0594,-0.0594
23.7984,pi,6.2800,3.3812,-0.0587,-0.0587
23.8035,pi,6.2800,3.3583,-0.0592,-0.0592
23.8084,pi,6.2800,3.3721,-0.0589,-0.0589
23.8134,pi,6.2800,3.3833,-0.0587,-0.0587
23.8185,pi,6.2800,3.3599,-0.0591,-0.0591
23.8234,pi,6.2800,3.3734,-0.0589,-0.0589
23.8285,pi,6.2800,3.4024,-0.0583,-0.0583
23.8335,pi,6.2800,3.4255,-0.0578,-0.0578
23.8384,pi,6.2800,3.4440,-0.0574,-0.0574
23.8434,pi,6.2800,3.4406,-0.0575,-0.0575
23.8484,pi,6.2800,3.4836,-0.0566,-0.0566
23.8534,pi,6.2800,3.4725,-0.0569,-0.0569
23.8585,pi,6.2800,3.4314,-0.0577,-0.0577
23.8635,pi,6.2800,3.3985,-0.0584,-0.0584
23.8684,pi,6.2800,3.4043,-0.0582,-0.0582
23.8735,pi,6.2800,3.3768,-0.0588,-0.0588
23.8784,pi,6.2800,3.3869,-0.0586,-0.0586
23.8834,pi,6.2800,3.3951,-0.0584,-0.0584
23.8884,pi,6.2800,3.3560,-0.0592,-0.0592
23.8934,pi,6.2800,3.3703,-0.0589,-0.0589
23.8985,pi,6.2800,3.3497,-0.0593,-0.0593
23.9034,pi,6.2800,3.3331,-0.0597,-0.0597
23.9084,pi,6.2800,3.3519,-0.0593,-0.0593
23.9134,pi,6.2800,3.3670,-0.0590,-0.0590
23.9186,pi,6.2800,3.3469,-0.0594,-0.0594
23.9234,pi,6.2800,3.3629,-0.0591,-0.0591
23.9284,pi,6.2800,3.3759,-0.0588,-0.0588
23.9336,pi,6.2800,3.3541,-0.0592,-0.0592
23.9384,pi,6.2800,3.3870,-0.0586,-0.0586
23.9434,pi,6.2800,3.3630,-0.0591,-0.0591
23.9485,pi,6.2800,3.3303,-0.0597,-0.0597
23.9535,pi,6.2800,3.3679,-0.0590,-0.0590
23.9585,pi,6.2800,3.3475,-0.0594,-0.0594
23.9635,pi,6.2800,3.3816,-0.0587,-0.0587
23.9685,pi,6.2800,3.3908,-0.0585,-0.0585
23.9735,pi,6.2800,3.3981,-0.0584,-0.0584
23.9785,pi,6.2800,3.4041,-0.0582,-0.0582
23.9835,pi,6.2800,3.4269,-0.0578,-0.0578
23.9885,pi,6.2800,3.4452,-0.0574,-0.0574
23.9935,pi,6.2800,3.4598,-0.0571,-0.0571
23.9985,pi,6.2800,3.4713,-0.0569,-0.0569
24.0034,pi,6.2800,3.5079,-0.0561,-0.0561
24.0085,pi,6.2800,3.4920,-0.0565,-0.0565
24.0135,pi,6.2800,3.4791,-0.0567,-0.0567
24.0185,pi,6.2800,3.4365,-0.0576,-0.0576
24.0234,pi,6.2800,3.4529,-0.0572,-0.0572
24.0285,pi,6.2800,3.4155,-0.0580,-0.0580
24.0335,pi,6.2800,3.3721,-0.0589,-0.0589
24.0385,pi,6.2800,3.3508,-0.0593,-0.0593
24.0435,pi,6.2800,3.3340,-0.0597,-0.0597
24.0485,pi,6.2800,3.3205,-0.0599,-0.0599
24.0536,pi,6.2800,3.3098,-0.0601,-0.0601
24.0588,pi,6.2800,3.3011,-0.0603,-0.0603
24.0640,pi,6.2800,3.3445,-0.0594,-0.0594
24.0684,pi,6.2800,3.3793,-0.0587,-0.0587
24.0734,pi,6.2800,3.3889,-0.0585,-0.0585
24.0784,pi,6.2800,3.3966,-0.0584,-0.0584
24.0834,pi,6.2800,3.4029,-0.0583,-0.0583
24.0885,pi,6.2800,3.4077,-0.0582,-0.0582
24.0935,pi,6.2800,3.4119,-0.0581,-0.0581
24.0984,pi,6.2800,3.4151,-0.0580,-0.0580
24.1035,pi,6.2800,3.3855,-0.0586,-0.0586
24.1084,pi,6.2800,3.3939,-0.0584,-0.0584
24.1135,pi,6.2800,3.4006,-0.0583,-0.0583
24.1185,pi,6.2800,3.3739,-0.0588,-0.0588
24.1235,pi,6.2800,3.3847,-0.0586,-0.0586
24.1285,pi,6.2800,3.3610,-0.0591,-0.0591
24.1335,pi,6.2800,3.3422,-0.0595,-0.0595
24.1384,pi,6.2800,3.3591,-0.0591,-0.0591
24.1435,pi,6.2800,3.3405,-0.0595,-0.0595
24.1485,pi,6.2800,3.3258,-0.0598,-0.0598
24.1534,pi,6.2800,3.3461,-0.0594,-0.0594
24.1585,pi,6.2800,3.3302,-0.0597,-0.0597
24.1635,pi,6.2800,3.3168,-0.0600,-0.0600
24.1685,pi,6.2800,3.3567,-0.0592,-0.0592
24.1735,pi,6.2800,3.3387,-0.0596,-0.0596
24.1787,pi,6.2800,3.3746,-0.0588,-0.0588
24.1845,pi,6.2800,3.4030,-0.0583,-0.0583
24.1890,pi,6.2800,3.4257,-0.0578,-0.0578
24.1937,pi,6.2800,3.4440,-0.0574,-0.0574
24.1984,pi,6.2800,3.4589,-0.0571,-0.0571
24.2034,pi,6.2800,3.4984,-0.0563,-0.0563
24.2085,pi,6.2800,3.4843,-0.0566,-0.0566
24.2135,pi,6.2800,3.4727,-0.0569,-0.0569
24.2185,pi,6.2800,3.5101,-0.0561,-0.0561
24.2234,pi,6.2800,3.4938,-0.0564,-0.0564
24.2285,pi,6.2800,3.4807,-0.0567,-0.0567
24.2335,pi,6.2800,3.4701,-0.0569,-0.0569
24.2385,pi,6.2800,3.4618,-0.0571,-0.0571
24.2434,pi,6.2800,3.4098,-0.0581,-0.0581
24.2484,pi,6.2800,3.4138,-0.0580,-0.0580
24.2535,pi,6.2800,3.3844,-0.0586,-0.0586
24.2584,pi,6.2800,3.3609,-0.0591,-0.0591
24.2634,pi,6.2800,3.3739,-0.0588,-0.0588
24.2685,pi,6.2800,3.3521,-0.0593,-0.0593
24.2735,pi,6.2800,3.3349,-0.0596,-0.0596
24.2785,pi,6.2800,3.3711,-0.0589,-0.0589
24.2836,pi,6.2800,3.3503,-0.0593,-0.0593
24.2886,pi,6.2800,3.3336,-0.0597,-0.0597
24.2935,pi,6.2800,3.3704,-0.0589,-0.0589
24.2984,pi,6.2800,3.3496,-0.0593,-0.0593
24.3035,pi,6.2800,3.3329,-0.0597,-0.0597
24.3085,pi,6.2800,3.3698,-0.0589,-0.0589
24.3134,pi,6.2800,3.3492,-0.0593,-0.0593
24.3184,pi,6.2800,3.3191,-0.0600,-0.0600
24.3235,pi,6.2800,3.3411,-0.0595,-0.0595
24.3284,pi,6.2800,3.3583,-0.0592,-0.0592
24.3338,pi,6.2800,3.3398,-0.0595,-0.0595
24.3386,pi,6.2800,3.3753,-0.0588,-0.0588
24.3439,pi,6.2800,3.3536,-0.0593,-0.0593
24.3490,pi,6.2800,3.3359,-0.0596,-0.0596
24.3534,pi,6.2800,3.3540,-0.0592,-0.0592
24.3585,pi,6.2800,3.3687,-0.0590,-0.0590
24.3635,pi,6.2800,3.3348,-0.0596,-0.0596
24.3685,pi,6.2800,3.3715,-0.0589,-0.0589
24.3735,pi,6.2800,3.3506,-0.0593,-0.0593
24.3785,pi,6.2800,3.3842,-0.0586,-0.0586
24.3835,pi,6.2800,3.3927,-0.0585,-0.0585
24.3885,pi,6.2800,3.3999,-0.0583,-0.0583
24.3935,pi,6.2800,3.4059,-0.0582,-0.0582
24.3989,pi,6.2800,3.4285,-0.0578,-0.0578
24.4035,pi,6.2800,3.3961,-0.0584,-0.0584
24.4087,pi,6.2800,3.4205,-0.0579,-0.0579
24.4136,pi,6.2800,3.4400,-0.0575,-0.0575
24.4184,pi,6.2800,3.4055,-0.0582,-0.0582
24.4234,pi,6.2800,3.4100,-0.0581,-0.0581
24.4284,pi,6.2800,3.4134,-0.0580,-0.0580
24.4335,pi,6.2800,3.3706,-0.0589,-0.0589
24.4385,pi,6.2800,3.3821,-0.0587,-0.0587
24.4437,pi,6.2800,3.3588,-0.0592,-0.0592
24.4489,pi,6.2800,3.3722,-0.0589,-0.0589
24.4539,pi,6.2800,3.4015,-0.0583,-0.0583
24.4585,pi,6.2800,3.3746,-0.0588,-0.0588
24.4634,pi,6.2800,3.3852,-0.0586,-0.0586
24.4684,pi,6.2800,3.3939,-0.0584,-0.0584
24.4734,pi,6.2800,3.3684,-0.0590,-0.0590
24.4784,pi,6.2800,3.3802,-0.0587,-0.0587
24.4835,pi,6.2800,3.3896,-0.0585,-0.0585
24.4885,pi,6.2800,3.3651,-0.0590,-0.0590
24.4934,pi,6.2800,3.3775,-0.0588,-0.0588
24.4985,pi,6.2800,3.3875,-0.0586,-0.0586
24.5035,pi,6.2800,3.3633,-0.0591,-0.0591
24.5084,pi,6.2800,3.3763,-0.0588,-0.0588
24.5135,pi,6.2800,3.3542,-0.0592,-0.0592
24.5185,pi,6.2800,3.3367,-0.0596,-0.0596
24.5234,pi,6.2800,3.3547,-0.0592,-0.0592
24.5285,pi,6.2800,3.3371,-0.0596,-0.0596
24.5335,pi,6.2800,3.3232,-0.0599,-0.0599
24.5384,pi,6.2800,3.3439,-0.0595,-0.0595
24.5435,pi,6.2800,3.3607,-0.0591,-0.0591
24.5485,pi,6.2800,3.3410,-0.0595,-0.0595
24.5535,pi,6.2800,3.3581,-0.0592,-0.0592
24.5585,pi,6.2800,3.3399,-0.0595,-0.0595
24.5635,pi,6.2800,3.3574,-0.0592,-0.0592
24.5685,pi,6.2800,3.3897,-0.0585,-0.0585
24.5735,pi,6.2800,3.3651,-0.0590,-0.0590
24.5784,pi,6.2800,3.3775,-0.0588,-0.0588
24.5835,pi,6.2800,3.4057,-0.0582,-0.0582
24.5885,pi,6.2800,3.4282,-0.0578,-0.0578
24.5935,pi,6.2800,3.4461,-0.0574,-0.0574
24.5984,pi,6.2800,3.4422,-0.0575,-0.0575
24.6035,pi,6.2800,3.4399,-0.0575,-0.0575
24.6085,pi,6.2800,3.4555,-0.0572,-0.0572
24.6135,pi,6.2800,3.4178,-0.0580,-0.0580
24.6184,pi,6.2800,3.4196,-0.0579,-0.0579
24.6235,pi,6.2800,3.4212,-0.0579,-0.0579
24.6285,pi,6.2800,3.3903,-0.0585,-0.0585
24.6335,pi,6.2800,3.4159,-0.0580,-0.0580
24.6384,pi,6.2800,3.4181,-0.0580,-0.0580
24.6435,pi,6.2800,3.3878,-0.0586,-0.0586
24.6484,pi,6.2800,3.3637,-0.0591,-0.0591
24.6534,pi,6.2800,3.3764,-0.0588,-0.0588
24.6584,pi,6.2800,3.3865,-0.0586,-0.0586
24.6634,pi,6.2800,3.3948,-0.0584,-0.0584
24.6686,pi,6.2800,3.3692,-0.0589,-0.0589
24.6735,pi,6.2800,3.3484,-0.0594,-0.0594
24.6787,pi,6.2800,3.3320,-0.0597,-0.0597
24.6838,pi,6.2800,3.3188,-0.0600,-0.0600
24.6888,pi,6.2800,3.3081,-0.0602,-0.0602
24.6938,pi,6.2800,3.3500,-0.0593,-0.0593
24.6989,pi,6.2800,3.3835,-0.0587,-0.0587
24.7039,pi,6.2800,3.3593,-0.0591,-0.0591
24.7090,pi,6.2800,3.3905,-0.0585,-0.0585
24.7140,pi,6.2800,3.3647,-0.0590,-0.0590
24.7191,pi,6.2800,3.3448,-0.0594,-0.0594
24.7241,pi,6.2800,3.3792,-0.0587,-0.0587
24.7292,pi,6.2800,3.4063,-0.0582,-0.0582
24.7343,pi,6.2800,3.4105,-0.0581,-0.0581
24.7386,pi,6.2800,3.4318,-0.0577,-0.0577
24.7436,pi,6.2800,3.3988,-0.0583,-0.0583
24.7485,pi,6.2800,3.3725,-0.0589,-0.0589
24.7543,pi,6.2800,3.3834,-0.0587,-0.0587
24.7598,pi,6.2800,3.3926,-0.0585,-0.0585
24.7639,pi,6.2800,3.3547,-0.0592,-0.0592
24.7684,pi,6.2800,3.3702,-0.0589,-0.0589
24.7734,pi,6.2800,3.3822,-0.0587,-0.0587
24.7786,pi,6.2800,3.3461,-0.0594,-0.0594
24.7836,pi,6.2800,3.3632,-0.0591,-0.0591
24.7885,pi,6.2800,3.3762,-0.0588,-0.0588
24.7935,pi,6.2800,3.3417,-0.0595,-0.0595
24.7984,pi,6.2800,3.3594,-0.0591,-0.0591
24.8034,pi,6.2800,3.3735,-0.0589,-0.0589
24.8085,pi,6.2800,3.3390,-0.0596,-0.0596
24.8135,pi,6.2800,3.3749,-0.0588,-0.0588
24.8185,pi,6.2800,3.3533,-0.0593,-0.0593
24.8234,pi,6.2800,3.3861,-0.0586,-0.0586
24.8284,pi,6.2800,3.3942,-0.0584,-0.0584
24.8335,pi,6.2800,3.4009,-0.0583,-0.0583
24.8385,pi,6.2800,3.4244,-0.0578,-0.0578
24.8434,pi,6.2800,3.4431,-0.0574,-0.0574
24.8485,pi,6.2800,3.4078,-0.0582,-0.0582
24.8534,pi,6.2800,3.4116,-0.0581,-0.0581
24.8585,pi,6.2800,3.4329,-0.0577,-0.0577
24.8634,pi,6.2800,3.4773,-0.0568,-0.0568
24.8684,pi,6.2800,3.4674,-0.0570,-0.0570
24.8734,pi,6.2800,3.4596,-0.0571,-0.0571
24.8785,pi,6.2800,3.4533,-0.0572,-0.0572
24.8834,pi,6.2800,3.4482,-0.0573,-0.0573
24.8885,pi,6.2800,3.4119,-0.0581,-0.0581
24.8934,pi,6.2800,3.4151,-0.0580,-0.0580
24.8984,pi,6.2800,3.4176,-0.0580,-0.0580
24.9035,pi,6.2800,3.3873,-0.0586,-0.0586
24.9084,pi,6.2800,3.3496,-0.0593,-0.0593
24.9135,pi,6.2800,3.3331,-0.0597,-0.0597
24.9184,pi,6.2800,3.3062,-0.0602,-0.0602
24.9235,pi,6.2800,3.2983,-0.0604,-0.0604
24.9284,pi,6.2800,3.3241,-0.0599,-0.0599
24.9335,pi,6.2800,3.3127,-0.0601,-0.0601
24.9385,pi,6.2800,3.3036,-0.0603,-0.0603
24.9434,pi,6.2800,3.2963,-0.0604,-0.0604
24.9484,pi,6.2800,3.2904,-0.0605,-0.0605
24.9534,pi,6.2800,3.3177,-0.0600,-0.0600
24.9584,pi,6.2800,3.3397,-0.0595,-0.0595
24.9635,pi,6.2800,3.3252,-0.0598,-0.0598
24.9685,pi,6.2800,3.3638,-0.0591,-0.0591
24.9735,pi,6.2800,3.3947,-0.0584,-0.0584
24.9785,pi,6.2800,3.3690,-0.0589,-0.0589
24.9835,pi,6.2800,3.3981,-0.0584,-0.0584
24.9884,pi,6.2800,3.4038,-0.0582,-0.0582
24.9935,pi,6.2800,3.3765,-0.0588,-0.0588
24.9984,pi,6.2800,3.3866,-0.0586,-0.0586
25.0035,pi,6.2800,3.3626,-0.0591,-0.0591
25.0085,pi,6.2800,3.3434,-0.0595,-0.0595
25.0134,pi,6.2800,3.3601,-0.0591,-0.0591
25.0184,pi,6.2800,3.3735,-0.0589,-0.0589
25.0235,pi,6.2800,3.3385,-0.0596,-0.0596
25.0285,pi,6.2800,3.3564,-0.0592,-0.0592
25.0335,pi,6.2800,3.3707,-0.0589,-0.0589
25.0385,pi,6.2800,3.3499,-0.0593,-0.0593
25.0434,pi,6.2800,3.3836,-0.0587,-0.0587
25.0485,pi,6.2800,3.3603,-0.0591,-0.0591
25.0536,pi,6.2800,3.3415,-0.0595,-0.0595
25.0584,pi,6.2800,3.3769,-0.0588,-0.0588
25.0634,pi,6.2800,3.3549,-0.0592,-0.0592
25.0684,pi,6.2800,3.3237,-0.0599,-0.0599
25.0734,pi,6.2800,3.3443,-0.0594,-0.0594
25.0785,pi,6.2800,3.3289,-0.0598,-0.0598
25.0835,pi,6.2800,3.3165,-0.0600,-0.0600
25.0884,pi,6.2800,3.3386,-0.0596,-0.0596
25.0935,pi,6.2800,3.3243,-0.0599,-0.0599
25.0985,pi,6.2800,3.3449,-0.0594,-0.0594
25.1034,pi,6.2800,3.3614,-0.0591,-0.0591
25.1085,pi,6.2800,3.3746,-0.0588,-0.0588
25.1134,pi,6.2800,3.3852,-0.0586,-0.0586
25.1185,pi,6.2800,3.4119,-0.0581,-0.0581
25.1234,pi,6.2800,3.4149,-0.0580,-0.0580
25.1284,pi,6.2800,3.4174,-0.0580,-0.0580
25.1334,pi,6.2800,3.4194,-0.0579,-0.0579
25.1384,pi,6.2800,3.4668,-0.0570,-0.0570
25.1434,pi,6.2800,3.4589,-0.0571,-0.0571
25.1485,pi,6.2800,3.4205,-0.0579,-0.0579
25.1534,pi,6.2800,3.4219,-0.0579,-0.0579
25.1584,pi,6.2800,3.4229,-0.0579,-0.0579
25.1635,pi,6.2800,3.3917,-0.0585,-0.0585
25.1684,pi,6.2800,3.3988,-0.0583,-0.0583
25.1734,pi,6.2800,3.4045,-0.0582,-0.0582
25.1785,pi,6.2800,3.3769,-0.0588,-0.0588
25.1835,pi,6.2800,3.4051,-0.0582,-0.0582
25.1885,pi,6.2800,3.3770,-0.0588,-0.0588
25.1938,pi,6.2800,3.3548,-0.0592,-0.0592
25.1986,pi,6.2800,3.3874,-0.0586,-0.0586
25.2040,pi,6.2800,3.3629,-0.0591,-0.0591
25.2088,pi,6.2800,3.3423,-0.0595,-0.0595
25.2134,pi,6.2800,3.3769,-0.0588,-0.0588
25.2187,pi,6.2800,3.3548,-0.0592,-0.0592
25.2235,pi,6.2800,3.3368,-0.0596,-0.0596
25.2284,pi,6.2800,3.3549,-0.0592,-0.0592
25.2335,pi,6.2800,3.3696,-0.0589,-0.0589
25.2385,pi,6.2800,3.3356,-0.0596,-0.0596
25.2435,pi,6.2800,3.3543,-0.0592,-0.0592
25.2485,pi,6.2800,3.3691,-0.0589,-0.0589
25.2535,pi,6.2800,3.3352,-0.0596,-0.0596
25.2584,pi,6.2800,3.3540,-0.0593,-0.0593
25.2635,pi,6.2800,3.3698,-0.0589,-0.0589
25.2685,pi,6.2800,3.3355,-0.0596,-0.0596
25.2734,pi,6.2800,3.3540,-0.0593,-0.0593
25.2785,pi,6.2800,3.3364,-0.0596,-0.0596
25.2835,pi,6.2800,3.3222,-0.0599,-0.0599
25.2884,pi,6.2800,3.3613,-0.0591,-0.0591
25.2935,pi,6.2800,3.3424,-0.0595,-0.0595
25.2985,pi,6.2800,3.3775,-0.0588,-0.0588
25.3034,pi,6.2800,3.4055,-0.0582,-0.0582
25.3085,pi,6.2800,3.3775,-0.0588,-0.0588
25.3134,pi,6.2800,3.3873,-0.0586,-0.0586
25.3184,pi,6.2800,3.3954,-0.0584,-0.0584
25.3237,pi,6.2800,3.3697,-0.0589,-0.0589
25.3286,pi,6.2800,3.3995,-0.0583,-0.0583
25.3335,pi,6.2800,3.4049,-0.0582,-0.0582
25.3385,pi,6.2800,3.4551,-0.0572,-0.0572
25.3435,pi,6.2800,3.4496,-0.0573,-0.0573
25.3485,pi,6.2800,3.4130,-0.0581,-0.0581
25.3538,pi,6.2800,3.3838,-0.0586,-0.0586
25.3584,pi,6.2800,3.3925,-0.0585,-0.0585
25.3634,pi,6.2800,3.3998,-0.0583,-0.0583
25.3684,pi,6.2800,3.3597,-0.0591,-0.0591
25.3734,pi,6.2800,3.3733,-0.0589,-0.0589
25.3785,pi,6.2800,3.3840,-0.0586,-0.0586
25.3836,pi,6.2800,3.3605,-0.0591,-0.0591
25.3885,pi,6.2800,3.3417,-0.0595,-0.0595
25.3935,pi,6.2800,3.3260,-0.0598,-0.0598
25.3986,pi,6.2800,3.3642,-0.0590,-0.0590
25.4035,pi,6.2800,3.3949,-0.0584,-0.0584
25.4085,pi,6.2800,3.3693,-0.0589,-0.0589
25.4134,pi,6.2800,3.3810,-0.0587,-0.0587
25.4185,pi,6.2800,3.3904,-0.0585,-0.0585
25.4235,pi,6.2800,3.3657,-0.0590,-0.0590
25.4284,pi,6.2800,3.3781,-0.0588,-0.0588
25.4334,pi,6.2800,3.3881,-0.0586,-0.0586
25.4384,pi,6.2800,3.3962,-0.0584,-0.0584
25.4434,pi,6.2800,3.4027,-0.0583,-0.0583
25.4484,pi,6.2800,3.4084,-0.0582,-0.0582
25.4535,pi,6.2800,3.3667,-0.0590,-0.0590
25.4584,pi,6.2800,3.3792,-0.0587,-0.0587
25.4634,pi,6.2800,3.3568,-0.0592,-0.0592
25.4685,pi,6.2800,3.3386,-0.0596,-0.0596
25.4734,pi,6.2800,3.3745,-0.0588,-0.0588
25.4785,pi,6.2800,3.3528,-0.0593,-0.0593
25.4835,pi,6.2800,3.3354,-0.0596,-0.0596
25.4884,pi,6.2800,3.3720,-0.0589,-0.0589
25.4934,pi,6.2800,3.3508,-0.0593,-0.0593
25.4984,pi,6.2800,3.3340,-0.0597,-0.0597
25.5034,pi,6.2800,3.3526,-0.0593,-0.0593
25.5085,pi,6.2800,3.3354,-0.0596,-0.0596
25.5135,pi,6.2800,3.3217,-0.0599,-0.0599
25.5184,pi,6.2800,3.3428,-0.0595,-0.0595
25.5234,pi,6.2800,3.3599,-0.0591,-0.0591
25.5284,pi,6.2800,3.3277,-0.0598,-0.0598
25.5334,pi,6.2800,3.3478,-0.0594,-0.0594
25.5384,pi,6.2800,3.3639,-0.0591,-0.0591
25.5434,pi,6.2800,3.3767,-0.0588,-0.0588
25.5484,pi,6.2800,3.3870,-0.0586,-0.0586
25.5534,pi,6.2800,3.3952,-0.0584,-0.0584
25.5585,pi,6.2800,3.3559,-0.0592,-0.0592
25.5634,pi,6.2800,3.3702,-0.0589,-0.0589
25.5684,pi,6.2800,3.3817,-0.0587,-0.0587
25.5735,pi,6.2800,3.3587,-0.0592,-0.0592
25.5785,pi,6.2800,3.3899,-0.0585,-0.0585
25.5842,pi,6.2800,3.3649,-0.0590,-0.0590
25.5897,pi,6.2800,3.3943,-0.0584,-0.0584
25.5940,pi,6.2800,3.3692,-0.0589,-0.0589
25.5984,pi,6.2800,3.3481,-0.0594,-0.0594
25.6034,pi,6.2800,3.3819,-0.0587,-0.0587
25.6085,pi,6.2800,3.4091,-0.0581,-0.0581
25.6135,pi,6.2800,3.3804,-0.0587,-0.0587
25.6185,pi,6.2800,3.4079,-0.0582,-0.0582
25.6234,pi,6.2800,3.4300,-0.0577,-0.0577
25.6284,pi,6.2800,3.4751,-0.0568,-0.0568
25.6334,pi,6.2800,3.4666,-0.0570,-0.0570
25.6384,pi,6.2800,3.4591,-0.0571,-0.0571
25.6435,pi,6.2800,3.4207,-0.0579,-0.0579
25.6484,pi,6.2800,3.4215,-0.0579,-0.0579
25.6537,pi,6.2800,3.3904,-0.0585,-0.0585
25.6591,pi,6.2800,3.4157,-0.0580,-0.0580
25.6639,pi,6.2800,3.4362,-0.0576,-0.0576
25.6684,pi,6.2800,3.4023,-0.0583,-0.0583
25.6734,pi,6.2800,3.4073,-0.0582,-0.0582
25.6784,pi,6.2800,3.4114,-0.0581,-0.0581
25.6835,pi,6.2800,3.3825,-0.0587,-0.0587
25.6885,pi,6.2800,3.4096,-0.0581,-0.0581
25.6934,pi,6.2800,3.4131,-0.0581,-0.0581
25.6985,pi,6.2800,3.4160,-0.0580,-0.0580
25.7035,pi,6.2800,3.3729,-0.0589,-0.0589
25.7085,pi,6.2800,3.3840,-0.0586,-0.0586
25.7135,pi,6.2800,3.3471,-0.0594,-0.0594
25.7185,pi,6.2800,3.3178,-0.0600,-0.0600
25.7235,pi,6.2800,3.3076,-0.0602,-0.0602
25.7284,pi,6.2800,3.2994,-0.0604,-0.0604
25.7334,pi,6.2800,3.3249,-0.0598,-0.0598
25.7384,pi,6.2800,3.3454,-0.0594,-0.0594
25.7435,pi,6.2800,3.3297,-0.0597,-0.0597
25.7484,pi,6.2800,3.3492,-0.0593,-0.0593
25.7534,pi,6.2800,3.3648,-0.0590,-0.0590
25.7585,pi,6.2800,3.3774,-0.0588,-0.0588
25.7634,pi,6.2800,3.3874,-0.0586,-0.0586
25.7685,pi,6.2800,3.3955,-0.0584,-0.0584
25.7735,pi,6.2800,3.3692,-0.0589,-0.0589
25.7784,pi,6.2800,3.3808,-0.0587,-0.0587
25.7835,pi,6.2800,3.3580,-0.0592,-0.0592
25.7885,pi,6.2800,3.3394,-0.0596,-0.0596
25.7934,pi,6.2800,3.3568,-0.0592,-0.0592
25.7984,pi,6.2800,3.3710,-0.0589,-0.0589
25.8036,pi,6.2800,3.3501,-0.0593,-0.0593
25.8085,pi,6.2800,3.3836,-0.0587,-0.0587
25.8135,pi,6.2800,3.3603,-0.0591,-0.0591
25.8184,pi,6.2800,3.3737,-0.0589,-0.0589
25.8235,pi,6.2800,3.3843,-0.0586,-0.0586
25.8285,pi,6.2800,3.3934,-0.0585,-0.0585
25.8335,pi,6.2800,3.4184,-0.0579,-0.0579
25.8384,pi,6.2800,3.4201,-0.0579,-0.0579
25.8435,pi,6.2800,3.4675,-0.0570,-0.0570
25.8485,pi,6.2800,3.4777,-0.0567,-0.0567
25.8534,pi,6.2800,3.4675,-0.0570,-0.0570
25.8585,pi,6.2800,3.4596,-0.0571,-0.0571
25.8634,pi,6.2800,3.4533,-0.0572,-0.0572
25.8685,pi,6.2800,3.4160,-0.0580,-0.0580
25.8735,pi,6.2800,3.3862,-0.0586,-0.0586
25.8784,pi,6.2800,3.4126,-0.0581,-0.0581
25.8835,pi,6.2800,3.3835,-0.0587,-0.0587
25.8884,pi,6.2800,3.3602,-0.0591,-0.0591
25.8934,pi,6.2800,3.3736,-0.0589,-0.0589
25.8985,pi,6.2800,3.3523,-0.0593,-0.0593
25.9035,pi,6.2800,3.3215,-0.0599,-0.0599
25.9085,pi,6.2800,3.3609,-0.0591,-0.0591
25.9134,pi,6.2800,3.3421,-0.0595,-0.0595
25.9185,pi,6.2800,3.3135,-0.0601,-0.0601
25.9234,pi,6.2800,3.3363,-0.0596,-0.0596
25.9285,pi,6.2800,3.3224,-0.0599,-0.0599
25.9334,pi,6.2800,3.3434,-0.0595,-0.0595
25.9384,pi,6.2800,3.3602,-0.0591,-0.0591
25.9435,pi,6.2800,3.3414,-0.0595,-0.0595
25.9485,pi,6.2800,3.3266,-0.0598,-0.0598
25.9534,pi,6.2800,3.3467,-0.0594,-0.0594
25.9584,pi,6.2800,3.3629,-0.0591,-0.0591
25.9634,pi,6.2800,3.3758,-0.0588,-0.0588
25.9685,pi,6.2800,3.4041,-0.0582,-0.0582
25.9735,pi,6.2800,3.3767,-0.0588,-0.0588
25.9784,pi,6.2800,3.3869,-0.0586,-0.0586
25.9835,pi,6.2800,3.3628,-0.0591,-0.0591
25.9885,pi,6.2800,3.3434,-0.0595,-0.0595
25.9936,pi,6.2800,3.3781,-0.0588,-0.0588
25.9986,pi,6.2800,3.4059,-0.0582,-0.0582
26.0034,pi,6.2800,3.3780,-0.0588,-0.0588
26.0085,pi,6.2800,3.3879,-0.0586,-0.0586
26.0135,pi,6.2800,3.3637,-0.0591,-0.0591
26.0185,pi,6.2800,3.3308,-0.0597,-0.0597
26.0234,pi,6.2800,3.3504,-0.0593,-0.0593
26.0285,pi,6.2800,3.3338,-0.0597,-0.0597
26.0334,pi,6.2800,3.3067,-0.0602,-0.0602
26.0385,pi,6.2800,3.3309,-0.0597,-0.0597
26.0438,pi,6.2800,3.3180,-0.0600,-0.0600
26.0490,pi,6.2800,3.3399,-0.0595,-0.0595
26.0539,pi,6.2800,3.3755,-0.0588,-0.0588
26.0585,pi,6.2800,3.3536,-0.0593,-0.0593
26.0634,pi,6.2800,3.3682,-0.0590,-0.0590
26.0684,pi,6.2800,3.3801,-0.0587,-0.0587
26.0735,pi,6.2800,3.4075,-0.0582,-0.0582
26.0784,pi,6.2800,3.4114,-0.0581,-0.0581
26.0834,pi,6.2800,3.4146,-0.0580,-0.0580
26.0885,pi,6.2800,3.3850,-0.0586,-0.0586
26.0934,pi,6.2800,3.3934,-0.0585,-0.0585
26.0984,pi,6.2800,3.4007,-0.0583,-0.0583
26.1034,pi,6.2800,3.4064,-0.0582,-0.0582
26.1084,pi,6.2800,3.4108,-0.0581,-0.0581
26.1135,pi,6.2800,3.3821,-0.0587,-0.0587
26.1184,pi,6.2800,3.4093,-0.0581,-0.0581
26.1234,pi,6.2800,3.4129,-0.0581,-0.0581
26.1285,pi,6.2800,3.3837,-0.0587,-0.0587
26.1335,pi,6.2800,3.4104,-0.0581,-0.0581
26.1389,pi,6.2800,3.4317,-0.0577,-0.0577
26.1443,pi,6.2800,3.3969,-0.0584,-0.0584
26.1485,pi,6.2800,3.4206,-0.0579,-0.0579
26.1534,pi,6.2800,3.4220,-0.0579,-0.0579
26.1585,pi,6.2800,3.3910,-0.0585,-0.0585
26.1635,pi,6.2800,3.3662,-0.0590,-0.0590
26.1684,pi,6.2800,3.3785,-0.0588,-0.0588
26.1734,pi,6.2800,3.3425,-0.0595,-0.0595
26.1784,pi,6.2800,3.3595,-0.0591,-0.0591
26.1835,pi,6.2800,3.3731,-0.0589,-0.0589
26.1885,pi,6.2800,3.3517,-0.0593,-0.0593
26.1937,pi,6.2800,3.3668,-0.0590,-0.0590
26.1985,pi,6.2800,3.3464,-0.0594,-0.0594
26.2035,pi,6.2800,3.3305,-0.0597,-0.0597
26.2085,pi,6.2800,3.3680,-0.0590,-0.0590
26.2134,pi,6.2800,3.3798,-0.0587,-0.0587
26.2185,pi,6.2800,3.3572,-0.0592,-0.0592
26.2234,pi,6.2800,3.3893,-0.0585,-0.0585
26.2289,pi,6.2800,3.3642,-0.0591,-0.0591
26.2338,pi,6.2800,3.3436,-0.0595,-0.0595
26.2384,pi,6.2800,3.3599,-0.0591,-0.0591
26.2435,pi,6.2800,3.3737,-0.0589,-0.0589
26.2485,pi,6.2800,3.3390,-0.0596,-0.0596
26.2535,pi,6.2800,3.3749,-0.0588,-0.0588
26.2585,pi,6.2800,3.3532,-0.0593,-0.0593
26.2635,pi,6.2800,3.3359,-0.0596,-0.0596
26.2685,pi,6.2800,3.3723,-0.0589,-0.0589
26.2737,pi,6.2800,3.3512,-0.0593,-0.0593
26.2785,pi,6.2800,3.3343,-0.0597,-0.0597
26.2835,pi,6.2800,3.3531,-0.0593,-0.0593
26.2884,pi,6.2800,3.3689,-0.0589,-0.0589
26.2935,pi,6.2800,3.3484,-0.0594,-0.0594
26.2986,pi,6.2800,3.3824,-0.0587,-0.0587
26.3038,pi,6.2800,3.3591,-0.0591,-0.0591
26.3090,pi,6.2800,3.3908,-0.0585,-0.0585
26.3134,pi,6.2800,3.4162,-0.0580,-0.0580
26.3185,pi,6.2800,3.3858,-0.0586,-0.0586
26.3234,pi,6.2800,3.3941,-0.0584,-0.0584
26.3284,pi,6.2800,3.4009,-0.0583,-0.0583
26.3334,pi,6.2800,3.4526,-0.0573,-0.0573
26.3384,pi,6.2800,3.4657,-0.0570,-0.0570
26.3435,pi,6.2800,3.4578,-0.0572,-0.0572
26.3484,pi,6.2800,3.4975,-0.0563,-0.0563
26.3534,pi,6.2800,3.4836,-0.0566,-0.0566
26.3584,pi,6.2800,3.4727,-0.0568,-0.0568
26.3634,pi,6.2800,3.4641,-0.0570,-0.0570
26.3684,pi,6.2800,3.4570,-0.0572,-0.0572
26.3735,pi,6.2800,3.4190,-0.0579,-0.0579
26.3785,pi,6.2800,3.4388,-0.0575,-0.0575
26.3835,pi,6.2800,3.4040,-0.0582,-0.0582
26.3886,pi,6.2800,3.3749,-0.0588,-0.0588
26.3934,pi,6.2800,3.3535,-0.0592,-0.0592
26.3985,pi,6.2800,3.3361,-0.0596,-0.0596
26.4035,pi,6.2800,3.3220,-0.0599,-0.0599
26.4085,pi,6.2800,3.3107,-0.0601,-0.0601
26.4148,pi,6.2800,3.2992,-0.0604,-0.0604
26.4194,pi,6.2800,3.2923,-0.0605,-0.0605
26.4242,pi,6.2800,3.2869,-0.0606,-0.0606
26.4285,pi,6.2800,3.2823,-0.0607,-0.0607
26.4334,pi,6.2800,3.2656,-0.0610,-0.0610
26.4385,pi,6.2800,3.2981,-0.0604,-0.0604
26.4435,pi,6.2800,3.3250,-0.0598,-0.0598
26.4485,pi,6.2800,3.3135,-0.0601,-0.0601
26.4535,pi,6.2800,3.3362,-0.0596,-0.0596
26.4585,pi,6.2800,3.3546,-0.0592,-0.0592
26.4635,pi,6.2800,3.3692,-0.0589,-0.0589
26.4685,pi,6.2800,3.3831,-0.0587,-0.0587
26.4735,pi,6.2800,3.3922,-0.0585,-0.0585
26.4785,pi,6.2800,3.3994,-0.0583,-0.0583
26.4836,pi,6.2800,3.4055,-0.0582,-0.0582
26.4885,pi,6.2800,3.3775,-0.0588,-0.0588
26.4936,pi,6.2800,3.3552,-0.0592,-0.0592
26.4987,pi,6.2800,3.3875,-0.0586,-0.0586
26.5035,pi,6.2800,3.3635,-0.0591,-0.0591
26.5084,pi,6.2800,3.3762,-0.0588,-0.0588
26.5134,pi,6.2800,3.3865,-0.0586,-0.0586
26.5185,pi,6.2800,3.3626,-0.0591,-0.0591
26.5234,pi,6.2800,3.3755,-0.0588,-0.0588
26.5285,pi,6.2800,3.3859,-0.0586,-0.0586
26.5335,pi,6.2800,3.3621,-0.0591,-0.0591
26.5384,pi,6.2800,3.3751,-0.0588,-0.0588
26.5435,pi,6.2800,3.3856,-0.0586,-0.0586
26.5485,pi,6.2800,3.3942,-0.0584,-0.0584
26.5535,pi,6.2800,3.4011,-0.0583,-0.0583
26.5585,pi,6.2800,3.3743,-0.0588,-0.0588
26.5635,pi,6.2800,3.4030,-0.0583,-0.0583
26.5684,pi,6.2800,3.4079,-0.0582,-0.0582
26.5735,pi,6.2800,3.3794,-0.0587,-0.0587
26.5785,pi,6.2800,3.3569,-0.0592,-0.0592
26.5834,pi,6.2800,3.3710,-0.0589,-0.0589
26.5885,pi,6.2800,3.3501,-0.0593,-0.0593
26.5934,pi,6.2800,3.3655,-0.0590,-0.0590
26.5984,pi,6.2800,3.3780,-0.0588,-0.0588
26.6035,pi,6.2800,3.3879,-0.0586,-0.0586
26.6084,pi,6.2800,3.3959,-0.0584,-0.0584
26.6134,pi,6.2800,3.4023,-0.0583,-0.0583
26.6185,pi,6.2800,3.3753,-0.0588,-0.0588
26.6234,pi,6.2800,3.3857,-0.0586,-0.0586
26.6284,pi,6.2800,3.3943,-0.0584,-0.0584
26.6335,pi,6.2800,3.3688,-0.0590,-0.0590
26.6385,pi,6.2800,3.3804,-0.0587,-0.0587
26.6435,pi,6.2800,3.3574,-0.0592,-0.0592
26.6485,pi,6.2800,3.3393,-0.0595,-0.0595
26.6535,pi,6.2800,3.3750,-0.0588,-0.0588
26.6584,pi,6.2800,3.3534,-0.0593,-0.0593
26.6634,pi,6.2800,3.3361,-0.0596,-0.0596
26.6684,pi,6.2800,3.3543,-0.0592,-0.0592
26.6735,pi,6.2800,3.3368,-0.0596,-0.0596
26.6785,pi,6.2800,3.3228,-0.0599,-0.0599
26.6834,pi,6.2800,3.3437,-0.0595,-0.0595
26.6884,pi,6.2800,3.3605,-0.0591,-0.0591
26.6934,pi,6.2800,3.3281,-0.0598,-0.0598
26.6984,pi,6.2800,3.3482,-0.0594,-0.0594
26.7034,pi,6.2800,3.3641,-0.0590,-0.0590
26.7085,pi,6.2800,3.3311,-0.0597,-0.0597
26.7134,pi,6.2800,3.3505,-0.0593,-0.0593
26.7185,pi,6.2800,3.3338,-0.0597,-0.0597
26.7234,pi,6.2800,3.3067,-0.0602,-0.0602
26.7284,pi,6.2800,3.3308,-0.0597,-0.0597
26.7335,pi,6.2800,3.3180,-0.0600,-0.0600
26.7385,pi,6.2800,3.3076,-0.0602,-0.0602
26.7434,pi,6.2800,3.3315,-0.0597,-0.0597
26.7485,pi,6.2800,3.3186,-0.0600,-0.0600
26.7535,pi,6.2800,3.3082,-0.0602,-0.0602
26.7586,pi,6.2800,3.3498,-0.0593,-0.0593
26.7638,pi,6.2800,3.3331,-0.0597,-0.0597
26.7689,pi,6.2800,3.3693,-0.0590,-0.0590
26.7735,pi,6.2800,3.3986,-0.0583,-0.0583
26.7785,pi,6.2800,3.3724,-0.0589,-0.0589
26.7834,pi,6.2800,3.3834,-0.0587,-0.0587
26.7884,pi,6.2800,3.3922,-0.0585,-0.0585
26.7935,pi,6.2800,3.3671,-0.0590,-0.0590
26.7984,pi,6.2800,3.3792,-0.0587,-0.0587
26.8034,pi,6.2800,3.3888,-0.0585,-0.0585
26.8085,pi,6.2800,3.4422,-0.0575,-0.0575
26.8135,pi,6.2800,3.4399,-0.0575,-0.0575
26.8185,pi,6.2800,3.4375,-0.0576,-0.0576
26.8234,pi,6.2800,3.4366,-0.0576,-0.0576
26.8285,pi,6.2800,3.4349,-0.0576,-0.0576
26.8335,pi,6.2800,3.4012,-0.0583,-0.0583
26.8385,pi,6.2800,3.3743,-0.0588,-0.0588
26.8434,pi,6.2800,3.3849,-0.0586,-0.0586
26.8485,pi,6.2800,3.3612,-0.0591,-0.0591
26.8535,pi,6.2800,3.3926,-0.0585,-0.0585
26.8584,pi,6.2800,3.3995,-0.0583,-0.0583
26.8634,pi,6.2800,3.3594,-0.0591,-0.0591
26.8685,pi,6.2800,3.3274,-0.0598,-0.0598
26.8735,pi,6.2800,3.3154,-0.0600,-0.0600
26.8785,pi,6.2800,3.3056,-0.0602,-0.0602
26.8834,pi,6.2800,3.3299,-0.0597,-0.0597
26.8884,pi,6.2800,3.3494,-0.0593,-0.0593
26.8935,pi,6.2800,3.3329,-0.0597,-0.0597
26.8984,pi,6.2800,3.3517,-0.0593,-0.0593
26.9034,pi,6.2800,3.3668,-0.0590,-0.0590
26.9085,pi,6.2800,3.3468,-0.0594,-0.0594
26.9134,pi,6.2800,3.3628,-0.0591,-0.0591
26.9184,pi,6.2800,3.3758,-0.0588,-0.0588
26.9234,pi,6.2800,3.3861,-0.0586,-0.0586
26.9284,pi,6.2800,3.3943,-0.0584,-0.0584
26.9335,pi,6.2800,3.3688,-0.0590,-0.0590
26.9385,pi,6.2800,3.3484,-0.0594,-0.0594
26.9434,pi,6.2800,3.3641,-0.0590,-0.0590
26.9485,pi,6.2800,3.3447,-0.0594,-0.0594
26.9535,pi,6.2800,3.3283,-0.0598,-0.0598
26.9584,pi,6.2800,3.3660,-0.0590,-0.0590
26.9635,pi,6.2800,3.3783,-0.0588,-0.0588
26.9685,pi,6.2800,3.3881,-0.0586,-0.0586
26.9735,pi,6.2800,3.4141,-0.0580,-0.0580
26.9785,pi,6.2800,3.3847,-0.0586,-0.0586
26.9835,pi,6.2800,3.3605,-0.0591,-0.0591
26.9885,pi,6.2800,3.3918,-0.0585,-0.0585
26.9935,pi,6.2800,3.3669,-0.0590,-0.0590
26.9985,pi,6.2800,3.3973,-0.0584,-0.0584
27.0034,pi,6.2800,3.4033,-0.0583,-0.0583
27.0085,pi,6.2800,3.4088,-0.0581,-0.0581
27.0135,pi,6.2800,3.4307,-0.0577,-0.0577
27.0185,pi,6.2800,3.3979,-0.0584,-0.0584
27.0234,pi,6.2800,3.3581,-0.0592,-0.0592
27.0284,pi,6.2800,3.3721,-0.0589,-0.0589
27.0334,pi,6.2800,3.3831,-0.0587,-0.0587
27.0385,pi,6.2800,3.3925,-0.0585,-0.0585
27.0435,pi,6.2800,3.4175,-0.0580,-0.0580
27.0484,pi,6.2800,3.4194,-0.0579,-0.0579
27.0535,pi,6.2800,3.3889,-0.0585,-0.0585
27.0584,pi,6.2800,3.3966,-0.0584,-0.0584
27.0635,pi,6.2800,3.3707,-0.0589,-0.0589
27.0684,pi,6.2800,3.4003,-0.0583,-0.0583
27.0734,pi,6.2800,3.4239,-0.0578,-0.0578
27.0784,pi,6.2800,3.3925,-0.0585,-0.0585
27.0834,pi,6.2800,3.3994,-0.0583,-0.0583
27.0884,pi,6.2800,3.4049,-0.0582,-0.0582
27.0934,pi,6.2800,3.4094,-0.0581,-0.0581
27.0984,pi,6.2800,3.4132,-0.0581,-0.0581
27.1034,pi,6.2800,3.4161,-0.0580,-0.0580
27.1085,pi,6.2800,3.3862,-0.0586,-0.0586
27.1134,pi,6.2800,3.3944,-0.0584,-0.0584
27.1184,pi,6.2800,3.4010,-0.0583,-0.0583
27.1235,pi,6.2800,3.3741,-0.0588,-0.0588
27.1285,pi,6.2800,3.4030,-0.0583,-0.0583
27.1334,pi,6.2800,3.4079,-0.0582,-0.0582
27.1384,pi,6.2800,3.3660,-0.0590,-0.0590
27.1435,pi,6.2800,3.3783,-0.0588,-0.0588
27.1485,pi,6.2800,3.3560,-0.0592,-0.0592
27.1534,pi,6.2800,3.3381,-0.0596,-0.0596
27.1586,pi,6.2800,3.3742,-0.0588,-0.0588
27.1635,pi,6.2800,3.3527,-0.0593,-0.0593
27.1685,pi,6.2800,3.3355,-0.0596,-0.0596
27.1734,pi,6.2800,3.3538,-0.0593,-0.0593
27.1784,pi,6.2800,3.3686,-0.0590,-0.0590
27.1835,pi,6.2800,3.3482,-0.0594,-0.0594
27.1885,pi,6.2800,3.3820,-0.0587,-0.0587
27.1935,pi,6.2800,3.3587,-0.0592,-0.0592
27.1988,pi,6.2800,3.3401,-0.0595,-0.0595
27.2035,pi,6.2800,3.3756,-0.0588,-0.0588
27.2084,pi,6.2800,3.3537,-0.0593,-0.0593
27.2134,pi,6.2800,3.3364,-0.0596,-0.0596
27.2184,pi,6.2800,3.3547,-0.0592,-0.0592
27.2237,pi,6.2800,3.3371,-0.0596,-0.0596
27.2286,pi,6.2800,3.3732,-0.0589,-0.0589
27.2335,pi,6.2800,3.4020,-0.0583,-0.0583
27.2385,pi,6.2800,3.4070,-0.0582,-0.0582
27.2435,pi,6.2800,3.4115,-0.0581,-0.0581
27.2485,pi,6.2800,3.4150,-0.0580,-0.0580
27.2534,pi,6.2800,3.4636,-0.0570,-0.0570
27.2585,pi,6.2800,3.4566,-0.0572,-0.0572
27.2634,pi,6.2800,3.4511,-0.0573,-0.0573
27.2685,pi,6.2800,3.4645,-0.0570,-0.0570
27.2735,pi,6.2800,3.4750,-0.0568,-0.0568
27.2785,pi,6.2800,3.4654,-0.0570,-0.0570
27.2834,pi,6.2800,3.4123,-0.0581,-0.0581
27.2885,pi,6.2800,3.4158,-0.0580,-0.0580
27.2935,pi,6.2800,3.3858,-0.0586,-0.0586
27.2985,pi,6.2800,3.3621,-0.0591,-0.0591
27.3034,pi,6.2800,3.3752,-0.0588,-0.0588
27.3085,pi,6.2800,3.3532,-0.0593,-0.0593
27.3135,pi,6.2800,3.3360,-0.0596,-0.0596
27.3184,pi,6.2800,3.3541,-0.0593,-0.0593
27.3235,pi,6.2800,3.3230,-0.0599,-0.0599
27.3285,pi,6.2800,3.3119,-0.0601,-0.0601
27.3334,pi,6.2800,3.3350,-0.0596,-0.0596
27.3385,pi,6.2800,3.3212,-0.0599,-0.0599
27.3434,pi,6.2800,3.2965,-0.0604,-0.0604
27.3485,pi,6.2800,3.3408,-0.0595,-0.0595
27.3535,pi,6.2800,3.3258,-0.0598,-0.0598
27.3584,pi,6.2800,3.3002,-0.0603,-0.0603
27.3635,pi,6.2800,3.3438,-0.0595,-0.0595
27.3684,pi,6.2800,3.3605,-0.0591,-0.0591
27.3735,pi,6.2800,3.3417,-0.0595,-0.0595
27.3784,pi,6.2800,3.3588,-0.0592,-0.0592
27.3835,pi,6.2800,3.3402,-0.0595,-0.0595
27.3885,pi,6.2800,3.3758,-0.0588,-0.0588
27.3935,pi,6.2800,3.4043,-0.0582,-0.0582
27.3984,pi,6.2800,3.4090,-0.0581,-0.0581
27.4034,pi,6.2800,3.4129,-0.0581,-0.0581
27.4084,pi,6.2800,3.4160,-0.0580,-0.0580
27.4135,pi,6.2800,3.4183,-0.0580,-0.0580
27.4184,pi,6.2800,3.4202,-0.0579,-0.0579
27.4234,pi,6.2800,3.4218,-0.0579,-0.0579
27.4289,pi,6.2800,3.3900,-0.0585,-0.0585
27.4337,pi,6.2800,3.4151,-0.0580,-0.0580
27.4384,pi,6.2800,3.3858,-0.0586,-0.0586
27.4435,pi,6.2800,3.3619,-0.0591,-0.0591
27.4484,pi,6.2800,3.3931,-0.0585,-0.0585
27.4535,pi,6.2800,3.3678,-0.0590,-0.0590
27.4584,pi,6.2800,3.3474,-0.0594,-0.0594
27.4635,pi,6.2800,3.3816,-0.0587,-0.0587
27.4684,pi,6.2800,3.3586,-0.0592,-0.0592
27.4735,pi,6.2800,3.3400,-0.0595,-0.0595
27.4785,pi,6.2800,3.3757,-0.0588,-0.0588
27.4835,pi,6.2800,3.3863,-0.0586,-0.0586
27.4885,pi,6.2800,3.3625,-0.0591,-0.0591
27.4934,pi,6.2800,3.3754,-0.0588,-0.0588
27.4986,pi,6.2800,3.3536,-0.0593,-0.0593
27.5034,pi,6.2800,3.3864,-0.0586,-0.0586
27.5084,pi,6.2800,3.3944,-0.0584,-0.0584
27.5135,pi,6.2800,3.4192,-0.0579,-0.0579
27.5184,pi,6.2800,3.4391,-0.0575,-0.0575
27.5234,pi,6.2800,3.4366,-0.0576,-0.0576
27.5285,pi,6.2800,3.4805,-0.0567,-0.0567
27.5334,pi,6.2800,3.4706,-0.0569,-0.0569
27.5384,pi,6.2800,3.4620,-0.0571,-0.0571
27.5435,pi,6.2800,3.5008,-0.0563,-0.0563
27.5485,pi,6.2800,3.4862,-0.0566,-0.0566
27.5535,pi,6.2800,3.4424,-0.0575,-0.0575
27.5584,pi,6.2800,3.4393,-0.0575,-0.0575
27.5634,pi,6.2800,3.4370,-0.0576,-0.0576
27.5684,pi,6.2800,3.3894,-0.0585,-0.0585
27.5735,pi,6.2800,3.4151,-0.0580,-0.0580
27.5784,pi,6.2800,3.4175,-0.0580,-0.0580
27.5835,pi,6.2800,3.3874,-0.0586,-0.0586
27.5885,pi,6.2800,3.4136,-0.0580,-0.0580
27.5934,pi,6.2800,3.4164,-0.0580,-0.0580
27.5984,pi,6.2800,3.3729,-0.0589,-0.0589
27.6034,pi,6.2800,3.3838,-0.0586,-0.0586
27.6084,pi,6.2800,3.3926,-0.0585,-0.0585
27.6135,pi,6.2800,3.3674,-0.0590,-0.0590
27.6184,pi,6.2800,3.3976,-0.0584,-0.0584
27.6234,pi,6.2800,3.4036,-0.0582,-0.0582
27.6285,pi,6.2800,3.3759,-0.0588,-0.0588
27.6334,pi,6.2800,3.3863,-0.0586,-0.0586
27.6385,pi,6.2800,3.3623,-0.0591,-0.0591
27.6434,pi,6.2800,3.3431,-0.0595,-0.0595
27.6484,pi,6.2800,3.3598,-0.0591,-0.0591
27.6535,pi,6.2800,3.3412,-0.0595,-0.0595
27.6585,pi,6.2800,3.3263,-0.0598,-0.0598
27.6634,pi,6.2800,3.3647,-0.0590,-0.0590
27.6685,pi,6.2800,3.3452,-0.0594,-0.0594
27.6735,pi,6.2800,3.3292,-0.0598,-0.0598
27.6784,pi,6.2800,3.3485,-0.0594,-0.0594
27.6835,pi,6.2800,3.3320,-0.0597,-0.0597
27.6884,pi,6.2800,3.3508,-0.0593,-0.0593
27.6935,pi,6.2800,3.3661,-0.0590,-0.0590
27.6985,pi,6.2800,3.3462,-0.0594,-0.0594
27.7034,pi,6.2800,3.3623,-0.0591,-0.0591
27.7085,pi,6.2800,3.3935,-0.0585,-0.0585
27.7134,pi,6.2800,3.4460,-0.0574,-0.0574
27.7185,pi,6.2800,3.4424,-0.0575,-0.0575
27.7234,pi,6.2800,3.4392,-0.0575,-0.0575
27.7285,pi,6.2800,3.4827,-0.0566,-0.0566
27.7334,pi,6.2800,3.4717,-0.0569,-0.0569
27.7385,pi,6.2800,3.4307,-0.0577,-0.0577
27.7434,pi,6.2800,3.4300,-0.0577,-0.0577
27.7484,pi,6.2800,3.4295,-0.0577,-0.0577
27.7534,pi,6.2800,3.4291,-0.0577,-0.0577
27.7584,pi,6.2800,3.4288,-0.0577,-0.0577
27.7634,pi,6.2800,3.4285,-0.0577,-0.0577
27.7684,pi,6.2800,3.3826,-0.0587,-0.0587
27.7734,pi,6.2800,3.3915,-0.0585,-0.0585
27.7784,pi,6.2800,3.3988,-0.0583,-0.0583
27.7834,pi,6.2800,3.3589,-0.0592,-0.0592
27.7885,pi,6.2800,3.3726,-0.0589,-0.0589
27.7935,pi,6.2800,3.3515,-0.0593,-0.0593
27.7984,pi,6.2800,3.3346,-0.0596,-0.0596
27.8034,pi,6.2800,3.3531,-0.0593,-0.0593
27.8086,pi,6.2800,3.3358,-0.0596,-0.0596
27.8135,pi,6.2800,3.3213,-0.0599,-0.0599
27.8185,pi,6.2800,3.3604,-0.0591,-0.0591
27.8235,pi,6.2800,3.3413,-0.0595,-0.0595
27.8284,pi,6.2800,3.3584,-0.0592,-0.0592
27.8335,pi,6.2800,3.3902,-0.0585,-0.0585
27.8384,pi,6.2800,3.3975,-0.0584,-0.0584
27.8435,pi,6.2800,3.4035,-0.0582,-0.0582
27.8484,pi,6.2800,3.4084,-0.0582,-0.0582
27.8534,pi,6.2800,3.4579,-0.0571,-0.0571
27.8584,pi,6.2800,3.4518,-0.0573,-0.0573
27.8634,pi,6.2800,3.4470,-0.0574,-0.0574
27.8684,pi,6.2800,3.4896,-0.0565,-0.0565
27.8735,pi,6.2800,3.4772,-0.0568,-0.0568
27.8784,pi,6.2800,3.4677,-0.0570,-0.0570
27.8834,pi,6.2800,3.4598,-0.0571,-0.0571
27.8884,pi,6.2800,3.4536,-0.0572,-0.0572
27.8935,pi,6.2800,3.4485,-0.0573,-0.0573
27.8984,pi,6.2800,3.4443,-0.0574,-0.0574
27.9035,pi,6.2800,3.4410,-0.0575,-0.0575
27.9084,pi,6.2800,3.3926,-0.0585,-0.0585
27.9135,pi,6.2800,3.4179,-0.0580,-0.0580
27.9184,pi,6.2800,3.3876,-0.0586,-0.0586
27.9235,pi,6.2800,3.3633,-0.0591,-0.0591
27.9284,pi,6.2800,3.3942,-0.0584,-0.0584
27.9334,pi,6.2800,3.3686,-0.0590,-0.0590
27.9384,pi,6.2800,3.3481,-0.0594,-0.0594
27.9434,pi,6.2800,3.3819,-0.0587,-0.0587
27.9484,pi,6.2800,3.3589,-0.0592,-0.0592
27.9534,pi,6.2800,3.3403,-0.0595,-0.0595
27.9584,pi,6.2800,3.3757,-0.0588,-0.0588
27.9634,pi,6.2800,3.3540,-0.0593,-0.0593
27.9686,pi,6.2800,3.3365,-0.0596,-0.0596
27.9735,pi,6.2800,3.3729,-0.0589,-0.0589
27.9785,pi,6.2800,3.3516,-0.0593,-0.0593
27.9835,pi,6.2800,3.3347,-0.0596,-0.0596
27.9885,pi,6.2800,3.3531,-0.0593,-0.0593
27.9936,pi,6.2800,3.3359,-0.0596,-0.0596
27.9986,pi,6.2800,3.3220,-0.0599,-0.0599
28.0034,pi,6.2800,3.3613,-0.0591,-0.0591
28.0084,pi,6.2800,3.3745,-0.0588,-0.0588
28.0134,pi,6.2800,3.3852,-0.0586,-0.0586
28.0185,pi,6.2800,3.3936,-0.0584,-0.0584
28.0235,pi,6.2800,3.4003,-0.0583,-0.0583
28.0284,pi,6.2800,3.4059,-0.0582,-0.0582
28.0335,pi,6.2800,3.4284,-0.0577,-0.0577
28.0385,pi,6.2800,3.3961,-0.0584,-0.0584
28.0434,pi,6.2800,3.4023,-0.0583,-0.0583
28.0484,pi,6.2800,3.4076,-0.0582,-0.0582
28.0535,pi,6.2800,3.4116,-0.0581,-0.0581
28.0585,pi,6.2800,3.4329,-0.0577,-0.0577
28.0634,pi,6.2800,3.3998,-0.0583,-0.0583
28.0685,pi,6.2800,3.4235,-0.0578,-0.0578
28.0734,pi,6.2800,3.4243,-0.0578,-0.0578
28.0785,pi,6.2800,3.3928,-0.0585,-0.0585
28.0834,pi,6.2800,3.3996,-0.0583,-0.0583
28.0885,pi,6.2800,3.4233,-0.0579,-0.0579
28.0935,pi,6.2800,3.3921,-0.0585,-0.0585
28.0985,pi,6.2800,3.4171,-0.0580,-0.0580
28.1034,pi,6.2800,3.4188,-0.0579,-0.0579
28.1085,pi,6.2800,3.4207,-0.0579,-0.0579
28.1135,pi,6.2800,3.4402,-0.0575,-0.0575
28.1184,pi,6.2800,3.4377,-0.0576,-0.0576
28.1235,pi,6.2800,3.4035,-0.0583,-0.0583
28.1284,pi,6.2800,3.4082,-0.0582,-0.0582
28.1335,pi,6.2800,3.3799,-0.0587,-0.0587
28.1384,pi,6.2800,3.3435,-0.0595,-0.0595
28.1434,pi,6.2800,3.3606,-0.0591,-0.0591
28.1485,pi,6.2800,3.3419,-0.0595,-0.0595
28.1535,pi,6.2800,3.3269,-0.0598,-0.0598
28.1584,pi,6.2800,3.3651,-0.0590,-0.0590
28.1634,pi,6.2800,3.3775,-0.0588,-0.0588
28.1685,pi,6.2800,3.3555,-0.0592,-0.0592
28.1734,pi,6.2800,3.3697,-0.0589,-0.0589
28.1785,pi,6.2800,3.3492,-0.0593,-0.0593
28.1835,pi,6.2800,3.3328,-0.0597,-0.0597
28.1886,pi,6.2800,3.3699,-0.0589,-0.0589
28.1936,pi,6.2800,3.3491,-0.0594,-0.0594
28.1987,pi,6.2800,3.3827,-0.0587,-0.0587
28.2036,pi,6.2800,3.4095,-0.0581,-0.0581
28.2085,pi,6.2800,3.3810,-0.0587,-0.0587
28.2134,pi,6.2800,3.3903,-0.0585,-0.0585
28.2185,pi,6.2800,3.4159,-0.0580,-0.0580
28.2238,pi,6.2800,3.3861,-0.0586,-0.0586
28.2288,pi,6.2800,3.4123,-0.0581,-0.0581
28.2338,pi,6.2800,3.4330,-0.0577,-0.0577
28.2388,pi,6.2800,3.3995,-0.0583,-0.0583
28.2436,pi,6.2800,3.4051,-0.0582,-0.0582
28.2484,pi,6.2800,3.4097,-0.0581,-0.0581
28.2534,pi,6.2800,3.4137,-0.0580,-0.0580
28.2584,pi,6.2800,3.4170,-0.0580,-0.0580
28.2634,pi,6.2800,3.4193,-0.0579,-0.0579
28.2685,pi,6.2800,3.4209,-0.0579,-0.0579
28.2735,pi,6.2800,3.4405,-0.0575,-0.0575
28.2785,pi,6.2800,3.4378,-0.0576,-0.0576
28.2835,pi,6.2800,3.4362,-0.0576,-0.0576
28.2884,pi,6.2800,3.4351,-0.0576,-0.0576
28.2935,pi,6.2800,3.4014,-0.0583,-0.0583
28.2984,pi,6.2800,3.4066,-0.0582,-0.0582
28.3035,pi,6.2800,3.3786,-0.0588,-0.0588
28.3085,pi,6.2800,3.3557,-0.0592,-0.0592
28.3135,pi,6.2800,3.3377,-0.0596,-0.0596
28.3184,pi,6.2800,3.3235,-0.0599,-0.0599
28.3235,pi,6.2800,3.3114,-0.0601,-0.0601
28.3288,pi,6.2800,3.3523,-0.0593,-0.0593
28.3342,pi,6.2800,3.3335,-0.0597,-0.0597
28.3384,pi,6.2800,3.3201,-0.0599,-0.0599
28.3435,pi,6.2800,3.3413,-0.0595,-0.0595
28.3485,pi,6.2800,3.3265,-0.0598,-0.0598
28.3535,pi,6.2800,3.3144,-0.0601,-0.0601
28.3584,pi,6.2800,3.3369,-0.0596,-0.0596
28.3635,pi,6.2800,3.3552,-0.0592,-0.0592
28.3685,pi,6.2800,3.3375,-0.0596,-0.0596
28.3734,pi,6.2800,3.3554,-0.0592,-0.0592
28.3785,pi,6.2800,3.3705,-0.0589,-0.0589
28.3836,pi,6.2800,3.3363,-0.0596,-0.0596
28.3885,pi,6.2800,3.3728,-0.0589,-0.0589
28.3935,pi,6.2800,3.3839,-0.0586,-0.0586
28.3984,pi,6.2800,3.3927,-0.0585,-0.0585
28.4034,pi,6.2800,3.3996,-0.0583,-0.0583
28.4085,pi,6.2800,3.4053,-0.0582,-0.0582
28.4134,pi,6.2800,3.4098,-0.0581,-0.0581
28.4185,pi,6.2800,3.4132,-0.0581,-0.0581
28.4234,pi,6.2800,3.4619,-0.0571,-0.0571
28.4284,pi,6.2800,3.4551,-0.0572,-0.0572
28.4335,pi,6.2800,3.4496,-0.0573,-0.0573
28.4385,pi,6.2800,3.4910,-0.0565,-0.0565
28.4434,pi,6.2800,3.4788,-0.0567,-0.0567
28.4484,pi,6.2800,3.4363,-0.0576,-0.0576
28.4534,pi,6.2800,3.4528,-0.0573,-0.0573
28.4584,pi,6.2800,3.4659,-0.0570,-0.0570
28.4634,pi,6.2800,3.4261,-0.0578,-0.0578
28.4684,pi,6.2800,3.4262,-0.0578,-0.0578
28.4736,pi,6.2800,3.3943,-0.0584,-0.0584
28.4788,pi,6.2800,3.3683,-0.0590,-0.0590
28.4835,pi,6.2800,3.3476,-0.0594,-0.0594
28.4885,pi,6.2800,3.3313,-0.0597,-0.0597
28.4936,pi,6.2800,3.3177,-0.0600,-0.0600
28.4985,pi,6.2800,3.3077,-0.0602,-0.0602
28.5034,pi,6.2800,3.3316,-0.0597,-0.0597
28.5085,pi,6.2800,3.3050,-0.0602,-0.0602
28.5134,pi,6.2800,3.3296,-0.0597,-0.0597
28.5184,pi,6.2800,3.3492,-0.0593,-0.0593
28.5235,pi,6.2800,3.3328,-0.0597,-0.0597
28.5287,pi,6.2800,3.3699,-0.0589,-0.0589
28.5343,pi,6.2800,3.3993,-0.0583,-0.0583
28.5392,pi,6.2800,3.3726,-0.0589,-0.0589
28.5438,pi,6.2800,3.4006,-0.0583,-0.0583
28.5490,pi,6.2800,3.4229,-0.0578,-0.0578
28.5542,pi,6.2800,3.3910,-0.0585,-0.0585
28.5588,pi,6.2800,3.4156,-0.0580,-0.0580
28.5636,pi,6.2800,3.3853,-0.0586,-0.0586
28.5686,pi,6.2800,3.3614,-0.0591,-0.0591
28.5736,pi,6.2800,3.3924,-0.0585,-0.0585
28.5785,pi,6.2800,3.3990,-0.0583,-0.0583
28.5836,pi,6.2800,3.3593,-0.0591,-0.0591
28.5886,pi,6.2800,3.3733,-0.0589,-0.0589
28.5936,pi,6.2800,3.3845,-0.0586,-0.0586
28.5986,pi,6.2800,3.3492,-0.0593,-0.0593
28.6036,pi,6.2800,3.3653,-0.0590,-0.0590
28.6086,pi,6.2800,3.3781,-0.0588,-0.0588
28.6137,pi,6.2800,3.3428,-0.0595,-0.0595
28.6198,pi,6.2800,3.3761,-0.0588,-0.0588
28.6244,pi,6.2800,3.3547,-0.0592,-0.0592
28.6290,pi,6.2800,3.3870,-0.0586,-0.0586
28.6342,pi,6.2800,3.4126,-0.0581,-0.0581
28.6392,pi,6.2800,3.4329,-0.0577,-0.0577
28.6442,pi,6.2800,3.4491,-0.0573,-0.0573
28.6492,pi,6.2800,3.4627,-0.0570,-0.0570
28.6536,pi,6.2800,3.4738,-0.0568,-0.0568
28.6586,pi,6.2800,3.4820,-0.0567,-0.0567
28.6637,pi,6.2800,3.4891,-0.0565,-0.0565
28.6689,pi,6.2800,3.5221,-0.0559,-0.0559
28.6738,pi,6.2800,3.5055,-0.0562,-0.0562
28.6787,pi,6.2800,3.4900,-0.0565,-0.0565
28.6835,pi,6.2800,3.4324,-0.0577,-0.0577
28.6885,pi,6.2800,3.4325,-0.0577,-0.0577
28.6935,pi,6.2800,3.3865,-0.0586,-0.0586
28.6985,pi,6.2800,3.3958,-0.0584,-0.0584
28.7034,pi,6.2800,3.4024,-0.0583,-0.0583
28.7085,pi,6.2800,3.3619,-0.0591,-0.0591
28.7135,pi,6.2800,3.3758,-0.0588,-0.0588
28.7184,pi,6.2800,3.3866,-0.0586,-0.0586
28.7234,pi,6.2800,3.3497,-0.0593,-0.0593
28.7284,pi,6.2800,3.3657,-0.0590,-0.0590
28.7335,pi,6.2800,3.3785,-0.0588,-0.0588
28.7385,pi,6.2800,3.3561,-0.0592,-0.0592
28.7434,pi,6.2800,3.3703,-0.0589,-0.0589
28.7484,pi,6.2800,3.3819,-0.0587,-0.0587
28.7535,pi,6.2800,3.3589,-0.0592,-0.0592
28.7584,pi,6.2800,3.3727,-0.0589,-0.0589
28.7634,pi,6.2800,3.3838,-0.0586,-0.0586
28.7684,pi,6.2800,3.3468,-0.0594,-0.0594
28.7734,pi,6.2800,3.3629,-0.0591,-0.0591
28.7784,pi,6.2800,3.3759,-0.0588,-0.0588
28.7834,pi,6.2800,3.3405,-0.0595,-0.0595
28.7884,pi,6.2800,3.3580,-0.0592,-0.0592
28.7935,pi,6.2800,3.3397,-0.0595,-0.0595
28.7985,pi,6.2800,3.3251,-0.0598,-0.0598
28.8035,pi,6.2800,3.3636,-0.0591,-0.0591
28.8085,pi,6.2800,3.3442,-0.0594,-0.0594
28.8135,pi,6.2800,3.3287,-0.0598,-0.0598
28.8184,pi,6.2800,3.3666,-0.0590,-0.0590
28.8234,pi,6.2800,3.3788,-0.0587,-0.0587
28.8286,pi,6.2800,3.3560,-0.0592,-0.0592
28.8335,pi,6.2800,3.3875,-0.0586,-0.0586
28.8388,pi,6.2800,3.3630,-0.0591,-0.0591
28.8441,pi,6.2800,3.3937,-0.0584,-0.0584
28.8484,pi,6.2800,3.4183,-0.0579,-0.0579
28.8534,pi,6.2800,3.4201,-0.0579,-0.0579
28.8585,pi,6.2800,3.4396,-0.0575,-0.0575
28.8635,pi,6.2800,3.4551,-0.0572,-0.0572
28.8685,pi,6.2800,3.4676,-0.0569,-0.0569
28.8735,pi,6.2800,3.4776,-0.0567,-0.0567
28.8784,pi,6.2800,3.4671,-0.0570,-0.0570
28.8835,pi,6.2800,3.5050,-0.0562,-0.0562
28.8884,pi,6.2800,3.4904,-0.0565,-0.0565
28.8935,pi,6.2800,3.4783,-0.0567,-0.0567
28.8984,pi,6.2800,3.4684,-0.0569,-0.0569
28.9034,pi,6.2800,3.4605,-0.0571,-0.0571
28.9084,pi,6.2800,3.4537,-0.0572,-0.0572
28.9134,pi,6.2800,3.4029,-0.0583,-0.0583
28.9184,pi,6.2800,3.4080,-0.0582,-0.0582
28.9235,pi,6.2800,3.3798,-0.0587,-0.0587
28.9284,pi,6.2800,3.3434,-0.0595,-0.0595
28.9334,pi,6.2800,3.3604,-0.0591,-0.0591
28.9384,pi,6.2800,3.3280,-0.0598,-0.0598
28.9435,pi,6.2800,3.3157,-0.0600,-0.0600
28.9484,pi,6.2800,3.3380,-0.0596,-0.0596
28.9535,pi,6.2800,3.3238,-0.0599,-0.0599
28.9584,pi,6.2800,3.3445,-0.0594,-0.0594
28.9634,pi,6.2800,3.3611,-0.0591,-0.0591
28.9685,pi,6.2800,3.3422,-0.0595,-0.0595
28.9734,pi,6.2800,3.3591,-0.0591,-0.0591
28.9784,pi,6.2800,3.3728,-0.0589,-0.0589
28.9835,pi,6.2800,3.3516,-0.0593,-0.0593
28.9884,pi,6.2800,3.3666,-0.0590,-0.0590
28.9935,pi,6.2800,3.3788,-0.0588,-0.0588
28.9987,pi,6.2800,3.3562,-0.0592,-0.0592
29.0035,pi,6.2800,3.3884,-0.0586,-0.0586
29.0085,pi,6.2800,3.3639,-0.0590,-0.0590
29.0135,pi,6.2800,3.3947,-0.0584,-0.0584
29.0185,pi,6.2800,3.4194,-0.0579,-0.0579
29.0234,pi,6.2800,3.3889,-0.0585,-0.0585
29.0284,pi,6.2800,3.3967,-0.0584,-0.0584
29.0335,pi,6.2800,3.4027,-0.0583,-0.0583
29.0385,pi,6.2800,3.4255,-0.0578,-0.0578
29.0435,pi,6.2800,3.4440,-0.0574,-0.0574
29.0485,pi,6.2800,3.4406,-0.0575,-0.0575
29.0535,pi,6.2800,3.4381,-0.0575,-0.0575
29.0585,pi,6.2800,3.4363,-0.0576,-0.0576
29.0635,pi,6.2800,3.4024,-0.0583,-0.0583
29.0684,pi,6.2800,3.3617,-0.0591,-0.0591
29.0735,pi,6.2800,3.3751,-0.0588,-0.0588
29.0785,pi,6.2800,3.3533,-0.0593,-0.0593
29.0834,pi,6.2800,3.3680,-0.0590,-0.0590
29.0885,pi,6.2800,3.3799,-0.0587,-0.0587
29.0935,pi,6.2800,3.3573,-0.0592,-0.0592
29.0985,pi,6.2800,3.3895,-0.0585,-0.0585
29.1034,pi,6.2800,3.4152,-0.0580,-0.0580
29.1085,pi,6.2800,3.3855,-0.0586,-0.0586
29.1135,pi,6.2800,3.4120,-0.0581,-0.0581
29.1184,pi,6.2800,3.4152,-0.0580,-0.0580
29.1235,pi,6.2800,3.3854,-0.0586,-0.0586
29.1285,pi,6.2800,3.3618,-0.0591,-0.0591
29.1335,pi,6.2800,3.3429,-0.0595,-0.0595
29.1385,pi,6.2800,3.3276,-0.0598,-0.0598
29.1434,pi,6.2800,3.3475,-0.0594,-0.0594
29.1484,pi,6.2800,3.3635,-0.0591,-0.0591
29.1535,pi,6.2800,3.3442,-0.0595,-0.0595
29.1584,pi,6.2800,3.3608,-0.0591,-0.0591
29.1634,pi,6.2800,3.3741,-0.0588,-0.0588
29.1685,pi,6.2800,3.3527,-0.0593,-0.0593
29.1734,pi,6.2800,3.3675,-0.0590,-0.0590
29.1785,pi,6.2800,3.3794,-0.0587,-0.0587
29.1835,pi,6.2800,3.3569,-0.0592,-0.0592
29.1884,pi,6.2800,3.3709,-0.0589,-0.0589
29.1935,pi,6.2800,3.3501,-0.0593,-0.0593
29.1986,pi,6.2800,3.3331,-0.0597,-0.0597
29.2038,pi,6.2800,3.3699,-0.0589,-0.0589
29.2085,pi,6.2800,3.3490,-0.0594,-0.0594
29.2134,pi,6.2800,3.3327,-0.0597,-0.0597
29.2185,pi,6.2800,3.3698,-0.0589,-0.0589
29.2235,pi,6.2800,3.3488,-0.0594,-0.0594
29.2284,pi,6.2800,3.3645,-0.0590,-0.0590
29.2335,pi,6.2800,3.3771,-0.0588,-0.0588
29.2385,pi,6.2800,3.3551,-0.0592,-0.0592
29.2435,pi,6.2800,3.3695,-0.0589,-0.0589
29.2485,pi,6.2800,3.3811,-0.0587,-0.0587
29.2535,pi,6.2800,3.4364,-0.0576,-0.0576
29.2585,pi,6.2800,3.4348,-0.0576,-0.0576
29.2634,pi,6.2800,3.4336,-0.0576,-0.0576
29.2685,pi,6.2800,3.4780,-0.0567,-0.0567
29.2734,pi,6.2800,3.4679,-0.0569,-0.0569
29.2785,pi,6.2800,3.4277,-0.0578,-0.0578
29.2834,pi,6.2800,3.4276,-0.0578,-0.0578
29.2885,pi,6.2800,3.4275,-0.0578,-0.0578
29.2935,pi,6.2800,3.4275,-0.0578,-0.0578
29.2984,pi,6.2800,3.4275,-0.0578,-0.0578
29.3035,pi,6.2800,3.3950,-0.0584,-0.0584
29.3085,pi,6.2800,3.3691,-0.0589,-0.0589
29.3134,pi,6.2800,3.3806,-0.0587,-0.0587
29.3185,pi,6.2800,3.3578,-0.0592,-0.0592
29.3234,pi,6.2800,3.3397,-0.0595,-0.0595
29.3284,pi,6.2800,3.3571,-0.0592,-0.0592
29.3335,pi,6.2800,3.3390,-0.0596,-0.0596
29.3385,pi,6.2800,3.3748,-0.0588,-0.0588
29.3436,pi,6.2800,3.4035,-0.0582,-0.0582
29.3486,pi,6.2800,3.3758,-0.0588,-0.0588
29.3535,pi,6.2800,3.4042,-0.0582,-0.0582
29.3584,pi,6.2800,3.4090,-0.0581,-0.0581
29.3635,pi,6.2800,3.3806,-0.0587,-0.0587
29.3684,pi,6.2800,3.3900,-0.0585,-0.0585
29.3734,pi,6.2800,3.3975,-0.0584,-0.0584
29.3785,pi,6.2800,3.4492,-0.0573,-0.0573
29.3835,pi,6.2800,3.4448,-0.0574,-0.0574
29.3886,pi,6.2800,3.4079,-0.0582,-0.0582
29.3936,pi,6.2800,3.4118,-0.0581,-0.0581
29.3989,pi,6.2800,3.4321,-0.0577,-0.0577
29.4035,pi,6.2800,3.3997,-0.0583,-0.0583
29.4090,pi,6.2800,3.4233,-0.0578,-0.0578
29.4135,pi,6.2800,3.4417,-0.0575,-0.0575
29.4185,pi,6.2800,3.4069,-0.0582,-0.0582
29.4234,pi,6.2800,3.4109,-0.0581,-0.0581
29.4285,pi,6.2800,3.3821,-0.0587,-0.0587
29.4335,pi,6.2800,3.3590,-0.0592,-0.0592
29.4385,pi,6.2800,3.3726,-0.0589,-0.0589
29.4435,pi,6.2800,3.3514,-0.0593,-0.0593
29.4486,pi,6.2800,3.3208,-0.0599,-0.0599
29.4535,pi,6.2800,3.3436,-0.0595,-0.0595
29.4585,pi,6.2800,3.3605,-0.0591,-0.0591
29.4635,pi,6.2800,3.3284,-0.0598,-0.0598
29.4685,pi,6.2800,3.3487,-0.0594,-0.0594
29.4735,pi,6.2800,3.3323,-0.0597,-0.0597
29.4785,pi,6.2800,3.3191,-0.0600,-0.0600
29.4835,pi,6.2800,3.3589,-0.0592,-0.0592
29.4884,pi,6.2800,3.3726,-0.0589,-0.0589
29.4935,pi,6.2800,3.3836,-0.0587,-0.0587
29.4985,pi,6.2800,3.3924,-0.0585,-0.0585
29.5035,pi,6.2800,3.3994,-0.0583,-0.0583
29.5084,pi,6.2800,3.4052,-0.0582,-0.0582
29.5134,pi,6.2800,3.4097,-0.0581,-0.0581
29.5185,pi,6.2800,3.3811,-0.0587,-0.0587
29.5235,pi,6.2800,3.4086,-0.0581,-0.0581
29.5284,pi,6.2800,3.4124,-0.0581,-0.0581
29.5335,pi,6.2800,3.4611,-0.0571,-0.0571
29.5385,pi,6.2800,3.4726,-0.0569,-0.0569
29.5435,pi,6.2800,3.4314,-0.0577,-0.0577
29.5484,pi,6.2800,3.4305,-0.0577,-0.0577
29.5535,pi,6.2800,3.4299,-0.0577,-0.0577
29.5586,pi,6.2800,3.3972,-0.0584,-0.0584
29.5635,pi,6.2800,3.4214,-0.0579,-0.0579
29.5685,pi,6.2800,3.4409,-0.0575,-0.0575
29.5735,pi,6.2800,3.4061,-0.0582,-0.0582
29.5784,pi,6.2800,3.4104,-0.0581,-0.0581
29.5835,pi,6.2800,3.3817,-0.0587,-0.0587
29.5884,pi,6.2800,3.3450,-0.0594,-0.0594
29.5935,pi,6.2800,3.3614,-0.0591,-0.0591
29.5985,pi,6.2800,3.3425,-0.0595,-0.0595
29.6034,pi,6.2800,3.3594,-0.0591,-0.0591
29.6085,pi,6.2800,3.3729,-0.0589,-0.0589
29.6135,pi,6.2800,3.3838,-0.0586,-0.0586
29.6185,pi,6.2800,3.3926,-0.0585,-0.0585
29.6235,pi,6.2800,3.3995,-0.0583,-0.0583
29.6285,pi,6.2800,3.3730,-0.0589,-0.0589
29.6335,pi,6.2800,3.4019,-0.0583,-0.0583
29.6384,pi,6.2800,3.4070,-0.0582,-0.0582
29.6435,pi,6.2800,3.3790,-0.0587,-0.0587
29.6484,pi,6.2800,3.3887,-0.0585,-0.0585
29.6535,pi,6.2800,3.3966,-0.0584,-0.0584
29.6584,pi,6.2800,3.4027,-0.0583,-0.0583
29.6634,pi,6.2800,3.4076,-0.0582,-0.0582
29.6685,pi,6.2800,3.3795,-0.0587,-0.0587
29.6735,pi,6.2800,3.4073,-0.0582,-0.0582
29.6784,pi,6.2800,3.4112,-0.0581,-0.0581
29.6838,pi,6.2800,3.3823,-0.0587,-0.0587
29.6889,pi,6.2800,3.4091,-0.0581,-0.0581
29.6938,pi,6.2800,3.4303,-0.0577,-0.0577
29.6989,pi,6.2800,3.3973,-0.0584,-0.0584
29.7041,pi,6.2800,3.4206,-0.0579,-0.0579
29.7092,pi,6.2800,3.3890,-0.0585,-0.0585
29.7137,pi,6.2800,3.3642,-0.0590,-0.0590
29.7188,pi,6.2800,3.3947,-0.0584,-0.0584
29.7238,pi,6.2800,3.3688,-0.0590,-0.0590
29.7288,pi,6.2800,3.3480,-0.0594,-0.0594
29.7339,pi,6.2800,3.3817,-0.0587,-0.0587
29.7390,pi,6.2800,3.3588,-0.0592,-0.0592
29.7438,pi,6.2800,3.3266,-0.0598,-0.0598
29.7485,pi,6.2800,3.3472,-0.0594,-0.0594
29.7534,pi,6.2800,3.3638,-0.0591,-0.0591
29.7584,pi,6.2800,3.3775,-0.0588,-0.0588
29.7634,pi,6.2800,3.3884,-0.0586,-0.0586
29.7685,pi,6.2800,3.3969,-0.0584,-0.0584
29.7734,pi,6.2800,3.4033,-0.0583,-0.0583
29.7787,pi,6.2800,3.4085,-0.0581,-0.0581
29.7840,pi,6.2800,3.4584,-0.0571,-0.0571
29.7886,pi,6.2800,3.4529,-0.0572,-0.0572
29.7934,pi,6.2800,3.4482,-0.0573,-0.0573
29.7984,pi,6.2800,3.4904,-0.0565,-0.0565
29.8034,pi,6.2800,3.4960,-0.0564,-0.0564
29.8084,pi,6.2800,3.4500,-0.0573,-0.0573
29.8135,pi,6.2800,3.4637,-0.0570,-0.0570
29.8185,pi,6.2800,3.4746,-0.0568,-0.0568
29.8235,pi,6.2800,3.4650,-0.0570,-0.0570
29.8284,pi,6.2800,3.4577,-0.0571,-0.0571
29.8334,pi,6.2800,3.4518,-0.0573,-0.0573
29.8385,pi,6.2800,3.4014,-0.0583,-0.0583
29.8434,pi,6.2800,3.4068,-0.0582,-0.0582
29.8484,pi,6.2800,3.4112,-0.0581,-0.0581
29.8534,pi,6.2800,3.3687,-0.0590,-0.0590
29.8584,pi,6.2800,3.3805,-0.0587,-0.0587
29.8634,pi,6.2800,3.3900,-0.0585,-0.0585
29.8685,pi,6.2800,3.3518,-0.0593,-0.0593
29.8734,pi,6.2800,3.3669,-0.0590,-0.0590
29.8785,pi,6.2800,3.3470,-0.0594,-0.0594
29.8835,pi,6.2800,3.3309,-0.0597,-0.0597
29.8884,pi,6.2800,3.3501,-0.0593,-0.0593
29.8935,pi,6.2800,3.3335,-0.0597,-0.0597
29.8984,pi,6.2800,3.3705,-0.0589,-0.0589
29.9034,pi,6.2800,3.3818,-0.0587,-0.0587
29.9085,pi,6.2800,3.3589,-0.0592,-0.0592
29.9134,pi,6.2800,3.3726,-0.0589,-0.0589
29.9184,pi,6.2800,3.3835,-0.0587,-0.0587
29.9235,pi,6.2800,3.3602,-0.0591,-0.0591
29.9285,pi,6.2800,3.3918,-0.0585,-0.0585
29.9334,pi,6.2800,3.3988,-0.0583,-0.0583
29.9385,pi,6.2800,3.3721,-0.0589,-0.0589
29.9434,pi,6.2800,3.3830,-0.0587,-0.0587
29.9485,pi,6.2800,3.3596,-0.0591,-0.0591
29.9535,pi,6.2800,3.3412,-0.0595,-0.0595
29.9585,pi,6.2800,3.3761,-0.0588,-0.0588
29.9634,pi,6.2800,3.3544,-0.0592,-0.0592
29.9685,pi,6.2800,3.3369,-0.0596,-0.0596
29.9735,pi,6.2800,3.3733,-0.0589,-0.0589
29.9784,pi,6.2800,3.3841,-0.0586,-0.0586
29.9834,pi,6.2800,3.3928,-0.0585,-0.0585
29.9884,pi,6.2800,3.3997,-0.0583,-0.0583
29.9935,pi,6.2800,3.3730,-0.0589,-0.0589
29.9985,pi,6.2800,3.4020,-0.0583,-0.0583
30.0034,pi,6.2800,3.4250,-0.0578,-0.0578
30.0084,pi,6.2800,3.4253,-0.0578,-0.0578
30.0135,pi,6.2800,3.4439,-0.0574,-0.0574
30.0184,pi,6.2800,3.4588,-0.0571,-0.0571
30.0235,pi,6.2800,3.4202,-0.0579,-0.0579
30.0285,pi,6.2800,3.4397,-0.0575,-0.0575
30.0334,pi,6.2800,3.4050,-0.0582,-0.0582
30.0385,pi,6.2800,3.3774,-0.0588,-0.0588
30.0435,pi,6.2800,3.4057,-0.0582,-0.0582
30.0484,pi,6.2800,3.4100,-0.0581,-0.0581
30.0535,pi,6.2800,3.3682,-0.0590,-0.0590
30.0584,pi,6.2800,3.3802,-0.0587,-0.0587
30.0634,pi,6.2800,3.3897,-0.0585,-0.0585
30.0685,pi,6.2800,3.3652,-0.0590,-0.0590
30.0734,pi,6.2800,3.3775,-0.0588,-0.0588
30.0785,pi,6.2800,3.3554,-0.0592,-0.0592
30.0834,pi,6.2800,3.3243,-0.0599,-0.0599
30.0885,pi,6.2800,3.3632,-0.0591,-0.0591
30.0934,pi,6.2800,3.3759,-0.0588,-0.0588
30.0985,pi,6.2800,3.3406,-0.0595,-0.0595
30.1034,pi,6.2800,3.3581,-0.0592,-0.0592
30.1085,pi,6.2800,3.3398,-0.0595,-0.0595
30.1134,pi,6.2800,3.3573,-0.0592,-0.0592
30.1184,pi,6.2800,3.3713,-0.0589,-0.0589
30.1235,pi,6.2800,3.3825,-0.0587,-0.0587
30.1284,pi,6.2800,3.3916,-0.0585,-0.0585
30.1334,pi,6.2800,3.3989,-0.0583,-0.0583
30.1385,pi,6.2800,3.4227,-0.0579,-0.0579
30.1435,pi,6.2800,3.4417,-0.0575,-0.0575
30.1484,pi,6.2800,3.4569,-0.0572,-0.0572
30.1535,pi,6.2800,3.4691,-0.0569,-0.0569
30.1584,pi,6.2800,3.4607,-0.0571,-0.0571
30.1635,pi,6.2800,3.4220,-0.0579,-0.0579
30.1684,pi,6.2800,3.4230,-0.0579,-0.0579
30.1734,pi,6.2800,3.4238,-0.0578,-0.0578
30.1785,pi,6.2800,3.3921,-0.0585,-0.0585
30.1835,pi,6.2800,3.4170,-0.0580,-0.0580
30.1884,pi,6.2800,3.4189,-0.0579,-0.0579
30.1936,pi,6.2800,3.3884,-0.0586,-0.0586
30.1985,pi,6.2800,3.4142,-0.0580,-0.0580
30.2042,pi,6.2800,3.3835,-0.0587,-0.0587
30.2086,pi,6.2800,3.3599,-0.0591,-0.0591
30.2135,pi,6.2800,3.3912,-0.0585,-0.0585
30.2185,pi,6.2800,3.3661,-0.0590,-0.0590
30.2236,pi,6.2800,3.3462,-0.0594,-0.0594
30.2288,pi,6.2800,3.3623,-0.0591,-0.0591
30.2335,pi,6.2800,3.3752,-0.0588,-0.0588
30.2385,pi,6.2800,3.3535,-0.0593,-0.0593
30.2435,pi,6.2800,3.3683,-0.0590,-0.0590
30.2484,pi,6.2800,3.3803,-0.0587,-0.0587
30.2536,pi,6.2800,3.3444,-0.0594,-0.0594
30.2584,pi,6.2800,3.3620,-0.0591,-0.0591
30.2635,pi,6.2800,3.3754,-0.0588,-0.0588
30.2685,pi,6.2800,3.3401,-0.0595,-0.0595
30.2738,pi,6.2800,3.3758,-0.0588,-0.0588
30.2785,pi,6.2800,3.3540,-0.0593,-0.0593
30.2835,pi,6.2800,3.3230,-0.0599,-0.0599
30.2884,pi,6.2800,3.3442,-0.0594,-0.0594
30.2935,pi,6.2800,3.3611,-0.0591,-0.0591
30.2985,pi,6.2800,3.3287,-0.0598,-0.0598
30.3035,pi,6.2800,3.3666,-0.0590,-0.0590
30.3086,pi,6.2800,3.3464,-0.0594,-0.0594
30.3135,pi,6.2800,3.3306,-0.0597,-0.0597
30.3184,pi,6.2800,3.3681,-0.0590,-0.0590
30.3234,pi,6.2800,3.3799,-0.0587,-0.0587
30.3284,pi,6.2800,3.3896,-0.0585,-0.0585
30.3335,pi,6.2800,3.4154,-0.0580,-0.0580
30.3385,pi,6.2800,3.3854,-0.0586,-0.0586
30.3434,pi,6.2800,3.4118,-0.0581,-0.0581
30.3485,pi,6.2800,3.4323,-0.0577,-0.0577
30.3534,pi,6.2800,3.4312,-0.0577,-0.0577
30.3585,pi,6.2800,3.4484,-0.0573,-0.0573
30.3634,pi,6.2800,3.4444,-0.0574,-0.0574
30.3684,pi,6.2800,3.4867,-0.0566,-0.0566
30.3734,pi,6.2800,3.4750,-0.0568,-0.0568
30.3785,pi,6.2800,3.4333,-0.0576,-0.0576
30.3836,pi,6.2800,3.3998,-0.0583,-0.0583
30.3884,pi,6.2800,3.4053,-0.0582,-0.0582
30.3935,pi,6.2800,3.4099,-0.0581,-0.0581
30.3987,pi,6.2800,3.3679,-0.0590,-0.0590
30.4036,pi,6.2800,3.3980,-0.0584,-0.0584
30.4084,pi,6.2800,3.4037,-0.0582,-0.0582
30.4135,pi,6.2800,3.3761,-0.0588,-0.0588
30.4185,pi,6.2800,3.3543,-0.0592,-0.0592
30.4235,pi,6.2800,3.3369,-0.0596,-0.0596
30.4284,pi,6.2800,3.3093,-0.0602,-0.0602
30.4334,pi,6.2800,3.3331,-0.0597,-0.0597
30.4385,pi,6.2800,3.3199,-0.0599,-0.0599
30.4435,pi,6.2800,3.3093,-0.0602,-0.0602
30.4484,pi,6.2800,3.3510,-0.0593,-0.0593
30.4535,pi,6.2800,3.3661,-0.0590,-0.0590
30.4585,pi,6.2800,3.3463,-0.0594,-0.0594
30.4635,pi,6.2800,3.3624,-0.0591,-0.0591
30.4686,pi,6.2800,3.3433,-0.0595,-0.0595
30.4734,pi,6.2800,3.3603,-0.0591,-0.0591
30.4784,pi,6.2800,3.3738,-0.0588,-0.0588
30.4835,pi,6.2800,3.3524,-0.0593,-0.0593
30.4884,pi,6.2800,3.3673,-0.0590,-0.0590
30.4934,pi,6.2800,3.3794,-0.0587,-0.0587
30.4985,pi,6.2800,3.3567,-0.0592,-0.0592
30.5035,pi,6.2800,3.3891,-0.0585,-0.0585
30.5085,pi,6.2800,3.4149,-0.0580,-0.0580
30.5137,pi,6.2800,3.3853,-0.0586,-0.0586
30.5191,pi,6.2800,3.4118,-0.0581,-0.0581
30.5238,pi,6.2800,3.3825,-0.0587,-0.0587
30.5285,pi,6.2800,3.4089,-0.0581,-0.0581
30.5334,pi,6.2800,3.4305,-0.0577,-0.0577
30.5384,pi,6.2800,3.3977,-0.0584,-0.0584
30.5436,pi,6.2800,3.3714,-0.0589,-0.0589
30.5484,pi,6.2800,3.4007,-0.0583,-0.0583
30.5534,pi,6.2800,3.4060,-0.0582,-0.0582
30.5585,pi,6.2800,3.4285,-0.0577,-0.0577
30.5635,pi,6.2800,3.4464,-0.0574,-0.0574
30.5684,pi,6.2800,3.4426,-0.0575,-0.0575
30.5736,pi,6.2800,3.3939,-0.0584,-0.0584
30.5784,pi,6.2800,3.4008,-0.0583,-0.0583
30.5835,pi,6.2800,3.3735,-0.0589,-0.0589
30.5884,pi,6.2800,3.3387,-0.0596,-0.0596
30.5935,pi,6.2800,3.3746,-0.0588,-0.0588
30.5984,pi,6.2800,3.3851,-0.0586,-0.0586
30.6036,pi,6.2800,3.3603,-0.0591,-0.0591
30.6084,pi,6.2800,3.3734,-0.0588,-0.0588
30.6135,pi,6.2800,3.3386,-0.0596,-0.0596
30.6185,pi,6.2800,3.3236,-0.0599,-0.0599
30.6234,pi,6.2800,3.3441,-0.0594,-0.0594
30.6285,pi,6.2800,3.3609,-0.0591,-0.0591
30.6335,pi,6.2800,3.3743,-0.0588,-0.0588
30.6385,pi,6.2800,3.4032,-0.0583,-0.0583
30.6435,pi,6.2800,3.4078,-0.0582,-0.0582
30.6485,pi,6.2800,3.4120,-0.0581,-0.0581
30.6534,pi,6.2800,3.4151,-0.0580,-0.0580
30.6585,pi,6.2800,3.3854,-0.0586,-0.0586
30.6634,pi,6.2800,3.3939,-0.0584,-0.0584
30.6685,pi,6.2800,3.4006,-0.0583,-0.0583
30.6734,pi,6.2800,3.4523,-0.0573,-0.0573
30.6784,pi,6.2800,3.4474,-0.0574,-0.0574
30.6835,pi,6.2800,3.4113,-0.0581,-0.0581
30.6885,pi,6.2800,3.3824,-0.0587,-0.0587
30.6934,pi,6.2800,3.3914,-0.0585,-0.0585
30.6985,pi,6.2800,3.3665,-0.0590,-0.0590
30.7035,pi,6.2800,3.3967,-0.0584,-0.0584
30.7084,pi,6.2800,3.4028,-0.0583,-0.0583
30.7135,pi,6.2800,3.3756,-0.0588,-0.0588
30.7185,pi,6.2800,3.4042,-0.0582,-0.0582
30.7234,pi,6.2800,3.3768,-0.0588,-0.0588
30.7284,pi,6.2800,3.3548,-0.0592,-0.0592
30.7334,pi,6.2800,3.3692,-0.0589,-0.0589
30.7385,pi,6.2800,3.3989,-0.0583,-0.0583
30.7435,pi,6.2800,3.3727,-0.0589,-0.0589
30.7485,pi,6.2800,3.4018,-0.0583,-0.0583
30.7534,pi,6.2800,3.4070,-0.0582,-0.0582
30.7585,pi,6.2800,3.3785,-0.0588,-0.0588
30.7634,pi,6.2800,3.3882,-0.0586,-0.0586
30.7685,pi,6.2800,3.3960,-0.0584,-0.0584
30.7735,pi,6.2800,3.3701,-0.0589,-0.0589
30.7785,pi,6.2800,3.3998,-0.0583,-0.0583
30.7835,pi,6.2800,3.4053,-0.0582,-0.0582
30.7885,pi,6.2800,3.3771,-0.0588,-0.0588
30.7944,pi,6.2800,3.4049,-0.0582,-0.0582
30.7999,pi,6.2800,3.3772,-0.0588,-0.0588
30.8039,pi,6.2800,3.3552,-0.0592,-0.0592
30.8084,pi,6.2800,3.3695,-0.0589,-0.0589
30.8134,pi,6.2800,3.3490,-0.0594,-0.0594
30.8185,pi,6.2800,3.3825,-0.0587,-0.0587
30.8234,pi,6.2800,3.3914,-0.0585,-0.0585
30.8285,pi,6.2800,3.3665,-0.0590,-0.0590
30.8335,pi,6.2800,3.3465,-0.0594,-0.0594
30.8384,pi,6.2800,3.3626,-0.0591,-0.0591
30.8435,pi,6.2800,3.3761,-0.0588,-0.0588
30.8484,pi,6.2800,3.3868,-0.0586,-0.0586
30.8535,pi,6.2800,3.3953,-0.0584,-0.0584
30.8585,pi,6.2800,3.4017,-0.0583,-0.0583
30.8635,pi,6.2800,3.4070,-0.0582,-0.0582
30.8684,pi,6.2800,3.4111,-0.0581,-0.0581
30.8735,pi,6.2800,3.3823,-0.0587,-0.0587
30.8784,pi,6.2800,3.3913,-0.0585,-0.0585
30.8834,pi,6.2800,3.3986,-0.0583,-0.0583
30.8885,pi,6.2800,3.3723,-0.0589,-0.0589
30.8934,pi,6.2800,3.3833,-0.0587,-0.0587
30.8985,pi,6.2800,3.3599,-0.0591,-0.0591
30.9035,pi,6.2800,3.3414,-0.0595,-0.0595
30.9084,pi,6.2800,3.3586,-0.0592,-0.0592
30.9135,pi,6.2800,3.3403,-0.0595,-0.0595
30.9184,pi,6.2800,3.3576,-0.0592,-0.0592
30.9235,pi,6.2800,3.3716,-0.0589,-0.0589
30.9285,pi,6.2800,3.3505,-0.0593,-0.0593
30.9334,pi,6.2800,3.3658,-0.0590,-0.0590
30.9384,pi,6.2800,3.3781,-0.0588,-0.0588
30.9435,pi,6.2800,3.3559,-0.0592,-0.0592
30.9484,pi,6.2800,3.3702,-0.0589,-0.0589
30.9535,pi,6.2800,3.3997,-0.0583,-0.0583
30.9585,pi,6.2800,3.3731,-0.0589,-0.0589
30.9635,pi,6.2800,3.4021,-0.0583,-0.0583
30.9685,pi,6.2800,3.3751,-0.0588,-0.0588
30.9735,pi,6.2800,3.3530,-0.0593,-0.0593
30.9784,pi,6.2800,3.3678,-0.0590,-0.0590
30.9835,pi,6.2800,3.3477,-0.0594,-0.0594
30.9885,pi,6.2800,3.3315,-0.0597,-0.0597
30.9936,pi,6.2800,3.3687,-0.0590,-0.0590
30.9986,pi,6.2800,3.3481,-0.0594,-0.0594
31.0035,pi,6.2800,3.3180,-0.0600,-0.0600
31.0084,pi,6.2800,3.3580,-0.0592,-0.0592
31.0135,pi,6.2800,3.3719,-0.0589,-0.0589
31.0185,pi,6.2800,3.3509,-0.0593,-0.0593
31.0235,pi,6.2800,3.3661,-0.0590,-0.0590
31.0285,pi,6.2800,3.3462,-0.0594,-0.0594
31.0335,pi,6.2800,3.3624,-0.0591,-0.0591
31.0384,pi,6.2800,3.3753,-0.0588,-0.0588
31.0435,pi,6.2800,3.3858,-0.0586,-0.0586
31.0485,pi,6.2800,3.3943,-0.0584,-0.0584
31.0535,pi,6.2800,3.4010,-0.0583,-0.0583
31.0586,pi,6.2800,3.3737,-0.0589,-0.0589
31.0634,pi,6.2800,3.3844,-0.0586,-0.0586
31.0685,pi,6.2800,3.3929,-0.0585,-0.0585
31.0735,pi,6.2800,3.3678,-0.0590,-0.0590
31.0784,pi,6.2800,3.3797,-0.0587,-0.0587
31.0835,pi,6.2800,3.3571,-0.0592,-0.0592
31.0884,pi,6.2800,3.3710,-0.0589,-0.0589
31.0935,pi,6.2800,3.4005,-0.0583,-0.0583
31.0984,pi,6.2800,3.3738,-0.0589,-0.0589
31.1034,pi,6.2800,3.3846,-0.0586,-0.0586
31.1085,pi,6.2800,3.3932,-0.0585,-0.0585
31.1135,pi,6.2800,3.3680,-0.0590,-0.0590
31.1184,pi,6.2800,3.3798,-0.0587,-0.0587
31.1234,pi,6.2800,3.3894,-0.0585,-0.0585
31.1285,pi,6.2800,3.3649,-0.0590,-0.0590
31.1334,pi,6.2800,3.3775,-0.0588,-0.0588
31.1384,pi,6.2800,3.3875,-0.0586,-0.0586
31.1435,pi,6.2800,3.3496,-0.0593,-0.0593
31.1484,pi,6.2800,3.3652,-0.0590,-0.0590
31.1535,pi,6.2800,3.3455,-0.0594,-0.0594
31.1585,pi,6.2800,3.3292,-0.0598,-0.0598
31.1639,pi,6.2800,3.3665,-0.0590,-0.0590
31.1693,pi,6.2800,3.3451,-0.0594,-0.0594
31.1734,pi,6.2800,3.3295,-0.0597,-0.0597
31.1784,pi,6.2800,3.3490,-0.0594,-0.0594
31.1835,pi,6.2800,3.3323,-0.0597,-0.0597
31.1885,pi,6.2800,3.3190,-0.0600,-0.0600
31.1935,pi,6.2800,3.3589,-0.0592,-0.0592
31.1984,pi,6.2800,3.3404,-0.0595,-0.0595
31.2036,pi,6.2800,3.3255,-0.0598,-0.0598
31.2087,pi,6.2800,3.3454,-0.0594,-0.0594
31.2140,pi,6.2800,3.3294,-0.0598,-0.0598
31.2190,pi,6.2800,3.3489,-0.0594,-0.0594
31.2239,pi,6.2800,3.3826,-0.0587,-0.0587
31.2284,pi,6.2800,3.4096,-0.0581,-0.0581
31.2336,pi,6.2800,3.4312,-0.0577,-0.0577
31.2384,pi,6.2800,3.4305,-0.0577,-0.0577
31.2437,pi,6.2800,3.4758,-0.0568,-0.0568
31.2491,pi,6.2800,3.4843,-0.0566,-0.0566
31.2539,pi,6.2800,3.4911,-0.0565,-0.0565
31.2584,pi,6.2800,3.5241,-0.0558,-0.0558
31.2634,pi,6.2800,3.5052,-0.0562,-0.0562
31.2684,pi,6.2800,3.4903,-0.0565,-0.0565
31.2734,pi,6.2800,3.4783,-0.0567,-0.0567
31.2788,pi,6.2800,3.4357,-0.0576,-0.0576
31.2834,pi,6.2800,3.3880,-0.0586,-0.0586
31.2885,pi,6.2800,3.4140,-0.0580,-0.0580
31.2934,pi,6.2800,3.3845,-0.0586,-0.0586
31.2984,pi,6.2800,3.3473,-0.0594,-0.0594
31.3035,pi,6.2800,3.3635,-0.0591,-0.0591
31.3085,pi,6.2800,3.3442,-0.0595,-0.0595
31.3135,pi,6.2800,3.3287,-0.0598,-0.0598
31.3185,pi,6.2800,3.3666,-0.0590,-0.0590
31.3235,pi,6.2800,3.3466,-0.0594,-0.0594
31.3284,pi,6.2800,3.3168,-0.0600,-0.0600
31.3334,pi,6.2800,3.3390,-0.0596,-0.0596
31.3385,pi,6.2800,3.3246,-0.0598,-0.0598
31.3435,pi,6.2800,3.3131,-0.0601,-0.0601
31.3485,pi,6.2800,3.3540,-0.0593,-0.0593
31.3535,pi,6.2800,3.3366,-0.0596,-0.0596
31.3584,pi,6.2800,3.3548,-0.0592,-0.0592
31.3635,pi,6.2800,3.3694,-0.0589,-0.0589
31.3685,pi,6.2800,3.3490,-0.0594,-0.0594
31.3735,pi,6.2800,3.3826,-0.0587,-0.0587
31.3791,pi,6.2800,3.4095,-0.0581,-0.0581
31.3844,pi,6.2800,3.4308,-0.0577,-0.0577
31.3884,pi,6.2800,3.4482,-0.0573,-0.0573
31.3937,pi,6.2800,3.4440,-0.0574,-0.0574
31.3988,pi,6.2800,3.4587,-0.0571,-0.0571
31.4036,pi,6.2800,3.4704,-0.0569,-0.0569
31.4086,pi,6.2800,3.4294,-0.0577,-0.0577
31.4136,pi,6.2800,3.4471,-0.0574,-0.0574
31.4186,pi,6.2800,3.4611,-0.0571,-0.0571
31.4235,pi,6.2800,3.4541,-0.0572,-0.0572
31.4284,pi,6.2800,3.4494,-0.0573,-0.0573
31.4337,pi,6.2800,3.4454,-0.0574,-0.0574
31.4388,pi,6.2800,3.4093,-0.0581,-0.0581
31.4442,pi,6.2800,3.4310,-0.0577,-0.0577
31.4486,pi,6.2800,3.3982,-0.0584,-0.0584
31.4534,pi,6.2800,3.3589,-0.0591,-0.0591
31.4584,pi,6.2800,3.3727,-0.0589,-0.0589
31.4634,pi,6.2800,3.3837,-0.0587,-0.0587
31.4686,pi,6.2800,3.3467,-0.0594,-0.0594
31.4735,pi,6.2800,3.3810,-0.0587,-0.0587
31.4785,pi,6.2800,3.3579,-0.0592,-0.0592
31.4835,pi,6.2800,3.3396,-0.0595,-0.0595
31.4884,pi,6.2800,3.3570,-0.0592,-0.0592
31.4935,pi,6.2800,3.3713,-0.0589,-0.0589
31.4985,pi,6.2800,3.3369,-0.0596,-0.0596
31.5035,pi,6.2800,3.3731,-0.0589,-0.0589
31.5084,pi,6.2800,3.3838,-0.0586,-0.0586
31.5135,pi,6.2800,3.3925,-0.0585,-0.0585
31.5184,pi,6.2800,3.3995,-0.0583,-0.0583
31.5235,pi,6.2800,3.4052,-0.0582,-0.0582
31.5285,pi,6.2800,3.4100,-0.0581,-0.0581
31.5334,pi,6.2800,3.4136,-0.0580,-0.0580
31.5385,pi,6.2800,3.4164,-0.0580,-0.0580
31.5434,pi,6.2800,3.4186,-0.0579,-0.0579
31.5485,pi,6.2800,3.4203,-0.0579,-0.0579
31.5535,pi,6.2800,3.4219,-0.0579,-0.0579
31.5587,pi,6.2800,3.4412,-0.0575,-0.0575
31.5642,pi,6.2800,3.4060,-0.0582,-0.0582
31.5689,pi,6.2800,3.3780,-0.0588,-0.0588
31.5734,pi,6.2800,3.4060,-0.0582,-0.0582
31.5784,pi,6.2800,3.4103,-0.0581,-0.0581
31.5834,pi,6.2800,3.4138,-0.0580,-0.0580
31.5884,pi,6.2800,3.4347,-0.0576,-0.0576
31.5935,pi,6.2800,3.4011,-0.0583,-0.0583
31.5985,pi,6.2800,3.4246,-0.0578,-0.0578
31.6034,pi,6.2800,3.4433,-0.0574,-0.0574
31.6085,pi,6.2800,3.4077,-0.0582,-0.0582
31.6134,pi,6.2800,3.4118,-0.0581,-0.0581
31.6185,pi,6.2800,3.4152,-0.0580,-0.0580
31.6234,pi,6.2800,3.4179,-0.0580,-0.0580
31.6284,pi,6.2800,3.4200,-0.0579,-0.0579
31.6335,pi,6.2800,3.3894,-0.0585,-0.0585
31.6384,pi,6.2800,3.3512,-0.0593,-0.0593
31.6434,pi,6.2800,3.3665,-0.0590,-0.0590
31.6484,pi,6.2800,3.3788,-0.0588,-0.0588
31.6535,pi,6.2800,3.3565,-0.0592,-0.0592
31.6584,pi,6.2800,3.3707,-0.0589,-0.0589
31.6642,pi,6.2800,3.3494,-0.0593,-0.0593
31.6696,pi,6.2800,3.3326,-0.0597,-0.0597
31.6738,pi,6.2800,3.3515,-0.0593,-0.0593
31.6784,pi,6.2800,3.3345,-0.0596,-0.0596
31.6834,pi,6.2800,3.3211,-0.0599,-0.0599
31.6884,pi,6.2800,3.3423,-0.0595,-0.0595
31.6935,pi,6.2800,3.3272,-0.0598,-0.0598
31.6984,pi,6.2800,3.3471,-0.0594,-0.0594
31.7034,pi,6.2800,3.3632,-0.0591,-0.0591
31.7085,pi,6.2800,3.3439,-0.0595,-0.0595
31.7134,pi,6.2800,3.3605,-0.0591,-0.0591
31.7184,pi,6.2800,3.3742,-0.0588,-0.0588
31.7235,pi,6.2800,3.3527,-0.0593,-0.0593
31.7284,pi,6.2800,3.3676,-0.0590,-0.0590
31.7335,pi,6.2800,3.3978,-0.0584,-0.0584
31.7384,pi,6.2800,3.4217,-0.0579,-0.0579
31.7434,pi,6.2800,3.4229,-0.0579,-0.0579
31.7485,pi,6.2800,3.3917,-0.0585,-0.0585
31.7535,pi,6.2800,3.4170,-0.0580,-0.0580
31.7585,pi,6.2800,3.4371,-0.0576,-0.0576
31.7635,pi,6.2800,3.4029,-0.0583,-0.0583
31.7685,pi,6.2800,3.4257,-0.0578,-0.0578
31.7734,pi,6.2800,3.4441,-0.0574,-0.0574
31.7784,pi,6.2800,3.4086,-0.0581,-0.0581
31.7835,pi,6.2800,3.4305,-0.0577,-0.0577
31.7884,pi,6.2800,3.4298,-0.0577,-0.0577
31.7935,pi,6.2800,3.3970,-0.0584,-0.0584
31.7985,pi,6.2800,3.4212,-0.0579,-0.0579
31.8035,pi,6.2800,3.3902,-0.0585,-0.0585
31.8085,pi,6.2800,3.3656,-0.0590,-0.0590
31.8134,pi,6.2800,3.3781,-0.0588,-0.0588
31.8185,pi,6.2800,3.3881,-0.0586,-0.0586
31.8235,pi,6.2800,3.3635,-0.0591,-0.0591
31.8284,pi,6.2800,3.3762,-0.0588,-0.0588
31.8335,pi,6.2800,3.3544,-0.0592,-0.0592
31.8385,pi,6.2800,3.3369,-0.0596,-0.0596
31.8434,pi,6.2800,3.3550,-0.0592,-0.0592
31.8484,pi,6.2800,3.3695,-0.0589,-0.0589
31.8535,pi,6.2800,3.3353,-0.0596,-0.0596
31.8584,pi,6.2800,3.3538,-0.0593,-0.0593
31.8635,pi,6.2800,3.3363,-0.0596,-0.0596
31.8684,pi,6.2800,3.3088,-0.0602,-0.0602
31.8735,pi,6.2800,3.3325,-0.0597,-0.0597
31.8785,pi,6.2800,3.3194,-0.0600,-0.0600
31.8835,pi,6.2800,3.3089,-0.0602,-0.0602
31.8885,pi,6.2800,3.3508,-0.0593,-0.0593
31.8935,pi,6.2800,3.3340,-0.0597,-0.0597
31.8984,pi,6.2800,3.3526,-0.0593,-0.0593
31.9035,pi,6.2800,3.3675,-0.0590,-0.0590
31.9085,pi,6.2800,3.3795,-0.0587,-0.0587
31.9135,pi,6.2800,3.3891,-0.0585,-0.0585
31.9185,pi,6.2800,3.4150,-0.0580,-0.0580
31.9235,pi,6.2800,3.4352,-0.0576,-0.0576
31.9284,pi,6.2800,3.4336,-0.0576,-0.0576
31.9335,pi,6.2800,3.4323,-0.0577,-0.0577
31.9385,pi,6.2800,3.3993,-0.0583,-0.0583
31.9434,pi,6.2800,3.4049,-0.0582,-0.0582
31.9484,pi,6.2800,3.4094,-0.0581,-0.0581
31.9535,pi,6.2800,3.4130,-0.0581,-0.0581
31.9585,pi,6.2800,3.4341,-0.0576,-0.0576
31.9634,pi,6.2800,3.4007,-0.0583,-0.0583
31.9684,pi,6.2800,3.4060,-0.0582,-0.0582
31.9734,pi,6.2800,3.4102,-0.0581,-0.0581
31.9785,pi,6.2800,3.3685,-0.0590,-0.0590
31.9834,pi,6.2800,3.3803,-0.0587,-0.0587
31.9884,pi,6.2800,3.3897,-0.0585,-0.0585
31.9935,pi,6.2800,3.3652,-0.0590,-0.0590
31.9987,pi,6.2800,3.3958,-0.0584,-0.0584
32.0035,pi,6.2800,3.3697,-0.0589,-0.0589
32.0085,pi,6.2800,3.3492,-0.0593,-0.0593
32.0135,pi,6.2800,3.3830,-0.0587,-0.0587
32.0185,pi,6.2800,3.3597,-0.0591,-0.0591
32.0234,pi,6.2800,3.3275,-0.0598,-0.0598
32.0284,pi,6.2800,3.3476,-0.0594,-0.0594
32.0334,pi,6.2800,3.3636,-0.0591,-0.0591
32.0385,pi,6.2800,3.3439,-0.0595,-0.0595
32.0434,pi,6.2800,3.3605,-0.0591,-0.0591
32.0485,pi,6.2800,3.3740,-0.0588,-0.0588
32.0535,pi,6.2800,3.3390,-0.0596,-0.0596
32.0584,pi,6.2800,3.3570,-0.0592,-0.0592
32.0634,pi,6.2800,3.3712,-0.0589,-0.0589
32.0685,pi,6.2800,3.3369,-0.0596,-0.0596
32.0734,pi,6.2800,3.3551,-0.0592,-0.0592
32.0785,pi,6.2800,3.3374,-0.0596,-0.0596
32.0835,pi,6.2800,3.3233,-0.0599,-0.0599
32.0884,pi,6.2800,3.3442,-0.0594,-0.0594
32.0935,pi,6.2800,3.3287,-0.0598,-0.0598
32.0985,pi,6.2800,3.3664,-0.0590,-0.0590
32.1035,pi,6.2800,3.3966,-0.0584,-0.0584
32.1085,pi,6.2800,3.4027,-0.0583,-0.0583
32.1134,pi,6.2800,3.4076,-0.0582,-0.0582
32.1185,pi,6.2800,3.4298,-0.0577,-0.0577
32.1234,pi,6.2800,3.4292,-0.0577,-0.0577
32.1284,pi,6.2800,3.4289,-0.0577,-0.0577
32.1334,pi,6.2800,3.4286,-0.0577,-0.0577
32.1384,pi,6.2800,3.4741,-0.0568,-0.0568
32.1434,pi,6.2800,3.4647,-0.0570,-0.0570
32.1484,pi,6.2800,3.4573,-0.0572,-0.0572
32.1534,pi,6.2800,3.4516,-0.0573,-0.0573
32.1588,pi,6.2800,3.4649,-0.0570,-0.0570
32.1635,pi,6.2800,3.4250,-0.0578,-0.0578
32.1690,pi,6.2800,3.4431,-0.0575,-0.0575
32.1738,pi,6.2800,3.4576,-0.0572,-0.0572
32.1784,pi,6.2800,3.4193,-0.0579,-0.0579
32.1835,pi,6.2800,3.3889,-0.0585,-0.0585
32.1884,pi,6.2800,3.3644,-0.0590,-0.0590
32.1935,pi,6.2800,3.3436,-0.0595,-0.0595
32.1985,pi,6.2800,3.3279,-0.0598,-0.0598
32.2038,pi,6.2800,3.3138,-0.0601,-0.0601
32.2087,pi,6.2800,3.3044,-0.0602,-0.0602
32.2136,pi,6.2800,3.2967,-0.0604,-0.0604
32.2184,pi,6.2800,3.3227,-0.0599,-0.0599
32.2234,pi,6.2800,3.2986,-0.0604,-0.0604
32.2288,pi,6.2800,3.3427,-0.0595,-0.0595
32.2335,pi,6.2800,3.3774,-0.0588,-0.0588
32.2384,pi,6.2800,3.3553,-0.0592,-0.0592
32.2435,pi,6.2800,3.3696,-0.0589,-0.0589
32.2485,pi,6.2800,3.3821,-0.0587,-0.0587
32.2535,pi,6.2800,3.3914,-0.0585,-0.0585
32.2584,pi,6.2800,3.4003,-0.0583,-0.0583
32.2634,pi,6.2800,3.4059,-0.0582,-0.0582
32.2685,pi,6.2800,3.4107,-0.0581,-0.0581
32.2736,pi,6.2800,3.4322,-0.0577,-0.0577
32.2785,pi,6.2800,3.3991,-0.0583,-0.0583
32.2835,pi,6.2800,3.3591,-0.0591,-0.0591
32.2885,pi,6.2800,3.3732,-0.0589,-0.0589
32.2935,pi,6.2800,3.3518,-0.0593,-0.0593
32.2985,pi,6.2800,3.3347,-0.0596,-0.0596
32.3035,pi,6.2800,3.3714,-0.0589,-0.0589
32.3085,pi,6.2800,3.3501,-0.0593,-0.0593
32.3135,pi,6.2800,3.3335,-0.0597,-0.0597
32.3184,pi,6.2800,3.3523,-0.0593,-0.0593
32.3234,pi,6.2800,3.3673,-0.0590,-0.0590
32.3284,pi,6.2800,3.3337,-0.0597,-0.0597
32.3334,pi,6.2800,3.3527,-0.0593,-0.0593
32.3384,pi,6.2800,3.3680,-0.0590,-0.0590
32.3435,pi,6.2800,3.3341,-0.0597,-0.0597
32.3484,pi,6.2800,3.3529,-0.0593,-0.0593
32.3535,pi,6.2800,3.3680,-0.0590,-0.0590
32.3584,pi,6.2800,3.3800,-0.0587,-0.0587
32.3634,pi,6.2800,3.3898,-0.0585,-0.0585
32.3684,pi,6.2800,3.3975,-0.0584,-0.0584
32.3734,pi,6.2800,3.4035,-0.0582,-0.0582
32.3785,pi,6.2800,3.4263,-0.0578,-0.0578
32.3835,pi,6.2800,3.3942,-0.0584,-0.0584
32.3885,pi,6.2800,3.4188,-0.0579,-0.0579
32.3934,pi,6.2800,3.4387,-0.0575,-0.0575
32.3985,pi,6.2800,3.4045,-0.0582,-0.0582
32.4035,pi,6.2800,3.4270,-0.0578,-0.0578
32.4089,pi,6.2800,3.3945,-0.0584,-0.0584
32.4137,pi,6.2800,3.3686,-0.0590,-0.0590
32.4184,pi,6.2800,3.3983,-0.0584,-0.0584
32.4235,pi,6.2800,3.3715,-0.0589,-0.0589
32.4285,pi,6.2800,3.3369,-0.0596,-0.0596
32.4335,pi,6.2800,3.3551,-0.0592,-0.0592
32.4385,pi,6.2800,3.3375,-0.0596,-0.0596
32.4435,pi,6.2800,3.3231,-0.0599,-0.0599
32.4485,pi,6.2800,3.3439,-0.0595,-0.0595
32.4535,pi,6.2800,3.3605,-0.0591,-0.0591
32.4585,pi,6.2800,3.3285,-0.0598,-0.0598
32.4634,pi,6.2800,3.3487,-0.0594,-0.0594
32.4685,pi,6.2800,3.3647,-0.0590,-0.0590
32.4735,pi,6.2800,3.3315,-0.0597,-0.0597
32.4784,pi,6.2800,3.3510,-0.0593,-0.0593
32.4834,pi,6.2800,3.3664,-0.0590,-0.0590
32.4884,pi,6.2800,3.3788,-0.0587,-0.0587
32.4934,pi,6.2800,3.3887,-0.0585,-0.0585
32.4985,pi,6.2800,3.3643,-0.0590,-0.0590
32.5035,pi,6.2800,3.3951,-0.0584,-0.0584
32.5085,pi,6.2800,3.4197,-0.0579,-0.0579
32.5135,pi,6.2800,3.3891,-0.0585,-0.0585
32.5184,pi,6.2800,3.3966,-0.0584,-0.0584
32.5235,pi,6.2800,3.4028,-0.0583,-0.0583
32.5285,pi,6.2800,3.3753,-0.0588,-0.0588
32.5335,pi,6.2800,3.4037,-0.0582,-0.0582
32.5385,pi,6.2800,3.3763,-0.0588,-0.0588
32.5435,pi,6.2800,3.3543,-0.0592,-0.0592
32.5484,pi,6.2800,3.3871,-0.0586,-0.0586
32.5534,pi,6.2800,3.3951,-0.0584,-0.0584
32.5585,pi,6.2800,3.3694,-0.0589,-0.0589
32.5634,pi,6.2800,3.3810,-0.0587,-0.0587
32.5685,pi,6.2800,3.3582,-0.0592,-0.0592
32.5735,pi,6.2800,3.3399,-0.0595,-0.0595
32.5784,pi,6.2800,3.3573,-0.0592,-0.0592
32.5834,pi,6.2800,3.3715,-0.0589,-0.0589
32.5884,pi,6.2800,3.3370,-0.0596,-0.0596
32.5935,pi,6.2800,3.3733,-0.0589,-0.0589
32.5985,pi,6.2800,3.3518,-0.0593,-0.0593
32.6035,pi,6.2800,3.3339,-0.0597,-0.0597
32.6084,pi,6.2800,3.3524,-0.0593,-0.0593
32.6135,pi,6.2800,3.3353,-0.0596,-0.0596
32.6185,pi,6.2800,3.3215,-0.0599,-0.0599
32.6236,pi,6.2800,3.3608,-0.0591,-0.0591
32.6284,pi,6.2800,3.3419,-0.0595,-0.0595
32.6335,pi,6.2800,3.3262,-0.0598,-0.0598
32.6385,pi,6.2800,3.3643,-0.0590,-0.0590
32.6435,pi,6.2800,3.3768,-0.0588,-0.0588
32.6484,pi,6.2800,3.3870,-0.0586,-0.0586
32.6534,pi,6.2800,3.3952,-0.0584,-0.0584
32.6585,pi,6.2800,3.3695,-0.0589,-0.0589
32.6634,pi,6.2800,3.3811,-0.0587,-0.0587
32.6684,pi,6.2800,3.3903,-0.0585,-0.0585
32.6735,pi,6.2800,3.3978,-0.0584,-0.0584
32.6784,pi,6.2800,3.4039,-0.0582,-0.0582
32.6834,pi,6.2800,3.4087,-0.0581,-0.0581
32.6884,pi,6.2800,3.4130,-0.0581,-0.0581
32.6934,pi,6.2800,3.4160,-0.0580,-0.0580
32.6985,pi,6.2800,3.3861,-0.0586,-0.0586
32.7034,pi,6.2800,3.3486,-0.0594,-0.0594
32.7084,pi,6.2800,3.3644,-0.0590,-0.0590
32.7135,pi,6.2800,3.3449,-0.0594,-0.0594
32.7185,pi,6.2800,3.3293,-0.0598,-0.0598
32.7234,pi,6.2800,3.3489,-0.0594,-0.0594
32.7285,pi,6.2800,3.3325,-0.0597,-0.0597
32.7335,pi,6.2800,3.3697,-0.0589,-0.0589
32.7384,pi,6.2800,3.3813,-0.0587,-0.0587
32.7435,pi,6.2800,3.3583,-0.0592,-0.0592
32.7484,pi,6.2800,3.3720,-0.0589,-0.0589
32.7534,pi,6.2800,3.3831,-0.0587,-0.0587
32.7585,pi,6.2800,3.3599,-0.0591,-0.0591
32.7635,pi,6.2800,3.3412,-0.0595,-0.0595
32.7684,pi,6.2800,3.3584,-0.0592,-0.0592
32.7735,pi,6.2800,3.3401,-0.0595,-0.0595
32.7784,pi,6.2800,3.3575,-0.0592,-0.0592
32.7835,pi,6.2800,3.3715,-0.0589,-0.0589
32.7885,pi,6.2800,3.3506,-0.0593,-0.0593
32.7934,pi,6.2800,3.3659,-0.0590,-0.0590
32.7985,pi,6.2800,3.3460,-0.0594,-0.0594
32.8035,pi,6.2800,3.3302,-0.0597,-0.0597
32.8085,pi,6.2800,3.3677,-0.0590,-0.0590
32.8134,pi,6.2800,3.3795,-0.0587,-0.0587
32.8185,pi,6.2800,3.3568,-0.0592,-0.0592
32.8234,pi,6.2800,3.3708,-0.0589,-0.0589
32.8285,pi,6.2800,3.3496,-0.0593,-0.0593
32.8335,pi,6.2800,3.3331,-0.0597,-0.0597
32.8385,pi,6.2800,3.3702,-0.0589,-0.0589
32.8435,pi,6.2800,3.3495,-0.0593,-0.0593
32.8484,pi,6.2800,3.3650,-0.0590,-0.0590
32.8534,pi,6.2800,3.3775,-0.0588,-0.0588
32.8585,pi,6.2800,3.4332,-0.0576,-0.0576
32.8634,pi,6.2800,3.4323,-0.0577,-0.0577
32.8685,pi,6.2800,3.4313,-0.0577,-0.0577
32.8734,pi,6.2800,3.4763,-0.0568,-0.0568
32.8784,pi,6.2800,3.4665,-0.0570,-0.0570
32.8834,pi,6.2800,3.4590,-0.0571,-0.0571
32.8885,pi,6.2800,3.4984,-0.0563,-0.0563
32.8934,pi,6.2800,3.4842,-0.0566,-0.0566
32.8985,pi,6.2800,3.4407,-0.0575,-0.0575
32.9035,pi,6.2800,3.4060,-0.0582,-0.0582
32.9085,pi,6.2800,3.4103,-0.0581,-0.0581
32.9135,pi,6.2800,3.3817,-0.0587,-0.0587
32.9185,pi,6.2800,3.3450,-0.0594,-0.0594
32.9235,pi,6.2800,3.3615,-0.0591,-0.0591
32.9285,pi,6.2800,3.3426,-0.0595,-0.0595
32.9334,pi,6.2800,3.3138,-0.0601,-0.0601
32.9384,pi,6.2800,3.3366,-0.0596,-0.0596
32.9435,pi,6.2800,3.3226,-0.0599,-0.0599
32.9484,pi,6.2800,3.2978,-0.0604,-0.0604
32.9534,pi,6.2800,3.3237,-0.0599,-0.0599
32.9585,pi,6.2800,3.3123,-0.0601,-0.0601
32.9635,pi,6.2800,3.3033,-0.0603,-0.0603
32.9686,pi,6.2800,3.3280,-0.0598,-0.0598
32.9735,pi,6.2800,3.3156,-0.0600,-0.0600
32.9785,pi,6.2800,3.3059,-0.0602,-0.0602
32.9834,pi,6.2800,3.3484,-0.0594,-0.0594
32.9884,pi,6.2800,3.3321,-0.0597,-0.0597
32.9934,pi,6.2800,3.3511,-0.0593,-0.0593
32.9987,pi,6.2800,3.3845,-0.0586,-0.0586
33.0036,pi,6.2800,3.3594,-0.0592,-0.0592
33.0090,pi,6.2800,3.3905,-0.0585,-0.0585
33.0145,pi,6.2800,3.4157,-0.0580,-0.0580
33.0186,pi,6.2800,3.3859,-0.0586,-0.0586
33.0234,pi,6.2800,3.3941,-0.0584,-0.0584
33.0284,pi,6.2800,3.4009,-0.0583,-0.0583
33.0335,pi,6.2800,3.4064,-0.0582,-0.0582
33.0385,pi,6.2800,3.4287,-0.0577,-0.0577
33.0436,pi,6.2800,3.3963,-0.0584,-0.0584
33.0485,pi,6.2800,3.3567,-0.0592,-0.0592
33.0534,pi,6.2800,3.3711,-0.0589,-0.0589
33.0585,pi,6.2800,3.3835,-0.0587,-0.0587
33.0635,pi,6.2800,3.3468,-0.0594,-0.0594
33.0684,pi,6.2800,3.3631,-0.0591,-0.0591
33.0735,pi,6.2800,3.3761,-0.0588,-0.0588
33.0784,pi,6.2800,3.3864,-0.0586,-0.0586
33.0835,pi,6.2800,3.4127,-0.0581,-0.0581
33.0884,pi,6.2800,3.4155,-0.0580,-0.0580
33.0934,pi,6.2800,3.4180,-0.0580,-0.0580
33.0985,pi,6.2800,3.4381,-0.0575,-0.0575
33.1035,pi,6.2800,3.4540,-0.0572,-0.0572
33.1084,pi,6.2800,3.4487,-0.0573,-0.0573
33.1134,pi,6.2800,3.4445,-0.0574,-0.0574
33.1185,pi,6.2800,3.4411,-0.0575,-0.0575
33.1234,pi,6.2800,3.4385,-0.0575,-0.0575
33.1285,pi,6.2800,3.4041,-0.0582,-0.0582
33.1334,pi,6.2800,3.3632,-0.0591,-0.0591
33.1385,pi,6.2800,3.3942,-0.0584,-0.0584
33.1443,pi,6.2800,3.3682,-0.0590,-0.0590
33.1496,pi,6.2800,3.3463,-0.0594,-0.0594
33.1540,pi,6.2800,3.3622,-0.0591,-0.0591
33.1585,pi,6.2800,3.3430,-0.0595,-0.0595
33.1634,pi,6.2800,3.3599,-0.0591,-0.0591
33.1684,pi,6.2800,3.3733,-0.0589,-0.0589
33.1736,pi,6.2800,3.3516,-0.0593,-0.0593
33.1786,pi,6.2800,3.3848,-0.0586,-0.0586
33.1839,pi,6.2800,3.4111,-0.0581,-0.0581
33.1902,pi,6.2800,3.3803,-0.0587,-0.0587
33.1960,pi,6.2800,3.4068,-0.0582,-0.0582
33.2015,pi,6.2800,3.4103,-0.0581,-0.0581
33.2077,pi,6.2800,3.3782,-0.0588,-0.0588
33.2126,pi,6.2800,3.4047,-0.0582,-0.0582
33.2198,pi,6.2800,3.3756,-0.0588,-0.0588
33.2272,pi,6.2800,3.3512,-0.0593,-0.0593
33.2322,pi,6.2800,3.3805,-0.0587,-0.0587
33.2379,pi,6.2800,3.3531,-0.0593,-0.0593
33.2431,pi,6.2800,3.2912,-0.0608,-0.0608
33.2486,pi,6.2800,3.3180,-0.0596,-0.0596
33.2546,pi,6.2800,3.3078,-0.0602,-0.0602
33.2614,pi,6.2800,3.2996,-0.0604,-0.0604
33.2672,pi,6.2800,3.3246,-0.0599,-0.0599
33.2716,pi,6.2800,3.3127,-0.0601,-0.0601
33.2763,pi,6.2800,3.2895,-0.0606,-0.0606
33.2816,pi,6.2800,3.3175,-0.0600,-0.0600
33.2876,pi,6.2800,3.3412,-0.0595,-0.0595
33.2925,pi,6.2800,3.3169,-0.0600,-0.0600
33.2980,pi,6.2800,3.3419,-0.0595,-0.0595
33.3041,pi,6.2800,3.3888,-0.0585,-0.0585
33.3125,pi,6.2800,3.3973,-0.0584,-0.0584
33.3178,pi,6.2800,3.4192,-0.0580,-0.0580
33.3249,pi,6.2800,3.4376,-0.0575,-0.0575
33.3313,pi,6.2800,3.4476,-0.0574,-0.0574
33.3362,pi,6.2800,3.4555,-0.0572,-0.0572
33.3441,pi,6.2800,3.4206,-0.0578,-0.0578
33.3510,pi,6.2800,3.4874,-0.0576,-0.0576
33.3563,pi,6.2800,3.5066,-0.0558,-0.0558
33.3613,pi,6.2800,3.5074,-0.0562,-0.0562
33.3660,pi,6.2800,3.4479,-0.0574,-0.0574
33.3704,pi,6.2800,3.4436,-0.0574,-0.0574
33.3751,pi,6.2800,3.4315,-0.0580,-0.0580
33.3793,pi,6.2800,3.4024,-0.0580,-0.0580
33.3834,pi,6.2800,3.4231,-0.0580,-0.0580
33.3874,pi,6.2800,3.4295,-0.0576,-0.0576
33.3913,pi,6.2800,3.4295,-0.0577,-0.0577
33.3953,pi,6.2800,3.4556,-0.0572,-0.0572
33.3994,pi,6.2800,3.4342,-0.0576,-0.0576
33.4046,pi,6.2800,3.3980,-0.0584,-0.0584
33.4088,pi,6.2800,3.4059,-0.0582,-0.0582
33.4128,pi,6.2800,3.4184,-0.0579,-0.0579
33.4169,pi,6.2800,3.3755,-0.0588,-0.0588
33.4215,pi,6.2800,3.3644,-0.0590,-0.0590
33.4257,pi,6.2800,3.3770,-0.0588,-0.0588
33.4299,pi,6.2800,3.3050,-0.0606,-0.0606
33.4344,pi,6.2800,3.3289,-0.0594,-0.0594
33.4385,pi,6.2800,3.3486,-0.0594,-0.0594
33.4426,pi,6.2800,3.3322,-0.0597,-0.0597
33.4466,pi,6.2800,3.3511,-0.0593,-0.0593
33.4506,pi,6.2800,3.3343,-0.0596,-0.0596
33.4547,pi,6.2800,3.3204,-0.0599,-0.0599
33.4587,pi,6.2800,3.3417,-0.0595,-0.0595
33.4628,pi,6.2800,3.3267,-0.0598,-0.0598
33.4668,pi,6.2800,3.3147,-0.0601,-0.0601
33.4708,pi,6.2800,3.3361,-0.0596,-0.0596
33.4749,pi,6.2800,3.3859,-0.0586,-0.0586
33.4789,pi,6.2800,3.3487,-0.0594,-0.0594
33.4835,pi,6.2800,3.3826,-0.0587,-0.0587
33.4889,pi,6.2800,3.3917,-0.0585,-0.0585
33.4937,pi,6.2800,3.3990,-0.0583,-0.0583
33.4985,pi,6.2800,3.4047,-0.0582,-0.0582
33.5036,pi,6.2800,3.3771,-0.0588,-0.0588
33.5085,pi,6.2800,3.3871,-0.0586,-0.0586
33.5135,pi,6.2800,3.3952,-0.0584,-0.0584
33.5185,pi,6.2800,3.4019,-0.0583,-0.0583
33.5235,pi,6.2800,3.4087,-0.0581,-0.0581
33.5289,pi,6.2800,3.4305,-0.0577,-0.0577
33.5343,pi,6.2800,3.4294,-0.0577,-0.0577
33.5395,pi,6.2800,3.4414,-0.0575,-0.0575
33.5443,pi,6.2800,3.4091,-0.0581,-0.0581
33.5493,pi,6.2800,3.4304,-0.0577,-0.0577
33.5555,pi,6.2800,3.4286,-0.0579,-0.0579
33.5601,pi,6.2800,3.4039,-0.0580,-0.0580
33.5648,pi,6.2800,3.4192,-0.0580,-0.0580
33.5691,pi,6.2800,3.4368,-0.0575,-0.0575
33.5750,pi,6.2800,3.4021,-0.0583,-0.0583
33.5793,pi,6.2800,3.3613,-0.0591,-0.0591
33.5842,pi,6.2800,3.3895,-0.0586,-0.0586
33.5902,pi,6.2800,3.3479,-0.0595,-0.0595
33.5945,pi,6.2800,3.3293,-0.0595,-0.0595
33.5990,pi,6.2800,3.3489,-0.0594,-0.0594
33.6040,pi,6.2800,3.3190,-0.0600,-0.0600
33.6090,pi,6.2800,3.3581,-0.0592,-0.0592
33.6139,pi,6.2800,3.3715,-0.0589,-0.0589
33.6188,pi,6.2800,3.3448,-0.0594,-0.0594
33.6240,pi,6.2800,3.3795,-0.0587,-0.0587
33.6315,pi,6.2800,3.3987,-0.0584,-0.0584
33.6363,pi,6.2800,3.4036,-0.0581,-0.0581
33.6413,pi,6.2800,3.4120,-0.0581,-0.0581
33.6468,pi,6.2800,3.4325,-0.0577,-0.0577
33.6515,pi,6.2800,3.3996,-0.0583,-0.0583
33.6560,pi,6.2800,3.4050,-0.0582,-0.0582
33.6609,pi,6.2800,3.4094,-0.0581,-0.0581
33.6655,pi,6.2800,3.3803,-0.0587,-0.0587
33.6703,pi,6.2800,3.3572,-0.0592,-0.0592
33.6751,pi,6.2800,3.3708,-0.0589,-0.0589
33.6798,pi,6.2800,3.3366,-0.0596,-0.0596
33.6852,pi,6.2800,3.3228,-0.0599,-0.0599
33.6899,pi,6.2800,3.3436,-0.0595,-0.0595
33.6946,pi,6.2800,3.3148,-0.0600,-0.0600
33.6994,pi,6.2800,3.3550,-0.0592,-0.0592
33.7039,pi,6.2800,3.3374,-0.0596,-0.0596
33.7090,pi,6.2800,3.3187,-0.0600,-0.0600
33.7138,pi,6.2800,3.3397,-0.0595,-0.0595
33.7185,pi,6.2800,3.3580,-0.0592,-0.0592
33.7235,pi,6.2800,3.3725,-0.0589,-0.0589
33.7285,pi,6.2800,3.3839,-0.0586,-0.0586
33.7335,pi,6.2800,3.3932,-0.0585,-0.0585
33.7386,pi,6.2800,3.4004,-0.0583,-0.0583
33.7435,pi,6.2800,3.4061,-0.0582,-0.0582
33.7486,pi,6.2800,3.4108,-0.0581,-0.0581
33.7535,pi,6.2800,3.4150,-0.0580,-0.0580
33.7585,pi,6.2800,3.4180,-0.0580,-0.0580
33.7635,pi,6.2800,3.4241,-0.0578,-0.0578
33.7685,pi,6.2800,3.4251,-0.0578,-0.0578
33.7735,pi,6.2800,3.4256,-0.0578,-0.0578
33.7785,pi,6.2800,3.4259,-0.0578,-0.0578
33.7835,pi,6.2800,3.4264,-0.0578,-0.0578
33.7886,pi,6.2800,3.4447,-0.0574,-0.0574
33.7935,pi,6.2800,3.4411,-0.0575,-0.0575
33.7991,pi,6.2800,3.4567,-0.0572,-0.0572
33.8039,pi,6.2800,3.4172,-0.0580,-0.0580
33.8085,pi,6.2800,3.3873,-0.0586,-0.0586
33.8134,pi,6.2800,3.3955,-0.0584,-0.0584
33.8188,pi,6.2800,3.3697,-0.0589,-0.0589
33.8249,pi,6.2800,3.3850,-0.0588,-0.0588
33.8291,pi,6.2800,3.4060,-0.0580,-0.0580
33.8338,pi,6.2800,3.3780,-0.0588,-0.0588
33.8384,pi,6.2800,3.3419,-0.0595,-0.0595
33.8434,pi,6.2800,3.3591,-0.0591,-0.0591
33.8484,pi,6.2800,3.3728,-0.0589,-0.0589
33.8535,pi,6.2800,3.3383,-0.0596,-0.0596
33.8585,pi,6.2800,3.3114,-0.0601,-0.0601
33.8635,pi,6.2800,3.3022,-0.0603,-0.0603
33.8686,pi,6.2800,3.2950,-0.0604,-0.0604
33.8735,pi,6.2800,3.3210,-0.0599,-0.0599
33.8784,pi,6.2800,3.3113,-0.0601,-0.0601
33.8836,pi,6.2800,3.2889,-0.0606,-0.0606
