t_s,mode,target_rad_s,speed_rad_s,u,u_unsaturated
0.0893,coast,6.2800,0.0000,0.0000,0.0000
0.0912,pi,6.2800,0.0000,0.1256,0.1256
0.0963,pi,6.2800,0.0000,0.1272,0.1272
0.1004,pi,6.2800,0.0000,0.1288,0.1288
0.1046,pi,6.2800,0.0000,0.1303,0.1303
0.1085,pi,6.2800,0.0000,0.1319,0.1319
0.1125,pi,6.2800,0.0840,0.1318,0.1318
0.1165,pi,6.2800,0.2096,0.1308,0.1308
0.1204,pi,6.2800,0.3555,0.1294,0.1294
0.1246,pi,6.2800,0.5639,0.1267,0.1267
0.1285,pi,6.2800,0.8018,0.1234,0.1234
0.1325,pi,6.2800,1.0435,0.1199,0.1199
0.1365,pi,6.2800,1.3368,0.1154,0.1154
0.1404,pi,6.2800,1.6736,0.1099,0.1099
0.1443,pi,6.2800,2.0415,0.1037,0.1037
0.1482,pi,6.2800,2.3636,0.0983,0.0983
0.1521,pi,6.2800,2.7145,0.0923,0.0923
0.1560,pi,6.2800,3.0774,0.0859,0.0859
0.1598,pi,6.2800,3.3745,0.0808,0.0808
0.1636,pi,6.2800,3.6599,0.0758,0.0758
0.1682,pi,6.2800,3.9338,0.0709,0.0709
0.1732,pi,6.2800,4.1525,0.0672,0.0672
0.1786,pi,6.2800,4.3741,0.0633,0.0633
0.1834,pi,6.2800,4.5506,0.0602,0.0602
0.1884,pi,6.2800,4.6461,0.0587,0.0587
0.1936,pi,6.2800,4.7218,0.0576,0.0576
0.1985,pi,6.2800,4.7825,0.0568,0.0568
0.2036,pi,6.2800,4.8312,0.0562,0.0562
0.2087,pi,6.2800,4.8188,0.0568,0.0568
0.2131,pi,6.2800,4.8149,0.0573,0.0573
0.2182,pi,6.2800,4.7058,0.0598,0.0598
0.2232,pi,6.2800,4.6192,0.0619,0.0619
0.2282,pi,6.2800,4.5636,0.0635,0.0635
0.2332,pi,6.2800,4.5194,0.0648,0.0648
0.2382,pi,6.2800,4.4386,0.0668,0.0668
0.2432,pi,6.2800,4.4194,0.0677,0.0677
0.2482,pi,6.2800,4.4043,0.0684,0.0684
0.2533,pi,6.2800,4.3459,0.0701,0.0701
0.2583,pi,6.2800,4.2994,0.0715,0.0715
0.2633,pi,6.2800,4.2937,0.0721,0.0721
0.2682,pi,6.2800,4.3029,0.0724,0.0724
0.2733,pi,6.2800,4.2964,0.0730,0.0730
0.2782,pi,6.2800,4.2913,0.0736,0.0736
0.2833,pi,6.2800,4.2860,0.0742,0.0742
0.2882,pi,6.2800,4.3329,0.0738,0.0738
0.2933,pi,6.2800,4.3193,0.0745,0.0745
0.2982,pi,6.2800,4.3098,0.0752,0.0752
0.3032,pi,6.2800,4.3160,0.0756,0.0756
0.3083,pi,6.2800,4.3211,0.0760,0.0760
0.3133,pi,6.2800,4.3112,0.0767,0.0767
0.3182,pi,6.2800,4.3172,0.0770,0.0770
0.3233,pi,6.2800,4.2761,0.0784,0.0784
0.3282,pi,6.2800,4.2894,0.0786,0.0786
0.3332,pi,6.2800,4.2997,0.0789,0.0789
0.3383,pi,6.2800,4.2941,0.0795,0.0795
0.3432,pi,6.2800,4.3034,0.0798,0.0798
0.3482,pi,6.2800,4.3578,0.0792,0.0792
0.3533,pi,6.2800,4.3405,0.0800,0.0800
0.3583,pi,6.2800,4.3771,0.0798,0.0798
0.3632,pi,6.2800,4.4064,0.0797,0.0797
0.3684,pi,6.2800,4.4295,0.0797,0.0797
0.3732,pi,6.2800,4.4984,0.0788,0.0788
0.3782,pi,6.2800,4.5584,0.0780,0.0780
0.3833,pi,6.2800,4.6016,0.0776,0.0776
0.3882,pi,6.2800,4.5953,0.0781,0.0781
0.3933,pi,6.2800,4.5809,0.0788,0.0788
0.3985,pi,6.2800,4.5686,0.0795,0.0795
0.4039,pi,6.2800,4.6095,0.0791,0.0791
0.4085,pi,6.2800,4.6424,0.0789,0.0789
0.4132,pi,6.2800,4.6686,0.0788,0.0788
0.4182,pi,6.2800,4.6945,0.0786,0.0786
0.4232,pi,6.2800,4.7157,0.0786,0.0786
0.4282,pi,6.2800,4.7325,0.0787,0.0787
0.4332,pi,6.2800,4.7455,0.0788,0.0788
0.4383,pi,6.2800,4.8016,0.0781,0.0781
0.4432,pi,6.2800,4.8465,0.0775,0.0775
0.4482,pi,6.2800,4.8369,0.0781,0.0781
0.4533,pi,6.2800,4.8298,0.0786,0.0786
0.4583,pi,6.2800,4.8238,0.0791,0.0791
0.4633,pi,6.2800,4.8190,0.0795,0.0795
0.4684,pi,6.2800,4.8097,0.0801,0.0801
0.4732,pi,6.2800,4.8027,0.0806,0.0806
0.4783,pi,6.2800,4.7971,0.0811,0.0811
0.4832,pi,6.2800,4.7971,0.0814,0.0814
0.4883,pi,6.2800,4.7974,0.0818,0.0818
0.4933,pi,6.2800,4.7930,0.0823,0.0823
0.4982,pi,6.2800,4.7941,0.0826,0.0826
0.5032,pi,6.2800,4.8408,0.0821,0.0821
0.5082,pi,6.2800,4.8781,0.0817,0.0817
0.5132,pi,6.2800,4.9082,0.0814,0.0814
0.5182,pi,6.2800,4.9322,0.0813,0.0813
0.5232,pi,6.2800,4.9518,0.0812,0.0812
0.5282,pi,6.2800,4.9671,0.0812,0.0812
0.5333,pi,6.2800,4.9788,0.0813,0.0813
0.5384,pi,6.2800,4.9376,0.0825,0.0825
0.5433,pi,6.2800,4.9049,0.0835,0.0835
0.5483,pi,6.2800,4.9288,0.0833,0.0833
0.5532,pi,6.2800,4.8980,0.0843,0.0843
0.5583,pi,6.2800,4.8732,0.0851,0.0851
0.5633,pi,6.2800,4.8532,0.0859,0.0859
0.5683,pi,6.2800,4.8371,0.0866,0.0866
0.5733,pi,6.2800,4.8243,0.0872,0.0872
0.5783,pi,6.2800,4.8142,0.0878,0.0878
0.5832,pi,6.2800,4.8106,0.0882,0.0882
0.5883,pi,6.2800,4.8082,0.0886,0.0886
0.5932,pi,6.2800,4.8521,0.0881,0.0881
0.5983,pi,6.2800,4.9329,0.0868,0.0868
0.6033,pi,6.2800,5.0017,0.0858,0.0858
0.6087,pi,6.2800,5.0568,0.0850,0.0850
0.6134,pi,6.2800,5.1008,0.0844,0.0844
0.6182,pi,6.2800,5.1317,0.0841,0.0841
0.6235,pi,6.2800,5.1609,0.0838,0.0838
0.6283,pi,6.2800,5.1840,0.0836,0.0836
0.6332,pi,6.2800,5.1981,0.0836,0.0836
0.6385,pi,6.2800,5.2136,0.0836,0.0836
0.6433,pi,6.2800,5.2260,0.0836,0.0836
0.6487,pi,6.2800,5.1857,0.0847,0.0847
0.6539,pi,6.2800,5.1532,0.0856,0.0856
0.6584,pi,6.2800,5.1778,0.0854,0.0854
0.6633,pi,6.2800,5.1472,0.0863,0.0863
0.6682,pi,6.2800,5.1690,0.0861,0.0861
0.6734,pi,6.2800,5.1907,0.0860,0.0860
0.6782,pi,6.2800,5.2039,0.0860,0.0860
0.6833,pi,6.2800,5.2145,0.0860,0.0860
0.6883,pi,6.2800,5.2223,0.0862,0.0862
0.6932,pi,6.2800,5.2292,0.0863,0.0863
0.6984,pi,6.2800,5.2348,0.0864,0.0864
0.7032,pi,6.2800,5.2392,0.0866,0.0866
0.7082,pi,6.2800,5.2430,0.0868,0.0868
0.7133,pi,6.2800,5.1998,0.0879,0.0879
0.7191,pi,6.2800,5.1649,0.0889,0.0889
0.7242,pi,6.2800,5.1824,0.0888,0.0888
0.7292,pi,6.2800,5.2009,0.0887,0.0887
0.7348,pi,6.2800,5.2154,0.0887,0.0887
0.7388,pi,6.2800,5.2229,0.0888,0.0888
0.7433,pi,6.2800,5.2336,0.0889,0.0889
0.7482,pi,6.2800,5.2378,0.0890,0.0890
0.7533,pi,6.2800,5.2414,0.0892,0.0892
0.7585,pi,6.2800,5.2482,0.0893,0.0893
0.7632,pi,6.2800,5.2951,0.0887,0.0887
0.7683,pi,6.2800,5.3331,0.0882,0.0882
0.7732,pi,6.2800,5.3634,0.0878,0.0878
0.7784,pi,6.2800,5.3424,0.0884,0.0884
0.7833,pi,6.2800,5.3250,0.0890,0.0890
0.7884,pi,6.2800,5.3118,0.0895,0.0895
0.7933,pi,6.2800,5.3006,0.0900,0.0900
0.7987,pi,6.2800,5.2957,0.0903,0.0903
0.8038,pi,6.2800,5.3419,0.0896,0.0896
0.8086,pi,6.2800,5.3700,0.0893,0.0893
0.8132,pi,6.2800,5.3931,0.0891,0.0891
0.8182,pi,6.2800,5.3658,0.0899,0.0899
0.8232,pi,6.2800,5.3438,0.0905,0.0905
0.8283,pi,6.2800,5.3719,0.0902,0.0902
0.8332,pi,6.2800,5.4034,0.0898,0.0898
0.8384,pi,6.2800,5.4283,0.0895,0.0895
0.8432,pi,6.2800,5.4394,0.0895,0.0895
0.8484,pi,6.2800,5.4483,0.0895,0.0895
0.8533,pi,6.2800,5.4555,0.0896,0.0896
0.8582,pi,6.2800,5.4617,0.0897,0.0897
0.8632,pi,6.2800,5.4662,0.0898,0.0898
0.8684,pi,6.2800,5.4785,0.0898,0.0898
0.8732,pi,6.2800,5.4885,0.0898,0.0898
0.8784,pi,6.2800,5.4464,0.0908,0.0908
0.8832,pi,6.2800,5.4535,0.0909,0.0909
0.8882,pi,6.2800,5.4596,0.0909,0.0909
0.8933,pi,6.2800,5.4731,0.0909,0.0909
0.8984,pi,6.2800,5.4828,0.0909,0.0909
0.9032,pi,6.2800,5.4829,0.0911,0.0911
0.9082,pi,6.2800,5.5290,0.0904,0.0904
0.9132,pi,6.2800,5.5289,0.0906,0.0906
0.9183,pi,6.2800,5.5197,0.0909,0.0909
0.9233,pi,6.2800,5.5215,0.0911,0.0911
0.9283,pi,6.2800,5.5229,0.0912,0.0912
0.9332,pi,6.2800,5.5606,0.0907,0.0907
0.9383,pi,6.2800,5.5453,0.0912,0.0912
0.9432,pi,6.2800,5.5330,0.0916,0.0916
0.9484,pi,6.2800,5.5235,0.0920,0.0920
0.9534,pi,6.2800,5.5246,0.0921,0.0921
0.9583,pi,6.2800,5.4750,0.0933,0.0933
0.9632,pi,6.2800,5.4768,0.0935,0.0935
0.9682,pi,6.2800,5.4783,0.0937,0.0937
0.9732,pi,6.2800,5.4795,0.0938,0.0938
0.9782,pi,6.2800,5.4808,0.0940,0.0940
0.9832,pi,6.2800,5.5272,0.0933,0.0933
0.9882,pi,6.2800,5.5187,0.0936,0.0936
0.9932,pi,6.2800,5.5117,0.0940,0.0940
0.9983,pi,6.2800,5.5063,0.0943,0.0943
1.0033,pi,6.2800,5.5018,0.0945,0.0945
1.0083,pi,6.2800,5.5577,0.0936,0.0936
1.0132,pi,6.2800,5.5518,0.0939,0.0939
1.0182,pi,6.2800,5.5471,0.0942,0.0942
1.0233,pi,6.2800,5.5434,0.0945,0.0945
1.0282,pi,6.2800,5.5907,0.0937,0.0937
1.0332,pi,6.2800,5.5782,0.0941,0.0941
1.0383,pi,6.2800,5.5683,0.0945,0.0945
1.0433,pi,6.2800,5.5603,0.0948,0.0948
1.0482,pi,6.2800,5.6042,0.0941,0.0941
1.0532,pi,6.2800,5.6394,0.0936,0.0936
1.0582,pi,6.2800,5.6538,0.0935,0.0935
1.0633,pi,6.2800,5.6788,0.0931,0.0931
1.0682,pi,6.2800,5.6855,0.0931,0.0931
1.0732,pi,6.2800,5.7045,0.0929,0.0929
1.0782,pi,6.2800,5.7061,0.0930,0.0930
1.0832,pi,6.2800,5.7072,0.0931,0.0931
1.0882,pi,6.2800,5.7082,0.0933,0.0933
1.0934,pi,6.2800,5.7225,0.0931,0.0931
1.0983,pi,6.2800,5.7337,0.0930,0.0930
1.1035,pi,6.2800,5.7429,0.0930,0.0930
1.1082,pi,6.2800,5.7500,0.0930,0.0930
1.1132,pi,6.2800,5.7424,0.0933,0.0933
1.1183,pi,6.2800,5.6994,0.0943,0.0943
1.1232,pi,6.2800,5.7018,0.0944,0.0944
1.1286,pi,6.2800,5.7170,0.0942,0.0942
1.1335,pi,6.2800,5.7275,0.0941,0.0941
1.1383,pi,6.2800,5.7377,0.0941,0.0941
1.1432,pi,6.2800,5.7324,0.0943,0.0943
1.1489,pi,6.2800,5.6914,0.0953,0.0953
1.1540,pi,6.2800,5.6585,0.0961,0.0961
1.1581,pi,6.2800,5.6690,0.0960,0.0960
1.1632,pi,6.2800,5.6782,0.0960,0.0960
1.1682,pi,6.2800,5.6850,0.0960,0.0960
1.1732,pi,6.2800,5.7364,0.0951,0.0951
1.1784,pi,6.2800,5.7313,0.0954,0.0954
1.1832,pi,6.2800,5.7277,0.0956,0.0956
1.1882,pi,6.2800,5.6808,0.0966,0.0966
1.1932,pi,6.2800,5.6873,0.0967,0.0967
1.1990,pi,6.2800,5.6918,0.0967,0.0967
1.2047,pi,6.2800,5.7588,0.0955,0.0955
1.2089,pi,6.2800,5.7625,0.0956,0.0956
1.2140,pi,6.2800,5.7640,0.0957,0.0957
1.2190,pi,6.2800,5.7661,0.0958,0.0958
1.2257,pi,6.2800,5.7657,0.0959,0.0959
1.2322,pi,6.2800,5.7647,0.0961,0.0961
1.2375,pi,6.2800,5.7628,0.0962,0.0962
1.2433,pi,6.2800,5.8137,0.0953,0.0953
1.2486,pi,6.2800,5.8021,0.0957,0.0957
1.2530,pi,6.2800,5.7969,0.0959,0.0959
1.2582,pi,6.2800,5.8254,0.0955,0.0955
1.2629,pi,6.2800,5.8133,0.0958,0.0958
1.2697,pi,6.2800,5.8546,0.0951,0.0951
1.2765,pi,6.2800,5.8871,0.0946,0.0946
1.2814,pi,6.2800,5.8635,0.0951,0.0951
1.2870,pi,6.2800,5.8457,0.0956,0.0956
1.2928,pi,6.2800,5.8303,0.0960,0.0960
1.2975,pi,6.2800,5.7677,0.0974,0.0974
1.3020,pi,6.2800,5.6602,0.0996,0.0996
1.3071,pi,6.2800,5.6283,0.1004,0.1004
1.3125,pi,6.2800,5.5549,0.1021,0.1021
1.3192,pi,6.2800,5.4954,0.1034,0.1034
1.3253,pi,6.2800,5.3994,0.1056,0.1056
1.3301,pi,6.2800,5.3720,0.1063,0.1063
1.3354,pi,6.2800,5.3481,0.1070,0.1070
1.3401,pi,6.2800,5.3788,0.1067,0.1067
1.3460,pi,6.2800,5.4088,0.1063,0.1063
1.3502,pi,6.2800,5.4783,0.1051,0.1051
1.3545,pi,6.2800,5.5695,0.1035,0.1035
1.3596,pi,6.2800,5.6458,0.1021,0.1021
1.3650,pi,6.2800,5.7052,0.1011,0.1011
1.3719,pi,6.2800,5.7702,0.0999,0.0999
1.3780,pi,6.2800,5.7585,0.1003,0.1003
1.3830,pi,6.2800,5.7108,0.1014,0.1014
1.3896,pi,6.2800,5.7119,0.1015,0.1015
1.3940,pi,6.2800,5.6753,0.1024,0.1024
1.3989,pi,6.2800,5.6352,0.1033,0.1033
1.4044,pi,6.2800,5.6599,0.1030,0.1030
1.4101,pi,6.2800,5.6307,0.1038,0.1038
1.4174,pi,6.2800,5.6490,0.1036,0.1036
1.4238,pi,6.2800,5.6214,0.1043,0.1043
1.4288,pi,6.2800,5.6394,0.1041,0.1041
1.4337,pi,6.2800,5.7568,0.1019,0.1019
1.4385,pi,6.2800,5.8218,0.1007,0.1007
1.4428,pi,6.2800,5.8611,0.1000,0.1000
1.4470,pi,6.2800,5.9427,0.0985,0.0985
1.4514,pi,6.2800,6.0102,0.0972,0.0972
1.4555,pi,6.2800,5.9963,0.0976,0.0976
1.4599,pi,6.2800,5.9449,0.0987,0.0987
1.4639,pi,6.2800,5.8986,0.0997,0.0997
1.4680,pi,6.2800,5.8620,0.1005,0.1005
1.4719,pi,6.2800,5.8356,0.1012,0.1012
1.4760,pi,6.2800,5.8111,0.1018,0.1018
1.4801,pi,6.2800,5.7711,0.1027,0.1027
1.4842,pi,6.2800,5.7621,0.1030,0.1030
1.4882,pi,6.2800,5.7564,0.1032,0.1032
1.4923,pi,6.2800,5.7483,0.1035,0.1035
1.4963,pi,6.2800,5.7434,0.1037,0.1037
1.5006,pi,6.2800,5.7837,0.1031,0.1031
1.5047,pi,6.2800,5.8611,0.1017,0.1017
1.5087,pi,6.2800,5.9234,0.1005,0.1005
1.5129,pi,6.2800,5.9727,0.0996,0.0996
1.5169,pi,6.2800,5.9844,0.0995,0.0995
1.5210,pi,6.2800,5.9938,0.0993,0.0993
1.5250,pi,6.2800,6.0290,0.0987,0.0987
1.5292,pi,6.2800,6.0119,0.0991,0.0991
1.5334,pi,6.2800,6.0155,0.0991,0.0991
1.5383,pi,6.2800,6.0004,0.0995,0.0995
1.5433,pi,6.2800,6.0345,0.0989,0.0989
1.5483,pi,6.2800,6.0622,0.0984,0.0984
1.5533,pi,6.2800,6.0837,0.0980,0.0980
1.5587,pi,6.2800,6.1008,0.0977,0.0977
1.5633,pi,6.2800,6.0686,0.0984,0.0984
1.5683,pi,6.2800,6.0890,0.0980,0.0980
1.5734,pi,6.2800,6.0774,0.0983,0.0983
1.5783,pi,6.2800,6.1184,0.0975,0.0975
1.5832,pi,6.2800,6.1286,0.0974,0.0974
1.5883,pi,6.2800,6.0913,0.0982,0.0982
1.5934,pi,6.2800,6.0793,0.0985,0.0985
1.5983,pi,6.2800,6.0694,0.0987,0.0987
1.6033,pi,6.2800,6.0619,0.0989,0.0989
1.6088,pi,6.2800,6.0377,0.0994,0.0994
1.6134,pi,6.2800,6.0364,0.0995,0.0995
1.6188,pi,6.2800,6.0352,0.0996,0.0996
1.6233,pi,6.2800,6.0159,0.1001,0.1001
1.6283,pi,6.2800,6.0190,0.1001,0.1001
1.6333,pi,6.2800,6.0214,0.1001,0.1001
1.6383,pi,6.2800,6.0051,0.1005,0.1005
1.6433,pi,6.2800,6.0379,0.0999,0.0999
1.6483,pi,6.2800,6.0187,0.1003,0.1003
1.6533,pi,6.2800,5.9708,0.1014,0.1014
1.6588,pi,6.2800,5.9828,0.1012,0.1012
1.6636,pi,6.2800,5.9926,0.1011,0.1011
1.6682,pi,6.2800,6.0280,0.1004,0.1004
1.6734,pi,6.2800,6.0106,0.1008,0.1008
1.6783,pi,6.2800,6.0427,0.1003,0.1003
1.6833,pi,6.2800,6.0223,0.1007,0.1007
1.6883,pi,6.2800,6.0241,0.1008,0.1008
1.6936,pi,6.2800,6.0256,0.1008,0.1008
1.6984,pi,6.2800,6.0265,0.1008,0.1008
1.7032,pi,6.2800,6.0547,0.1003,0.1003
1.7083,pi,6.2800,6.0777,0.0999,0.0999
1.7133,pi,6.2800,6.0502,0.1005,0.1005
1.7183,pi,6.2800,6.0744,0.1001,0.1001
1.7234,pi,6.2800,6.0476,0.1007,0.1007
1.7283,pi,6.2800,6.0722,0.1003,0.1003
1.7333,pi,6.2800,6.0641,0.1005,0.1005
1.7384,pi,6.2800,6.0575,0.1007,0.1007
1.7433,pi,6.2800,6.0523,0.1008,0.1008
1.7483,pi,6.2800,6.0299,0.1013,0.1013
1.7533,pi,6.2800,6.0300,0.1014,0.1014
1.7589,pi,6.2800,6.0301,0.1015,0.1015
1.7634,pi,6.2800,6.0578,0.1010,0.1010
1.7684,pi,6.2800,6.0525,0.1011,0.1011
1.7732,pi,6.2800,6.0757,0.1007,0.1007
1.7783,pi,6.2800,6.0669,0.1009,0.1009
1.7833,pi,6.2800,6.0598,0.1011,0.1011
1.7882,pi,6.2800,6.0816,0.1008,0.1008
1.7934,pi,6.2800,6.0992,0.1005,0.1005
1.7983,pi,6.2800,6.0856,0.1008,0.1008
1.8033,pi,6.2800,6.1021,0.1005,0.1005
1.8089,pi,6.2800,6.0877,0.1008,0.1008
1.8138,pi,6.2800,6.0763,0.1011,0.1011
1.8185,pi,6.2800,6.0664,0.1013,0.1013
1.8233,pi,6.2800,6.0091,0.1025,0.1025
1.8284,pi,6.2800,6.0136,0.1025,0.1025
1.8334,pi,6.2800,6.0168,0.1025,0.1025
1.8384,pi,6.2800,6.0197,0.1025,0.1025
1.8434,pi,6.2800,6.0218,0.1026,0.1026
1.8483,pi,6.2800,6.0512,0.1020,0.1020
1.8534,pi,6.2800,6.0472,0.1022,0.1022
1.8589,pi,6.2800,6.0259,0.1027,0.1027
1.8636,pi,6.2800,5.9757,0.1037,0.1037
1.8691,pi,6.2800,5.8853,0.1056,0.1056
1.8750,pi,6.2800,5.8643,0.1061,0.1061
1.8804,pi,6.2800,5.6956,0.1096,0.1096
1.8847,pi,6.2800,5.6071,0.1115,0.1115
1.8887,pi,6.2800,5.5375,0.1131,0.1131
1.8932,pi,6.2800,5.4811,0.1144,0.1144
1.8982,pi,6.2800,5.4361,0.1155,0.1155
1.9033,pi,6.2800,5.4000,0.1164,0.1164
1.9082,pi,6.2800,5.4169,0.1163,0.1163
1.9133,pi,6.2800,5.4303,0.1163,0.1163
1.9183,pi,6.2800,5.4875,0.1153,0.1153
1.9232,pi,6.2800,5.6254,0.1128,0.1128
1.9283,pi,6.2800,5.6891,0.1117,0.1117
1.9333,pi,6.2800,5.8776,0.1080,0.1080
1.9383,pi,6.2800,6.0592,0.1045,0.1045
1.9433,pi,6.2800,6.1542,0.1027,0.1027
1.9482,pi,6.2800,6.2485,0.1008,0.1008
1.9533,pi,6.2800,6.3242,0.0993,0.0993
1.9583,pi,6.2800,6.3846,0.0981,0.0981
1.9635,pi,6.2800,6.3872,0.0980,0.0980
1.9689,pi,6.2800,6.4151,0.0974,0.0974
1.9745,pi,6.2800,6.4350,0.0970,0.0970
1.9801,pi,6.2800,6.4525,0.0966,0.0966
1.9852,pi,6.2800,6.3667,0.0983,0.0983
1.9900,pi,6.2800,6.3495,0.0986,0.0986
1.9948,pi,6.2800,6.3353,0.0989,0.0989
2.0001,pi,6.2800,6.2216,0.1011,0.1011
2.0062,pi,6.2800,6.0758,0.1040,0.1040
2.0112,pi,6.2800,5.9638,0.1063,0.1063
2.0157,pi,6.2800,5.9273,0.1071,0.1071
2.0204,pi,6.2800,5.8833,0.1081,0.1081
2.0249,pi,6.2800,5.8503,0.1089,0.1089
2.0294,pi,6.2800,5.6884,0.1122,0.1122
2.0339,pi,6.2800,5.6559,0.1130,0.1130
2.0385,pi,6.2800,5.6681,0.1129,0.1129
2.0434,pi,6.2800,5.5857,0.1147,0.1147
2.0484,pi,6.2800,5.5659,0.1153,0.1153
2.0534,pi,6.2800,5.6424,0.1139,0.1139
2.0584,pi,6.2800,5.7521,0.1119,0.1119
2.0633,pi,6.2800,5.8388,0.1103,0.1103
2.0684,pi,6.2800,5.8595,0.1100,0.1100
2.0734,pi,6.2800,5.9220,0.1089,0.1089
2.0784,pi,6.2800,5.9718,0.1080,0.1080
2.0837,pi,6.2800,6.1031,0.1054,0.1054
2.0904,pi,6.2800,6.1702,0.1041,0.1041
2.0962,pi,6.2800,6.2602,0.1023,0.1023
2.1027,pi,6.2800,6.3250,0.1011,0.1011
2.1090,pi,6.2800,6.3311,0.1009,0.1009
2.1151,pi,6.2800,6.3457,0.1006,0.1006
2.1205,pi,6.2800,6.2824,0.1019,0.1019
2.1251,pi,6.2800,6.2314,0.1029,0.1029
2.1298,pi,6.2800,6.1912,0.1037,0.1037
2.1342,pi,6.2800,6.1088,0.1054,0.1054
2.1389,pi,6.2800,6.0933,0.1057,0.1057
2.1442,pi,6.2800,6.0625,0.1064,0.1064
2.1487,pi,6.2800,6.0625,0.1064,0.1064
2.1535,pi,6.2800,6.0211,0.1073,0.1073
2.1579,pi,6.2800,5.9935,0.1079,0.1079
2.1621,pi,6.2800,5.9626,0.1086,0.1086
2.1660,pi,6.2800,5.9599,0.1088,0.1088
2.1700,pi,6.2800,6.0026,0.1080,0.1080
2.1742,pi,6.2800,6.0825,0.1065,0.1065
2.1782,pi,6.2800,6.1460,0.1052,0.1052
2.1832,pi,6.2800,6.1967,0.1043,0.1043
2.1886,pi,6.2800,6.1914,0.1044,0.1044
2.1937,pi,6.2800,6.2329,0.1036,0.1036
2.1988,pi,6.2800,6.2933,0.1024,0.1024
2.2039,pi,6.2800,6.3143,0.1020,0.1020
2.2082,pi,6.2800,6.3316,0.1016,0.1016
2.2132,pi,6.2800,6.3469,0.1013,0.1013
2.2182,pi,6.2800,6.3585,0.1010,0.1010
2.2233,pi,6.2800,6.3434,0.1013,0.1013
2.2282,pi,6.2800,6.3548,0.1011,0.1011
2.2332,pi,6.2800,6.3177,0.1018,0.1018
2.2383,pi,6.2800,6.3337,0.1015,0.1015
2.2433,pi,6.2800,6.3463,0.1012,0.1012
2.2482,pi,6.2800,6.3570,0.1010,0.1010
2.2533,pi,6.2800,6.3206,0.1017,0.1017
2.2582,pi,6.2800,6.3368,0.1013,0.1013
2.2633,pi,6.2800,6.3261,0.1016,0.1016
2.2682,pi,6.2800,6.2669,0.1027,0.1027
2.2732,pi,6.2800,6.2472,0.1031,0.1031
2.2782,pi,6.2800,6.2779,0.1025,0.1025
2.2833,pi,6.2800,6.2790,0.1025,0.1025
2.2883,pi,6.2800,6.2294,0.1035,0.1035
2.2932,pi,6.2800,6.2174,0.1037,0.1037
2.2984,pi,6.2800,6.1799,0.1045,0.1045
2.3033,pi,6.2800,6.2003,0.1041,0.1041
2.3083,pi,6.2800,6.1665,0.1048,0.1048
2.3136,pi,6.2800,6.1894,0.1044,0.1044
2.3182,pi,6.2800,6.2079,0.1040,0.1040
2.3232,pi,6.2800,6.2459,0.1033,0.1033
2.3295,pi,6.2800,6.2017,0.1042,0.1042
2.3345,pi,6.2800,6.2163,0.1039,0.1039
2.3386,pi,6.2800,6.2285,0.1037,0.1037
2.3440,pi,6.2800,6.2378,0.1035,0.1035
2.3487,pi,6.2800,6.2448,0.1034,0.1034
2.3549,pi,6.2800,6.2493,0.1033,0.1033
2.3615,pi,6.2800,6.2490,0.1033,0.1033
2.3668,pi,6.2800,6.2527,0.1033,0.1033
2.3719,pi,6.2800,6.2812,0.1027,0.1027
2.3768,pi,6.2800,6.2801,0.1027,0.1027
2.3808,pi,6.2800,6.2805,0.1027,0.1027
2.3847,pi,6.2800,6.3044,0.1022,0.1022
2.3888,pi,6.2800,6.2786,0.1027,0.1027
2.3933,pi,6.2800,6.3033,0.1022,0.1022
2.3982,pi,6.2800,6.2776,0.1028,0.1028
2.4032,pi,6.2800,6.3037,0.1022,0.1022
2.4082,pi,6.2800,6.2799,0.1027,0.1027
2.4132,pi,6.2800,6.3101,0.1021,0.1021
2.4182,pi,6.2800,6.2849,0.1026,0.1026
2.4232,pi,6.2800,6.2910,0.1025,0.1025
2.4282,pi,6.2800,6.2682,0.1029,0.1029
2.4333,pi,6.2800,6.2208,0.1039,0.1039
2.4382,pi,6.2800,6.2103,0.1041,0.1041
2.4433,pi,6.2800,6.2022,0.1043,0.1043
2.4482,pi,6.2800,6.1958,0.1044,0.1044
2.4533,pi,6.2800,6.1628,0.1051,0.1051
2.4582,pi,6.2800,6.1868,0.1047,0.1047
2.4633,pi,6.2800,6.1556,0.1053,0.1053
2.4682,pi,6.2800,6.1811,0.1048,0.1048
2.4733,pi,6.2800,6.1510,0.1055,0.1055
2.4784,pi,6.2800,6.1772,0.1050,0.1050
2.4834,pi,6.2800,6.1968,0.1046,0.1046
2.4882,pi,6.2800,6.2138,0.1043,0.1043
2.4933,pi,6.2800,6.2276,0.1040,0.1040
2.4983,pi,6.2800,6.2387,0.1038,0.1038
2.5032,pi,6.2800,6.2247,0.1041,0.1041
2.5082,pi,6.2800,6.2594,0.1034,0.1034
2.5132,pi,6.2800,6.2413,0.1038,0.1038
2.5182,pi,6.2800,6.2727,0.1032,0.1032
2.5233,pi,6.2800,6.2520,0.1036,0.1036
2.5282,pi,6.2800,6.2814,0.1030,0.1030
2.5333,pi,6.2800,6.2589,0.1034,0.1034
2.5383,pi,6.2800,6.2884,0.1029,0.1029
2.5434,pi,6.2800,6.2871,0.1029,0.1029
2.5482,pi,6.2800,6.2863,0.1029,0.1029
2.5532,pi,6.2800,6.2628,0.1034,0.1034
2.5583,pi,6.2800,6.2669,0.1033,0.1033
2.5632,pi,6.2800,6.2930,0.1028,0.1028
2.5683,pi,6.2800,6.2910,0.1028,0.1028
2.5733,pi,6.2800,6.2894,0.1028,0.1028
2.5782,pi,6.2800,6.3112,0.1024,0.1024
2.5833,pi,6.2800,6.2828,0.1030,0.1030
2.5883,pi,6.2800,6.2828,0.1030,0.1030
2.5932,pi,6.2800,6.2599,0.1034,0.1034
2.5982,pi,6.2800,6.2879,0.1029,0.1029
2.6033,pi,6.2800,6.2642,0.1033,0.1033
2.6083,pi,6.2800,6.2679,0.1033,0.1033
2.6133,pi,6.2800,6.2206,0.1042,0.1042
2.6183,pi,6.2800,6.1827,0.1050,0.1050
2.6232,pi,6.2800,6.2028,0.1046,0.1046
2.6285,pi,6.2800,6.1674,0.1053,0.1053
2.6332,pi,6.2800,6.1899,0.1049,0.1049
2.6383,pi,6.2800,6.1583,0.1056,0.1056
2.6432,pi,6.2800,6.1607,0.1056,0.1056
2.6482,pi,6.2800,6.1628,0.1055,0.1055
2.6532,pi,6.2800,6.1641,0.1055,0.1055
2.6583,pi,6.2800,6.1370,0.1061,0.1061
2.6632,pi,6.2800,6.1434,0.1060,0.1060
2.6684,pi,6.2800,6.1713,0.1055,0.1055
2.6733,pi,6.2800,6.1936,0.1051,0.1051
2.6782,pi,6.2800,6.1888,0.1052,0.1052
2.6833,pi,6.2800,6.2313,0.1044,0.1044
2.6883,pi,6.2800,6.2193,0.1046,0.1046
2.6933,pi,6.2800,6.2318,0.1044,0.1044
2.6983,pi,6.2800,6.2414,0.1042,0.1042
2.7032,pi,6.2800,6.2496,0.1041,0.1041
2.7083,pi,6.2800,6.2333,0.1044,0.1044
2.7132,pi,6.2800,6.2667,0.1037,0.1037
2.7183,pi,6.2800,6.2471,0.1041,0.1041
2.7232,pi,6.2800,6.2773,0.1035,0.1035
2.7283,pi,6.2800,6.3017,0.1030,0.1030
2.7332,pi,6.2800,6.3209,0.1027,0.1027
2.7383,pi,6.2800,6.3133,0.1028,0.1028
2.7432,pi,6.2800,6.3301,0.1024,0.1024
2.7483,pi,6.2800,6.2978,0.1031,0.1031
2.7533,pi,6.2800,6.2948,0.1031,0.1031
2.7582,pi,6.2800,6.2696,0.1036,0.1036
2.7632,pi,6.2800,6.2953,0.1031,0.1031
2.7682,pi,6.2800,6.2699,0.1036,0.1036
2.7732,pi,6.2800,6.2955,0.1031,0.1031
2.7783,pi,6.2800,6.2428,0.1042,0.1042
2.7832,pi,6.2800,6.2278,0.1045,0.1045
2.7882,pi,6.2800,6.2161,0.1047,0.1047
2.7932,pi,6.2800,6.2524,0.1040,0.1040
2.7982,pi,6.2800,6.2357,0.1044,0.1044
2.8032,pi,6.2800,6.2682,0.1037,0.1037
2.8082,pi,6.2800,6.2484,0.1041,0.1041
2.8133,pi,6.2800,6.2554,0.1040,0.1040
2.8182,pi,6.2800,6.2380,0.1043,0.1043
2.8234,pi,6.2800,6.1966,0.1052,0.1052
2.8283,pi,6.2800,6.2138,0.1049,0.1049
2.8332,pi,6.2800,6.2275,0.1046,0.1046
2.8383,pi,6.2800,6.2386,0.1044,0.1044
2.8433,pi,6.2800,6.1969,0.1052,0.1052
2.8482,pi,6.2800,6.1914,0.1054,0.1054
2.8532,pi,6.2800,6.2327,0.1046,0.1046
2.8583,pi,6.2800,6.2427,0.1044,0.1044
2.8632,pi,6.2800,6.2005,0.1052,0.1052
2.8684,pi,6.2800,6.2164,0.1049,0.1049
2.8732,pi,6.2800,6.2526,0.1042,0.1042
2.8782,pi,6.2800,6.2819,0.1036,0.1036
2.8832,pi,6.2800,6.3051,0.1032,0.1032
2.8882,pi,6.2800,6.2782,0.1037,0.1037
2.8932,pi,6.2800,6.3024,0.1032,0.1032
2.8983,pi,6.2800,6.2982,0.1033,0.1033
2.9033,pi,6.2800,6.2447,0.1044,0.1044
2.9082,pi,6.2800,6.2523,0.1042,0.1042
2.9132,pi,6.2800,6.2813,0.1037,0.1037
2.9182,pi,6.2800,6.3045,0.1032,0.1032
2.9233,pi,6.2800,6.2498,0.1043,0.1043
2.9283,pi,6.2800,6.2562,0.1042,0.1042
2.9332,pi,6.2800,6.2613,0.1041,0.1041
2.9383,pi,6.2800,6.2653,0.1040,0.1040
2.9433,pi,6.2800,6.2181,0.1049,0.1049
2.9484,pi,6.2800,6.2308,0.1047,0.1047
2.9535,pi,6.2800,6.2912,0.1035,0.1035
2.9582,pi,6.2800,6.2896,0.1035,0.1035
2.9633,pi,6.2800,6.2379,0.1046,0.1046
2.9682,pi,6.2800,6.2242,0.1048,0.1048
2.9732,pi,6.2800,6.2590,0.1042,0.1042
2.9782,pi,6.2800,6.2869,0.1036,0.1036
2.9833,pi,6.2800,6.2358,0.1046,0.1046
2.9882,pi,6.2800,6.2226,0.1049,0.1049
2.9933,pi,6.2800,6.2119,0.1051,0.1051
2.9982,pi,6.2800,6.2491,0.1044,0.1044
3.0032,pi,6.2800,6.2335,0.1047,0.1047
3.0082,pi,6.2800,6.2210,0.1050,0.1050
3.0133,pi,6.2800,6.2334,0.1048,0.1048
3.0182,pi,6.2800,6.2664,0.1041,0.1041
3.0233,pi,6.2800,6.2193,0.1051,0.1051
3.0282,pi,6.2800,6.2094,0.1053,0.1053
3.0333,pi,6.2800,6.2745,0.1040,0.1040
3.0383,pi,6.2800,6.2756,0.1040,0.1040
3.0433,pi,6.2800,6.2770,0.1039,0.1039
3.0483,pi,6.2800,6.2779,0.1039,0.1039
3.0532,pi,6.2800,6.3017,0.1034,0.1034
3.0583,pi,6.2800,6.3210,0.1030,0.1030
3.0632,pi,6.2800,6.2904,0.1036,0.1036
3.0683,pi,6.2800,6.2889,0.1037,0.1037
3.0732,pi,6.2800,6.2648,0.1042,0.1042
3.0783,pi,6.2800,6.2685,0.1041,0.1041
3.0832,pi,6.2800,6.2482,0.1045,0.1045
3.0882,pi,6.2800,6.2325,0.1048,0.1048
3.0933,pi,6.2800,6.2203,0.1051,0.1051
3.0982,pi,6.2800,6.2559,0.1044,0.1044
3.1034,pi,6.2800,6.2101,0.1053,0.1053
3.1086,pi,6.2800,6.2239,0.1050,0.1050
3.1136,pi,6.2800,6.2348,0.1048,0.1048
3.1184,pi,6.2800,6.2440,0.1047,0.1047
3.1232,pi,6.2800,6.2516,0.1045,0.1045
3.1282,pi,6.2800,6.2809,0.1039,0.1039
3.1333,pi,6.2800,6.2583,0.1044,0.1044
3.1383,pi,6.2800,6.2632,0.1043,0.1043
3.1435,pi,6.2800,6.2669,0.1042,0.1042
3.1490,pi,6.2800,6.2697,0.1042,0.1042
3.1536,pi,6.2800,6.2491,0.1046,0.1046
3.1582,pi,6.2800,6.2792,0.1040,0.1040
3.1636,pi,6.2800,6.2573,0.1044,0.1044
3.1691,pi,6.2800,6.2622,0.1043,0.1043
3.1736,pi,6.2800,6.2655,0.1043,0.1043
3.1788,pi,6.2800,6.2677,0.1042,0.1042
3.1839,pi,6.2800,6.2696,0.1042,0.1042
3.1884,pi,6.2800,6.2716,0.1042,0.1042
3.1936,pi,6.2800,6.2732,0.1041,0.1041
3.1988,pi,6.2800,6.2748,0.1041,0.1041
3.2039,pi,6.2800,6.2759,0.1041,0.1041
3.2091,pi,6.2800,6.2751,0.1041,0.1041
3.2138,pi,6.2800,6.3261,0.1031,0.1031
3.2185,pi,6.2800,6.3173,0.1033,0.1033
3.2233,pi,6.2800,6.2881,0.1038,0.1038
3.2282,pi,6.2800,6.3113,0.1034,0.1034
3.2333,pi,6.2800,6.2839,0.1039,0.1039
3.2383,pi,6.2800,6.3075,0.1034,0.1034
3.2433,pi,6.2800,6.2805,0.1040,0.1040
3.2483,pi,6.2800,6.3047,0.1035,0.1035
3.2535,pi,6.2800,6.2779,0.1040,0.1040
3.2582,pi,6.2800,6.3025,0.1035,0.1035
3.2632,pi,6.2800,6.2780,0.1040,0.1040
3.2682,pi,6.2800,6.2571,0.1044,0.1044
3.2733,pi,6.2800,6.2401,0.1048,0.1048
3.2783,pi,6.2800,6.2485,0.1046,0.1046
3.2832,pi,6.2800,6.2552,0.1045,0.1045
3.2882,pi,6.2800,6.2837,0.1039,0.1039
3.2933,pi,6.2800,6.2610,0.1044,0.1044
3.2983,pi,6.2800,6.2882,0.1038,0.1038
3.3035,pi,6.2800,6.2863,0.1039,0.1039
3.3083,pi,6.2800,6.2855,0.1039,0.1039
3.3133,pi,6.2800,6.2847,0.1039,0.1039
3.3182,pi,6.2800,6.2843,0.1039,0.1039
3.3232,pi,6.2800,6.2611,0.1044,0.1044
3.3282,pi,6.2800,6.2886,0.1038,0.1038
3.3333,pi,6.2800,6.2645,0.1043,0.1043
3.3383,pi,6.2800,6.2679,0.1042,0.1042
3.3433,pi,6.2800,6.2708,0.1042,0.1042
3.3482,pi,6.2800,6.2961,0.1037,0.1037
3.3532,pi,6.2800,6.2710,0.1042,0.1042
3.3582,pi,6.2800,6.2974,0.1036,0.1036
3.3633,pi,6.2800,6.2720,0.1042,0.1042
3.3683,pi,6.2800,6.2975,0.1036,0.1036
3.3733,pi,6.2800,6.2945,0.1037,0.1037
3.3784,pi,6.2800,6.2916,0.1038,0.1038
3.3833,pi,6.2800,6.2897,0.1038,0.1038
3.3881,pi,6.2800,6.3115,0.1034,0.1034
3.3936,pi,6.2800,6.3050,0.1035,0.1035
3.3982,pi,6.2800,6.3006,0.1036,0.1036
3.4037,pi,6.2800,6.2962,0.1036,0.1036
3.4085,pi,6.2800,6.2428,0.1047,0.1047
3.4136,pi,6.2800,6.2507,0.1046,0.1046
3.4186,pi,6.2800,6.2067,0.1054,0.1054
3.4232,pi,6.2800,6.2218,0.1052,0.1052
3.4282,pi,6.2800,6.2116,0.1054,0.1054
3.4333,pi,6.2800,6.2035,0.1056,0.1056
3.4384,pi,6.2800,6.1688,0.1063,0.1063
3.4432,pi,6.2800,6.1684,0.1063,0.1063
3.4483,pi,6.2800,6.1411,0.1069,0.1069
3.4532,pi,6.2800,6.1466,0.1068,0.1068
3.4583,pi,6.2800,6.1516,0.1067,0.1067
3.4632,pi,6.2800,6.2013,0.1058,0.1058
3.4683,pi,6.2800,6.1950,0.1059,0.1059
3.4733,pi,6.2800,6.2357,0.1051,0.1051
3.4782,pi,6.2800,6.2228,0.1054,0.1054
3.4833,pi,6.2800,6.2349,0.1052,0.1052
3.4883,pi,6.2800,6.2438,0.1050,0.1050
3.4933,pi,6.2800,6.2744,0.1044,0.1044
3.4984,pi,6.2800,6.2762,0.1044,0.1044
3.5032,pi,6.2800,6.2775,0.1043,0.1043
3.5082,pi,6.2800,6.2559,0.1048,0.1048
3.5133,pi,6.2800,6.2612,0.1047,0.1047
3.5182,pi,6.2800,6.2884,0.1041,0.1041
3.5233,pi,6.2800,6.2872,0.1042,0.1042
3.5283,pi,6.2800,6.3365,0.1032,0.1032
3.5333,pi,6.2800,6.3256,0.1034,0.1034
3.5382,pi,6.2800,6.3399,0.1031,0.1031
3.5434,pi,6.2800,6.3283,0.1033,0.1033
3.5483,pi,6.2800,6.3191,0.1035,0.1035
3.5532,pi,6.2800,6.3348,0.1031,0.1031
3.5582,pi,6.2800,6.3017,0.1038,0.1038
3.5633,pi,6.2800,6.2980,0.1039,0.1039
3.5683,pi,6.2800,6.2724,0.1044,0.1044
3.5732,pi,6.2800,6.2517,0.1048,0.1048
3.5783,pi,6.2800,6.2078,0.1057,0.1057
3.5832,pi,6.2800,6.2001,0.1058,0.1058
3.5883,pi,6.2800,6.1940,0.1060,0.1060
3.5932,pi,6.2800,6.1892,0.1061,0.1061
3.5983,pi,6.2800,6.1851,0.1062,0.1062
3.6032,pi,6.2800,6.2277,0.1054,0.1054
3.6084,pi,6.2800,6.2388,0.1052,0.1052
3.6132,pi,6.2800,6.2706,0.1045,0.1045
3.6183,pi,6.2800,6.2730,0.1045,0.1045
3.6232,pi,6.2800,6.2978,0.1040,0.1040
3.6283,pi,6.2800,6.2723,0.1045,0.1045
3.6332,pi,6.2800,6.2240,0.1055,0.1055
3.6382,pi,6.2800,6.2129,0.1057,0.1057
3.6434,pi,6.2800,6.2499,0.1050,0.1050
3.6483,pi,6.2800,6.2565,0.1049,0.1049
3.6533,pi,6.2800,6.2115,0.1058,0.1058
3.6582,pi,6.2800,6.2029,0.1060,0.1060
3.6634,pi,6.2800,6.2189,0.1057,0.1057
3.6682,pi,6.2800,6.2090,0.1059,0.1059
3.6733,pi,6.2800,6.1735,0.1066,0.1066
3.6783,pi,6.2800,6.1954,0.1062,0.1062
3.6832,pi,6.2800,6.2632,0.1048,0.1048
3.6884,pi,6.2800,6.2668,0.1048,0.1048
3.6934,pi,6.2800,6.2196,0.1057,0.1057
3.6984,pi,6.2800,6.2322,0.1055,0.1055
3.7035,pi,6.2800,6.2915,0.1043,0.1043
3.7082,pi,6.2800,6.2898,0.1043,0.1043
3.7133,pi,6.2800,6.2381,0.1054,0.1054
3.7182,pi,6.2800,6.2470,0.1052,0.1052
3.7232,pi,6.2800,6.2315,0.1055,0.1055
3.7282,pi,6.2800,6.2649,0.1049,0.1049
3.7334,pi,6.2800,6.2172,0.1058,0.1058
3.7382,pi,6.2800,6.2077,0.1060,0.1060
3.7433,pi,6.2800,6.2003,0.1062,0.1062
3.7482,pi,6.2800,6.2399,0.1054,0.1054
3.7534,pi,6.2800,6.2260,0.1057,0.1057
3.7582,pi,6.2800,6.2165,0.1059,0.1059
3.7633,pi,6.2800,6.2072,0.1061,0.1061
3.7682,pi,6.2800,6.2455,0.1054,0.1054
3.7733,pi,6.2800,6.2530,0.1052,0.1052
3.7782,pi,6.2800,6.2821,0.1047,0.1047
3.7833,pi,6.2800,6.2593,0.1051,0.1051
3.7882,pi,6.2800,6.2879,0.1045,0.1045
3.7933,pi,6.2800,6.2643,0.1050,0.1050
3.7982,pi,6.2800,6.2910,0.1045,0.1045
3.8032,pi,6.2800,6.2667,0.1050,0.1050
3.8082,pi,6.2800,6.2699,0.1049,0.1049
3.8133,pi,6.2800,6.2725,0.1049,0.1049
3.8183,pi,6.2800,6.2745,0.1048,0.1048
3.8232,pi,6.2800,6.2534,0.1052,0.1052
3.8283,pi,6.2800,6.2592,0.1051,0.1051
3.8333,pi,6.2800,6.2636,0.1051,0.1051
3.8382,pi,6.2800,6.2673,0.1050,0.1050
3.8432,pi,6.2800,6.2704,0.1049,0.1049
3.8482,pi,6.2800,6.2958,0.1044,0.1044
3.8533,pi,6.2800,6.2932,0.1045,0.1045
3.8582,pi,6.2800,6.2912,0.1045,0.1045
3.8632,pi,6.2800,6.2666,0.1050,0.1050
3.8684,pi,6.2800,6.2699,0.1049,0.1049
3.8731,pi,6.2800,6.2498,0.1053,0.1053
3.8783,pi,6.2800,6.2340,0.1057,0.1057
3.8832,pi,6.2800,6.2208,0.1059,0.1059
3.8882,pi,6.2800,6.2566,0.1052,0.1052
3.8932,pi,6.2800,6.2619,0.1051,0.1051
3.8982,pi,6.2800,6.2155,0.1061,0.1061
3.9033,pi,6.2800,6.2288,0.1058,0.1058
3.9083,pi,6.2800,6.2392,0.1056,0.1056
3.9132,pi,6.2800,6.2480,0.1055,0.1055
3.9182,pi,6.2800,6.2046,0.1063,0.1063
3.9234,pi,6.2800,6.2197,0.1060,0.1060
3.9285,pi,6.2800,6.2819,0.1048,0.1048
3.9346,pi,6.2800,6.2803,0.1048,0.1048
3.9402,pi,6.2800,6.2292,0.1059,0.1059
3.9447,pi,6.2800,6.2391,0.1057,0.1057
3.9492,pi,6.2800,6.2975,0.1045,0.1045
3.9537,pi,6.2800,6.2943,0.1046,0.1046
3.9583,pi,6.2800,6.2409,0.1057,0.1057
3.9633,pi,6.2800,6.2491,0.1055,0.1055
3.9682,pi,6.2800,6.2787,0.1049,0.1049
3.9732,pi,6.2800,6.3024,0.1044,0.1044
3.9783,pi,6.2800,6.2764,0.1050,0.1050
3.9832,pi,6.2800,6.2548,0.1054,0.1054
3.9882,pi,6.2800,6.2849,0.1048,0.1048
3.9932,pi,6.2800,6.3088,0.1043,0.1043
3.9982,pi,6.2800,6.2815,0.1049,0.1049
4.0032,pi,6.2800,6.2599,0.1053,0.1053
4.0082,pi,6.2800,6.2882,0.1047,0.1047
4.0132,pi,6.2800,6.3110,0.1043,0.1043
4.0183,pi,6.2800,6.3287,0.1039,0.1039
4.0232,pi,6.2800,6.2971,0.1045,0.1045
4.0282,pi,6.2800,6.3176,0.1041,0.1041
4.0332,pi,6.2800,6.3336,0.1038,0.1038
4.0382,pi,6.2800,6.3008,0.1044,0.1044
4.0432,pi,6.2800,6.2747,0.1049,0.1049
4.0484,pi,6.2800,6.2761,0.1049,0.1049
4.0532,pi,6.2800,6.3004,0.1044,0.1044
4.0583,pi,6.2800,6.2465,0.1055,0.1055
4.0632,pi,6.2800,6.2309,0.1058,0.1058
4.0682,pi,6.2800,6.1911,0.1066,0.1066
4.0732,pi,6.2800,6.2095,0.1063,0.1063
4.0782,pi,6.2800,6.1739,0.1070,0.1070
4.0832,pi,6.2800,6.1957,0.1066,0.1066
4.0882,pi,6.2800,6.1903,0.1067,0.1067
4.0932,pi,6.2800,6.2319,0.1059,0.1059
4.0982,pi,6.2800,6.2192,0.1062,0.1062
4.1033,pi,6.2800,6.2320,0.1059,0.1059
4.1084,pi,6.2800,6.2413,0.1058,0.1058
4.1135,pi,6.2800,6.2490,0.1056,0.1056
4.1185,pi,6.2800,6.2545,0.1055,0.1055
4.1232,pi,6.2800,6.2595,0.1054,0.1054
4.1283,pi,6.2800,6.2639,0.1053,0.1053
4.1333,pi,6.2800,6.2677,0.1053,0.1053
4.1382,pi,6.2800,6.2707,0.1052,0.1052
4.1431,pi,6.2800,6.2961,0.1047,0.1047
4.1482,pi,6.2800,6.2705,0.1052,0.1052
4.1532,pi,6.2800,6.2961,0.1047,0.1047
4.1583,pi,6.2800,6.2704,0.1052,0.1052
4.1633,pi,6.2800,6.2966,0.1047,0.1047
4.1682,pi,6.2800,6.3173,0.1043,0.1043
4.1732,pi,6.2800,6.3347,0.1039,0.1039
4.1782,pi,6.2800,6.3482,0.1036,0.1036
4.1834,pi,6.2800,6.3335,0.1039,0.1039
4.1882,pi,6.2800,6.3462,0.1037,0.1037
4.1933,pi,6.2800,6.3328,0.1039,0.1039
4.1982,pi,6.2800,6.3227,0.1041,0.1041
4.2032,pi,6.2800,6.3147,0.1042,0.1042
4.2082,pi,6.2800,6.2854,0.1048,0.1048
4.2132,pi,6.2800,6.3080,0.1044,0.1044
4.2184,pi,6.2800,6.2518,0.1055,0.1055
4.2234,pi,6.2800,6.2575,0.1054,0.1054
4.2282,pi,6.2800,6.2119,0.1063,0.1063
4.2332,pi,6.2800,6.2030,0.1065,0.1065
4.2383,pi,6.2800,6.1685,0.1072,0.1072
4.2433,pi,6.2800,6.1685,0.1072,0.1072
4.2483,pi,6.2800,6.1913,0.1068,0.1068
4.2533,pi,6.2800,6.2096,0.1065,0.1065
4.2583,pi,6.2800,6.2240,0.1062,0.1062
4.2635,pi,6.2800,6.2350,0.1060,0.1060
4.2685,pi,6.2800,6.2947,0.1048,0.1048
4.2736,pi,6.2800,6.2921,0.1048,0.1048
4.2785,pi,6.2800,6.2888,0.1049,0.1049
4.2832,pi,6.2800,6.2873,0.1049,0.1049
4.2881,pi,6.2800,6.3093,0.1045,0.1045
4.2932,pi,6.2800,6.3272,0.1041,0.1041
4.2983,pi,6.2800,6.3411,0.1038,0.1038
4.3033,pi,6.2800,6.3290,0.1041,0.1041
4.3082,pi,6.2800,6.3424,0.1038,0.1038
4.3132,pi,6.2800,6.3535,0.1035,0.1035
4.3182,pi,6.2800,6.3630,0.1033,0.1033
4.3232,pi,6.2800,6.3250,0.1041,0.1041
4.3282,pi,6.2800,6.3401,0.1038,0.1038
4.3332,pi,6.2800,6.3530,0.1035,0.1035
4.3383,pi,6.2800,6.3386,0.1038,0.1038
4.3432,pi,6.2800,6.3272,0.1040,0.1040
4.3482,pi,6.2800,6.3183,0.1041,0.1041
4.3532,pi,6.2800,6.2884,0.1047,0.1047
4.3582,pi,6.2800,6.3105,0.1043,0.1043
4.3632,pi,6.2800,6.2822,0.1048,0.1048
4.3683,pi,6.2800,6.2823,0.1048,0.1048
4.3732,pi,6.2800,6.2821,0.1048,0.1048
4.3783,pi,6.2800,6.2818,0.1048,0.1048
4.3835,pi,6.2800,6.2818,0.1048,0.1048
4.3883,pi,6.2800,6.2819,0.1048,0.1048
4.3933,pi,6.2800,6.2820,0.1048,0.1048
4.3984,pi,6.2800,6.2817,0.1048,0.1048
4.4032,pi,6.2800,6.2594,0.1053,0.1053
4.4082,pi,6.2800,6.2874,0.1047,0.1047
4.4132,pi,6.2800,6.2639,0.1052,0.1052
4.4182,pi,6.2800,6.2452,0.1056,0.1056
4.4233,pi,6.2800,6.2302,0.1059,0.1059
4.4283,pi,6.2800,6.2639,0.1052,0.1052
4.4332,pi,6.2800,6.2452,0.1056,0.1056
4.4383,pi,6.2800,6.2300,0.1059,0.1059
4.4433,pi,6.2800,6.2179,0.1062,0.1062
4.4483,pi,6.2800,6.1800,0.1070,0.1070
4.4533,pi,6.2800,6.2003,0.1066,0.1066
4.4584,pi,6.2800,6.1659,0.1073,0.1073
4.4633,pi,6.2800,6.1889,0.1068,0.1068
4.4683,pi,6.2800,6.2575,0.1055,0.1055
4.4732,pi,6.2800,6.2622,0.1054,0.1054
4.4784,pi,6.2800,6.2890,0.1049,0.1049
4.4833,pi,6.2800,6.2650,0.1054,0.1054
4.4886,pi,6.2800,6.3187,0.1043,0.1043
4.4933,pi,6.2800,6.3111,0.1044,0.1044
4.4982,pi,6.2800,6.3282,0.1041,0.1041
4.5033,pi,6.2800,6.3191,0.1042,0.1042
4.5082,pi,6.2800,6.3349,0.1039,0.1039
4.5133,pi,6.2800,6.3475,0.1037,0.1037
4.5182,pi,6.2800,6.3576,0.1034,0.1034
4.5234,pi,6.2800,6.3427,0.1037,0.1037
4.5282,pi,6.2800,6.3539,0.1035,0.1035
4.5333,pi,6.2800,6.3396,0.1037,0.1037
4.5383,pi,6.2800,6.3279,0.1040,0.1040
4.5433,pi,6.2800,6.2966,0.1046,0.1046
4.5482,pi,6.2800,6.3171,0.1042,0.1042
4.5532,pi,6.2800,6.2875,0.1047,0.1047
4.5584,pi,6.2800,6.2361,0.1058,0.1058
4.5633,pi,6.2800,6.2225,0.1061,0.1061
4.5683,pi,6.2800,6.1842,0.1068,0.1068
4.5732,pi,6.2800,6.2038,0.1065,0.1065
4.5783,pi,6.2800,6.1694,0.1072,0.1072
4.5833,pi,6.2800,6.1921,0.1067,0.1067
4.5882,pi,6.2800,6.1873,0.1069,0.1069
4.5933,pi,6.2800,6.2064,0.1065,0.1065
4.5982,pi,6.2800,6.1714,0.1072,0.1072
4.6032,pi,6.2800,6.1710,0.1073,0.1073
4.6082,pi,6.2800,6.1706,0.1073,0.1073
4.6132,pi,6.2800,6.2160,0.1064,0.1064
4.6183,pi,6.2800,6.2066,0.1066,0.1066
4.6234,pi,6.2800,6.2210,0.1064,0.1064
4.6282,pi,6.2800,6.2563,0.1057,0.1057
4.6333,pi,6.2800,6.2844,0.1051,0.1051
4.6382,pi,6.2800,6.3072,0.1046,0.1046
4.6433,pi,6.2800,6.3255,0.1043,0.1043
4.6482,pi,6.2800,6.3399,0.1040,0.1040
4.6533,pi,6.2800,6.3284,0.1042,0.1042
4.6582,pi,6.2800,6.3422,0.1039,0.1039
4.6633,pi,6.2800,6.3533,0.1037,0.1037
4.6682,pi,6.2800,6.3622,0.1035,0.1035
4.6732,pi,6.2800,6.3693,0.1033,0.1033
4.6783,pi,6.2800,6.3018,0.1046,0.1046
4.6832,pi,6.2800,6.2751,0.1052,0.1052
4.6883,pi,6.2800,6.2261,0.1061,0.1061
4.6932,pi,6.2800,6.2374,0.1059,0.1059
4.6982,pi,6.2800,6.1961,0.1068,0.1068
4.7033,pi,6.2800,6.1906,0.1069,0.1069
4.7083,pi,6.2800,6.1865,0.1070,0.1070
4.7133,pi,6.2800,6.2057,0.1066,0.1066
4.7182,pi,6.2800,6.1707,0.1074,0.1074
4.7232,pi,6.2800,6.1704,0.1074,0.1074
4.7283,pi,6.2800,6.1703,0.1074,0.1074
4.7333,pi,6.2800,6.1928,0.1070,0.1070
4.7383,pi,6.2800,6.2108,0.1067,0.1067
4.7432,pi,6.2800,6.2481,0.1059,0.1059
4.7483,pi,6.2800,6.2323,0.1063,0.1063
4.7532,pi,6.2800,6.2655,0.1056,0.1056
4.7583,pi,6.2800,6.2690,0.1055,0.1055
4.7633,pi,6.2800,6.2717,0.1055,0.1055
4.7683,pi,6.2800,6.2740,0.1054,0.1054
4.7732,pi,6.2800,6.2757,0.1054,0.1054
4.7783,pi,6.2800,6.2772,0.1054,0.1054
4.7832,pi,6.2800,6.3011,0.1049,0.1049
4.7883,pi,6.2800,6.2974,0.1050,0.1050
4.7932,pi,6.2800,6.2945,0.1050,0.1050
4.7983,pi,6.2800,6.2921,0.1051,0.1051
4.8033,pi,6.2800,6.2902,0.1051,0.1051
4.8082,pi,6.2800,6.3390,0.1041,0.1041
4.8132,pi,6.2800,6.3506,0.1039,0.1039
4.8183,pi,6.2800,6.3360,0.1042,0.1042
4.8233,pi,6.2800,6.3254,0.1044,0.1044
4.8283,pi,6.2800,6.3167,0.1045,0.1045
4.8333,pi,6.2800,6.3099,0.1046,0.1046
4.8383,pi,6.2800,6.2817,0.1052,0.1052
4.8432,pi,6.2800,6.3055,0.1047,0.1047
4.8483,pi,6.2800,6.2782,0.1053,0.1053
4.8532,pi,6.2800,6.3021,0.1048,0.1048
4.8583,pi,6.2800,6.2480,0.1059,0.1059
4.8632,pi,6.2800,6.2550,0.1057,0.1057
4.8683,pi,6.2800,6.2378,0.1061,0.1061
4.8733,pi,6.2800,6.2469,0.1059,0.1059
4.8782,pi,6.2800,6.2316,0.1062,0.1062
4.8832,pi,6.2800,6.2649,0.1056,0.1056
4.8884,pi,6.2800,6.2679,0.1055,0.1055
4.8932,pi,6.2800,6.2706,0.1055,0.1055
4.8983,pi,6.2800,6.2728,0.1054,0.1054
4.9033,pi,6.2800,6.2743,0.1054,0.1054
4.9084,pi,6.2800,6.2748,0.1054,0.1054
4.9132,pi,6.2800,6.2995,0.1049,0.1049
4.9183,pi,6.2800,6.2951,0.1050,0.1050
4.9232,pi,6.2800,6.3155,0.1046,0.1046
4.9284,pi,6.2800,6.3084,0.1047,0.1047
4.9332,pi,6.2800,6.3033,0.1048,0.1048
4.9382,pi,6.2800,6.2763,0.1053,0.1053
4.9432,pi,6.2800,6.3012,0.1048,0.1048
4.9483,pi,6.2800,6.2748,0.1053,0.1053
4.9532,pi,6.2800,6.2995,0.1049,0.1049
4.9582,pi,6.2800,6.2739,0.1054,0.1054
4.9633,pi,6.2800,6.2756,0.1053,0.1053
4.9682,pi,6.2800,6.2538,0.1058,0.1058
4.9732,pi,6.2800,6.2596,0.1057,0.1057
4.9782,pi,6.2800,6.2415,0.1060,0.1060
4.9832,pi,6.2800,6.2732,0.1054,0.1054
4.9884,pi,6.2800,6.2751,0.1054,0.1054
4.9932,pi,6.2800,6.2766,0.1053,0.1053
4.9982,pi,6.2800,6.2778,0.1053,0.1053
5.0032,pi,6.2800,6.3018,0.1048,0.1048
5.0082,pi,6.2800,6.2753,0.1054,0.1054
5.0133,pi,6.2800,6.2767,0.1053,0.1053
5.0182,pi,6.2800,6.2550,0.1058,0.1058
5.0232,pi,6.2800,6.2837,0.1052,0.1052
5.0283,pi,6.2800,6.2610,0.1057,0.1057
5.0333,pi,6.2800,6.2653,0.1056,0.1056
5.0382,pi,6.2800,6.2459,0.1060,0.1060
5.0432,pi,6.2800,6.2763,0.1054,0.1054
5.0483,pi,6.2800,6.2548,0.1058,0.1058
5.0533,pi,6.2800,6.2604,0.1057,0.1057
5.0582,pi,6.2800,6.2648,0.1056,0.1056
5.0633,pi,6.2800,6.2673,0.1056,0.1056
5.0683,pi,6.2800,6.2704,0.1055,0.1055
5.0732,pi,6.2800,6.2728,0.1055,0.1055
5.0782,pi,6.2800,6.2748,0.1054,0.1054
5.0832,pi,6.2800,6.2992,0.1049,0.1049
5.0884,pi,6.2800,6.2732,0.1054,0.1054
5.0933,pi,6.2800,6.2744,0.1054,0.1054
5.0983,pi,6.2800,6.2760,0.1054,0.1054
5.1034,pi,6.2800,6.2761,0.1054,0.1054
5.1083,pi,6.2800,6.2770,0.1054,0.1054
5.1135,pi,6.2800,6.3005,0.1049,0.1049
5.1184,pi,6.2800,6.2964,0.1050,0.1050
5.1233,pi,6.2800,6.2936,0.1050,0.1050
5.1283,pi,6.2800,6.2912,0.1051,0.1051
5.1332,pi,6.2800,6.3125,0.1046,0.1046
5.1386,pi,6.2800,6.3063,0.1048,0.1048
5.1434,pi,6.2800,6.3243,0.1044,0.1044
5.1483,pi,6.2800,6.3654,0.1036,0.1036
5.1532,pi,6.2800,6.3721,0.1034,0.1034
5.1582,pi,6.2800,6.3328,0.1042,0.1042
5.1632,pi,6.2800,6.3466,0.1039,0.1039
5.1683,pi,6.2800,6.3117,0.1046,0.1046
5.1732,pi,6.2800,6.3295,0.1042,0.1042
5.1784,pi,6.2800,6.2980,0.1048,0.1048
5.1833,pi,6.2800,6.2947,0.1049,0.1049
5.1882,pi,6.2800,6.2690,0.1054,0.1054
5.1932,pi,6.2800,6.2950,0.1049,0.1049
5.1983,pi,6.2800,6.2699,0.1054,0.1054
5.2033,pi,6.2800,6.2725,0.1053,0.1053
5.2083,pi,6.2800,6.2743,0.1053,0.1053
5.2132,pi,6.2800,6.2758,0.1053,0.1053
5.2183,pi,6.2800,6.2772,0.1052,0.1052
5.2232,pi,6.2800,6.3013,0.1047,0.1047
5.2283,pi,6.2800,6.2977,0.1048,0.1048
5.2332,pi,6.2800,6.3174,0.1044,0.1044
5.2383,pi,6.2800,6.2877,0.1050,0.1050
5.2432,pi,6.2800,6.3098,0.1046,0.1046
5.2487,pi,6.2800,6.3041,0.1047,0.1047
5.2534,pi,6.2800,6.2994,0.1048,0.1048
5.2585,pi,6.2800,6.2960,0.1048,0.1048
5.2632,pi,6.2800,6.3164,0.1044,0.1044
5.2682,pi,6.2800,6.2870,0.1050,0.1050
5.2732,pi,6.2800,6.3093,0.1045,0.1045
5.2782,pi,6.2800,6.2816,0.1051,0.1051
5.2833,pi,6.2800,6.2818,0.1051,0.1051
5.2882,pi,6.2800,6.3050,0.1046,0.1046
5.2934,pi,6.2800,6.3006,0.1047,0.1047
5.2982,pi,6.2800,6.3200,0.1043,0.1043
5.3033,pi,6.2800,6.3359,0.1040,0.1040
5.3084,pi,6.2800,6.3749,0.1032,0.1032
5.3132,pi,6.2800,6.3566,0.1035,0.1035
5.3183,pi,6.2800,6.3403,0.1038,0.1038
5.3233,pi,6.2800,6.3288,0.1040,0.1040
5.3282,pi,6.2800,6.3697,0.1032,0.1032
5.3332,pi,6.2800,6.3749,0.1031,0.1031
5.3383,pi,6.2800,6.3062,0.1044,0.1044
5.3433,pi,6.2800,6.3015,0.1045,0.1045
5.3483,pi,6.2800,6.2463,0.1056,0.1056
5.3532,pi,6.2800,6.2535,0.1055,0.1055
5.3583,pi,6.2800,6.2365,0.1058,0.1058
5.3634,pi,6.2800,6.2243,0.1061,0.1061
5.3684,pi,6.2800,6.2126,0.1063,0.1063
5.3732,pi,6.2800,6.2508,0.1056,0.1056
5.3785,pi,6.2800,6.2067,0.1065,0.1065
5.3832,pi,6.2800,6.1989,0.1067,0.1067
5.3882,pi,6.2800,6.1930,0.1068,0.1068
5.3932,pi,6.2800,6.2340,0.1060,0.1060
5.3983,pi,6.2800,6.2209,0.1063,0.1063
5.4032,pi,6.2800,6.2571,0.1056,0.1056
5.4083,pi,6.2800,6.2396,0.1059,0.1059
5.4133,pi,6.2800,6.2482,0.1058,0.1058
5.4183,pi,6.2800,6.2324,0.1061,0.1061
5.4233,pi,6.2800,6.2424,0.1059,0.1059
5.4282,pi,6.2800,6.2735,0.1053,0.1053
5.4332,pi,6.2800,6.2753,0.1052,0.1052
5.4382,pi,6.2800,6.3270,0.1042,0.1042
5.4432,pi,6.2800,6.3411,0.1039,0.1039
5.4482,pi,6.2800,6.3524,0.1037,0.1037
5.4533,pi,6.2800,6.3386,0.1039,0.1039
5.4582,pi,6.2800,6.3273,0.1041,0.1041
5.4633,pi,6.2800,6.3182,0.1043,0.1043
5.4682,pi,6.2800,6.3613,0.1034,0.1034
5.4732,pi,6.2800,6.3456,0.1037,0.1037
5.4783,pi,6.2800,6.2829,0.1050,0.1050
5.4832,pi,6.2800,6.2599,0.1054,0.1054
5.4883,pi,6.2800,6.2639,0.1054,0.1054
5.4932,pi,6.2800,6.2676,0.1053,0.1053
5.4983,pi,6.2800,6.2199,0.1062,0.1062
5.5033,pi,6.2800,6.2325,0.1060,0.1060
5.5083,pi,6.2800,6.2198,0.1063,0.1063
5.5132,pi,6.2800,6.2554,0.1056,0.1056
5.5184,pi,6.2800,6.2106,0.1065,0.1065
5.5232,pi,6.2800,6.2023,0.1067,0.1067
5.5283,pi,6.2800,6.2684,0.1054,0.1054
5.5332,pi,6.2800,6.2710,0.1053,0.1053
5.5384,pi,6.2800,6.2501,0.1057,0.1057
5.5434,pi,6.2800,6.2564,0.1056,0.1056
5.5482,pi,6.2800,6.2847,0.1051,0.1051
5.5536,pi,6.2800,6.2843,0.1051,0.1051
5.5586,pi,6.2800,6.2834,0.1051,0.1051
5.5633,pi,6.2800,6.3062,0.1046,0.1046
5.5682,pi,6.2800,6.3246,0.1042,0.1042
5.5735,pi,6.2800,6.3151,0.1044,0.1044
5.5782,pi,6.2800,6.2868,0.1050,0.1050
5.5833,pi,6.2800,6.2635,0.1054,0.1054
5.5883,pi,6.2800,6.2905,0.1049,0.1049
5.5932,pi,6.2800,6.3123,0.1045,0.1045
5.5983,pi,6.2800,6.3064,0.1046,0.1046
5.6033,pi,6.2800,6.2787,0.1051,0.1051
5.6082,pi,6.2800,6.3025,0.1047,0.1047
5.6133,pi,6.2800,6.2984,0.1047,0.1047
5.6183,pi,6.2800,6.2952,0.1048,0.1048
5.6233,pi,6.2800,6.2698,0.1053,0.1053
5.6284,pi,6.2800,6.3221,0.1042,0.1042
5.6333,pi,6.2800,6.3137,0.1044,0.1044
5.6384,pi,6.2800,6.3076,0.1045,0.1045
5.6435,pi,6.2800,6.3024,0.1046,0.1046
5.6487,pi,6.2800,6.2982,0.1047,0.1047
5.6532,pi,6.2800,6.2951,0.1048,0.1048
5.6582,pi,6.2800,6.2700,0.1053,0.1053
5.6632,pi,6.2800,6.2502,0.1056,0.1056
5.6684,pi,6.2800,6.2800,0.1051,0.1051
5.6732,pi,6.2800,6.2578,0.1055,0.1055
5.6783,pi,6.2800,6.2403,0.1059,0.1059
5.6832,pi,6.2800,6.2262,0.1062,0.1062
5.6883,pi,6.2800,6.1867,0.1070,0.1070
5.6932,pi,6.2800,6.1834,0.1070,0.1070
5.6982,pi,6.2800,6.1809,0.1071,0.1071
5.7033,pi,6.2800,6.1788,0.1072,0.1072
5.7085,pi,6.2800,6.2492,0.1058,0.1058
5.7135,pi,6.2800,6.2551,0.1057,0.1057
5.7187,pi,6.2800,6.2088,0.1066,0.1066
5.7237,pi,6.2800,6.2226,0.1064,0.1064
5.7287,pi,6.2800,6.2841,0.1052,0.1052
5.7339,pi,6.2800,6.2825,0.1052,0.1052
5.7391,pi,6.2800,6.2818,0.1052,0.1052
5.7438,pi,6.2800,6.2807,0.1052,0.1052
5.7489,pi,6.2800,6.3302,0.1042,0.1042
5.7535,pi,6.2800,6.3195,0.1044,0.1044
5.7587,pi,6.2800,6.3342,0.1041,0.1041
5.7634,pi,6.2800,6.3020,0.1048,0.1048
5.7682,pi,6.2800,6.3215,0.1044,0.1044
5.7732,pi,6.2800,6.3379,0.1040,0.1040
5.7782,pi,6.2800,6.3511,0.1037,0.1037
5.7842,pi,6.2800,6.3363,0.1040,0.1040
5.7901,pi,6.2800,6.3755,0.1032,0.1032
5.7954,pi,6.2800,6.3804,0.1031,0.1031
5.8003,pi,6.2800,6.3098,0.1045,0.1045
5.8050,pi,6.2800,6.2818,0.1050,0.1050
5.8089,pi,6.2800,6.3060,0.1046,0.1046
5.8134,pi,6.2800,6.2793,0.1051,0.1051
5.8183,pi,6.2800,6.2576,0.1055,0.1055
5.8232,pi,6.2800,6.2402,0.1059,0.1059
5.8283,pi,6.2800,6.1984,0.1067,0.1067
5.8333,pi,6.2800,6.1915,0.1069,0.1069
5.8383,pi,6.2800,6.1886,0.1070,0.1070
5.8433,pi,6.2800,6.1859,0.1070,0.1070
5.8482,pi,6.2800,6.1832,0.1071,0.1071
5.8532,pi,6.2800,6.2274,0.1063,0.1063
5.8583,pi,6.2800,6.1881,0.1070,0.1070
5.8632,pi,6.2800,6.1844,0.1071,0.1071
5.8682,pi,6.2800,6.1816,0.1072,0.1072
5.8733,pi,6.2800,6.2017,0.1068,0.1068
5.8783,pi,6.2800,6.2179,0.1065,0.1065
5.8833,pi,6.2800,6.2536,0.1058,0.1058
5.8882,pi,6.2800,6.2829,0.1053,0.1053
5.8932,pi,6.2800,6.3060,0.1048,0.1048
5.8984,pi,6.2800,6.3012,0.1049,0.1049
5.9034,pi,6.2800,6.2976,0.1050,0.1050
5.9082,pi,6.2800,6.3449,0.1040,0.1040
5.9132,pi,6.2800,6.3324,0.1042,0.1042
5.9183,pi,6.2800,6.3723,0.1034,0.1034
5.9233,pi,6.2800,6.3545,0.1038,0.1038
5.9282,pi,6.2800,6.3632,0.1036,0.1036
5.9332,pi,6.2800,6.3700,0.1034,0.1034
5.9382,pi,6.2800,6.3757,0.1033,0.1033
5.9432,pi,6.2800,6.3346,0.1041,0.1041
5.9482,pi,6.2800,6.3473,0.1038,0.1038
5.9533,pi,6.2800,6.3575,0.1036,0.1036
5.9582,pi,6.2800,6.3657,0.1034,0.1034
5.9632,pi,6.2800,6.3266,0.1042,0.1042
5.9682,pi,6.2800,6.3409,0.1039,0.1039
5.9732,pi,6.2800,6.3070,0.1045,0.1045
5.9783,pi,6.2800,6.2797,0.1051,0.1051
5.9833,pi,6.2800,6.2574,0.1055,0.1055
5.9887,pi,6.2800,6.2617,0.1054,0.1054
5.9939,pi,6.2800,6.2650,0.1054,0.1054
5.9985,pi,6.2800,6.2183,0.1063,0.1063
6.0032,pi,6.2800,6.2084,0.1065,0.1065
6.0082,pi,6.2800,6.2466,0.1058,0.1058
6.0132,pi,6.2800,6.2312,0.1061,0.1061
6.0183,pi,6.2800,6.1910,0.1069,0.1069
6.0232,pi,6.2800,6.2091,0.1066,0.1066
6.0283,pi,6.2800,6.2236,0.1063,0.1063
6.0334,pi,6.2800,6.2351,0.1061,0.1061
6.0386,pi,6.2800,6.2213,0.1064,0.1064
6.0440,pi,6.2800,6.2308,0.1062,0.1062
6.0489,pi,6.2800,6.2395,0.1060,0.1060
6.0540,pi,6.2800,6.2468,0.1059,0.1059
6.0583,pi,6.2800,6.2026,0.1068,0.1068
6.0632,pi,6.2800,6.2182,0.1065,0.1065
6.0682,pi,6.2800,6.2538,0.1058,0.1058
6.0732,pi,6.2800,6.2827,0.1052,0.1052
6.0784,pi,6.2800,6.2602,0.1057,0.1057
6.0833,pi,6.2800,6.2875,0.1051,0.1051
6.0882,pi,6.2800,6.3097,0.1047,0.1047
6.0933,pi,6.2800,6.3277,0.1043,0.1043
6.0982,pi,6.2800,6.3451,0.1040,0.1040
6.1034,pi,6.2800,6.3572,0.1037,0.1037
6.1084,pi,6.2800,6.3659,0.1035,0.1035
6.1137,pi,6.2800,6.3491,0.1038,0.1038
6.1190,pi,6.2800,6.2846,0.1051,0.1051
6.1234,pi,6.2800,6.2834,0.1051,0.1051
6.1283,pi,6.2800,6.3331,0.1041,0.1041
6.1332,pi,6.2800,6.3458,0.1039,0.1039
6.1382,pi,6.2800,6.3106,0.1045,0.1045
6.1433,pi,6.2800,6.2824,0.1051,0.1051
6.1482,pi,6.2800,6.2826,0.1051,0.1051
6.1532,pi,6.2800,6.2596,0.1056,0.1056
6.1583,pi,6.2800,6.2412,0.1059,0.1059
6.1633,pi,6.2800,6.2272,0.1062,0.1062
6.1683,pi,6.2800,6.2616,0.1055,0.1055
6.1732,pi,6.2800,6.2896,0.1050,0.1050
6.1782,pi,6.2800,6.2665,0.1055,0.1055
6.1836,pi,6.2800,6.2696,0.1054,0.1054
6.1884,pi,6.2800,6.3222,0.1043,0.1043
6.1932,pi,6.2800,6.3141,0.1045,0.1045
6.1983,pi,6.2800,6.2575,0.1056,0.1056
6.2032,pi,6.2800,6.2397,0.1060,0.1060
6.2083,pi,6.2800,6.2254,0.1063,0.1063
6.2132,pi,6.2800,6.2601,0.1056,0.1056
6.2183,pi,6.2800,6.2143,0.1065,0.1065
6.2233,pi,6.2800,6.2279,0.1063,0.1063
6.2283,pi,6.2800,6.2889,0.1051,0.1051
6.2332,pi,6.2800,6.3104,0.1046,0.1046
6.2383,pi,6.2800,6.2821,0.1052,0.1052
6.2433,pi,6.2800,6.2597,0.1056,0.1056
6.2482,pi,6.2800,6.2873,0.1051,0.1051
6.2535,pi,6.2800,6.2864,0.1051,0.1051
6.2582,pi,6.2800,6.3086,0.1047,0.1047
6.2632,pi,6.2800,6.3267,0.1043,0.1043
6.2682,pi,6.2800,6.3412,0.1040,0.1040
6.2732,pi,6.2800,6.3526,0.1037,0.1037
6.2784,pi,6.2800,6.2884,0.1050,0.1050
6.2835,pi,6.2800,6.2866,0.1050,0.1050
6.2883,pi,6.2800,6.3359,0.1041,0.1041
6.2932,pi,6.2800,6.3484,0.1038,0.1038
6.2982,pi,6.2800,6.3126,0.1045,0.1045
6.3033,pi,6.2800,6.2840,0.1050,0.1050
6.3084,pi,6.2800,6.2336,0.1061,0.1061
6.3133,pi,6.2800,6.2433,0.1059,0.1059
6.3183,pi,6.2800,6.2007,0.1067,0.1067
6.3233,pi,6.2800,6.2170,0.1064,0.1064
6.3283,pi,6.2800,6.2075,0.1066,0.1066
6.3332,pi,6.2800,6.2455,0.1059,0.1059
6.3383,pi,6.2800,6.2308,0.1062,0.1062
6.3432,pi,6.2800,6.2189,0.1064,0.1064
6.3483,pi,6.2800,6.2317,0.1062,0.1062
6.3532,pi,6.2800,6.2649,0.1056,0.1056
6.3582,pi,6.2800,6.2457,0.1059,0.1059
6.3632,pi,6.2800,6.2763,0.1053,0.1053
6.3683,pi,6.2800,6.2547,0.1058,0.1058
6.3732,pi,6.2800,6.2833,0.1052,0.1052
6.3782,pi,6.2800,6.2608,0.1057,0.1057
6.3833,pi,6.2800,6.2652,0.1056,0.1056
6.3883,pi,6.2800,6.3184,0.1045,0.1045
6.3932,pi,6.2800,6.3343,0.1042,0.1042
6.3983,pi,6.2800,6.3011,0.1048,0.1048
6.4032,pi,6.2800,6.3205,0.1044,0.1044
6.4082,pi,6.2800,6.3359,0.1041,0.1041
6.4132,pi,6.2800,6.3483,0.1039,0.1039
6.4183,pi,6.2800,6.3352,0.1041,0.1041
6.4232,pi,6.2800,6.3248,0.1043,0.1043
6.4283,pi,6.2800,6.3660,0.1035,0.1035
6.4332,pi,6.2800,6.3722,0.1033,0.1033
6.4382,pi,6.2800,6.3316,0.1041,0.1041
6.4433,pi,6.2800,6.3219,0.1043,0.1043
6.4482,pi,6.2800,6.2914,0.1049,0.1049
6.4533,pi,6.2800,6.2893,0.1049,0.1049
6.4582,pi,6.2800,6.2655,0.1054,0.1054
6.4633,pi,6.2800,6.2186,0.1063,0.1063
6.4682,pi,6.2800,6.2089,0.1066,0.1066
6.4732,pi,6.2800,6.2470,0.1058,0.1058
6.4782,pi,6.2800,6.2319,0.1061,0.1061
6.4832,pi,6.2800,6.2201,0.1064,0.1064
6.4882,pi,6.2800,6.2100,0.1066,0.1066
6.4932,pi,6.2800,6.2478,0.1058,0.1058
6.4982,pi,6.2800,6.2322,0.1062,0.1062
6.5033,pi,6.2800,6.2196,0.1064,0.1064
6.5083,pi,6.2800,6.2322,0.1062,0.1062
6.5132,pi,6.2800,6.2653,0.1055,0.1055
6.5182,pi,6.2800,6.2689,0.1055,0.1055
6.5232,pi,6.2800,6.2946,0.1050,0.1050
6.5282,pi,6.2800,6.2697,0.1055,0.1055
6.5332,pi,6.2800,6.2951,0.1050,0.1050
6.5382,pi,6.2800,6.2927,0.1050,0.1050
6.5434,pi,6.2800,6.2901,0.1050,0.1050
6.5482,pi,6.2800,6.2884,0.1051,0.1051
6.5531,pi,6.2800,6.3103,0.1046,0.1046
6.5583,pi,6.2800,6.3048,0.1047,0.1047
6.5632,pi,6.2800,6.3235,0.1044,0.1044
6.5683,pi,6.2800,6.3154,0.1045,0.1045
6.5732,pi,6.2800,6.3088,0.1046,0.1046
6.5783,pi,6.2800,6.3033,0.1047,0.1047
6.5832,pi,6.2800,6.2989,0.1048,0.1048
6.5882,pi,6.2800,6.2954,0.1049,0.1049
6.5932,pi,6.2800,6.3156,0.1045,0.1045
6.5982,pi,6.2800,6.2865,0.1050,0.1050
6.6033,pi,6.2800,6.2854,0.1051,0.1051
6.6082,pi,6.2800,6.2848,0.1051,0.1051
6.6132,pi,6.2800,6.2842,0.1051,0.1051
6.6184,pi,6.2800,6.2827,0.1051,0.1051
6.6233,pi,6.2800,6.2810,0.1052,0.1052
6.6282,pi,6.2800,6.2588,0.1056,0.1056
6.6332,pi,6.2800,6.2865,0.1050,0.1050
6.6383,pi,6.2800,6.2631,0.1055,0.1055
6.6434,pi,6.2800,6.2152,0.1065,0.1065
6.6482,pi,6.2800,6.2285,0.1062,0.1062
6.6532,pi,6.2800,6.2623,0.1056,0.1056
6.6582,pi,6.2800,6.2436,0.1059,0.1059
6.6632,pi,6.2800,6.2289,0.1062,0.1062
6.6682,pi,6.2800,6.2170,0.1065,0.1065
6.6733,pi,6.2800,6.2083,0.1067,0.1067
6.6783,pi,6.2800,6.2232,0.1064,0.1064
6.6836,pi,6.2800,6.1837,0.1072,0.1072
6.6885,pi,6.2800,6.2030,0.1068,0.1068
6.6935,pi,6.2800,6.1958,0.1070,0.1070
6.6986,pi,6.2800,6.2130,0.1067,0.1067
6.7033,pi,6.2800,6.1764,0.1074,0.1074
6.7082,pi,6.2800,6.1749,0.1075,0.1075
6.7132,pi,6.2800,6.1964,0.1071,0.1071
6.7182,pi,6.2800,6.2137,0.1068,0.1068
6.7233,pi,6.2800,6.2772,0.1055,0.1055
6.7283,pi,6.2800,6.2783,0.1055,0.1055
6.7332,pi,6.2800,6.3019,0.1050,0.1050
6.7383,pi,6.2800,6.3218,0.1046,0.1046
6.7434,pi,6.2800,6.3132,0.1048,0.1048
6.7482,pi,6.2800,6.3301,0.1044,0.1044
6.7532,pi,6.2800,6.3440,0.1041,0.1041
6.7585,pi,6.2800,6.3318,0.1044,0.1044
6.7633,pi,6.2800,6.3214,0.1046,0.1046
6.7683,pi,6.2800,6.3137,0.1047,0.1047
6.7732,pi,6.2800,6.3306,0.1044,0.1044
6.7782,pi,6.2800,6.2995,0.1050,0.1050
6.7833,pi,6.2800,6.2733,0.1055,0.1055
6.7882,pi,6.2800,6.2524,0.1059,0.1059
6.7932,pi,6.2800,6.2357,0.1062,0.1062
6.7982,pi,6.2800,6.2690,0.1056,0.1056
6.8033,pi,6.2800,6.2214,0.1065,0.1065
6.8082,pi,6.2800,6.2337,0.1063,0.1063
6.8133,pi,6.2800,6.2208,0.1066,0.1066
6.8182,pi,6.2800,6.2566,0.1059,0.1059
6.8234,pi,6.2800,6.2114,0.1068,0.1068
6.8282,pi,6.2800,6.2255,0.1065,0.1065
6.8333,pi,6.2800,6.2367,0.1063,0.1063
6.8383,pi,6.2800,6.2459,0.1061,0.1061
6.8432,pi,6.2800,6.2306,0.1065,0.1065
6.8482,pi,6.2800,6.2642,0.1058,0.1058
6.8533,pi,6.2800,6.2453,0.1062,0.1062
6.8582,pi,6.2800,6.2762,0.1056,0.1056
6.8633,pi,6.2800,6.2550,0.1060,0.1060
6.8683,pi,6.2800,6.2605,0.1059,0.1059
6.8738,pi,6.2800,6.2648,0.1058,0.1058
6.8799,pi,6.2800,6.2649,0.1058,0.1058
6.8848,pi,6.2800,6.2674,0.1058,0.1058
6.8898,pi,6.2800,6.2686,0.1057,0.1057
6.8960,pi,6.2800,6.3194,0.1047,0.1047
6.9031,pi,6.2800,6.2978,0.1052,0.1052
6.9086,pi,6.2800,6.2913,0.1053,0.1053
6.9150,pi,6.2800,6.2877,0.1054,0.1054
6.9205,pi,6.2800,6.2855,0.1054,0.1054
6.9256,pi,6.2800,6.2798,0.1055,0.1055
6.9305,pi,6.2800,6.2786,0.1055,0.1055
6.9386,pi,6.2800,6.3014,0.1051,0.1051
6.9451,pi,6.2800,6.2956,0.1052,0.1052
6.9502,pi,6.2800,6.2919,0.1053,0.1053
6.9549,pi,6.2800,6.2370,0.1063,0.1063
6.9601,pi,6.2800,6.2243,0.1066,0.1066
6.9657,pi,6.2800,6.2241,0.1066,0.1066
6.9707,pi,6.2800,6.2615,0.1059,0.1059
6.9757,pi,6.2800,6.2632,0.1059,0.1059
6.9828,pi,6.2800,6.2886,0.1054,0.1054
6.9896,pi,6.2800,6.2681,0.1058,0.1058
6.9948,pi,6.2800,6.2653,0.1058,0.1058
7.0006,pi,6.2800,6.2652,0.1058,0.1058
7.0070,pi,6.2800,6.2687,0.1058,0.1058
7.0119,pi,6.2800,6.2511,0.1061,0.1061
7.0177,pi,6.2800,6.2838,0.1055,0.1055
7.0248,pi,6.2800,6.2718,0.1057,0.1057
7.0351,pi,6.2800,6.2369,0.1064,0.1064
7.0432,pi,6.2800,6.2145,0.1069,0.1069
7.0500,pi,6.2800,6.1368,0.1085,0.1085
7.0562,pi,6.2800,6.1151,0.1090,0.1090
7.0617,pi,6.2800,6.0450,0.1104,0.1104
7.0674,pi,6.2800,5.9906,0.1115,0.1115
7.0726,pi,6.2800,5.9038,0.1134,0.1134
7.0775,pi,6.2800,5.8315,0.1149,0.1149
7.0826,pi,6.2800,5.7939,0.1158,0.1158
7.0876,pi,6.2800,5.7327,0.1171,0.1171
7.0925,pi,6.2800,5.6265,0.1194,0.1194
7.0969,pi,6.2800,5.5335,0.1214,0.1214
7.1012,pi,6.2800,5.4528,0.1232,0.1232
7.1056,pi,6.2800,5.3805,0.1248,0.1248
7.1114,pi,6.2800,5.3362,0.1259,0.1259
7.1162,pi,6.2800,5.2893,0.1272,0.1272
7.1209,pi,6.2800,5.2848,0.1275,0.1275
7.1258,pi,6.2800,5.2592,0.1282,0.1282
7.1306,pi,6.2800,5.2584,0.1285,0.1285
7.1355,pi,6.2800,5.3057,0.1278,0.1278
7.1401,pi,6.2800,5.3375,0.1274,0.1274
7.1448,pi,6.2800,5.3892,0.1266,0.1266
7.1500,pi,6.2800,5.4010,0.1267,0.1267
7.1546,pi,6.2800,5.4177,0.1265,0.1265
7.1595,pi,6.2800,5.4769,0.1255,0.1255
7.1641,pi,6.2800,5.5471,0.1243,0.1243
7.1687,pi,6.2800,5.6428,0.1226,0.1226
7.1732,pi,6.2800,5.7676,0.1202,0.1202
7.1779,pi,6.2800,5.8459,0.1188,0.1188
7.1822,pi,6.2800,5.9611,0.1166,0.1166
7.1862,pi,6.2800,6.0097,0.1157,0.1157
7.1902,pi,6.2800,6.1352,0.1133,0.1133
7.1948,pi,6.2800,6.3147,0.1097,0.1097
7.1992,pi,6.2800,6.4683,0.1066,0.1066
7.2033,pi,6.2800,6.6371,0.1032,0.1032
7.2076,pi,6.2800,6.7273,0.1013,0.1013
7.2116,pi,6.2800,6.7994,0.0998,0.0998
7.2157,pi,6.2800,6.8595,0.0984,0.0984
7.2197,pi,6.2800,6.9075,0.0973,0.0973
7.2237,pi,6.2800,6.9894,0.0955,0.0955
7.2277,pi,6.2800,7.0091,0.0950,0.0950
7.2317,pi,6.2800,7.0713,0.0935,0.0935
7.2357,pi,6.2800,7.0294,0.0942,0.0942
7.2397,pi,6.2800,6.9804,0.0950,0.0950
7.2436,pi,6.2800,6.9104,0.0962,0.0962
7.2476,pi,6.2800,6.8538,0.0972,0.0972
7.2515,pi,6.2800,6.7891,0.0983,0.0983
7.2555,pi,6.2800,6.7109,0.0998,0.0998
7.2595,pi,6.2800,6.6492,0.1009,0.1009
7.2635,pi,6.2800,6.5533,0.1027,0.1027
7.2683,pi,6.2800,6.4992,0.1037,0.1037
7.2733,pi,6.2800,6.4560,0.1045,0.1045
7.2782,pi,6.2800,6.3988,0.1056,0.1056
7.2833,pi,6.2800,6.3986,0.1056,0.1056
7.2883,pi,6.2800,6.3535,0.1065,0.1065
7.2932,pi,6.2800,6.3626,0.1063,0.1063
7.2983,pi,6.2800,6.3238,0.1070,0.1070
7.3033,pi,6.2800,6.3390,0.1067,0.1067
7.3083,pi,6.2800,6.3966,0.1056,0.1056
7.3134,pi,6.2800,6.4241,0.1050,0.1050
7.3182,pi,6.2800,6.4645,0.1041,0.1041
7.3234,pi,6.2800,6.4280,0.1048,0.1048
7.3283,pi,6.2800,6.4492,0.1044,0.1044
7.3334,pi,6.2800,6.4156,0.1050,0.1050
7.3383,pi,6.2800,6.3890,0.1055,0.1055
7.3433,pi,6.2800,6.3677,0.1059,0.1059
7.3484,pi,6.2800,6.3504,0.1062,0.1062
7.3533,pi,6.2800,6.3370,0.1065,0.1065
7.3583,pi,6.2800,6.2757,0.1077,0.1077
7.3632,pi,6.2800,6.2541,0.1081,0.1081
7.3683,pi,6.2800,6.2095,0.1090,0.1090
7.3732,pi,6.2800,6.2014,0.1092,0.1092
7.3783,pi,6.2800,6.1674,0.1099,0.1099
7.3832,pi,6.2800,6.1675,0.1099,0.1099
7.3884,pi,6.2800,6.1905,0.1095,0.1095
7.3933,pi,6.2800,6.2087,0.1091,0.1091
7.3983,pi,6.2800,6.2006,0.1093,0.1093
7.4032,pi,6.2800,6.2403,0.1085,0.1085
7.4084,pi,6.2800,6.2488,0.1084,0.1084
7.4133,pi,6.2800,6.2556,0.1082,0.1082
7.4182,pi,6.2800,6.2383,0.1086,0.1086
7.4232,pi,6.2800,6.2703,0.1080,0.1080
7.4284,pi,6.2800,6.2728,0.1079,0.1079
7.4334,pi,6.2800,6.2741,0.1079,0.1079
7.4383,pi,6.2800,6.2533,0.1083,0.1083
7.4434,pi,6.2800,6.2589,0.1082,0.1082
7.4483,pi,6.2800,6.3137,0.1071,0.1071
7.4536,pi,6.2800,6.3057,0.1073,0.1073
7.4583,pi,6.2800,6.3507,0.1064,0.1064
7.4634,pi,6.2800,6.3370,0.1066,0.1066
7.4683,pi,6.2800,6.3762,0.1058,0.1058
7.4734,pi,6.2800,6.3570,0.1062,0.1062
7.4784,pi,6.2800,6.3921,0.1055,0.1055
7.4833,pi,6.2800,6.3928,0.1054,0.1054
7.4884,pi,6.2800,6.4203,0.1048,0.1048
7.4933,pi,6.2800,6.4152,0.1049,0.1049
7.4984,pi,6.2800,6.3888,0.1054,0.1054
7.5034,pi,6.2800,6.3449,0.1063,0.1063
7.5086,pi,6.2800,6.3317,0.1065,0.1065
7.5141,pi,6.2800,6.3207,0.1067,0.1067
7.5185,pi,6.2800,6.3128,0.1069,0.1069
7.5232,pi,6.2800,6.3299,0.1065,0.1065
7.5282,pi,6.2800,6.3440,0.1062,0.1062
7.5335,pi,6.2800,6.3550,0.1060,0.1060
7.5385,pi,6.2800,6.3631,0.1058,0.1058
7.5434,pi,6.2800,6.3705,0.1056,0.1056
7.5482,pi,6.2800,6.3764,0.1055,0.1055
7.5532,pi,6.2800,6.3812,0.1054,0.1054
7.5583,pi,6.2800,6.3846,0.1053,0.1053
7.5633,pi,6.2800,6.3882,0.1052,0.1052
7.5683,pi,6.2800,6.3913,0.1051,0.1051
7.5732,pi,6.2800,6.3933,0.1050,0.1050
7.5783,pi,6.2800,6.3712,0.1054,0.1054
7.5833,pi,6.2800,6.3534,0.1058,0.1058
7.5882,pi,6.2800,6.3165,0.1065,0.1065
7.5932,pi,6.2800,6.3335,0.1061,0.1061
7.5983,pi,6.2800,6.3233,0.1063,0.1063
7.6032,pi,6.2800,6.3149,0.1065,0.1065
7.6082,pi,6.2800,6.3084,0.1066,0.1066
7.6136,pi,6.2800,6.3022,0.1067,0.1067
7.6191,pi,6.2800,6.2972,0.1068,0.1068
7.6237,pi,6.2800,6.2929,0.1069,0.1069
7.6285,pi,6.2800,6.2897,0.1070,0.1070
7.6335,pi,6.2800,6.2875,0.1070,0.1070
7.6389,pi,6.2800,6.2853,0.1070,0.1070
7.6447,pi,6.2800,6.2833,0.1071,0.1071
7.6487,pi,6.2800,6.2816,0.1071,0.1071
7.6532,pi,6.2800,6.2818,0.1071,0.1071
7.6584,pi,6.2800,6.2820,0.1071,0.1071
7.6632,pi,6.2800,6.3051,0.1066,0.1066
7.6683,pi,6.2800,6.2788,0.1072,0.1072
7.6732,pi,6.2800,6.3037,0.1067,0.1067
7.6782,pi,6.2800,6.3239,0.1063,0.1063
7.6833,pi,6.2800,6.3396,0.1059,0.1059
7.6883,pi,6.2800,6.3064,0.1066,0.1066
7.6932,pi,6.2800,6.3258,0.1062,0.1062
7.6982,pi,6.2800,6.3417,0.1059,0.1059
7.7032,pi,6.2800,6.3546,0.1056,0.1056
7.7085,pi,6.2800,6.3399,0.1059,0.1059
7.7134,pi,6.2800,6.3279,0.1061,0.1061
7.7184,pi,6.2800,6.3683,0.1053,0.1053
7.7238,pi,6.2800,6.3502,0.1056,0.1056
7.7285,pi,6.2800,6.2859,0.1069,0.1069
7.7333,pi,6.2800,6.2850,0.1069,0.1069
7.7387,pi,6.2800,6.3339,0.1059,0.1059
7.7432,pi,6.2800,6.3236,0.1061,0.1061
7.7482,pi,6.2800,6.2652,0.1073,0.1073
7.7532,pi,6.2800,6.2461,0.1076,0.1076
7.7582,pi,6.2800,6.2303,0.1080,0.1080
7.7632,pi,6.2800,6.2643,0.1073,0.1073
7.7682,pi,6.2800,6.2462,0.1077,0.1077
7.7732,pi,6.2800,6.2320,0.1080,0.1080
7.7782,pi,6.2800,6.2207,0.1082,0.1082
7.7832,pi,6.2800,6.2568,0.1075,0.1075
7.7883,pi,6.2800,6.2388,0.1079,0.1079
7.7932,pi,6.2800,6.2260,0.1081,0.1081
7.7983,pi,6.2800,6.2372,0.1079,0.1079
7.8032,pi,6.2800,6.2460,0.1077,0.1077
7.8084,pi,6.2800,6.2520,0.1076,0.1076
7.8132,pi,6.2800,6.2581,0.1075,0.1075
7.8183,pi,6.2800,6.3131,0.1064,0.1064
7.8233,pi,6.2800,6.3067,0.1065,0.1065
7.8284,pi,6.2800,6.3017,0.1066,0.1066
7.8333,pi,6.2800,6.2975,0.1067,0.1067
7.8382,pi,6.2800,6.3173,0.1063,0.1063
7.8433,pi,6.2800,6.3105,0.1064,0.1064
7.8482,pi,6.2800,6.3280,0.1061,0.1061
7.8533,pi,6.2800,6.3423,0.1058,0.1058
7.8585,pi,6.2800,6.3533,0.1055,0.1055
7.8634,pi,6.2800,6.3388,0.1058,0.1058
7.8686,pi,6.2800,6.3269,0.1060,0.1060
7.8732,pi,6.2800,6.3181,0.1062,0.1062
7.8785,pi,6.2800,6.3609,0.1053,0.1053
7.8841,pi,6.2800,6.3411,0.1057,0.1057
7.8893,pi,6.2800,6.3282,0.1060,0.1060
7.8942,pi,6.2800,6.3180,0.1062,0.1062
7.8998,pi,6.2800,6.2031,0.1084,0.1084
7.9063,pi,6.2800,6.1149,0.1102,0.1102
7.9122,pi,6.2800,5.9948,0.1127,0.1127
7.9169,pi,6.2800,5.9519,0.1136,0.1136
7.9215,pi,6.2800,5.9175,0.1144,0.1144
7.9259,pi,6.2800,5.8892,0.1150,0.1150
7.9301,pi,6.2800,5.8996,0.1149,0.1149
7.9340,pi,6.2800,5.9081,0.1148,0.1148
7.9385,pi,6.2800,5.9179,0.1147,0.1147
7.9433,pi,6.2800,5.8779,0.1156,0.1156
7.9482,pi,6.2800,5.8915,0.1154,0.1154
7.9533,pi,6.2800,5.9973,0.1134,0.1134
7.9583,pi,6.2800,6.0813,0.1118,0.1118
7.9636,pi,6.2800,6.1937,0.1096,0.1096
7.9684,pi,6.2800,6.2809,0.1079,0.1079
7.9740,pi,6.2800,6.3044,0.1074,0.1074
7.9784,pi,6.2800,6.3001,0.1075,0.1075
7.9832,pi,6.2800,6.2739,0.1080,0.1080
7.9882,pi,6.2800,6.1616,0.1103,0.1103
7.9932,pi,6.2800,6.0263,0.1130,0.1130
7.9983,pi,6.2800,5.8260,0.1171,0.1171
8.0032,pi,6.2800,5.5153,0.1234,0.1234
8.0082,pi,6.2800,5.2348,0.1292,0.1292
8.0133,pi,6.2800,4.8399,0.1374,0.1374
8.0183,pi,6.2800,4.4671,0.1452,0.1452
8.0233,pi,6.2800,4.0769,0.1534,0.1534
8.0283,pi,6.2800,3.7194,0.1611,0.1611
8.0333,pi,6.2800,3.3772,0.1686,0.1686
8.0383,pi,6.2800,3.0532,0.1758,0.1758
8.0433,pi,6.2800,2.7944,0.1818,0.1818
8.0482,pi,6.2800,2.5371,0.1878,0.1878
8.0533,pi,6.2800,2.3312,0.1929,0.1929
8.0582,pi,6.2800,2.1163,0.1982,0.1982
8.0632,pi,6.2800,1.9219,0.2031,0.2031
8.0682,pi,6.2800,1.7658,0.2073,0.2073
8.0733,pi,6.2800,1.6137,0.2115,0.2115
8.0782,pi,6.2800,1.4421,0.2161,0.2161
8.0832,pi,6.2800,1.2036,0.2221,0.2221
8.0882,pi,6.2800,1.0085,0.2272,0.2272
8.0933,pi,6.2800,0.8067,0.2326,0.2326
8.0983,pi,6.2800,0.6454,0.2372,0.2372
8.1032,pi,6.2800,0.5164,0.2412,0.2412
8.1086,pi,6.2800,0.4129,0.2447,0.2447
8.1138,pi,6.2800,0.3298,0.2478,0.2478
8.1184,pi,6.2800,0.2640,0.2506,0.2506
8.1232,pi,6.2800,0.2113,0.2532,0.2532
8.1282,pi,6.2800,0.1693,0.2555,0.2555
8.1332,pi,6.2800,0.1354,0.2577,0.2577
8.1383,pi,6.2800,0.1083,0.2598,0.2598
8.1435,pi,6.2800,0.0866,0.2618,0.2618
8.1485,pi,6.2800,0.0692,0.2637,0.2637
8.1539,pi,6.2800,0.0554,0.2655,0.2655
8.1590,pi,6.2800,0.0443,0.2673,0.2673
8.1633,pi,6.2800,0.0355,0.2690,0.2690
8.1682,pi,6.2800,0.0284,0.2707,0.2707
8.1732,pi,6.2800,0.0227,0.2724,0.2724
8.1782,pi,6.2800,0.0182,0.2741,0.2741
8.1836,pi,6.2800,0.0145,0.2757,0.2757
8.1888,pi,6.2800,0.0116,0.2773,0.2773
8.1947,pi,6.2800,0.0093,0.2790,0.2790
8.2004,pi,6.2800,0.0074,0.2806,0.2806
8.2049,pi,6.2800,0.0059,0.2822,0.2822
8.2094,pi,6.2800,0.0048,0.2837,0.2837
8.2139,pi,6.2800,0.0038,0.2853,0.2853
8.2189,pi,6.2800,0.0030,0.2869,0.2869
8.2239,pi,6.2800,0.0024,0.2885,0.2885
8.2290,pi,6.2800,0.0019,0.2901,0.2901
8.2335,pi,6.2800,0.0016,0.2916,0.2916
8.2385,pi,6.2800,0.0012,0.2932,0.2932
8.2439,pi,6.2800,0.0010,0.2948,0.2948
8.2485,pi,6.2800,0.0008,0.2964,0.2964
8.2532,pi,6.2800,0.0006,0.2979,0.2979
8.2582,pi,6.2800,0.0005,0.2995,0.2995
8.2632,pi,6.2800,0.0004,0.3011,0.3011
8.2682,pi,6.2800,0.0003,0.3027,0.3027
8.2732,pi,6.2800,0.0003,0.3042,0.3042
8.2782,pi,6.2800,0.0002,0.3058,0.3058
8.2832,pi,6.2800,0.0002,0.3074,0.3074
8.2882,pi,6.2800,0.0001,0.3089,0.3089
8.2932,pi,6.2800,0.0001,0.3105,0.3105
8.2982,pi,6.2800,0.0001,0.3121,0.3121
8.3032,pi,6.2800,0.0001,0.3136,0.3136
8.3082,pi,6.2800,0.0001,0.3152,0.3152
8.3132,pi,6.2800,0.0000,0.3168,0.3168
8.3182,pi,6.2800,0.0000,0.3184,0.3184
8.3232,pi,6.2800,0.0000,0.3199,0.3199
8.3282,pi,6.2800,0.0000,0.3215,0.3215
8.3332,pi,6.2800,0.0000,0.3231,0.3231
8.3382,pi,6.2800,0.0000,0.3246,0.3246
8.3432,pi,6.2800,0.0000,0.3262,0.3262
8.3482,pi,6.2800,0.0000,0.3278,0.3278
8.3532,pi,6.2800,0.0000,0.3293,0.3293
8.3582,pi,6.2800,0.0000,0.3309,0.3309
8.3632,pi,6.2800,0.0000,0.3325,0.3325
8.3682,pi,6.2800,0.0000,0.3341,0.3341
8.3732,pi,6.2800,0.0000,0.3356,0.3356
8.3782,pi,6.2800,0.0000,0.3372,0.3372
8.3832,pi,6.2800,0.0000,0.3388,0.3388
8.3882,pi,6.2800,0.0000,0.3403,0.3403
8.3932,pi,6.2800,0.0000,0.3419,0.3419
8.3982,pi,6.2800,0.0000,0.3435,0.3435
8.4032,pi,6.2800,0.0000,0.3450,0.3450
8.4082,pi,6.2800,0.0000,0.3466,0.3466
8.4132,pi,6.2800,0.0000,0.3482,0.3482
8.4182,pi,6.2800,0.0000,0.3498,0.3498
8.4232,pi,6.2800,0.0000,0.3513,0.3513
8.4282,pi,6.2800,0.0503,0.3519,0.3519
8.4333,pi,6.2800,0.0909,0.3526,0.3526
8.4382,pi,6.2800,0.1181,0.3537,0.3537
8.4432,pi,6.2800,0.1402,0.3547,0.3547
8.4482,pi,6.2800,0.1624,0.3558,0.3558
8.4532,pi,6.2800,0.1802,0.3570,0.3570
8.4582,pi,6.2800,0.1899,0.3583,0.3583
8.4632,pi,6.2800,0.1976,0.3597,0.3597
8.4683,pi,6.2800,0.2083,0.3610,0.3610
8.4732,pi,6.2800,0.2169,0.3624,0.3624
8.4782,pi,6.2800,0.2192,0.3638,0.3638
8.4832,pi,6.2800,0.1753,0.3662,0.3662
8.4883,pi,6.2800,0.1401,0.3684,0.3684
8.4933,pi,6.2800,0.1121,0.3705,0.3705
8.4982,pi,6.2800,0.0897,0.3725,0.3725
8.5032,pi,6.2800,0.0718,0.3744,0.3744
8.5083,pi,6.2800,0.0574,0.3763,0.3763
8.5132,pi,6.2800,0.0460,0.3781,0.3781
8.5182,pi,6.2800,0.0368,0.3798,0.3798
8.5232,pi,6.2800,0.0294,0.3815,0.3815
8.5282,pi,6.2800,0.0235,0.3832,0.3832
8.5332,pi,6.2800,0.0188,0.3848,0.3848
8.5382,pi,6.2800,0.0151,0.3865,0.3865
8.5432,pi,6.2800,0.0120,0.3881,0.3881
8.5482,pi,6.2800,0.0096,0.3897,0.3897
8.5532,pi,6.2800,0.0077,0.3913,0.3913
8.5582,pi,6.2800,0.0062,0.3929,0.3929
8.5632,pi,6.2800,0.0049,0.3945,0.3945
8.5682,pi,6.2800,0.0039,0.3961,0.3961
8.5732,pi,6.2800,0.0032,0.3977,0.3977
8.5782,pi,6.2800,0.0025,0.3993,0.3993
8.5832,pi,6.2800,0.0020,0.4009,0.4009
8.5882,pi,6.2800,0.0016,0.4024,0.4024
8.5932,pi,6.2800,0.0013,0.4040,0.4040
8.5982,pi,6.2800,0.0010,0.4056,0.4056
8.6032,pi,6.2800,0.0008,0.4072,0.4072
8.6082,pi,6.2800,0.0007,0.4087,0.4087
8.6132,pi,6.2800,0.0005,0.4103,0.4103
8.6182,pi,6.2800,0.0004,0.4119,0.4119
8.6232,pi,6.2800,0.0003,0.4135,0.4135
8.6282,pi,6.2800,0.0003,0.4150,0.4150
8.6332,pi,6.2800,0.0002,0.4166,0.4166
8.6382,pi,6.2800,0.0002,0.4182,0.4182
8.6432,pi,6.2800,0.0001,0.4197,0.4197
8.6483,pi,6.2800,0.0001,0.4213,0.4213
8.6532,pi,6.2800,0.0001,0.4229,0.4229
8.6582,pi,6.2800,0.0001,0.4245,0.4245
8.6632,pi,6.2800,0.0001,0.4260,0.4260
8.6683,pi,6.2800,0.0000,0.4276,0.4276
8.6732,pi,6.2800,0.0000,0.4292,0.4292
8.6784,pi,6.2800,0.0000,0.4307,0.4307
8.6832,pi,6.2800,0.0000,0.4323,0.4323
8.6883,pi,6.2800,0.0000,0.4339,0.4339
8.6932,pi,6.2800,0.0000,0.4355,0.4355
8.6982,pi,6.2800,0.0000,0.4370,0.4370
8.7032,pi,6.2800,0.0000,0.4386,0.4386
8.7083,pi,6.2800,0.0000,0.4402,0.4402
8.7132,pi,6.2800,0.0000,0.4417,0.4417
8.7182,pi,6.2800,0.0000,0.4433,0.4433
8.7233,pi,6.2800,0.0000,0.4449,0.4449
8.7282,pi,6.2800,0.0000,0.4464,0.4464
8.7332,pi,6.2800,0.0000,0.4480,0.4480
8.7382,pi,6.2800,0.0000,0.4496,0.4496
8.7432,pi,6.2800,0.0000,0.4512,0.4512
8.7483,pi,6.2800,0.0000,0.4527,0.4527
8.7532,pi,6.2800,0.0000,0.4543,0.4543
8.7582,pi,6.2800,0.0000,0.4559,0.4559
8.7632,pi,6.2800,0.0000,0.4574,0.4574
8.7682,pi,6.2800,0.0000,0.4590,0.4590
8.7732,pi,6.2800,0.0000,0.4606,0.4606
8.7782,pi,6.2800,0.0000,0.4621,0.4621
8.7832,pi,6.2800,0.0000,0.4637,0.4637
8.7883,pi,6.2800,0.0000,0.4653,0.4653
8.7934,pi,6.2800,0.0000,0.4669,0.4669
8.7982,pi,6.2800,0.0000,0.4684,0.4684
8.8033,pi,6.2800,0.0000,0.4700,0.4700
8.8083,pi,6.2800,0.0000,0.4716,0.4716
8.8132,pi,6.2800,0.0000,0.4731,0.4731
8.8182,pi,6.2800,0.0000,0.4747,0.4747
8.8232,pi,6.2800,0.0000,0.4763,0.4763
8.8283,pi,6.2800,0.0000,0.4778,0.4778
8.8333,pi,6.2800,0.0000,0.4794,0.4794
8.8383,pi,6.2800,0.0000,0.4810,0.4810
8.8432,pi,6.2800,0.0000,0.4826,0.4826
8.8482,pi,6.2800,0.0000,0.4841,0.4841
8.8532,pi,6.2800,0.0000,0.4857,0.4857
8.8582,pi,6.2800,0.0000,0.4873,0.4873
8.8632,pi,6.2800,0.0000,0.4888,0.4888
8.8682,pi,6.2800,0.0000,0.4904,0.4904
8.8733,pi,6.2800,0.0000,0.4920,0.4920
8.8782,pi,6.2800,0.0000,0.4935,0.4935
8.8832,pi,6.2800,0.0000,0.4951,0.4951
8.8882,pi,6.2800,0.0000,0.4967,0.4967
8.8933,pi,6.2800,0.0000,0.4982,0.4982
8.8982,pi,6.2800,0.0000,0.4998,0.4998
8.9033,pi,6.2800,0.0000,0.5014,0.5014
8.9083,pi,6.2800,0.0000,0.5030,0.5030
8.9132,pi,6.2800,0.0000,0.5045,0.5045
8.9182,pi,6.2800,0.0000,0.5061,0.5061
8.9232,pi,6.2800,0.0000,0.5077,0.5077
8.9282,pi,6.2800,0.0000,0.5092,0.5092
8.9333,pi,6.2800,0.0000,0.5108,0.5108
8.9388,pi,6.2800,0.0000,0.5124,0.5124
8.9436,pi,6.2800,0.0000,0.5140,0.5140
8.9488,pi,6.2800,0.0000,0.5155,0.5155
8.9532,pi,6.2800,0.0000,0.5171,0.5171
8.9581,pi,6.2800,0.0000,0.5187,0.5187
8.9632,pi,6.2800,0.0000,0.5202,0.5202
8.9686,pi,6.2800,0.0000,0.5218,0.5218
8.9736,pi,6.2800,0.0000,0.5234,0.5234
8.9788,pi,6.2800,0.0000,0.5250,0.5250
8.9832,pi,6.2800,0.0000,0.5265,0.5265
8.9882,pi,6.2800,0.0000,0.5281,0.5281
8.9932,pi,6.2800,0.0000,0.5296,0.5296
8.9982,pi,6.2800,0.0000,0.5312,0.5312
9.0032,pi,6.2800,0.0000,0.5328,0.5328
9.0083,pi,6.2800,0.0000,0.5344,0.5344
9.0132,pi,6.2800,0.0000,0.5359,0.5359
9.0183,pi,6.2800,0.0000,0.5375,0.5375
9.0232,pi,6.2800,0.0000,0.5391,0.5391
9.0283,pi,6.2800,0.0000,0.5406,0.5406
9.0332,pi,6.2800,0.0000,0.5422,0.5422
9.0383,pi,6.2800,0.0000,0.5438,0.5438
9.0432,pi,6.2800,0.0000,0.5454,0.5454
9.0483,pi,6.2800,0.0000,0.5469,0.5469
9.0533,pi,6.2800,0.0000,0.5485,0.5485
9.0582,pi,6.2800,0.0000,0.5501,0.5501
9.0632,pi,6.2800,0.0000,0.5516,0.5516
9.0682,pi,6.2800,0.0000,0.5532,0.5532
9.0733,pi,6.2800,0.0000,0.5548,0.5548
9.0782,pi,6.2800,0.0000,0.5563,0.5563
9.0832,pi,6.2800,0.0000,0.5579,0.5579
9.0882,pi,6.2800,0.0000,0.5595,0.5595
9.0932,pi,6.2800,0.0000,0.5610,0.5610
9.0982,pi,6.2800,0.0000,0.5626,0.5626
9.1032,pi,6.2800,0.0000,0.5642,0.5642
9.1083,pi,6.2800,0.0000,0.5658,0.5658
9.1134,pi,6.2800,0.0000,0.5673,0.5673
9.1184,pi,6.2800,0.0000,0.5689,0.5689
9.1235,pi,6.2800,0.0000,0.5705,0.5705
9.1284,pi,6.2800,0.0000,0.5721,0.5721
9.1333,pi,6.2800,0.0000,0.5736,0.5736
9.1382,pi,6.2800,0.0000,0.5752,0.5752
9.1432,pi,6.2800,0.0000,0.5768,0.5768
9.1485,pi,6.2800,0.0000,0.5783,0.5783
9.1533,pi,6.2800,0.0000,0.5799,0.5799
9.1582,pi,6.2800,0.0000,0.5815,0.5815
9.1633,pi,6.2800,0.0000,0.5830,0.5830
9.1682,pi,6.2800,0.0000,0.5846,0.5846
9.1732,pi,6.2800,0.0000,0.5862,0.5862
9.1783,pi,6.2800,0.0000,0.5877,0.5877
9.1834,pi,6.2800,0.0000,0.5893,0.5893
9.1882,pi,6.2800,0.0000,0.5909,0.5909
9.1932,pi,6.2800,0.0000,0.5924,0.5924
9.1983,pi,6.2800,0.0000,0.5940,0.5940
9.2033,pi,6.2800,0.0000,0.5956,0.5956
9.2082,pi,6.2800,0.0000,0.5972,0.5972
9.2132,pi,6.2800,0.0000,0.5987,0.5987
9.2183,pi,6.2800,0.0000,0.6003,0.6003
9.2232,pi,6.2800,0.0000,0.6019,0.6019
9.2282,pi,6.2800,0.0000,0.6034,0.6034
9.2332,pi,6.2800,0.0000,0.6050,0.6050
9.2383,pi,6.2800,0.0000,0.6066,0.6066
9.2433,pi,6.2800,0.0000,0.6082,0.6082
9.2482,pi,6.2800,0.0000,0.6097,0.6097
9.2533,pi,6.2800,0.0000,0.6113,0.6113
9.2582,pi,6.2800,0.0000,0.6129,0.6129
9.2633,pi,6.2800,0.0000,0.6144,0.6144
9.2682,pi,6.2800,0.0000,0.6160,0.6160
9.2732,pi,6.2800,0.0000,0.6176,0.6176
9.2782,pi,6.2800,0.0000,0.6191,0.6191
9.2832,pi,6.2800,0.0000,0.6207,0.6207
9.2882,pi,6.2800,0.0000,0.6223,0.6223
9.2932,pi,6.2800,0.0000,0.6238,0.6238
9.2982,pi,6.2800,0.0000,0.6254,0.6254
9.3032,pi,6.2800,0.0000,0.6270,0.6270
9.3083,pi,6.2800,0.0000,0.6286,0.6286
9.3133,pi,6.2800,0.0000,0.6301,0.6301
9.3183,pi,6.2800,0.0000,0.6317,0.6317
9.3232,pi,6.2800,0.0000,0.6333,0.6333
9.3283,pi,6.2800,0.0000,0.6348,0.6348
9.3333,pi,6.2800,0.0000,0.6364,0.6364
9.3382,pi,6.2800,0.0000,0.6380,0.6380
9.3432,pi,6.2800,0.0000,0.6396,0.6396
9.3482,pi,6.2800,0.0000,0.6411,0.6411
9.3533,pi,6.2800,0.0000,0.6427,0.6427
9.3582,pi,6.2800,0.0000,0.6443,0.6443
9.3632,pi,6.2800,0.0000,0.6458,0.6458
9.3683,pi,6.2800,0.0000,0.6474,0.6474
9.3733,pi,6.2800,0.0000,0.6490,0.6490
9.3782,pi,6.2800,0.0000,0.6505,0.6505
9.3832,pi,6.2800,0.0000,0.6521,0.6521
9.3882,pi,6.2800,0.0000,0.6537,0.6537
9.3932,pi,6.2800,0.0000,0.6552,0.6552
9.3983,pi,6.2800,0.0000,0.6568,0.6568
9.4032,pi,6.2800,0.0000,0.6584,0.6584
9.4082,pi,6.2800,0.0000,0.6600,0.6600
9.4133,pi,6.2800,0.0000,0.6615,0.6615
9.4182,pi,6.2800,0.0000,0.6631,0.6631
9.4232,pi,6.2800,0.0000,0.6647,0.6647
9.4282,pi,6.2800,0.0000,0.6662,0.6662
9.4332,pi,6.2800,0.0000,0.6678,0.6678
9.4382,pi,6.2800,0.0000,0.6694,0.6694
9.4432,pi,6.2800,0.0000,0.6710,0.6710
9.4482,pi,6.2800,0.0000,0.6725,0.6725
9.4532,pi,6.2800,0.0000,0.6741,0.6741
9.4582,pi,6.2800,0.0000,0.6757,0.6757
9.4633,pi,6.2800,0.0000,0.6772,0.6772
9.4682,pi,6.2800,0.0000,0.6788,0.6788
9.4733,pi,6.2800,0.0000,0.6804,0.6804
9.4782,pi,6.2800,0.0000,0.6819,0.6819
9.4832,pi,6.2800,0.0000,0.6835,0.6835
9.4882,pi,6.2800,0.0000,0.6851,0.6851
9.4933,pi,6.2800,0.0000,0.6866,0.6866
9.4982,pi,6.2800,0.0000,0.6882,0.6882
9.5032,pi,6.2800,0.0000,0.6898,0.6898
9.5083,pi,6.2800,0.0000,0.6914,0.6914
9.5132,pi,6.2800,0.0000,0.6929,0.6929
9.5182,pi,6.2800,0.0000,0.6945,0.6945
9.5232,pi,6.2800,0.0000,0.6961,0.6961
9.5282,pi,6.2800,0.0000,0.6976,0.6976
9.5332,pi,6.2800,0.0000,0.6992,0.6992
9.5382,pi,6.2800,0.0000,0.7008,0.7008
9.5432,pi,6.2800,0.0000,0.7023,0.7023
9.5482,pi,6.2800,0.0000,0.7039,0.7039
9.5532,pi,6.2800,0.0000,0.7055,0.7055
9.5582,pi,6.2800,0.0000,0.7071,0.7071
9.5632,pi,6.2800,0.0000,0.7086,0.7086
9.5682,pi,6.2800,0.0000,0.7102,0.7102
9.5733,pi,6.2800,0.0000,0.7118,0.7118
9.5785,pi,6.2800,0.0000,0.7133,0.7133
9.5839,pi,6.2800,0.0000,0.7149,0.7149
9.5885,pi,6.2800,0.0000,0.7165,0.7165
9.5932,pi,6.2800,0.0000,0.7181,0.7181
9.5982,pi,6.2800,0.0000,0.7196,0.7196
9.6032,pi,6.2800,0.0000,0.7212,0.7212
9.6083,pi,6.2800,0.0000,0.7228,0.7228
9.6132,pi,6.2800,0.0000,0.7243,0.7243
9.6182,pi,6.2800,0.0000,0.7259,0.7259
9.6232,pi,6.2800,0.0000,0.7275,0.7275
9.6282,pi,6.2800,0.0000,0.7290,0.7290
9.6332,pi,6.2800,0.0000,0.7306,0.7306
9.6383,pi,6.2800,0.0000,0.7322,0.7322
9.6432,pi,6.2800,0.0000,0.7338,0.7338
9.6482,pi,6.2800,0.0000,0.7353,0.7353
9.6532,pi,6.2800,0.0000,0.7369,0.7369
9.6582,pi,6.2800,0.0000,0.7385,0.7385
9.6632,pi,6.2800,0.0000,0.7400,0.7400
9.6683,pi,6.2800,0.0000,0.7416,0.7416
9.6733,pi,6.2800,0.0000,0.7432,0.7432
9.6783,pi,6.2800,0.0000,0.7447,0.7447
9.6841,pi,6.2800,0.0000,0.7463,0.7463
9.6895,pi,6.2800,0.0000,0.7479,0.7479
9.6936,pi,6.2800,0.0000,0.7495,0.7495
9.6982,pi,6.2800,0.0000,0.7510,0.7510
9.7032,pi,6.2800,0.0000,0.7526,0.7526
9.7083,pi,6.2800,0.0000,0.7542,0.7542
9.7132,pi,6.2800,0.0000,0.7557,0.7557
9.7182,pi,6.2800,0.0000,0.7573,0.7573
9.7232,pi,6.2800,0.0000,0.7589,0.7589
9.7282,pi,6.2800,0.0000,0.7604,0.7604
9.7332,pi,6.2800,0.0000,0.7620,0.7620
9.7382,pi,6.2800,0.0000,0.7636,0.7636
9.7432,pi,6.2800,0.0000,0.7651,0.7651
9.7482,pi,6.2800,0.0000,0.7667,0.7667
9.7533,pi,6.2800,0.0000,0.7683,0.7683
9.7582,pi,6.2800,0.0000,0.7699,0.7699
9.7634,pi,6.2800,0.0000,0.7714,0.7714
9.7684,pi,6.2800,0.0000,0.7730,0.7730
9.7738,pi,6.2800,0.0000,0.7746,0.7746
9.7790,pi,6.2800,0.0000,0.7762,0.7762
9.7841,pi,6.2800,0.0000,0.7777,0.7777
9.7882,pi,6.2800,0.0000,0.7793,0.7793
9.7933,pi,6.2800,0.0000,0.7809,0.7809
9.7982,pi,6.2800,0.0000,0.7824,0.7824
9.8032,pi,6.2800,0.0000,0.7840,0.7840
9.8083,pi,6.2800,0.0000,0.7856,0.7856
9.8132,pi,6.2800,0.0000,0.7871,0.7871
9.8182,pi,6.2800,0.0000,0.7887,0.7887
9.8232,pi,6.2800,0.0000,0.7903,0.7903
9.8282,pi,6.2800,0.0458,0.7909,0.7909
9.8333,pi,6.2800,0.0824,0.7917,0.7917
9.8382,pi,6.2800,0.1116,0.7927,0.7927
9.8432,pi,6.2800,0.1350,0.7938,0.7938
9.8482,pi,6.2800,0.1537,0.7950,0.7950
9.8532,pi,6.2800,0.1687,0.7962,0.7962
9.8583,pi,6.2800,0.1852,0.7974,0.7974
9.8632,pi,6.2800,0.1984,0.7986,0.7986
9.8682,pi,6.2800,0.2090,0.8000,0.8000
9.8733,pi,6.2800,0.2175,0.8013,0.8013
9.8782,pi,6.2800,0.2197,0.8028,0.8028
9.8832,pi,6.2800,0.1757,0.8052,0.8052
9.8882,pi,6.2800,0.1406,0.8074,0.8074
9.8932,pi,6.2800,0.1124,0.8095,0.8095
9.8982,pi,6.2800,0.0900,0.8115,0.8115
9.9033,pi,6.2800,0.0719,0.8134,0.8134
9.9082,pi,6.2800,0.0576,0.8152,0.8152
9.9132,pi,6.2800,0.0460,0.8170,0.8170
9.9182,pi,6.2800,0.0368,0.8188,0.8188
9.9233,pi,6.2800,0.0295,0.8205,0.8205
9.9284,pi,6.2800,0.0236,0.8221,0.8221
9.9334,pi,6.2800,0.0188,0.8238,0.8238
9.9383,pi,6.2800,0.0151,0.8255,0.8255
9.9432,pi,6.2800,0.0121,0.8271,0.8271
9.9484,pi,6.2800,0.0097,0.8287,0.8287
9.9533,pi,6.2800,0.0077,0.8303,0.8303
9.9586,pi,6.2800,0.0062,0.8319,0.8319
9.9634,pi,6.2800,0.0049,0.8335,0.8335
9.9684,pi,6.2800,0.0040,0.8351,0.8351
9.9733,pi,6.2800,0.0032,0.8367,0.8367
9.9782,pi,6.2800,0.0025,0.8382,0.8382
9.9832,pi,6.2800,0.0020,0.8398,0.8398
9.9882,pi,6.2800,0.0016,0.8414,0.8414
9.9933,pi,6.2800,0.0013,0.8430,0.8430
9.9982,pi,6.2800,0.0010,0.8445,0.8445
10.0032,pi,6.2800,0.0008,0.8461,0.8461
10.0082,pi,6.2800,0.0007,0.8477,0.8477
10.0133,pi,6.2800,0.0005,0.8493,0.8493
10.0184,pi,6.2800,0.0004,0.8508,0.8508
10.0232,pi,6.2800,0.0003,0.8524,0.8524
10.0282,pi,6.2800,0.0003,0.8540,0.8540
10.0333,pi,6.2800,0.0002,0.8555,0.8555
10.0383,pi,6.2800,0.0002,0.8571,0.8571
10.0432,pi,6.2800,0.0001,0.8587,0.8587
10.0482,pi,6.2800,0.0001,0.8603,0.8603
10.0532,pi,6.2800,0.0001,0.8618,0.8618
10.0582,pi,6.2800,0.0001,0.8634,0.8634
10.0632,pi,6.2800,0.0001,0.8650,0.8650
10.0687,pi,6.2800,0.0000,0.8665,0.8665
10.0736,pi,6.2800,0.0000,0.8681,0.8681
10.0782,pi,6.2800,0.0000,0.8697,0.8697
10.0832,pi,6.2800,0.0000,0.8713,0.8713
10.0882,pi,6.2800,0.0000,0.8728,0.8728
10.0933,pi,6.2800,0.0000,0.8744,0.8744
10.0982,pi,6.2800,0.0000,0.8760,0.8760
10.1033,pi,6.2800,0.0000,0.8775,0.8775
10.1084,pi,6.2800,0.0000,0.8791,0.8791
10.1134,pi,6.2800,0.0000,0.8807,0.8807
10.1186,pi,6.2800,0.0000,0.8823,0.8823
10.1241,pi,6.2800,0.0000,0.8838,0.8838
10.1282,pi,6.2800,0.0000,0.8854,0.8854
10.1332,pi,6.2800,0.0000,0.8870,0.8870
10.1382,pi,6.2800,0.0000,0.8885,0.8885
10.1436,pi,6.2800,0.0000,0.8901,0.8901
10.1489,pi,6.2800,0.0000,0.8917,0.8917
10.1536,pi,6.2800,0.0000,0.8933,0.8933
10.1582,pi,6.2800,0.0000,0.8948,0.8948
10.1632,pi,6.2800,0.0000,0.8964,0.8964
10.1682,pi,6.2800,0.0000,0.8980,0.8980
10.1732,pi,6.2800,0.0000,0.8995,0.8995
10.1782,pi,6.2800,0.0000,0.9011,0.9011
10.1833,pi,6.2800,0.0000,0.9027,0.9027
10.1882,pi,6.2800,0.0000,0.9042,0.9042
10.1932,pi,6.2800,0.0000,0.9058,0.9058
10.1985,pi,6.2800,0.0000,0.9074,0.9074
10.2032,pi,6.2800,0.0000,0.9089,0.9089
10.2082,pi,6.2800,0.0000,0.9105,0.9105
10.2132,pi,6.2800,0.0000,0.9121,0.9121
10.2182,pi,6.2800,0.0000,0.9136,0.9136
10.2233,pi,6.2800,0.0000,0.9152,0.9152
10.2282,pi,6.2800,0.0000,0.9168,0.9168
10.2332,pi,6.2800,0.0000,0.9184,0.9184
10.2382,pi,6.2800,0.0000,0.9199,0.9199
10.2433,pi,6.2800,0.0000,0.9215,0.9215
10.2482,pi,6.2800,0.0000,0.9231,0.9231
10.2532,pi,6.2800,0.0457,0.9237,0.9237
10.2583,pi,6.2800,0.0869,0.9245,0.9245
10.2632,pi,6.2800,0.1197,0.9254,0.9254
10.2682,pi,6.2800,0.1460,0.9264,0.9264
10.2732,pi,6.2800,0.1671,0.9275,0.9275
10.2782,pi,6.2800,0.1839,0.9287,0.9287
10.2832,pi,6.2800,0.1974,0.9299,0.9299
10.2882,pi,6.2800,0.2082,0.9312,0.9312
10.2932,pi,6.2800,0.2122,0.9327,0.9327
10.2982,pi,6.2800,0.2155,0.9341,0.9341
10.3032,pi,6.2800,0.1723,0.9365,0.9365
10.3084,pi,6.2800,0.1378,0.9387,0.9387
10.3133,pi,6.2800,0.1103,0.9408,0.9408
10.3183,pi,6.2800,0.0882,0.9428,0.9428
10.3233,pi,6.2800,0.0706,0.9447,0.9447
10.3283,pi,6.2800,0.0565,0.9465,0.9465
10.3332,pi,6.2800,0.0452,0.9483,0.9483
10.3382,pi,6.2800,0.0361,0.9500,0.9500
10.3433,pi,6.2800,0.0289,0.9517,0.9517
10.3482,pi,6.2800,0.0231,0.9534,0.9534
10.3532,pi,6.2800,0.0185,0.9551,0.9551
10.3583,pi,6.2800,0.0148,0.9567,0.9567
10.3632,pi,6.2800,0.0118,0.9584,0.9584
10.3684,pi,6.2800,0.0095,0.9600,0.9600
10.3732,pi,6.2800,0.0076,0.9616,0.9616
10.3783,pi,6.2800,0.0061,0.9632,0.9632
10.3833,pi,6.2800,0.0049,0.9648,0.9648
10.3883,pi,6.2800,0.0039,0.9663,0.9663
10.3932,pi,6.2800,0.0031,0.9679,0.9679
10.3982,pi,6.2800,0.0025,0.9695,0.9695
10.4033,pi,6.2800,0.0020,0.9711,0.9711
10.4082,pi,6.2800,0.0016,0.9727,0.9727
10.4132,pi,6.2800,0.0013,0.9742,0.9742
10.4183,pi,6.2800,0.0010,0.9758,0.9758
10.4234,pi,6.2800,0.0008,0.9774,0.9774
10.4283,pi,6.2800,0.0007,0.9790,0.9790
10.4333,pi,6.2800,0.0005,0.9805,0.9805
10.4382,pi,6.2800,0.0004,0.9821,0.9821
10.4432,pi,6.2800,0.0003,0.9837,0.9837
10.4481,pi,6.2800,0.0003,0.9853,0.9853
10.4532,pi,6.2800,0.0002,0.9868,0.9868
10.4583,pi,6.2800,0.0002,0.9884,0.9884
10.4632,pi,6.2800,0.0001,0.9900,0.9900
10.4682,pi,6.2800,0.0001,0.9915,0.9915
10.4732,pi,6.2800,0.0001,0.9931,0.9931
10.4782,pi,6.2800,0.0001,0.9947,0.9947
10.4832,pi,6.2800,0.0001,0.9962,0.9962
10.4883,pi,6.2800,0.0000,0.9978,0.9978
10.4933,pi,6.2800,0.0000,0.9994,0.9994
10.4982,pi,6.2800,0.0000,1.0000,1.0010
10.5033,pi,6.2800,0.0000,1.0000,1.0010
10.5082,pi,6.2800,0.0000,1.0000,1.0010
10.5132,pi,6.2800,0.0000,1.0000,1.0010
10.5182,pi,6.2800,0.0000,1.0000,1.0010
10.5233,pi,6.2800,0.0000,1.0000,1.0010
10.5282,pi,6.2800,0.0000,1.0000,1.0010
10.5332,pi,6.2800,0.0000,1.0000,1.0010
10.5383,pi,6.2800,0.0000,1.0000,1.0010
10.5432,pi,6.2800,0.0000,1.0000,1.0010
10.5482,pi,6.2800,0.0000,1.0000,1.0010
10.5532,pi,6.2800,0.0000,1.0000,1.0010
10.5583,pi,6.2800,0.0000,1.0000,1.0010
10.5632,pi,6.2800,0.0000,1.0000,1.0010
10.5682,pi,6.2800,0.0000,1.0000,1.0010
10.5732,pi,6.2800,0.0000,1.0000,1.0010
10.5782,pi,6.2800,0.0000,1.0000,1.0010
10.5833,pi,6.2800,0.0000,1.0000,1.0010
10.5882,pi,6.2800,0.0000,1.0000,1.0010
10.5932,pi,6.2800,0.0000,1.0000,1.0010
10.5982,pi,6.2800,0.0000,1.0000,1.0010
10.6033,pi,6.2800,0.0000,1.0000,1.0010
10.6082,pi,6.2800,0.0000,1.0000,1.0010
10.6133,pi,6.2800,0.0000,1.0000,1.0010
10.6182,pi,6.2800,0.0000,1.0000,1.0010
10.6232,pi,6.2800,0.0000,1.0000,1.0010
10.6282,pi,6.2800,0.0000,1.0000,1.0010
10.6332,pi,6.2800,0.0000,1.0000,1.0010
10.6382,pi,6.2800,0.0000,1.0000,1.0010
10.6432,pi,6.2800,0.0000,1.0000,1.0010
10.6483,pi,6.2800,0.0000,1.0000,1.0010
10.6532,pi,6.2800,0.0000,1.0000,1.0010
10.6582,pi,6.2800,0.0000,1.0000,1.0010
10.6632,pi,6.2800,0.0000,1.0000,1.0010
10.6683,pi,6.2800,0.0000,1.0000,1.0010
10.6732,pi,6.2800,0.0000,1.0000,1.0010
10.6782,pi,6.2800,0.0000,1.0000,1.0010
10.6833,pi,6.2800,0.0000,1.0000,1.0010
10.6882,pi,6.2800,0.0000,1.0000,1.0010
10.6932,pi,6.2800,0.0000,1.0000,1.0010
10.6982,pi,6.2800,0.0000,1.0000,1.0010
10.7032,pi,6.2800,0.0000,1.0000,1.0010
10.7083,pi,6.2800,0.0000,1.0000,1.0010
10.7133,pi,6.2800,0.0000,1.0000,1.0010
10.7182,pi,6.2800,0.0000,1.0000,1.0010
10.7233,pi,6.2800,0.0000,1.0000,1.0010
10.7282,pi,6.2800,0.0000,1.0000,1.0010
10.7332,pi,6.2800,0.0000,1.0000,1.0010
10.7383,pi,6.2800,0.0000,1.0000,1.0010
10.7432,pi,6.2800,0.0000,1.0000,1.0010
10.7483,pi,6.2800,0.0000,1.0000,1.0010
10.7532,pi,6.2800,0.0000,1.0000,1.0010
10.7582,pi,6.2800,0.0000,1.0000,1.0010
10.7632,pi,6.2800,0.0000,1.0000,1.0010
10.7683,pi,6.2800,0.0000,1.0000,1.0010
10.7732,pi,6.2800,0.0000,1.0000,1.0010
10.7782,pi,6.2800,0.0000,1.0000,1.0010
10.7833,pi,6.2800,0.0000,1.0000,1.0010
10.7882,pi,6.2800,0.0000,1.0000,1.0010
10.7932,pi,6.2800,0.0000,1.0000,1.0010
10.7982,pi,6.2800,0.0000,1.0000,1.0010
10.8033,pi,6.2800,0.0000,1.0000,1.0010
10.8082,pi,6.2800,0.0000,1.0000,1.0010
10.8132,pi,6.2800,0.0000,1.0000,1.0010
10.8183,pi,6.2800,0.0000,1.0000,1.0010
10.8232,pi,6.2800,0.0000,1.0000,1.0010
10.8282,pi,6.2800,0.0000,1.0000,1.0010
10.8333,pi,6.2800,0.0000,1.0000,1.0010
10.8383,pi,6.2800,0.0000,1.0000,1.0010
10.8437,pi,6.2800,0.0000,1.0000,1.0010
10.8485,pi,6.2800,0.0000,1.0000,1.0010
10.8536,pi,6.2800,0.0000,1.0000,1.0010
10.8583,pi,6.2800,0.0000,1.0000,1.0010
10.8632,pi,6.2800,0.0000,1.0000,1.0010
10.8682,pi,6.2800,0.0000,1.0000,1.0010
10.8733,pi,6.2800,0.0000,1.0000,1.0010
10.8783,pi,6.2800,0.0000,1.0000,1.0010
10.8832,pi,6.2800,0.0000,1.0000,1.0010
10.8883,pi,6.2800,0.0000,1.0000,1.0010
10.8932,pi,6.2800,0.0000,1.0000,1.0010
10.8982,pi,6.2800,0.0000,1.0000,1.0010
10.9032,pi,6.2800,0.0000,1.0000,1.0010
10.9083,pi,6.2800,0.0000,1.0000,1.0010
10.9133,pi,6.2800,0.0000,1.0000,1.0010
10.9182,pi,6.2800,0.0000,1.0000,1.0010
10.9233,pi,6.2800,0.0000,1.0000,1.0010
10.9285,pi,6.2800,0.0000,1.0000,1.0010
10.9333,pi,6.2800,0.0000,1.0000,1.0010
10.9382,pi,6.2800,0.0000,1.0000,1.0010
10.9433,pi,6.2800,0.0000,1.0000,1.0010
10.9482,pi,6.2800,0.0000,1.0000,1.0010
10.9532,pi,6.2800,0.0000,1.0000,1.0010
10.9582,pi,6.2800,0.0000,1.0000,1.0010
10.9634,pi,6.2800,0.0000,1.0000,1.0010
10.9684,pi,6.2800,0.0000,1.0000,1.0010
10.9732,pi,6.2800,0.0000,1.0000,1.0010
10.9790,pi,6.2800,0.0000,1.0000,1.0010
10.9845,pi,6.2800,0.0000,1.0000,1.0010
10.9894,pi,6.2800,0.0000,1.0000,1.0010
10.9931,pi,6.2800,0.0000,1.0000,1.0010
10.9982,pi,6.2800,0.0000,1.0000,1.0010
11.0032,pi,6.2800,0.0000,1.0000,1.0010
11.0086,pi,6.2800,0.0000,1.0000,1.0010
11.0135,pi,6.2800,0.0000,1.0000,1.0010
11.0182,pi,6.2800,0.0000,1.0000,1.0010
11.0233,pi,6.2800,0.0000,1.0000,1.0010
11.0282,pi,6.2800,0.0000,1.0000,1.0010
11.0332,pi,6.2800,0.0000,1.0000,1.0010
11.0383,pi,6.2800,0.0000,1.0000,1.0010
11.0433,pi,6.2800,0.0000,1.0000,1.0010
11.0482,pi,6.2800,0.0000,1.0000,1.0010
11.0533,pi,6.2800,0.0000,1.0000,1.0010
11.0582,pi,6.2800,0.0000,1.0000,1.0010
11.0633,pi,6.2800,0.0000,1.0000,1.0010
11.0682,pi,6.2800,0.0000,1.0000,1.0010
11.0733,pi,6.2800,0.0000,1.0000,1.0010
11.0783,pi,6.2800,0.0000,1.0000,1.0010
11.0832,pi,6.2800,0.0000,1.0000,1.0010
11.0882,pi,6.2800,0.0000,1.0000,1.0010
11.0933,pi,6.2800,0.0000,1.0000,1.0010
11.0983,pi,6.2800,0.0000,1.0000,1.0010
11.1033,pi,6.2800,0.0000,1.0000,1.0010
11.1084,pi,6.2800,0.0000,1.0000,1.0010
11.1133,pi,6.2800,0.0000,1.0000,1.0010
11.1182,pi,6.2800,0.0000,1.0000,1.0010
11.1233,pi,6.2800,0.0000,1.0000,1.0010
11.1285,pi,6.2800,0.0000,1.0000,1.0010
11.1333,pi,6.2800,0.0000,1.0000,1.0010
11.1382,pi,6.2800,0.0000,1.0000,1.0010
11.1432,pi,6.2800,0.0000,1.0000,1.0010
11.1483,pi,6.2800,0.0000,1.0000,1.0010
11.1534,pi,6.2800,0.0000,1.0000,1.0010
11.1582,pi,6.2800,0.0000,1.0000,1.0010
11.1633,pi,6.2800,0.0000,1.0000,1.0010
11.1682,pi,6.2800,0.0000,1.0000,1.0010
11.1732,pi,6.2800,0.0000,1.0000,1.0010
11.1784,pi,6.2800,0.0000,1.0000,1.0010
11.1832,pi,6.2800,0.0000,1.0000,1.0010
11.1883,pi,6.2800,0.0000,1.0000,1.0010
11.1933,pi,6.2800,0.0000,1.0000,1.0010
11.1982,pi,6.2800,0.0000,1.0000,1.0010
11.2033,pi,6.2800,0.0000,1.0000,1.0010
11.2083,pi,6.2800,0.0000,1.0000,1.0010
11.2133,pi,6.2800,0.0000,1.0000,1.0010
11.2182,pi,6.2800,0.0000,1.0000,1.0010
11.2233,pi,6.2800,0.0000,1.0000,1.0010
11.2282,pi,6.2800,0.0000,1.0000,1.0010
11.2332,pi,6.2800,0.0000,1.0000,1.0010
11.2382,pi,6.2800,0.0000,1.0000,1.0010
11.2432,pi,6.2800,0.0000,1.0000,1.0010
11.2482,pi,6.2800,0.0000,1.0000,1.0010
11.2532,pi,6.2800,0.0000,1.0000,1.0010
11.2582,pi,6.2800,0.0000,1.0000,1.0010
11.2632,pi,6.2800,0.0000,1.0000,1.0010
11.2683,pi,6.2800,0.0000,1.0000,1.0010
11.2733,pi,6.2800,0.0000,1.0000,1.0010
11.2782,pi,6.2800,0.0000,1.0000,1.0010
11.2833,pi,6.2800,0.0000,1.0000,1.0010
11.2882,pi,6.2800,0.0000,1.0000,1.0010
11.2932,pi,6.2800,0.0000,1.0000,1.0010
11.2982,pi,6.2800,0.0000,1.0000,1.0010
11.3032,pi,6.2800,0.0000,1.0000,1.0010
11.3083,pi,6.2800,0.0000,1.0000,1.0010
11.3132,pi,6.2800,0.0000,1.0000,1.0010
11.3182,pi,6.2800,0.0000,1.0000,1.0010
11.3232,pi,6.2800,0.0000,1.0000,1.0010
11.3282,pi,6.2800,0.0000,1.0000,1.0010
11.3333,pi,6.2800,0.0000,1.0000,1.0010
11.3382,pi,6.2800,0.0000,1.0000,1.0010
11.3433,pi,6.2800,0.0000,1.0000,1.0010
11.3482,pi,6.2800,0.0000,1.0000,1.0010
11.3532,pi,6.2800,0.0000,1.0000,1.0010
11.3582,pi,6.2800,0.0000,1.0000,1.0010
11.3632,pi,6.2800,0.0000,1.0000,1.0010
11.3682,pi,6.2800,0.0000,1.0000,1.0010
11.3732,pi,6.2800,0.0000,1.0000,1.0010
11.3783,pi,6.2800,0.0000,1.0000,1.0010
11.3832,pi,6.2800,0.0000,1.0000,1.0010
11.3883,pi,6.2800,0.0000,1.0000,1.0010
11.3932,pi,6.2800,0.0000,1.0000,1.0010
11.3982,pi,6.2800,0.0000,1.0000,1.0010
11.4033,pi,6.2800,0.0000,1.0000,1.0010
11.4082,pi,6.2800,0.0000,1.0000,1.0010
11.4132,pi,6.2800,0.0000,1.0000,1.0010
11.4182,pi,6.2800,0.0000,1.0000,1.0010
11.4233,pi,6.2800,0.0000,1.0000,1.0010
11.4282,pi,6.2800,0.0000,1.0000,1.0010
11.4332,pi,6.2800,0.0000,1.0000,1.0010
11.4382,pi,6.2800,0.0000,1.0000,1.0010
11.4433,pi,6.2800,0.0000,1.0000,1.0010
11.4482,pi,6.2800,0.0000,1.0000,1.0010
11.4532,pi,6.2800,0.0000,1.0000,1.0010
11.4582,pi,6.2800,0.0000,1.0000,1.0010
11.4632,pi,6.2800,0.0000,1.0000,1.0010
11.4683,pi,6.2800,0.0000,1.0000,1.0010
11.4732,pi,6.2800,0.0000,1.0000,1.0010
11.4783,pi,6.2800,0.0000,1.0000,1.0010
11.4833,pi,6.2800,0.0000,1.0000,1.0010
11.4882,pi,6.2800,0.0000,1.0000,1.0010
11.4932,pi,6.2800,0.0000,1.0000,1.0010
11.4983,pi,6.2800,0.0000,1.0000,1.0010
11.5033,pi,6.2800,0.0000,1.0000,1.0010
11.5082,pi,6.2800,0.0000,1.0000,1.0010
11.5132,pi,6.2800,0.0000,1.0000,1.0010
11.5182,pi,6.2800,0.0000,1.0000,1.0010
11.5233,pi,6.2800,0.0000,1.0000,1.0010
11.5282,pi,6.2800,0.0000,1.0000,1.0010
11.5332,pi,6.2800,0.0000,1.0000,1.0010
11.5382,pi,6.2800,0.0000,1.0000,1.0010
11.5433,pi,6.2800,0.0000,1.0000,1.0010
11.5482,pi,6.2800,0.0000,1.0000,1.0010
11.5532,pi,6.2800,0.0000,1.0000,1.0010
11.5582,pi,6.2800,0.0000,1.0000,1.0010
11.5632,pi,6.2800,0.0000,1.0000,1.0010
11.5683,pi,6.2800,0.0000,1.0000,1.0010
11.5732,pi,6.2800,0.0000,1.0000,1.0010
11.5782,pi,6.2800,0.0000,1.0000,1.0010
11.5832,pi,6.2800,0.0000,1.0000,1.0010
11.5883,pi,6.2800,0.0000,1.0000,1.0010
11.5932,pi,6.2800,0.0000,1.0000,1.0010
11.5982,pi,6.2800,0.0000,1.0000,1.0010
11.6032,pi,6.2800,0.0000,1.0000,1.0010
11.6082,pi,6.2800,0.0000,1.0000,1.0010
11.6132,pi,6.2800,0.0000,1.0000,1.0010
11.6184,pi,6.2800,0.0000,1.0000,1.0010
11.6233,pi,6.2800,0.0000,1.0000,1.0010
11.6282,pi,6.2800,0.0000,1.0000,1.0010
11.6332,pi,6.2800,0.0000,1.0000,1.0010
11.6382,pi,6.2800,0.0000,1.0000,1.0010
11.6433,pi,6.2800,0.0000,1.0000,1.0010
11.6482,pi,6.2800,0.0000,1.0000,1.0010
11.6532,pi,6.2800,0.0000,1.0000,1.0010
11.6583,pi,6.2800,0.0000,1.0000,1.0010
11.6633,pi,6.2800,0.0000,1.0000,1.0010
11.6682,pi,6.2800,0.0000,1.0000,1.0010
11.6733,pi,6.2800,0.0000,1.0000,1.0010
11.6782,pi,6.2800,0.0000,1.0000,1.0010
11.6833,pi,6.2800,0.0000,1.0000,1.0010
11.6882,pi,6.2800,0.0000,1.0000,1.0010
11.6932,pi,6.2800,0.0000,1.0000,1.0010
11.6982,pi,6.2800,0.0000,1.0000,1.0010
11.7033,pi,6.2800,0.0000,1.0000,1.0010
11.7082,pi,6.2800,0.0000,1.0000,1.0010
11.7133,pi,6.2800,0.0000,1.0000,1.0010
11.7183,pi,6.2800,0.0000,1.0000,1.0010
11.7232,pi,6.2800,0.0000,1.0000,1.0010
11.7283,pi,6.2800,0.0000,1.0000,1.0010
11.7332,pi,6.2800,0.0000,1.0000,1.0010
11.7382,pi,6.2800,0.0000,1.0000,1.0010
11.7432,pi,6.2800,0.0000,1.0000,1.0010
11.7482,pi,6.2800,0.0000,1.0000,1.0010
11.7532,pi,6.2800,0.0000,1.0000,1.0010
11.7582,pi,6.2800,0.0000,1.0000,1.0010
11.7633,pi,6.2800,0.0000,1.0000,1.0010
11.7682,pi,6.2800,0.0000,1.0000,1.0010
11.7733,pi,6.2800,0.0000,1.0000,1.0010
11.7783,pi,6.2800,0.0000,1.0000,1.0010
11.7832,pi,6.2800,0.0000,1.0000,1.0010
11.7887,pi,6.2800,0.0000,1.0000,1.0010
11.7942,pi,6.2800,0.0000,1.0000,1.0010
11.7992,pi,6.2800,0.0000,1.0000,1.0010
11.8040,pi,6.2800,0.0000,1.0000,1.0010
11.8088,pi,6.2800,0.0000,1.0000,1.0010
11.8137,pi,6.2800,0.0000,1.0000,1.0010
11.8187,pi,6.2800,0.0000,1.0000,1.0010
11.8240,pi,6.2800,0.0000,1.0000,1.0010
11.8284,pi,6.2800,0.0000,1.0000,1.0010
11.8334,pi,6.2800,0.0000,1.0000,1.0010
11.8383,pi,6.2800,0.0000,1.0000,1.0010
11.8438,pi,6.2800,0.0000,1.0000,1.0010
11.8488,pi,6.2800,0.0000,1.0000,1.0010
11.8538,pi,6.2800,0.0000,1.0000,1.0010
11.8587,pi,6.2800,0.0000,1.0000,1.0010
11.8637,pi,6.2800,0.0000,1.0000,1.0010
11.8687,pi,6.2800,0.0000,1.0000,1.0010
11.8737,pi,6.2800,0.0000,1.0000,1.0010
11.8787,pi,6.2800,0.0000,1.0000,1.0010
11.8836,pi,6.2800,0.0000,1.0000,1.0010
11.8886,pi,6.2800,0.0000,1.0000,1.0010
11.8935,pi,6.2800,0.0000,1.0000,1.0010
11.8985,pi,6.2800,0.0000,1.0000,1.0010
11.9035,pi,6.2800,0.0000,1.0000,1.0010
11.9089,pi,6.2800,0.0000,1.0000,1.0010
11.9139,pi,6.2800,0.0000,1.0000,1.0010
11.9189,pi,6.2800,0.0000,1.0000,1.0010
11.9242,pi,6.2800,0.0000,1.0000,1.0010
11.9286,pi,6.2800,0.0000,1.0000,1.0010
11.9334,pi,6.2800,0.0000,1.0000,1.0010
11.9384,pi,6.2800,0.0000,1.0000,1.0010
11.9436,pi,6.2800,0.0000,1.0000,1.0010
11.9487,pi,6.2800,0.0000,1.0000,1.0010
11.9532,pi,6.2800,0.0000,1.0000,1.0010
11.9585,pi,6.2800,0.0000,1.0000,1.0010
11.9632,pi,6.2800,0.0000,1.0000,1.0010
11.9682,pi,6.2800,0.0000,1.0000,1.0010
11.9732,pi,6.2800,0.0000,1.0000,1.0010
11.9784,pi,6.2800,0.0000,1.0000,1.0010
11.9837,pi,6.2800,0.0000,1.0000,1.0010
11.9888,pi,6.2800,0.0000,1.0000,1.0010
11.9936,pi,6.2800,0.0000,1.0000,1.0010
11.9986,pi,6.2800,0.0000,1.0000,1.0010
12.0039,pi,6.2800,0.0000,1.0000,1.0010
12.0085,pi,6.2800,0.0000,1.0000,1.0010
12.0138,pi,6.2800,0.0000,1.0000,1.0010
12.0187,pi,6.2800,0.0000,1.0000,1.0010
12.0239,pi,6.2800,0.0000,1.0000,1.0010
12.0288,pi,6.2800,0.0000,1.0000,1.0010
12.0334,pi,6.2800,0.0000,1.0000,1.0010
12.0384,pi,6.2800,0.0000,1.0000,1.0010
12.0434,pi,6.2800,0.0000,1.0000,1.0010
12.0487,pi,6.2800,0.0000,1.0000,1.0010
12.0542,pi,6.2800,0.0000,1.0000,1.0010
12.0593,pi,6.2800,0.0000,1.0000,1.0010
12.0635,pi,6.2800,0.0000,1.0000,1.0010
12.0689,pi,6.2800,0.0000,1.0000,1.0010
12.0759,pi,6.2800,0.0000,1.0000,1.0010
12.0809,pi,6.2800,0.0000,1.0000,1.0010
12.0869,pi,6.2800,0.0000,1.0000,1.0010
12.0929,pi,6.2800,0.0000,1.0000,1.0010
12.0994,pi,6.2800,0.0000,1.0000,1.0010
12.1057,pi,6.2800,0.0000,1.0000,1.0010
12.1119,pi,6.2800,0.0000,1.0000,1.0010
12.1167,pi,6.2800,0.0000,1.0000,1.0010
12.1211,pi,6.2800,0.0000,1.0000,1.0010
12.1259,pi,6.2800,0.0000,1.0000,1.0010
12.1305,pi,6.2800,0.0000,1.0000,1.0010
12.1352,pi,6.2800,0.0000,1.0000,1.0010
12.1398,pi,6.2800,0.0000,1.0000,1.0010
12.1442,pi,6.2800,0.0000,1.0000,1.0010
12.1488,pi,6.2800,0.0000,1.0000,1.0010
12.1547,pi,6.2800,0.0000,1.0000,1.0010
12.1592,pi,6.2800,0.0000,1.0000,1.0010
12.1630,pi,6.2800,0.0000,1.0000,1.0010
12.1668,pi,6.2800,0.0000,1.0000,1.0010
12.1706,pi,6.2800,0.0000,1.0000,1.0010
12.1745,pi,6.2800,0.0000,1.0000,1.0010
12.1783,pi,6.2800,0.0000,1.0000,1.0010
12.1832,pi,6.2800,0.0000,1.0000,1.0010
12.1883,pi,6.2800,0.0000,1.0000,1.0010
12.1933,pi,6.2800,0.0000,1.0000,1.0010
12.1983,pi,6.2800,0.0000,1.0000,1.0010
12.2032,pi,6.2800,0.0000,1.0000,1.0010
12.2082,pi,6.2800,0.0000,1.0000,1.0010
12.2135,pi,6.2800,0.0000,1.0000,1.0010
12.2182,pi,6.2800,0.0000,1.0000,1.0010
12.2232,pi,6.2800,0.0000,1.0000,1.0010
12.2282,pi,6.2800,0.0000,1.0000,1.0010
12.2333,pi,6.2800,0.0000,1.0000,1.0010
12.2384,pi,6.2800,0.0000,1.0000,1.0010
12.2432,pi,6.2800,0.0000,1.0000,1.0010
12.2483,pi,6.2800,0.0000,1.0000,1.0010
12.2532,pi,6.2800,0.0000,1.0000,1.0010
12.2583,pi,6.2800,0.0000,1.0000,1.0010
12.2632,pi,6.2800,0.0000,1.0000,1.0010
12.2683,pi,6.2800,0.0000,1.0000,1.0010
12.2732,pi,6.2800,0.0000,1.0000,1.0010
12.2782,pi,6.2800,0.0000,1.0000,1.0010
12.2832,pi,6.2800,0.0000,1.0000,1.0010
12.2882,pi,6.2800,0.0000,1.0000,1.0010
12.2932,pi,6.2800,0.0000,1.0000,1.0010
12.2982,pi,6.2800,0.0000,1.0000,1.0010
12.3032,pi,6.2800,0.0000,1.0000,1.0010
12.3082,pi,6.2800,0.0000,1.0000,1.0010
12.3133,pi,6.2800,0.0000,1.0000,1.0010
12.3183,pi,6.2800,0.0000,1.0000,1.0010
12.3234,pi,6.2800,0.0000,1.0000,1.0010
12.3286,pi,6.2800,0.0000,1.0000,1.0010
12.3333,pi,6.2800,0.0000,1.0000,1.0010
12.3382,pi,6.2800,0.0000,1.0000,1.0010
12.3434,pi,6.2800,0.0000,1.0000,1.0010
12.3483,pi,6.2800,0.0000,1.0000,1.0010
12.3532,pi,6.2800,0.0000,1.0000,1.0010
12.3582,pi,6.2800,0.0000,1.0000,1.0010
12.3632,pi,6.2800,0.0000,1.0000,1.0010
12.3682,pi,6.2800,0.0000,1.0000,1.0010
12.3732,pi,6.2800,0.0000,1.0000,1.0010
12.3782,pi,6.2800,0.0000,1.0000,1.0010
12.3832,pi,6.2800,0.0000,1.0000,1.0010
12.3883,pi,6.2800,0.0000,1.0000,1.0010
12.3932,pi,6.2800,0.0000,1.0000,1.0010
12.3982,pi,6.2800,0.0000,1.0000,1.0010
12.4032,pi,6.2800,0.0000,1.0000,1.0010
12.4082,pi,6.2800,0.0000,1.0000,1.0010
12.4132,pi,6.2800,0.0000,1.0000,1.0010
12.4182,pi,6.2800,0.0000,1.0000,1.0010
12.4232,pi,6.2800,0.0000,1.0000,1.0010
12.4282,pi,6.2800,0.0000,1.0000,1.0010
12.4332,pi,6.2800,0.0000,1.0000,1.0010
12.4382,pi,6.2800,0.0000,1.0000,1.0010
12.4432,pi,6.2800,0.0000,1.0000,1.0010
12.4482,pi,6.2800,0.0000,1.0000,1.0010
12.4533,pi,6.2800,0.0000,1.0000,1.0010
12.4582,pi,6.2800,0.0000,1.0000,1.0010
12.4632,pi,6.2800,0.0000,1.0000,1.0010
12.4683,pi,6.2800,0.0000,1.0000,1.0010
12.4732,pi,6.2800,0.0000,1.0000,1.0010
12.4782,pi,6.2800,0.0000,1.0000,1.0010
12.4832,pi,6.2800,0.0000,1.0000,1.0010
12.4882,pi,6.2800,0.0000,1.0000,1.0010
12.4932,pi,6.2800,0.0000,1.0000,1.0010
12.4982,pi,6.2800,0.0000,1.0000,1.0010
12.5032,pi,6.2800,0.0000,1.0000,1.0010
12.5082,pi,6.2800,0.0000,1.0000,1.0010
12.5132,pi,6.2800,0.0000,1.0000,1.0010
12.5186,pi,6.2800,0.0000,1.0000,1.0010
12.5242,pi,6.2800,0.0000,1.0000,1.0010
12.5290,pi,6.2800,0.0000,1.0000,1.0010
12.5341,pi,6.2800,0.0000,1.0000,1.0010
12.5387,pi,6.2800,0.0000,1.0000,1.0010
12.5455,pi,6.2800,0.0000,1.0000,1.0010
12.5521,pi,6.2800,0.0000,1.0000,1.0010
12.5569,pi,6.2800,0.0000,1.0000,1.0010
12.5629,pi,6.2800,0.0000,1.0000,1.0010
12.5678,pi,6.2800,0.0000,1.0000,1.0010
12.5730,pi,6.2800,0.0000,1.0000,1.0010
12.5780,pi,6.2800,0.0000,1.0000,1.0010
12.5849,pi,6.2800,0.0000,1.0000,1.0010
12.5916,pi,6.2800,0.0000,1.0000,1.0010
12.5965,pi,6.2800,0.0000,1.0000,1.0010
12.6012,pi,6.2800,0.0000,1.0000,1.0010
12.6060,pi,6.2800,0.0000,1.0000,1.0010
12.6117,pi,6.2800,0.0000,1.0000,1.0010
12.6161,pi,6.2800,0.0000,1.0000,1.0010
12.6212,pi,6.2800,0.0000,1.0000,1.0010
12.6270,pi,6.2800,0.0000,1.0000,1.0010
12.6336,pi,6.2800,0.0000,1.0000,1.0010
12.6394,pi,6.2800,0.0000,1.0000,1.0010
12.6445,pi,6.2800,0.0000,1.0000,1.0010
12.6506,pi,6.2800,0.0000,1.0000,1.0010
12.6554,pi,6.2800,0.0000,1.0000,1.0010
12.6602,pi,6.2800,0.0000,1.0000,1.0010
12.6661,pi,6.2800,0.0000,1.0000,1.0010
12.6735,pi,6.2800,0.0000,1.0000,1.0010
12.6789,pi,6.2800,0.0000,1.0000,1.0010
12.6838,pi,6.2800,0.0000,1.0000,1.0010
12.6881,pi,6.2800,0.0000,1.0000,1.0010
12.6926,pi,6.2800,0.0000,1.0000,1.0010
12.6969,pi,6.2800,0.0000,1.0000,1.0010
12.7010,pi,6.2800,0.0000,1.0000,1.0010
12.7052,pi,6.2800,0.0000,1.0000,1.0010
12.7093,pi,6.2800,0.0000,1.0000,1.0010
12.7136,pi,6.2800,0.0000,1.0000,1.0010
12.7177,pi,6.2800,0.0000,1.0000,1.0010
12.7220,pi,6.2800,0.0000,1.0000,1.0010
12.7268,pi,6.2800,0.0000,1.0000,1.0010
12.7308,pi,6.2800,0.0000,1.0000,1.0010
12.7348,pi,6.2800,0.0000,1.0000,1.0010
12.7388,pi,6.2800,0.0000,1.0000,1.0010
12.7428,pi,6.2800,0.0000,1.0000,1.0010
12.7467,pi,6.2800,0.0000,1.0000,1.0010
12.7507,pi,6.2800,0.0000,1.0000,1.0010
12.7547,pi,6.2800,0.0000,1.0000,1.0010
12.7587,pi,6.2800,0.0000,1.0000,1.0010
12.7633,pi,6.2800,0.0000,1.0000,1.0010
12.7683,pi,6.2800,0.0000,1.0000,1.0010
12.7733,pi,6.2800,0.0000,1.0000,1.0010
12.7783,pi,6.2800,0.0000,1.0000,1.0010
12.7834,pi,6.2800,0.0000,1.0000,1.0010
12.7883,pi,6.2800,0.0000,1.0000,1.0010
12.7932,pi,6.2800,0.0000,1.0000,1.0010
12.7983,pi,6.2800,0.0000,1.0000,1.0010
12.8033,pi,6.2800,0.0000,1.0000,1.0010
12.8083,pi,6.2800,0.0000,1.0000,1.0010
12.8133,pi,6.2800,0.0000,1.0000,1.0010
12.8183,pi,6.2800,0.0000,1.0000,1.0010
12.8232,pi,6.2800,0.0000,1.0000,1.0010
12.8282,pi,6.2800,0.0000,1.0000,1.0010
12.8333,pi,6.2800,0.0000,1.0000,1.0010
12.8383,pi,6.2800,0.0000,1.0000,1.0010
12.8434,pi,6.2800,0.0000,1.0000,1.0010
12.8484,pi,6.2800,0.0000,1.0000,1.0010
12.8533,pi,6.2800,0.0000,1.0000,1.0010
12.8582,pi,6.2800,0.0000,1.0000,1.0010
12.8633,pi,6.2800,0.0000,1.0000,1.0010
12.8684,pi,6.2800,0.0000,1.0000,1.0010
12.8733,pi,6.2800,0.0000,1.0000,1.0010
12.8782,pi,6.2800,0.0000,1.0000,1.0010
12.8834,pi,6.2800,0.0000,1.0000,1.0010
12.8883,pi,6.2800,0.0000,1.0000,1.0010
12.8934,pi,6.2800,0.0000,1.0000,1.0010
12.8983,pi,6.2800,0.0000,1.0000,1.0010
12.9033,pi,6.2800,0.0000,1.0000,1.0010
12.9084,pi,6.2800,0.0000,1.0000,1.0010
12.9134,pi,6.2800,0.0000,1.0000,1.0010
12.9183,pi,6.2800,0.0000,1.0000,1.0010
12.9233,pi,6.2800,0.0000,1.0000,1.0010
12.9283,pi,6.2800,0.0000,1.0000,1.0010
12.9334,pi,6.2800,0.0000,1.0000,1.0010
12.9383,pi,6.2800,0.0000,1.0000,1.0010
12.9433,pi,6.2800,0.0000,1.0000,1.0010
12.9484,pi,6.2800,0.0000,1.0000,1.0010
12.9533,pi,6.2800,0.0000,1.0000,1.0010
12.9582,pi,6.2800,0.0000,1.0000,1.0010
12.9634,pi,6.2800,0.0000,1.0000,1.0010
12.9683,pi,6.2800,0.0000,1.0000,1.0010
12.9733,pi,6.2800,0.0000,1.0000,1.0010
12.9782,pi,6.2800,0.0000,1.0000,1.0010
12.9833,pi,6.2800,0.0000,1.0000,1.0010
12.9884,pi,6.2800,0.0000,1.0000,1.0010
12.9934,pi,6.2800,0.0000,1.0000,1.0010
12.9983,pi,6.2800,0.0000,1.0000,1.0010
13.0032,pi,6.2800,0.0000,1.0000,1.0010
13.0083,pi,6.2800,0.0000,1.0000,1.0010
13.0132,pi,6.2800,0.0000,1.0000,1.0010
13.0183,pi,6.2800,0.0000,1.0000,1.0010
13.0232,pi,6.2800,0.0000,1.0000,1.0010
13.0282,pi,6.2800,0.0000,1.0000,1.0010
13.0333,pi,6.2800,0.0000,1.0000,1.0010
13.0383,pi,6.2800,0.0000,1.0000,1.0010
13.0433,pi,6.2800,0.0000,1.0000,1.0010
13.0483,pi,6.2800,0.0000,1.0000,1.0010
13.0533,pi,6.2800,0.0000,1.0000,1.0010
13.0583,pi,6.2800,0.0000,1.0000,1.0010
13.0633,pi,6.2800,0.0000,1.0000,1.0010
13.0683,pi,6.2800,0.0000,1.0000,1.0010
13.0734,pi,6.2800,0.0000,1.0000,1.0010
13.0785,pi,6.2800,0.0000,1.0000,1.0010
13.0835,pi,6.2800,0.0000,1.0000,1.0010
13.0884,pi,6.2800,0.0000,1.0000,1.0010
13.0934,pi,6.2800,0.0000,1.0000,1.0010
13.0984,pi,6.2800,0.0000,1.0000,1.0010
13.1051,pi,6.2800,0.0000,1.0000,1.0010
13.1092,pi,6.2800,0.0000,1.0000,1.0010
13.1136,pi,6.2800,0.0000,1.0000,1.0010
13.1188,pi,6.2800,0.0000,1.0000,1.0010
13.1234,pi,6.2800,0.0000,1.0000,1.0010
13.1284,pi,6.2800,0.0000,1.0000,1.0010
13.1341,pi,6.2800,0.0000,1.0000,1.0010
13.1392,pi,6.2800,0.0000,1.0000,1.0010
13.1440,pi,6.2800,0.0000,1.0000,1.0010
13.1487,pi,6.2800,0.0000,1.0000,1.0010
13.1532,pi,6.2800,0.0000,1.0000,1.0010
13.1589,pi,6.2800,0.0000,1.0000,1.0010
13.1639,pi,6.2800,0.0000,1.0000,1.0010
13.1685,pi,6.2800,0.0000,1.0000,1.0010
13.1750,pi,6.2800,0.0000,1.0000,1.0010
13.1804,pi,6.2800,0.0000,1.0000,1.0010
13.1857,pi,6.2800,0.0000,1.0000,1.0010
13.1901,pi,6.2800,0.0000,1.0000,1.0010
13.1946,pi,6.2800,0.0000,1.0000,1.0010
13.1991,pi,6.2800,0.0000,1.0000,1.0010
13.2043,pi,6.2800,0.0000,1.0000,1.0010
13.2088,pi,6.2800,0.0000,1.0000,1.0010
13.2139,pi,6.2800,0.0000,1.0000,1.0010
13.2186,pi,6.2800,0.0000,1.0000,1.0010
13.2232,pi,6.2800,0.0000,1.0000,1.0010
13.2282,pi,6.2800,0.0000,1.0000,1.0010
13.2333,pi,6.2800,0.0000,1.0000,1.0010
13.2386,pi,6.2800,0.0000,1.0000,1.0010
13.2436,pi,6.2800,0.0000,1.0000,1.0010
13.2491,pi,6.2800,0.0000,1.0000,1.0010
13.2540,pi,6.2800,0.0000,1.0000,1.0010
13.2586,pi,6.2800,0.0000,1.0000,1.0010
13.2639,pi,6.2800,0.0000,1.0000,1.0010
13.2687,pi,6.2800,0.0000,1.0000,1.0010
13.2757,pi,6.2800,0.0000,1.0000,1.0010
13.2807,pi,6.2800,0.0000,1.0000,1.0010
13.2846,pi,6.2800,0.0000,1.0000,1.0010
13.2891,pi,6.2800,0.0000,1.0000,1.0010
13.2937,pi,6.2800,0.0000,1.0000,1.0010
13.2982,pi,6.2800,0.0000,1.0000,1.0010
13.3032,pi,6.2800,0.0000,1.0000,1.0010
13.3082,pi,6.2800,0.0000,1.0000,1.0010
13.3132,pi,6.2800,0.0000,1.0000,1.0010
13.3182,pi,6.2800,0.0000,1.0000,1.0010
13.3232,pi,6.2800,0.0000,1.0000,1.0010
13.3282,pi,6.2800,0.0000,1.0000,1.0010
13.3334,pi,6.2800,0.0000,1.0000,1.0010
13.3383,pi,6.2800,0.0000,1.0000,1.0010
13.3432,pi,6.2800,0.0000,1.0000,1.0010
13.3484,pi,6.2800,0.0000,1.0000,1.0010
13.3532,pi,6.2800,0.0000,1.0000,1.0010
13.3582,pi,6.2800,0.0000,1.0000,1.0010
13.3632,pi,6.2800,0.0000,1.0000,1.0010
13.3682,pi,6.2800,0.0000,1.0000,1.0010
13.3733,pi,6.2800,0.0000,1.0000,1.0010
13.3782,pi,6.2800,0.0000,1.0000,1.0010
13.3832,pi,6.2800,0.0000,1.0000,1.0010
13.3882,pi,6.2800,0.0000,1.0000,1.0010
13.3932,pi,6.2800,0.0000,1.0000,1.0010
13.3983,pi,6.2800,0.0000,1.0000,1.0010
13.4032,pi,6.2800,0.0000,1.0000,1.0010
13.4082,pi,6.2800,0.0000,1.0000,1.0010
13.4132,pi,6.2800,0.0000,1.0000,1.0010
13.4183,pi,6.2800,0.0000,1.0000,1.0010
13.4232,pi,6.2800,0.0000,1.0000,1.0010
13.4282,pi,6.2800,0.0000,1.0000,1.0010
13.4333,pi,6.2800,0.0000,1.0000,1.0010
13.4382,pi,6.2800,0.0000,1.0000,1.0010
13.4434,pi,6.2800,0.0000,1.0000,1.0010
13.4483,pi,6.2800,0.0000,1.0000,1.0010
13.4532,pi,6.2800,0.0000,1.0000,1.0010
13.4583,pi,6.2800,0.0000,1.0000,1.0010
13.4632,pi,6.2800,0.0000,1.0000,1.0010
13.4682,pi,6.2800,0.0000,1.0000,1.0010
13.4732,pi,6.2800,0.0000,1.0000,1.0010
13.4782,pi,6.2800,0.0000,1.0000,1.0010
13.4834,pi,6.2800,0.0000,1.0000,1.0010
13.4884,pi,6.2800,0.0000,1.0000,1.0010
13.4932,pi,6.2800,0.0000,1.0000,1.0010
13.4983,pi,6.2800,0.0000,1.0000,1.0010
13.5032,pi,6.2800,0.0000,1.0000,1.0010
13.5088,pi,6.2800,0.0000,1.0000,1.0010
13.5144,pi,6.2800,0.0000,1.0000,1.0010
13.5194,pi,6.2800,0.0000,1.0000,1.0010
13.5240,pi,6.2800,0.0000,1.0000,1.0010
13.5301,pi,6.2800,0.0000,1.0000,1.0010
13.5369,pi,6.2800,0.0000,1.0000,1.0010
13.5422,pi,6.2800,0.0000,1.0000,1.0010
13.5471,pi,6.2800,0.0000,1.0000,1.0010
13.5518,pi,6.2800,0.0000,1.0000,1.0010
13.5559,pi,6.2800,0.0000,1.0000,1.0010
13.5597,pi,6.2800,0.0000,1.0000,1.0010
13.5636,pi,6.2800,0.0000,1.0000,1.0010
13.5682,pi,6.2800,0.0000,1.0000,1.0010
13.5732,pi,6.2800,0.0000,1.0000,1.0010
13.5782,pi,6.2800,0.0000,1.0000,1.0010
13.5833,pi,6.2800,0.0000,1.0000,1.0010
13.5883,pi,6.2800,0.0000,1.0000,1.0010
13.5932,pi,6.2800,0.0000,1.0000,1.0010
13.5982,pi,6.2800,0.0000,1.0000,1.0010
13.6032,pi,6.2800,0.0000,1.0000,1.0010
13.6082,pi,6.2800,0.0000,1.0000,1.0010
13.6132,pi,6.2800,0.0000,1.0000,1.0010
13.6182,pi,6.2800,0.0000,1.0000,1.0010
13.6235,pi,6.2800,0.0000,1.0000,1.0010
13.6284,pi,6.2800,0.0000,1.0000,1.0010
13.6333,pi,6.2800,0.0000,1.0000,1.0010
13.6381,pi,6.2800,0.0000,1.0000,1.0010
13.6432,pi,6.2800,0.0000,1.0000,1.0010
13.6482,pi,6.2800,0.0000,1.0000,1.0010
13.6533,pi,6.2800,0.0000,1.0000,1.0010
13.6582,pi,6.2800,0.0000,1.0000,1.0010
13.6632,pi,6.2800,0.0000,1.0000,1.0010
13.6682,pi,6.2800,0.0000,1.0000,1.0010
13.6733,pi,6.2800,0.0000,1.0000,1.0010
13.6783,pi,6.2800,0.0000,1.0000,1.0010
13.6833,pi,6.2800,0.0000,1.0000,1.0010
13.6882,pi,6.2800,0.0000,1.0000,1.0010
13.6932,pi,6.2800,0.0000,1.0000,1.0010
13.6982,pi,6.2800,0.0000,1.0000,1.0010
13.7032,pi,6.2800,0.0000,1.0000,1.0010
13.7082,pi,6.2800,0.0000,1.0000,1.0010
13.7132,pi,6.2800,0.0000,1.0000,1.0010
13.7183,pi,6.2800,0.0000,1.0000,1.0010
13.7232,pi,6.2800,0.0000,1.0000,1.0010
13.7282,pi,6.2800,0.0000,1.0000,1.0010
13.7332,pi,6.2800,0.0000,1.0000,1.0010
13.7382,pi,6.2800,0.0000,1.0000,1.0010
13.7432,pi,6.2800,0.0000,1.0000,1.0010
13.7483,pi,6.2800,0.0000,1.0000,1.0010
13.7532,pi,6.2800,0.0000,1.0000,1.0010
13.7582,pi,6.2800,0.0000,1.0000,1.0010
13.7633,pi,6.2800,0.0000,1.0000,1.0010
13.7682,pi,6.2800,0.0000,1.0000,1.0010
13.7732,pi,6.2800,0.0000,1.0000,1.0010
13.7782,pi,6.2800,0.0000,1.0000,1.0010
13.7832,pi,6.2800,0.0000,1.0000,1.0010
13.7883,pi,6.2800,0.0000,1.0000,1.0010
13.7932,pi,6.2800,0.0000,1.0000,1.0010
13.7983,pi,6.2800,0.0000,1.0000,1.0010
13.8032,pi,6.2800,0.0000,1.0000,1.0010
13.8083,pi,6.2800,0.0000,1.0000,1.0010
13.8132,pi,6.2800,0.0000,1.0000,1.0010
13.8183,pi,6.2800,0.0000,1.0000,1.0010
13.8233,pi,6.2800,0.0000,1.0000,1.0010
13.8282,pi,6.2800,0.0000,1.0000,1.0010
13.8332,pi,6.2800,0.0000,1.0000,1.0010
13.8382,pi,6.2800,0.0000,1.0000,1.0010
13.8432,pi,6.2800,0.0000,1.0000,1.0010
13.8482,pi,6.2800,0.0000,1.0000,1.0010
13.8532,pi,6.2800,0.0000,1.0000,1.0010
13.8582,pi,6.2800,0.0000,1.0000,1.0010
13.8633,pi,6.2800,0.0000,1.0000,1.0010
13.8682,pi,6.2800,0.0000,1.0000,1.0010
13.8732,pi,6.2800,0.0000,1.0000,1.0010
13.8782,pi,6.2800,0.0000,1.0000,1.0010
13.8833,pi,6.2800,0.0000,1.0000,1.0010
13.8882,pi,6.2800,0.0000,1.0000,1.0010
13.8932,pi,6.2800,0.0000,1.0000,1.0010
13.8983,pi,6.2800,0.0000,1.0000,1.0010
13.9032,pi,6.2800,0.0000,1.0000,1.0010
13.9082,pi,6.2800,0.0000,1.0000,1.0010
13.9132,pi,6.2800,0.0000,1.0000,1.0010
13.9183,pi,6.2800,0.0000,1.0000,1.0010
13.9232,pi,6.2800,0.0000,1.0000,1.0010
13.9284,pi,6.2800,0.0000,1.0000,1.0010
13.9332,pi,6.2800,0.0000,1.0000,1.0010
13.9382,pi,6.2800,0.0000,1.0000,1.0010
13.9432,pi,6.2800,0.0000,1.0000,1.0010
13.9483,pi,6.2800,0.0000,1.0000,1.0010
13.9532,pi,6.2800,0.0000,1.0000,1.0010
13.9582,pi,6.2800,0.0000,1.0000,1.0010
13.9632,pi,6.2800,0.0000,1.0000,1.0010
13.9682,pi,6.2800,0.0000,1.0000,1.0010
13.9732,pi,6.2800,0.0000,1.0000,1.0010
13.9782,pi,6.2800,0.0000,1.0000,1.0010
13.9833,pi,6.2800,0.0000,1.0000,1.0010
13.9882,pi,6.2800,0.0000,1.0000,1.0010
13.9932,pi,6.2800,0.0000,1.0000,1.0010
13.9982,pi,6.2800,0.0000,1.0000,1.0010
14.0032,pi,6.2800,0.0000,1.0000,1.0010
14.0083,pi,6.2800,0.0000,1.0000,1.0010
14.0132,pi,6.2800,0.0000,1.0000,1.0010
14.0183,pi,6.2800,0.0000,1.0000,1.0010
14.0233,pi,6.2800,0.0000,1.0000,1.0010
14.0282,pi,6.2800,0.0000,1.0000,1.0010
14.0332,pi,6.2800,0.0000,1.0000,1.0010
14.0382,pi,6.2800,0.0000,1.0000,1.0010
14.0433,pi,6.2800,0.0000,1.0000,1.0010
14.0483,pi,6.2800,0.0000,1.0000,1.0010
14.0533,pi,6.2800,0.0000,1.0000,1.0010
14.0582,pi,6.2800,0.0000,1.0000,1.0010
14.0633,pi,6.2800,0.0000,1.0000,1.0010
14.0682,pi,6.2800,0.0000,1.0000,1.0010
14.0733,pi,6.2800,0.0000,1.0000,1.0010
14.0783,pi,6.2800,0.0000,1.0000,1.0010
14.0838,pi,6.2800,0.0000,1.0000,1.0010
14.0889,pi,6.2800,0.0000,1.0000,1.0010
14.0941,pi,6.2800,0.0000,1.0000,1.0010
14.0989,pi,6.2800,0.0000,1.0000,1.0010
14.1035,pi,6.2800,0.0000,1.0000,1.0010
14.1088,pi,6.2800,0.0000,1.0000,1.0010
14.1132,pi,6.2800,0.0000,1.0000,1.0010
14.1184,pi,6.2800,0.0000,1.0000,1.0010
14.1232,pi,6.2800,0.0000,1.0000,1.0010
14.1285,pi,6.2800,0.0000,1.0000,1.0010
14.1337,pi,6.2800,0.0000,1.0000,1.0010
14.1387,pi,6.2800,0.0000,1.0000,1.0010
14.1432,pi,6.2800,0.0000,1.0000,1.0010
14.1483,pi,6.2800,0.0000,1.0000,1.0010
14.1533,pi,6.2800,0.0000,1.0000,1.0010
14.1586,pi,6.2800,0.0000,1.0000,1.0010
14.1634,pi,6.2800,0.0000,1.0000,1.0010
14.1686,pi,6.2800,0.0000,1.0000,1.0010
14.1735,pi,6.2800,0.0000,1.0000,1.0010
14.1788,pi,6.2800,0.0000,1.0000,1.0010
14.1832,pi,6.2800,0.0000,1.0000,1.0010
14.1882,pi,6.2800,0.0000,1.0000,1.0010
14.1932,pi,6.2800,0.0000,1.0000,1.0010
14.1983,pi,6.2800,0.0000,1.0000,1.0010
14.2033,pi,6.2800,0.0000,1.0000,1.0010
14.2084,pi,6.2800,0.0000,1.0000,1.0010
14.2134,pi,6.2800,0.0000,1.0000,1.0010
14.2184,pi,6.2800,0.0000,1.0000,1.0010
14.2232,pi,6.2800,0.0000,1.0000,1.0010
14.2282,pi,6.2800,0.0000,1.0000,1.0010
14.2332,pi,6.2800,0.0000,1.0000,1.0010
14.2382,pi,6.2800,0.0000,1.0000,1.0010
14.2432,pi,6.2800,0.0000,1.0000,1.0010
14.2482,pi,6.2800,0.0000,1.0000,1.0010
14.2532,pi,6.2800,0.0000,1.0000,1.0010
14.2582,pi,6.2800,0.0000,1.0000,1.0010
14.2632,pi,6.2800,0.0000,1.0000,1.0010
14.2682,pi,6.2800,0.0000,1.0000,1.0010
14.2732,pi,6.2800,0.0000,1.0000,1.0010
14.2782,pi,6.2800,0.0000,1.0000,1.0010
14.2832,pi,6.2800,0.0000,1.0000,1.0010
14.2882,pi,6.2800,0.0000,1.0000,1.0010
14.2932,pi,6.2800,0.0000,1.0000,1.0010
14.2982,pi,6.2800,0.0000,1.0000,1.0010
14.3032,pi,6.2800,0.0000,1.0000,1.0010
14.3082,pi,6.2800,0.0000,1.0000,1.0010
14.3132,pi,6.2800,0.0000,1.0000,1.0010
14.3183,pi,6.2800,0.0000,1.0000,1.0010
14.3232,pi,6.2800,0.0000,1.0000,1.0010
14.3282,pi,6.2800,0.0000,1.0000,1.0010
14.3332,pi,6.2800,0.0000,1.0000,1.0010
14.3382,pi,6.2800,0.0000,1.0000,1.0010
14.3432,pi,6.2800,0.0000,1.0000,1.0010
14.3482,pi,6.2800,0.0000,1.0000,1.0010
14.3532,pi,6.2800,0.0000,1.0000,1.0010
14.3582,pi,6.2800,0.0000,1.0000,1.0010
14.3632,pi,6.2800,0.0000,1.0000,1.0010
14.3682,pi,6.2800,0.0000,1.0000,1.0010
14.3732,pi,6.2800,0.0000,1.0000,1.0010
14.3782,pi,6.2800,0.0000,1.0000,1.0010
14.3832,pi,6.2800,0.0000,1.0000,1.0010
14.3882,pi,6.2800,0.0000,1.0000,1.0010
14.3932,pi,6.2800,0.0000,1.0000,1.0010
14.3982,pi,6.2800,0.0000,1.0000,1.0010
14.4032,pi,6.2800,0.0000,1.0000,1.0010
14.4082,pi,6.2800,0.0000,1.0000,1.0010
14.4132,pi,6.2800,0.0000,1.0000,1.0010
14.4182,pi,6.2800,0.0000,1.0000,1.0010
14.4233,pi,6.2800,0.0000,1.0000,1.0010
14.4282,pi,6.2800,0.0000,1.0000,1.0010
14.4334,pi,6.2800,0.0000,1.0000,1.0010
14.4382,pi,6.2800,0.0000,1.0000,1.0010
14.4433,pi,6.2800,0.0000,1.0000,1.0010
14.4483,pi,6.2800,0.0000,1.0000,1.0010
14.4533,pi,6.2800,0.0000,1.0000,1.0010
14.4582,pi,6.2800,0.0000,1.0000,1.0010
14.4632,pi,6.2800,0.0000,1.0000,1.0010
14.4682,pi,6.2800,0.0000,1.0000,1.0010
14.4732,pi,6.2800,0.0000,1.0000,1.0010
14.4782,pi,6.2800,0.0000,1.0000,1.0010
14.4832,pi,6.2800,0.0000,1.0000,1.0010
14.4882,pi,6.2800,0.0000,1.0000,1.0010
14.4932,pi,6.2800,0.0000,1.0000,1.0010
14.4982,pi,6.2800,0.0000,1.0000,1.0010
14.5033,pi,6.2800,0.0000,1.0000,1.0010
14.5082,pi,6.2800,0.0000,1.0000,1.0010
14.5132,pi,6.2800,0.0000,1.0000,1.0010
14.5183,pi,6.2800,0.0000,1.0000,1.0010
14.5232,pi,6.2800,0.0000,1.0000,1.0010
14.5282,pi,6.2800,0.0000,1.0000,1.0010
14.5332,pi,6.2800,0.0000,1.0000,1.0010
14.5382,pi,6.2800,0.0000,1.0000,1.0010
14.5432,pi,6.2800,0.0000,1.0000,1.0010
14.5483,pi,6.2800,0.0000,1.0000,1.0010
14.5532,pi,6.2800,0.0000,1.0000,1.0010
14.5582,pi,6.2800,0.0000,1.0000,1.0010
14.5632,pi,6.2800,0.0000,1.0000,1.0010
14.5682,pi,6.2800,0.0000,1.0000,1.0010
14.5732,pi,6.2800,0.0000,1.0000,1.0010
14.5782,pi,6.2800,0.0000,1.0000,1.0010
14.5833,pi,6.2800,0.0000,1.0000,1.0010
14.5882,pi,6.2800,0.0000,1.0000,1.0010
14.5932,pi,6.2800,0.0000,1.0000,1.0010
14.5982,pi,6.2800,0.0000,1.0000,1.0010
14.6032,pi,6.2800,0.0000,1.0000,1.0010
14.6082,pi,6.2800,0.0000,1.0000,1.0010
14.6132,pi,6.2800,0.0000,1.0000,1.0010
14.6182,pi,6.2800,0.0000,1.0000,1.0010
14.6233,pi,6.2800,0.0000,1.0000,1.0010
14.6282,pi,6.2800,0.0000,1.0000,1.0010
14.6333,pi,6.2800,0.0000,1.0000,1.0010
14.6383,pi,6.2800,0.0000,1.0000,1.0010
14.6432,pi,6.2800,0.0000,1.0000,1.0010
14.6482,pi,6.2800,0.0000,1.0000,1.0010
14.6532,pi,6.2800,0.0000,1.0000,1.0010
14.6582,pi,6.2800,0.0000,1.0000,1.0010
14.6632,pi,6.2800,0.0000,1.0000,1.0010
14.6682,pi,6.2800,0.0000,1.0000,1.0010
14.6732,pi,6.2800,0.0000,1.0000,1.0010
14.6782,pi,6.2800,0.0000,1.0000,1.0010
14.6832,pi,6.2800,0.0000,1.0000,1.0010
14.6883,pi,6.2800,0.0000,1.0000,1.0010
14.6934,pi,6.2800,0.0000,1.0000,1.0010
14.6983,pi,6.2800,0.0000,1.0000,1.0010
14.7032,pi,6.2800,0.0000,1.0000,1.0010
14.7083,pi,6.2800,0.0000,1.0000,1.0010
14.7132,pi,6.2800,0.0000,1.0000,1.0010
14.7183,pi,6.2800,0.0000,1.0000,1.0010
14.7232,pi,6.2800,0.0000,1.0000,1.0010
14.7282,pi,6.2800,0.0000,1.0000,1.0010
14.7332,pi,6.2800,0.0000,1.0000,1.0010
14.7382,pi,6.2800,0.0000,1.0000,1.0010
14.7432,pi,6.2800,0.0000,1.0000,1.0010
14.7483,pi,6.2800,0.0000,1.0000,1.0010
14.7532,pi,6.2800,0.0000,1.0000,1.0010
14.7582,pi,6.2800,0.0000,1.0000,1.0010
14.7634,pi,6.2800,0.0000,1.0000,1.0010
14.7684,pi,6.2800,0.0000,1.0000,1.0010
14.7732,pi,6.2800,0.0000,1.0000,1.0010
14.7782,pi,6.2800,0.0000,1.0000,1.0010
14.7832,pi,6.2800,0.0000,1.0000,1.0010
14.7882,pi,6.2800,0.0000,1.0000,1.0010
14.7932,pi,6.2800,0.0000,1.0000,1.0010
14.7982,pi,6.2800,0.0000,1.0000,1.0010
14.8032,pi,6.2800,0.0000,1.0000,1.0010
14.8082,pi,6.2800,0.0000,1.0000,1.0010
14.8133,pi,6.2800,0.0000,1.0000,1.0010
14.8182,pi,6.2800,0.0000,1.0000,1.0010
14.8232,pi,6.2800,0.0000,1.0000,1.0010
14.8282,pi,6.2800,0.0000,1.0000,1.0010
14.8332,pi,6.2800,0.0000,1.0000,1.0010
14.8382,pi,6.2800,0.0000,1.0000,1.0010
14.8432,pi,6.2800,0.0000,1.0000,1.0010
14.8483,pi,6.2800,0.0000,1.0000,1.0010
14.8532,pi,6.2800,0.0000,1.0000,1.0010
14.8582,pi,6.2800,0.0000,1.0000,1.0010
14.8632,pi,6.2800,0.0000,1.0000,1.0010
14.8683,pi,6.2800,0.0000,1.0000,1.0010
14.8733,pi,6.2800,0.0000,1.0000,1.0010
14.8782,pi,6.2800,0.0000,1.0000,1.0010
14.8833,pi,6.2800,0.0000,1.0000,1.0010
14.8882,pi,6.2800,0.0000,1.0000,1.0010
14.8932,pi,6.2800,0.0000,1.0000,1.0010
14.8982,pi,6.2800,0.0000,1.0000,1.0010
14.9032,pi,6.2800,0.0000,1.0000,1.0010
14.9082,pi,6.2800,0.0000,1.0000,1.0010
14.9133,pi,6.2800,0.0000,1.0000,1.0010
14.9183,pi,6.2800,0.0000,1.0000,1.0010
14.9232,pi,6.2800,0.0000,1.0000,1.0010
14.9285,pi,6.2800,0.0000,1.0000,1.0010
14.9334,pi,6.2800,0.0000,1.0000,1.0010
14.9390,pi,6.2800,0.0000,1.0000,1.0010
14.9440,pi,6.2800,0.0000,1.0000,1.0010
14.9487,pi,6.2800,0.0000,1.0000,1.0010
14.9532,pi,6.2800,0.0000,1.0000,1.0010
14.9582,pi,6.2800,0.0000,1.0000,1.0010
14.9632,pi,6.2800,0.0000,1.0000,1.0010
14.9683,pi,6.2800,0.0000,1.0000,1.0010
14.9732,pi,6.2800,0.0000,1.0000,1.0010
14.9782,pi,6.2800,0.0000,1.0000,1.0010
14.9832,pi,6.2800,0.0000,1.0000,1.0010
14.9882,pi,6.2800,0.0000,1.0000,1.0010
14.9932,pi,6.2800,0.0000,1.0000,1.0010
14.9982,pi,6.2800,0.0000,1.0000,1.0010
15.0032,pi,6.2800,0.0000,1.0000,1.0010
15.0083,pi,6.2800,0.0000,1.0000,1.0010
15.0132,pi,6.2800,0.0000,1.0000,1.0010
15.0182,pi,6.2800,0.0000,1.0000,1.0010
15.0232,pi,6.2800,0.0000,1.0000,1.0010
15.0282,pi,6.2800,0.0000,1.0000,1.0010
15.0333,pi,6.2800,0.0000,1.0000,1.0010
15.0382,pi,6.2800,0.0000,1.0000,1.0010
15.0433,pi,6.2800,0.0000,1.0000,1.0010
15.0483,pi,6.2800,0.0000,1.0000,1.0010
15.0532,pi,6.2800,0.0000,1.0000,1.0010
15.0582,pi,6.2800,0.0000,1.0000,1.0010
15.0632,pi,6.2800,0.0000,1.0000,1.0010
15.0683,pi,6.2800,0.0000,1.0000,1.0010
15.0733,pi,6.2800,0.0000,1.0000,1.0010
15.0783,pi,6.2800,0.0000,1.0000,1.0010
15.0834,pi,6.2800,0.0000,1.0000,1.0010
15.0882,pi,6.2800,0.0000,1.0000,1.0010
15.0932,pi,6.2800,0.0000,1.0000,1.0010
15.0982,pi,6.2800,0.0000,1.0000,1.0010
15.1033,pi,6.2800,0.0000,1.0000,1.0010
15.1082,pi,6.2800,0.0000,1.0000,1.0010
15.1133,pi,6.2800,0.0000,1.0000,1.0010
15.1183,pi,6.2800,0.0000,1.0000,1.0010
15.1232,pi,6.2800,0.0000,1.0000,1.0010
15.1282,pi,6.2800,0.0000,1.0000,1.0010
15.1332,pi,6.2800,0.0000,1.0000,1.0010
15.1384,pi,6.2800,0.0000,1.0000,1.0010
15.1435,pi,6.2800,0.0000,1.0000,1.0010
15.1488,pi,6.2800,0.0000,1.0000,1.0010
15.1538,pi,6.2800,0.0000,1.0000,1.0010
15.1585,pi,6.2800,0.0000,1.0000,1.0010
15.1635,pi,6.2800,0.0000,1.0000,1.0010
15.1682,pi,6.2800,0.0000,1.0000,1.0010
15.1732,pi,6.2800,0.0000,1.0000,1.0010
15.1782,pi,6.2800,0.0000,1.0000,1.0010
15.1833,pi,6.2800,0.0000,1.0000,1.0010
15.1882,pi,6.2800,0.0000,1.0000,1.0010
15.1932,pi,6.2800,0.0000,1.0000,1.0010
15.1983,pi,6.2800,0.0000,1.0000,1.0010
15.2033,pi,6.2800,0.0000,1.0000,1.0010
15.2086,pi,6.2800,0.0000,1.0000,1.0010
15.2133,pi,6.2800,0.0000,1.0000,1.0010
15.2185,pi,6.2800,0.0000,1.0000,1.0010
15.2232,pi,6.2800,0.0000,1.0000,1.0010
15.2282,pi,6.2800,0.0000,1.0000,1.0010
15.2332,pi,6.2800,0.0000,1.0000,1.0010
15.2382,pi,6.2800,0.0000,1.0000,1.0010
15.2433,pi,6.2800,0.0000,1.0000,1.0010
15.2482,pi,6.2800,0.0000,1.0000,1.0010
15.2532,pi,6.2800,0.0000,1.0000,1.0010
15.2583,pi,6.2800,0.0000,1.0000,1.0010
15.2632,pi,6.2800,0.0000,1.0000,1.0010
15.2682,pi,6.2800,0.0000,1.0000,1.0010
15.2732,pi,6.2800,0.0000,1.0000,1.0010
15.2783,pi,6.2800,0.0000,1.0000,1.0010
15.2833,pi,6.2800,0.0000,1.0000,1.0010
15.2882,pi,6.2800,0.0000,1.0000,1.0010
15.2932,pi,6.2800,0.0000,1.0000,1.0010
15.2983,pi,6.2800,0.0000,1.0000,1.0010
15.3033,pi,6.2800,0.0000,1.0000,1.0010
15.3082,pi,6.2800,0.0000,1.0000,1.0010
15.3132,pi,6.2800,0.0000,1.0000,1.0010
15.3182,pi,6.2800,0.0000,1.0000,1.0010
15.3232,pi,6.2800,0.0000,1.0000,1.0010
15.3282,pi,6.2800,0.0000,1.0000,1.0010
15.3332,pi,6.2800,0.0000,1.0000,1.0010
15.3382,pi,6.2800,0.0000,1.0000,1.0010
15.3432,pi,6.2800,0.0000,1.0000,1.0010
15.3482,pi,6.2800,0.0000,1.0000,1.0010
15.3532,pi,6.2800,0.0000,1.0000,1.0010
15.3582,pi,6.2800,0.0000,1.0000,1.0010
15.3632,pi,6.2800,0.0000,1.0000,1.0010
15.3684,pi,6.2800,0.0000,1.0000,1.0010
15.3733,pi,6.2800,0.0000,1.0000,1.0010
15.3782,pi,6.2800,0.0000,1.0000,1.0010
15.3831,pi,6.2800,0.0000,1.0000,1.0010
15.3883,pi,6.2800,0.0000,1.0000,1.0010
15.3932,pi,6.2800,0.0000,1.0000,1.0010
15.3982,pi,6.2800,0.0000,1.0000,1.0010
15.4032,pi,6.2800,0.0000,1.0000,1.0010
15.4082,pi,6.2800,0.0000,1.0000,1.0010
15.4132,pi,6.2800,0.0000,1.0000,1.0010
15.4182,pi,6.2800,0.0000,1.0000,1.0010
15.4232,pi,6.2800,0.0000,1.0000,1.0010
15.4282,pi,6.2800,0.0000,1.0000,1.0010
15.4332,pi,6.2800,0.0000,1.0000,1.0010
15.4382,pi,6.2800,0.0000,1.0000,1.0010
15.4432,pi,6.2800,0.0000,1.0000,1.0010
15.4483,pi,6.2800,0.0000,1.0000,1.0010
15.4532,pi,6.2800,0.0000,1.0000,1.0010
15.4582,pi,6.2800,0.0000,1.0000,1.0010
15.4632,pi,6.2800,0.0000,1.0000,1.0010
15.4683,pi,6.2800,0.0000,1.0000,1.0010
15.4732,pi,6.2800,0.0000,1.0000,1.0010
15.4782,pi,6.2800,0.0000,1.0000,1.0010
15.4832,pi,6.2800,0.0000,1.0000,1.0010
15.4882,pi,6.2800,0.0000,1.0000,1.0010
15.4933,pi,6.2800,0.0000,1.0000,1.0010
15.4982,pi,6.2800,0.0000,1.0000,1.0010
15.5032,pi,6.2800,0.0000,1.0000,1.0010
15.5083,pi,6.2800,0.0000,1.0000,1.0010
15.5132,pi,6.2800,0.0000,1.0000,1.0010
15.5184,pi,6.2800,0.0000,1.0000,1.0010
15.5232,pi,6.2800,0.0000,1.0000,1.0010
15.5282,pi,6.2800,0.0000,1.0000,1.0010
15.5333,pi,6.2800,0.0000,1.0000,1.0010
15.5382,pi,6.2800,0.0000,1.0000,1.0010
15.5432,pi,6.2800,0.0000,1.0000,1.0010
15.5483,pi,6.2800,0.0000,1.0000,1.0010
15.5532,pi,6.2800,0.0000,1.0000,1.0010
15.5582,pi,6.2800,0.0000,1.0000,1.0010
15.5632,pi,6.2800,0.0000,1.0000,1.0010
15.5682,pi,6.2800,0.0000,1.0000,1.0010
15.5733,pi,6.2800,0.0000,1.0000,1.0010
15.5783,pi,6.2800,0.0000,1.0000,1.0010
15.5832,pi,6.2800,0.0000,1.0000,1.0010
15.5883,pi,6.2800,0.0000,1.0000,1.0010
15.5933,pi,6.2800,0.0000,1.0000,1.0010
15.5982,pi,6.2800,0.0000,1.0000,1.0010
15.6032,pi,6.2800,0.0000,1.0000,1.0010
15.6083,pi,6.2800,0.0000,1.0000,1.0010
15.6132,pi,6.2800,0.0000,1.0000,1.0010
15.6182,pi,6.2800,0.0000,1.0000,1.0010
15.6232,pi,6.2800,0.0000,1.0000,1.0010
15.6282,pi,6.2800,0.0000,1.0000,1.0010
15.6333,pi,6.2800,0.0000,1.0000,1.0010
15.6382,pi,6.2800,0.0000,1.0000,1.0010
15.6432,pi,6.2800,0.0000,1.0000,1.0010
15.6483,pi,6.2800,0.0000,1.0000,1.0010
15.6532,pi,6.2800,0.0000,1.0000,1.0010
15.6582,pi,6.2800,0.0000,1.0000,1.0010
15.6632,pi,6.2800,0.0000,1.0000,1.0010
15.6683,pi,6.2800,0.0000,1.0000,1.0010
15.6732,pi,6.2800,0.0000,1.0000,1.0010
15.6782,pi,6.2800,0.0000,1.0000,1.0010
15.6832,pi,6.2800,0.0000,1.0000,1.0010
15.6882,pi,6.2800,0.0000,1.0000,1.0010
15.6933,pi,6.2800,0.0000,1.0000,1.0010
15.6982,pi,6.2800,0.0000,1.0000,1.0010
15.7033,pi,6.2800,0.0000,1.0000,1.0010
15.7083,pi,6.2800,0.0000,1.0000,1.0010
15.7133,pi,6.2800,0.0000,1.0000,1.0010
15.7182,pi,6.2800,0.0000,1.0000,1.0010
15.7233,pi,6.2800,0.0000,1.0000,1.0010
15.7282,pi,6.2800,0.0000,1.0000,1.0010
15.7332,pi,6.2800,0.0000,1.0000,1.0010
15.7382,pi,6.2800,0.0000,1.0000,1.0010
15.7432,pi,6.2800,0.0000,1.0000,1.0010
15.7482,pi,6.2800,0.0000,1.0000,1.0010
15.7532,pi,6.2800,0.0000,1.0000,1.0010
15.7582,pi,6.2800,0.0000,1.0000,1.0010
15.7632,pi,6.2800,0.0000,1.0000,1.0010
15.7682,pi,6.2800,0.0000,1.0000,1.0010
15.7732,pi,6.2800,0.0000,1.0000,1.0010
15.7782,pi,6.2800,0.0000,1.0000,1.0010
15.7832,pi,6.2800,0.0000,1.0000,1.0010
15.7883,pi,6.2800,0.0000,1.0000,1.0010
15.7932,pi,6.2800,0.0000,1.0000,1.0010
15.7982,pi,6.2800,0.0000,1.0000,1.0010
15.8032,pi,6.2800,0.0000,1.0000,1.0010
15.8082,pi,6.2800,0.0000,1.0000,1.0010
15.8132,pi,6.2800,0.0000,1.0000,1.0010
15.8182,pi,6.2800,0.0000,1.0000,1.0010
15.8232,pi,6.2800,0.0000,1.0000,1.0010
15.8282,pi,6.2800,0.0000,1.0000,1.0010
15.8332,pi,6.2800,0.0000,1.0000,1.0010
15.8382,pi,6.2800,0.0000,1.0000,1.0010
15.8432,pi,6.2800,0.0000,1.0000,1.0010
15.8483,pi,6.2800,0.0000,1.0000,1.0010
15.8532,pi,6.2800,0.0000,1.0000,1.0010
15.8583,pi,6.2800,0.0000,1.0000,1.0010
15.8632,pi,6.2800,0.0000,1.0000,1.0010
15.8683,pi,6.2800,0.0000,1.0000,1.0010
15.8732,pi,6.2800,0.0000,1.0000,1.0010
15.8782,pi,6.2800,0.0000,1.0000,1.0010
15.8832,pi,6.2800,0.0000,1.0000,1.0010
15.8882,pi,6.2800,0.0000,1.0000,1.0010
15.8932,pi,6.2800,0.0000,1.0000,1.0010
15.8982,pi,6.2800,0.0000,1.0000,1.0010
15.9032,pi,6.2800,0.0000,1.0000,1.0010
15.9088,pi,6.2800,0.0000,1.0000,1.0010
15.9135,pi,6.2800,0.0000,1.0000,1.0010
15.9184,pi,6.2800,0.0000,1.0000,1.0010
15.9234,pi,6.2800,0.0000,1.0000,1.0010
15.9286,pi,6.2800,0.0000,1.0000,1.0010
15.9338,pi,6.2800,0.0000,1.0000,1.0010
15.9389,pi,6.2800,0.0000,1.0000,1.0010
15.9434,pi,6.2800,0.0000,1.0000,1.0010
15.9482,pi,6.2800,0.0000,1.0000,1.0010
15.9532,pi,6.2800,0.0000,1.0000,1.0010
15.9582,pi,6.2800,0.0000,1.0000,1.0010
15.9632,pi,6.2800,0.0000,1.0000,1.0010
15.9682,pi,6.2800,0.0000,1.0000,1.0010
15.9733,pi,6.2800,0.0000,1.0000,1.0010
15.9783,pi,6.2800,0.0000,1.0000,1.0010
15.9834,pi,6.2800,0.0000,1.0000,1.0010
15.9883,pi,6.2800,0.0000,1.0000,1.0010
15.9933,pi,6.2800,0.0000,1.0000,1.0010
15.9982,pi,6.2800,0.0000,1.0000,1.0010
16.0032,pi,6.2800,0.0000,1.0000,1.0010
16.0082,pi,6.2800,0.0000,1.0000,1.0010
16.0133,pi,6.2800,0.0000,1.0000,1.0010
16.0183,pi,6.2800,0.0000,1.0000,1.0010
16.0234,pi,6.2800,0.0000,1.0000,1.0010
16.0282,pi,6.2800,0.0000,1.0000,1.0010
16.0332,pi,6.2800,0.0000,1.0000,1.0010
16.0382,pi,6.2800,0.0000,1.0000,1.0010
16.0433,pi,6.2800,0.0000,1.0000,1.0010
16.0482,pi,6.2800,0.0000,1.0000,1.0010
16.0533,pi,6.2800,0.0000,1.0000,1.0010
16.0582,pi,6.2800,0.0000,1.0000,1.0010
16.0632,pi,6.2800,0.0000,1.0000,1.0010
16.0682,pi,6.2800,0.0000,1.0000,1.0010
16.0732,pi,6.2800,0.0000,1.0000,1.0010
16.0783,pi,6.2800,0.0000,1.0000,1.0010
16.0832,pi,6.2800,0.0000,1.0000,1.0010
16.0882,pi,6.2800,0.0000,1.0000,1.0010
16.0932,pi,6.2800,0.0000,1.0000,1.0010
16.0983,pi,6.2800,0.0000,1.0000,1.0010
16.1032,pi,6.2800,0.0000,1.0000,1.0010
16.1082,pi,6.2800,0.0000,1.0000,1.0010
16.1133,pi,6.2800,0.0000,1.0000,1.0010
16.1183,pi,6.2800,0.0000,1.0000,1.0010
16.1233,pi,6.2800,0.0000,1.0000,1.0010
16.1283,pi,6.2800,0.0000,1.0000,1.0010
16.1333,pi,6.2800,0.0000,1.0000,1.0010
16.1384,pi,6.2800,0.0000,1.0000,1.0010
16.1435,pi,6.2800,0.0000,1.0000,1.0010
16.1484,pi,6.2800,0.0000,1.0000,1.0010
16.1538,pi,6.2800,0.0000,1.0000,1.0010
16.1586,pi,6.2800,0.0000,1.0000,1.0010
16.1632,pi,6.2800,0.0000,1.0000,1.0010
16.1683,pi,6.2800,0.0000,1.0000,1.0010
16.1732,pi,6.2800,0.0000,1.0000,1.0010
16.1782,pi,6.2800,0.0000,1.0000,1.0010
16.1832,pi,6.2800,0.0000,1.0000,1.0010
16.1883,pi,6.2800,0.0000,1.0000,1.0010
16.1932,pi,6.2800,0.0000,1.0000,1.0010
16.1982,pi,6.2800,0.0000,1.0000,1.0010
16.2033,pi,6.2800,0.0000,1.0000,1.0010
16.2083,pi,6.2800,0.0000,1.0000,1.0010
16.2132,pi,6.2800,0.0000,1.0000,1.0010
16.2182,pi,6.2800,0.0000,1.0000,1.0010
16.2232,pi,6.2800,0.0000,1.0000,1.0010
16.2282,pi,6.2800,0.0000,1.0000,1.0010
16.2332,pi,6.2800,0.0000,1.0000,1.0010
16.2383,pi,6.2800,0.0000,1.0000,1.0010
16.2432,pi,6.2800,0.0000,1.0000,1.0010
16.2483,pi,6.2800,0.0000,1.0000,1.0010
16.2532,pi,6.2800,0.0000,1.0000,1.0010
16.2587,pi,6.2800,0.0000,1.0000,1.0010
16.2634,pi,6.2800,0.0000,1.0000,1.0010
16.2685,pi,6.2800,0.0000,1.0000,1.0010
16.2732,pi,6.2800,0.0000,1.0000,1.0010
16.2782,pi,6.2800,0.0000,1.0000,1.0010
16.2834,pi,6.2800,0.0000,1.0000,1.0010
16.2882,pi,6.2800,0.0000,1.0000,1.0010
16.2932,pi,6.2800,0.0000,1.0000,1.0010
16.2982,pi,6.2800,0.0000,1.0000,1.0010
16.3032,pi,6.2800,0.0000,1.0000,1.0010
16.3083,pi,6.2800,0.0000,1.0000,1.0010
16.3132,pi,6.2800,0.0000,1.0000,1.0010
16.3183,pi,6.2800,0.0000,1.0000,1.0010
16.3232,pi,6.2800,0.0000,1.0000,1.0010
16.3282,pi,6.2800,0.0000,1.0000,1.0010
16.3332,pi,6.2800,0.0000,1.0000,1.0010
16.3383,pi,6.2800,0.0000,1.0000,1.0010
16.3432,pi,6.2800,0.0000,1.0000,1.0010
16.3482,pi,6.2800,0.0000,1.0000,1.0010
16.3532,pi,6.2800,0.0000,1.0000,1.0010
16.3582,pi,6.2800,0.0000,1.0000,1.0010
16.3632,pi,6.2800,0.0000,1.0000,1.0010
16.3684,pi,6.2800,0.0000,1.0000,1.0010
16.3733,pi,6.2800,0.0000,1.0000,1.0010
16.3789,pi,6.2800,0.0000,1.0000,1.0010
16.3839,pi,6.2800,0.0000,1.0000,1.0010
16.3886,pi,6.2800,0.0000,1.0000,1.0010
16.3932,pi,6.2800,0.0000,1.0000,1.0010
16.3982,pi,6.2800,0.0000,1.0000,1.0010
16.4032,pi,6.2800,0.0000,1.0000,1.0010
16.4082,pi,6.2800,0.0000,1.0000,1.0010
16.4132,pi,6.2800,0.0000,1.0000,1.0010
16.4182,pi,6.2800,0.0000,1.0000,1.0010
16.4232,pi,6.2800,0.0000,1.0000,1.0010
16.4282,pi,6.2800,0.0000,1.0000,1.0010
16.4332,pi,6.2800,0.0000,1.0000,1.0010
16.4382,pi,6.2800,0.0000,1.0000,1.0010
16.4432,pi,6.2800,0.0000,1.0000,1.0010
16.4483,pi,6.2800,0.0000,1.0000,1.0010
16.4532,pi,6.2800,0.0000,1.0000,1.0010
16.4582,pi,6.2800,0.0000,1.0000,1.0010
16.4632,pi,6.2800,0.0000,1.0000,1.0010
16.4683,pi,6.2800,0.0000,1.0000,1.0010
16.4732,pi,6.2800,0.0000,1.0000,1.0010
16.4782,pi,6.2800,0.0000,1.0000,1.0010
16.4832,pi,6.2800,0.0000,1.0000,1.0010
16.4882,pi,6.2800,0.0000,1.0000,1.0010
16.4932,pi,6.2800,0.0000,1.0000,1.0010
16.4982,pi,6.2800,0.0000,1.0000,1.0010
16.5032,pi,6.2800,0.0000,1.0000,1.0010
16.5082,pi,6.2800,0.0000,1.0000,1.0010
16.5132,pi,6.2800,0.0000,1.0000,1.0010
16.5184,pi,6.2800,0.0000,1.0000,1.0010
16.5233,pi,6.2800,0.0000,1.0000,1.0010
16.5282,pi,6.2800,0.0000,1.0000,1.0010
16.5333,pi,6.2800,0.0000,1.0000,1.0010
16.5384,pi,6.2800,0.0000,1.0000,1.0010
16.5432,pi,6.2800,0.0000,1.0000,1.0010
16.5483,pi,6.2800,0.0000,1.0000,1.0010
16.5532,pi,6.2800,0.0000,1.0000,1.0010
16.5583,pi,6.2800,0.0000,1.0000,1.0010
16.5633,pi,6.2800,0.0000,1.0000,1.0010
16.5682,pi,6.2800,0.0000,1.0000,1.0010
16.5732,pi,6.2800,0.0000,1.0000,1.0010
16.5783,pi,6.2800,0.0000,1.0000,1.0010
16.5832,pi,6.2800,0.0000,1.0000,1.0010
16.5882,pi,6.2800,0.0000,1.0000,1.0010
16.5932,pi,6.2800,0.0000,1.0000,1.0010
16.5982,pi,6.2800,0.0000,1.0000,1.0010
16.6032,pi,6.2800,0.0000,1.0000,1.0010
16.6082,pi,6.2800,0.0000,1.0000,1.0010
16.6133,pi,6.2800,0.0000,1.0000,1.0010
16.6184,pi,6.2800,0.0000,1.0000,1.0010
16.6233,pi,6.2800,0.0000,1.0000,1.0010
16.6282,pi,6.2800,0.0000,1.0000,1.0010
16.6332,pi,6.2800,0.0000,1.0000,1.0010
16.6383,pi,6.2800,0.0000,1.0000,1.0010
16.6432,pi,6.2800,0.0000,1.0000,1.0010
16.6482,pi,6.2800,0.0000,1.0000,1.0010
16.6532,pi,6.2800,0.0000,1.0000,1.0010
16.6582,pi,6.2800,0.0000,1.0000,1.0010
16.6632,pi,6.2800,0.0000,1.0000,1.0010
16.6682,pi,6.2800,0.0000,1.0000,1.0010
16.6732,pi,6.2800,0.0000,1.0000,1.0010
16.6782,pi,6.2800,0.0000,1.0000,1.0010
16.6832,pi,6.2800,0.0000,1.0000,1.0010
16.6882,pi,6.2800,0.0000,1.0000,1.0010
16.6932,pi,6.2800,0.0000,1.0000,1.0010
16.6982,pi,6.2800,0.0000,1.0000,1.0010
16.7033,pi,6.2800,0.0000,1.0000,1.0010
16.7082,pi,6.2800,0.0000,1.0000,1.0010
16.7132,pi,6.2800,0.0000,1.0000,1.0010
16.7183,pi,6.2800,0.0000,1.0000,1.0010
16.7232,pi,6.2800,0.0000,1.0000,1.0010
16.7282,pi,6.2800,0.0000,1.0000,1.0010
16.7332,pi,6.2800,0.0000,1.0000,1.0010
16.7382,pi,6.2800,0.0000,1.0000,1.0010
16.7432,pi,6.2800,0.0000,1.0000,1.0010
16.7483,pi,6.2800,0.0000,1.0000,1.0010
16.7533,pi,6.2800,0.0000,1.0000,1.0010
16.7581,pi,6.2800,0.0000,1.0000,1.0010
16.7633,pi,6.2800,0.0000,1.0000,1.0010
16.7683,pi,6.2800,0.0000,1.0000,1.0010
16.7733,pi,6.2800,0.0000,1.0000,1.0010
16.7782,pi,6.2800,0.0000,1.0000,1.0010
16.7832,pi,6.2800,0.0000,1.0000,1.0010
16.7882,pi,6.2800,0.0000,1.0000,1.0010
16.7932,pi,6.2800,0.0000,1.0000,1.0010
16.7982,pi,6.2800,0.0000,1.0000,1.0010
16.8033,pi,6.2800,0.0000,1.0000,1.0010
16.8082,pi,6.2800,0.0000,1.0000,1.0010
16.8132,pi,6.2800,0.0000,1.0000,1.0010
16.8183,pi,6.2800,0.0000,1.0000,1.0010
16.8233,pi,6.2800,0.0000,1.0000,1.0010
16.8283,pi,6.2800,0.0000,1.0000,1.0010
16.8331,pi,6.2800,0.0000,1.0000,1.0010
16.8382,pi,6.2800,0.0000,1.0000,1.0010
16.8432,pi,6.2800,0.0000,1.0000,1.0010
16.8482,pi,6.2800,0.0000,1.0000,1.0010
16.8533,pi,6.2800,0.0000,1.0000,1.0010
16.8582,pi,6.2800,0.0000,1.0000,1.0010
16.8632,pi,6.2800,0.0000,1.0000,1.0010
16.8682,pi,6.2800,0.0000,1.0000,1.0010
16.8733,pi,6.2800,0.0000,1.0000,1.0010
16.8782,pi,6.2800,0.0000,1.0000,1.0010
16.8832,pi,6.2800,0.0000,1.0000,1.0010
16.8882,pi,6.2800,0.0000,1.0000,1.0010
16.8932,pi,6.2800,0.0000,1.0000,1.0010
16.8984,pi,6.2800,0.0000,1.0000,1.0010
16.9032,pi,6.2800,0.0000,1.0000,1.0010
16.9083,pi,6.2800,0.0000,1.0000,1.0010
16.9132,pi,6.2800,0.0000,1.0000,1.0010
16.9182,pi,6.2800,0.0000,1.0000,1.0010
16.9233,pi,6.2800,0.0000,1.0000,1.0010
16.9282,pi,6.2800,0.0000,1.0000,1.0010
16.9333,pi,6.2800,0.0000,1.0000,1.0010
16.9383,pi,6.2800,0.0000,1.0000,1.0010
16.9432,pi,6.2800,0.0000,1.0000,1.0010
16.9482,pi,6.2800,0.0000,1.0000,1.0010
16.9532,pi,6.2800,0.0000,1.0000,1.0010
16.9583,pi,6.2800,0.0000,1.0000,1.0010
16.9632,pi,6.2800,0.0000,1.0000,1.0010
16.9683,pi,6.2800,0.0000,1.0000,1.0010
16.9732,pi,6.2800,0.0000,1.0000,1.0010
16.9783,pi,6.2800,0.0000,1.0000,1.0010
16.9834,pi,6.2800,0.0000,1.0000,1.0010
16.9882,pi,6.2800,0.0000,1.0000,1.0010
16.9932,pi,6.2800,0.0000,1.0000,1.0010
16.9985,pi,6.2800,0.0000,1.0000,1.0010
17.0040,pi,6.2800,0.0000,1.0000,1.0010
17.0086,pi,6.2800,0.0000,1.0000,1.0010
17.0140,pi,6.2800,0.0000,1.0000,1.0010
17.0205,pi,6.2800,0.0000,1.0000,1.0010
17.0252,pi,6.2800,0.0000,1.0000,1.0010
17.0300,pi,6.2800,0.0000,1.0000,1.0010
17.0344,pi,6.2800,0.0000,1.0000,1.0010
17.0384,pi,6.2800,0.0000,1.0000,1.0010
17.0434,pi,6.2800,0.0000,1.0000,1.0010
17.0483,pi,6.2800,0.0000,1.0000,1.0010
17.0534,pi,6.2800,0.0000,1.0000,1.0010
17.0584,pi,6.2800,0.0000,1.0000,1.0010
17.0634,pi,6.2800,0.0000,1.0000,1.0010
17.0684,pi,6.2800,0.0000,1.0000,1.0010
17.0734,pi,6.2800,0.0000,1.0000,1.0010
17.0784,pi,6.2800,0.0000,1.0000,1.0010
17.0840,pi,6.2800,0.0517,0.9999,0.9999
17.0886,pi,6.2800,0.1400,0.9998,0.9998
17.0940,pi,6.2800,0.3134,0.9978,0.9978
17.0987,pi,6.2800,0.5566,0.9944,0.9944
17.1047,pi,6.2800,0.9944,0.9872,0.9872
17.1093,pi,6.2800,1.3176,0.9823,0.9823
17.1138,pi,6.2800,1.8565,0.9725,0.9725
17.1191,pi,6.2800,2.4925,0.9608,0.9608
17.1236,pi,6.2800,3.2523,0.9466,0.9466
17.1289,pi,6.2800,4.0007,0.9324,0.9324
17.1335,pi,6.2800,4.7093,0.9188,0.9188
17.1402,pi,6.2800,5.5097,0.9032,0.9032
17.1449,pi,6.2800,6.3278,0.8870,0.8870
17.1498,pi,6.2800,7.1661,0.8702,0.8702
17.1540,pi,6.2800,8.1152,0.8510,0.8510
17.1585,pi,6.2800,9.1108,0.8306,0.8306
17.1632,pi,6.2800,10.1216,0.8097,0.8097
17.1682,pi,6.2800,11.1597,0.7880,0.7880
17.1734,pi,6.2800,12.2228,0.7655,0.7655
17.1786,pi,6.2800,13.2589,0.7433,0.7433
17.1833,pi,6.2800,14.4006,0.7187,0.7187
17.1883,pi,6.2800,15.5893,0.6929,0.6929
17.1932,pi,6.2800,16.7220,0.6679,0.6679
17.1983,pi,6.2800,17.9049,0.6417,0.6417
17.2033,pi,6.2800,19.1249,0.6144,0.6144
17.2083,pi,6.2800,20.2819,0.5880,0.5880
17.2133,pi,6.2800,21.5021,0.5601,0.5601
17.2183,pi,6.2800,22.6291,0.5338,0.5338
17.2232,pi,6.2800,23.7308,0.5076,0.5076
17.2282,pi,6.2800,24.6490,0.4849,0.4849
17.2332,pi,6.2800,25.5244,0.4628,0.4628
17.2382,pi,6.2800,26.3626,0.4413,0.4413
17.2432,pi,6.2800,27.0786,0.4219,0.4219
17.2483,pi,6.2800,27.7966,0.4024,0.4024
17.2535,pi,6.2800,28.2163,0.3885,0.3885
17.2582,pi,6.2800,28.5525,0.3763,0.3763
17.2632,pi,6.2800,28.7702,0.3664,0.3664
17.2682,pi,6.2800,28.9105,0.3580,0.3580
17.2733,pi,6.2800,28.9784,0.3510,0.3510
17.2784,pi,6.2800,28.9122,0.3466,0.3466
17.2832,pi,6.2800,28.7570,0.3441,0.3441
17.2882,pi,6.2800,28.3836,0.3459,0.3459
17.2932,pi,6.2800,27.9837,0.3484,0.3484
17.2982,pi,6.2800,27.5949,0.3508,0.3508
17.3034,pi,6.2800,27.2496,0.3523,0.3523
17.3087,pi,6.2800,26.8258,0.3555,0.3555
17.3131,pi,6.2800,26.4443,0.3580,0.3580
17.3182,pi,6.2800,26.0491,0.3609,0.3609
17.3233,pi,6.2800,25.6109,0.3648,0.3648
17.3284,pi,6.2800,25.1572,0.3690,0.3690
17.3332,pi,6.2800,24.7886,0.3716,0.3716
17.3383,pi,6.2800,24.5011,0.3728,0.3728
17.3432,pi,6.2800,24.2257,0.3737,0.3737
17.3483,pi,6.2800,24.0052,0.3736,0.3736
17.3532,pi,6.2800,23.8195,0.3729,0.3729
17.3583,pi,6.2800,23.6288,0.3724,0.3724
17.3634,pi,6.2800,23.4754,0.3711,0.3711
17.3684,pi,6.2800,23.3489,0.3693,0.3693
17.3733,pi,6.2800,23.2484,0.3670,0.3670
17.3783,pi,6.2800,23.1236,0.3653,0.3653
17.3832,pi,6.2800,23.0265,0.3630,0.3630
17.3884,pi,6.2800,22.9459,0.3605,0.3605
17.3933,pi,6.2800,22.8829,0.3576,0.3576
17.3983,pi,6.2800,22.8300,0.3545,0.3545
17.4032,pi,6.2800,22.7883,0.3512,0.3512
17.4084,pi,6.2800,22.7042,0.3487,0.3487
17.4133,pi,6.2800,22.6408,0.3459,0.3459
17.4183,pi,6.2800,22.5912,0.3428,0.3428
17.4232,pi,6.2800,22.5095,0.3403,0.3403
17.4283,pi,6.2800,22.4407,0.3377,0.3377
17.4334,pi,6.2800,22.3407,0.3356,0.3356
17.4383,pi,6.2800,22.2449,0.3335,0.3335
17.4432,pi,6.2800,22.1376,0.3317,0.3317
17.4482,pi,6.2800,22.0068,0.3303,0.3303
17.4532,pi,6.2800,21.9014,0.3285,0.3285
17.4582,pi,6.2800,21.7715,0.3272,0.3272
17.4632,pi,6.2800,21.7134,0.3245,0.3245
17.4688,pi,6.2800,21.6220,0.3225,0.3225
17.4735,pi,6.2800,21.5190,0.3207,0.3207
17.4783,pi,6.2800,21.4369,0.3185,0.3185
17.4832,pi,6.2800,21.3715,0.3160,0.3160
17.4883,pi,6.2800,21.2644,0.3144,0.3144
17.4933,pi,6.2800,21.1796,0.3123,0.3123
17.4983,pi,6.2800,21.1124,0.3099,0.3099
17.5032,pi,6.2800,21.0481,0.3075,0.3075
17.5083,pi,6.2800,20.9597,0.3056,0.3056
17.5132,pi,6.2800,20.7881,0.3054,0.3054
17.5182,pi,6.2800,20.6509,0.3045,0.3045
17.5232,pi,6.2800,20.5407,0.3031,0.3031
17.5282,pi,6.2800,20.4552,0.3013,0.3013
17.5333,pi,6.2800,20.2819,0.3012,0.3012
17.5382,pi,6.2800,20.1553,0.3002,0.3002
17.5433,pi,6.2800,20.0121,0.2996,0.2996
17.5482,pi,6.2800,19.8969,0.2985,0.2985
17.5533,pi,6.2800,19.7871,0.2973,0.2973
17.5582,pi,6.2800,19.6495,0.2966,0.2966
17.5633,pi,6.2800,19.5394,0.2955,0.2955
17.5683,pi,6.2800,19.4511,0.2940,0.2940
17.5732,pi,6.2800,19.3535,0.2926,0.2926
17.5783,pi,6.2800,19.2493,0.2914,0.2914
17.5832,pi,6.2800,19.1458,0.2902,0.2902
17.5883,pi,6.2800,19.0653,0.2886,0.2886
17.5933,pi,6.2800,18.9704,0.2874,0.2874
17.5983,pi,6.2800,18.8951,0.2857,0.2857
17.6033,pi,6.2800,18.7321,0.2858,0.2858
17.6082,pi,6.2800,18.6421,0.2845,0.2845
17.6133,pi,6.2800,18.5695,0.2828,0.2828
17.6183,pi,6.2800,18.5115,0.2809,0.2809
17.6233,pi,6.2800,18.4280,0.2795,0.2795
17.6282,pi,6.2800,18.3529,0.2780,0.2780
17.6332,pi,6.2800,18.2484,0.2771,0.2771
17.6383,pi,6.2800,18.1668,0.2757,0.2757
17.6432,pi,6.2800,18.0974,0.2741,0.2741
17.6482,pi,6.2800,18.0434,0.2723,0.2723
17.6533,pi,6.2800,17.9083,0.2720,0.2720
17.6583,pi,6.2800,17.8478,0.2703,0.2703
17.6633,pi,6.2800,17.7464,0.2695,0.2695
17.6684,pi,6.2800,17.6624,0.2683,0.2683
17.6737,pi,6.2800,17.5469,0.2677,0.2677
17.6789,pi,6.2800,17.4541,0.2668,0.2668
17.6840,pi,6.2800,17.3299,0.2665,0.2665
17.6886,pi,6.2800,17.2450,0.2654,0.2654
17.6933,pi,6.2800,17.1782,0.2640,0.2640
17.6982,pi,6.2800,17.0792,0.2633,0.2633
17.7032,pi,6.2800,16.9994,0.2622,0.2622
17.7083,pi,6.2800,16.9655,0.2601,0.2601
17.7132,pi,6.2800,16.9083,0.2586,0.2586
17.7183,pi,6.2800,16.8169,0.2578,0.2578
17.7232,pi,6.2800,16.7458,0.2566,0.2566
17.7283,pi,6.2800,16.6887,0.2551,0.2551
17.7333,pi,6.2800,16.6424,0.2534,0.2534
17.7382,pi,6.2800,16.6057,0.2516,0.2516
17.7432,pi,6.2800,16.5299,0.2505,0.2505
17.7483,pi,6.2800,16.4396,0.2498,0.2498
17.7533,pi,6.2800,16.3678,0.2486,0.2486
17.7582,pi,6.2800,16.2931,0.2476,0.2476
17.7633,pi,6.2800,16.1894,0.2472,0.2472
17.7685,pi,6.2800,16.1649,0.2452,0.2452
17.7733,pi,6.2800,16.0975,0.2441,0.2441
17.7782,pi,6.2800,16.0322,0.2429,0.2429
17.7833,pi,6.2800,15.9410,0.2423,0.2423
17.7883,pi,6.2800,15.8694,0.2413,0.2413
17.7933,pi,6.2800,15.8119,0.2401,0.2401
17.7983,pi,6.2800,15.7569,0.2388,0.2388
17.8034,pi,6.2800,15.6679,0.2382,0.2382
17.8082,pi,6.2800,15.5977,0.2372,0.2372
17.8133,pi,6.2800,15.5405,0.2361,0.2361
17.8183,pi,6.2800,15.4940,0.2347,0.2347
17.8233,pi,6.2800,15.4142,0.2340,0.2340
17.8283,pi,6.2800,15.3469,0.2331,0.2331
17.8333,pi,6.2800,15.2465,0.2328,0.2328
17.8384,pi,6.2800,15.1624,0.2322,0.2322
17.8433,pi,6.2800,15.0946,0.2314,0.2314
17.8489,pi,6.2800,15.0382,0.2303,0.2303
17.8540,pi,6.2800,14.9536,0.2298,0.2298
17.8582,pi,6.2800,14.8767,0.2292,0.2292
17.8632,pi,6.2800,14.8159,0.2282,0.2282
17.8684,pi,6.2800,14.7152,0.2281,0.2281
17.8733,pi,6.2800,14.6358,0.2276,0.2276
17.8782,pi,6.2800,14.5740,0.2267,0.2267
17.8832,pi,6.2800,14.4920,0.2263,0.2263
17.8882,pi,6.2800,14.4730,0.2246,0.2246
17.8933,pi,6.2800,14.4116,0.2238,0.2238
17.8982,pi,6.2800,14.3627,0.2228,0.2228
17.9033,pi,6.2800,14.2800,0.2224,0.2224
17.9082,pi,6.2800,14.2583,0.2208,0.2208
17.9134,pi,6.2800,14.1710,0.2206,0.2206
17.9182,pi,6.2800,14.1240,0.2195,0.2195
17.9233,pi,6.2800,14.0875,0.2183,0.2183
17.9283,pi,6.2800,14.0345,0.2174,0.2174
17.9333,pi,6.2800,13.9914,0.2163,0.2163
17.9382,pi,6.2800,13.9069,0.2161,0.2161
17.9432,pi,6.2800,13.8673,0.2150,0.2150
17.9484,pi,6.2800,13.8356,0.2137,0.2137
17.9533,pi,6.2800,13.7823,0.2129,0.2129
17.9582,pi,6.2800,13.7674,0.2113,0.2113
17.9632,pi,6.2800,13.7099,0.2106,0.2106
17.9683,pi,6.2800,13.6641,0.2097,0.2097
17.9733,pi,6.2800,13.5817,0.2095,0.2095
17.9783,pi,6.2800,13.5164,0.2089,0.2089
17.9832,pi,6.2800,13.4634,0.2082,0.2082
17.9882,pi,6.2800,13.4218,0.2072,0.2072
17.9933,pi,6.2800,13.3512,0.2069,0.2069
17.9982,pi,6.2800,13.2947,0.2062,0.2062
18.0032,pi,6.2800,13.2405,0.2056,0.2056
18.0083,pi,6.2800,13.1558,0.2055,0.2055
18.0132,pi,6.2800,13.0835,0.2052,0.2052
18.0183,pi,6.2800,13.0258,0.2047,0.2047
18.0233,pi,6.2800,12.9796,0.2039,0.2039
18.0283,pi,6.2800,12.9432,0.2030,0.2030
18.0333,pi,6.2800,12.8673,0.2028,0.2028
18.0383,pi,6.2800,12.8070,0.2024,0.2024
18.0433,pi,6.2800,12.7585,0.2017,0.2017
18.0483,pi,6.2800,12.7198,0.2009,0.2009
18.0532,pi,6.2800,12.6894,0.1999,0.1999
18.0582,pi,6.2800,12.6648,0.1988,0.1988
18.0632,pi,6.2800,12.6454,0.1976,0.1976
18.0682,pi,6.2800,12.6297,0.1963,0.1963
18.0732,pi,6.2800,12.6171,0.1949,0.1949
18.0783,pi,6.2800,12.5618,0.1945,0.1945
18.0833,pi,6.2800,12.5167,0.1938,0.1938
18.0882,pi,6.2800,12.4813,0.1929,0.1929
18.0932,pi,6.2800,12.4529,0.1920,0.1920
18.0983,pi,6.2800,12.4251,0.1910,0.1910
18.1032,pi,6.2800,12.3527,0.1909,0.1909
18.1083,pi,6.2800,12.2932,0.1906,0.1906
18.1132,pi,6.2800,12.2567,0.1898,0.1898
18.1183,pi,6.2800,12.1674,0.1901,0.1901
18.1233,pi,6.2800,12.0955,0.1900,0.1900
18.1283,pi,6.2800,12.0861,0.1888,0.1888
18.1332,pi,6.2800,12.0452,0.1881,0.1881
18.1382,pi,6.2800,12.0127,0.1874,0.1874
18.1437,pi,6.2800,11.9191,0.1878,0.1878
18.1499,pi,6.2800,11.8376,0.1880,0.1880
18.1555,pi,6.2800,11.6169,0.1910,0.1910
18.1614,pi,6.2800,11.4073,0.1938,0.1938
18.1678,pi,6.2800,11.0335,0.2001,0.2001
18.1753,pi,6.2800,10.6216,0.2071,0.2071
18.1827,pi,6.2800,10.0545,0.2173,0.2173
18.1880,pi,6.2800,9.5309,0.2268,0.2268
18.1931,pi,6.2800,9.0383,0.2359,0.2359
18.1991,pi,6.2800,8.6382,0.2432,0.2432
18.2048,pi,6.2800,8.4185,0.2470,0.2470
18.2104,pi,6.2800,8.1715,0.2514,0.2514
18.2162,pi,6.2800,8.1911,0.2505,0.2505
18.2237,pi,6.2800,8.1702,0.2505,0.2505
18.2309,pi,6.2800,8.1434,0.2505,0.2505
18.2373,pi,6.2800,8.2517,0.2480,0.2480
18.2429,pi,6.2800,8.4335,0.2438,0.2438
18.2477,pi,6.2800,8.8159,0.2356,0.2356
18.2537,pi,6.2800,9.1914,0.2274,0.2274
18.2581,pi,6.2800,9.5032,0.2205,0.2205
18.2632,pi,6.2800,9.8015,0.2137,0.2137
18.2680,pi,6.2800,10.1137,0.2066,0.2066
18.2749,pi,6.2800,10.3809,0.2004,0.2004
18.2814,pi,6.2800,10.4599,0.1977,0.1977
18.2861,pi,6.2800,10.6120,0.1937,0.1937
18.2923,pi,6.2800,10.9020,0.1868,0.1868
18.2976,pi,6.2800,11.1865,0.1799,0.1799
18.3020,pi,6.2800,11.4567,0.1732,0.1732
18.3072,pi,6.2800,11.7425,0.1663,0.1663
18.3120,pi,6.2800,11.8973,0.1618,0.1618
18.3190,pi,6.2800,11.4126,0.1699,0.1699
18.3273,pi,6.2800,11.3047,0.1691,0.1691
18.3331,pi,6.2800,11.2547,0.1694,0.1694
18.3384,pi,6.2800,11.2424,0.1684,0.1684
18.3436,pi,6.2800,11.1444,0.1692,0.1692
18.3488,pi,6.2800,10.9734,0.1701,0.1701
18.3541,pi,6.2800,10.8488,0.1714,0.1714
18.3588,pi,6.2800,10.7848,0.1714,0.1714
18.3629,pi,6.2800,10.7583,0.1708,0.1708
18.3668,pi,6.2800,10.7267,0.1705,0.1705
18.3708,pi,6.2800,10.8697,0.1665,0.1665
18.3748,pi,6.2800,11.0269,0.1622,0.1622
18.3788,pi,6.2800,11.0165,0.1613,0.1613
18.3829,pi,6.2800,10.9622,0.1612,0.1612
18.3868,pi,6.2800,10.9493,0.1603,0.1603
18.3908,pi,6.2800,10.8689,0.1607,0.1607
18.3948,pi,6.2800,10.8043,0.1609,0.1609
18.3988,pi,6.2800,10.6848,0.1621,0.1621
18.4028,pi,6.2800,10.5925,0.1628,0.1628
18.4070,pi,6.2800,10.4900,0.1638,0.1638
18.4112,pi,6.2800,10.4046,0.1645,0.1645
18.4155,pi,6.2800,10.3346,0.1649,0.1649
18.4195,pi,6.2800,10.2335,0.1659,0.1659
18.4237,pi,6.2800,10.2438,0.1647,0.1647
18.4277,pi,6.2800,10.2519,0.1635,0.1635
18.4317,pi,6.2800,10.2116,0.1633,0.1633
18.4358,pi,6.2800,10.1791,0.1630,0.1630
18.4398,pi,6.2800,10.1545,0.1625,0.1625
18.4438,pi,6.2800,10.1356,0.1619,0.1619
18.4483,pi,6.2800,10.1188,0.1613,0.1613
18.4533,pi,6.2800,10.1058,0.1606,0.1606
18.4583,pi,6.2800,10.0960,0.1598,0.1598
18.4633,pi,6.2800,10.0884,0.1590,0.1590
18.4682,pi,6.2800,10.0819,0.1582,0.1582
18.4734,pi,6.2800,10.0760,0.1574,0.1574
18.4784,pi,6.2800,10.0262,0.1574,0.1574
18.4834,pi,6.2800,9.9802,0.1574,0.1574
18.4883,pi,6.2800,9.9447,0.1572,0.1572
18.4933,pi,6.2800,9.8653,0.1579,0.1579
18.4984,pi,6.2800,9.8022,0.1582,0.1582
18.5034,pi,6.2800,9.7519,0.1584,0.1584
18.5084,pi,6.2800,9.7109,0.1583,0.1583
18.5133,pi,6.2800,9.6784,0.1581,0.1581
18.5183,pi,6.2800,9.6019,0.1588,0.1588
18.5233,pi,6.2800,9.5547,0.1589,0.1589
18.5283,pi,6.2800,9.5179,0.1588,0.1588
18.5333,pi,6.2800,9.5335,0.1577,0.1577
18.5383,pi,6.2800,9.4863,0.1578,0.1578
18.5433,pi,6.2800,9.4624,0.1575,0.1575
18.5484,pi,6.2800,9.4895,0.1562,0.1562
18.5534,pi,6.2800,9.5113,0.1549,0.1549
18.5583,pi,6.2800,9.4827,0.1547,0.1547
18.5634,pi,6.2800,9.4458,0.1546,0.1546
18.5685,pi,6.2800,9.4661,0.1534,0.1534
18.5734,pi,6.2800,9.4322,0.1533,0.1533
18.5783,pi,6.2800,9.4056,0.1530,0.1530
18.5833,pi,6.2800,9.3843,0.1527,0.1527
18.5882,pi,6.2800,9.3809,0.1520,0.1520
18.5933,pi,6.2800,9.3785,0.1513,0.1513
18.5983,pi,6.2800,9.3768,0.1505,0.1505
18.6033,pi,6.2800,9.3293,0.1507,0.1507
18.6083,pi,6.2800,9.3231,0.1501,0.1501
18.6132,pi,6.2800,9.3320,0.1491,0.1491
18.6183,pi,6.2800,9.2935,0.1491,0.1491
18.6233,pi,6.2800,9.2637,0.1490,0.1490
18.6284,pi,6.2800,9.2188,0.1491,0.1491
18.6333,pi,6.2800,9.1845,0.1491,0.1491
18.6382,pi,6.2800,9.1755,0.1485,0.1485
18.6434,pi,6.2800,9.1490,0.1483,0.1483
18.6483,pi,6.2800,9.1283,0.1480,0.1480
18.6534,pi,6.2800,9.1121,0.1476,0.1476
18.6584,pi,6.2800,9.0985,0.1472,0.1472
18.6633,pi,6.2800,9.0878,0.1467,0.1467
18.6683,pi,6.2800,9.0521,0.1467,0.1467
18.6733,pi,6.2800,9.0009,0.1471,0.1471
18.6783,pi,6.2800,8.9831,0.1467,0.1467
18.6833,pi,6.2800,8.9455,0.1468,0.1468
18.6883,pi,6.2800,8.9156,0.1467,0.1467
18.6932,pi,6.2800,8.8684,0.1470,0.1470
18.6984,pi,6.2800,8.8774,0.1462,0.1462
18.7048,pi,6.2800,8.8572,0.1459,0.1459
18.7089,pi,6.2800,8.8654,0.1450,0.1450
18.7138,pi,6.2800,8.8486,0.1448,0.1448
18.7188,pi,6.2800,8.8377,0.1444,0.1444
18.7234,pi,6.2800,8.8284,0.1440,0.1440
18.7284,pi,6.2800,8.8217,0.1434,0.1434
18.7333,pi,6.2800,8.8163,0.1429,0.1429
18.7384,pi,6.2800,8.8122,0.1424,0.1424
18.7433,pi,6.2800,8.7860,0.1423,0.1423
18.7484,pi,6.2800,8.8112,0.1411,0.1411
18.7535,pi,6.2800,8.7852,0.1410,0.1410
18.7583,pi,6.2800,8.7872,0.1404,0.1404
18.7633,pi,6.2800,8.7659,0.1402,0.1402
18.7683,pi,6.2800,8.7060,0.1407,0.1407
18.7736,pi,6.2800,8.7017,0.1402,0.1402
18.7790,pi,6.2800,8.7177,0.1393,0.1393
18.7837,pi,6.2800,8.7327,0.1384,0.1384
18.7884,pi,6.2800,8.6951,0.1385,0.1385
18.7933,pi,6.2800,8.6639,0.1385,0.1385
18.7981,pi,6.2800,8.6680,0.1379,0.1379
18.8033,pi,6.2800,8.6254,0.1381,0.1381
18.8083,pi,6.2800,8.5576,0.1389,0.1389
18.8132,pi,6.2800,8.5370,0.1387,0.1387
18.8182,pi,6.2800,8.5212,0.1385,0.1385
18.8233,pi,6.2800,8.5084,0.1382,0.1382
18.8282,pi,6.2800,8.4525,0.1387,0.1387
18.8332,pi,6.2800,8.4097,0.1390,0.1390
18.8382,pi,6.2800,8.3739,0.1392,0.1392
18.8432,pi,6.2800,8.3446,0.1393,0.1393
18.8483,pi,6.2800,8.3342,0.1390,0.1390
18.8533,pi,6.2800,8.3258,0.1386,0.1386
18.8582,pi,6.2800,8.3057,0.1385,0.1385
18.8632,pi,6.2800,8.3368,0.1374,0.1374
18.8683,pi,6.2800,8.3277,0.1371,0.1371
18.8732,pi,6.2800,8.3204,0.1367,0.1367
18.8785,pi,6.2800,8.3645,0.1353,0.1353
18.8841,pi,6.2800,8.3491,0.1351,0.1351
18.8889,pi,6.2800,8.3362,0.1348,0.1348
18.8940,pi,6.2800,8.3253,0.1345,0.1345
18.8987,pi,6.2800,8.2666,0.1352,0.1352
18.9040,pi,6.2800,8.2705,0.1346,0.1346
18.9086,pi,6.2800,8.2733,0.1341,0.1341
18.9134,pi,6.2800,8.2236,0.1346,0.1346
18.9183,pi,6.2800,8.1872,0.1348,0.1348
18.9232,pi,6.2800,8.1949,0.1342,0.1342
18.9282,pi,6.2800,8.2014,0.1336,0.1336
18.9334,pi,6.2800,8.1608,0.1339,0.1339
18.9382,pi,6.2800,8.1290,0.1341,0.1341
18.9433,pi,6.2800,8.1041,0.1341,0.1341
18.9482,pi,6.2800,8.0845,0.1340,0.1340
18.9533,pi,6.2800,8.1147,0.1330,0.1330
18.9582,pi,6.2800,8.0926,0.1330,0.1330
18.9632,pi,6.2800,8.0755,0.1329,0.1329
18.9685,pi,6.2800,8.0627,0.1327,0.1327
18.9750,pi,6.2800,8.0072,0.1333,0.1333
18.9798,pi,6.2800,7.9118,0.1348,0.1348
18.9841,pi,6.2800,7.8378,0.1359,0.1359
18.9887,pi,6.2800,7.7780,0.1367,0.1367
18.9932,pi,6.2800,7.7302,0.1373,0.1373
18.9982,pi,6.2800,7.6919,0.1377,0.1377
19.0032,pi,6.2800,7.7076,0.1370,0.1370
19.0083,pi,6.2800,7.6741,0.1373,0.1373
19.0134,pi,6.2800,7.6468,0.1375,0.1375
19.0183,pi,6.2800,7.6249,0.1376,0.1376
19.0233,pi,6.2800,7.6073,0.1376,0.1376
19.0282,pi,6.2800,7.6400,0.1366,0.1366
19.0332,pi,6.2800,7.7204,0.1347,0.1347
19.0383,pi,6.2800,7.7756,0.1332,0.1332
19.0433,pi,6.2800,7.8290,0.1318,0.1318
19.0483,pi,6.2800,7.8713,0.1306,0.1306
19.0533,pi,6.2800,7.9050,0.1295,0.1295
19.0582,pi,6.2800,7.9321,0.1285,0.1285
19.0632,pi,6.2800,7.9451,0.1279,0.1279
19.0683,pi,6.2800,7.9645,0.1271,0.1271
19.0733,pi,6.2800,7.9800,0.1263,0.1263
19.0782,pi,6.2800,7.9837,0.1258,0.1258
19.0836,pi,6.2800,7.9440,0.1262,0.1262
19.0884,pi,6.2800,7.9132,0.1264,0.1264
19.0933,pi,6.2800,7.8884,0.1265,0.1265
19.0984,pi,6.2800,7.9101,0.1256,0.1256
19.1033,pi,6.2800,7.8358,0.1267,0.1267
19.1082,pi,6.2800,7.8228,0.1266,0.1266
19.1132,pi,6.2800,7.8122,0.1264,0.1264
19.1184,pi,6.2800,7.8079,0.1261,0.1261
19.1234,pi,6.2800,7.8038,0.1258,0.1258
19.1282,pi,6.2800,7.8011,0.1255,0.1255
19.1332,pi,6.2800,7.7943,0.1253,0.1253
19.1383,pi,6.2800,7.7936,0.1249,0.1249
19.1435,pi,6.2800,7.7923,0.1245,0.1245
19.1487,pi,6.2800,7.7390,0.1252,0.1252
19.1535,pi,6.2800,7.7487,0.1247,0.1247
19.1582,pi,6.2800,7.7072,0.1251,0.1251
19.1632,pi,6.2800,7.6738,0.1254,0.1254
19.1684,pi,6.2800,7.6467,0.1256,0.1256
19.1732,pi,6.2800,7.6256,0.1257,0.1257
19.1786,pi,6.2800,7.6076,0.1257,0.1257
19.1832,pi,6.2800,7.5936,0.1257,0.1257
19.1885,pi,6.2800,7.5825,0.1256,0.1256
19.1944,pi,6.2800,7.5175,0.1265,0.1265
19.1990,pi,6.2800,7.5215,0.1261,0.1261
19.2044,pi,6.2800,7.4729,0.1268,0.1268
19.2101,pi,6.2800,7.4343,0.1273,0.1273
19.2184,pi,6.2800,7.4004,0.1277,0.1277
19.2244,pi,6.2800,7.3739,0.1279,0.1279
19.2296,pi,6.2800,7.2559,0.1300,0.1300
19.2344,pi,6.2800,7.1599,0.1317,0.1317
19.2394,pi,6.2800,7.0844,0.1330,0.1330
19.2435,pi,6.2800,7.0200,0.1341,0.1341
19.2478,pi,6.2800,6.9878,0.1345,0.1345
19.2519,pi,6.2800,7.0574,0.1330,0.1330
19.2559,pi,6.2800,7.0175,0.1336,0.1336
19.2602,pi,6.2800,7.0719,0.1323,0.1323
19.2642,pi,6.2800,7.0754,0.1320,0.1320
19.2687,pi,6.2800,7.0801,0.1317,0.1317
19.2732,pi,6.2800,7.0844,0.1314,0.1314
19.2782,pi,6.2800,7.2230,0.1285,0.1285
19.2832,pi,6.2800,7.2888,0.1269,0.1269
19.2883,pi,6.2800,7.3861,0.1247,0.1247
19.2932,pi,6.2800,7.4211,0.1237,0.1237
19.2982,pi,6.2800,7.4913,0.1221,0.1221
19.3032,pi,6.2800,7.5009,0.1216,0.1216
19.3082,pi,6.2800,7.5552,0.1202,0.1202
19.3132,pi,6.2800,7.5540,0.1199,0.1199
19.3182,pi,6.2800,7.5972,0.1187,0.1187
19.3233,pi,6.2800,7.6359,0.1176,0.1176
19.3282,pi,6.2800,7.6629,0.1167,0.1167
19.3336,pi,6.2800,7.6373,0.1169,0.1169
19.3383,pi,6.2800,7.5670,0.1179,0.1179
19.3437,pi,6.2800,7.5615,0.1177,0.1177
19.3491,pi,6.2800,7.5054,0.1185,0.1185
19.3542,pi,6.2800,7.4617,0.1191,0.1191
19.3586,pi,6.2800,7.4270,0.1195,0.1195
19.3633,pi,6.2800,7.3488,0.1208,0.1208
19.3682,pi,6.2800,7.2960,0.1216,0.1216
19.3732,pi,6.2800,7.2537,0.1222,0.1222
19.3782,pi,6.2800,7.2205,0.1226,0.1226
19.3832,pi,6.2800,7.1930,0.1229,0.1229
19.3882,pi,6.2800,7.2179,0.1222,0.1222
19.3932,pi,6.2800,7.2377,0.1215,0.1215
19.3982,pi,6.2800,7.2071,0.1219,0.1219
19.4037,pi,6.2800,7.1722,0.1224,0.1224
19.4083,pi,6.2800,7.1446,0.1227,0.1227
19.4133,pi,6.2800,7.1732,0.1219,0.1219
19.4182,pi,6.2800,7.1957,0.1212,0.1212
19.4232,pi,6.2800,7.2139,0.1207,0.1207
19.4282,pi,6.2800,7.1782,0.1211,0.1211
19.4333,pi,6.2800,7.1477,0.1215,0.1215
19.4383,pi,6.2800,7.1253,0.1217,0.1217
19.4434,pi,6.2800,7.1072,0.1219,0.1219
19.4483,pi,6.2800,7.1429,0.1210,0.1210
19.4534,pi,6.2800,7.1306,0.1210,0.1210
19.4583,pi,6.2800,7.1219,0.1210,0.1210
19.4633,pi,6.2800,7.1145,0.1209,0.1209
19.4688,pi,6.2800,7.0985,0.1210,0.1210
19.4738,pi,6.2800,7.0855,0.1211,0.1211
19.4786,pi,6.2800,7.0754,0.1211,0.1211
19.4832,pi,6.2800,7.0766,0.1209,0.1209
19.4882,pi,6.2800,7.0795,0.1206,0.1206
19.4932,pi,6.2800,7.0806,0.1204,0.1204
19.4982,pi,6.2800,7.0813,0.1202,0.1202
19.5033,pi,6.2800,7.1226,0.1191,0.1191
19.5082,pi,6.2800,7.1602,0.1182,0.1182
19.5132,pi,6.2800,7.1449,0.1183,0.1183
19.5182,pi,6.2800,7.1327,0.1183,0.1183
19.5234,pi,6.2800,7.1233,0.1183,0.1183
19.5284,pi,6.2800,7.1562,0.1174,0.1174
19.5332,pi,6.2800,7.1874,0.1165,0.1165
19.5383,pi,6.2800,7.1572,0.1169,0.1169
19.5432,pi,6.2800,7.1331,0.1172,0.1172
19.5483,pi,6.2800,7.1231,0.1172,0.1172
19.5532,pi,6.2800,7.1152,0.1171,0.1171
19.5583,pi,6.2800,7.0635,0.1179,0.1179
19.5633,pi,6.2800,7.0580,0.1179,0.1179
19.5682,pi,6.2800,7.0537,0.1178,0.1178
19.5732,pi,6.2800,7.0596,0.1174,0.1174
19.5783,pi,6.2800,7.0190,0.1181,0.1181
19.5833,pi,6.2800,6.9722,0.1188,0.1188
19.5883,pi,6.2800,6.9850,0.1184,0.1184
19.5932,pi,6.2800,6.9952,0.1180,0.1180
19.5982,pi,6.2800,6.9530,0.1187,0.1187
19.6032,pi,6.2800,6.9194,0.1192,0.1192
19.6082,pi,6.2800,6.9429,0.1185,0.1185
19.6132,pi,6.2800,6.9708,0.1178,0.1178
19.6183,pi,6.2800,6.9338,0.1184,0.1184
19.6232,pi,6.2800,6.9041,0.1188,0.1188
19.6282,pi,6.2800,6.9304,0.1181,0.1181
19.6332,pi,6.2800,6.9606,0.1174,0.1174
19.6383,pi,6.2800,6.9758,0.1169,0.1169
19.6433,pi,6.2800,6.9374,0.1175,0.1175
19.6482,pi,6.2800,6.9209,0.1177,0.1177
19.6532,pi,6.2800,6.9535,0.1168,0.1168
19.6582,pi,6.2800,6.9336,0.1171,0.1171
19.6633,pi,6.2800,6.9038,0.1175,0.1175
19.6684,pi,6.2800,6.9286,0.1168,0.1168
19.6740,pi,6.2800,6.9495,0.1163,0.1163
19.6790,pi,6.2800,6.9669,0.1158,0.1158
19.6832,pi,6.2800,6.9302,0.1163,0.1163
19.6884,pi,6.2800,6.9153,0.1165,0.1165
19.6932,pi,6.2800,6.9032,0.1165,0.1165
19.6982,pi,6.2800,6.9396,0.1156,0.1156
19.7033,pi,6.2800,6.9587,0.1151,0.1151
19.7083,pi,6.2800,6.9740,0.1146,0.1146
19.7132,pi,6.2800,6.9958,0.1140,0.1140
19.7182,pi,6.2800,7.0138,0.1135,0.1135
19.7234,pi,6.2800,6.9839,0.1139,0.1139
19.7282,pi,6.2800,6.9588,0.1142,0.1142
19.7332,pi,6.2800,6.9383,0.1145,0.1145
19.7383,pi,6.2800,6.9072,0.1149,0.1149
19.7432,pi,6.2800,6.8962,0.1150,0.1150
19.7482,pi,6.2800,6.8884,0.1150,0.1150
19.7532,pi,6.2800,6.8816,0.1150,0.1150
19.7583,pi,6.2800,6.8304,0.1158,0.1158
19.7634,pi,6.2800,6.8208,0.1159,0.1159
19.7683,pi,6.2800,6.8130,0.1159,0.1159
19.7732,pi,6.2800,6.8575,0.1149,0.1149
19.7782,pi,6.2800,6.8573,0.1148,0.1148
19.7833,pi,6.2800,6.8429,0.1149,0.1149
19.7882,pi,6.2800,6.8447,0.1147,0.1147
19.7933,pi,6.2800,6.8328,0.1148,0.1148
19.7982,pi,6.2800,6.8230,0.1149,0.1149
19.8032,pi,6.2800,6.8153,0.1149,0.1149
19.8082,pi,6.2800,6.8228,0.1146,0.1146
19.8133,pi,6.2800,6.8292,0.1143,0.1143
19.8182,pi,6.2800,6.8344,0.1141,0.1141
19.8233,pi,6.2800,6.8246,0.1142,0.1142
19.8282,pi,6.2800,6.8667,0.1132,0.1132
19.8332,pi,6.2800,6.8501,0.1134,0.1134
19.8382,pi,6.2800,6.8508,0.1132,0.1132
19.8432,pi,6.2800,6.8517,0.1131,0.1131
19.8482,pi,6.2800,6.8525,0.1129,0.1129
19.8533,pi,6.2800,6.8391,0.1130,0.1130
19.8582,pi,6.2800,6.8423,0.1128,0.1128
19.8632,pi,6.2800,6.7989,0.1135,0.1135
19.8682,pi,6.2800,6.8101,0.1132,0.1132
19.8732,pi,6.2800,6.8192,0.1129,0.1129
19.8782,pi,6.2800,6.7808,0.1135,0.1135
19.8833,pi,6.2800,6.7818,0.1134,0.1134
19.8882,pi,6.2800,6.7965,0.1129,0.1129
19.8932,pi,6.2800,6.7623,0.1135,0.1135
19.8983,pi,6.2800,6.7670,0.1133,0.1133
19.9032,pi,6.2800,6.7844,0.1128,0.1128
19.9082,pi,6.2800,6.7530,0.1133,0.1133
19.9133,pi,6.2800,6.7274,0.1137,0.1137
19.9182,pi,6.2800,6.7530,0.1131,0.1131
19.9233,pi,6.2800,6.7091,0.1138,0.1138
19.9282,pi,6.2800,6.6926,0.1141,0.1141
19.9334,pi,6.2800,6.7106,0.1136,0.1136
19.9383,pi,6.2800,6.6752,0.1142,0.1142
19.9433,pi,6.2800,6.6971,0.1137,0.1137
19.9482,pi,6.2800,6.7285,0.1129,0.1129
19.9533,pi,6.2800,6.6895,0.1136,0.1136
19.9583,pi,6.2800,6.7085,0.1131,0.1131
19.9632,pi,6.2800,6.7375,0.1124,0.1124
19.9682,pi,6.2800,6.7162,0.1127,0.1127
19.9732,pi,6.2800,6.6982,0.1130,0.1130
19.9782,pi,6.2800,6.7298,0.1123,0.1123
19.9832,pi,6.2800,6.7089,0.1126,0.1126
19.9883,pi,6.2800,6.7241,0.1122,0.1122
19.9932,pi,6.2800,6.7502,0.1115,0.1115
19.9983,pi,6.2800,6.7068,0.1123,0.1123
20.0032,pi,6.2800,6.6905,0.1125,0.1125
20.0082,pi,6.2800,6.7235,0.1117,0.1117
20.0133,pi,6.2800,6.6856,0.1124,0.1124
20.0182,pi,6.2800,6.7046,0.1119,0.1119
20.0232,pi,6.2800,6.7203,0.1115,0.1115
20.0282,pi,6.2800,6.7018,0.1117,0.1117
20.0332,pi,6.2800,6.6866,0.1119,0.1119
20.0383,pi,6.2800,6.6741,0.1121,0.1121
20.0433,pi,6.2800,6.6461,0.1125,0.1125
20.0482,pi,6.2800,6.6422,0.1125,0.1125
20.0533,pi,6.2800,6.6206,0.1129,0.1129
20.0582,pi,6.2800,6.6218,0.1128,0.1128
20.0633,pi,6.2800,6.6042,0.1130,0.1130
20.0682,pi,6.2800,6.5903,0.1132,0.1132
20.0732,pi,6.2800,6.5974,0.1130,0.1130
20.0783,pi,6.2800,6.5845,0.1132,0.1132
20.0833,pi,6.2800,6.5738,0.1133,0.1133
20.0882,pi,6.2800,6.5838,0.1130,0.1130
20.0933,pi,6.2800,6.5739,0.1132,0.1132
20.0984,pi,6.2800,6.5641,0.1133,0.1133
20.1032,pi,6.2800,6.6079,0.1123,0.1123
20.1083,pi,6.2800,6.5930,0.1126,0.1126
20.1132,pi,6.2800,6.5996,0.1123,0.1123
20.1182,pi,6.2800,6.6507,0.1112,0.1112
20.1233,pi,6.2800,6.6273,0.1116,0.1116
20.1283,pi,6.2800,6.6589,0.1109,0.1109
20.1332,pi,6.2800,6.6978,0.1100,0.1100
20.1383,pi,6.2800,6.6837,0.1102,0.1102
20.1434,pi,6.2800,6.7036,0.1097,0.1097
20.1484,pi,6.2800,6.7327,0.1090,0.1090
20.1535,pi,6.2800,6.6933,0.1097,0.1097
20.1584,pi,6.2800,6.7102,0.1093,0.1093
20.1635,pi,6.2800,6.6747,0.1099,0.1099
20.1687,pi,6.2800,6.6439,0.1104,0.1104
20.1734,pi,6.2800,6.6221,0.1107,0.1107
20.1782,pi,6.2800,6.6234,0.1106,0.1106
20.1832,pi,6.2800,6.6243,0.1105,0.1105
20.1882,pi,6.2800,6.5793,0.1113,0.1113
20.1933,pi,6.2800,6.5888,0.1111,0.1111
20.1983,pi,6.2800,6.5970,0.1108,0.1108
20.2032,pi,6.2800,6.5586,0.1115,0.1115
20.2086,pi,6.2800,6.5714,0.1112,0.1112
20.2133,pi,6.2800,6.5379,0.1118,0.1118
20.2182,pi,6.2800,6.5560,0.1113,0.1113
20.2233,pi,6.2800,6.5262,0.1119,0.1119
20.2283,pi,6.2800,6.5271,0.1118,0.1118
20.2334,pi,6.2800,6.5277,0.1117,0.1117
20.2389,pi,6.2800,6.5280,0.1117,0.1117
20.2434,pi,6.2800,6.5290,0.1116,0.1116
20.2481,pi,6.2800,6.5485,0.1111,0.1111
20.2535,pi,6.2800,6.5457,0.1111,0.1111
20.2582,pi,6.2800,6.5614,0.1107,0.1107
20.2634,pi,6.2800,6.5751,0.1104,0.1104
20.2682,pi,6.2800,6.5857,0.1101,0.1101
20.2732,pi,6.2800,6.5939,0.1099,0.1099
20.2783,pi,6.2800,6.6008,0.1096,0.1096
20.2832,pi,6.2800,6.6058,0.1095,0.1095
20.2883,pi,6.2800,6.5646,0.1102,0.1102
20.2932,pi,6.2800,6.5776,0.1099,0.1099
20.2983,pi,6.2800,6.5180,0.1110,0.1110
20.3032,pi,6.2800,6.5211,0.1109,0.1109
20.3083,pi,6.2800,6.5236,0.1108,0.1108
20.3134,pi,6.2800,6.4750,0.1117,0.1117
20.3182,pi,6.2800,6.4598,0.1119,0.1119
20.3232,pi,6.2800,6.4476,0.1121,0.1121
20.3282,pi,6.2800,6.4378,0.1123,0.1123
20.3333,pi,6.2800,6.4292,0.1124,0.1124
20.3383,pi,6.2800,6.4499,0.1120,0.1120
20.3432,pi,6.2800,6.4851,0.1112,0.1112
20.3482,pi,6.2800,6.4677,0.1115,0.1115
20.3532,pi,6.2800,6.4997,0.1108,0.1108
20.3583,pi,6.2800,6.4793,0.1112,0.1112
20.3633,pi,6.2800,6.4633,0.1114,0.1114
20.3684,pi,6.2800,6.4772,0.1111,0.1111
20.3733,pi,6.2800,6.4874,0.1109,0.1109
20.3782,pi,6.2800,6.4965,0.1106,0.1106
20.3832,pi,6.2800,6.5221,0.1101,0.1101
20.3884,pi,6.2800,6.5246,0.1100,0.1100
20.3934,pi,6.2800,6.5263,0.1099,0.1099
20.3982,pi,6.2800,6.5277,0.1098,0.1098
20.4032,pi,6.2800,6.5290,0.1097,0.1097
20.4083,pi,6.2800,6.5025,0.1102,0.1102
20.4133,pi,6.2800,6.5084,0.1100,0.1100
20.4184,pi,6.2800,6.5134,0.1098,0.1098
20.4235,pi,6.2800,6.4899,0.1102,0.1102
20.4284,pi,6.2800,6.5182,0.1096,0.1096
20.4332,pi,6.2800,6.5214,0.1095,0.1095
20.4382,pi,6.2800,6.4965,0.1099,0.1099
20.4432,pi,6.2800,6.5230,0.1093,0.1093
20.4485,pi,6.2800,6.4980,0.1098,0.1098
20.4540,pi,6.2800,6.5035,0.1096,0.1096
20.4586,pi,6.2800,6.5580,0.1085,0.1085
20.4636,pi,6.2800,6.5522,0.1085,0.1085
20.4684,pi,6.2800,6.5670,0.1082,0.1082
20.4732,pi,6.2800,6.5336,0.1088,0.1088
20.4782,pi,6.2800,6.5530,0.1083,0.1083
20.4832,pi,6.2800,6.5218,0.1089,0.1089
20.4883,pi,6.2800,6.5243,0.1087,0.1087
20.4940,pi,6.2800,6.4749,0.1097,0.1097
20.4991,pi,6.2800,6.4863,0.1094,0.1094
20.5037,pi,6.2800,6.5140,0.1088,0.1088
20.5084,pi,6.2800,6.4920,0.1092,0.1092
20.5132,pi,6.2800,6.4749,0.1095,0.1095
20.5182,pi,6.2800,6.4611,0.1097,0.1097
20.5232,pi,6.2800,6.4487,0.1099,0.1099
20.5283,pi,6.2800,6.4154,0.1105,0.1105
20.5332,pi,6.2800,6.4390,0.1100,0.1100
20.5384,pi,6.2800,6.4067,0.1106,0.1106
20.5432,pi,6.2800,6.4048,0.1106,0.1106
20.5483,pi,6.2800,6.4036,0.1106,0.1106
20.5533,pi,6.2800,6.4028,0.1106,0.1106
20.5583,pi,6.2800,6.4021,0.1106,0.1106
20.5633,pi,6.2800,6.3782,0.1110,0.1110
20.5682,pi,6.2800,6.4093,0.1104,0.1104
20.5733,pi,6.2800,6.3840,0.1109,0.1109
20.5783,pi,6.2800,6.4139,0.1102,0.1102
20.5832,pi,6.2800,6.4103,0.1103,0.1103
20.5882,pi,6.2800,6.4080,0.1103,0.1103
20.5932,pi,6.2800,6.4527,0.1094,0.1094
20.5982,pi,6.2800,6.4418,0.1095,0.1095
20.6032,pi,6.2800,6.4793,0.1087,0.1087
20.6082,pi,6.2800,6.4631,0.1090,0.1090
20.6132,pi,6.2800,6.4501,0.1092,0.1092
20.6182,pi,6.2800,6.4167,0.1099,0.1099
20.6232,pi,6.2800,6.4129,0.1099,0.1099
20.6282,pi,6.2800,6.4559,0.1090,0.1090
20.6332,pi,6.2800,6.4444,0.1092,0.1092
20.6382,pi,6.2800,6.4810,0.1084,0.1084
20.6433,pi,6.2800,6.4412,0.1092,0.1092
20.6482,pi,6.2800,6.4597,0.1088,0.1088
20.6532,pi,6.2800,6.4242,0.1094,0.1094
20.6582,pi,6.2800,6.4188,0.1095,0.1095
20.6632,pi,6.2800,6.4603,0.1086,0.1086
20.6682,pi,6.2800,6.4477,0.1088,0.1088
20.6732,pi,6.2800,6.4835,0.1081,0.1081
20.6783,pi,6.2800,6.4435,0.1088,0.1088
20.6832,pi,6.2800,6.4341,0.1090,0.1090
20.6883,pi,6.2800,6.4037,0.1095,0.1095
20.6932,pi,6.2800,6.4023,0.1095,0.1095
20.6982,pi,6.2800,6.4472,0.1086,0.1086
20.7032,pi,6.2800,6.4375,0.1088,0.1088
20.7082,pi,6.2800,6.4754,0.1080,0.1080
20.7133,pi,6.2800,6.4599,0.1082,0.1082
20.7182,pi,6.2800,6.4475,0.1084,0.1084
20.7232,pi,6.2800,6.4144,0.1090,0.1090
20.7282,pi,6.2800,6.4381,0.1085,0.1085
20.7332,pi,6.2800,6.4573,0.1081,0.1081
20.7382,pi,6.2800,6.4453,0.1083,0.1083
20.7432,pi,6.2800,6.4816,0.1075,0.1075
20.7483,pi,6.2800,6.4418,0.1083,0.1083
20.7533,pi,6.2800,6.4596,0.1079,0.1079
20.7591,pi,6.2800,6.4233,0.1086,0.1086
20.7641,pi,6.2800,6.4447,0.1081,0.1081
20.7686,pi,6.2800,6.4618,0.1077,0.1077
20.7732,pi,6.2800,6.4754,0.1074,0.1074
20.7782,pi,6.2800,6.4600,0.1077,0.1077
20.7832,pi,6.2800,6.4244,0.1083,0.1083
20.7883,pi,6.2800,6.4462,0.1079,0.1079
20.7933,pi,6.2800,6.4132,0.1085,0.1085
20.7989,pi,6.2800,6.4369,0.1080,0.1080
20.8040,pi,6.2800,6.4060,0.1086,0.1086
20.8082,pi,6.2800,6.4315,0.1080,0.1080
20.8132,pi,6.2800,6.4255,0.1081,0.1081
20.8182,pi,6.2800,6.4203,0.1082,0.1082
20.8232,pi,6.2800,6.4162,0.1082,0.1082
20.8283,pi,6.2800,6.4397,0.1077,0.1077
20.8333,pi,6.2800,6.4082,0.1083,0.1083
20.8383,pi,6.2800,6.3829,0.1088,0.1088
20.8432,pi,6.2800,6.4132,0.1081,0.1081
20.8482,pi,6.2800,6.4099,0.1082,0.1082
20.8533,pi,6.2800,6.4078,0.1082,0.1082
20.8582,pi,6.2800,6.4062,0.1082,0.1082
20.8633,pi,6.2800,6.4318,0.1076,0.1076
20.8683,pi,6.2800,6.4018,0.1082,0.1082
20.8732,pi,6.2800,6.3781,0.1086,0.1086
20.8783,pi,6.2800,6.3591,0.1090,0.1090
20.8832,pi,6.2800,6.3942,0.1083,0.1083
20.8883,pi,6.2800,6.4221,0.1077,0.1077
20.8932,pi,6.2800,6.4175,0.1077,0.1077
20.8982,pi,6.2800,6.4137,0.1078,0.1078
20.9032,pi,6.2800,6.4107,0.1078,0.1078
20.9082,pi,6.2800,6.4084,0.1078,0.1078
20.9132,pi,6.2800,6.4065,0.1078,0.1078
20.9182,pi,6.2800,6.4050,0.1078,0.1078
20.9232,pi,6.2800,6.4037,0.1078,0.1078
20.9283,pi,6.2800,6.4025,0.1078,0.1078
20.9333,pi,6.2800,6.3786,0.1083,0.1083
20.9382,pi,6.2800,6.3823,0.1082,0.1082
20.9432,pi,6.2800,6.3402,0.1090,0.1090
20.9482,pi,6.2800,6.3518,0.1087,0.1087
20.9532,pi,6.2800,6.3611,0.1085,0.1085
20.9583,pi,6.2800,6.3455,0.1088,0.1088
20.9632,pi,6.2800,6.3328,0.1091,0.1091
20.9683,pi,6.2800,6.3228,0.1093,0.1093
20.9739,pi,6.2800,6.3648,0.1084,0.1084
20.9789,pi,6.2800,6.3480,0.1087,0.1087
20.9833,pi,6.2800,6.3853,0.1080,0.1080
20.9882,pi,6.2800,6.3880,0.1079,0.1079
20.9932,pi,6.2800,6.4172,0.1073,0.1073
20.9983,pi,6.2800,6.3898,0.1078,0.1078
21.0033,pi,6.2800,6.3680,0.1082,0.1082
21.0082,pi,6.2800,6.4010,0.1075,0.1075
21.0132,pi,6.2800,6.4274,0.1069,0.1069
21.0182,pi,6.2800,6.3981,0.1075,0.1075
21.0233,pi,6.2800,6.3976,0.1075,0.1075
21.0282,pi,6.2800,6.3980,0.1074,0.1074
21.0332,pi,6.2800,6.3981,0.1074,0.1074
21.0383,pi,6.2800,6.4251,0.1068,0.1068
21.0433,pi,6.2800,6.3965,0.1074,0.1074
21.0482,pi,6.2800,6.3965,0.1073,0.1073
21.0535,pi,6.2800,6.3730,0.1078,0.1078
21.0589,pi,6.2800,6.3545,0.1081,0.1081
21.0634,pi,6.2800,6.3401,0.1084,0.1084
21.0682,pi,6.2800,6.3516,0.1082,0.1082
21.0732,pi,6.2800,6.3610,0.1079,0.1079
21.0782,pi,6.2800,6.3686,0.1078,0.1078
21.0834,pi,6.2800,6.3515,0.1081,0.1081
21.0883,pi,6.2800,6.3372,0.1084,0.1084
21.0935,pi,6.2800,6.3259,0.1086,0.1086
21.0991,pi,6.2800,6.3166,0.1087,0.1087
21.1037,pi,6.2800,6.3325,0.1084,0.1084
21.1082,pi,6.2800,6.3459,0.1081,0.1081
21.1132,pi,6.2800,6.3110,0.1088,0.1088
21.1183,pi,6.2800,6.3053,0.1089,0.1089
21.1234,pi,6.2800,6.3509,0.1080,0.1080
21.1286,pi,6.2800,6.3365,0.1083,0.1083
21.1338,pi,6.2800,6.3252,0.1085,0.1085
21.1382,pi,6.2800,6.3394,0.1082,0.1082
21.1432,pi,6.2800,6.3515,0.1079,0.1079
21.1482,pi,6.2800,6.3614,0.1077,0.1077
21.1534,pi,6.2800,6.3454,0.1080,0.1080
21.1585,pi,6.2800,6.3326,0.1083,0.1083
21.1634,pi,6.2800,6.3726,0.1074,0.1074
21.1682,pi,6.2800,6.3548,0.1078,0.1078
21.1732,pi,6.2800,6.3636,0.1076,0.1076
21.1782,pi,6.2800,6.3251,0.1083,0.1083
21.1835,pi,6.2800,6.3667,0.1075,0.1075
21.1886,pi,6.2800,6.3498,0.1078,0.1078
21.1935,pi,6.2800,6.3339,0.1081,0.1081
21.1982,pi,6.2800,6.3732,0.1073,0.1073
21.2032,pi,6.2800,6.3780,0.1072,0.1072
21.2082,pi,6.2800,6.3826,0.1071,0.1071
21.2133,pi,6.2800,6.3861,0.1070,0.1070
21.2182,pi,6.2800,6.3886,0.1069,0.1069
21.2233,pi,6.2800,6.3676,0.1073,0.1073
21.2282,pi,6.2800,6.4009,0.1066,0.1066
21.2336,pi,6.2800,6.3993,0.1066,0.1066
21.2385,pi,6.2800,6.3998,0.1066,0.1066
21.2433,pi,6.2800,6.3995,0.1065,0.1065
21.2482,pi,6.2800,6.4014,0.1065,0.1065
21.2533,pi,6.2800,6.3552,0.1074,0.1074
21.2583,pi,6.2800,6.3637,0.1072,0.1072
21.2632,pi,6.2800,6.3247,0.1079,0.1079
21.2683,pi,6.2800,6.3153,0.1081,0.1081
21.2733,pi,6.2800,6.3089,0.1082,0.1082
21.2782,pi,6.2800,6.3037,0.1083,0.1083
21.2832,pi,6.2800,6.2766,0.1089,0.1089
21.2882,pi,6.2800,6.3014,0.1084,0.1084
21.2933,pi,6.2800,6.2749,0.1089,0.1089
21.2983,pi,6.2800,6.2763,0.1089,0.1089
21.3032,pi,6.2800,6.2775,0.1089,0.1089
21.3082,pi,6.2800,6.2786,0.1088,0.1088
21.3133,pi,6.2800,6.2794,0.1088,0.1088
21.3182,pi,6.2800,6.3030,0.1083,0.1083
21.3233,pi,6.2800,6.2989,0.1084,0.1084
21.3283,pi,6.2800,6.3187,0.1080,0.1080
21.3333,pi,6.2800,6.3615,0.1072,0.1072
21.3382,pi,6.2800,6.3456,0.1074,0.1074
21.3432,pi,6.2800,6.3102,0.1081,0.1081
21.3483,pi,6.2800,6.3281,0.1078,0.1078
21.3532,pi,6.2800,6.3422,0.1075,0.1075
21.3583,pi,6.2800,6.3301,0.1077,0.1077
21.3632,pi,6.2800,6.3435,0.1074,0.1074
21.3684,pi,6.2800,6.3311,0.1077,0.1077
21.3733,pi,6.2800,6.3715,0.1068,0.1068
21.3783,pi,6.2800,6.3536,0.1072,0.1072
21.3832,pi,6.2800,6.3623,0.1070,0.1070
21.3882,pi,6.2800,6.3242,0.1077,0.1077
21.3933,pi,6.2800,6.3661,0.1069,0.1069
21.3983,pi,6.2800,6.3484,0.1072,0.1072
21.4032,pi,6.2800,6.3352,0.1075,0.1075
21.4083,pi,6.2800,6.3245,0.1077,0.1077
21.4132,pi,6.2800,6.3161,0.1078,0.1078
21.4182,pi,6.2800,6.2865,0.1084,0.1084
21.4232,pi,6.2800,6.3090,0.1079,0.1079
21.4283,pi,6.2800,6.2815,0.1085,0.1085
21.4333,pi,6.2800,6.2816,0.1085,0.1085
21.4383,pi,6.2800,6.2817,0.1085,0.1085
21.4435,pi,6.2800,6.2805,0.1085,0.1085
21.4483,pi,6.2800,6.3036,0.1080,0.1080
21.4533,pi,6.2800,6.3232,0.1076,0.1076
21.4583,pi,6.2800,6.3652,0.1068,0.1068
21.4633,pi,6.2800,6.3721,0.1066,0.1066
21.4682,pi,6.2800,6.3772,0.1065,0.1065
21.4732,pi,6.2800,6.3814,0.1064,0.1064
21.4784,pi,6.2800,6.4109,0.1058,0.1058
21.4833,pi,6.2800,6.3855,0.1063,0.1063
21.4882,pi,6.2800,6.3878,0.1062,0.1062
21.4933,pi,6.2800,6.3898,0.1061,0.1061
21.4987,pi,6.2800,6.3670,0.1065,0.1065
21.5033,pi,6.2800,6.3500,0.1069,0.1069
21.5085,pi,6.2800,6.3590,0.1067,0.1067
21.5134,pi,6.2800,6.3429,0.1070,0.1070
21.5182,pi,6.2800,6.3309,0.1072,0.1072
21.5234,pi,6.2800,6.3211,0.1074,0.1074
21.5282,pi,6.2800,6.3364,0.1071,0.1071
21.5333,pi,6.2800,6.3038,0.1077,0.1077
21.5382,pi,6.2800,6.3227,0.1073,0.1073
21.5433,pi,6.2800,6.3147,0.1075,0.1075
21.5482,pi,6.2800,6.3312,0.1071,0.1071
21.5533,pi,6.2800,6.2999,0.1077,0.1077
21.5582,pi,6.2800,6.3198,0.1073,0.1073
21.5633,pi,6.2800,6.2901,0.1079,0.1079
21.5682,pi,6.2800,6.3123,0.1075,0.1075
21.5733,pi,6.2800,6.2837,0.1080,0.1080
21.5783,pi,6.2800,6.2836,0.1080,0.1080
21.5832,pi,6.2800,6.2834,0.1080,0.1080
21.5882,pi,6.2800,6.3062,0.1076,0.1076
21.5933,pi,6.2800,6.2787,0.1081,0.1081
21.5982,pi,6.2800,6.3026,0.1077,0.1077
21.6033,pi,6.2800,6.2987,0.1077,0.1077
21.6082,pi,6.2800,6.2954,0.1078,0.1078
21.6134,pi,6.2800,6.2927,0.1078,0.1078
21.6184,pi,6.2800,6.2906,0.1079,0.1079
21.6234,pi,6.2800,6.2664,0.1084,0.1084
21.6286,pi,6.2800,6.2696,0.1083,0.1083
21.6338,pi,6.2800,6.2721,0.1082,0.1082
21.6382,pi,6.2800,6.2742,0.1082,0.1082
21.6432,pi,6.2800,6.2989,0.1077,0.1077
21.6482,pi,6.2800,6.3188,0.1073,0.1073
21.6532,pi,6.2800,6.2891,0.1079,0.1079
21.6582,pi,6.2800,6.3111,0.1075,0.1075
21.6632,pi,6.2800,6.3288,0.1071,0.1071
21.6682,pi,6.2800,6.3430,0.1068,0.1068
21.6732,pi,6.2800,6.3543,0.1066,0.1066
21.6782,pi,6.2800,6.3633,0.1064,0.1064
21.6833,pi,6.2800,6.3698,0.1062,0.1062
21.6882,pi,6.2800,6.3759,0.1061,0.1061
21.6933,pi,6.2800,6.3805,0.1059,0.1059
21.6983,pi,6.2800,6.3605,0.1063,0.1063
21.7033,pi,6.2800,6.3949,0.1056,0.1056
21.7082,pi,6.2800,6.3723,0.1060,0.1060
21.7132,pi,6.2800,6.3542,0.1064,0.1064
21.7183,pi,6.2800,6.3898,0.1056,0.1056
21.7233,pi,6.2800,6.3681,0.1060,0.1060
21.7284,pi,6.2800,6.3509,0.1064,0.1064
21.7333,pi,6.2800,6.3598,0.1062,0.1062
21.7383,pi,6.2800,6.3440,0.1065,0.1065
21.7432,pi,6.2800,6.3315,0.1067,0.1067
21.7483,pi,6.2800,6.3218,0.1069,0.1069
21.7532,pi,6.2800,6.3370,0.1066,0.1066
21.7583,pi,6.2800,6.3262,0.1068,0.1068
21.7632,pi,6.2800,6.3174,0.1069,0.1069
21.7683,pi,6.2800,6.2601,0.1081,0.1081
21.7733,pi,6.2800,6.2647,0.1080,0.1080
21.7783,pi,6.2800,6.2683,0.1079,0.1079
21.7832,pi,6.2800,6.2712,0.1079,0.1079
21.7883,pi,6.2800,6.2736,0.1078,0.1078
21.7933,pi,6.2800,6.2752,0.1078,0.1078
21.7982,pi,6.2800,6.2538,0.1082,0.1082
21.8033,pi,6.2800,6.2596,0.1081,0.1081
21.8083,pi,6.2800,6.2642,0.1080,0.1080
21.8132,pi,6.2800,6.2909,0.1075,0.1075
21.8182,pi,6.2800,6.2666,0.1080,0.1080
21.8232,pi,6.2800,6.2931,0.1074,0.1074
21.8283,pi,6.2800,6.2687,0.1079,0.1079
21.8333,pi,6.2800,6.2943,0.1074,0.1074
21.8382,pi,6.2800,6.3151,0.1070,0.1070
21.8433,pi,6.2800,6.3316,0.1067,0.1067
21.8482,pi,6.2800,6.3449,0.1064,0.1064
21.8533,pi,6.2800,6.3555,0.1062,0.1062
21.8583,pi,6.2800,6.3640,0.1060,0.1060
21.8634,pi,6.2800,6.3475,0.1063,0.1063
21.8682,pi,6.2800,6.3848,0.1055,0.1055
21.8732,pi,6.2800,6.3644,0.1059,0.1059
21.8782,pi,6.2800,6.3711,0.1057,0.1057
21.8833,pi,6.2800,6.3762,0.1056,0.1056
21.8883,pi,6.2800,6.3565,0.1060,0.1060
21.8932,pi,6.2800,6.3190,0.1067,0.1067
21.8982,pi,6.2800,6.3349,0.1064,0.1064
21.9032,pi,6.2800,6.3018,0.1070,0.1070
21.9083,pi,6.2800,6.2476,0.1081,0.1081
21.9132,pi,6.2800,6.2318,0.1084,0.1084
21.9182,pi,6.2800,6.2653,0.1078,0.1078
21.9234,pi,6.2800,6.2687,0.1077,0.1077
21.9296,pi,6.2800,6.2212,0.1087,0.1087
21.9352,pi,6.2800,6.2332,0.1084,0.1084
21.9392,pi,6.2800,6.2201,0.1087,0.1087
21.9432,pi,6.2800,6.2325,0.1085,0.1085
21.9482,pi,6.2800,6.1924,0.1093,0.1093
21.9532,pi,6.2800,6.1877,0.1094,0.1094
21.9584,pi,6.2800,6.2297,0.1086,0.1086
21.9635,pi,6.2800,6.2397,0.1084,0.1084
21.9706,pi,6.2800,6.1894,0.1094,0.1094
21.9777,pi,6.2800,6.2067,0.1091,0.1091
21.9822,pi,6.2800,6.2714,0.1078,0.1078
21.9867,pi,6.2800,6.2726,0.1078,0.1078
21.9930,pi,6.2800,6.3237,0.1068,0.1068
21.9978,pi,6.2800,6.3116,0.1070,0.1070
22.0021,pi,6.2800,6.3538,0.1062,0.1062
22.0071,pi,6.2800,6.3383,0.1065,0.1065
22.0127,pi,6.2800,6.3239,0.1067,0.1067
22.0189,pi,6.2800,6.3598,0.1060,0.1060
22.0247,pi,6.2800,6.3824,0.1055,0.1055
22.0314,pi,6.2800,6.3503,0.1061,0.1061
22.0378,pi,6.2800,6.2760,0.1076,0.1076
22.0428,pi,6.2800,6.1440,0.1103,0.1103
22.0478,pi,6.2800,6.0991,0.1112,0.1112
22.0518,pi,6.2800,6.0214,0.1128,0.1128
22.0559,pi,6.2800,6.0082,0.1131,0.1131
22.0601,pi,6.2800,5.9581,0.1142,0.1142
22.0642,pi,6.2800,5.9557,0.1143,0.1143
22.0683,pi,6.2800,5.9084,0.1153,0.1153
22.0724,pi,6.2800,5.8752,0.1161,0.1161
22.0766,pi,6.2800,5.9059,0.1156,0.1156
22.0807,pi,6.2800,5.9251,0.1153,0.1153
22.0849,pi,6.2800,6.0199,0.1135,0.1135
22.0891,pi,6.2800,6.1020,0.1119,0.1119
22.0938,pi,6.2800,6.1621,0.1107,0.1107
22.0990,pi,6.2800,6.1803,0.1104,0.1104
22.1041,pi,6.2800,6.1339,0.1114,0.1114
22.1089,pi,6.2800,6.1120,0.1118,0.1118
22.1140,pi,6.2800,6.0957,0.1122,0.1122
22.1189,pi,6.2800,6.0829,0.1125,0.1125
22.1241,pi,6.2800,6.0222,0.1138,0.1138
22.1286,pi,6.2800,6.0235,0.1138,0.1138
22.1336,pi,6.2800,6.0246,0.1139,0.1139
22.1386,pi,6.2800,6.0247,0.1139,0.1139
22.1437,pi,6.2800,6.0257,0.1140,0.1140
22.1487,pi,6.2800,6.0081,0.1144,0.1144
22.1542,pi,6.2800,6.1133,0.1123,0.1123
22.1587,pi,6.2800,6.1958,0.1107,0.1107
22.1638,pi,6.2800,6.2359,0.1100,0.1100
22.1682,pi,6.2800,6.3148,0.1084,0.1084
22.1732,pi,6.2800,6.3777,0.1071,0.1071
22.1782,pi,6.2800,6.4283,0.1061,0.1061
22.1832,pi,6.2800,6.4692,0.1052,0.1052
22.1883,pi,6.2800,6.4555,0.1055,0.1055
22.1934,pi,6.2800,6.4912,0.1047,0.1047
22.1982,pi,6.2800,6.4735,0.1050,0.1050
22.2032,pi,6.2800,6.5054,0.1043,0.1043
22.2082,pi,6.2800,6.5309,0.1037,0.1037
22.2132,pi,6.2800,6.5086,0.1041,0.1041
22.2183,pi,6.2800,6.4635,0.1050,0.1050
22.2232,pi,6.2800,6.4274,0.1056,0.1056
22.2282,pi,6.2800,6.3982,0.1062,0.1062
22.2332,pi,6.2800,6.3747,0.1066,0.1066
22.2384,pi,6.2800,6.3556,0.1070,0.1070
22.2432,pi,6.2800,6.3640,0.1068,0.1068
22.2482,pi,6.2800,6.3254,0.1076,0.1076
22.2532,pi,6.2800,6.3402,0.1072,0.1072
22.2582,pi,6.2800,6.3060,0.1079,0.1079
22.2632,pi,6.2800,6.2791,0.1084,0.1084
22.2682,pi,6.2800,6.2574,0.1089,0.1089
22.2732,pi,6.2800,6.2859,0.1083,0.1083
22.2782,pi,6.2800,6.2629,0.1088,0.1088
22.2834,pi,6.2800,6.2442,0.1092,0.1092
22.2882,pi,6.2800,6.2295,0.1095,0.1095
22.2932,pi,6.2800,6.2641,0.1088,0.1088
22.2982,pi,6.2800,6.2452,0.1092,0.1092
22.3032,pi,6.2800,6.2758,0.1086,0.1086
22.3082,pi,6.2800,6.2544,0.1090,0.1090
22.3132,pi,6.2800,6.2601,0.1089,0.1089
22.3182,pi,6.2800,6.2419,0.1092,0.1092
22.3232,pi,6.2800,6.2731,0.1086,0.1086
22.3283,pi,6.2800,6.2747,0.1086,0.1086
22.3332,pi,6.2800,6.2991,0.1081,0.1081
22.3383,pi,6.2800,6.2956,0.1082,0.1082
22.3432,pi,6.2800,6.3160,0.1078,0.1078
22.3483,pi,6.2800,6.3094,0.1079,0.1079
22.3532,pi,6.2800,6.3041,0.1080,0.1080
22.3583,pi,6.2800,6.2999,0.1081,0.1081
22.3632,pi,6.2800,6.3195,0.1077,0.1077
22.3683,pi,6.2800,6.3121,0.1078,0.1078
22.3733,pi,6.2800,6.3057,0.1079,0.1079
22.3782,pi,6.2800,6.2781,0.1085,0.1085
22.3833,pi,6.2800,6.2789,0.1085,0.1085
22.3883,pi,6.2800,6.2796,0.1084,0.1084
22.3932,pi,6.2800,6.2797,0.1084,0.1084
22.3982,pi,6.2800,6.2799,0.1084,0.1084
22.4033,pi,6.2800,6.2803,0.1084,0.1084
22.4082,pi,6.2800,6.3309,0.1074,0.1074
22.4132,pi,6.2800,6.3207,0.1076,0.1076
22.4183,pi,6.2800,6.3128,0.1078,0.1078
22.4233,pi,6.2800,6.3294,0.1074,0.1074
22.4283,pi,6.2800,6.3200,0.1076,0.1076
22.4332,pi,6.2800,6.3125,0.1077,0.1077
22.4382,pi,6.2800,6.2838,0.1083,0.1083
22.4433,pi,6.2800,6.3068,0.1078,0.1078
22.4483,pi,6.2800,6.3250,0.1075,0.1075
22.4533,pi,6.2800,6.3164,0.1076,0.1076
22.4583,pi,6.2800,6.2591,0.1088,0.1088
22.4633,pi,6.2800,6.2412,0.1091,0.1091
22.4682,pi,6.2800,6.2726,0.1085,0.1085
22.4732,pi,6.2800,6.2978,0.1080,0.1080
22.4783,pi,6.2800,6.3180,0.1076,0.1076
22.4833,pi,6.2800,6.3109,0.1077,0.1077
22.4882,pi,6.2800,6.3556,0.1068,0.1068
22.4933,pi,6.2800,6.3408,0.1071,0.1071
22.4984,pi,6.2800,6.3290,0.1073,0.1073
22.5032,pi,6.2800,6.2973,0.1080,0.1080
22.5082,pi,6.2800,6.3178,0.1075,0.1075
22.5132,pi,6.2800,6.3344,0.1072,0.1072
22.5182,pi,6.2800,6.3473,0.1069,0.1069
22.5233,pi,6.2800,6.3118,0.1076,0.1076
22.5282,pi,6.2800,6.3292,0.1073,0.1073
22.5333,pi,6.2800,6.2972,0.1079,0.1079
22.5382,pi,6.2800,6.2720,0.1084,0.1084
22.5436,pi,6.2800,6.2513,0.1088,0.1088
22.5487,pi,6.2800,6.2574,0.1087,0.1087
22.5533,pi,6.2800,6.2623,0.1086,0.1086
22.5582,pi,6.2800,6.2660,0.1085,0.1085
22.5632,pi,6.2800,6.2693,0.1085,0.1085
22.5682,pi,6.2800,6.2948,0.1080,0.1080
22.5732,pi,6.2800,6.2697,0.1085,0.1085
22.5783,pi,6.2800,6.2220,0.1094,0.1094
22.5833,pi,6.2800,6.2341,0.1092,0.1092
22.5882,pi,6.2800,6.2941,0.1080,0.1080
22.5932,pi,6.2800,6.3147,0.1076,0.1076
22.5982,pi,6.2800,6.3314,0.1072,0.1072
22.6032,pi,6.2800,6.2997,0.1079,0.1079
22.6082,pi,6.2800,6.3194,0.1075,0.1075
22.6133,pi,6.2800,6.3120,0.1076,0.1076
22.6182,pi,6.2800,6.3061,0.1077,0.1077
22.6232,pi,6.2800,6.2791,0.1082,0.1082
22.6283,pi,6.2800,6.3303,0.1072,0.1072
22.6332,pi,6.2800,6.3206,0.1074,0.1074
22.6382,pi,6.2800,6.3129,0.1075,0.1075
22.6432,pi,6.2800,6.3571,0.1067,0.1067
22.6482,pi,6.2800,6.3420,0.1069,0.1069
22.6533,pi,6.2800,6.3300,0.1072,0.1072
22.6582,pi,6.2800,6.3204,0.1073,0.1073
22.6633,pi,6.2800,6.3127,0.1075,0.1075
22.6683,pi,6.2800,6.3066,0.1076,0.1076
22.6733,pi,6.2800,6.3007,0.1077,0.1077
22.6782,pi,6.2800,6.2971,0.1078,0.1078
22.6833,pi,6.2800,6.2941,0.1078,0.1078
22.6883,pi,6.2800,6.2911,0.1079,0.1079
22.6933,pi,6.2800,6.2393,0.1089,0.1089
22.6982,pi,6.2800,6.2253,0.1092,0.1092
22.7034,pi,6.2800,6.2368,0.1090,0.1090
22.7084,pi,6.2800,6.2458,0.1088,0.1088
22.7142,pi,6.2800,6.2526,0.1087,0.1087
22.7194,pi,6.2800,6.2582,0.1086,0.1086
22.7234,pi,6.2800,6.2857,0.1080,0.1080
22.7283,pi,6.2800,6.2851,0.1081,0.1081
22.7332,pi,6.2800,6.2621,0.1085,0.1085
22.7382,pi,6.2800,6.2895,0.1080,0.1080
22.7438,pi,6.2800,6.3381,0.1070,0.1070
22.7492,pi,6.2800,6.3264,0.1072,0.1072
22.7536,pi,6.2800,6.3405,0.1069,0.1069
22.7582,pi,6.2800,6.3518,0.1067,0.1067
22.7632,pi,6.2800,6.3614,0.1065,0.1065
22.7682,pi,6.2800,6.3693,0.1063,0.1063
22.7732,pi,6.2800,6.3755,0.1062,0.1062
22.7782,pi,6.2800,6.3346,0.1069,0.1069
22.7833,pi,6.2800,6.3745,0.1061,0.1061
22.7882,pi,6.2800,6.3559,0.1065,0.1065
22.7932,pi,6.2800,6.3641,0.1063,0.1063
22.7983,pi,6.2800,6.3257,0.1070,0.1070
22.8033,pi,6.2800,6.3172,0.1072,0.1072
22.8083,pi,6.2800,6.2876,0.1078,0.1078
22.8133,pi,6.2800,6.2866,0.1078,0.1078
22.8183,pi,6.2800,6.2858,0.1078,0.1078
22.8232,pi,6.2800,6.2852,0.1078,0.1078
22.8282,pi,6.2800,6.2847,0.1078,0.1078
22.8332,pi,6.2800,6.2843,0.1078,0.1078
22.8383,pi,6.2800,6.2840,0.1078,0.1078
22.8432,pi,6.2800,6.3068,0.1074,0.1074
22.8483,pi,6.2800,6.3020,0.1075,0.1075
22.8533,pi,6.2800,6.2982,0.1076,0.1076
22.8582,pi,6.2800,6.2725,0.1081,0.1081
22.8632,pi,6.2800,6.2976,0.1076,0.1076
22.8684,pi,6.2800,6.2943,0.1076,0.1076
22.8732,pi,6.2800,6.3150,0.1072,0.1072
22.8782,pi,6.2800,6.2862,0.1078,0.1078
22.8832,pi,6.2800,6.3086,0.1073,0.1073
22.8882,pi,6.2800,6.2813,0.1079,0.1079
22.8932,pi,6.2800,6.3050,0.1074,0.1074
22.8982,pi,6.2800,6.2780,0.1079,0.1079
22.9032,pi,6.2800,6.3023,0.1074,0.1074
22.9082,pi,6.2800,6.2760,0.1080,0.1080
22.9132,pi,6.2800,6.3006,0.1075,0.1075
22.9182,pi,6.2800,6.2745,0.1080,0.1080
22.9232,pi,6.2800,6.2998,0.1075,0.1075
22.9284,pi,6.2800,6.2958,0.1076,0.1076
22.9332,pi,6.2800,6.2927,0.1076,0.1076
22.9382,pi,6.2800,6.2901,0.1077,0.1077
22.9432,pi,6.2800,6.2885,0.1077,0.1077
22.9482,pi,6.2800,6.2871,0.1077,0.1077
22.9532,pi,6.2800,6.2858,0.1077,0.1077
22.9583,pi,6.2800,6.2840,0.1078,0.1078
22.9632,pi,6.2800,6.2834,0.1078,0.1078
22.9683,pi,6.2800,6.2829,0.1078,0.1078
22.9732,pi,6.2800,6.2828,0.1078,0.1078
22.9783,pi,6.2800,6.2825,0.1078,0.1078
22.9832,pi,6.2800,6.3056,0.1073,0.1073
22.9882,pi,6.2800,6.2785,0.1079,0.1079
22.9933,pi,6.2800,6.2792,0.1079,0.1079
22.9983,pi,6.2800,6.3301,0.1068,0.1068
23.0032,pi,6.2800,6.3439,0.1066,0.1066
23.0083,pi,6.2800,6.3087,0.1072,0.1072
23.0132,pi,6.2800,6.3274,0.1069,0.1069
23.0183,pi,6.2800,6.3186,0.1070,0.1070
23.0232,pi,6.2800,6.3114,0.1072,0.1072
23.0282,pi,6.2800,6.2832,0.1077,0.1077
23.0333,pi,6.2800,6.2831,0.1077,0.1077
23.0383,pi,6.2800,6.2829,0.1077,0.1077
23.0432,pi,6.2800,6.3057,0.1073,0.1073
23.0482,pi,6.2800,6.2783,0.1078,0.1078
23.0533,pi,6.2800,6.2791,0.1078,0.1078
23.0583,pi,6.2800,6.2567,0.1082,0.1082
23.0633,pi,6.2800,6.2619,0.1081,0.1081
23.0683,pi,6.2800,6.2659,0.1081,0.1081
23.0732,pi,6.2800,6.2694,0.1080,0.1080
23.0783,pi,6.2800,6.2706,0.1080,0.1080
23.0832,pi,6.2800,6.2956,0.1075,0.1075
23.0882,pi,6.2800,6.2703,0.1080,0.1080
23.0933,pi,6.2800,6.2960,0.1075,0.1075
23.0985,pi,6.2800,6.3430,0.1065,0.1065
23.1032,pi,6.2800,6.3307,0.1068,0.1068
23.1082,pi,6.2800,6.2984,0.1074,0.1074
23.1133,pi,6.2800,6.2954,0.1074,0.1074
23.1183,pi,6.2800,6.3430,0.1065,0.1065
23.1232,pi,6.2800,6.3542,0.1062,0.1062
23.1283,pi,6.2800,6.3175,0.1070,0.1070
23.1333,pi,6.2800,6.3104,0.1071,0.1071
23.1382,pi,6.2800,6.3049,0.1072,0.1072
23.1432,pi,6.2800,6.3235,0.1068,0.1068
23.1482,pi,6.2800,6.2925,0.1074,0.1074
23.1533,pi,6.2800,6.2686,0.1079,0.1079
23.1584,pi,6.2800,6.2709,0.1079,0.1079
23.1643,pi,6.2800,6.2722,0.1078,0.1078
23.1688,pi,6.2800,6.2239,0.1088,0.1088
23.1738,pi,6.2800,6.1845,0.1096,0.1096
23.1789,pi,6.2800,6.2032,0.1093,0.1093
23.1834,pi,6.2800,6.2182,0.1090,0.1090
23.1890,pi,6.2800,6.2298,0.1088,0.1088
23.1935,pi,6.2800,6.1877,0.1096,0.1096
23.1986,pi,6.2800,6.2059,0.1093,0.1093
23.2037,pi,6.2800,6.2206,0.1090,0.1090
23.2088,pi,6.2800,6.2320,0.1088,0.1088
23.2139,pi,6.2800,6.2191,0.1091,0.1091
23.2189,pi,6.2800,6.2314,0.1088,0.1088
23.2234,pi,6.2800,6.2916,0.1076,0.1076
23.2283,pi,6.2800,6.3136,0.1072,0.1072
23.2335,pi,6.2800,6.3309,0.1068,0.1068
23.2383,pi,6.2800,6.2994,0.1075,0.1075
23.2432,pi,6.2800,6.3204,0.1070,0.1070
23.2482,pi,6.2800,6.3379,0.1067,0.1067
23.2534,pi,6.2800,6.3261,0.1069,0.1069
23.2583,pi,6.2800,6.2953,0.1075,0.1075
23.2634,pi,6.2800,6.3428,0.1065,0.1065
23.2682,pi,6.2800,6.3543,0.1063,0.1063
23.2732,pi,6.2800,6.3645,0.1061,0.1061
23.2783,pi,6.2800,6.3268,0.1068,0.1068
23.2832,pi,6.2800,6.3409,0.1065,0.1065
23.2882,pi,6.2800,6.3065,0.1072,0.1072
23.2932,pi,6.2800,6.3250,0.1068,0.1068
23.2983,pi,6.2800,6.2938,0.1074,0.1074
23.3032,pi,6.2800,6.3146,0.1070,0.1070
23.3082,pi,6.2800,6.2870,0.1075,0.1075
23.3132,pi,6.2800,6.3095,0.1071,0.1071
23.3183,pi,6.2800,6.2830,0.1076,0.1076
23.3233,pi,6.2800,6.2828,0.1076,0.1076
23.3283,pi,6.2800,6.2602,0.1081,0.1081
23.3334,pi,6.2800,6.2142,0.1090,0.1090
23.3383,pi,6.2800,6.2279,0.1087,0.1087
23.3432,pi,6.2800,6.2388,0.1085,0.1085
23.3482,pi,6.2800,6.2248,0.1088,0.1088
23.3532,pi,6.2800,6.2595,0.1081,0.1081
23.3583,pi,6.2800,6.2415,0.1085,0.1085
23.3633,pi,6.2800,6.2497,0.1084,0.1084
23.3682,pi,6.2800,6.2334,0.1087,0.1087
23.3734,pi,6.2800,6.1931,0.1095,0.1095
23.3783,pi,6.2800,6.1885,0.1096,0.1096
23.3832,pi,6.2800,6.2302,0.1088,0.1088
23.3882,pi,6.2800,6.2639,0.1081,0.1081
23.3932,pi,6.2800,6.2908,0.1076,0.1076
23.3983,pi,6.2800,6.2892,0.1076,0.1076
23.4032,pi,6.2800,6.2878,0.1077,0.1077
23.4083,pi,6.2800,6.2868,0.1077,0.1077
23.4132,pi,6.2800,6.2860,0.1077,0.1077
23.4183,pi,6.2800,6.2854,0.1077,0.1077
23.4233,pi,6.2800,6.3349,0.1067,0.1067
23.4284,pi,6.2800,6.3245,0.1069,0.1069
23.4334,pi,6.2800,6.3156,0.1071,0.1071
23.4385,pi,6.2800,6.3590,0.1062,0.1062
23.4432,pi,6.2800,6.3434,0.1065,0.1065
23.4482,pi,6.2800,6.3086,0.1072,0.1072
23.4532,pi,6.2800,6.3264,0.1068,0.1068
23.4584,pi,6.2800,6.3408,0.1065,0.1065
23.4633,pi,6.2800,6.3292,0.1067,0.1067
23.4682,pi,6.2800,6.2972,0.1074,0.1074
23.4734,pi,6.2800,6.2943,0.1074,0.1074
23.4787,pi,6.2800,6.3420,0.1065,0.1065
23.4833,pi,6.2800,6.3526,0.1062,0.1062
23.4883,pi,6.2800,6.3163,0.1069,0.1069
23.4932,pi,6.2800,6.2871,0.1075,0.1075
23.4983,pi,6.2800,6.2848,0.1076,0.1076
23.5032,pi,6.2800,6.2842,0.1076,0.1076
23.5083,pi,6.2800,6.2336,0.1086,0.1086
23.5132,pi,6.2800,6.2434,0.1084,0.1084
23.5183,pi,6.2800,6.2512,0.1082,0.1082
23.5232,pi,6.2800,6.2802,0.1077,0.1077
23.5283,pi,6.2800,6.2587,0.1081,0.1081
23.5333,pi,6.2800,6.2405,0.1085,0.1085
23.5383,pi,6.2800,6.2265,0.1088,0.1088
23.5433,pi,6.2800,6.2377,0.1085,0.1085
23.5482,pi,6.2800,6.2238,0.1088,0.1088
23.5539,pi,6.2800,6.2349,0.1086,0.1086
23.5587,pi,6.2800,6.2434,0.1085,0.1085
23.5636,pi,6.2800,6.2511,0.1083,0.1083
23.5689,pi,6.2800,6.2572,0.1082,0.1082
23.5733,pi,6.2800,6.2854,0.1077,0.1077
23.5782,pi,6.2800,6.2625,0.1081,0.1081
23.5833,pi,6.2800,6.2894,0.1076,0.1076
23.5884,pi,6.2800,6.2880,0.1076,0.1076
23.5938,pi,6.2800,6.2858,0.1076,0.1076
23.5986,pi,6.2800,6.3349,0.1067,0.1067
23.6032,pi,6.2800,6.3473,0.1064,0.1064
23.6086,pi,6.2800,6.3583,0.1062,0.1062
23.6134,pi,6.2800,6.3670,0.1060,0.1060
23.6183,pi,6.2800,6.3734,0.1058,0.1058
23.6233,pi,6.2800,6.3551,0.1062,0.1062
23.6284,pi,6.2800,6.3405,0.1064,0.1064
23.6334,pi,6.2800,6.3290,0.1066,0.1066
23.6386,pi,6.2800,6.3695,0.1058,0.1058
23.6436,pi,6.2800,6.3501,0.1062,0.1062
23.6484,pi,6.2800,6.3156,0.1069,0.1069
23.6532,pi,6.2800,6.2868,0.1074,0.1074
23.6582,pi,6.2800,6.3093,0.1070,0.1070
23.6632,pi,6.2800,6.2817,0.1075,0.1075
23.6683,pi,6.2800,6.2594,0.1080,0.1080
23.6735,pi,6.2800,6.2640,0.1079,0.1079
23.6789,pi,6.2800,6.3175,0.1068,0.1068
23.6844,pi,6.2800,6.3103,0.1070,0.1070
23.6885,pi,6.2800,6.2820,0.1075,0.1075
23.6932,pi,6.2800,6.2601,0.1079,0.1079
23.6982,pi,6.2800,6.2447,0.1083,0.1083
23.7032,pi,6.2800,6.2756,0.1077,0.1077
23.7083,pi,6.2800,6.2265,0.1086,0.1086
23.7133,pi,6.2800,6.2372,0.1084,0.1084
23.7182,pi,6.2800,6.2964,0.1073,0.1073
23.7232,pi,6.2800,6.3165,0.1069,0.1069
23.7283,pi,6.2800,6.2876,0.1074,0.1074
23.7333,pi,6.2800,6.2642,0.1079,0.1079
23.7385,pi,6.2800,6.2913,0.1073,0.1073
23.7438,pi,6.2800,6.2894,0.1074,0.1074
23.7483,pi,6.2800,6.3381,0.1064,0.1064
23.7532,pi,6.2800,6.3270,0.1066,0.1066
23.7582,pi,6.2800,6.3412,0.1063,0.1063
23.7632,pi,6.2800,6.3526,0.1061,0.1061
23.7685,pi,6.2800,6.3619,0.1059,0.1059
23.7738,pi,6.2800,6.3458,0.1062,0.1062
23.7785,pi,6.2800,6.3832,0.1054,0.1054
23.7837,pi,6.2800,6.3618,0.1058,0.1058
23.7894,pi,6.2800,6.2908,0.1072,0.1072
23.7941,pi,6.2800,6.2885,0.1073,0.1073
23.7993,pi,6.2800,6.2854,0.1073,0.1073
23.8044,pi,6.2800,6.2838,0.1073,0.1073
23.8117,pi,6.2800,6.2225,0.1086,0.1086
23.8180,pi,6.2800,6.2318,0.1084,0.1084
23.8230,pi,6.2800,6.2408,0.1082,0.1082
23.8293,pi,6.2800,6.2482,0.1081,0.1081
23.8339,pi,6.2800,6.1976,0.1091,0.1091
23.8395,pi,6.2800,6.2138,0.1088,0.1088
23.8447,pi,6.2800,6.2499,0.1081,0.1081
23.8516,pi,6.2800,6.2544,0.1080,0.1080
23.8578,pi,6.2800,6.2586,0.1079,0.1079
23.8626,pi,6.2800,6.2575,0.1080,0.1080
23.8672,pi,6.2800,6.2835,0.1075,0.1075
23.8721,pi,6.2800,6.2596,0.1079,0.1079
23.8776,pi,6.2800,6.2606,0.1079,0.1079
23.8823,pi,6.2800,6.2631,0.1079,0.1079
23.8872,pi,6.2800,6.2901,0.1073,0.1073
23.8933,pi,6.2800,6.2885,0.1074,0.1074
23.8999,pi,6.2800,6.3107,0.1069,0.1069
23.9053,pi,6.2800,6.3025,0.1071,0.1071
23.9108,pi,6.2800,6.3210,0.1067,0.1067
23.9169,pi,6.2800,6.2898,0.1073,0.1073
23.9222,pi,6.2800,6.3163,0.1068,0.1068
23.9272,pi,6.2800,6.2828,0.1074,0.1074
23.9334,pi,6.2800,6.2315,0.1085,0.1085
23.9399,pi,6.2800,6.1418,0.1103,0.1103
23.9462,pi,6.2800,6.0661,0.1118,0.1118
23.9511,pi,6.2800,6.0193,0.1128,0.1128
23.9560,pi,6.2800,5.9359,0.1145,0.1145
23.9610,pi,6.2800,5.8960,0.1154,0.1154
23.9653,pi,6.2800,5.9093,0.1153,0.1153
23.9696,pi,6.2800,5.8719,0.1161,0.1161
23.9740,pi,6.2800,5.8534,0.1166,0.1166
23.9781,pi,6.2800,5.8255,0.1172,0.1172
23.9824,pi,6.2800,5.8533,0.1168,0.1168
23.9865,pi,6.2800,5.9201,0.1156,0.1156
23.9906,pi,6.2800,6.0181,0.1137,0.1137
23.9948,pi,6.2800,6.0399,0.1133,0.1133
23.9988,pi,6.2800,6.1171,0.1118,0.1118
24.0029,pi,6.2800,6.1542,0.1111,0.1111
24.0069,pi,6.2800,6.2070,0.1101,0.1101
24.0110,pi,6.2800,6.2450,0.1094,0.1094
24.0151,pi,6.2800,6.3217,0.1078,0.1078
24.0191,pi,6.2800,6.3380,0.1075,0.1075
24.0234,pi,6.2800,6.3965,0.1063,0.1063
24.0275,pi,6.2800,6.4427,0.1054,0.1054
24.0315,pi,6.2800,6.4798,0.1046,0.1046
24.0356,pi,6.2800,6.5094,0.1039,0.1039
24.0398,pi,6.2800,6.5337,0.1034,0.1034
24.0438,pi,6.2800,6.5530,0.1030,0.1030
24.0487,pi,6.2800,6.5486,0.1030,0.1030
24.0533,pi,6.2800,6.5641,0.1026,0.1026
24.0584,pi,6.2800,6.5311,0.1032,0.1032
24.0633,pi,6.2800,6.5048,0.1036,0.1036
24.0683,pi,6.2800,6.4602,0.1045,0.1045
24.0732,pi,6.2800,6.4476,0.1047,0.1047
24.0783,pi,6.2800,6.3922,0.1058,0.1058
24.0834,pi,6.2800,6.3691,0.1062,0.1062
24.0884,pi,6.2800,6.3516,0.1065,0.1065
24.0933,pi,6.2800,6.3377,0.1068,0.1068
24.0983,pi,6.2800,6.3037,0.1074,0.1074
24.1034,pi,6.2800,6.2995,0.1075,0.1075
24.1084,pi,6.2800,6.2960,0.1076,0.1076
24.1133,pi,6.2800,6.3163,0.1072,0.1072
24.1185,pi,6.2800,6.3093,0.1073,0.1073
24.1233,pi,6.2800,6.3033,0.1074,0.1074
24.1283,pi,6.2800,6.2988,0.1075,0.1075
24.1333,pi,6.2800,6.2722,0.1080,0.1080
24.1383,pi,6.2800,6.2525,0.1084,0.1084
24.1433,pi,6.2800,6.2082,0.1093,0.1093
24.1482,pi,6.2800,6.2005,0.1095,0.1095
24.1534,pi,6.2800,6.1665,0.1102,0.1102
24.1585,pi,6.2800,6.1861,0.1098,0.1098
24.1637,pi,6.2800,6.1558,0.1105,0.1105
24.1686,pi,6.2800,6.1812,0.1100,0.1100
24.1733,pi,6.2800,6.1512,0.1106,0.1106
24.1783,pi,6.2800,6.1775,0.1101,0.1101
24.1833,pi,6.2800,6.1986,0.1097,0.1097
24.1884,pi,6.2800,6.2150,0.1094,0.1094
24.1935,pi,6.2800,6.2268,0.1092,0.1092
24.1983,pi,6.2800,6.2372,0.1090,0.1090
24.2032,pi,6.2800,6.2691,0.1084,0.1084
24.2083,pi,6.2800,6.2950,0.1078,0.1078
24.2134,pi,6.2800,6.2915,0.1079,0.1079
24.2183,pi,6.2800,6.3125,0.1075,0.1075
24.2233,pi,6.2800,6.3300,0.1071,0.1071
24.2284,pi,6.2800,6.3442,0.1068,0.1068
24.2334,pi,6.2800,6.3823,0.1061,0.1061
24.2384,pi,6.2800,6.3849,0.1060,0.1060
24.2433,pi,6.2800,6.3875,0.1059,0.1059
24.2483,pi,6.2800,6.3914,0.1058,0.1058
24.2534,pi,6.2800,6.3687,0.1062,0.1062
24.2583,pi,6.2800,6.3515,0.1065,0.1065
24.2632,pi,6.2800,6.3609,0.1063,0.1063
24.2683,pi,6.2800,6.3695,0.1061,0.1061
24.2735,pi,6.2800,6.3013,0.1075,0.1075
24.2783,pi,6.2800,6.2973,0.1076,0.1076
24.2833,pi,6.2800,6.3170,0.1072,0.1072
24.2883,pi,6.2800,6.2874,0.1077,0.1077
24.2933,pi,6.2800,6.2642,0.1082,0.1082
24.2983,pi,6.2800,6.2676,0.1081,0.1081
24.3033,pi,6.2800,6.2478,0.1085,0.1085
24.3083,pi,6.2800,6.2328,0.1089,0.1089
24.3134,pi,6.2800,6.1919,0.1097,0.1097
24.3184,pi,6.2800,6.2093,0.1094,0.1094
24.3233,pi,6.2800,6.2238,0.1091,0.1091
24.3283,pi,6.2800,6.2589,0.1084,0.1084
24.3334,pi,6.2800,6.2130,0.1093,0.1093
24.3383,pi,6.2800,6.2269,0.1091,0.1091
24.3434,pi,6.2800,6.2378,0.1089,0.1089
24.3483,pi,6.2800,6.2696,0.1082,0.1082
24.3535,pi,6.2800,6.2721,0.1082,0.1082
24.3584,pi,6.2800,6.2741,0.1081,0.1081
24.3633,coast,6.2800,6.2741,0.0000,0.0000
