t_s,mode,target_rad_s,speed_rad_s,u,u_unsaturated
0.0890,coast,6.2800,0.0000,0.0000,0.0000
0.0909,pi,6.2800,0.0000,-0.1256,-0.1256
0.0957,pi,6.2800,0.0000,-0.1256,-0.1256
0.1002,pi,6.2800,0.0000,-0.1256,-0.1256
0.1047,pi,6.2800,0.0000,-0.1256,-0.1256
0.1085,pi,6.2800,0.0000,-0.1256,-0.1256
0.1123,pi,6.2800,0.0836,-0.1239,-0.1239
0.1164,pi,6.2800,0.2104,-0.1214,-0.1214
0.1213,pi,6.2800,0.4187,-0.1172,-0.1172
0.1260,pi,6.2800,0.6696,-0.1122,-0.1122
0.1305,pi,6.2800,0.8874,-0.1079,-0.1079
0.1352,pi,6.2800,1.1692,-0.1022,-0.1022
0.1397,pi,6.2800,1.4323,-0.0970,-0.0970
0.1442,pi,6.2800,1.7430,-0.0907,-0.0907
0.1488,pi,6.2800,2.0981,-0.0836,-0.0836
0.1534,pi,6.2800,2.4325,-0.0769,-0.0769
0.1576,pi,6.2800,2.7621,-0.0704,-0.0704
0.1616,pi,6.2800,3.0514,-0.0646,-0.0646
0.1657,pi,6.2800,3.2902,-0.0598,-0.0598
0.1698,pi,6.2800,3.4871,-0.0559,-0.0559
0.1738,pi,6.2800,3.6419,-0.0528,-0.0528
0.1781,pi,6.2800,3.7817,-0.0500,-0.0500
0.1822,pi,6.2800,3.8968,-0.0477,-0.0477
0.1863,pi,6.2800,4.0223,-0.0452,-0.0452
0.1904,pi,6.2800,4.0859,-0.0439,-0.0439
0.1945,pi,6.2800,4.0913,-0.0438,-0.0438
0.2002,pi,6.2800,4.1413,-0.0428,-0.0428
0.2043,pi,6.2800,4.1409,-0.0428,-0.0428
0.2102,pi,6.2800,4.0445,-0.0447,-0.0447
0.2152,pi,6.2800,3.9434,-0.0467,-0.0467
0.2198,pi,6.2800,3.8631,-0.0483,-0.0483
0.2243,pi,6.2800,3.8217,-0.0492,-0.0492
0.2286,pi,6.2800,3.7430,-0.0507,-0.0507
0.2338,pi,6.2800,3.6338,-0.0529,-0.0529
0.2389,pi,6.2800,3.5102,-0.0554,-0.0554
0.2438,pi,6.2800,3.4112,-0.0574,-0.0574
0.2488,pi,6.2800,3.3315,-0.0590,-0.0590
0.2538,pi,6.2800,3.2597,-0.0604,-0.0604
0.2588,pi,6.2800,3.2012,-0.0616,-0.0616
0.2636,pi,6.2800,3.2100,-0.0614,-0.0614
0.2686,pi,6.2800,3.2214,-0.0612,-0.0612
0.2734,pi,6.2800,3.2171,-0.0613,-0.0613
0.2784,pi,6.2800,3.2138,-0.0613,-0.0613
0.2834,pi,6.2800,3.2111,-0.0614,-0.0614
0.2884,pi,6.2800,3.2548,-0.0605,-0.0605
0.2934,pi,6.2800,3.2896,-0.0598,-0.0598
0.2984,pi,6.2800,3.3175,-0.0593,-0.0593
0.3035,pi,6.2800,3.2943,-0.0597,-0.0597
0.3084,pi,6.2800,3.3212,-0.0592,-0.0592
0.3134,pi,6.2800,3.3431,-0.0587,-0.0587
0.3184,pi,6.2800,3.3147,-0.0593,-0.0593
0.3234,pi,6.2800,3.2919,-0.0598,-0.0598
0.3284,pi,6.2800,3.2367,-0.0609,-0.0609
0.3334,pi,6.2800,3.2428,-0.0607,-0.0607
0.3384,pi,6.2800,3.1973,-0.0617,-0.0617
0.3433,pi,6.2800,3.1518,-0.0626,-0.0626
0.3484,pi,6.2800,3.1155,-0.0633,-0.0633
0.3534,pi,6.2800,3.1322,-0.0630,-0.0630
0.3584,pi,6.2800,3.1089,-0.0634,-0.0634
0.3634,pi,6.2800,3.1269,-0.0631,-0.0631
0.3685,pi,6.2800,3.1549,-0.0625,-0.0625
0.3734,pi,6.2800,3.1773,-0.0621,-0.0621
0.3784,pi,6.2800,3.2273,-0.0611,-0.0611
0.3834,pi,6.2800,3.2673,-0.0603,-0.0603
0.3884,pi,6.2800,3.2535,-0.0605,-0.0605
0.3934,pi,6.2800,3.2883,-0.0598,-0.0598
0.3984,pi,6.2800,3.3162,-0.0593,-0.0593
0.4034,pi,6.2800,3.3384,-0.0588,-0.0588
0.4084,pi,6.2800,3.3744,-0.0581,-0.0581
0.4134,pi,6.2800,3.3528,-0.0585,-0.0585
0.4184,pi,6.2800,3.3353,-0.0589,-0.0589
0.4234,pi,6.2800,3.3217,-0.0592,-0.0592
0.4284,pi,6.2800,3.3108,-0.0594,-0.0594
0.4334,pi,6.2800,3.3019,-0.0596,-0.0596
0.4384,pi,6.2800,3.3269,-0.0591,-0.0591
0.4434,pi,6.2800,3.3149,-0.0593,-0.0593
0.4484,pi,6.2800,3.3052,-0.0595,-0.0595
0.4534,pi,6.2800,3.3478,-0.0586,-0.0586
0.4584,pi,6.2800,3.3637,-0.0583,-0.0583
0.4634,pi,6.2800,3.3444,-0.0587,-0.0587
0.4684,pi,6.2800,3.3152,-0.0593,-0.0593
0.4734,pi,6.2800,3.3379,-0.0588,-0.0588
0.4785,pi,6.2800,3.3238,-0.0591,-0.0591
0.4834,pi,6.2800,3.2985,-0.0596,-0.0596
0.4885,pi,6.2800,3.2419,-0.0608,-0.0608
0.4934,pi,6.2800,3.2468,-0.0607,-0.0607
0.4984,pi,6.2800,3.2372,-0.0609,-0.0609
0.5034,pi,6.2800,3.2296,-0.0610,-0.0610
0.5084,pi,6.2800,3.2235,-0.0611,-0.0611
0.5134,pi,6.2800,3.2187,-0.0612,-0.0612
0.5184,pi,6.2800,3.2148,-0.0613,-0.0613
0.5234,pi,6.2800,3.2575,-0.0605,-0.0605
0.5284,pi,6.2800,3.2459,-0.0607,-0.0607
0.5334,pi,6.2800,3.2364,-0.0609,-0.0609
0.5384,pi,6.2800,3.2747,-0.0601,-0.0601
0.5434,pi,6.2800,3.3054,-0.0595,-0.0595
0.5484,pi,6.2800,3.2843,-0.0599,-0.0599
0.5534,pi,6.2800,3.3130,-0.0593,-0.0593
0.5584,pi,6.2800,3.3039,-0.0595,-0.0595
0.5634,pi,6.2800,3.2965,-0.0597,-0.0597
0.5684,pi,6.2800,3.3226,-0.0591,-0.0591
0.5734,pi,6.2800,3.3115,-0.0594,-0.0594
0.5784,pi,6.2800,3.3026,-0.0595,-0.0595
0.5834,pi,6.2800,3.3274,-0.0591,-0.0591
0.5884,pi,6.2800,3.3152,-0.0593,-0.0593
0.5934,pi,6.2800,3.3055,-0.0595,-0.0595
0.5984,pi,6.2800,3.3480,-0.0586,-0.0586
0.6035,pi,6.2800,3.3316,-0.0590,-0.0590
0.6092,pi,6.2800,3.3181,-0.0592,-0.0592
0.6142,pi,6.2800,3.3577,-0.0584,-0.0584
0.6186,pi,6.2800,3.3393,-0.0588,-0.0588
0.6234,pi,6.2800,3.3249,-0.0591,-0.0591
0.6284,pi,6.2800,3.3634,-0.0583,-0.0583
0.6334,pi,6.2800,3.3433,-0.0587,-0.0587
0.6385,pi,6.2800,3.3279,-0.0590,-0.0590
0.6436,pi,6.2800,3.3145,-0.0593,-0.0593
0.6484,pi,6.2800,3.3051,-0.0595,-0.0595
0.6534,pi,6.2800,3.2838,-0.0599,-0.0599
0.6584,pi,6.2800,3.2669,-0.0603,-0.0603
0.6634,pi,6.2800,3.2536,-0.0605,-0.0605
0.6684,pi,6.2800,3.2428,-0.0607,-0.0607
0.6734,pi,6.2800,3.2476,-0.0606,-0.0606
0.6784,pi,6.2800,3.2013,-0.0616,-0.0616
0.6834,pi,6.2800,3.2006,-0.0616,-0.0616
0.6884,pi,6.2800,3.2008,-0.0616,-0.0616
0.6935,pi,6.2800,3.2005,-0.0616,-0.0616
0.6984,pi,6.2800,3.2468,-0.0607,-0.0607
0.7035,pi,6.2800,3.2508,-0.0606,-0.0606
0.7084,pi,6.2800,3.2541,-0.0605,-0.0605
0.7134,pi,6.2800,3.2887,-0.0598,-0.0598
0.7184,pi,6.2800,3.3164,-0.0593,-0.0593
0.7234,pi,6.2800,3.3066,-0.0595,-0.0595
0.7284,pi,6.2800,3.3308,-0.0590,-0.0590
0.7334,pi,6.2800,3.3500,-0.0586,-0.0586
0.7384,pi,6.2800,3.3199,-0.0592,-0.0592
0.7434,pi,6.2800,3.3413,-0.0588,-0.0588
0.7485,pi,6.2800,3.3264,-0.0591,-0.0591
0.7534,pi,6.2800,3.3145,-0.0593,-0.0593
0.7583,pi,6.2800,3.3371,-0.0589,-0.0589
0.7635,pi,6.2800,3.3231,-0.0591,-0.0591
0.7685,pi,6.2800,3.3117,-0.0594,-0.0594
0.7734,pi,6.2800,3.3530,-0.0585,-0.0585
0.7785,pi,6.2800,3.3359,-0.0589,-0.0589
0.7835,pi,6.2800,3.3219,-0.0592,-0.0592
0.7884,pi,6.2800,3.3611,-0.0584,-0.0584
0.7934,pi,6.2800,3.3743,-0.0581,-0.0581
0.7984,pi,6.2800,3.3394,-0.0588,-0.0588
0.8034,pi,6.2800,3.3571,-0.0585,-0.0585
0.8085,pi,6.2800,3.3389,-0.0588,-0.0588
0.8134,pi,6.2800,3.3110,-0.0594,-0.0594
0.8184,pi,6.2800,3.3343,-0.0589,-0.0589
0.8234,pi,6.2800,3.3531,-0.0585,-0.0585
0.8284,pi,6.2800,3.3225,-0.0591,-0.0591
0.8334,pi,6.2800,3.3435,-0.0587,-0.0587
0.8384,pi,6.2800,3.3606,-0.0584,-0.0584
0.8434,pi,6.2800,3.3419,-0.0588,-0.0588
0.8484,pi,6.2800,3.3268,-0.0591,-0.0591
0.8539,pi,6.2800,3.3146,-0.0593,-0.0593
0.8587,pi,6.2800,3.3048,-0.0595,-0.0595
0.8640,pi,6.2800,3.2968,-0.0597,-0.0597
0.8687,pi,6.2800,3.2402,-0.0608,-0.0608
0.8740,pi,6.2800,3.2451,-0.0607,-0.0607
0.8785,pi,6.2800,3.2492,-0.0606,-0.0606
0.8835,pi,6.2800,3.2022,-0.0616,-0.0616
0.8884,pi,6.2800,3.2150,-0.0613,-0.0613
0.8933,pi,6.2800,3.2118,-0.0614,-0.0614
0.8984,pi,6.2800,3.2093,-0.0614,-0.0614
0.9034,pi,6.2800,3.2530,-0.0605,-0.0605
0.9084,pi,6.2800,3.2423,-0.0608,-0.0608
0.9134,pi,6.2800,3.2340,-0.0609,-0.0609
0.9184,pi,6.2800,3.2732,-0.0601,-0.0601
0.9234,pi,6.2800,3.3045,-0.0595,-0.0595
0.9284,pi,6.2800,3.2840,-0.0599,-0.0599
0.9334,pi,6.2800,3.3129,-0.0593,-0.0593
0.9384,pi,6.2800,3.3360,-0.0589,-0.0589
0.9435,pi,6.2800,3.3220,-0.0592,-0.0592
0.9484,pi,6.2800,3.3610,-0.0584,-0.0584
0.9534,pi,6.2800,3.3421,-0.0588,-0.0588
0.9584,pi,6.2800,3.3271,-0.0591,-0.0591
0.9634,pi,6.2800,3.3653,-0.0583,-0.0583
0.9685,pi,6.2800,3.3453,-0.0587,-0.0587
0.9734,pi,6.2800,3.3294,-0.0590,-0.0590
0.9784,pi,6.2800,3.3668,-0.0583,-0.0583
0.9834,pi,6.2800,3.3468,-0.0587,-0.0587
0.9884,pi,6.2800,3.3308,-0.0590,-0.0590
0.9934,pi,6.2800,3.3500,-0.0586,-0.0586
0.9984,pi,6.2800,3.3334,-0.0589,-0.0589
1.0035,pi,6.2800,3.3201,-0.0592,-0.0592
1.0084,pi,6.2800,3.3598,-0.0584,-0.0584
1.0134,pi,6.2800,3.3411,-0.0588,-0.0588
1.0183,pi,6.2800,3.3129,-0.0593,-0.0593
1.0234,pi,6.2800,3.2903,-0.0598,-0.0598
1.0284,pi,6.2800,3.3181,-0.0592,-0.0592
1.0334,pi,6.2800,3.2941,-0.0597,-0.0597
1.0384,pi,6.2800,3.2750,-0.0601,-0.0601
1.0435,pi,6.2800,3.2231,-0.0611,-0.0611
1.0484,pi,6.2800,3.2319,-0.0610,-0.0610
1.0534,pi,6.2800,3.2253,-0.0611,-0.0611
1.0584,pi,6.2800,3.1834,-0.0619,-0.0619
1.0634,pi,6.2800,3.1865,-0.0619,-0.0619
1.0684,pi,6.2800,3.2025,-0.0616,-0.0616
1.0734,pi,6.2800,3.2655,-0.0603,-0.0603
1.0784,pi,6.2800,3.2657,-0.0603,-0.0603
1.0834,pi,6.2800,3.2520,-0.0606,-0.0606
1.0885,pi,6.2800,3.2549,-0.0605,-0.0605
1.0934,pi,6.2800,3.3075,-0.0595,-0.0595
1.0985,pi,6.2800,3.2993,-0.0596,-0.0596
1.1035,pi,6.2800,3.3249,-0.0591,-0.0591
1.1084,pi,6.2800,3.3454,-0.0587,-0.0587
1.1134,pi,6.2800,3.3619,-0.0584,-0.0584
1.1184,pi,6.2800,3.3292,-0.0590,-0.0590
1.1235,pi,6.2800,3.3164,-0.0593,-0.0593
1.1286,pi,6.2800,3.3064,-0.0595,-0.0595
1.1335,pi,6.2800,3.2981,-0.0596,-0.0596
1.1384,pi,6.2800,3.3238,-0.0591,-0.0591
1.1435,pi,6.2800,3.3447,-0.0587,-0.0587
1.1485,pi,6.2800,3.3154,-0.0593,-0.0593
1.1535,pi,6.2800,3.3058,-0.0595,-0.0595
1.1584,pi,6.2800,3.2845,-0.0599,-0.0599
1.1635,pi,6.2800,3.2809,-0.0600,-0.0600
1.1684,pi,6.2800,3.3101,-0.0594,-0.0594
1.1736,pi,6.2800,3.3335,-0.0589,-0.0589
1.1784,pi,6.2800,3.3200,-0.0592,-0.0592
1.1837,pi,6.2800,3.3414,-0.0588,-0.0588
1.1888,pi,6.2800,3.3263,-0.0591,-0.0591
1.1934,pi,6.2800,3.3145,-0.0593,-0.0593
1.1984,pi,6.2800,3.3371,-0.0589,-0.0589
1.2034,pi,6.2800,3.3230,-0.0591,-0.0591
1.2084,pi,6.2800,3.2984,-0.0596,-0.0596
1.2134,pi,6.2800,3.3243,-0.0591,-0.0591
1.2184,pi,6.2800,3.3450,-0.0587,-0.0587
1.2234,pi,6.2800,3.3159,-0.0593,-0.0593
1.2284,pi,6.2800,3.2928,-0.0597,-0.0597
1.2334,pi,6.2800,3.3200,-0.0592,-0.0592
1.2384,pi,6.2800,3.2958,-0.0597,-0.0597
1.2434,pi,6.2800,3.2767,-0.0601,-0.0601
1.2484,pi,6.2800,3.2748,-0.0601,-0.0601
1.2534,pi,6.2800,3.2594,-0.0604,-0.0604
1.2584,pi,6.2800,3.2609,-0.0604,-0.0604
1.2634,pi,6.2800,3.2117,-0.0614,-0.0614
1.2684,pi,6.2800,3.2228,-0.0611,-0.0611
1.2736,pi,6.2800,3.2312,-0.0610,-0.0610
1.2788,pi,6.2800,3.2881,-0.0598,-0.0598
1.2837,pi,6.2800,3.2836,-0.0599,-0.0599
1.2894,pi,6.2800,3.2800,-0.0600,-0.0600
1.2937,pi,6.2800,3.2770,-0.0601,-0.0601
1.2996,pi,6.2800,3.2733,-0.0601,-0.0601
1.3044,pi,6.2800,3.2715,-0.0602,-0.0602
1.3092,pi,6.2800,3.2701,-0.0602,-0.0602
1.3136,pi,6.2800,3.3191,-0.0592,-0.0592
1.3186,pi,6.2800,3.3085,-0.0594,-0.0594
1.3235,pi,6.2800,3.3320,-0.0590,-0.0590
1.3284,pi,6.2800,3.3514,-0.0586,-0.0586
1.3334,pi,6.2800,3.3212,-0.0592,-0.0592
1.3384,pi,6.2800,3.2969,-0.0597,-0.0597
1.3434,pi,6.2800,3.3232,-0.0591,-0.0591
1.3484,pi,6.2800,3.3445,-0.0587,-0.0587
1.3534,pi,6.2800,3.3167,-0.0593,-0.0593
1.3584,pi,6.2800,3.3395,-0.0588,-0.0588
1.3634,pi,6.2800,3.3576,-0.0584,-0.0584
1.3685,pi,6.2800,3.3264,-0.0591,-0.0591
1.3734,pi,6.2800,3.3467,-0.0587,-0.0587
1.3784,pi,6.2800,3.3176,-0.0592,-0.0592
1.3835,pi,6.2800,3.3075,-0.0595,-0.0595
1.3884,pi,6.2800,3.3496,-0.0586,-0.0586
1.3934,pi,6.2800,3.3651,-0.0583,-0.0583
1.3985,pi,6.2800,3.3319,-0.0590,-0.0590
1.4034,pi,6.2800,3.3511,-0.0586,-0.0586
1.4084,pi,6.2800,3.3665,-0.0583,-0.0583
1.4135,pi,6.2800,3.3465,-0.0587,-0.0587
1.4184,pi,6.2800,3.3808,-0.0580,-0.0580
1.4233,pi,6.2800,3.3901,-0.0578,-0.0578
1.4284,pi,6.2800,3.3522,-0.0586,-0.0586
1.4334,pi,6.2800,3.3351,-0.0589,-0.0589
1.4384,pi,6.2800,3.3535,-0.0585,-0.0585
1.4434,pi,6.2800,3.3361,-0.0589,-0.0589
1.4485,pi,6.2800,3.3223,-0.0592,-0.0592
1.4534,pi,6.2800,3.3112,-0.0594,-0.0594
1.4584,pi,6.2800,3.3023,-0.0596,-0.0596
1.4634,pi,6.2800,3.2816,-0.0600,-0.0600
1.4684,pi,6.2800,3.2650,-0.0603,-0.0603
1.4737,pi,6.2800,3.2651,-0.0603,-0.0603
1.4790,pi,6.2800,3.2653,-0.0603,-0.0603
1.4838,pi,6.2800,3.2655,-0.0603,-0.0603
1.4884,pi,6.2800,3.2656,-0.0603,-0.0603
1.4933,pi,6.2800,3.2522,-0.0606,-0.0606
1.4984,pi,6.2800,3.2415,-0.0608,-0.0608
1.5035,pi,6.2800,3.2466,-0.0607,-0.0607
1.5084,pi,6.2800,3.2370,-0.0609,-0.0609
1.5134,pi,6.2800,3.2294,-0.0610,-0.0610
1.5184,pi,6.2800,3.2690,-0.0602,-0.0602
1.5234,pi,6.2800,3.3007,-0.0596,-0.0596
1.5284,pi,6.2800,3.2806,-0.0600,-0.0600
1.5334,pi,6.2800,3.3100,-0.0594,-0.0594
1.5384,pi,6.2800,3.3337,-0.0589,-0.0589
1.5435,pi,6.2800,3.3202,-0.0592,-0.0592
1.5484,pi,6.2800,3.3598,-0.0584,-0.0584
1.5534,pi,6.2800,3.3409,-0.0588,-0.0588
1.5584,pi,6.2800,3.3262,-0.0591,-0.0591
1.5634,pi,6.2800,3.3465,-0.0587,-0.0587
1.5685,pi,6.2800,3.3305,-0.0590,-0.0590
1.5735,pi,6.2800,3.3176,-0.0592,-0.0592
1.5784,pi,6.2800,3.3396,-0.0588,-0.0588
1.5835,pi,6.2800,3.3251,-0.0591,-0.0591
1.5884,pi,6.2800,3.3135,-0.0593,-0.0593
1.5934,pi,6.2800,3.3363,-0.0589,-0.0589
1.5984,pi,6.2800,3.3546,-0.0585,-0.0585
1.6035,pi,6.2800,3.3235,-0.0591,-0.0591
1.6084,pi,6.2800,3.3446,-0.0587,-0.0587
1.6135,pi,6.2800,3.3291,-0.0590,-0.0590
1.6184,pi,6.2800,3.3167,-0.0593,-0.0593
1.6234,pi,6.2800,3.3388,-0.0588,-0.0588
1.6284,pi,6.2800,3.3245,-0.0591,-0.0591
1.6334,pi,6.2800,3.3130,-0.0593,-0.0593
1.6384,pi,6.2800,3.3359,-0.0589,-0.0589
1.6434,pi,6.2800,3.3222,-0.0592,-0.0592
1.6484,pi,6.2800,3.3111,-0.0594,-0.0594
1.6534,pi,6.2800,3.3526,-0.0585,-0.0585
1.6584,pi,6.2800,3.3355,-0.0589,-0.0589
1.6634,pi,6.2800,3.3218,-0.0592,-0.0592
1.6684,pi,6.2800,3.3428,-0.0587,-0.0587
1.6734,pi,6.2800,3.3277,-0.0590,-0.0590
1.6784,pi,6.2800,3.3156,-0.0593,-0.0593
1.6834,pi,6.2800,3.3379,-0.0588,-0.0588
1.6885,pi,6.2800,3.3236,-0.0591,-0.0591
1.6934,pi,6.2800,3.3123,-0.0594,-0.0594
1.6984,pi,6.2800,3.3353,-0.0589,-0.0589
1.7034,pi,6.2800,3.3537,-0.0585,-0.0585
1.7084,pi,6.2800,3.3363,-0.0589,-0.0589
1.7134,pi,6.2800,3.3727,-0.0581,-0.0581
1.7184,pi,6.2800,3.3836,-0.0579,-0.0579
1.7234,pi,6.2800,3.3467,-0.0587,-0.0587
1.7284,pi,6.2800,3.3810,-0.0580,-0.0580
1.7334,pi,6.2800,3.3582,-0.0584,-0.0584
1.7384,pi,6.2800,3.3263,-0.0591,-0.0591
1.7434,pi,6.2800,3.3466,-0.0587,-0.0587
1.7485,pi,6.2800,3.3303,-0.0590,-0.0590
1.7534,pi,6.2800,3.3176,-0.0592,-0.0592
1.7584,pi,6.2800,3.3395,-0.0588,-0.0588
1.7634,pi,6.2800,3.3251,-0.0591,-0.0591
1.7685,pi,6.2800,3.3134,-0.0593,-0.0593
1.7734,pi,6.2800,3.3040,-0.0595,-0.0595
1.7785,pi,6.2800,3.2831,-0.0599,-0.0599
1.7835,pi,6.2800,3.2798,-0.0600,-0.0600
1.7884,pi,6.2800,3.2637,-0.0603,-0.0603
1.7934,pi,6.2800,3.2141,-0.0613,-0.0613
1.7984,pi,6.2800,3.2110,-0.0614,-0.0614
1.8034,pi,6.2800,3.2089,-0.0614,-0.0614
1.8085,pi,6.2800,3.1703,-0.0622,-0.0622
1.8133,pi,6.2800,3.1760,-0.0621,-0.0621
1.8184,pi,6.2800,3.1806,-0.0620,-0.0620
1.8234,pi,6.2800,3.2301,-0.0610,-0.0610
1.8284,pi,6.2800,3.2699,-0.0602,-0.0602
1.8334,pi,6.2800,3.3013,-0.0596,-0.0596
1.8384,pi,6.2800,3.3447,-0.0587,-0.0587
1.8434,pi,6.2800,3.3612,-0.0584,-0.0584
1.8485,pi,6.2800,3.3423,-0.0588,-0.0588
1.8534,pi,6.2800,3.3774,-0.0581,-0.0581
1.8584,pi,6.2800,3.4056,-0.0575,-0.0575
1.8634,pi,6.2800,3.3779,-0.0580,-0.0580
1.8684,pi,6.2800,3.3555,-0.0585,-0.0585
1.8734,pi,6.2800,3.3377,-0.0588,-0.0588
1.8784,pi,6.2800,3.3235,-0.0591,-0.0591
1.8835,pi,6.2800,3.3122,-0.0594,-0.0594
1.8884,pi,6.2800,3.3031,-0.0595,-0.0595
1.8934,pi,6.2800,3.2958,-0.0597,-0.0597
1.8984,pi,6.2800,3.2763,-0.0601,-0.0601
1.9034,pi,6.2800,3.3066,-0.0595,-0.0595
1.9084,pi,6.2800,3.2987,-0.0596,-0.0596
1.9134,pi,6.2800,3.2924,-0.0598,-0.0598
1.9184,pi,6.2800,3.3193,-0.0592,-0.0592
1.9234,pi,6.2800,3.3410,-0.0588,-0.0588
1.9284,pi,6.2800,3.3127,-0.0593,-0.0593
1.9334,pi,6.2800,3.3356,-0.0589,-0.0589
1.9384,pi,6.2800,3.3219,-0.0592,-0.0592
1.9434,pi,6.2800,3.2974,-0.0597,-0.0597
1.9484,pi,6.2800,3.3235,-0.0591,-0.0591
1.9534,pi,6.2800,3.3444,-0.0587,-0.0587
1.9585,pi,6.2800,3.3288,-0.0590,-0.0590
1.9634,pi,6.2800,3.3485,-0.0586,-0.0586
1.9684,pi,6.2800,3.3642,-0.0583,-0.0583
1.9735,pi,6.2800,3.3444,-0.0587,-0.0587
1.9784,pi,6.2800,3.3791,-0.0580,-0.0580
1.9834,pi,6.2800,3.3886,-0.0578,-0.0578
1.9885,pi,6.2800,3.3642,-0.0583,-0.0583
1.9934,pi,6.2800,3.3950,-0.0577,-0.0577
1.9984,pi,6.2800,3.4014,-0.0576,-0.0576
2.0034,pi,6.2800,3.3745,-0.0581,-0.0581
2.0084,pi,6.2800,3.3849,-0.0579,-0.0579
2.0134,pi,6.2800,3.3937,-0.0577,-0.0577
2.0184,pi,6.2800,3.3546,-0.0585,-0.0585
2.0234,pi,6.2800,3.3234,-0.0591,-0.0591
2.0284,pi,6.2800,3.3446,-0.0587,-0.0587
2.0334,pi,6.2800,3.3153,-0.0593,-0.0593
2.0384,pi,6.2800,3.2920,-0.0598,-0.0598
2.0435,pi,6.2800,3.2868,-0.0599,-0.0599
2.0484,pi,6.2800,3.2828,-0.0599,-0.0599
2.0534,pi,6.2800,3.2795,-0.0600,-0.0600
2.0584,pi,6.2800,3.2265,-0.0611,-0.0611
2.0634,pi,6.2800,3.2344,-0.0609,-0.0609
2.0685,pi,6.2800,3.2406,-0.0608,-0.0608
2.0735,pi,6.2800,3.2456,-0.0607,-0.0607
2.0783,pi,6.2800,3.2497,-0.0606,-0.0606
2.0834,pi,6.2800,3.2531,-0.0605,-0.0605
2.0885,pi,6.2800,3.2558,-0.0605,-0.0605
2.0934,pi,6.2800,3.2899,-0.0598,-0.0598
2.0986,pi,6.2800,3.2851,-0.0599,-0.0599
2.1038,pi,6.2800,3.2812,-0.0600,-0.0600
2.1086,pi,6.2800,3.3283,-0.0590,-0.0590
2.1137,pi,6.2800,3.3161,-0.0593,-0.0593
2.1184,pi,6.2800,3.2926,-0.0597,-0.0597
2.1234,pi,6.2800,3.3198,-0.0592,-0.0592
2.1284,pi,6.2800,3.3417,-0.0588,-0.0588
2.1343,pi,6.2800,3.3262,-0.0591,-0.0591
2.1386,pi,6.2800,3.3642,-0.0583,-0.0583
2.1439,pi,6.2800,3.3446,-0.0587,-0.0587
2.1489,pi,6.2800,3.3279,-0.0590,-0.0590
2.1535,pi,6.2800,3.3475,-0.0586,-0.0586
2.1584,pi,6.2800,3.3639,-0.0583,-0.0583
2.1634,pi,6.2800,3.3312,-0.0590,-0.0590
2.1685,pi,6.2800,3.3505,-0.0586,-0.0586
2.1737,pi,6.2800,3.3333,-0.0589,-0.0589
2.1785,pi,6.2800,3.3197,-0.0592,-0.0592
2.1834,pi,6.2800,3.3409,-0.0588,-0.0588
2.1890,pi,6.2800,3.3584,-0.0584,-0.0584
2.1945,pi,6.2800,3.3390,-0.0588,-0.0588
2.1998,pi,6.2800,3.3561,-0.0585,-0.0585
2.2050,pi,6.2800,3.3369,-0.0589,-0.0589
2.2104,pi,6.2800,3.3218,-0.0592,-0.0592
2.2169,pi,6.2800,3.3591,-0.0584,-0.0584
2.2224,pi,6.2800,3.3393,-0.0588,-0.0588
2.2275,pi,6.2800,3.3249,-0.0591,-0.0591
2.2324,pi,6.2800,3.3366,-0.0589,-0.0589
2.2372,pi,6.2800,3.3278,-0.0590,-0.0590
2.2426,pi,6.2800,3.3151,-0.0593,-0.0593
2.2476,pi,6.2800,3.3371,-0.0589,-0.0589
2.2520,pi,6.2800,3.3221,-0.0592,-0.0592
2.2585,pi,6.2800,3.2971,-0.0597,-0.0597
2.2662,pi,6.2800,3.3404,-0.0588,-0.0588
2.2716,pi,6.2800,3.3153,-0.0593,-0.0593
2.2767,pi,6.2800,3.2960,-0.0597,-0.0597
2.2815,pi,6.2800,3.3403,-0.0588,-0.0588
2.2867,pi,6.2800,3.3579,-0.0584,-0.0584
2.2918,pi,6.2800,3.3397,-0.0588,-0.0588
2.2968,pi,6.2800,3.3750,-0.0581,-0.0581
2.3018,pi,6.2800,3.3537,-0.0585,-0.0585
2.3083,pi,6.2800,3.3233,-0.0591,-0.0591
2.3144,pi,6.2800,3.3618,-0.0584,-0.0584
2.3192,pi,6.2800,3.3421,-0.0588,-0.0588
2.3255,pi,6.2800,3.3038,-0.0595,-0.0595
2.3304,pi,6.2800,3.3340,-0.0589,-0.0589
2.3351,pi,6.2800,3.3529,-0.0585,-0.0585
2.3408,pi,6.2800,3.3172,-0.0593,-0.0593
2.3474,pi,6.2800,3.3353,-0.0589,-0.0589
2.3534,pi,6.2800,3.3533,-0.0585,-0.0585
2.3579,pi,6.2800,3.3349,-0.0589,-0.0589
2.3631,pi,6.2800,3.3163,-0.0593,-0.0593
2.3686,pi,6.2800,3.3371,-0.0589,-0.0589
2.3739,pi,6.2800,3.3114,-0.0594,-0.0594
2.3791,pi,6.2800,3.3572,-0.0585,-0.0585
2.3843,pi,6.2800,3.3415,-0.0588,-0.0588
2.3894,pi,6.2800,3.3261,-0.0591,-0.0591
2.3943,pi,6.2800,3.3004,-0.0596,-0.0596
2.3994,pi,6.2800,3.2926,-0.0597,-0.0597
2.4044,pi,6.2800,3.2855,-0.0599,-0.0599
2.4090,pi,6.2800,3.2686,-0.0602,-0.0602
2.4134,pi,6.2800,3.2994,-0.0596,-0.0596
2.4179,pi,6.2800,3.2929,-0.0597,-0.0597
2.4223,pi,6.2800,3.2875,-0.0599,-0.0599
2.4268,pi,6.2800,3.3154,-0.0593,-0.0593
2.4313,pi,6.2800,3.3018,-0.0596,-0.0596
2.4358,pi,6.2800,3.2813,-0.0600,-0.0600
2.4405,pi,6.2800,3.3270,-0.0591,-0.0591
2.4452,pi,6.2800,3.3466,-0.0587,-0.0587
2.4496,pi,6.2800,3.3179,-0.0592,-0.0592
2.4542,pi,6.2800,3.3422,-0.0588,-0.0588
2.4588,pi,6.2800,3.3265,-0.0591,-0.0591
2.4633,pi,6.2800,3.3047,-0.0595,-0.0595
2.4679,pi,6.2800,3.3295,-0.0590,-0.0590
2.4723,pi,6.2800,3.3169,-0.0593,-0.0593
2.4767,pi,6.2800,3.2930,-0.0597,-0.0597
2.4813,pi,6.2800,3.2742,-0.0601,-0.0601
2.4857,pi,6.2800,3.3035,-0.0595,-0.0595
2.4903,pi,6.2800,3.2867,-0.0599,-0.0599
2.4947,pi,6.2800,3.2692,-0.0602,-0.0602
2.4993,pi,6.2800,3.2685,-0.0602,-0.0602
2.5037,pi,6.2800,3.2678,-0.0602,-0.0602
2.5083,pi,6.2800,3.3157,-0.0593,-0.0593
2.5126,pi,6.2800,3.3381,-0.0588,-0.0588
2.5170,pi,6.2800,3.3237,-0.0591,-0.0591
2.5217,pi,6.2800,3.3444,-0.0587,-0.0587
2.5262,pi,6.2800,3.3777,-0.0580,-0.0580
2.5307,pi,6.2800,3.3874,-0.0579,-0.0579
2.5352,pi,6.2800,3.3635,-0.0583,-0.0583
2.5398,pi,6.2800,3.3944,-0.0577,-0.0577
2.5445,pi,6.2800,3.4009,-0.0576,-0.0576
2.5494,pi,6.2800,3.4255,-0.0571,-0.0571
2.5535,pi,6.2800,3.4293,-0.0570,-0.0570
2.5586,pi,6.2800,3.3836,-0.0579,-0.0579
2.5635,pi,6.2800,3.3926,-0.0577,-0.0577
2.5685,pi,6.2800,3.4001,-0.0576,-0.0576
2.5735,pi,6.2800,3.3601,-0.0584,-0.0584
2.5785,pi,6.2800,3.3762,-0.0581,-0.0581
2.5836,pi,6.2800,3.3867,-0.0579,-0.0579
2.5885,pi,6.2800,3.3951,-0.0577,-0.0577
2.5935,pi,6.2800,3.3562,-0.0585,-0.0585
2.5989,pi,6.2800,3.3368,-0.0589,-0.0589
2.6035,pi,6.2800,3.3143,-0.0593,-0.0593
2.6086,pi,6.2800,3.3046,-0.0595,-0.0595
2.6140,pi,6.2800,3.2969,-0.0597,-0.0597
2.6186,pi,6.2800,3.2904,-0.0598,-0.0598
2.6235,pi,6.2800,3.2856,-0.0599,-0.0599
2.6286,pi,6.2800,3.2810,-0.0600,-0.0600
2.6335,pi,6.2800,3.2645,-0.0603,-0.0603
2.6386,pi,6.2800,3.2646,-0.0603,-0.0603
2.6437,pi,6.2800,3.3151,-0.0593,-0.0593
2.6490,pi,6.2800,3.3046,-0.0595,-0.0595
2.6536,pi,6.2800,3.2973,-0.0597,-0.0597
2.6585,pi,6.2800,3.3232,-0.0591,-0.0591
2.6636,pi,6.2800,3.3442,-0.0587,-0.0587
2.6686,pi,6.2800,3.3151,-0.0593,-0.0593
2.6735,pi,6.2800,3.3380,-0.0588,-0.0588
2.6785,pi,6.2800,3.3561,-0.0585,-0.0585
2.6836,pi,6.2800,3.3253,-0.0591,-0.0591
2.6885,pi,6.2800,3.3457,-0.0587,-0.0587
2.6935,pi,6.2800,3.3623,-0.0584,-0.0584
2.6986,pi,6.2800,3.3298,-0.0590,-0.0590
2.7035,pi,6.2800,3.3542,-0.0585,-0.0585
2.7085,pi,6.2800,3.3691,-0.0582,-0.0582
2.7135,pi,6.2800,3.3351,-0.0589,-0.0589
2.7184,pi,6.2800,3.3537,-0.0585,-0.0585
2.7235,pi,6.2800,3.3687,-0.0582,-0.0582
2.7285,pi,6.2800,3.3350,-0.0589,-0.0589
2.7335,pi,6.2800,3.3534,-0.0585,-0.0585
2.7384,pi,6.2800,3.3683,-0.0582,-0.0582
2.7435,pi,6.2800,3.3480,-0.0586,-0.0586
2.7484,pi,6.2800,3.3639,-0.0583,-0.0583
2.7534,pi,6.2800,3.3766,-0.0581,-0.0581
2.7585,pi,6.2800,3.3411,-0.0588,-0.0588
2.7635,pi,6.2800,3.3766,-0.0581,-0.0581
2.7685,pi,6.2800,3.3546,-0.0585,-0.0585
2.7735,pi,6.2800,3.3370,-0.0589,-0.0589
2.7785,pi,6.2800,3.3230,-0.0591,-0.0591
2.7835,pi,6.2800,3.3116,-0.0594,-0.0594
2.7885,pi,6.2800,3.3025,-0.0596,-0.0596
2.7934,pi,6.2800,3.2817,-0.0600,-0.0600
2.7985,pi,6.2800,3.3109,-0.0594,-0.0594
2.8035,pi,6.2800,3.3022,-0.0596,-0.0596
2.8086,pi,6.2800,3.2952,-0.0597,-0.0597
2.8136,pi,6.2800,3.3215,-0.0592,-0.0592
2.8194,pi,6.2800,3.3099,-0.0594,-0.0594
2.8243,pi,6.2800,3.3505,-0.0586,-0.0586
2.8287,pi,6.2800,3.3833,-0.0579,-0.0579
2.8334,pi,6.2800,3.3920,-0.0578,-0.0578
2.8387,pi,6.2800,3.3663,-0.0583,-0.0583
2.8448,pi,6.2800,3.3457,-0.0587,-0.0587
2.8504,pi,6.2800,3.3297,-0.0590,-0.0590
2.8551,pi,6.2800,3.3163,-0.0593,-0.0593
2.8589,pi,6.2800,3.3562,-0.0585,-0.0585
2.8633,pi,6.2800,3.3384,-0.0588,-0.0588
2.8684,pi,6.2800,3.3105,-0.0594,-0.0594
2.8735,pi,6.2800,3.3340,-0.0589,-0.0589
2.8784,pi,6.2800,3.3088,-0.0594,-0.0594
2.8835,pi,6.2800,3.3003,-0.0596,-0.0596
2.8884,pi,6.2800,3.3257,-0.0591,-0.0591
2.8935,pi,6.2800,3.3466,-0.0587,-0.0587
2.8984,pi,6.2800,3.3636,-0.0583,-0.0583
2.9036,pi,6.2800,3.3765,-0.0581,-0.0581
2.9084,pi,6.2800,3.3875,-0.0579,-0.0579
2.9136,pi,6.2800,3.3631,-0.0583,-0.0583
2.9193,pi,6.2800,3.3939,-0.0577,-0.0577
2.9242,pi,6.2800,3.3683,-0.0582,-0.0582
2.9289,pi,6.2800,3.3475,-0.0586,-0.0586
2.9347,pi,6.2800,3.3308,-0.0590,-0.0590
2.9396,pi,6.2800,3.3118,-0.0594,-0.0594
2.9448,pi,6.2800,3.3005,-0.0596,-0.0596
2.9494,pi,6.2800,3.2933,-0.0597,-0.0597
2.9541,pi,6.2800,3.2861,-0.0599,-0.0599
2.9588,pi,6.2800,3.2816,-0.0600,-0.0600
2.9641,pi,6.2800,3.2782,-0.0600,-0.0600
2.9687,pi,6.2800,3.2757,-0.0601,-0.0601
2.9740,pi,6.2800,3.2600,-0.0604,-0.0604
2.9790,pi,6.2800,3.2481,-0.0606,-0.0606
2.9836,pi,6.2800,3.2839,-0.0599,-0.0599
2.9889,pi,6.2800,3.3128,-0.0593,-0.0593
2.9950,pi,6.2800,3.3468,-0.0587,-0.0587
3.0005,pi,6.2800,3.3619,-0.0584,-0.0584
3.0054,pi,6.2800,3.3751,-0.0581,-0.0581
3.0094,pi,6.2800,3.3416,-0.0588,-0.0588
3.0138,pi,6.2800,3.3594,-0.0584,-0.0584
3.0184,pi,6.2800,3.3737,-0.0581,-0.0581
3.0234,pi,6.2800,3.3396,-0.0588,-0.0588
3.0284,pi,6.2800,3.3578,-0.0584,-0.0584
3.0334,pi,6.2800,3.3723,-0.0582,-0.0582
3.0385,pi,6.2800,3.3378,-0.0588,-0.0588
3.0438,pi,6.2800,3.3559,-0.0585,-0.0585
3.0493,pi,6.2800,3.3378,-0.0588,-0.0588
3.0543,pi,6.2800,3.3234,-0.0591,-0.0591
3.0590,pi,6.2800,3.3617,-0.0584,-0.0584
3.0639,pi,6.2800,3.3420,-0.0588,-0.0588
3.0688,pi,6.2800,3.3263,-0.0591,-0.0591
3.0743,pi,6.2800,3.3637,-0.0583,-0.0583
3.0787,pi,6.2800,3.3441,-0.0587,-0.0587
3.0834,pi,6.2800,3.3288,-0.0590,-0.0590
3.0883,pi,6.2800,3.3486,-0.0586,-0.0586
3.0933,pi,6.2800,3.3647,-0.0583,-0.0583
3.0985,pi,6.2800,3.3320,-0.0590,-0.0590
3.1037,pi,6.2800,3.3691,-0.0582,-0.0582
3.1088,pi,6.2800,3.3812,-0.0580,-0.0580
3.1137,pi,6.2800,3.3451,-0.0587,-0.0587
3.1184,pi,6.2800,3.3165,-0.0593,-0.0593
3.1235,pi,6.2800,3.3393,-0.0588,-0.0588
3.1284,pi,6.2800,3.3119,-0.0594,-0.0594
3.1335,pi,6.2800,3.3029,-0.0595,-0.0595
3.1390,pi,6.2800,3.2953,-0.0597,-0.0597
3.1442,pi,6.2800,3.2890,-0.0598,-0.0598
3.1496,pi,6.2800,3.2840,-0.0599,-0.0599
3.1536,pi,6.2800,3.3123,-0.0594,-0.0594
3.1584,pi,6.2800,3.3032,-0.0595,-0.0595
3.1633,pi,6.2800,3.3280,-0.0590,-0.0590
3.1684,pi,6.2800,3.3481,-0.0586,-0.0586
3.1737,pi,6.2800,3.3319,-0.0590,-0.0590
3.1785,pi,6.2800,3.3188,-0.0592,-0.0592
3.1835,pi,6.2800,3.3405,-0.0588,-0.0588
3.1884,pi,6.2800,3.3578,-0.0584,-0.0584
3.1935,pi,6.2800,3.3263,-0.0591,-0.0591
3.1984,pi,6.2800,3.3470,-0.0587,-0.0587
3.2034,pi,6.2800,3.3636,-0.0583,-0.0583
3.2085,pi,6.2800,3.3308,-0.0590,-0.0590
3.2135,pi,6.2800,3.3180,-0.0592,-0.0592
3.2185,pi,6.2800,3.3078,-0.0594,-0.0594
3.2236,pi,6.2800,3.2860,-0.0599,-0.0599
3.2286,pi,6.2800,3.2687,-0.0602,-0.0602
3.2345,pi,6.2800,3.2678,-0.0602,-0.0602
3.2389,pi,6.2800,3.2673,-0.0603,-0.0603
3.2442,pi,6.2800,3.2669,-0.0603,-0.0603
3.2486,pi,6.2800,3.2665,-0.0603,-0.0603
3.2536,pi,6.2800,3.2530,-0.0605,-0.0605
3.2585,pi,6.2800,3.2559,-0.0605,-0.0605
3.2634,pi,6.2800,3.2902,-0.0598,-0.0598
3.2685,pi,6.2800,3.2721,-0.0602,-0.0602
3.2734,pi,6.2800,3.2576,-0.0604,-0.0604
3.2784,pi,6.2800,3.2918,-0.0598,-0.0598
3.2835,pi,6.2800,3.3191,-0.0592,-0.0592
3.2884,pi,6.2800,3.2954,-0.0597,-0.0597
3.2936,pi,6.2800,3.3220,-0.0592,-0.0592
3.2990,pi,6.2800,3.3109,-0.0594,-0.0594
3.3038,pi,6.2800,3.3017,-0.0596,-0.0596
3.3084,pi,6.2800,3.3448,-0.0587,-0.0587
3.3134,pi,6.2800,3.3293,-0.0590,-0.0590
3.3183,pi,6.2800,3.3488,-0.0586,-0.0586
3.3234,pi,6.2800,3.3827,-0.0579,-0.0579
3.3284,pi,6.2800,3.3595,-0.0584,-0.0584
3.3334,pi,6.2800,3.3912,-0.0578,-0.0578
3.3384,pi,6.2800,3.3983,-0.0576,-0.0576
3.3435,pi,6.2800,3.3718,-0.0582,-0.0582
3.3484,pi,6.2800,3.3373,-0.0589,-0.0589
3.3535,pi,6.2800,3.3558,-0.0585,-0.0585
3.3588,pi,6.2800,3.3377,-0.0588,-0.0588
3.3643,pi,6.2800,3.3232,-0.0591,-0.0591
3.3686,pi,6.2800,3.3118,-0.0594,-0.0594
3.3735,pi,6.2800,3.3028,-0.0595,-0.0595
3.3784,pi,6.2800,3.2821,-0.0600,-0.0600
3.3836,pi,6.2800,3.2791,-0.0600,-0.0600
3.3886,pi,6.2800,3.2763,-0.0601,-0.0601
3.3934,pi,6.2800,3.2607,-0.0604,-0.0604
3.3984,pi,6.2800,3.2942,-0.0597,-0.0597
3.4034,pi,6.2800,3.2887,-0.0598,-0.0598
3.4084,pi,6.2800,3.2706,-0.0602,-0.0602
3.4134,pi,6.2800,3.3023,-0.0596,-0.0596
3.4184,pi,6.2800,3.3275,-0.0590,-0.0590
3.4234,pi,6.2800,3.3154,-0.0593,-0.0593
3.4284,pi,6.2800,3.3558,-0.0585,-0.0585
3.4334,pi,6.2800,3.3380,-0.0588,-0.0588
3.4384,pi,6.2800,3.3100,-0.0594,-0.0594
3.4434,pi,6.2800,3.3337,-0.0589,-0.0589
3.4484,pi,6.2800,3.3204,-0.0592,-0.0592
3.4534,pi,6.2800,3.2961,-0.0597,-0.0597
3.4584,pi,6.2800,3.3224,-0.0592,-0.0592
3.4634,pi,6.2800,3.3113,-0.0594,-0.0594
3.4684,pi,6.2800,3.3025,-0.0596,-0.0596
3.4734,pi,6.2800,3.3275,-0.0591,-0.0591
3.4784,pi,6.2800,3.3476,-0.0586,-0.0586
3.4835,pi,6.2800,3.3314,-0.0590,-0.0590
3.4884,pi,6.2800,3.3505,-0.0586,-0.0586
3.4934,pi,6.2800,3.3660,-0.0583,-0.0583
3.4984,pi,6.2800,3.3325,-0.0590,-0.0590
3.5034,pi,6.2800,3.3515,-0.0586,-0.0586
3.5084,pi,6.2800,3.3347,-0.0589,-0.0589
3.5134,pi,6.2800,3.3075,-0.0594,-0.0594
3.5184,pi,6.2800,3.3315,-0.0590,-0.0590
3.5234,pi,6.2800,3.3186,-0.0592,-0.0592
3.5284,pi,6.2800,3.2948,-0.0597,-0.0597
3.5334,pi,6.2800,3.3212,-0.0592,-0.0592
3.5384,pi,6.2800,3.3426,-0.0587,-0.0587
3.5434,pi,6.2800,3.3274,-0.0591,-0.0591
3.5484,pi,6.2800,3.3473,-0.0587,-0.0587
3.5534,pi,6.2800,3.3634,-0.0583,-0.0583
3.5585,pi,6.2800,3.3438,-0.0587,-0.0587
3.5634,pi,6.2800,3.3786,-0.0580,-0.0580
3.5684,pi,6.2800,3.3559,-0.0585,-0.0585
3.5734,pi,6.2800,3.3246,-0.0591,-0.0591
3.5785,pi,6.2800,3.3633,-0.0583,-0.0583
3.5834,pi,6.2800,3.3440,-0.0587,-0.0587
3.5885,pi,6.2800,3.3285,-0.0590,-0.0590
3.5934,pi,6.2800,3.3482,-0.0586,-0.0586
3.5985,pi,6.2800,3.3320,-0.0590,-0.0590
3.6034,pi,6.2800,3.3190,-0.0592,-0.0592
3.6084,pi,6.2800,3.3406,-0.0588,-0.0588
3.6134,pi,6.2800,3.3582,-0.0584,-0.0584
3.6185,pi,6.2800,3.3262,-0.0591,-0.0591
3.6234,pi,6.2800,3.3646,-0.0583,-0.0583
3.6284,pi,6.2800,3.3451,-0.0587,-0.0587
3.6334,pi,6.2800,3.3157,-0.0593,-0.0593
3.6384,pi,6.2800,3.3380,-0.0588,-0.0588
3.6434,pi,6.2800,3.3560,-0.0585,-0.0585
3.6484,pi,6.2800,3.3382,-0.0588,-0.0588
3.6534,pi,6.2800,3.3239,-0.0591,-0.0591
3.6584,pi,6.2800,3.3126,-0.0593,-0.0593
3.6634,pi,6.2800,3.3034,-0.0595,-0.0595
3.6684,pi,6.2800,3.2824,-0.0600,-0.0600
3.6734,pi,6.2800,3.3114,-0.0594,-0.0594
3.6784,pi,6.2800,3.2891,-0.0598,-0.0598
3.6834,pi,6.2800,3.2847,-0.0599,-0.0599
3.6885,pi,6.2800,3.2811,-0.0600,-0.0600
3.6935,pi,6.2800,3.2779,-0.0600,-0.0600
3.6987,pi,6.2800,3.2754,-0.0601,-0.0601
3.7038,pi,6.2800,3.3237,-0.0591,-0.0591
3.7089,pi,6.2800,3.3120,-0.0594,-0.0594
3.7138,pi,6.2800,3.3029,-0.0595,-0.0595
3.7184,pi,6.2800,3.3278,-0.0590,-0.0590
3.7234,pi,6.2800,3.3477,-0.0586,-0.0586
3.7284,pi,6.2800,3.3638,-0.0583,-0.0583
3.7335,pi,6.2800,3.3765,-0.0581,-0.0581
3.7384,pi,6.2800,3.3866,-0.0579,-0.0579
3.7435,pi,6.2800,3.3947,-0.0577,-0.0577
3.7484,pi,6.2800,3.4014,-0.0576,-0.0576
3.7534,pi,6.2800,3.4068,-0.0575,-0.0575
3.7584,pi,6.2800,3.4113,-0.0574,-0.0574
3.7634,pi,6.2800,3.4148,-0.0573,-0.0573
3.7684,pi,6.2800,3.3851,-0.0579,-0.0579
3.7735,pi,6.2800,3.3615,-0.0584,-0.0584
3.7785,pi,6.2800,3.3423,-0.0588,-0.0588
3.7834,pi,6.2800,3.3271,-0.0591,-0.0591
3.7884,pi,6.2800,3.3470,-0.0587,-0.0587
3.7935,pi,6.2800,3.3309,-0.0590,-0.0590
3.7984,pi,6.2800,3.3048,-0.0595,-0.0595
3.8034,pi,6.2800,3.3293,-0.0590,-0.0590
3.8087,pi,6.2800,3.3167,-0.0593,-0.0593
3.8138,pi,6.2800,3.3055,-0.0595,-0.0595
3.8184,pi,6.2800,3.2843,-0.0599,-0.0599
3.8234,pi,6.2800,3.3130,-0.0593,-0.0593
3.8284,pi,6.2800,3.3361,-0.0589,-0.0589
3.8335,pi,6.2800,3.3086,-0.0594,-0.0594
3.8384,pi,6.2800,3.3325,-0.0589,-0.0589
3.8434,pi,6.2800,3.3057,-0.0595,-0.0595
3.8484,pi,6.2800,3.2846,-0.0599,-0.0599
3.8535,pi,6.2800,3.3132,-0.0593,-0.0593
3.8584,pi,6.2800,3.2903,-0.0598,-0.0598
3.8634,pi,6.2800,3.2722,-0.0602,-0.0602
3.8684,pi,6.2800,3.3044,-0.0595,-0.0595
3.8735,pi,6.2800,3.2968,-0.0597,-0.0597
3.8784,pi,6.2800,3.3410,-0.0588,-0.0588
3.8834,pi,6.2800,3.3582,-0.0584,-0.0584
3.8884,pi,6.2800,3.3399,-0.0588,-0.0588
3.8933,pi,6.2800,3.3574,-0.0585,-0.0585
3.8985,pi,6.2800,3.3896,-0.0578,-0.0578
3.9034,pi,6.2800,3.3649,-0.0583,-0.0583
3.9084,pi,6.2800,3.3773,-0.0581,-0.0581
3.9134,pi,6.2800,3.3874,-0.0579,-0.0579
3.9184,pi,6.2800,3.3954,-0.0577,-0.0577
3.9234,pi,6.2800,3.3561,-0.0585,-0.0585
3.9284,pi,6.2800,3.3705,-0.0582,-0.0582
3.9334,pi,6.2800,3.3361,-0.0589,-0.0589
3.9385,pi,6.2800,3.3724,-0.0582,-0.0582
3.9434,pi,6.2800,3.3514,-0.0586,-0.0586
3.9484,pi,6.2800,3.3343,-0.0589,-0.0589
3.9534,pi,6.2800,3.3528,-0.0585,-0.0585
3.9584,pi,6.2800,3.3679,-0.0582,-0.0582
3.9634,pi,6.2800,3.3477,-0.0586,-0.0586
3.9684,pi,6.2800,3.3315,-0.0590,-0.0590
3.9734,pi,6.2800,3.3689,-0.0582,-0.0582
3.9784,pi,6.2800,3.3486,-0.0586,-0.0586
3.9835,pi,6.2800,3.3323,-0.0590,-0.0590
3.9884,pi,6.2800,3.3513,-0.0586,-0.0586
3.9934,pi,6.2800,3.3344,-0.0589,-0.0589
3.9984,pi,6.2800,3.3074,-0.0595,-0.0595
4.0034,pi,6.2800,3.3315,-0.0590,-0.0590
4.0085,pi,6.2800,3.3186,-0.0592,-0.0592
4.0135,pi,6.2800,3.3081,-0.0594,-0.0594
4.0184,pi,6.2800,3.3319,-0.0590,-0.0590
4.0234,pi,6.2800,3.3510,-0.0586,-0.0586
4.0284,pi,6.2800,3.3664,-0.0583,-0.0583
4.0334,pi,6.2800,3.3785,-0.0580,-0.0580
4.0384,pi,6.2800,3.3561,-0.0585,-0.0585
4.0434,pi,6.2800,3.3886,-0.0578,-0.0578
4.0484,pi,6.2800,3.4146,-0.0573,-0.0573
4.0534,pi,6.2800,3.4170,-0.0573,-0.0573
4.0584,pi,6.2800,3.4191,-0.0572,-0.0572
4.0634,pi,6.2800,3.4208,-0.0572,-0.0572
4.0684,pi,6.2800,3.3900,-0.0578,-0.0578
4.0734,pi,6.2800,3.3654,-0.0583,-0.0583
4.0784,pi,6.2800,3.3458,-0.0587,-0.0587
4.0834,pi,6.2800,3.3300,-0.0590,-0.0590
4.0884,pi,6.2800,3.3494,-0.0586,-0.0586
4.0934,pi,6.2800,3.3650,-0.0583,-0.0583
4.0984,pi,6.2800,3.3454,-0.0587,-0.0587
4.1034,pi,6.2800,3.3617,-0.0584,-0.0584
4.1085,pi,6.2800,3.3424,-0.0588,-0.0588
4.1138,pi,6.2800,3.3268,-0.0591,-0.0591
4.1184,pi,6.2800,3.3648,-0.0583,-0.0583
4.1234,pi,6.2800,3.3772,-0.0581,-0.0581
4.1284,pi,6.2800,3.3553,-0.0585,-0.0585
4.1335,pi,6.2800,3.3376,-0.0588,-0.0588
4.1387,pi,6.2800,3.3233,-0.0591,-0.0591
4.1435,pi,6.2800,3.3114,-0.0594,-0.0594
4.1492,pi,6.2800,3.3021,-0.0596,-0.0596
4.1543,pi,6.2800,3.2949,-0.0597,-0.0597
4.1584,pi,6.2800,3.2756,-0.0601,-0.0601
4.1635,pi,6.2800,3.2601,-0.0604,-0.0604
4.1684,pi,6.2800,3.2939,-0.0597,-0.0597
4.1734,pi,6.2800,3.2752,-0.0601,-0.0601
4.1784,pi,6.2800,3.3058,-0.0595,-0.0595
4.1837,pi,6.2800,3.3482,-0.0586,-0.0586
4.1884,pi,6.2800,3.3317,-0.0590,-0.0590
4.1934,pi,6.2800,3.3510,-0.0586,-0.0586
4.1984,pi,6.2800,3.3668,-0.0583,-0.0583
4.2033,pi,6.2800,3.3795,-0.0580,-0.0580
4.2084,pi,6.2800,3.3894,-0.0578,-0.0578
4.2134,pi,6.2800,3.3972,-0.0577,-0.0577
4.2184,pi,6.2800,3.3712,-0.0582,-0.0582
4.2234,pi,6.2800,3.3824,-0.0580,-0.0580
4.2284,pi,6.2800,3.3593,-0.0584,-0.0584
4.2334,pi,6.2800,3.3270,-0.0591,-0.0591
4.2384,pi,6.2800,3.3473,-0.0587,-0.0587
4.2435,pi,6.2800,3.3312,-0.0590,-0.0590
4.2484,pi,6.2800,3.3047,-0.0595,-0.0595
4.2534,pi,6.2800,3.3474,-0.0587,-0.0587
4.2586,pi,6.2800,3.3311,-0.0590,-0.0590
4.2634,pi,6.2800,3.3180,-0.0592,-0.0592
4.2686,pi,6.2800,3.3577,-0.0584,-0.0584
4.2734,pi,6.2800,3.3396,-0.0588,-0.0588
4.2783,pi,6.2800,3.3115,-0.0594,-0.0594
4.2835,pi,6.2800,3.3529,-0.0585,-0.0585
4.2883,pi,6.2800,3.3677,-0.0582,-0.0582
4.2934,pi,6.2800,3.3475,-0.0586,-0.0586
4.2984,pi,6.2800,3.3815,-0.0580,-0.0580
4.3034,pi,6.2800,3.3586,-0.0584,-0.0584
4.3084,pi,6.2800,3.3400,-0.0588,-0.0588
4.3134,pi,6.2800,3.3574,-0.0585,-0.0585
4.3184,pi,6.2800,3.3714,-0.0582,-0.0582
4.3234,pi,6.2800,3.3505,-0.0586,-0.0586
4.3285,pi,6.2800,3.3839,-0.0579,-0.0579
4.3334,pi,6.2800,3.3924,-0.0578,-0.0578
4.3385,pi,6.2800,3.3673,-0.0583,-0.0583
4.3434,pi,6.2800,3.3335,-0.0589,-0.0589
4.3485,pi,6.2800,3.2607,-0.0604,-0.0604
4.3534,pi,6.2800,3.1615,-0.0624,-0.0624
4.3584,pi,6.2800,3.0321,-0.0650,-0.0650
4.3634,pi,6.2800,2.8273,-0.0691,-0.0691
4.3684,pi,6.2800,2.6275,-0.0731,-0.0731
4.3735,pi,6.2800,2.4035,-0.0775,-0.0775
4.3784,pi,6.2800,2.1238,-0.0831,-0.0831
4.3836,pi,6.2800,1.8487,-0.0886,-0.0886
4.3890,pi,6.2800,1.5802,-0.0940,-0.0940
4.3934,pi,6.2800,1.3151,-0.0993,-0.0993
4.3983,pi,6.2800,1.1439,-0.1027,-0.1027
4.4033,pi,6.2800,1.0065,-0.1055,-0.1055
4.4084,pi,6.2800,0.8509,-0.1086,-0.1086
4.4134,pi,6.2800,0.7264,-0.1111,-0.1111
4.4184,pi,6.2800,0.6269,-0.1131,-0.1131
4.4234,pi,6.2800,0.5472,-0.1147,-0.1147
4.4284,pi,6.2800,0.4836,-0.1159,-0.1159
4.4334,pi,6.2800,0.4325,-0.1169,-0.1169
4.4384,pi,6.2800,0.3918,-0.1178,-0.1178
4.4434,pi,6.2800,0.3591,-0.1184,-0.1184
4.4484,pi,6.2800,0.2873,-0.1199,-0.1199
4.4534,pi,6.2800,0.2294,-0.1210,-0.1210
4.4584,pi,6.2800,0.1838,-0.1219,-0.1219
4.4634,pi,6.2800,0.1469,-0.1227,-0.1227
4.4684,pi,6.2800,0.1176,-0.1232,-0.1232
4.4734,pi,6.2800,0.0940,-0.1237,-0.1237
4.4784,pi,6.2800,0.0753,-0.1241,-0.1241
4.4834,pi,6.2800,0.0602,-0.1244,-0.1244
4.4884,pi,6.2800,0.0482,-0.1246,-0.1246
4.4934,pi,6.2800,0.0385,-0.1248,-0.1248
4.4984,pi,6.2800,0.0308,-0.1250,-0.1250
4.5034,pi,6.2800,0.0247,-0.1251,-0.1251
4.5084,pi,6.2800,0.0197,-0.1252,-0.1252
4.5134,pi,6.2800,0.0158,-0.1253,-0.1253
4.5184,pi,6.2800,0.0583,-0.1244,-0.1244
4.5235,pi,6.2800,0.0923,-0.1238,-0.1238
4.5284,pi,6.2800,0.1241,-0.1231,-0.1231
4.5334,pi,6.2800,0.1495,-0.1226,-0.1226
4.5384,pi,6.2800,0.1653,-0.1223,-0.1223
4.5434,pi,6.2800,0.2237,-0.1211,-0.1211
4.5484,pi,6.2800,0.2796,-0.1200,-0.1200
4.5534,pi,6.2800,0.3606,-0.1184,-0.1184
4.5584,pi,6.2800,0.4712,-0.1162,-0.1162
4.5634,pi,6.2800,0.6057,-0.1135,-0.1135
4.5684,pi,6.2800,0.8041,-0.1095,-0.1095
4.5734,pi,6.2800,0.9633,-0.1063,-0.1063
4.5784,pi,6.2800,1.2228,-0.1011,-0.1011
4.5834,pi,6.2800,1.5314,-0.0950,-0.0950
4.5884,pi,6.2800,1.8284,-0.0890,-0.0890
4.5934,pi,6.2800,2.1161,-0.0833,-0.0833
4.5984,pi,6.2800,2.3780,-0.0780,-0.0780
4.6034,pi,6.2800,2.6793,-0.0720,-0.0720
4.6084,pi,6.2800,2.9981,-0.0656,-0.0656
4.6134,pi,6.2800,3.2666,-0.0603,-0.0603
4.6184,pi,6.2800,3.4677,-0.0562,-0.0562
4.6234,pi,6.2800,3.6423,-0.0528,-0.0528
4.6285,pi,6.2800,3.7683,-0.0502,-0.0502
4.6336,pi,6.2800,3.8692,-0.0482,-0.0482
4.6385,pi,6.2800,3.9495,-0.0466,-0.0466
4.6435,pi,6.2800,4.0276,-0.0450,-0.0450
4.6484,pi,6.2800,4.0264,-0.0451,-0.0451
4.6534,pi,6.2800,3.9749,-0.0461,-0.0461
4.6584,pi,6.2800,3.8832,-0.0479,-0.0479
4.6634,pi,6.2800,3.8104,-0.0494,-0.0494
4.6684,pi,6.2800,3.7339,-0.0509,-0.0509
4.6734,pi,6.2800,3.6403,-0.0528,-0.0528
4.6784,pi,6.2800,3.5979,-0.0536,-0.0536
4.6834,pi,6.2800,3.5637,-0.0543,-0.0543
4.6885,pi,6.2800,3.4909,-0.0558,-0.0558
4.6934,pi,6.2800,3.4462,-0.0567,-0.0567
4.6984,pi,6.2800,3.4103,-0.0574,-0.0574
4.7034,pi,6.2800,3.3680,-0.0582,-0.0582
4.7085,pi,6.2800,3.3799,-0.0580,-0.0580
4.7134,pi,6.2800,3.3573,-0.0585,-0.0585
4.7184,pi,6.2800,3.3393,-0.0588,-0.0588
4.7234,pi,6.2800,3.3568,-0.0585,-0.0585
4.7284,pi,6.2800,3.3711,-0.0582,-0.0582
4.7335,pi,6.2800,3.3503,-0.0586,-0.0586
4.7384,pi,6.2800,3.3839,-0.0579,-0.0579
4.7434,pi,6.2800,3.3606,-0.0584,-0.0584
4.7484,pi,6.2800,3.3283,-0.0590,-0.0590
4.7534,pi,6.2800,3.3483,-0.0586,-0.0586
4.7584,pi,6.2800,3.3643,-0.0583,-0.0583
4.7634,pi,6.2800,3.3313,-0.0590,-0.0590
4.7684,pi,6.2800,3.3049,-0.0595,-0.0595
4.7734,pi,6.2800,3.2838,-0.0599,-0.0599
4.7785,pi,6.2800,3.2804,-0.0600,-0.0600
4.7834,pi,6.2800,3.2777,-0.0600,-0.0600
4.7884,pi,6.2800,3.2252,-0.0611,-0.0611
4.7934,pi,6.2800,3.2201,-0.0612,-0.0612
4.7984,pi,6.2800,3.2295,-0.0610,-0.0610
4.8034,pi,6.2800,3.1865,-0.0619,-0.0619
4.8084,pi,6.2800,3.2024,-0.0616,-0.0616
4.8134,pi,6.2800,3.2149,-0.0613,-0.0613
4.8184,pi,6.2800,3.2253,-0.0611,-0.0611
4.8234,pi,6.2800,3.2838,-0.0599,-0.0599
4.8283,pi,6.2800,3.3125,-0.0594,-0.0594
4.8334,pi,6.2800,3.2898,-0.0598,-0.0598
4.8384,pi,6.2800,3.3174,-0.0593,-0.0593
4.8434,pi,6.2800,3.3397,-0.0588,-0.0588
4.8484,pi,6.2800,3.3573,-0.0585,-0.0585
4.8534,pi,6.2800,3.3713,-0.0582,-0.0582
4.8584,pi,6.2800,3.3827,-0.0579,-0.0579
4.8634,pi,6.2800,3.3918,-0.0578,-0.0578
4.8684,pi,6.2800,3.3994,-0.0576,-0.0576
4.8734,pi,6.2800,3.4050,-0.0575,-0.0575
4.8784,pi,6.2800,3.4098,-0.0574,-0.0574
4.8834,pi,6.2800,3.4132,-0.0573,-0.0573
4.8884,pi,6.2800,3.4159,-0.0573,-0.0573
4.8934,pi,6.2800,3.4183,-0.0572,-0.0572
4.8984,pi,6.2800,3.4201,-0.0572,-0.0572
4.9034,pi,6.2800,3.3759,-0.0581,-0.0581
4.9084,pi,6.2800,3.3540,-0.0585,-0.0585
4.9134,pi,6.2800,3.3367,-0.0589,-0.0589
4.9183,pi,6.2800,3.3091,-0.0594,-0.0594
4.9234,pi,6.2800,3.2871,-0.0599,-0.0599
4.9284,pi,6.2800,3.2830,-0.0599,-0.0599
4.9333,pi,6.2800,3.2661,-0.0603,-0.0603
4.9384,pi,6.2800,3.2525,-0.0606,-0.0606
4.9434,pi,6.2800,3.2552,-0.0605,-0.0605
4.9484,pi,6.2800,3.2574,-0.0605,-0.0605
4.9534,pi,6.2800,3.2592,-0.0604,-0.0604
4.9584,pi,6.2800,3.3110,-0.0594,-0.0594
4.9634,pi,6.2800,3.3019,-0.0596,-0.0596
4.9684,pi,6.2800,3.2948,-0.0597,-0.0597
4.9734,pi,6.2800,3.3393,-0.0588,-0.0588
4.9784,pi,6.2800,3.3246,-0.0591,-0.0591
4.9834,pi,6.2800,3.3129,-0.0593,-0.0593
4.9884,pi,6.2800,3.3538,-0.0585,-0.0585
4.9934,pi,6.2800,3.3365,-0.0589,-0.0589
4.9984,pi,6.2800,3.3090,-0.0594,-0.0594
5.0035,pi,6.2800,3.2502,-0.0606,-0.0606
5.0084,pi,6.2800,3.1532,-0.0625,-0.0625
5.0134,pi,6.2800,3.0708,-0.0642,-0.0642
5.0184,pi,6.2800,2.9594,-0.0664,-0.0664
5.0234,pi,6.2800,2.7696,-0.0702,-0.0702
5.0284,pi,6.2800,2.5817,-0.0740,-0.0740
5.0335,pi,6.2800,2.3663,-0.0783,-0.0783
5.0384,pi,6.2800,2.1674,-0.0823,-0.0823
5.0434,pi,6.2800,1.8847,-0.0879,-0.0879
5.0484,pi,6.2800,1.6068,-0.0935,-0.0935
5.0534,pi,6.2800,1.3778,-0.0980,-0.0980
5.0584,pi,6.2800,1.1526,-0.1025,-0.1025
5.0634,pi,6.2800,0.9220,-0.1072,-0.1072
5.0684,pi,6.2800,0.7377,-0.1108,-0.1108
5.0734,pi,6.2800,0.5900,-0.1138,-0.1138
5.0784,pi,6.2800,0.4723,-0.1162,-0.1162
5.0834,pi,6.2800,0.3777,-0.1180,-0.1180
5.0885,pi,6.2800,0.3021,-0.1196,-0.1196
5.0934,pi,6.2800,0.2417,-0.1208,-0.1208
5.0984,pi,6.2800,0.1934,-0.1217,-0.1217
5.1034,pi,6.2800,0.1547,-0.1225,-0.1225
5.1085,pi,6.2800,0.1237,-0.1231,-0.1231
5.1137,pi,6.2800,0.0989,-0.1236,-0.1236
5.1190,pi,6.2800,0.0791,-0.1240,-0.1240
5.1256,pi,6.2800,0.0590,-0.1244,-0.1244
5.1309,pi,6.2800,0.0470,-0.1247,-0.1247
5.1356,pi,6.2800,0.0407,-0.1248,-0.1248
5.1405,pi,6.2800,0.0323,-0.1250,-0.1250
5.1449,pi,6.2800,0.0261,-0.1251,-0.1251
5.1492,pi,6.2800,0.0208,-0.1252,-0.1252
5.1538,pi,6.2800,0.0167,-0.1253,-0.1253
5.1584,pi,6.2800,0.0134,-0.1253,-0.1253
5.1635,pi,6.2800,0.0107,-0.1254,-0.1254
5.1685,pi,6.2800,0.0542,-0.1245,-0.1245
5.1735,pi,6.2800,0.0891,-0.1238,-0.1238
5.1785,pi,6.2800,0.1186,-0.1232,-0.1232
5.1840,pi,6.2800,0.1423,-0.1228,-0.1228
5.1885,pi,6.2800,0.2053,-0.1215,-0.1215
5.1935,pi,6.2800,0.2560,-0.1205,-0.1205
5.1985,pi,6.2800,0.3418,-0.1188,-0.1188
5.2040,pi,6.2800,0.4750,-0.1161,-0.1161
5.2092,pi,6.2800,0.6312,-0.1130,-0.1130
5.2139,pi,6.2800,0.8064,-0.1095,-0.1095
5.2189,pi,6.2800,0.9969,-0.1057,-0.1057
5.2238,pi,6.2800,1.1995,-0.1016,-0.1016
5.2288,pi,6.2800,1.4602,-0.0964,-0.0964
5.2345,pi,6.2800,1.8012,-0.0896,-0.0896
5.2399,pi,6.2800,2.0972,-0.0837,-0.0837
5.2457,pi,6.2800,2.4319,-0.0770,-0.0770
5.2503,pi,6.2800,2.6153,-0.0733,-0.0733
5.2545,pi,6.2800,2.8684,-0.0682,-0.0682
5.2589,pi,6.2800,3.1502,-0.0626,-0.0626
5.2644,pi,6.2800,3.3746,-0.0581,-0.0581
5.2686,pi,6.2800,3.5678,-0.0542,-0.0542
5.2734,pi,6.2800,3.7224,-0.0512,-0.0512
5.2784,pi,6.2800,3.8469,-0.0487,-0.0487
5.2835,pi,6.2800,3.9459,-0.0467,-0.0467
5.2885,pi,6.2800,3.9923,-0.0458,-0.0458
5.2936,pi,6.2800,3.9891,-0.0458,-0.0458
5.2985,pi,6.2800,3.9479,-0.0466,-0.0466
5.3034,pi,6.2800,3.9357,-0.0469,-0.0469
5.3084,pi,6.2800,3.8799,-0.0480,-0.0480
5.3134,pi,6.2800,3.7899,-0.0498,-0.0498
5.3184,pi,6.2800,3.7179,-0.0512,-0.0512
5.3235,pi,6.2800,3.6277,-0.0530,-0.0530
5.3284,pi,6.2800,3.5422,-0.0548,-0.0548
5.3335,pi,6.2800,3.4366,-0.0569,-0.0569
5.3384,pi,6.2800,3.4027,-0.0575,-0.0575
5.3434,pi,6.2800,3.3620,-0.0584,-0.0584
5.3484,pi,6.2800,3.3754,-0.0581,-0.0581
5.3534,pi,6.2800,3.3537,-0.0585,-0.0585
5.3585,pi,6.2800,3.3363,-0.0589,-0.0589
5.3634,pi,6.2800,3.3545,-0.0585,-0.0585
5.3684,pi,6.2800,3.3691,-0.0582,-0.0582
5.3734,pi,6.2800,3.4264,-0.0571,-0.0571
5.3784,pi,6.2800,3.4268,-0.0571,-0.0571
5.3835,pi,6.2800,3.4268,-0.0571,-0.0571
5.3884,pi,6.2800,3.4727,-0.0561,-0.0561
5.3934,pi,6.2800,3.4637,-0.0563,-0.0563
5.3984,pi,6.2800,3.4243,-0.0571,-0.0571
5.4034,pi,6.2800,3.3792,-0.0580,-0.0580
5.4085,pi,6.2800,3.3431,-0.0587,-0.0587
5.4134,pi,6.2800,3.3601,-0.0584,-0.0584
5.4184,pi,6.2800,3.3278,-0.0590,-0.0590
5.4234,pi,6.2800,3.3021,-0.0596,-0.0596
5.4284,pi,6.2800,3.2815,-0.0600,-0.0600
5.4334,pi,6.2800,3.2787,-0.0600,-0.0600
5.4384,pi,6.2800,3.2261,-0.0611,-0.0611
5.4434,pi,6.2800,3.1750,-0.0621,-0.0621
5.4484,pi,6.2800,3.1797,-0.0620,-0.0620
5.4534,pi,6.2800,3.1972,-0.0617,-0.0617
5.4584,pi,6.2800,3.2109,-0.0614,-0.0614
5.4634,pi,6.2800,3.2221,-0.0612,-0.0612
5.4684,pi,6.2800,3.2310,-0.0610,-0.0610
5.4734,pi,6.2800,3.2382,-0.0608,-0.0608
5.4784,pi,6.2800,3.2440,-0.0607,-0.0607
5.4834,pi,6.2800,3.2348,-0.0609,-0.0609
5.4885,pi,6.2800,3.2916,-0.0598,-0.0598
5.4934,pi,6.2800,3.3369,-0.0589,-0.0589
5.4984,pi,6.2800,3.3229,-0.0591,-0.0591
5.5034,pi,6.2800,3.3437,-0.0587,-0.0587
5.5085,pi,6.2800,3.3605,-0.0584,-0.0584
5.5134,pi,6.2800,3.3417,-0.0588,-0.0588
5.5184,pi,6.2800,3.3588,-0.0584,-0.0584
5.5234,pi,6.2800,3.3725,-0.0581,-0.0581
5.5285,pi,6.2800,3.3515,-0.0586,-0.0586
5.5334,pi,6.2800,3.3665,-0.0583,-0.0583
5.5384,pi,6.2800,3.3786,-0.0580,-0.0580
5.5435,pi,6.2800,3.3563,-0.0585,-0.0585
5.5484,pi,6.2800,3.3705,-0.0582,-0.0582
5.5534,pi,6.2800,3.3498,-0.0586,-0.0586
5.5584,pi,6.2800,3.3332,-0.0589,-0.0589
5.5634,pi,6.2800,3.3520,-0.0586,-0.0586
5.5684,pi,6.2800,3.3672,-0.0583,-0.0583
5.5735,pi,6.2800,3.3470,-0.0587,-0.0587
5.5786,pi,6.2800,3.3809,-0.0580,-0.0580
5.5834,pi,6.2800,3.3581,-0.0584,-0.0584
5.5884,pi,6.2800,3.3263,-0.0591,-0.0591
5.5934,pi,6.2800,3.3466,-0.0587,-0.0587
5.5983,pi,6.2800,3.3171,-0.0593,-0.0593
5.6034,pi,6.2800,3.2479,-0.0606,-0.0606
5.6084,pi,6.2800,3.1467,-0.0627,-0.0627
5.6134,pi,6.2800,3.0202,-0.0652,-0.0652
5.6184,pi,6.2800,2.8275,-0.0690,-0.0690
5.6234,pi,6.2800,2.6279,-0.0730,-0.0730
5.6284,pi,6.2800,2.4226,-0.0771,-0.0771
5.6334,pi,6.2800,2.1663,-0.0823,-0.0823
5.6384,pi,6.2800,1.9157,-0.0873,-0.0873
5.6434,pi,6.2800,1.6702,-0.0922,-0.0922
5.6484,pi,6.2800,1.3813,-0.0980,-0.0980
5.6534,pi,6.2800,1.1509,-0.1026,-0.1026
5.6583,pi,6.2800,0.9206,-0.1072,-0.1072
5.6634,pi,6.2800,0.7367,-0.1109,-0.1109
5.6684,pi,6.2800,0.5888,-0.1138,-0.1138
5.6735,pi,6.2800,0.4709,-0.1162,-0.1162
5.6784,pi,6.2800,0.3770,-0.1181,-0.1181
5.6835,pi,6.2800,0.3014,-0.1196,-0.1196
5.6885,pi,6.2800,0.2410,-0.1208,-0.1208
5.6935,pi,6.2800,0.1930,-0.1217,-0.1217
5.6984,pi,6.2800,0.1543,-0.1225,-0.1225
5.7035,pi,6.2800,0.1235,-0.1231,-0.1231
5.7084,pi,6.2800,0.0988,-0.1236,-0.1236
5.7135,pi,6.2800,0.0790,-0.1240,-0.1240
5.7184,pi,6.2800,0.0632,-0.1243,-0.1243
5.7234,pi,6.2800,0.0506,-0.1246,-0.1246
5.7285,pi,6.2800,0.0405,-0.1248,-0.1248
5.7334,pi,6.2800,0.0324,-0.1250,-0.1250
5.7383,pi,6.2800,0.0259,-0.1251,-0.1251
5.7434,pi,6.2800,0.0207,-0.1252,-0.1252
5.7484,pi,6.2800,0.0166,-0.1253,-0.1253
5.7534,pi,6.2800,0.0133,-0.1253,-0.1253
5.7584,pi,6.2800,0.0106,-0.1254,-0.1254
5.7634,pi,6.2800,0.0085,-0.1254,-0.1254
5.7684,pi,6.2800,0.0068,-0.1255,-0.1255
5.7734,pi,6.2800,0.0054,-0.1255,-0.1255
5.7784,pi,6.2800,0.0043,-0.1255,-0.1255
5.7835,pi,6.2800,0.0035,-0.1255,-0.1255
5.7884,pi,6.2800,0.0028,-0.1255,-0.1255
5.7934,pi,6.2800,0.0022,-0.1256,-0.1256
5.7984,pi,6.2800,0.0018,-0.1256,-0.1256
5.8034,pi,6.2800,0.0014,-0.1256,-0.1256
5.8085,pi,6.2800,0.0011,-0.1256,-0.1256
5.8135,pi,6.2800,0.0009,-0.1256,-0.1256
5.8184,pi,6.2800,0.0007,-0.1256,-0.1256
5.8234,pi,6.2800,0.0006,-0.1256,-0.1256
5.8284,pi,6.2800,0.0005,-0.1256,-0.1256
5.8334,pi,6.2800,0.0004,-0.1256,-0.1256
5.8384,pi,6.2800,0.0003,-0.1256,-0.1256
5.8434,pi,6.2800,0.0002,-0.1256,-0.1256
5.8484,pi,6.2800,0.0002,-0.1256,-0.1256
5.8535,pi,6.2800,0.0002,-0.1256,-0.1256
5.8584,pi,6.2800,0.0001,-0.1256,-0.1256
5.8634,pi,6.2800,0.0001,-0.1256,-0.1256
5.8684,pi,6.2800,0.0001,-0.1256,-0.1256
5.8734,pi,6.2800,0.0001,-0.1256,-0.1256
5.8784,pi,6.2800,0.0001,-0.1256,-0.1256
5.8836,pi,6.2800,0.0000,-0.1256,-0.1256
5.8884,pi,6.2800,0.0000,-0.1256,-0.1256
5.8934,pi,6.2800,0.0000,-0.1256,-0.1256
5.8984,pi,6.2800,0.0000,-0.1256,-0.1256
5.9034,pi,6.2800,0.0000,-0.1256,-0.1256
5.9085,pi,6.2800,0.0000,-0.1256,-0.1256
5.9134,pi,6.2800,0.0000,-0.1256,-0.1256
5.9184,pi,6.2800,0.0000,-0.1256,-0.1256
5.9234,pi,6.2800,0.0000,-0.1256,-0.1256
5.9284,pi,6.2800,0.0000,-0.1256,-0.1256
5.9334,pi,6.2800,0.0000,-0.1256,-0.1256
5.9384,pi,6.2800,0.0000,-0.1256,-0.1256
5.9434,pi,6.2800,0.0000,-0.1256,-0.1256
5.9484,pi,6.2800,0.0000,-0.1256,-0.1256
5.9534,pi,6.2800,0.0000,-0.1256,-0.1256
5.9583,pi,6.2800,0.0000,-0.1256,-0.1256
5.9634,pi,6.2800,0.0000,-0.1256,-0.1256
5.9684,pi,6.2800,0.0457,-0.1247,-0.1247
5.9734,pi,6.2800,0.0823,-0.1240,-0.1240
5.9784,pi,6.2800,0.1161,-0.1233,-0.1233
5.9834,pi,6.2800,0.1842,-0.1219,-0.1219
5.9884,pi,6.2800,0.2480,-0.1206,-0.1206
5.9934,pi,6.2800,0.3492,-0.1186,-0.1186
5.9984,pi,6.2800,0.4802,-0.1160,-0.1160
6.0034,pi,6.2800,0.6356,-0.1129,-0.1129
6.0084,pi,6.2800,0.8603,-0.1084,-0.1084
6.0134,pi,6.2800,1.1405,-0.1028,-0.1028
6.0184,pi,6.2800,1.3647,-0.0983,-0.0983
6.0234,pi,6.2800,1.6445,-0.0927,-0.0927
6.0284,pi,6.2800,1.9094,-0.0874,-0.0874
6.0335,pi,6.2800,2.1814,-0.0820,-0.0820
6.0384,pi,6.2800,2.4994,-0.0756,-0.0756
6.0434,pi,6.2800,2.8043,-0.0695,-0.0695
6.0484,pi,6.2800,3.0966,-0.0637,-0.0637
6.0534,pi,6.2800,3.3454,-0.0587,-0.0587
6.0585,pi,6.2800,3.5310,-0.0550,-0.0550
6.0634,pi,6.2800,3.6793,-0.0520,-0.0520
6.0686,pi,6.2800,3.7978,-0.0496,-0.0496
6.0739,pi,6.2800,3.8922,-0.0478,-0.0478
6.0788,pi,6.2800,3.9176,-0.0472,-0.0472
6.0838,pi,6.2800,3.9883,-0.0458,-0.0458
6.0885,pi,6.2800,3.9949,-0.0457,-0.0457
6.0933,pi,6.2800,3.9728,-0.0461,-0.0461
6.0985,pi,6.2800,3.8817,-0.0480,-0.0480
6.1034,pi,6.2800,3.8092,-0.0494,-0.0494
6.1084,pi,6.2800,3.7510,-0.0506,-0.0506
6.1134,pi,6.2800,3.6861,-0.0519,-0.0519
6.1185,pi,6.2800,3.6343,-0.0529,-0.0529
6.1236,pi,6.2800,3.5928,-0.0537,-0.0537
6.1284,pi,6.2800,3.5146,-0.0553,-0.0553
6.1334,pi,6.2800,3.4972,-0.0557,-0.0557
6.1384,pi,6.2800,3.4378,-0.0568,-0.0568
6.1434,pi,6.2800,3.4036,-0.0575,-0.0575
6.1484,pi,6.2800,3.4083,-0.0574,-0.0574
6.1535,pi,6.2800,3.3801,-0.0580,-0.0580
6.1584,pi,6.2800,3.3573,-0.0585,-0.0585
6.1636,pi,6.2800,3.3894,-0.0578,-0.0578
6.1685,pi,6.2800,3.3650,-0.0583,-0.0583
6.1734,pi,6.2800,3.3774,-0.0581,-0.0581
6.1784,pi,6.2800,3.3877,-0.0578,-0.0578
6.1835,pi,6.2800,3.3635,-0.0583,-0.0583
6.1885,pi,6.2800,3.3943,-0.0577,-0.0577
6.1934,pi,6.2800,3.4008,-0.0576,-0.0576
6.1985,pi,6.2800,3.3740,-0.0581,-0.0581
6.2034,pi,6.2800,3.3526,-0.0585,-0.0585
6.2086,pi,6.2800,3.3355,-0.0589,-0.0589
6.2135,pi,6.2800,3.3218,-0.0592,-0.0592
6.2184,pi,6.2800,3.2975,-0.0597,-0.0597
6.2234,pi,6.2800,3.2778,-0.0600,-0.0600
6.2284,pi,6.2800,3.2167,-0.0613,-0.0613
6.2335,pi,6.2800,3.2131,-0.0613,-0.0613
6.2384,pi,6.2800,3.2102,-0.0614,-0.0614
6.2434,pi,6.2800,3.1624,-0.0624,-0.0624
6.2484,pi,6.2800,3.1697,-0.0622,-0.0622
6.2535,pi,6.2800,3.1755,-0.0621,-0.0621
6.2585,pi,6.2800,3.1939,-0.0617,-0.0617
6.2634,pi,6.2800,3.2406,-0.0608,-0.0608
6.2685,pi,6.2800,3.2326,-0.0609,-0.0609
6.2737,pi,6.2800,3.2898,-0.0598,-0.0598
6.2789,pi,6.2800,3.3351,-0.0589,-0.0589
6.2841,pi,6.2800,3.3708,-0.0582,-0.0582
6.2890,pi,6.2800,3.3994,-0.0576,-0.0576
6.2938,pi,6.2800,3.4225,-0.0571,-0.0571
6.2989,pi,6.2800,3.4410,-0.0568,-0.0568
6.3039,pi,6.2800,3.4561,-0.0565,-0.0565
6.3093,pi,6.2800,3.4649,-0.0563,-0.0563
6.3136,pi,6.2800,3.4746,-0.0561,-0.0561
6.3187,pi,6.2800,3.4831,-0.0559,-0.0559
6.3242,pi,6.2800,3.4393,-0.0568,-0.0568
6.3287,pi,6.2800,3.4549,-0.0565,-0.0565
6.3334,pi,6.2800,3.4494,-0.0566,-0.0566
6.3384,pi,6.2800,3.4004,-0.0576,-0.0576
6.3434,pi,6.2800,3.4065,-0.0575,-0.0575
6.3484,pi,6.2800,3.4112,-0.0574,-0.0574
6.3534,pi,6.2800,3.3693,-0.0582,-0.0582
6.3584,pi,6.2800,3.3813,-0.0580,-0.0580
6.3634,pi,6.2800,3.3943,-0.0577,-0.0577
6.3684,pi,6.2800,3.3556,-0.0585,-0.0585
6.3734,pi,6.2800,3.3702,-0.0582,-0.0582
6.3785,pi,6.2800,3.3821,-0.0580,-0.0580
6.3834,pi,6.2800,3.3459,-0.0587,-0.0587
6.3884,pi,6.2800,3.3624,-0.0584,-0.0584
6.3934,pi,6.2800,3.3434,-0.0587,-0.0587
6.3984,pi,6.2800,3.3281,-0.0590,-0.0590
6.4034,pi,6.2800,3.3479,-0.0586,-0.0586
6.4084,pi,6.2800,3.3639,-0.0583,-0.0583
6.4134,pi,6.2800,3.3308,-0.0590,-0.0590
6.4184,pi,6.2800,3.3502,-0.0586,-0.0586
6.4234,pi,6.2800,3.3656,-0.0583,-0.0583
6.4284,pi,6.2800,3.3324,-0.0590,-0.0590
6.4334,pi,6.2800,3.3515,-0.0586,-0.0586
6.4384,pi,6.2800,3.3345,-0.0589,-0.0589
6.4434,pi,6.2800,3.3210,-0.0592,-0.0592
6.4484,pi,6.2800,3.3423,-0.0588,-0.0588
6.4534,pi,6.2800,3.3272,-0.0591,-0.0591
6.4584,pi,6.2800,3.3152,-0.0593,-0.0593
6.4634,pi,6.2800,3.3375,-0.0588,-0.0588
6.4684,pi,6.2800,3.3555,-0.0585,-0.0585
6.4734,pi,6.2800,3.3377,-0.0588,-0.0588
6.4784,pi,6.2800,3.3738,-0.0581,-0.0581
6.4836,pi,6.2800,3.3522,-0.0586,-0.0586
6.4885,pi,6.2800,3.3349,-0.0589,-0.0589
6.4940,pi,6.2800,3.3713,-0.0582,-0.0582
6.4991,pi,6.2800,3.3502,-0.0586,-0.0586
6.5037,pi,6.2800,3.3334,-0.0589,-0.0589
6.5084,pi,6.2800,3.3701,-0.0582,-0.0582
6.5133,pi,6.2800,3.3815,-0.0580,-0.0580
6.5184,pi,6.2800,3.3907,-0.0578,-0.0578
6.5235,pi,6.2800,3.4163,-0.0573,-0.0573
6.5285,pi,6.2800,3.3864,-0.0579,-0.0579
6.5333,pi,6.2800,3.3945,-0.0577,-0.0577
6.5384,pi,6.2800,3.4012,-0.0576,-0.0576
6.5435,pi,6.2800,3.4067,-0.0575,-0.0575
6.5484,pi,6.2800,3.4112,-0.0574,-0.0574
6.5534,pi,6.2800,3.4147,-0.0573,-0.0573
6.5584,pi,6.2800,3.4174,-0.0573,-0.0573
6.5634,pi,6.2800,3.4377,-0.0568,-0.0568
6.5684,pi,6.2800,3.4036,-0.0575,-0.0575
6.5734,pi,6.2800,3.3624,-0.0584,-0.0584
6.5784,pi,6.2800,3.3755,-0.0581,-0.0581
6.5834,pi,6.2800,3.3538,-0.0585,-0.0585
6.5884,pi,6.2800,3.3866,-0.0579,-0.0579
6.5934,pi,6.2800,3.4130,-0.0573,-0.0573
6.5984,pi,6.2800,3.3836,-0.0579,-0.0579
6.6035,pi,6.2800,3.4105,-0.0574,-0.0574
6.6083,pi,6.2800,3.4139,-0.0573,-0.0573
6.6134,pi,6.2800,3.4166,-0.0573,-0.0573
6.6184,pi,6.2800,3.4188,-0.0572,-0.0572
6.6234,pi,6.2800,3.4205,-0.0572,-0.0572
6.6284,pi,6.2800,3.4220,-0.0572,-0.0572
6.6334,pi,6.2800,3.4230,-0.0571,-0.0571
6.6384,pi,6.2800,3.4239,-0.0571,-0.0571
6.6434,pi,6.2800,3.3790,-0.0580,-0.0580
6.6485,pi,6.2800,3.4070,-0.0575,-0.0575
6.6534,pi,6.2800,3.3790,-0.0580,-0.0580
6.6584,pi,6.2800,3.3565,-0.0585,-0.0585
6.6634,pi,6.2800,3.3887,-0.0578,-0.0578
6.6684,pi,6.2800,3.3642,-0.0583,-0.0583
6.6735,pi,6.2800,3.3435,-0.0587,-0.0587
6.6784,pi,6.2800,3.3779,-0.0580,-0.0580
6.6834,pi,6.2800,3.3556,-0.0585,-0.0585
6.6884,pi,6.2800,3.3379,-0.0588,-0.0588
6.6934,pi,6.2800,3.3739,-0.0581,-0.0581
6.6984,pi,6.2800,3.3844,-0.0579,-0.0579
6.7035,pi,6.2800,3.3609,-0.0584,-0.0584
6.7084,pi,6.2800,3.3923,-0.0578,-0.0578
6.7134,pi,6.2800,3.3993,-0.0576,-0.0576
6.7184,pi,6.2800,3.3593,-0.0584,-0.0584
6.7234,pi,6.2800,3.3729,-0.0581,-0.0581
6.7285,pi,6.2800,3.3517,-0.0586,-0.0586
6.7335,pi,6.2800,3.3347,-0.0589,-0.0589
6.7385,pi,6.2800,3.3713,-0.0582,-0.0582
6.7433,pi,6.2800,3.3825,-0.0580,-0.0580
6.7484,pi,6.2800,3.3459,-0.0587,-0.0587
6.7534,pi,6.2800,3.3622,-0.0584,-0.0584
6.7584,pi,6.2800,3.3754,-0.0581,-0.0581
6.7635,pi,6.2800,3.3537,-0.0585,-0.0585
6.7684,pi,6.2800,3.3685,-0.0582,-0.0582
6.7734,pi,6.2800,3.3804,-0.0580,-0.0580
6.7785,pi,6.2800,3.3444,-0.0587,-0.0587
6.7835,pi,6.2800,3.3793,-0.0580,-0.0580
6.7884,pi,6.2800,3.3890,-0.0578,-0.0578
6.7935,pi,6.2800,3.3645,-0.0583,-0.0583
6.7984,pi,6.2800,3.3950,-0.0577,-0.0577
6.8034,pi,6.2800,3.3695,-0.0582,-0.0582
6.8085,pi,6.2800,3.3486,-0.0586,-0.0586
6.8134,pi,6.2800,3.3642,-0.0583,-0.0583
6.8185,pi,6.2800,3.3448,-0.0587,-0.0587
6.8234,pi,6.2800,3.3795,-0.0580,-0.0580
6.8284,pi,6.2800,3.4072,-0.0575,-0.0575
6.8334,pi,6.2800,3.4110,-0.0574,-0.0574
6.8385,pi,6.2800,3.4145,-0.0573,-0.0573
6.8434,pi,6.2800,3.4171,-0.0573,-0.0573
6.8485,pi,6.2800,3.4192,-0.0572,-0.0572
6.8535,pi,6.2800,3.3887,-0.0578,-0.0578
6.8584,pi,6.2800,3.3509,-0.0586,-0.0586
6.8635,pi,6.2800,3.2334,-0.0609,-0.0609
6.8684,pi,6.2800,3.1398,-0.0628,-0.0628
6.8734,pi,6.2800,3.0143,-0.0653,-0.0653
6.8784,pi,6.2800,2.9143,-0.0673,-0.0673
6.8834,pi,6.2800,2.8340,-0.0689,-0.0689
6.8884,pi,6.2800,2.7195,-0.0712,-0.0712
6.8934,pi,6.2800,2.6326,-0.0729,-0.0729
6.8984,pi,6.2800,2.5584,-0.0744,-0.0744
6.9034,pi,6.2800,2.5037,-0.0755,-0.0755
6.9084,pi,6.2800,2.5056,-0.0755,-0.0755
6.9134,pi,6.2800,2.5071,-0.0755,-0.0755
6.9184,pi,6.2800,2.6088,-0.0734,-0.0734
6.9234,pi,6.2800,2.7268,-0.0711,-0.0711
6.9284,pi,6.2800,2.8212,-0.0692,-0.0692
6.9334,pi,6.2800,2.9608,-0.0664,-0.0664
6.9384,pi,6.2800,3.0724,-0.0642,-0.0642
6.9434,pi,6.2800,3.2118,-0.0614,-0.0614
6.9484,pi,6.2800,3.3461,-0.0587,-0.0587
6.9534,pi,6.2800,3.4996,-0.0556,-0.0556
6.9584,pi,6.2800,3.6678,-0.0522,-0.0522
6.9634,pi,6.2800,3.8026,-0.0495,-0.0495
6.9684,pi,6.2800,4.0016,-0.0456,-0.0456
6.9734,pi,6.2800,4.2067,-0.0415,-0.0415
6.9784,pi,6.2800,4.4161,-0.0373,-0.0373
6.9834,pi,6.2800,4.7212,-0.0312,-0.0312
6.9884,pi,6.2800,5.0108,-0.0254,-0.0254
6.9935,pi,6.2800,5.4169,-0.0173,-0.0173
6.9984,pi,6.2800,5.8408,-0.0088,-0.0088
7.0034,pi,6.2800,6.2302,-0.0010,-0.0010
7.0084,pi,6.2800,6.6426,0.0073,0.0073
7.0133,pi,6.2800,7.0046,0.0145,0.0145
7.0185,pi,6.2800,7.4134,0.0227,0.0227
7.0234,pi,6.2800,7.7409,0.0292,0.0292
7.0284,pi,6.2800,8.0505,0.0354,0.0354
7.0335,pi,6.2800,8.1997,0.0384,0.0384
7.0384,pi,6.2800,8.3187,0.0408,0.0408
7.0434,pi,6.2800,8.3458,0.0413,0.0413
7.0484,pi,6.2800,8.3225,0.0408,0.0408
7.0534,pi,6.2800,8.2121,0.0386,0.0386
7.0584,pi,6.2800,8.0321,0.0350,0.0350
7.0634,pi,6.2800,7.7972,0.0303,0.0303
7.0684,pi,6.2800,7.4714,0.0238,0.0238
7.0734,pi,6.2800,7.1198,0.0168,0.0168
7.0784,pi,6.2800,6.7483,0.0094,0.0094
7.0834,pi,6.2800,6.3116,0.0006,0.0006
7.0884,pi,6.2800,5.8530,-0.0085,-0.0085
7.0934,pi,6.2800,5.4596,-0.0164,-0.0164
7.0984,pi,6.2800,5.0213,-0.0252,-0.0252
7.1034,pi,6.2800,4.6198,-0.0332,-0.0332
7.1084,pi,6.2800,4.3358,-0.0389,-0.0389
7.1134,pi,6.2800,4.0717,-0.0442,-0.0442
7.1185,pi,6.2800,3.8590,-0.0484,-0.0484
7.1236,pi,6.2800,3.6408,-0.0528,-0.0528
7.1284,pi,6.2800,3.4648,-0.0563,-0.0563
7.1335,pi,6.2800,3.3750,-0.0581,-0.0581
7.1384,pi,6.2800,3.3032,-0.0595,-0.0595
7.1434,pi,6.2800,3.2457,-0.0607,-0.0607
7.1484,pi,6.2800,3.1995,-0.0616,-0.0616
7.1534,pi,6.2800,3.1993,-0.0616,-0.0616
7.1585,pi,6.2800,3.1625,-0.0624,-0.0624
7.1634,pi,6.2800,3.1330,-0.0629,-0.0629
7.1684,pi,6.2800,3.1004,-0.0636,-0.0636
7.1735,pi,6.2800,3.0835,-0.0639,-0.0639
7.1785,pi,6.2800,3.0610,-0.0644,-0.0644
7.1834,pi,6.2800,3.0887,-0.0638,-0.0638
7.1884,pi,6.2800,3.0741,-0.0641,-0.0641
7.1934,pi,6.2800,3.0625,-0.0644,-0.0644
7.1984,pi,6.2800,3.0897,-0.0638,-0.0638
7.2034,pi,6.2800,3.0749,-0.0641,-0.0641
7.2084,pi,6.2800,3.0631,-0.0643,-0.0643
7.2134,pi,6.2800,3.0902,-0.0638,-0.0638
7.2184,pi,6.2800,3.1120,-0.0634,-0.0634
7.2234,pi,6.2800,3.1751,-0.0621,-0.0621
7.2284,pi,6.2800,3.2256,-0.0611,-0.0611
7.2334,pi,6.2800,3.3117,-0.0594,-0.0594
7.2384,pi,6.2800,3.3349,-0.0589,-0.0589
7.2435,pi,6.2800,3.3715,-0.0582,-0.0582
7.2485,pi,6.2800,3.3999,-0.0576,-0.0576
7.2541,pi,6.2800,3.4230,-0.0571,-0.0571
7.2591,pi,6.2800,3.4920,-0.0558,-0.0558
7.2637,pi,6.2800,3.4971,-0.0557,-0.0557
7.2685,pi,6.2800,3.5013,-0.0556,-0.0556
7.2734,pi,6.2800,3.5046,-0.0555,-0.0555
7.2784,pi,6.2800,3.5072,-0.0555,-0.0555
7.2838,pi,6.2800,3.5091,-0.0554,-0.0554
7.2887,pi,6.2800,3.5104,-0.0554,-0.0554
7.2939,pi,6.2800,3.5120,-0.0554,-0.0554
7.2985,pi,6.2800,3.5408,-0.0548,-0.0548
7.3034,pi,6.2800,3.5192,-0.0552,-0.0552
7.3084,pi,6.2800,3.5012,-0.0556,-0.0556
7.3134,pi,6.2800,3.4409,-0.0568,-0.0568
7.3185,pi,6.2800,3.4562,-0.0565,-0.0565
7.3234,pi,6.2800,3.4184,-0.0572,-0.0572
7.3283,pi,6.2800,3.3749,-0.0581,-0.0581
7.3335,pi,6.2800,3.3853,-0.0579,-0.0579
7.3386,pi,6.2800,3.3478,-0.0586,-0.0586
7.3435,pi,6.2800,3.3183,-0.0592,-0.0592
7.3485,pi,6.2800,3.3404,-0.0588,-0.0588
7.3537,pi,6.2800,3.3255,-0.0591,-0.0591
7.3584,pi,6.2800,3.3639,-0.0583,-0.0583
7.3638,pi,6.2800,3.3946,-0.0577,-0.0577
7.3684,pi,6.2800,3.4009,-0.0576,-0.0576
7.3735,pi,6.2800,3.4065,-0.0575,-0.0575
7.3784,pi,6.2800,3.4288,-0.0570,-0.0570
7.3835,pi,6.2800,3.3961,-0.0577,-0.0577
7.3884,pi,6.2800,3.4024,-0.0576,-0.0576
7.3934,pi,6.2800,3.4077,-0.0574,-0.0574
7.3984,pi,6.2800,3.3795,-0.0580,-0.0580
7.4034,pi,6.2800,3.3890,-0.0578,-0.0578
7.4084,pi,6.2800,3.3970,-0.0577,-0.0577
7.4134,pi,6.2800,3.3573,-0.0585,-0.0585
7.4185,pi,6.2800,3.3260,-0.0591,-0.0591
7.4235,pi,6.2800,3.3131,-0.0593,-0.0593
7.4287,pi,6.2800,3.3036,-0.0595,-0.0595
7.4340,pi,6.2800,3.3454,-0.0587,-0.0587
7.4387,pi,6.2800,3.3300,-0.0590,-0.0590
7.4434,pi,6.2800,3.3174,-0.0593,-0.0593
7.4484,pi,6.2800,3.3576,-0.0584,-0.0584
7.4534,pi,6.2800,3.3716,-0.0582,-0.0582
7.4584,pi,6.2800,3.3506,-0.0586,-0.0586
7.4635,pi,6.2800,3.3838,-0.0579,-0.0579
7.4684,pi,6.2800,3.4105,-0.0574,-0.0574
7.4734,pi,6.2800,3.4137,-0.0573,-0.0573
7.4784,pi,6.2800,3.4174,-0.0573,-0.0573
7.4834,pi,6.2800,3.4196,-0.0572,-0.0572
7.4884,pi,6.2800,3.3774,-0.0581,-0.0581
7.4935,pi,6.2800,3.3876,-0.0578,-0.0578
7.4984,pi,6.2800,3.3956,-0.0577,-0.0577
7.5035,pi,6.2800,3.3564,-0.0585,-0.0585
7.5084,pi,6.2800,3.3705,-0.0582,-0.0582
7.5134,pi,6.2800,3.3819,-0.0580,-0.0580
7.5184,pi,6.2800,3.3589,-0.0584,-0.0584
7.5234,pi,6.2800,3.3725,-0.0582,-0.0582
7.5284,pi,6.2800,3.3514,-0.0586,-0.0586
7.5334,pi,6.2800,3.3207,-0.0592,-0.0592
7.5384,pi,6.2800,3.3420,-0.0588,-0.0588
7.5434,pi,6.2800,3.3270,-0.0591,-0.0591
7.5484,pi,6.2800,3.3150,-0.0593,-0.0593
7.5534,pi,6.2800,3.3557,-0.0585,-0.0585
7.5584,pi,6.2800,3.3379,-0.0588,-0.0588
7.5634,pi,6.2800,3.3237,-0.0591,-0.0591
7.5684,pi,6.2800,3.3444,-0.0587,-0.0587
7.5734,pi,6.2800,3.3289,-0.0590,-0.0590
7.5784,pi,6.2800,3.3166,-0.0593,-0.0593
7.5834,pi,6.2800,3.3570,-0.0585,-0.0585
7.5884,pi,6.2800,3.3389,-0.0588,-0.0588
7.5934,pi,6.2800,3.3246,-0.0591,-0.0591
7.5984,pi,6.2800,3.3632,-0.0583,-0.0583
7.6034,pi,6.2800,3.3441,-0.0587,-0.0587
7.6084,pi,6.2800,3.3284,-0.0590,-0.0590
7.6134,pi,6.2800,3.3481,-0.0586,-0.0586
7.6185,pi,6.2800,3.3318,-0.0590,-0.0590
7.6234,pi,6.2800,3.3188,-0.0592,-0.0592
7.6284,pi,6.2800,3.3405,-0.0588,-0.0588
7.6334,pi,6.2800,3.3578,-0.0584,-0.0584
7.6385,pi,6.2800,3.3396,-0.0588,-0.0588
7.6434,pi,6.2800,3.3753,-0.0581,-0.0581
7.6484,pi,6.2800,3.3856,-0.0579,-0.0579
7.6535,pi,6.2800,3.4121,-0.0574,-0.0574
7.6584,pi,6.2800,3.4150,-0.0573,-0.0573
7.6634,pi,6.2800,3.4177,-0.0572,-0.0572
7.6684,pi,6.2800,3.4196,-0.0572,-0.0572
7.6734,pi,6.2800,3.4211,-0.0572,-0.0572
7.6785,pi,6.2800,3.4226,-0.0571,-0.0571
7.6835,pi,6.2800,3.4417,-0.0568,-0.0568
7.6885,pi,6.2800,3.4571,-0.0565,-0.0565
7.6935,pi,6.2800,3.4693,-0.0562,-0.0562
7.6984,pi,6.2800,3.4609,-0.0564,-0.0564
7.7034,pi,6.2800,3.4543,-0.0565,-0.0565
7.7084,pi,6.2800,3.4030,-0.0575,-0.0575
7.7134,pi,6.2800,3.4080,-0.0574,-0.0574
7.7184,pi,6.2800,3.3798,-0.0580,-0.0580
7.7234,pi,6.2800,3.3572,-0.0585,-0.0585
7.7284,pi,6.2800,3.3258,-0.0591,-0.0591
7.7334,pi,6.2800,3.3461,-0.0587,-0.0587
7.7384,pi,6.2800,3.3166,-0.0593,-0.0593
7.7434,pi,6.2800,3.3388,-0.0588,-0.0588
7.7484,pi,6.2800,3.3110,-0.0594,-0.0594
7.7534,pi,6.2800,3.2887,-0.0598,-0.0598
7.7584,pi,6.2800,3.3348,-0.0589,-0.0589
7.7634,pi,6.2800,3.3212,-0.0592,-0.0592
7.7684,pi,6.2800,3.2966,-0.0597,-0.0597
7.7734,pi,6.2800,3.2772,-0.0601,-0.0601
7.7784,pi,6.2800,3.3254,-0.0591,-0.0591
7.7835,pi,6.2800,3.3135,-0.0593,-0.0593
7.7885,pi,6.2800,3.3041,-0.0595,-0.0595
7.7935,pi,6.2800,3.2964,-0.0597,-0.0597
7.7984,pi,6.2800,3.2905,-0.0598,-0.0598
7.8034,pi,6.2800,3.3359,-0.0589,-0.0589
7.8084,pi,6.2800,3.3540,-0.0585,-0.0585
7.8134,pi,6.2800,3.3366,-0.0589,-0.0589
7.8184,pi,6.2800,3.3730,-0.0581,-0.0581
7.8238,pi,6.2800,3.4017,-0.0576,-0.0576
7.8296,pi,6.2800,3.3728,-0.0581,-0.0581
7.8352,pi,6.2800,3.4011,-0.0576,-0.0576
7.8399,pi,6.2800,3.4242,-0.0571,-0.0571
7.8459,pi,6.2800,3.3896,-0.0578,-0.0578
7.8527,pi,6.2800,3.4131,-0.0573,-0.0573
7.8579,pi,6.2800,3.3825,-0.0580,-0.0580
7.8637,pi,6.2800,3.3588,-0.0584,-0.0584
7.8688,pi,6.2800,3.3665,-0.0583,-0.0583
7.8748,pi,6.2800,3.3521,-0.0586,-0.0586
7.8806,pi,6.2800,3.3334,-0.0589,-0.0589
7.8874,pi,6.2800,3.3517,-0.0586,-0.0586
7.8929,pi,6.2800,3.3330,-0.0589,-0.0589
7.8979,pi,6.2800,3.3193,-0.0592,-0.0592
7.9026,pi,6.2800,3.3406,-0.0588,-0.0588
7.9084,pi,6.2800,3.3599,-0.0584,-0.0584
7.9133,pi,6.2800,3.3291,-0.0590,-0.0590
7.9182,pi,6.2800,3.3666,-0.0583,-0.0583
7.9239,pi,6.2800,3.3780,-0.0580,-0.0580
7.9305,pi,6.2800,3.4116,-0.0574,-0.0574
7.9357,pi,6.2800,3.4141,-0.0573,-0.0573
7.9423,pi,6.2800,3.3845,-0.0579,-0.0579
7.9478,pi,6.2800,3.3927,-0.0577,-0.0577
7.9528,pi,6.2800,3.4010,-0.0576,-0.0576
7.9604,pi,6.2800,3.3712,-0.0582,-0.0582
7.9682,pi,6.2800,3.3992,-0.0576,-0.0576
7.9743,pi,6.2800,3.3725,-0.0581,-0.0581
7.9810,pi,6.2800,3.2260,-0.0611,-0.0611
7.9854,pi,6.2800,3.2013,-0.0616,-0.0616
7.9897,pi,6.2800,3.1304,-0.0630,-0.0630
7.9944,pi,6.2800,3.0749,-0.0641,-0.0641
7.9986,pi,6.2800,3.0552,-0.0645,-0.0645
8.0033,pi,6.2800,3.0384,-0.0648,-0.0648
8.0073,pi,6.2800,2.9800,-0.0660,-0.0660
8.0113,pi,6.2800,2.9783,-0.0660,-0.0660
8.0153,pi,6.2800,2.9789,-0.0660,-0.0660
8.0194,pi,6.2800,2.9862,-0.0659,-0.0659
8.0234,pi,6.2800,3.0287,-0.0650,-0.0650
8.0275,pi,6.2800,3.0989,-0.0636,-0.0636
8.0314,pi,6.2800,3.1661,-0.0623,-0.0623
8.0355,pi,6.2800,3.1934,-0.0617,-0.0617
8.0395,pi,6.2800,3.2864,-0.0599,-0.0599
8.0435,pi,6.2800,3.3151,-0.0593,-0.0593
8.0475,pi,6.2800,3.3382,-0.0588,-0.0588
8.0517,pi,6.2800,3.4019,-0.0576,-0.0576
8.0558,pi,6.2800,3.4253,-0.0571,-0.0571
8.0598,pi,6.2800,3.4710,-0.0562,-0.0562
8.0639,pi,6.2800,3.5086,-0.0554,-0.0554
8.0679,pi,6.2800,3.5608,-0.0544,-0.0544
8.0719,pi,6.2800,3.5523,-0.0546,-0.0546
8.0759,pi,6.2800,3.5455,-0.0547,-0.0547
8.0800,pi,6.2800,3.5678,-0.0542,-0.0542
8.0840,pi,6.2800,3.5579,-0.0544,-0.0544
8.0887,pi,6.2800,3.5497,-0.0546,-0.0546
8.0934,pi,6.2800,3.5435,-0.0547,-0.0547
8.0984,pi,6.2800,3.5204,-0.0552,-0.0552
8.1035,pi,6.2800,3.5018,-0.0556,-0.0556
8.1085,pi,6.2800,3.5051,-0.0555,-0.0555
8.1134,pi,6.2800,3.4893,-0.0558,-0.0558
8.1186,pi,6.2800,3.4442,-0.0567,-0.0567
8.1240,pi,6.2800,3.4407,-0.0568,-0.0568
8.1285,pi,6.2800,3.4056,-0.0575,-0.0575
8.1335,pi,6.2800,3.3775,-0.0581,-0.0581
8.1384,pi,6.2800,3.3874,-0.0579,-0.0579
8.1435,pi,6.2800,3.3956,-0.0577,-0.0577
8.1485,pi,6.2800,3.3699,-0.0582,-0.0582
8.1537,pi,6.2800,3.3982,-0.0576,-0.0576
8.1585,pi,6.2800,3.3724,-0.0582,-0.0582
8.1635,pi,6.2800,3.3513,-0.0586,-0.0586
8.1685,pi,6.2800,3.3847,-0.0579,-0.0579
8.1734,pi,6.2800,3.3936,-0.0577,-0.0577
8.1784,pi,6.2800,3.3551,-0.0585,-0.0585
8.1834,pi,6.2800,3.3698,-0.0582,-0.0582
8.1885,pi,6.2800,3.3493,-0.0586,-0.0586
8.1935,pi,6.2800,3.3328,-0.0589,-0.0589
8.1985,pi,6.2800,3.3699,-0.0582,-0.0582
8.2034,pi,6.2800,3.3813,-0.0580,-0.0580
8.2084,pi,6.2800,3.3466,-0.0587,-0.0587
8.2136,pi,6.2800,3.3808,-0.0580,-0.0580
8.2184,pi,6.2800,3.3902,-0.0578,-0.0578
8.2235,pi,6.2800,3.3656,-0.0583,-0.0583
8.2284,pi,6.2800,3.3961,-0.0577,-0.0577
8.2334,pi,6.2800,3.4021,-0.0576,-0.0576
8.2385,pi,6.2800,3.3750,-0.0581,-0.0581
8.2434,pi,6.2800,3.3855,-0.0579,-0.0579
8.2485,pi,6.2800,3.3939,-0.0577,-0.0577
8.2535,pi,6.2800,3.3548,-0.0585,-0.0585
8.2585,pi,6.2800,3.3694,-0.0582,-0.0582
8.2635,pi,6.2800,3.3810,-0.0580,-0.0580
8.2687,pi,6.2800,3.3577,-0.0584,-0.0584
8.2735,pi,6.2800,3.3895,-0.0578,-0.0578
8.2784,pi,6.2800,3.3652,-0.0583,-0.0583
8.2835,pi,6.2800,3.3455,-0.0587,-0.0587
8.2885,pi,6.2800,3.3802,-0.0580,-0.0580
8.2935,pi,6.2800,3.3574,-0.0585,-0.0585
8.2985,pi,6.2800,3.3256,-0.0591,-0.0591
8.3035,pi,6.2800,3.3459,-0.0587,-0.0587
8.3085,pi,6.2800,3.3301,-0.0590,-0.0590
8.3135,pi,6.2800,3.3175,-0.0592,-0.0592
8.3184,pi,6.2800,3.3395,-0.0588,-0.0588
8.3235,pi,6.2800,3.3573,-0.0585,-0.0585
8.3285,pi,6.2800,3.3890,-0.0578,-0.0578
8.3334,pi,6.2800,3.4146,-0.0573,-0.0573
8.3384,pi,6.2800,3.4171,-0.0573,-0.0573
8.3439,pi,6.2800,3.4367,-0.0569,-0.0569
8.3484,pi,6.2800,3.4527,-0.0565,-0.0565
8.3536,pi,6.2800,3.4157,-0.0573,-0.0573
8.3589,pi,6.2800,3.4358,-0.0569,-0.0569
8.3635,pi,6.2800,3.4521,-0.0566,-0.0566
8.3685,pi,6.2800,3.4150,-0.0573,-0.0573
8.3747,pi,6.2800,3.4212,-0.0572,-0.0572
8.3787,pi,6.2800,3.4223,-0.0572,-0.0572
8.3837,pi,6.2800,3.3909,-0.0578,-0.0578
8.3885,pi,6.2800,3.3659,-0.0583,-0.0583
8.3934,pi,6.2800,3.3780,-0.0580,-0.0580
8.3985,pi,6.2800,3.3428,-0.0587,-0.0587
8.4035,pi,6.2800,3.3779,-0.0580,-0.0580
8.4087,pi,6.2800,3.3554,-0.0585,-0.0585
8.4141,pi,6.2800,3.3375,-0.0588,-0.0588
8.4196,pi,6.2800,3.3732,-0.0581,-0.0581
8.4241,pi,6.2800,3.3837,-0.0579,-0.0579
8.4285,pi,6.2800,3.3603,-0.0584,-0.0584
8.4334,pi,6.2800,3.3737,-0.0581,-0.0581
8.4390,pi,6.2800,3.4028,-0.0575,-0.0575
8.4437,pi,6.2800,3.3754,-0.0581,-0.0581
8.4490,pi,6.2800,3.4037,-0.0575,-0.0575
8.4533,pi,6.2800,3.4085,-0.0574,-0.0574
8.4584,pi,6.2800,3.3666,-0.0583,-0.0583
8.4634,pi,6.2800,3.3795,-0.0580,-0.0580
8.4684,pi,6.2800,3.3898,-0.0578,-0.0578
8.4734,pi,6.2800,3.3981,-0.0576,-0.0576
8.4784,pi,6.2800,3.4045,-0.0575,-0.0575
8.4834,pi,6.2800,3.3769,-0.0581,-0.0581
8.4884,pi,6.2800,3.3870,-0.0579,-0.0579
8.4934,pi,6.2800,3.3955,-0.0577,-0.0577
8.4985,pi,6.2800,3.4019,-0.0576,-0.0576
8.5034,pi,6.2800,3.4074,-0.0575,-0.0575
8.5085,pi,6.2800,3.4114,-0.0574,-0.0574
8.5141,pi,6.2800,3.3815,-0.0580,-0.0580
8.5190,pi,6.2800,3.4082,-0.0574,-0.0574
8.5238,pi,6.2800,3.3794,-0.0580,-0.0580
8.5292,pi,6.2800,3.3564,-0.0585,-0.0585
8.5337,pi,6.2800,3.3883,-0.0578,-0.0578
8.5390,pi,6.2800,3.3635,-0.0583,-0.0583
8.5444,pi,6.2800,3.3434,-0.0587,-0.0587
8.5490,pi,6.2800,3.3780,-0.0580,-0.0580
8.5542,pi,6.2800,3.3554,-0.0585,-0.0585
8.5588,pi,6.2800,3.3369,-0.0589,-0.0589
8.5640,pi,6.2800,3.3543,-0.0585,-0.0585
8.5687,pi,6.2800,3.3367,-0.0589,-0.0589
8.5740,pi,6.2800,3.3227,-0.0591,-0.0591
8.5786,pi,6.2800,3.3617,-0.0584,-0.0584
8.5837,pi,6.2800,3.3747,-0.0581,-0.0581
8.5894,pi,6.2800,3.3524,-0.0586,-0.0586
8.5936,pi,6.2800,3.3674,-0.0583,-0.0583
8.5984,pi,6.2800,3.3800,-0.0580,-0.0580
8.6034,pi,6.2800,3.3903,-0.0578,-0.0578
8.6084,pi,6.2800,3.3983,-0.0576,-0.0576
8.6135,pi,6.2800,3.4048,-0.0575,-0.0575
8.6184,pi,6.2800,3.3641,-0.0583,-0.0583
8.6234,pi,6.2800,3.3774,-0.0581,-0.0581
8.6284,pi,6.2800,3.3881,-0.0578,-0.0578
8.6334,pi,6.2800,3.3964,-0.0577,-0.0577
8.6384,pi,6.2800,3.4031,-0.0575,-0.0575
8.6434,pi,6.2800,3.4090,-0.0574,-0.0574
8.6484,pi,6.2800,3.4128,-0.0573,-0.0573
8.6535,pi,6.2800,3.3835,-0.0579,-0.0579
8.6585,pi,6.2800,3.3600,-0.0584,-0.0584
8.6634,pi,6.2800,3.3276,-0.0590,-0.0590
8.6685,pi,6.2800,3.3657,-0.0583,-0.0583
8.6734,pi,6.2800,3.3459,-0.0587,-0.0587
8.6784,pi,6.2800,3.3803,-0.0580,-0.0580
8.6834,pi,6.2800,3.3576,-0.0584,-0.0584
8.6885,pi,6.2800,3.3394,-0.0588,-0.0588
8.6934,pi,6.2800,3.3570,-0.0585,-0.0585
8.6985,pi,6.2800,3.3389,-0.0588,-0.0588
8.7034,pi,6.2800,3.3110,-0.0594,-0.0594
8.7084,pi,6.2800,3.3342,-0.0589,-0.0589
8.7134,pi,6.2800,3.3711,-0.0582,-0.0582
8.7184,pi,6.2800,3.4005,-0.0576,-0.0576
8.7234,pi,6.2800,3.4059,-0.0575,-0.0575
8.7285,pi,6.2800,3.3782,-0.0580,-0.0580
8.7334,pi,6.2800,3.4063,-0.0575,-0.0575
8.7384,pi,6.2800,3.4105,-0.0574,-0.0574
8.7434,pi,6.2800,3.4141,-0.0573,-0.0573
8.7484,pi,6.2800,3.4167,-0.0573,-0.0573
8.7534,pi,6.2800,3.4189,-0.0572,-0.0572
8.7584,pi,6.2800,3.3885,-0.0578,-0.0578
8.7634,pi,6.2800,3.3963,-0.0577,-0.0577
8.7684,pi,6.2800,3.4025,-0.0575,-0.0575
8.7734,pi,6.2800,3.3618,-0.0584,-0.0584
8.7785,pi,6.2800,3.3931,-0.0577,-0.0577
8.7834,pi,6.2800,3.3998,-0.0576,-0.0576
8.7885,pi,6.2800,3.3732,-0.0581,-0.0581
8.7934,pi,6.2800,3.4022,-0.0576,-0.0576
8.7984,pi,6.2800,3.3752,-0.0581,-0.0581
8.8035,pi,6.2800,3.3527,-0.0585,-0.0585
8.8084,pi,6.2800,3.3675,-0.0583,-0.0583
8.8135,pi,6.2800,3.3470,-0.0587,-0.0587
8.8188,pi,6.2800,3.3308,-0.0590,-0.0590
8.8234,pi,6.2800,3.3682,-0.0582,-0.0582
8.8285,pi,6.2800,3.3480,-0.0586,-0.0586
8.8336,pi,6.2800,3.3316,-0.0590,-0.0590
8.8384,pi,6.2800,3.3507,-0.0586,-0.0586
8.8435,pi,6.2800,3.3661,-0.0583,-0.0583
8.8485,pi,6.2800,3.3463,-0.0587,-0.0587
8.8534,pi,6.2800,3.3625,-0.0583,-0.0583
8.8584,pi,6.2800,3.3762,-0.0581,-0.0581
8.8635,pi,6.2800,3.3407,-0.0588,-0.0588
8.8684,pi,6.2800,3.3583,-0.0584,-0.0584
8.8734,pi,6.2800,3.3724,-0.0582,-0.0582
8.8785,pi,6.2800,3.3380,-0.0588,-0.0588
8.8834,pi,6.2800,3.3560,-0.0585,-0.0585
8.8884,pi,6.2800,3.3705,-0.0582,-0.0582
8.8935,pi,6.2800,3.3497,-0.0586,-0.0586
8.8984,pi,6.2800,3.3653,-0.0583,-0.0583
8.9034,pi,6.2800,3.3778,-0.0580,-0.0580
8.9085,pi,6.2800,3.3556,-0.0585,-0.0585
8.9134,pi,6.2800,3.3699,-0.0582,-0.0582
8.9184,pi,6.2800,3.3493,-0.0586,-0.0586
8.9234,pi,6.2800,3.3192,-0.0592,-0.0592
8.9284,pi,6.2800,3.3590,-0.0584,-0.0584
8.9334,pi,6.2800,3.3405,-0.0588,-0.0588
8.9384,pi,6.2800,3.3121,-0.0594,-0.0594
8.9434,pi,6.2800,3.3352,-0.0589,-0.0589
8.9484,pi,6.2800,3.3214,-0.0592,-0.0592
8.9535,pi,6.2800,3.3607,-0.0584,-0.0584
8.9584,pi,6.2800,3.3922,-0.0578,-0.0578
8.9634,pi,6.2800,3.3671,-0.0583,-0.0583
8.9685,pi,6.2800,3.3469,-0.0587,-0.0587
8.9734,pi,6.2800,3.3810,-0.0580,-0.0580
8.9784,pi,6.2800,3.3582,-0.0584,-0.0584
8.9835,pi,6.2800,3.3398,-0.0588,-0.0588
8.9885,pi,6.2800,3.3754,-0.0581,-0.0581
8.9934,pi,6.2800,3.3536,-0.0585,-0.0585
8.9985,pi,6.2800,3.3865,-0.0579,-0.0579
9.0034,pi,6.2800,3.3946,-0.0577,-0.0577
9.0086,pi,6.2800,3.3690,-0.0582,-0.0582
9.0134,pi,6.2800,3.3806,-0.0580,-0.0580
9.0184,pi,6.2800,3.3901,-0.0578,-0.0578
9.0234,pi,6.2800,3.3977,-0.0576,-0.0576
9.0285,pi,6.2800,3.4219,-0.0572,-0.0572
9.0334,pi,6.2800,3.4228,-0.0571,-0.0571
9.0384,pi,6.2800,3.4237,-0.0571,-0.0571
9.0434,pi,6.2800,3.4245,-0.0571,-0.0571
9.0484,pi,6.2800,3.3929,-0.0577,-0.0577
9.0534,pi,6.2800,3.3542,-0.0585,-0.0585
9.0584,pi,6.2800,3.3871,-0.0579,-0.0579
9.0634,pi,6.2800,3.3632,-0.0583,-0.0583
9.0684,pi,6.2800,3.3437,-0.0587,-0.0587
9.0734,pi,6.2800,3.3785,-0.0580,-0.0580
9.0783,pi,6.2800,3.3884,-0.0578,-0.0578
9.0834,pi,6.2800,3.3505,-0.0586,-0.0586
9.0884,pi,6.2800,3.3659,-0.0583,-0.0583
9.0935,pi,6.2800,3.3460,-0.0587,-0.0587
9.0984,pi,6.2800,3.3303,-0.0590,-0.0590
9.1034,pi,6.2800,3.3679,-0.0582,-0.0582
9.1083,pi,6.2800,3.3798,-0.0580,-0.0580
9.1134,pi,6.2800,3.3438,-0.0587,-0.0587
9.1185,pi,6.2800,3.3282,-0.0590,-0.0590
9.1236,pi,6.2800,3.3159,-0.0593,-0.0593
9.1284,pi,6.2800,3.3060,-0.0595,-0.0595
9.1334,pi,6.2800,3.3484,-0.0586,-0.0586
9.1383,pi,6.2800,3.3640,-0.0583,-0.0583
9.1434,pi,6.2800,3.3312,-0.0590,-0.0590
9.1484,pi,6.2800,3.3506,-0.0586,-0.0586
9.1534,pi,6.2800,3.3661,-0.0583,-0.0583
9.1584,pi,6.2800,3.3463,-0.0587,-0.0587
9.1634,pi,6.2800,3.3625,-0.0584,-0.0584
9.1684,pi,6.2800,3.3754,-0.0581,-0.0581
9.1734,pi,6.2800,3.3859,-0.0579,-0.0579
9.1784,pi,6.2800,3.3945,-0.0577,-0.0577
9.1835,pi,6.2800,3.3686,-0.0582,-0.0582
9.1884,pi,6.2800,3.3483,-0.0586,-0.0586
9.1934,pi,6.2800,3.3822,-0.0580,-0.0580
9.1984,pi,6.2800,3.3591,-0.0584,-0.0584
9.2034,pi,6.2800,3.3407,-0.0588,-0.0588
9.2084,pi,6.2800,3.3580,-0.0584,-0.0584
9.2135,pi,6.2800,3.3398,-0.0588,-0.0588
9.2184,pi,6.2800,3.3115,-0.0594,-0.0594
9.2234,pi,6.2800,3.3347,-0.0589,-0.0589
9.2284,pi,6.2800,3.3535,-0.0585,-0.0585
9.2335,pi,6.2800,3.3224,-0.0592,-0.0592
9.2384,pi,6.2800,3.3438,-0.0587,-0.0587
9.2434,pi,6.2800,3.3605,-0.0584,-0.0584
9.2484,pi,6.2800,3.3282,-0.0590,-0.0590
9.2536,pi,6.2800,3.3481,-0.0586,-0.0586
9.2585,pi,6.2800,3.3314,-0.0590,-0.0590
9.2635,pi,6.2800,3.3183,-0.0592,-0.0592
9.2684,pi,6.2800,3.3080,-0.0594,-0.0594
9.2734,pi,6.2800,3.2997,-0.0596,-0.0596
9.2784,pi,6.2800,3.2932,-0.0597,-0.0597
9.2834,pi,6.2800,3.3200,-0.0592,-0.0592
9.2885,pi,6.2800,3.3093,-0.0594,-0.0594
9.2935,pi,6.2800,3.3006,-0.0596,-0.0596
9.2984,pi,6.2800,3.3440,-0.0587,-0.0587
9.3034,pi,6.2800,3.3286,-0.0590,-0.0590
9.3084,pi,6.2800,3.3024,-0.0596,-0.0596
9.3134,pi,6.2800,3.3277,-0.0590,-0.0590
9.3185,pi,6.2800,3.3478,-0.0586,-0.0586
9.3235,pi,6.2800,3.3314,-0.0590,-0.0590
9.3285,pi,6.2800,3.3506,-0.0586,-0.0586
9.3336,pi,6.2800,3.3338,-0.0589,-0.0589
9.3388,pi,6.2800,3.3707,-0.0582,-0.0582
9.3435,pi,6.2800,3.3818,-0.0580,-0.0580
9.3484,pi,6.2800,3.3912,-0.0578,-0.0578
9.3535,pi,6.2800,3.3663,-0.0583,-0.0583
9.3584,pi,6.2800,3.3785,-0.0580,-0.0580
9.3643,pi,6.2800,3.3555,-0.0585,-0.0585
9.3697,pi,6.2800,3.3876,-0.0578,-0.0578
9.3735,pi,6.2800,3.3955,-0.0577,-0.0577
9.3786,pi,6.2800,3.4023,-0.0576,-0.0576
9.3836,pi,6.2800,3.3750,-0.0581,-0.0581
9.3884,pi,6.2800,3.3533,-0.0585,-0.0585
9.3935,pi,6.2800,3.3359,-0.0589,-0.0589
9.3984,pi,6.2800,3.3220,-0.0592,-0.0592
9.4033,pi,6.2800,3.3430,-0.0587,-0.0587
9.4085,pi,6.2800,3.3271,-0.0591,-0.0591
9.4134,pi,6.2800,3.3470,-0.0587,-0.0587
9.4184,pi,6.2800,3.3634,-0.0583,-0.0583
9.4234,pi,6.2800,3.3442,-0.0587,-0.0587
9.4284,pi,6.2800,3.3288,-0.0590,-0.0590
9.4334,pi,6.2800,3.3483,-0.0586,-0.0586
9.4385,pi,6.2800,3.3643,-0.0583,-0.0583
9.4434,pi,6.2800,3.3771,-0.0581,-0.0581
9.4484,pi,6.2800,3.3875,-0.0578,-0.0578
9.4534,pi,6.2800,3.3634,-0.0583,-0.0583
9.4584,pi,6.2800,3.3761,-0.0581,-0.0581
9.4634,pi,6.2800,3.3870,-0.0579,-0.0579
9.4684,pi,6.2800,3.3493,-0.0586,-0.0586
9.4734,pi,6.2800,3.3195,-0.0592,-0.0592
9.4784,pi,6.2800,3.3592,-0.0584,-0.0584
9.4834,pi,6.2800,3.3407,-0.0588,-0.0588
9.4884,pi,6.2800,3.3123,-0.0594,-0.0594
9.4934,pi,6.2800,3.3353,-0.0589,-0.0589
9.4984,pi,6.2800,3.3216,-0.0592,-0.0592
9.5034,pi,6.2800,3.3107,-0.0594,-0.0594
9.5084,pi,6.2800,3.3341,-0.0589,-0.0589
9.5134,pi,6.2800,3.3207,-0.0592,-0.0592
9.5184,pi,6.2800,3.3100,-0.0594,-0.0594
9.5234,pi,6.2800,3.3335,-0.0589,-0.0589
9.5284,pi,6.2800,3.3202,-0.0592,-0.0592
9.5334,pi,6.2800,3.3096,-0.0594,-0.0594
9.5384,pi,6.2800,3.3332,-0.0589,-0.0589
9.5434,pi,6.2800,3.3200,-0.0592,-0.0592
9.5484,pi,6.2800,3.3414,-0.0588,-0.0588
9.5534,pi,6.2800,3.3586,-0.0584,-0.0584
9.5584,pi,6.2800,3.3402,-0.0588,-0.0588
9.5634,pi,6.2800,3.3119,-0.0594,-0.0594
9.5684,pi,6.2800,3.3350,-0.0589,-0.0589
9.5735,pi,6.2800,3.3209,-0.0592,-0.0592
9.5784,pi,6.2800,3.2967,-0.0597,-0.0597
9.5835,pi,6.2800,3.3228,-0.0591,-0.0591
9.5884,pi,6.2800,3.3115,-0.0594,-0.0594
9.5934,pi,6.2800,3.3346,-0.0589,-0.0589
9.5984,pi,6.2800,3.3531,-0.0585,-0.0585
9.6034,pi,6.2800,3.3223,-0.0592,-0.0592
9.6084,pi,6.2800,3.3433,-0.0587,-0.0587
9.6134,pi,6.2800,3.3602,-0.0584,-0.0584
9.6184,pi,6.2800,3.3415,-0.0588,-0.0588
9.6234,pi,6.2800,3.3587,-0.0584,-0.0584
9.6284,pi,6.2800,3.3729,-0.0581,-0.0581
9.6336,pi,6.2800,3.3517,-0.0586,-0.0586
9.6384,pi,6.2800,3.3850,-0.0579,-0.0579
9.6434,pi,6.2800,3.3615,-0.0584,-0.0584
9.6484,pi,6.2800,3.3426,-0.0587,-0.0587
9.6535,pi,6.2800,3.3274,-0.0591,-0.0591
9.6585,pi,6.2800,3.3149,-0.0593,-0.0593
9.6635,pi,6.2800,3.3052,-0.0595,-0.0595
9.6684,pi,6.2800,3.3296,-0.0590,-0.0590
9.6733,pi,6.2800,3.3493,-0.0586,-0.0586
9.6784,pi,6.2800,3.3194,-0.0592,-0.0592
9.6834,pi,6.2800,3.3410,-0.0588,-0.0588
9.6886,pi,6.2800,3.3261,-0.0591,-0.0591
9.6940,pi,6.2800,3.3137,-0.0593,-0.0593
9.6987,pi,6.2800,3.3543,-0.0585,-0.0585
9.7034,pi,6.2800,3.3689,-0.0582,-0.0582
9.7083,pi,6.2800,3.3808,-0.0580,-0.0580
9.7133,pi,6.2800,3.3905,-0.0578,-0.0578
9.7184,pi,6.2800,3.3981,-0.0576,-0.0576
9.7234,pi,6.2800,3.3719,-0.0582,-0.0582
9.7284,pi,6.2800,3.4012,-0.0576,-0.0576
9.7333,pi,6.2800,3.4063,-0.0575,-0.0575
9.7384,pi,6.2800,3.3647,-0.0583,-0.0583
9.7434,pi,6.2800,3.3775,-0.0580,-0.0580
9.7484,pi,6.2800,3.3881,-0.0578,-0.0578
9.7534,pi,6.2800,3.3504,-0.0586,-0.0586
9.7584,pi,6.2800,3.3839,-0.0579,-0.0579
9.7634,pi,6.2800,3.3605,-0.0584,-0.0584
9.7684,pi,6.2800,3.3413,-0.0588,-0.0588
9.7734,pi,6.2800,3.3766,-0.0581,-0.0581
9.7784,pi,6.2800,3.3546,-0.0585,-0.0585
9.7835,pi,6.2800,3.3368,-0.0589,-0.0589
9.7885,pi,6.2800,3.3726,-0.0581,-0.0581
9.7934,pi,6.2800,3.3517,-0.0586,-0.0586
9.7984,pi,6.2800,3.3348,-0.0589,-0.0589
9.8034,pi,6.2800,3.3716,-0.0582,-0.0582
9.8085,pi,6.2800,3.3505,-0.0586,-0.0586
9.8134,pi,6.2800,3.3337,-0.0589,-0.0589
9.8184,pi,6.2800,3.3524,-0.0586,-0.0586
9.8234,pi,6.2800,3.3354,-0.0589,-0.0589
9.8284,pi,6.2800,3.3082,-0.0594,-0.0594
9.8334,pi,6.2800,3.3320,-0.0590,-0.0590
9.8384,pi,6.2800,3.3513,-0.0586,-0.0586
9.8434,pi,6.2800,3.3345,-0.0589,-0.0589
9.8485,pi,6.2800,3.3531,-0.0585,-0.0585
9.8534,pi,6.2800,3.3679,-0.0582,-0.0582
9.8584,pi,6.2800,3.3341,-0.0589,-0.0589
9.8634,pi,6.2800,3.3529,-0.0585,-0.0585
9.8684,pi,6.2800,3.3679,-0.0582,-0.0582
9.8734,pi,6.2800,3.3477,-0.0586,-0.0586
9.8783,pi,6.2800,3.3637,-0.0583,-0.0583
9.8834,pi,6.2800,3.3763,-0.0581,-0.0581
9.8884,pi,6.2800,3.3544,-0.0585,-0.0585
9.8934,pi,6.2800,3.3872,-0.0579,-0.0579
9.8984,pi,6.2800,3.3632,-0.0583,-0.0583
9.9034,pi,6.2800,3.3439,-0.0587,-0.0587
9.9083,pi,6.2800,3.3606,-0.0584,-0.0584
9.9134,pi,6.2800,3.3418,-0.0588,-0.0588
9.9184,pi,6.2800,3.3267,-0.0591,-0.0591
9.9233,pi,6.2800,3.3467,-0.0587,-0.0587
9.9284,pi,6.2800,3.3630,-0.0583,-0.0583
9.9335,pi,6.2800,3.3437,-0.0587,-0.0587
9.9383,pi,6.2800,3.3604,-0.0584,-0.0584
9.9434,pi,6.2800,3.3738,-0.0581,-0.0581
9.9484,pi,6.2800,3.3389,-0.0588,-0.0588
9.9534,pi,6.2800,3.3566,-0.0585,-0.0585
9.9584,pi,6.2800,3.3708,-0.0582,-0.0582
9.9634,pi,6.2800,3.3364,-0.0589,-0.0589
9.9684,pi,6.2800,3.3546,-0.0585,-0.0585
9.9734,pi,6.2800,3.3693,-0.0582,-0.0582
9.9784,pi,6.2800,3.3991,-0.0576,-0.0576
9.9834,pi,6.2800,3.4046,-0.0575,-0.0575
9.9884,pi,6.2800,3.3771,-0.0581,-0.0581
9.9934,pi,6.2800,3.4052,-0.0575,-0.0575
9.9984,pi,6.2800,3.4277,-0.0570,-0.0570
10.0034,pi,6.2800,3.3954,-0.0577,-0.0577
10.0084,pi,6.2800,3.3698,-0.0582,-0.0582
10.0134,pi,6.2800,3.3993,-0.0576,-0.0576
10.0184,pi,6.2800,3.3730,-0.0581,-0.0581
10.0234,pi,6.2800,3.3839,-0.0579,-0.0579
10.0284,pi,6.2800,3.3927,-0.0577,-0.0577
10.0334,pi,6.2800,3.3675,-0.0583,-0.0583
10.0383,pi,6.2800,3.3794,-0.0580,-0.0580
10.0434,pi,6.2800,3.3890,-0.0578,-0.0578
10.0484,pi,6.2800,3.3512,-0.0586,-0.0586
10.0534,pi,6.2800,3.3664,-0.0583,-0.0583
10.0584,pi,6.2800,3.3788,-0.0580,-0.0580
10.0635,pi,6.2800,3.3884,-0.0578,-0.0578
10.0684,pi,6.2800,3.3966,-0.0577,-0.0577
10.0735,pi,6.2800,3.3706,-0.0582,-0.0582
10.0784,pi,6.2800,3.3499,-0.0586,-0.0586
10.0833,pi,6.2800,3.3653,-0.0583,-0.0583
10.0884,pi,6.2800,3.3778,-0.0580,-0.0580
10.0934,pi,6.2800,3.3419,-0.0588,-0.0588
10.0984,pi,6.2800,3.3590,-0.0584,-0.0584
10.1034,pi,6.2800,3.3406,-0.0588,-0.0588
10.1084,pi,6.2800,3.3122,-0.0594,-0.0594
10.1134,pi,6.2800,3.3031,-0.0595,-0.0595
10.1188,pi,6.2800,3.2948,-0.0597,-0.0597
10.1237,pi,6.2800,3.2881,-0.0598,-0.0598
10.1292,pi,6.2800,3.3329,-0.0589,-0.0589
10.1337,pi,6.2800,3.3188,-0.0592,-0.0592
10.1390,pi,6.2800,3.3080,-0.0594,-0.0594
10.1440,pi,6.2800,3.3493,-0.0586,-0.0586
10.1490,pi,6.2800,3.3319,-0.0590,-0.0590
10.1537,pi,6.2800,3.3186,-0.0592,-0.0592
10.1585,pi,6.2800,3.3582,-0.0584,-0.0584
10.1637,pi,6.2800,3.3880,-0.0578,-0.0578
10.1685,pi,6.2800,3.3953,-0.0577,-0.0577
10.1735,pi,6.2800,3.4024,-0.0576,-0.0576
10.1785,pi,6.2800,3.4083,-0.0574,-0.0574
10.1835,pi,6.2800,3.3668,-0.0583,-0.0583
10.1885,pi,6.2800,3.3794,-0.0580,-0.0580
10.1935,pi,6.2800,3.3892,-0.0578,-0.0578
10.1985,pi,6.2800,3.3513,-0.0586,-0.0586
10.2036,pi,6.2800,3.3669,-0.0583,-0.0583
10.2092,pi,6.2800,3.3464,-0.0587,-0.0587
10.2135,pi,6.2800,3.3622,-0.0584,-0.0584
10.2189,pi,6.2800,3.3930,-0.0577,-0.0577
10.2243,pi,6.2800,3.3675,-0.0583,-0.0583
10.2287,pi,6.2800,3.3975,-0.0577,-0.0577
10.2336,pi,6.2800,3.4212,-0.0572,-0.0572
10.2386,pi,6.2800,3.3904,-0.0578,-0.0578
10.2436,pi,6.2800,3.3653,-0.0583,-0.0583
10.2485,pi,6.2800,3.3775,-0.0581,-0.0581
10.2536,pi,6.2800,3.3552,-0.0585,-0.0585
10.2586,pi,6.2800,3.3372,-0.0589,-0.0589
10.2635,pi,6.2800,3.3099,-0.0594,-0.0594
10.2686,pi,6.2800,3.3013,-0.0596,-0.0596
10.2734,pi,6.2800,3.3267,-0.0591,-0.0591
10.2784,pi,6.2800,3.3474,-0.0587,-0.0587
10.2834,pi,6.2800,3.3178,-0.0592,-0.0592
10.2884,pi,6.2800,3.3405,-0.0588,-0.0588
10.2934,pi,6.2800,3.3581,-0.0584,-0.0584
10.2984,pi,6.2800,3.3724,-0.0582,-0.0582
10.3034,pi,6.2800,3.3836,-0.0579,-0.0579
10.3085,pi,6.2800,3.3924,-0.0578,-0.0578
10.3135,pi,6.2800,3.3999,-0.0576,-0.0576
10.3184,pi,6.2800,3.4512,-0.0566,-0.0566
10.3234,pi,6.2800,3.4469,-0.0567,-0.0567
10.3285,pi,6.2800,3.4110,-0.0574,-0.0574
10.3334,pi,6.2800,3.4141,-0.0573,-0.0573
10.3385,pi,6.2800,3.3847,-0.0579,-0.0579
10.3434,pi,6.2800,3.3611,-0.0584,-0.0584
10.3484,pi,6.2800,3.3744,-0.0581,-0.0581
10.3534,pi,6.2800,3.3529,-0.0585,-0.0585
10.3585,pi,6.2800,3.3859,-0.0579,-0.0579
10.3634,pi,6.2800,3.3944,-0.0577,-0.0577
10.3685,pi,6.2800,3.3690,-0.0582,-0.0582
10.3735,pi,6.2800,3.3986,-0.0576,-0.0576
10.3784,pi,6.2800,3.4044,-0.0575,-0.0575
10.3835,pi,6.2800,3.3767,-0.0581,-0.0581
10.3885,pi,6.2800,3.3546,-0.0585,-0.0585
10.3934,pi,6.2800,3.3872,-0.0579,-0.0579
10.3984,pi,6.2800,3.3633,-0.0583,-0.0583
10.4037,pi,6.2800,3.3436,-0.0587,-0.0587
10.4085,pi,6.2800,3.3601,-0.0584,-0.0584
10.4135,pi,6.2800,3.3411,-0.0588,-0.0588
10.4184,pi,6.2800,3.3261,-0.0591,-0.0591
10.4234,pi,6.2800,3.3462,-0.0587,-0.0587
10.4285,pi,6.2800,3.3305,-0.0590,-0.0590
10.4334,pi,6.2800,3.3497,-0.0586,-0.0586
10.4384,pi,6.2800,3.3654,-0.0583,-0.0583
10.4434,pi,6.2800,3.3779,-0.0580,-0.0580
10.4484,pi,6.2800,3.3880,-0.0578,-0.0578
10.4534,pi,6.2800,3.3958,-0.0577,-0.0577
10.4584,pi,6.2800,3.4024,-0.0576,-0.0576
10.4635,pi,6.2800,3.4255,-0.0571,-0.0571
10.4684,pi,6.2800,3.4261,-0.0571,-0.0571
10.4734,pi,6.2800,3.4267,-0.0571,-0.0571
10.4785,pi,6.2800,3.3813,-0.0580,-0.0580
10.4835,pi,6.2800,3.3584,-0.0584,-0.0584
10.4884,pi,6.2800,3.3265,-0.0591,-0.0591
10.4934,pi,6.2800,3.3466,-0.0587,-0.0587
10.4984,pi,6.2800,3.3307,-0.0590,-0.0590
10.5035,pi,6.2800,3.3176,-0.0592,-0.0592
10.5084,pi,6.2800,3.3395,-0.0588,-0.0588
10.5134,pi,6.2800,3.3569,-0.0585,-0.0585
10.5184,pi,6.2800,3.3259,-0.0591,-0.0591
10.5234,pi,6.2800,3.3462,-0.0587,-0.0587
10.5284,pi,6.2800,3.3625,-0.0583,-0.0583
10.5335,pi,6.2800,3.3434,-0.0587,-0.0587
10.5384,pi,6.2800,3.3602,-0.0584,-0.0584
10.5435,pi,6.2800,3.3414,-0.0588,-0.0588
10.5484,pi,6.2800,3.3266,-0.0591,-0.0591
10.5534,pi,6.2800,3.3467,-0.0587,-0.0587
10.5584,pi,6.2800,3.3307,-0.0590,-0.0590
10.5634,pi,6.2800,3.3500,-0.0586,-0.0586
10.5684,pi,6.2800,3.3657,-0.0583,-0.0583
10.5735,pi,6.2800,3.3459,-0.0587,-0.0587
10.5784,pi,6.2800,3.3803,-0.0580,-0.0580
10.5834,pi,6.2800,3.3896,-0.0578,-0.0578
10.5885,pi,6.2800,3.3651,-0.0583,-0.0583
10.5934,pi,6.2800,3.3775,-0.0581,-0.0581
10.5984,pi,6.2800,3.3875,-0.0579,-0.0579
10.6035,pi,6.2800,3.3633,-0.0583,-0.0583
10.6084,pi,6.2800,3.3944,-0.0577,-0.0577
10.6134,pi,6.2800,3.3689,-0.0582,-0.0582
10.6184,pi,6.2800,3.3484,-0.0586,-0.0586
10.6234,pi,6.2800,3.3641,-0.0583,-0.0583
10.6284,pi,6.2800,3.3769,-0.0581,-0.0581
10.6334,pi,6.2800,3.3549,-0.0585,-0.0585
10.6384,pi,6.2800,3.3695,-0.0582,-0.0582
10.6434,pi,6.2800,3.3812,-0.0580,-0.0580
10.6485,pi,6.2800,3.3448,-0.0587,-0.0587
10.6534,pi,6.2800,3.3613,-0.0584,-0.0584
10.6584,pi,6.2800,3.3746,-0.0581,-0.0581
10.6634,pi,6.2800,3.3854,-0.0579,-0.0579
10.6684,pi,6.2800,3.3939,-0.0577,-0.0577
10.6734,pi,6.2800,3.4008,-0.0576,-0.0576
10.6784,pi,6.2800,3.3606,-0.0584,-0.0584
10.6834,pi,6.2800,3.3740,-0.0581,-0.0581
10.6884,pi,6.2800,3.3526,-0.0585,-0.0585
10.6934,pi,6.2800,3.3675,-0.0582,-0.0582
10.6984,pi,6.2800,3.3795,-0.0580,-0.0580
10.7034,pi,6.2800,3.3891,-0.0578,-0.0578
10.7084,pi,6.2800,3.3511,-0.0586,-0.0586
10.7134,pi,6.2800,3.3342,-0.0589,-0.0589
10.7184,pi,6.2800,3.3071,-0.0595,-0.0595
10.7234,pi,6.2800,3.3312,-0.0590,-0.0590
10.7284,pi,6.2800,3.3684,-0.0582,-0.0582
10.7334,pi,6.2800,3.3482,-0.0586,-0.0586
10.7384,pi,6.2800,3.3640,-0.0583,-0.0583
10.7434,pi,6.2800,3.3446,-0.0587,-0.0587
10.7484,pi,6.2800,3.3291,-0.0590,-0.0590
10.7533,pi,6.2800,3.3488,-0.0586,-0.0586
10.7585,pi,6.2800,3.3827,-0.0579,-0.0579
10.7634,pi,6.2800,3.3594,-0.0584,-0.0584
10.7684,pi,6.2800,3.3911,-0.0578,-0.0578
10.7734,pi,6.2800,3.3660,-0.0583,-0.0583
10.7784,pi,6.2800,3.3325,-0.0589,-0.0589
10.7835,pi,6.2800,3.3695,-0.0582,-0.0582
10.7884,pi,6.2800,3.3487,-0.0586,-0.0586
10.7934,pi,6.2800,3.3322,-0.0590,-0.0590
10.7984,pi,6.2800,3.3693,-0.0582,-0.0582
10.8034,pi,6.2800,3.3486,-0.0586,-0.0586
10.8084,pi,6.2800,3.3641,-0.0583,-0.0583
10.8134,pi,6.2800,3.3767,-0.0581,-0.0581
10.8184,pi,6.2800,3.3547,-0.0585,-0.0585
10.8234,pi,6.2800,3.3692,-0.0582,-0.0582
10.8285,pi,6.2800,3.3990,-0.0576,-0.0576
10.8334,pi,6.2800,3.4045,-0.0575,-0.0575
10.8384,pi,6.2800,3.4093,-0.0574,-0.0574
10.8434,pi,6.2800,3.4130,-0.0573,-0.0573
10.8484,pi,6.2800,3.3838,-0.0579,-0.0579
10.8535,pi,6.2800,3.3605,-0.0584,-0.0584
10.8584,pi,6.2800,3.3418,-0.0588,-0.0588
10.8634,pi,6.2800,3.3268,-0.0591,-0.0591
10.8686,pi,6.2800,3.3012,-0.0596,-0.0596
10.8735,pi,6.2800,3.2942,-0.0597,-0.0597
10.8784,pi,6.2800,3.2888,-0.0598,-0.0598
10.8835,pi,6.2800,3.2844,-0.0599,-0.0599
10.8884,pi,6.2800,3.2808,-0.0600,-0.0600
10.8934,pi,6.2800,3.2779,-0.0600,-0.0600
10.8983,pi,6.2800,3.3077,-0.0594,-0.0594
10.9035,pi,6.2800,3.3499,-0.0586,-0.0586
10.9086,pi,6.2800,3.3328,-0.0589,-0.0589
10.9134,pi,6.2800,3.3696,-0.0582,-0.0582
10.9184,pi,6.2800,3.3812,-0.0580,-0.0580
10.9235,pi,6.2800,3.3582,-0.0584,-0.0584
10.9284,pi,6.2800,3.3901,-0.0578,-0.0578
10.9334,pi,6.2800,3.3973,-0.0577,-0.0577
10.9384,pi,6.2800,3.4034,-0.0575,-0.0575
10.9435,pi,6.2800,3.4082,-0.0574,-0.0574
10.9485,pi,6.2800,3.3798,-0.0580,-0.0580
10.9534,pi,6.2800,3.3573,-0.0585,-0.0585
10.9584,pi,6.2800,3.3713,-0.0582,-0.0582
10.9634,pi,6.2800,3.3829,-0.0579,-0.0579
10.9684,pi,6.2800,3.3596,-0.0584,-0.0584
10.9734,pi,6.2800,3.3730,-0.0581,-0.0581
10.9784,pi,6.2800,3.3840,-0.0579,-0.0579
10.9834,pi,6.2800,3.3469,-0.0587,-0.0587
10.9885,pi,6.2800,3.3812,-0.0580,-0.0580
10.9935,pi,6.2800,3.3903,-0.0578,-0.0578
10.9984,pi,6.2800,3.3657,-0.0583,-0.0583
11.0034,pi,6.2800,3.3781,-0.0580,-0.0580
11.0085,pi,6.2800,3.3558,-0.0585,-0.0585
11.0135,pi,6.2800,3.3380,-0.0588,-0.0588
11.0184,pi,6.2800,3.3559,-0.0585,-0.0585
11.0234,pi,6.2800,3.3381,-0.0588,-0.0588
11.0285,pi,6.2800,3.3104,-0.0594,-0.0594
11.0334,pi,6.2800,3.3520,-0.0586,-0.0586
11.0384,pi,6.2800,3.3671,-0.0583,-0.0583
11.0434,pi,6.2800,3.3470,-0.0587,-0.0587
11.0484,pi,6.2800,3.3630,-0.0583,-0.0583
11.0535,pi,6.2800,3.3438,-0.0587,-0.0587
11.0584,pi,6.2800,3.3147,-0.0593,-0.0593
11.0634,pi,6.2800,3.3373,-0.0589,-0.0589
11.0684,pi,6.2800,3.3232,-0.0591,-0.0591
11.0734,pi,6.2800,3.3120,-0.0594,-0.0594
11.0785,pi,6.2800,3.3532,-0.0585,-0.0585
11.0833,pi,6.2800,3.3679,-0.0582,-0.0582
11.0885,pi,6.2800,3.3976,-0.0576,-0.0576
11.0934,pi,6.2800,3.4035,-0.0575,-0.0575
11.0984,pi,6.2800,3.4083,-0.0574,-0.0574
11.1034,pi,6.2800,3.4123,-0.0574,-0.0574
11.1084,pi,6.2800,3.4154,-0.0573,-0.0573
11.1135,pi,6.2800,3.3857,-0.0579,-0.0579
11.1184,pi,6.2800,3.3941,-0.0577,-0.0577
11.1235,pi,6.2800,3.4189,-0.0572,-0.0572
11.1287,pi,6.2800,3.3878,-0.0578,-0.0578
11.1335,pi,6.2800,3.3957,-0.0577,-0.0577
11.1385,pi,6.2800,3.4020,-0.0576,-0.0576
11.1434,pi,6.2800,3.3619,-0.0584,-0.0584
11.1485,pi,6.2800,3.3429,-0.0587,-0.0587
11.1534,pi,6.2800,3.3276,-0.0590,-0.0590
11.1584,pi,6.2800,3.3154,-0.0593,-0.0593
11.1634,pi,6.2800,3.2920,-0.0598,-0.0598
11.1684,pi,6.2800,3.2871,-0.0599,-0.0599
11.1734,pi,6.2800,3.2695,-0.0602,-0.0602
11.1784,pi,6.2800,3.2557,-0.0605,-0.0605
11.1834,pi,6.2800,3.2908,-0.0598,-0.0598
11.1885,pi,6.2800,3.2725,-0.0601,-0.0601
11.1934,pi,6.2800,3.3036,-0.0595,-0.0595
11.1984,pi,6.2800,3.3284,-0.0590,-0.0590
11.2035,pi,6.2800,3.3160,-0.0593,-0.0593
11.2084,pi,6.2800,3.3383,-0.0588,-0.0588
11.2134,pi,6.2800,3.3562,-0.0585,-0.0585
11.2184,pi,6.2800,3.3705,-0.0582,-0.0582
11.2234,pi,6.2800,3.4001,-0.0576,-0.0576
11.2284,pi,6.2800,3.4055,-0.0575,-0.0575
11.2334,pi,6.2800,3.4555,-0.0565,-0.0565
11.2384,pi,6.2800,3.4681,-0.0562,-0.0562
11.2434,pi,6.2800,3.4278,-0.0570,-0.0570
11.2484,pi,6.2800,3.4459,-0.0567,-0.0567
11.2534,pi,6.2800,3.4422,-0.0568,-0.0568
11.2585,pi,6.2800,3.4071,-0.0575,-0.0575
11.2634,pi,6.2800,3.4293,-0.0570,-0.0570
11.2684,pi,6.2800,3.4288,-0.0570,-0.0570
11.2737,pi,6.2800,3.3961,-0.0577,-0.0577
11.2788,pi,6.2800,3.4202,-0.0572,-0.0572
11.2841,pi,6.2800,3.3891,-0.0578,-0.0578
11.2886,pi,6.2800,3.3643,-0.0583,-0.0583
11.2936,pi,6.2800,3.3444,-0.0587,-0.0587
11.2986,pi,6.2800,3.3279,-0.0590,-0.0590
11.3036,pi,6.2800,3.3151,-0.0593,-0.0593
11.3087,pi,6.2800,3.3052,-0.0595,-0.0595
11.3140,pi,6.2800,3.2971,-0.0597,-0.0597
11.3191,pi,6.2800,3.2901,-0.0598,-0.0598
11.3240,pi,6.2800,3.2853,-0.0599,-0.0599
11.3292,pi,6.2800,3.2315,-0.0610,-0.0610
11.3337,pi,6.2800,3.2251,-0.0611,-0.0611
11.3384,pi,6.2800,3.2202,-0.0612,-0.0612
11.3434,pi,6.2800,3.2162,-0.0613,-0.0613
11.3484,pi,6.2800,3.2589,-0.0604,-0.0604
11.3534,pi,6.2800,3.2478,-0.0606,-0.0606
11.3584,pi,6.2800,3.2844,-0.0599,-0.0599
11.3634,pi,6.2800,3.3134,-0.0593,-0.0593
11.3684,pi,6.2800,3.2910,-0.0598,-0.0598
11.3734,pi,6.2800,3.3193,-0.0592,-0.0592
11.3784,pi,6.2800,3.3416,-0.0588,-0.0588
11.3835,pi,6.2800,3.4049,-0.0575,-0.0575
11.3888,pi,6.2800,3.4272,-0.0571,-0.0571
11.3934,pi,6.2800,3.4452,-0.0567,-0.0567
11.3984,pi,6.2800,3.4598,-0.0564,-0.0564
11.4035,pi,6.2800,3.4714,-0.0562,-0.0562
11.4089,pi,6.2800,3.4293,-0.0570,-0.0570
11.4134,pi,6.2800,3.4466,-0.0567,-0.0567
11.4187,pi,6.2800,3.4608,-0.0564,-0.0564
11.4235,pi,6.2800,3.4217,-0.0572,-0.0572
11.4287,pi,6.2800,3.4404,-0.0568,-0.0568
11.4342,pi,6.2800,3.4056,-0.0575,-0.0575
11.4384,pi,6.2800,3.3641,-0.0583,-0.0583
11.4435,pi,6.2800,3.3316,-0.0590,-0.0590
11.4484,pi,6.2800,3.3508,-0.0586,-0.0586
11.4534,pi,6.2800,3.3206,-0.0592,-0.0592
11.4585,pi,6.2800,3.2963,-0.0597,-0.0597
11.4634,pi,6.2800,3.3233,-0.0591,-0.0591
11.4684,pi,6.2800,3.2987,-0.0596,-0.0596
11.4735,pi,6.2800,3.2789,-0.0600,-0.0600
11.4784,pi,6.2800,3.3089,-0.0594,-0.0594
11.4836,pi,6.2800,3.2869,-0.0599,-0.0599
11.4885,pi,6.2800,3.2694,-0.0602,-0.0602
11.4936,pi,6.2800,3.3012,-0.0596,-0.0596
11.4985,pi,6.2800,3.2943,-0.0597,-0.0597
11.5035,pi,6.2800,3.2888,-0.0598,-0.0598
11.5084,pi,6.2800,3.3347,-0.0589,-0.0589
11.5133,pi,6.2800,3.3532,-0.0585,-0.0585
11.5185,pi,6.2800,3.3224,-0.0592,-0.0592
11.5234,pi,6.2800,3.3434,-0.0587,-0.0587
11.5284,pi,6.2800,3.3281,-0.0590,-0.0590
11.5334,pi,6.2800,3.3478,-0.0586,-0.0586
11.5384,pi,6.2800,3.3640,-0.0583,-0.0583
11.5434,pi,6.2800,3.3445,-0.0587,-0.0587
11.5484,pi,6.2800,3.3610,-0.0584,-0.0584
11.5534,pi,6.2800,3.3745,-0.0581,-0.0581
11.5584,pi,6.2800,3.3530,-0.0585,-0.0585
11.5634,pi,6.2800,3.3860,-0.0579,-0.0579
11.5684,pi,6.2800,3.4125,-0.0573,-0.0573
11.5734,pi,6.2800,3.3833,-0.0579,-0.0579
11.5784,pi,6.2800,3.4103,-0.0574,-0.0574
11.5834,pi,6.2800,3.3816,-0.0580,-0.0580
11.5884,pi,6.2800,3.3586,-0.0584,-0.0584
11.5935,pi,6.2800,3.3403,-0.0588,-0.0588
11.5984,pi,6.2800,3.3256,-0.0591,-0.0591
11.6034,pi,6.2800,3.3139,-0.0593,-0.0593
11.6084,pi,6.2800,3.2907,-0.0598,-0.0598
11.6134,pi,6.2800,3.2860,-0.0599,-0.0599
11.6184,pi,6.2800,3.2823,-0.0600,-0.0600
11.6234,pi,6.2800,3.2656,-0.0603,-0.0603
11.6284,pi,6.2800,3.2981,-0.0596,-0.0596
11.6334,pi,6.2800,3.2781,-0.0600,-0.0600
11.6385,pi,6.2800,3.2758,-0.0601,-0.0601
11.6433,pi,6.2800,3.3061,-0.0595,-0.0595
11.6484,pi,6.2800,3.2982,-0.0596,-0.0596
11.6534,pi,6.2800,3.3240,-0.0591,-0.0591
11.6585,pi,6.2800,3.3447,-0.0587,-0.0587
11.6634,pi,6.2800,3.3290,-0.0590,-0.0590
11.6684,pi,6.2800,3.3166,-0.0593,-0.0593
11.6734,pi,6.2800,3.3569,-0.0585,-0.0585
11.6784,pi,6.2800,3.3389,-0.0588,-0.0588
11.6834,pi,6.2800,3.3747,-0.0581,-0.0581
11.6884,pi,6.2800,3.3851,-0.0579,-0.0579
11.6935,pi,6.2800,3.3614,-0.0584,-0.0584
11.6984,pi,6.2800,3.3744,-0.0581,-0.0581
11.7034,pi,6.2800,3.3528,-0.0585,-0.0585
11.7085,pi,6.2800,3.3357,-0.0589,-0.0589
11.7134,pi,6.2800,3.3539,-0.0585,-0.0585
11.7185,pi,6.2800,3.3687,-0.0582,-0.0582
11.7234,pi,6.2800,3.3483,-0.0586,-0.0586
11.7284,pi,6.2800,3.3823,-0.0580,-0.0580
11.7334,pi,6.2800,3.3592,-0.0584,-0.0584
11.7384,pi,6.2800,3.3272,-0.0591,-0.0591
11.7434,pi,6.2800,3.3472,-0.0587,-0.0587
11.7484,pi,6.2800,3.3633,-0.0583,-0.0583
11.7534,pi,6.2800,3.3303,-0.0590,-0.0590
11.7584,pi,6.2800,3.3498,-0.0586,-0.0586
11.7634,pi,6.2800,3.3332,-0.0589,-0.0589
11.7685,pi,6.2800,3.3198,-0.0592,-0.0592
11.7734,pi,6.2800,3.3412,-0.0588,-0.0588
11.7784,pi,6.2800,3.3587,-0.0584,-0.0584
11.7836,pi,6.2800,3.3400,-0.0588,-0.0588
11.7884,pi,6.2800,3.3755,-0.0581,-0.0581
11.7934,pi,6.2800,3.3538,-0.0585,-0.0585
11.7984,pi,6.2800,3.3363,-0.0589,-0.0589
11.8034,pi,6.2800,3.3545,-0.0585,-0.0585
11.8084,pi,6.2800,3.3370,-0.0589,-0.0589
11.8135,pi,6.2800,3.3229,-0.0591,-0.0591
11.8184,pi,6.2800,3.3437,-0.0587,-0.0587
11.8234,pi,6.2800,3.3283,-0.0590,-0.0590
11.8284,pi,6.2800,3.3160,-0.0593,-0.0593
11.8334,pi,6.2800,3.3380,-0.0588,-0.0588
11.8384,pi,6.2800,3.3560,-0.0585,-0.0585
11.8435,pi,6.2800,3.3382,-0.0588,-0.0588
11.8484,pi,6.2800,3.3742,-0.0581,-0.0581
11.8535,pi,6.2800,3.3526,-0.0585,-0.0585
11.8584,pi,6.2800,3.3858,-0.0579,-0.0579
11.8634,pi,6.2800,3.4123,-0.0574,-0.0574
11.8684,pi,6.2800,3.4153,-0.0573,-0.0573
11.8734,pi,6.2800,3.3720,-0.0582,-0.0582
11.8784,pi,6.2800,3.4013,-0.0576,-0.0576
11.8835,pi,6.2800,3.4063,-0.0575,-0.0575
11.8885,pi,6.2800,3.4287,-0.0570,-0.0570
11.8935,pi,6.2800,3.4461,-0.0567,-0.0567
11.8987,pi,6.2800,3.4102,-0.0574,-0.0574
11.9041,pi,6.2800,3.3800,-0.0580,-0.0580
11.9087,pi,6.2800,3.3577,-0.0584,-0.0584
11.9134,pi,6.2800,3.3259,-0.0591,-0.0591
11.9184,pi,6.2800,3.3006,-0.0596,-0.0596
11.9234,pi,6.2800,3.3260,-0.0591,-0.0591
11.9285,pi,6.2800,3.3143,-0.0593,-0.0593
11.9335,pi,6.2800,3.3551,-0.0585,-0.0585
11.9384,pi,6.2800,3.3695,-0.0582,-0.0582
11.9435,pi,6.2800,3.3354,-0.0589,-0.0589
11.9484,pi,6.2800,3.3088,-0.0594,-0.0594
11.9534,pi,6.2800,3.3328,-0.0589,-0.0589
11.9584,pi,6.2800,3.3531,-0.0585,-0.0585
11.9635,pi,6.2800,3.3222,-0.0592,-0.0592
11.9684,pi,6.2800,3.3614,-0.0584,-0.0584
11.9734,pi,6.2800,3.3426,-0.0587,-0.0587
11.9784,pi,6.2800,3.3595,-0.0584,-0.0584
11.9834,pi,6.2800,3.3730,-0.0581,-0.0581
11.9885,pi,6.2800,3.3518,-0.0586,-0.0586
11.9934,pi,6.2800,3.3670,-0.0583,-0.0583
11.9984,pi,6.2800,3.3791,-0.0580,-0.0580
12.0035,pi,6.2800,3.3887,-0.0578,-0.0578
12.0084,pi,6.2800,3.3965,-0.0577,-0.0577
12.0134,pi,6.2800,3.4026,-0.0575,-0.0575
12.0185,pi,6.2800,3.4076,-0.0574,-0.0574
12.0234,pi,6.2800,3.4116,-0.0574,-0.0574
12.0284,pi,6.2800,3.4148,-0.0573,-0.0573
12.0334,pi,6.2800,3.3714,-0.0582,-0.0582
12.0387,pi,6.2800,3.4008,-0.0576,-0.0576
12.0435,pi,6.2800,3.3737,-0.0581,-0.0581
12.0489,pi,6.2800,3.3521,-0.0586,-0.0586
12.0534,pi,6.2800,3.3349,-0.0589,-0.0589
12.0584,pi,6.2800,3.3213,-0.0592,-0.0592
12.0634,pi,6.2800,3.2968,-0.0597,-0.0597
12.0684,pi,6.2800,3.3411,-0.0588,-0.0588
12.0734,pi,6.2800,3.3261,-0.0591,-0.0591
12.0785,pi,6.2800,3.3144,-0.0593,-0.0593
12.0834,pi,6.2800,3.3369,-0.0589,-0.0589
12.0884,pi,6.2800,3.3550,-0.0585,-0.0585
12.0934,pi,6.2800,3.3237,-0.0591,-0.0591
12.0984,pi,6.2800,3.3445,-0.0587,-0.0587
12.1034,pi,6.2800,3.3612,-0.0584,-0.0584
12.1085,pi,6.2800,3.3423,-0.0588,-0.0588
12.1134,pi,6.2800,3.3774,-0.0581,-0.0581
12.1185,pi,6.2800,3.3553,-0.0585,-0.0585
12.1234,pi,6.2800,3.3696,-0.0582,-0.0582
12.1285,pi,6.2800,3.3991,-0.0576,-0.0576
12.1337,pi,6.2800,3.3721,-0.0582,-0.0582
12.1384,pi,6.2800,3.4009,-0.0576,-0.0576
12.1433,pi,6.2800,3.4060,-0.0575,-0.0575
12.1484,pi,6.2800,3.4104,-0.0574,-0.0574
12.1535,pi,6.2800,3.4139,-0.0573,-0.0573
12.1585,pi,6.2800,3.4348,-0.0569,-0.0569
12.1634,pi,6.2800,3.4013,-0.0576,-0.0576
12.1684,pi,6.2800,3.4066,-0.0575,-0.0575
12.1734,pi,6.2800,3.4109,-0.0574,-0.0574
12.1784,pi,6.2800,3.3686,-0.0582,-0.0582
12.1834,pi,6.2800,3.3806,-0.0580,-0.0580
12.1885,pi,6.2800,3.3904,-0.0578,-0.0578
12.1934,pi,6.2800,3.3657,-0.0583,-0.0583
12.1984,pi,6.2800,3.3781,-0.0580,-0.0580
12.2034,pi,6.2800,3.3879,-0.0578,-0.0578
12.2088,pi,6.2800,3.3636,-0.0583,-0.0583
12.2138,pi,6.2800,3.3944,-0.0577,-0.0577
12.2187,pi,6.2800,3.3690,-0.0582,-0.0582
12.2233,pi,6.2800,3.3350,-0.0589,-0.0589
12.2284,pi,6.2800,3.3536,-0.0585,-0.0585
12.2334,pi,6.2800,3.3684,-0.0582,-0.0582
12.2384,pi,6.2800,3.3346,-0.0589,-0.0589
12.2434,pi,6.2800,3.3532,-0.0585,-0.0585
12.2484,pi,6.2800,3.3682,-0.0582,-0.0582
12.2535,pi,6.2800,3.3342,-0.0589,-0.0589
12.2585,pi,6.2800,3.3527,-0.0585,-0.0585
12.2636,pi,6.2800,3.3676,-0.0582,-0.0582
12.2690,pi,6.2800,3.3469,-0.0587,-0.0587
12.2737,pi,6.2800,3.3809,-0.0580,-0.0580
12.2784,pi,6.2800,3.3581,-0.0584,-0.0584
12.2834,pi,6.2800,3.3397,-0.0588,-0.0588
12.2884,pi,6.2800,3.3754,-0.0581,-0.0581
12.2935,pi,6.2800,3.3537,-0.0585,-0.0585
12.2984,pi,6.2800,3.3363,-0.0589,-0.0589
12.3034,pi,6.2800,3.3727,-0.0581,-0.0581
12.3084,pi,6.2800,3.3835,-0.0579,-0.0579
12.3139,pi,6.2800,3.3599,-0.0584,-0.0584
12.3185,pi,6.2800,3.3735,-0.0581,-0.0581
12.3235,pi,6.2800,3.3523,-0.0586,-0.0586
12.3284,pi,6.2800,3.3218,-0.0592,-0.0592
12.3334,pi,6.2800,3.3429,-0.0587,-0.0587
12.3384,pi,6.2800,3.3599,-0.0584,-0.0584
12.3434,pi,6.2800,3.3411,-0.0588,-0.0588
12.3488,pi,6.2800,3.3762,-0.0581,-0.0581
12.3544,pi,6.2800,3.3538,-0.0585,-0.0585
12.3587,pi,6.2800,3.3365,-0.0589,-0.0589
12.3633,pi,6.2800,3.3546,-0.0585,-0.0585
12.3684,pi,6.2800,3.3371,-0.0589,-0.0589
12.3735,pi,6.2800,3.3231,-0.0591,-0.0591
12.3785,pi,6.2800,3.3621,-0.0584,-0.0584
12.3836,pi,6.2800,3.3426,-0.0587,-0.0587
12.3889,pi,6.2800,3.3270,-0.0591,-0.0591
12.3934,pi,6.2800,3.3652,-0.0583,-0.0583
12.3984,pi,6.2800,3.3776,-0.0580,-0.0580
12.4034,pi,6.2800,3.3421,-0.0588,-0.0588
12.4084,pi,6.2800,3.3595,-0.0584,-0.0584
12.4135,pi,6.2800,3.3410,-0.0588,-0.0588
12.4185,pi,6.2800,3.3259,-0.0591,-0.0591
12.4234,pi,6.2800,3.3642,-0.0583,-0.0583
12.4285,pi,6.2800,3.3448,-0.0587,-0.0587
12.4334,pi,6.2800,3.3612,-0.0584,-0.0584
12.4384,pi,6.2800,3.3747,-0.0581,-0.0581
12.4437,pi,6.2800,3.3854,-0.0579,-0.0579
12.4488,pi,6.2800,3.4120,-0.0574,-0.0574
12.4535,pi,6.2800,3.4332,-0.0569,-0.0569
12.4584,pi,6.2800,3.3999,-0.0576,-0.0576
12.4634,pi,6.2800,3.4054,-0.0575,-0.0575
12.4686,pi,6.2800,3.4097,-0.0574,-0.0574
12.4735,pi,6.2800,3.3811,-0.0580,-0.0580
12.4783,pi,6.2800,3.3905,-0.0578,-0.0578
12.4834,pi,6.2800,3.3658,-0.0583,-0.0583
12.4885,pi,6.2800,3.3461,-0.0587,-0.0587
12.4934,pi,6.2800,3.3623,-0.0584,-0.0584
12.4984,pi,6.2800,3.3433,-0.0587,-0.0587
12.5034,pi,6.2800,3.3143,-0.0593,-0.0593
12.5084,pi,6.2800,3.3371,-0.0589,-0.0589
12.5134,pi,6.2800,3.3231,-0.0591,-0.0591
12.5184,pi,6.2800,3.2981,-0.0596,-0.0596
12.5234,pi,6.2800,3.3242,-0.0591,-0.0591
12.5284,pi,6.2800,3.3128,-0.0593,-0.0593
12.5334,pi,6.2800,3.3037,-0.0595,-0.0595
12.5384,pi,6.2800,3.3466,-0.0587,-0.0587
12.5434,pi,6.2800,3.3307,-0.0590,-0.0590
12.5484,pi,6.2800,3.3043,-0.0595,-0.0595
12.5534,pi,6.2800,3.3289,-0.0590,-0.0590
12.5585,pi,6.2800,3.3162,-0.0593,-0.0593
12.5634,pi,6.2800,3.2929,-0.0597,-0.0597
12.5684,pi,6.2800,3.3381,-0.0588,-0.0588
12.5734,pi,6.2800,3.3239,-0.0591,-0.0591
12.5784,pi,6.2800,3.3627,-0.0583,-0.0583
12.5834,pi,6.2800,3.3939,-0.0577,-0.0577
12.5885,pi,6.2800,3.3686,-0.0582,-0.0582
12.5934,pi,6.2800,3.3802,-0.0580,-0.0580
12.5985,pi,6.2800,3.4079,-0.0574,-0.0574
12.6035,pi,6.2800,3.3797,-0.0580,-0.0580
12.6084,pi,6.2800,3.3891,-0.0578,-0.0578
12.6134,pi,6.2800,3.4149,-0.0573,-0.0573
12.6185,pi,6.2800,3.4172,-0.0573,-0.0573
12.6234,pi,6.2800,3.4193,-0.0572,-0.0572
12.6284,pi,6.2800,3.4210,-0.0572,-0.0572
12.6335,pi,6.2800,3.3901,-0.0578,-0.0578
12.6384,pi,6.2800,3.3976,-0.0576,-0.0576
12.6434,pi,6.2800,3.4035,-0.0575,-0.0575
12.6485,pi,6.2800,3.3625,-0.0583,-0.0583
12.6535,pi,6.2800,3.3937,-0.0577,-0.0577
12.6584,pi,6.2800,3.4004,-0.0576,-0.0576
12.6635,pi,6.2800,3.3737,-0.0581,-0.0581
12.6684,pi,6.2800,3.3845,-0.0579,-0.0579
12.6734,pi,6.2800,3.3933,-0.0577,-0.0577
12.6785,pi,6.2800,3.3546,-0.0585,-0.0585
12.6834,pi,6.2800,3.3692,-0.0582,-0.0582
12.6884,pi,6.2800,3.3811,-0.0580,-0.0580
12.6936,pi,6.2800,3.3577,-0.0584,-0.0584
12.6987,pi,6.2800,3.3897,-0.0578,-0.0578
12.7038,pi,6.2800,3.3651,-0.0583,-0.0583
12.7084,pi,6.2800,3.3454,-0.0587,-0.0587
12.7133,pi,6.2800,3.3620,-0.0584,-0.0584
12.7183,pi,6.2800,3.3753,-0.0581,-0.0581
12.7234,pi,6.2800,3.3536,-0.0585,-0.0585
12.7284,pi,6.2800,3.3683,-0.0582,-0.0582
12.7334,pi,6.2800,3.3480,-0.0586,-0.0586
12.7384,pi,6.2800,3.3316,-0.0590,-0.0590
12.7434,pi,6.2800,3.3505,-0.0586,-0.0586
12.7485,pi,6.2800,3.3338,-0.0589,-0.0589
12.7534,pi,6.2800,3.3067,-0.0595,-0.0595
12.7584,pi,6.2800,3.3310,-0.0590,-0.0590
12.7634,pi,6.2800,3.3179,-0.0592,-0.0592
12.7684,pi,6.2800,3.3076,-0.0594,-0.0594
12.7734,pi,6.2800,3.3497,-0.0586,-0.0586
12.7784,pi,6.2800,3.3654,-0.0583,-0.0583
12.7837,pi,6.2800,3.3454,-0.0587,-0.0587
12.7885,pi,6.2800,3.3797,-0.0580,-0.0580
12.7935,pi,6.2800,3.3572,-0.0585,-0.0585
12.7984,pi,6.2800,3.3255,-0.0591,-0.0591
12.8034,pi,6.2800,3.3460,-0.0587,-0.0587
12.8084,pi,6.2800,3.3624,-0.0584,-0.0584
12.8135,pi,6.2800,3.3433,-0.0587,-0.0587
12.8184,pi,6.2800,3.3783,-0.0580,-0.0580
12.8234,pi,6.2800,3.3559,-0.0585,-0.0585
12.8284,pi,6.2800,3.3381,-0.0588,-0.0588
12.8334,pi,6.2800,3.3556,-0.0585,-0.0585
12.8384,pi,6.2800,3.3700,-0.0582,-0.0582
12.8434,pi,6.2800,3.3360,-0.0589,-0.0589
12.8484,pi,6.2800,3.3543,-0.0585,-0.0585
12.8535,pi,6.2800,3.3367,-0.0589,-0.0589
12.8584,pi,6.2800,3.3228,-0.0591,-0.0591
12.8634,pi,6.2800,3.3436,-0.0587,-0.0587
12.8684,pi,6.2800,3.3604,-0.0584,-0.0584
12.8734,pi,6.2800,3.3280,-0.0590,-0.0590
12.8784,pi,6.2800,3.3660,-0.0583,-0.0583
12.8834,pi,6.2800,3.3782,-0.0580,-0.0580
12.8884,pi,6.2800,3.3423,-0.0588,-0.0588
12.8934,pi,6.2800,3.3593,-0.0584,-0.0584
12.8985,pi,6.2800,3.3404,-0.0588,-0.0588
12.9035,pi,6.2800,3.3258,-0.0591,-0.0591
12.9084,pi,6.2800,3.3643,-0.0583,-0.0583
12.9134,pi,6.2800,3.3448,-0.0587,-0.0587
12.9184,pi,6.2800,3.3292,-0.0590,-0.0590
12.9235,pi,6.2800,3.3670,-0.0583,-0.0583
12.9285,pi,6.2800,3.3469,-0.0587,-0.0587
12.9335,pi,6.2800,3.3309,-0.0590,-0.0590
12.9385,pi,6.2800,3.3683,-0.0582,-0.0582
12.9434,pi,6.2800,3.3481,-0.0586,-0.0586
12.9484,pi,6.2800,3.3182,-0.0592,-0.0592
12.9534,pi,6.2800,3.3582,-0.0584,-0.0584
12.9584,pi,6.2800,3.3720,-0.0582,-0.0582
12.9635,pi,6.2800,3.3375,-0.0588,-0.0588
12.9684,pi,6.2800,3.3554,-0.0585,-0.0585
12.9734,pi,6.2800,3.3699,-0.0582,-0.0582
12.9785,pi,6.2800,3.3359,-0.0589,-0.0589
12.9834,pi,6.2800,3.3542,-0.0585,-0.0585
12.9886,pi,6.2800,3.3368,-0.0589,-0.0589
12.9935,pi,6.2800,3.3728,-0.0581,-0.0581
12.9984,pi,6.2800,3.3836,-0.0579,-0.0579
13.0034,pi,6.2800,3.3924,-0.0578,-0.0578
13.0084,pi,6.2800,3.3994,-0.0576,-0.0576
13.0134,pi,6.2800,3.4233,-0.0571,-0.0571
13.0184,pi,6.2800,3.4241,-0.0571,-0.0571
13.0234,pi,6.2800,3.4248,-0.0571,-0.0571
13.0284,pi,6.2800,3.4435,-0.0567,-0.0567
13.0334,pi,6.2800,3.4081,-0.0574,-0.0574
13.0384,pi,6.2800,3.4120,-0.0574,-0.0574
13.0434,pi,6.2800,3.4151,-0.0573,-0.0573
13.0484,pi,6.2800,3.3723,-0.0582,-0.0582
13.0534,pi,6.2800,3.3833,-0.0579,-0.0579
13.0584,pi,6.2800,3.3600,-0.0584,-0.0584
13.0634,pi,6.2800,3.3277,-0.0590,-0.0590
13.0685,pi,6.2800,3.3658,-0.0583,-0.0583
13.0734,pi,6.2800,3.3461,-0.0587,-0.0587
13.0784,pi,6.2800,3.3168,-0.0593,-0.0593
13.0834,pi,6.2800,3.3388,-0.0588,-0.0588
13.0885,pi,6.2800,3.3245,-0.0591,-0.0591
13.0934,pi,6.2800,3.3129,-0.0593,-0.0593
13.0990,pi,6.2800,3.3034,-0.0595,-0.0595
13.1042,pi,6.2800,3.2959,-0.0597,-0.0597
13.1086,pi,6.2800,3.2900,-0.0598,-0.0598
13.1135,pi,6.2800,3.2854,-0.0599,-0.0599
13.1183,pi,6.2800,3.3138,-0.0593,-0.0593
13.1234,pi,6.2800,3.2911,-0.0598,-0.0598
13.1289,pi,6.2800,3.2858,-0.0599,-0.0599
13.1337,pi,6.2800,3.2816,-0.0600,-0.0600
13.1388,pi,6.2800,3.2784,-0.0600,-0.0600
13.1435,pi,6.2800,3.2756,-0.0601,-0.0601
13.1484,pi,6.2800,3.3058,-0.0595,-0.0595
13.1535,pi,6.2800,3.2975,-0.0597,-0.0597
13.1584,pi,6.2800,3.3234,-0.0591,-0.0591
13.1635,pi,6.2800,3.3623,-0.0584,-0.0584
13.1684,pi,6.2800,3.3433,-0.0587,-0.0587
13.1735,pi,6.2800,3.3779,-0.0580,-0.0580
13.1785,pi,6.2800,3.3878,-0.0578,-0.0578
13.1834,pi,6.2800,3.3962,-0.0577,-0.0577
13.1885,pi,6.2800,3.3571,-0.0585,-0.0585
13.1935,pi,6.2800,3.3713,-0.0582,-0.0582
13.1993,pi,6.2800,3.3498,-0.0586,-0.0586
13.2047,pi,6.2800,3.3650,-0.0583,-0.0583
13.2094,pi,6.2800,3.3455,-0.0587,-0.0587
13.2137,pi,6.2800,3.3161,-0.0593,-0.0593
13.2184,pi,6.2800,3.3058,-0.0595,-0.0595
13.2233,pi,6.2800,3.3301,-0.0590,-0.0590
13.2284,pi,6.2800,3.3045,-0.0595,-0.0595
13.2335,pi,6.2800,3.3473,-0.0587,-0.0587
13.2384,pi,6.2800,3.3813,-0.0580,-0.0580
13.2434,pi,6.2800,3.3904,-0.0578,-0.0578
13.2484,pi,6.2800,3.3977,-0.0576,-0.0576
13.2533,pi,6.2800,3.4043,-0.0575,-0.0575
13.2584,pi,6.2800,3.3636,-0.0583,-0.0583
13.2634,pi,6.2800,3.3766,-0.0581,-0.0581
13.2684,pi,6.2800,3.3869,-0.0579,-0.0579
13.2734,pi,6.2800,3.3956,-0.0577,-0.0577
13.2784,pi,6.2800,3.4021,-0.0576,-0.0576
13.2835,pi,6.2800,3.3748,-0.0581,-0.0581
13.2885,pi,6.2800,3.3531,-0.0585,-0.0585
13.2933,pi,6.2800,3.3681,-0.0582,-0.0582
13.2985,pi,6.2800,3.3473,-0.0587,-0.0587
13.3034,pi,6.2800,3.3314,-0.0590,-0.0590
13.3084,pi,6.2800,3.3687,-0.0582,-0.0582
13.3134,pi,6.2800,3.3479,-0.0586,-0.0586
13.3185,pi,6.2800,3.3316,-0.0590,-0.0590
13.3234,pi,6.2800,3.3688,-0.0582,-0.0582
13.3284,pi,6.2800,3.3485,-0.0586,-0.0586
13.3334,pi,6.2800,3.3182,-0.0592,-0.0592
13.3384,pi,6.2800,3.3404,-0.0588,-0.0588
13.3434,pi,6.2800,3.3581,-0.0584,-0.0584
13.3484,pi,6.2800,3.3262,-0.0591,-0.0591
13.3534,pi,6.2800,3.3471,-0.0587,-0.0587
13.3584,pi,6.2800,3.3310,-0.0590,-0.0590
13.3634,pi,6.2800,3.3046,-0.0595,-0.0595
13.3684,pi,6.2800,3.3294,-0.0590,-0.0590
13.3734,pi,6.2800,3.3168,-0.0593,-0.0593
13.3784,pi,6.2800,3.3567,-0.0585,-0.0585
13.3835,pi,6.2800,3.3888,-0.0578,-0.0578
13.3886,pi,6.2800,3.3639,-0.0583,-0.0583
13.3934,pi,6.2800,3.3445,-0.0587,-0.0587
13.3984,pi,6.2800,3.3154,-0.0593,-0.0593
13.4035,pi,6.2800,3.3379,-0.0588,-0.0588
13.4084,pi,6.2800,3.3101,-0.0594,-0.0594
13.4134,pi,6.2800,3.3337,-0.0589,-0.0589
13.4184,pi,6.2800,3.3524,-0.0586,-0.0586
13.4237,pi,6.2800,3.3349,-0.0589,-0.0589
13.4294,pi,6.2800,3.3204,-0.0592,-0.0592
13.4345,pi,6.2800,3.3090,-0.0594,-0.0594
13.4391,pi,6.2800,3.3500,-0.0586,-0.0586
13.4455,pi,6.2800,3.3820,-0.0580,-0.0580
13.4522,pi,6.2800,3.4074,-0.0575,-0.0575
13.4569,pi,6.2800,3.4271,-0.0571,-0.0571
13.4620,pi,6.2800,3.4439,-0.0567,-0.0567
13.4678,pi,6.2800,3.4083,-0.0574,-0.0574
13.4726,pi,6.2800,3.3778,-0.0580,-0.0580
13.4771,pi,6.2800,3.4051,-0.0575,-0.0575
13.4836,pi,6.2800,3.4092,-0.0574,-0.0574
13.4903,pi,6.2800,3.3785,-0.0580,-0.0580
13.4955,pi,6.2800,3.3556,-0.0585,-0.0585
13.5007,pi,6.2800,3.3253,-0.0591,-0.0591
13.5057,pi,6.2800,3.3010,-0.0596,-0.0596
13.5113,pi,6.2800,3.3272,-0.0591,-0.0591
13.5165,pi,6.2800,3.3031,-0.0595,-0.0595
13.5213,pi,6.2800,3.2830,-0.0599,-0.0599
13.5274,pi,6.2800,3.3118,-0.0594,-0.0594
13.5339,pi,6.2800,3.3357,-0.0589,-0.0589
13.5391,pi,6.2800,3.3211,-0.0592,-0.0592
13.5452,pi,6.2800,3.3409,-0.0588,-0.0588
13.5504,pi,6.2800,3.3596,-0.0584,-0.0584
13.5555,pi,6.2800,3.3400,-0.0588,-0.0588
13.5610,pi,6.2800,3.3666,-0.0583,-0.0583
13.5679,pi,6.2800,3.3768,-0.0581,-0.0581
13.5744,pi,6.2800,3.4007,-0.0576,-0.0576
13.5791,pi,6.2800,3.4212,-0.0572,-0.0572
13.5840,pi,6.2800,3.3820,-0.0580,-0.0580
13.5889,pi,6.2800,3.3598,-0.0584,-0.0584
13.5930,pi,6.2800,3.3730,-0.0581,-0.0581
13.5971,pi,6.2800,3.3847,-0.0579,-0.0579
13.6013,pi,6.2800,3.3948,-0.0577,-0.0577
13.6057,pi,6.2800,3.4016,-0.0576,-0.0576
13.6097,pi,6.2800,3.4079,-0.0574,-0.0574
13.6139,pi,6.2800,3.4271,-0.0571,-0.0571
13.6178,pi,6.2800,3.4279,-0.0570,-0.0570
13.6217,pi,6.2800,3.3869,-0.0579,-0.0579
13.6257,pi,6.2800,3.3959,-0.0577,-0.0577
13.6297,pi,6.2800,3.4073,-0.0575,-0.0575
13.6336,pi,6.2800,3.4128,-0.0573,-0.0573
13.6375,pi,6.2800,3.3705,-0.0582,-0.0582
13.6414,pi,6.2800,3.3821,-0.0580,-0.0580
13.6453,pi,6.2800,3.3459,-0.0587,-0.0587
13.6493,pi,6.2800,3.3166,-0.0593,-0.0593
13.6539,pi,6.2800,3.3389,-0.0588,-0.0588
13.6586,pi,6.2800,3.3246,-0.0591,-0.0591
13.6634,pi,6.2800,3.3451,-0.0587,-0.0587
13.6684,pi,6.2800,3.3619,-0.0584,-0.0584
13.6734,pi,6.2800,3.3304,-0.0590,-0.0590
13.6784,pi,6.2800,3.3513,-0.0586,-0.0586
13.6834,pi,6.2800,3.3665,-0.0583,-0.0583
13.6885,pi,6.2800,3.3789,-0.0580,-0.0580
13.6935,pi,6.2800,3.3429,-0.0587,-0.0587
13.6984,pi,6.2800,3.3599,-0.0584,-0.0584
13.7034,pi,6.2800,3.3734,-0.0581,-0.0581
13.7085,pi,6.2800,3.3388,-0.0588,-0.0588
13.7134,pi,6.2800,3.3566,-0.0585,-0.0585
13.7185,pi,6.2800,3.3386,-0.0588,-0.0588
13.7235,pi,6.2800,3.3105,-0.0594,-0.0594
13.7285,pi,6.2800,3.3017,-0.0596,-0.0596
13.7334,pi,6.2800,3.2810,-0.0600,-0.0600
13.7385,pi,6.2800,3.2782,-0.0600,-0.0600
13.7434,pi,6.2800,3.3080,-0.0594,-0.0594
13.7485,pi,6.2800,3.2999,-0.0596,-0.0596
13.7534,pi,6.2800,3.2933,-0.0597,-0.0597
13.7585,pi,6.2800,3.3382,-0.0588,-0.0588
13.7634,pi,6.2800,3.3240,-0.0591,-0.0591
13.7684,pi,6.2800,3.2989,-0.0596,-0.0596
13.7734,pi,6.2800,3.3246,-0.0591,-0.0591
13.7785,pi,6.2800,3.3453,-0.0587,-0.0587
13.7839,pi,6.2800,3.3295,-0.0590,-0.0590
13.7885,pi,6.2800,3.3673,-0.0583,-0.0583
13.7935,pi,6.2800,3.3470,-0.0587,-0.0587
13.7984,pi,6.2800,3.3629,-0.0583,-0.0583
13.8034,pi,6.2800,3.3757,-0.0581,-0.0581
13.8085,pi,6.2800,3.3862,-0.0579,-0.0579
13.8135,pi,6.2800,3.3944,-0.0577,-0.0577
13.8185,pi,6.2800,3.4192,-0.0572,-0.0572
13.8234,pi,6.2800,3.3888,-0.0578,-0.0578
13.8284,pi,6.2800,3.3966,-0.0577,-0.0577
13.8335,pi,6.2800,3.4026,-0.0575,-0.0575
13.8385,pi,6.2800,3.3755,-0.0581,-0.0581
13.8434,pi,6.2800,3.3858,-0.0579,-0.0579
13.8485,pi,6.2800,3.3620,-0.0584,-0.0584
13.8538,pi,6.2800,3.3423,-0.0588,-0.0588
13.8593,pi,6.2800,3.3765,-0.0581,-0.0581
13.8639,pi,6.2800,3.3542,-0.0585,-0.0585
13.8694,pi,6.2800,3.3366,-0.0589,-0.0589
13.8750,pi,6.2800,3.3672,-0.0583,-0.0583
13.8790,pi,6.2800,3.3490,-0.0586,-0.0586
13.8836,pi,6.2800,3.3321,-0.0590,-0.0590
13.8886,pi,6.2800,3.3692,-0.0582,-0.0582
13.8935,pi,6.2800,3.3808,-0.0580,-0.0580
13.8986,pi,6.2800,3.3581,-0.0584,-0.0584
13.9035,pi,6.2800,3.3719,-0.0582,-0.0582
13.9086,pi,6.2800,3.3836,-0.0579,-0.0579
13.9135,pi,6.2800,3.3473,-0.0587,-0.0587
13.9184,pi,6.2800,3.3638,-0.0583,-0.0583
13.9235,pi,6.2800,3.3768,-0.0581,-0.0581
13.9285,pi,6.2800,3.3482,-0.0586,-0.0586
13.9335,pi,6.2800,3.3641,-0.0583,-0.0583
13.9385,pi,6.2800,3.3446,-0.0587,-0.0587
13.9435,pi,6.2800,3.3291,-0.0590,-0.0590
13.9485,pi,6.2800,3.3669,-0.0583,-0.0583
13.9535,pi,6.2800,3.3470,-0.0587,-0.0587
13.9586,pi,6.2800,3.3309,-0.0590,-0.0590
13.9634,pi,6.2800,3.3685,-0.0582,-0.0582
13.9686,pi,6.2800,3.3482,-0.0586,-0.0586
13.9739,pi,6.2800,3.3319,-0.0590,-0.0590
13.9785,pi,6.2800,3.3510,-0.0586,-0.0586
13.9835,pi,6.2800,3.3337,-0.0589,-0.0589
13.9885,pi,6.2800,3.3067,-0.0595,-0.0595
13.9935,pi,6.2800,3.3490,-0.0586,-0.0586
13.9985,pi,6.2800,3.3647,-0.0583,-0.0583
14.0035,pi,6.2800,3.3452,-0.0587,-0.0587
14.0087,pi,6.2800,3.3795,-0.0580,-0.0580
14.0138,pi,6.2800,3.3569,-0.0585,-0.0585
14.0192,pi,6.2800,3.3380,-0.0588,-0.0588
14.0245,pi,6.2800,3.3675,-0.0583,-0.0583
14.0286,pi,6.2800,3.3493,-0.0586,-0.0586
14.0334,pi,6.2800,3.3647,-0.0583,-0.0583
14.0384,pi,6.2800,3.3777,-0.0580,-0.0580
14.0435,pi,6.2800,3.3877,-0.0578,-0.0578
14.0485,pi,6.2800,3.3636,-0.0583,-0.0583
14.0537,pi,6.2800,3.3946,-0.0577,-0.0577
14.0595,pi,6.2800,3.3690,-0.0582,-0.0582
14.0637,pi,6.2800,3.3486,-0.0586,-0.0586
14.0684,pi,6.2800,3.3645,-0.0583,-0.0583
14.0735,pi,6.2800,3.3778,-0.0580,-0.0580
14.0784,pi,6.2800,3.3499,-0.0586,-0.0586
14.0834,pi,6.2800,3.3333,-0.0589,-0.0589
14.0885,pi,6.2800,3.3200,-0.0592,-0.0592
14.0934,pi,6.2800,3.3413,-0.0588,-0.0588
14.0984,pi,6.2800,3.3585,-0.0584,-0.0584
14.1035,pi,6.2800,3.3401,-0.0588,-0.0588
14.1084,pi,6.2800,3.3577,-0.0584,-0.0584
14.1140,pi,6.2800,3.3720,-0.0582,-0.0582
14.1190,pi,6.2800,3.3504,-0.0586,-0.0586
14.1245,pi,6.2800,3.3836,-0.0579,-0.0579
14.1297,pi,6.2800,3.4100,-0.0574,-0.0574
14.1344,pi,6.2800,3.3808,-0.0580,-0.0580
14.1399,pi,6.2800,3.3577,-0.0584,-0.0584
14.1446,pi,6.2800,3.3389,-0.0588,-0.0588
14.1496,pi,6.2800,3.3242,-0.0591,-0.0591
14.1544,pi,6.2800,3.3628,-0.0583,-0.0583
14.1596,pi,6.2800,3.3432,-0.0587,-0.0587
14.1643,pi,6.2800,3.3275,-0.0591,-0.0591
14.1691,pi,6.2800,3.3470,-0.0587,-0.0587
14.1745,pi,6.2800,3.3306,-0.0590,-0.0590
14.1792,pi,6.2800,3.3045,-0.0595,-0.0595
14.1840,pi,6.2800,3.3474,-0.0587,-0.0587
14.1888,pi,6.2800,3.3815,-0.0580,-0.0580
14.1967,pi,6.2800,3.3844,-0.0579,-0.0579
14.2027,pi,6.2800,3.4025,-0.0575,-0.0575
14.2082,pi,6.2800,3.3747,-0.0581,-0.0581
14.2130,pi,6.2800,3.3397,-0.0588,-0.0588
14.2177,pi,6.2800,3.3572,-0.0585,-0.0585
14.2225,pi,6.2800,3.3390,-0.0588,-0.0588
14.2266,pi,6.2800,3.3566,-0.0585,-0.0585
14.2305,pi,6.2800,3.3714,-0.0582,-0.0582
14.2344,pi,6.2800,3.3830,-0.0579,-0.0579
14.2388,pi,6.2800,3.3921,-0.0578,-0.0578
14.2434,pi,6.2800,3.3997,-0.0576,-0.0576
14.2485,pi,6.2800,3.3823,-0.0580,-0.0580
14.2534,pi,6.2800,3.3918,-0.0578,-0.0578
14.2584,pi,6.2800,3.3999,-0.0576,-0.0576
14.2638,pi,6.2800,3.4057,-0.0575,-0.0575
14.2684,pi,6.2800,3.4104,-0.0574,-0.0574
14.2734,pi,6.2800,3.4145,-0.0573,-0.0573
14.2785,pi,6.2800,3.3721,-0.0582,-0.0582
14.2834,pi,6.2800,3.4013,-0.0576,-0.0576
14.2884,pi,6.2800,3.4063,-0.0575,-0.0575
14.2934,pi,6.2800,3.3653,-0.0583,-0.0583
14.2984,pi,6.2800,3.3778,-0.0580,-0.0580
14.3035,pi,6.2800,3.3555,-0.0585,-0.0585
14.3085,pi,6.2800,3.3378,-0.0588,-0.0588
14.3135,pi,6.2800,3.3557,-0.0585,-0.0585
14.3185,pi,6.2800,3.3379,-0.0588,-0.0588
14.3236,pi,6.2800,3.3238,-0.0591,-0.0591
14.3284,pi,6.2800,3.3626,-0.0583,-0.0583
14.3335,pi,6.2800,3.3754,-0.0581,-0.0581
14.3384,pi,6.2800,3.3536,-0.0585,-0.0585
14.3434,pi,6.2800,3.3865,-0.0579,-0.0579
14.3484,pi,6.2800,3.3625,-0.0583,-0.0583
14.3534,pi,6.2800,3.3299,-0.0590,-0.0590
14.3584,pi,6.2800,3.3494,-0.0586,-0.0586
14.3634,pi,6.2800,3.3329,-0.0589,-0.0589
14.3685,pi,6.2800,3.3060,-0.0595,-0.0595
14.3734,pi,6.2800,3.3304,-0.0590,-0.0590
14.3784,pi,6.2800,3.3498,-0.0586,-0.0586
14.3835,pi,6.2800,3.3333,-0.0589,-0.0589
14.3886,pi,6.2800,3.3704,-0.0582,-0.0582
14.3934,pi,6.2800,3.3496,-0.0586,-0.0586
14.3984,pi,6.2800,3.3331,-0.0589,-0.0589
14.4038,pi,6.2800,3.3700,-0.0582,-0.0582
14.4086,pi,6.2800,3.3491,-0.0586,-0.0586
14.4136,pi,6.2800,3.3191,-0.0592,-0.0592
14.4186,pi,6.2800,3.3590,-0.0584,-0.0584
14.4234,pi,6.2800,3.3405,-0.0588,-0.0588
14.4283,pi,6.2800,3.3580,-0.0584,-0.0584
14.4334,pi,6.2800,3.3901,-0.0578,-0.0578
14.4384,pi,6.2800,3.3975,-0.0577,-0.0577
14.4435,pi,6.2800,3.3578,-0.0584,-0.0584
14.4485,pi,6.2800,3.3899,-0.0578,-0.0578
14.4534,pi,6.2800,3.3974,-0.0577,-0.0577
14.4584,pi,6.2800,3.4033,-0.0575,-0.0575
14.4634,pi,6.2800,3.4263,-0.0571,-0.0571
14.4683,pi,6.2800,3.4265,-0.0571,-0.0571
14.4734,pi,6.2800,3.4271,-0.0571,-0.0571
14.4784,pi,6.2800,3.4273,-0.0571,-0.0571
14.4835,pi,6.2800,3.3950,-0.0577,-0.0577
14.4884,pi,6.2800,3.3695,-0.0582,-0.0582
14.4935,pi,6.2800,3.3993,-0.0576,-0.0576
14.4984,pi,6.2800,3.4049,-0.0575,-0.0575
14.5035,pi,6.2800,3.4274,-0.0571,-0.0571
14.5084,pi,6.2800,3.4274,-0.0571,-0.0571
14.5135,pi,6.2800,3.3818,-0.0580,-0.0580
14.5185,pi,6.2800,3.3589,-0.0584,-0.0584
14.5234,pi,6.2800,3.3404,-0.0588,-0.0588
14.5284,pi,6.2800,3.3121,-0.0594,-0.0594
14.5335,pi,6.2800,3.2892,-0.0598,-0.0598
14.5386,pi,6.2800,3.3350,-0.0589,-0.0589
14.5435,pi,6.2800,3.3214,-0.0592,-0.0592
14.5484,pi,6.2800,3.3427,-0.0587,-0.0587
14.5536,pi,6.2800,3.3596,-0.0584,-0.0584
14.5585,pi,6.2800,3.3409,-0.0588,-0.0588
14.5635,pi,6.2800,3.3262,-0.0591,-0.0591
14.5685,pi,6.2800,3.3646,-0.0583,-0.0583
14.5734,pi,6.2800,3.3772,-0.0581,-0.0581
14.5784,pi,6.2800,3.3874,-0.0579,-0.0579
14.5834,pi,6.2800,3.3952,-0.0577,-0.0577
14.5884,pi,6.2800,3.4017,-0.0576,-0.0576
14.5935,pi,6.2800,3.3612,-0.0584,-0.0584
14.5985,pi,6.2800,3.3423,-0.0588,-0.0588
14.6034,pi,6.2800,3.3135,-0.0593,-0.0593
14.6084,pi,6.2800,3.2907,-0.0598,-0.0598
14.6134,pi,6.2800,3.3183,-0.0592,-0.0592
14.6184,pi,6.2800,3.3401,-0.0588,-0.0588
14.6234,pi,6.2800,3.3256,-0.0591,-0.0591
14.6284,pi,6.2800,3.3461,-0.0587,-0.0587
14.6335,pi,6.2800,3.3165,-0.0593,-0.0593
14.6385,pi,6.2800,3.3065,-0.0595,-0.0595
14.6434,pi,6.2800,3.3307,-0.0590,-0.0590
14.6485,pi,6.2800,3.3502,-0.0586,-0.0586
14.6535,pi,6.2800,3.3335,-0.0589,-0.0589
14.6584,pi,6.2800,3.3704,-0.0582,-0.0582
14.6641,pi,6.2800,3.3490,-0.0586,-0.0586
14.6692,pi,6.2800,3.3325,-0.0590,-0.0590
14.6738,pi,6.2800,3.3514,-0.0586,-0.0586
14.6784,pi,6.2800,3.3346,-0.0589,-0.0589
14.6834,pi,6.2800,3.3210,-0.0592,-0.0592
14.6884,pi,6.2800,3.3603,-0.0584,-0.0584
14.6934,pi,6.2800,3.3418,-0.0588,-0.0588
14.6984,pi,6.2800,3.3589,-0.0584,-0.0584
14.7034,pi,6.2800,3.3725,-0.0581,-0.0581
14.7084,pi,6.2800,3.3836,-0.0579,-0.0579
14.7134,pi,6.2800,3.3925,-0.0577,-0.0577
14.7184,pi,6.2800,3.4000,-0.0576,-0.0576
14.7235,pi,6.2800,3.3735,-0.0581,-0.0581
14.7284,pi,6.2800,3.4023,-0.0576,-0.0576
14.7337,pi,6.2800,3.4251,-0.0571,-0.0571
14.7390,pi,6.2800,3.4249,-0.0571,-0.0571
14.7437,pi,6.2800,3.4434,-0.0567,-0.0567
14.7484,pi,6.2800,3.4079,-0.0574,-0.0574
14.7534,pi,6.2800,3.3797,-0.0580,-0.0580
14.7584,pi,6.2800,3.4074,-0.0575,-0.0575
14.7635,pi,6.2800,3.3791,-0.0580,-0.0580
14.7684,pi,6.2800,3.3566,-0.0585,-0.0585
14.7734,pi,6.2800,3.3385,-0.0588,-0.0588
14.7784,pi,6.2800,3.3562,-0.0585,-0.0585
14.7835,pi,6.2800,3.3246,-0.0591,-0.0591
14.7885,pi,6.2800,3.2995,-0.0596,-0.0596
14.7935,pi,6.2800,3.2931,-0.0597,-0.0597
14.7984,pi,6.2800,3.2745,-0.0601,-0.0601
14.8034,pi,6.2800,3.2595,-0.0604,-0.0604
14.8084,pi,6.2800,3.2932,-0.0597,-0.0597
14.8134,pi,6.2800,3.2744,-0.0601,-0.0601
14.8184,pi,6.2800,3.3051,-0.0595,-0.0595
14.8234,pi,6.2800,3.3298,-0.0590,-0.0590
14.8284,pi,6.2800,3.3497,-0.0586,-0.0586
14.8334,pi,6.2800,3.3835,-0.0579,-0.0579
14.8383,pi,6.2800,3.3924,-0.0578,-0.0578
14.8434,pi,6.2800,3.3999,-0.0576,-0.0576
14.8484,pi,6.2800,3.4235,-0.0571,-0.0571
14.8535,pi,6.2800,3.4423,-0.0568,-0.0568
14.8584,pi,6.2800,3.4573,-0.0565,-0.0565
14.8635,pi,6.2800,3.4694,-0.0562,-0.0562
14.8684,pi,6.2800,3.4285,-0.0570,-0.0570
14.8734,pi,6.2800,3.4462,-0.0567,-0.0567
14.8784,pi,6.2800,3.4603,-0.0564,-0.0564
14.8834,pi,6.2800,3.4533,-0.0565,-0.0565
14.8885,pi,6.2800,3.4158,-0.0573,-0.0573
14.8936,pi,6.2800,3.3857,-0.0579,-0.0579
14.8984,pi,6.2800,3.3617,-0.0584,-0.0584
14.9033,pi,6.2800,3.3294,-0.0590,-0.0590
14.9084,pi,6.2800,3.3037,-0.0595,-0.0595
14.9134,pi,6.2800,3.2828,-0.0599,-0.0599
14.9184,pi,6.2800,3.2661,-0.0603,-0.0603
14.9235,pi,6.2800,3.2159,-0.0613,-0.0613
14.9284,pi,6.2800,3.2126,-0.0613,-0.0613
14.9334,pi,6.2800,3.2097,-0.0614,-0.0614
14.9384,pi,6.2800,3.2075,-0.0615,-0.0615
14.9434,pi,6.2800,3.2515,-0.0606,-0.0606
14.9484,pi,6.2800,3.2868,-0.0599,-0.0599
14.9535,pi,6.2800,3.2826,-0.0599,-0.0599
14.9585,pi,6.2800,3.3294,-0.0590,-0.0590
14.9639,pi,6.2800,3.3167,-0.0593,-0.0593
14.9686,pi,6.2800,3.3568,-0.0585,-0.0585
14.9734,pi,6.2800,3.3707,-0.0582,-0.0582
14.9784,pi,6.2800,3.3824,-0.0580,-0.0580
14.9833,pi,6.2800,3.3916,-0.0578,-0.0578
14.9885,pi,6.2800,3.4167,-0.0573,-0.0573
14.9935,pi,6.2800,3.3867,-0.0579,-0.0579
14.9985,pi,6.2800,3.4124,-0.0574,-0.0574
15.0034,pi,6.2800,3.4154,-0.0573,-0.0573
15.0084,pi,6.2800,3.4180,-0.0572,-0.0572
15.0134,pi,6.2800,3.4203,-0.0572,-0.0572
15.0184,pi,6.2800,3.4219,-0.0572,-0.0572
15.0234,pi,6.2800,3.3775,-0.0581,-0.0581
15.0284,pi,6.2800,3.4056,-0.0575,-0.0575
15.0334,pi,6.2800,3.3777,-0.0580,-0.0580
15.0384,pi,6.2800,3.3418,-0.0588,-0.0588
15.0434,pi,6.2800,3.3138,-0.0593,-0.0593
15.0484,pi,6.2800,3.3369,-0.0589,-0.0589
15.0534,pi,6.2800,3.3101,-0.0594,-0.0594
15.0585,pi,6.2800,3.2880,-0.0598,-0.0598
15.0634,pi,6.2800,3.2838,-0.0599,-0.0599
15.0683,pi,6.2800,3.2668,-0.0603,-0.0603
15.0735,pi,6.2800,3.2668,-0.0603,-0.0603
15.0784,pi,6.2800,3.2668,-0.0603,-0.0603
15.0834,pi,6.2800,3.2669,-0.0603,-0.0603
15.0884,pi,6.2800,3.2669,-0.0603,-0.0603
15.0934,pi,6.2800,3.2989,-0.0596,-0.0596
15.0984,pi,6.2800,3.3246,-0.0591,-0.0591
15.1034,pi,6.2800,3.3452,-0.0587,-0.0587
15.1084,pi,6.2800,3.3799,-0.0580,-0.0580
15.1134,pi,6.2800,3.3894,-0.0578,-0.0578
15.1187,pi,6.2800,3.4148,-0.0573,-0.0573
15.1241,pi,6.2800,3.4347,-0.0569,-0.0569
15.1292,pi,6.2800,3.4009,-0.0576,-0.0576
15.1340,pi,6.2800,3.4233,-0.0571,-0.0571
15.1388,pi,6.2800,3.4416,-0.0568,-0.0568
15.1444,pi,6.2800,3.4057,-0.0575,-0.0575
15.1490,pi,6.2800,3.4264,-0.0571,-0.0571
15.1537,pi,6.2800,3.3944,-0.0577,-0.0577
15.1585,pi,6.2800,3.3686,-0.0582,-0.0582
15.1636,pi,6.2800,3.3978,-0.0576,-0.0576
15.1685,pi,6.2800,3.4032,-0.0575,-0.0575
15.1735,pi,6.2800,3.3626,-0.0583,-0.0583
15.1790,pi,6.2800,3.3918,-0.0578,-0.0578
15.1837,pi,6.2800,3.3985,-0.0576,-0.0576
15.1886,pi,6.2800,3.3593,-0.0584,-0.0584
15.1936,pi,6.2800,3.3274,-0.0591,-0.0591
15.1985,pi,6.2800,3.3479,-0.0586,-0.0586
15.2044,pi,6.2800,3.3314,-0.0590,-0.0590
15.2091,pi,6.2800,3.3174,-0.0593,-0.0593
15.2139,pi,6.2800,3.3388,-0.0588,-0.0588
15.2192,pi,6.2800,3.3242,-0.0591,-0.0591
15.2238,pi,6.2800,3.3119,-0.0594,-0.0594
15.2289,pi,6.2800,3.3348,-0.0589,-0.0589
15.2346,pi,6.2800,3.3200,-0.0592,-0.0592
15.2390,pi,6.2800,3.3094,-0.0594,-0.0594
15.2439,pi,6.2800,3.3510,-0.0586,-0.0586
15.2490,pi,6.2800,3.3341,-0.0589,-0.0589
15.2543,pi,6.2800,3.3067,-0.0595,-0.0595
15.2589,pi,6.2800,3.2852,-0.0599,-0.0599
15.2640,pi,6.2800,3.2814,-0.0600,-0.0600
15.2689,pi,6.2800,3.2785,-0.0600,-0.0600
15.2734,pi,6.2800,3.3085,-0.0594,-0.0594
15.2784,pi,6.2800,3.3333,-0.0589,-0.0589
15.2834,pi,6.2800,3.3064,-0.0595,-0.0595
15.2884,pi,6.2800,3.3320,-0.0590,-0.0590
15.2934,pi,6.2800,3.3516,-0.0586,-0.0586
15.2985,pi,6.2800,3.3214,-0.0592,-0.0592
15.3034,pi,6.2800,3.3429,-0.0587,-0.0587
15.3084,pi,6.2800,3.3603,-0.0584,-0.0584
15.3134,pi,6.2800,3.3741,-0.0581,-0.0581
15.3184,pi,6.2800,3.3854,-0.0579,-0.0579
15.3234,pi,6.2800,3.3944,-0.0577,-0.0577
15.3284,pi,6.2800,3.3690,-0.0582,-0.0582
15.3335,pi,6.2800,3.3486,-0.0586,-0.0586
15.3386,pi,6.2800,3.3322,-0.0590,-0.0590
15.3437,pi,6.2800,3.3189,-0.0592,-0.0592
15.3486,pi,6.2800,3.3406,-0.0588,-0.0588
15.3534,pi,6.2800,3.3580,-0.0584,-0.0584
15.3584,pi,6.2800,3.3263,-0.0591,-0.0591
15.3634,pi,6.2800,3.3466,-0.0587,-0.0587
15.3685,pi,6.2800,3.3631,-0.0583,-0.0583
15.3734,pi,6.2800,3.3438,-0.0587,-0.0587
15.3784,pi,6.2800,3.3605,-0.0584,-0.0584
15.3834,pi,6.2800,3.3738,-0.0581,-0.0581
15.3884,pi,6.2800,3.3522,-0.0586,-0.0586
15.3934,pi,6.2800,3.3672,-0.0583,-0.0583
15.3984,pi,6.2800,3.3794,-0.0580,-0.0580
15.4037,pi,6.2800,3.3559,-0.0585,-0.0585
15.4085,pi,6.2800,3.3380,-0.0588,-0.0588
15.4134,pi,6.2800,3.3237,-0.0591,-0.0591
15.4186,pi,6.2800,3.3114,-0.0594,-0.0594
15.4234,pi,6.2800,3.3342,-0.0589,-0.0589
15.4284,pi,6.2800,3.3531,-0.0585,-0.0585
15.4334,pi,6.2800,3.3221,-0.0592,-0.0592
15.4385,pi,6.2800,3.3430,-0.0587,-0.0587
15.4435,pi,6.2800,3.3278,-0.0590,-0.0590
15.4485,pi,6.2800,3.3155,-0.0593,-0.0593
15.4534,pi,6.2800,3.3377,-0.0588,-0.0588
15.4585,pi,6.2800,3.3563,-0.0585,-0.0585
15.4634,pi,6.2800,3.3384,-0.0588,-0.0588
15.4684,pi,6.2800,3.3562,-0.0585,-0.0585
15.4734,pi,6.2800,3.3384,-0.0588,-0.0588
15.4785,pi,6.2800,3.3240,-0.0591,-0.0591
15.4834,pi,6.2800,3.3628,-0.0583,-0.0583
15.4884,pi,6.2800,3.3756,-0.0581,-0.0581
15.4935,pi,6.2800,3.3539,-0.0585,-0.0585
15.4984,pi,6.2800,3.3686,-0.0582,-0.0582
15.5034,pi,6.2800,3.3805,-0.0580,-0.0580
15.5084,pi,6.2800,3.3441,-0.0587,-0.0587
15.5134,pi,6.2800,3.3608,-0.0584,-0.0584
15.5184,pi,6.2800,3.3742,-0.0581,-0.0581
15.5234,pi,6.2800,3.3527,-0.0585,-0.0585
15.5284,pi,6.2800,3.3858,-0.0579,-0.0579
15.5334,pi,6.2800,3.3941,-0.0577,-0.0577
15.5384,pi,6.2800,3.3551,-0.0585,-0.0585
15.5434,pi,6.2800,3.3697,-0.0582,-0.0582
15.5484,pi,6.2800,3.3815,-0.0580,-0.0580
15.5534,pi,6.2800,3.3449,-0.0587,-0.0587
15.5584,pi,6.2800,3.3159,-0.0593,-0.0593
15.5634,pi,6.2800,3.3383,-0.0588,-0.0588
15.5684,pi,6.2800,3.3105,-0.0594,-0.0594
15.5734,pi,6.2800,3.3340,-0.0589,-0.0589
15.5784,pi,6.2800,3.3528,-0.0585,-0.0585
15.5834,pi,6.2800,3.3355,-0.0589,-0.0589
15.5884,pi,6.2800,3.3720,-0.0582,-0.0582
15.5935,pi,6.2800,3.3508,-0.0586,-0.0586
15.5984,pi,6.2800,3.3337,-0.0589,-0.0589
15.6034,pi,6.2800,3.3706,-0.0582,-0.0582
15.6084,pi,6.2800,3.4000,-0.0576,-0.0576
15.6134,pi,6.2800,3.3727,-0.0581,-0.0581
15.6185,pi,6.2800,3.4012,-0.0576,-0.0576
15.6234,pi,6.2800,3.3745,-0.0581,-0.0581
15.6284,pi,6.2800,3.3393,-0.0588,-0.0588
15.6335,pi,6.2800,3.3248,-0.0591,-0.0591
15.6384,pi,6.2800,3.3453,-0.0587,-0.0587
15.6434,pi,6.2800,3.3160,-0.0593,-0.0593
15.6485,pi,6.2800,3.2925,-0.0598,-0.0598
15.6535,pi,6.2800,3.2874,-0.0599,-0.0599
15.6584,pi,6.2800,3.2696,-0.0602,-0.0602
15.6635,pi,6.2800,3.3196,-0.0592,-0.0592
15.6684,pi,6.2800,3.3414,-0.0588,-0.0588
15.6735,pi,6.2800,3.3265,-0.0591,-0.0591
15.6784,pi,6.2800,3.3467,-0.0587,-0.0587
15.6834,pi,6.2800,3.3627,-0.0583,-0.0583
15.6885,pi,6.2800,3.3436,-0.0587,-0.0587
15.6936,pi,6.2800,3.3785,-0.0580,-0.0580
15.6987,pi,6.2800,3.4062,-0.0575,-0.0575
15.7035,pi,6.2800,3.3781,-0.0580,-0.0580
15.7084,pi,6.2800,3.3559,-0.0585,-0.0585
15.7133,pi,6.2800,3.3701,-0.0582,-0.0582
15.7185,pi,6.2800,3.3495,-0.0586,-0.0586
15.7234,pi,6.2800,3.3650,-0.0583,-0.0583
15.7284,pi,6.2800,3.3776,-0.0580,-0.0580
15.7334,pi,6.2800,3.3417,-0.0588,-0.0588
15.7384,pi,6.2800,3.3589,-0.0584,-0.0584
15.7434,pi,6.2800,3.3727,-0.0581,-0.0581
15.7484,pi,6.2800,3.3380,-0.0588,-0.0588
15.7534,pi,6.2800,3.3564,-0.0585,-0.0585
15.7584,pi,6.2800,3.3710,-0.0582,-0.0582
15.7634,pi,6.2800,3.3824,-0.0580,-0.0580
15.7684,pi,6.2800,3.3915,-0.0578,-0.0578
15.7734,pi,6.2800,3.3989,-0.0576,-0.0576
15.7784,pi,6.2800,3.3591,-0.0584,-0.0584
15.7835,pi,6.2800,3.3270,-0.0591,-0.0591
15.7885,pi,6.2800,3.3145,-0.0593,-0.0593
15.7935,pi,6.2800,3.3045,-0.0595,-0.0595
15.7985,pi,6.2800,3.2959,-0.0597,-0.0597
15.8037,pi,6.2800,3.2899,-0.0598,-0.0598
15.8084,pi,6.2800,3.2851,-0.0599,-0.0599
15.8134,pi,6.2800,3.3316,-0.0590,-0.0590
15.8184,pi,6.2800,3.3186,-0.0592,-0.0592
15.8234,pi,6.2800,3.3080,-0.0594,-0.0594
15.8284,pi,6.2800,3.2997,-0.0596,-0.0596
15.8334,pi,6.2800,3.3434,-0.0587,-0.0587
15.8384,pi,6.2800,3.3599,-0.0584,-0.0584
15.8434,pi,6.2800,3.3280,-0.0590,-0.0590
15.8484,pi,6.2800,3.3482,-0.0586,-0.0586
15.8534,pi,6.2800,3.3649,-0.0583,-0.0583
15.8585,pi,6.2800,3.3318,-0.0590,-0.0590
15.8634,pi,6.2800,3.3510,-0.0586,-0.0586
15.8685,pi,6.2800,3.3341,-0.0589,-0.0589
15.8734,pi,6.2800,3.3527,-0.0585,-0.0585
15.8784,pi,6.2800,3.3677,-0.0582,-0.0582
15.8836,pi,6.2800,3.3475,-0.0587,-0.0587
15.8885,pi,6.2800,3.3634,-0.0583,-0.0583
15.8934,pi,6.2800,3.3762,-0.0581,-0.0581
15.8985,pi,6.2800,3.3864,-0.0579,-0.0579
15.9034,pi,6.2800,3.3946,-0.0577,-0.0577
15.9086,pi,6.2800,3.4192,-0.0572,-0.0572
15.9134,pi,6.2800,3.3888,-0.0578,-0.0578
15.9185,pi,6.2800,3.3965,-0.0577,-0.0577
15.9234,pi,6.2800,3.4027,-0.0575,-0.0575
15.9284,pi,6.2800,3.3756,-0.0581,-0.0581
15.9334,pi,6.2800,3.3538,-0.0585,-0.0585
15.9384,pi,6.2800,3.3686,-0.0582,-0.0582
15.9434,pi,6.2800,3.3482,-0.0586,-0.0586
15.9484,pi,6.2800,3.3822,-0.0580,-0.0580
15.9534,pi,6.2800,3.3591,-0.0584,-0.0584
15.9584,pi,6.2800,3.3271,-0.0591,-0.0591
15.9634,pi,6.2800,3.3474,-0.0587,-0.0587
15.9684,pi,6.2800,3.3313,-0.0590,-0.0590
15.9734,pi,6.2800,3.3184,-0.0592,-0.0592
15.9784,pi,6.2800,3.3402,-0.0588,-0.0588
15.9834,pi,6.2800,3.3576,-0.0584,-0.0584
15.9884,pi,6.2800,3.3395,-0.0588,-0.0588
15.9935,pi,6.2800,3.3249,-0.0591,-0.0591
15.9984,pi,6.2800,3.3454,-0.0587,-0.0587
16.0035,pi,6.2800,3.3297,-0.0590,-0.0590
16.0084,pi,6.2800,3.3037,-0.0595,-0.0595
16.0134,pi,6.2800,3.3284,-0.0590,-0.0590
16.0184,pi,6.2800,3.3160,-0.0593,-0.0593
16.0234,pi,6.2800,3.3382,-0.0588,-0.0588
16.0284,pi,6.2800,3.3240,-0.0591,-0.0591
16.0335,pi,6.2800,3.3126,-0.0593,-0.0593
16.0384,pi,6.2800,3.3538,-0.0585,-0.0585
16.0434,pi,6.2800,3.3685,-0.0582,-0.0582
16.0485,pi,6.2800,3.3482,-0.0586,-0.0586
16.0534,pi,6.2800,3.3820,-0.0580,-0.0580
16.0584,pi,6.2800,3.4092,-0.0574,-0.0574
16.0635,pi,6.2800,3.3808,-0.0580,-0.0580
16.0684,pi,6.2800,3.3899,-0.0578,-0.0578
16.0735,pi,6.2800,3.3654,-0.0583,-0.0583
16.0784,pi,6.2800,3.3458,-0.0587,-0.0587
16.0835,pi,6.2800,3.3804,-0.0580,-0.0580
16.0891,pi,6.2800,3.3571,-0.0585,-0.0585
16.0942,pi,6.2800,3.3389,-0.0588,-0.0588
16.0988,pi,6.2800,3.3748,-0.0581,-0.0581
16.1034,pi,6.2800,3.3854,-0.0579,-0.0579
16.1084,pi,6.2800,3.3485,-0.0586,-0.0586
16.1134,pi,6.2800,3.3643,-0.0583,-0.0583
16.1185,pi,6.2800,3.3769,-0.0581,-0.0581
16.1235,pi,6.2800,3.3414,-0.0588,-0.0588
16.1284,pi,6.2800,3.3587,-0.0584,-0.0584
16.1336,pi,6.2800,3.3402,-0.0588,-0.0588
16.1387,pi,6.2800,3.3255,-0.0591,-0.0591
16.1435,pi,6.2800,3.3461,-0.0587,-0.0587
16.1485,pi,6.2800,3.3303,-0.0590,-0.0590
16.1535,pi,6.2800,3.3175,-0.0593,-0.0593
16.1585,pi,6.2800,3.3575,-0.0584,-0.0584
16.1634,pi,6.2800,3.3394,-0.0588,-0.0588
16.1687,pi,6.2800,3.3113,-0.0594,-0.0594
16.1737,pi,6.2800,3.3525,-0.0585,-0.0585
16.1786,pi,6.2800,3.3355,-0.0589,-0.0589
16.1834,pi,6.2800,3.3081,-0.0594,-0.0594
16.1884,pi,6.2800,3.3321,-0.0590,-0.0590
16.1935,pi,6.2800,3.3518,-0.0586,-0.0586
16.1985,pi,6.2800,3.3211,-0.0592,-0.0592
16.2034,pi,6.2800,3.3425,-0.0588,-0.0588
16.2086,pi,6.2800,3.3274,-0.0591,-0.0591
16.2137,pi,6.2800,3.3150,-0.0593,-0.0593
16.2186,pi,6.2800,3.3553,-0.0585,-0.0585
16.2234,pi,6.2800,3.3696,-0.0582,-0.0582
16.2284,pi,6.2800,3.3358,-0.0589,-0.0589
16.2334,pi,6.2800,3.3541,-0.0585,-0.0585
16.2384,pi,6.2800,3.3367,-0.0589,-0.0589
16.2434,pi,6.2800,3.3093,-0.0594,-0.0594
16.2484,pi,6.2800,3.3330,-0.0589,-0.0589
16.2534,pi,6.2800,3.3520,-0.0586,-0.0586
16.2584,pi,6.2800,3.3214,-0.0592,-0.0592
16.2634,pi,6.2800,3.3427,-0.0587,-0.0587
16.2686,pi,6.2800,3.3275,-0.0591,-0.0591
16.2737,pi,6.2800,3.3151,-0.0593,-0.0593
16.2790,pi,6.2800,3.3553,-0.0585,-0.0585
16.2842,pi,6.2800,3.3369,-0.0589,-0.0589
16.2893,pi,6.2800,3.3223,-0.0592,-0.0592
16.2936,pi,6.2800,3.3608,-0.0584,-0.0584
16.2988,pi,6.2800,3.3418,-0.0588,-0.0588
16.3037,pi,6.2800,3.3262,-0.0591,-0.0591
16.3088,pi,6.2800,3.3634,-0.0583,-0.0583
16.3136,pi,6.2800,3.3439,-0.0587,-0.0587
16.3187,pi,6.2800,3.3278,-0.0590,-0.0590
16.3242,pi,6.2800,3.3477,-0.0586,-0.0586
16.3288,pi,6.2800,3.3314,-0.0590,-0.0590
16.3334,pi,6.2800,3.3506,-0.0586,-0.0586
16.3384,pi,6.2800,3.3665,-0.0583,-0.0583
16.3434,pi,6.2800,3.3793,-0.0580,-0.0580
16.3484,pi,6.2800,3.3893,-0.0578,-0.0578
16.3534,pi,6.2800,3.3972,-0.0577,-0.0577
16.3584,pi,6.2800,3.4036,-0.0575,-0.0575
16.3634,pi,6.2800,3.4097,-0.0574,-0.0574
16.3684,pi,6.2800,3.4135,-0.0573,-0.0573
16.3734,pi,6.2800,3.4171,-0.0573,-0.0573
16.3784,pi,6.2800,3.4193,-0.0572,-0.0572
16.3835,pi,6.2800,3.4211,-0.0572,-0.0572
16.3889,pi,6.2800,3.3900,-0.0578,-0.0578
16.3938,pi,6.2800,3.3651,-0.0583,-0.0583
16.3984,pi,6.2800,3.3455,-0.0587,-0.0587
16.4035,pi,6.2800,3.3298,-0.0590,-0.0590
16.4089,pi,6.2800,3.3169,-0.0593,-0.0593
16.4134,pi,6.2800,3.3069,-0.0595,-0.0595
16.4185,pi,6.2800,3.2988,-0.0596,-0.0596
16.4234,pi,6.2800,3.2790,-0.0600,-0.0600
16.4284,pi,6.2800,3.3089,-0.0594,-0.0594
16.4334,pi,6.2800,3.2868,-0.0599,-0.0599
16.4384,pi,6.2800,3.2692,-0.0602,-0.0602
16.4434,pi,6.2800,3.3009,-0.0596,-0.0596
16.4484,pi,6.2800,3.3265,-0.0591,-0.0591
16.4534,pi,6.2800,3.3146,-0.0593,-0.0593
16.4584,pi,6.2800,3.3371,-0.0589,-0.0589
16.4634,pi,6.2800,3.3556,-0.0585,-0.0585
16.4684,pi,6.2800,3.3243,-0.0591,-0.0591
16.4735,pi,6.2800,3.3629,-0.0583,-0.0583
16.4784,pi,6.2800,3.3438,-0.0587,-0.0587
16.4835,pi,6.2800,3.3281,-0.0590,-0.0590
16.4884,pi,6.2800,3.3477,-0.0586,-0.0586
16.4935,pi,6.2800,3.3305,-0.0590,-0.0590
16.4984,pi,6.2800,3.3180,-0.0592,-0.0592
16.5034,pi,6.2800,3.3398,-0.0588,-0.0588
16.5084,pi,6.2800,3.3573,-0.0585,-0.0585
16.5135,pi,6.2800,3.3392,-0.0588,-0.0588
16.5184,pi,6.2800,3.3568,-0.0585,-0.0585
16.5235,pi,6.2800,3.3709,-0.0582,-0.0582
16.5285,pi,6.2800,3.3502,-0.0586,-0.0586
16.5334,pi,6.2800,3.3656,-0.0583,-0.0583
16.5384,pi,6.2800,3.3783,-0.0580,-0.0580
16.5435,pi,6.2800,3.3425,-0.0588,-0.0588
16.5484,pi,6.2800,3.3603,-0.0584,-0.0584
16.5535,pi,6.2800,3.3417,-0.0588,-0.0588
16.5584,pi,6.2800,3.3131,-0.0593,-0.0593
16.5635,pi,6.2800,3.3360,-0.0589,-0.0589
16.5684,pi,6.2800,3.3544,-0.0585,-0.0585
16.5735,pi,6.2800,3.3233,-0.0591,-0.0591
16.5784,pi,6.2800,3.3442,-0.0587,-0.0587
16.5834,pi,6.2800,3.3286,-0.0590,-0.0590
16.5884,pi,6.2800,3.3163,-0.0593,-0.0593
16.5934,pi,6.2800,3.3385,-0.0588,-0.0588
16.5985,pi,6.2800,3.3242,-0.0591,-0.0591
16.6034,pi,6.2800,3.2991,-0.0596,-0.0596
16.6085,pi,6.2800,3.3430,-0.0587,-0.0587
16.6134,pi,6.2800,3.3277,-0.0590,-0.0590
16.6184,pi,6.2800,3.3156,-0.0593,-0.0593
16.6234,pi,6.2800,3.3379,-0.0588,-0.0588
16.6284,pi,6.2800,3.3559,-0.0585,-0.0585
16.6335,pi,6.2800,3.3381,-0.0588,-0.0588
16.6384,pi,6.2800,3.3560,-0.0585,-0.0585
16.6435,pi,6.2800,3.3381,-0.0588,-0.0588
16.6484,pi,6.2800,3.3239,-0.0591,-0.0591
16.6534,pi,6.2800,3.3446,-0.0587,-0.0587
16.6585,pi,6.2800,3.3289,-0.0590,-0.0590
16.6634,pi,6.2800,3.3164,-0.0593,-0.0593
16.6684,pi,6.2800,3.3567,-0.0585,-0.0585
16.6734,pi,6.2800,3.3387,-0.0588,-0.0588
16.6784,pi,6.2800,3.3243,-0.0591,-0.0591
16.6834,pi,6.2800,3.3447,-0.0587,-0.0587
16.6885,pi,6.2800,3.3291,-0.0590,-0.0590
16.6934,pi,6.2800,3.3166,-0.0593,-0.0593
16.6984,pi,6.2800,3.3388,-0.0588,-0.0588
16.7034,pi,6.2800,3.3566,-0.0585,-0.0585
16.7085,pi,6.2800,3.3248,-0.0591,-0.0591
16.7134,pi,6.2800,3.3453,-0.0587,-0.0587
16.7185,pi,6.2800,3.3296,-0.0590,-0.0590
16.7233,pi,6.2800,3.3036,-0.0595,-0.0595
16.7284,pi,6.2800,3.3286,-0.0590,-0.0590
16.7334,pi,6.2800,3.3484,-0.0586,-0.0586
16.7384,pi,6.2800,3.3186,-0.0592,-0.0592
16.7434,pi,6.2800,3.3406,-0.0588,-0.0588
16.7484,pi,6.2800,3.3259,-0.0591,-0.0591
16.7534,pi,6.2800,3.3141,-0.0593,-0.0593
16.7585,pi,6.2800,3.3366,-0.0589,-0.0589
16.7635,pi,6.2800,3.3227,-0.0591,-0.0591
16.7686,pi,6.2800,3.3115,-0.0594,-0.0594
16.7734,pi,6.2800,3.3526,-0.0585,-0.0585
16.7784,pi,6.2800,3.3355,-0.0589,-0.0589
16.7835,pi,6.2800,3.3216,-0.0592,-0.0592
16.7885,pi,6.2800,3.3607,-0.0584,-0.0584
16.7935,pi,6.2800,3.3420,-0.0588,-0.0588
16.7984,pi,6.2800,3.3270,-0.0591,-0.0591
16.8034,pi,6.2800,3.3470,-0.0587,-0.0587
16.8085,pi,6.2800,3.3310,-0.0590,-0.0590
16.8134,pi,6.2800,3.3182,-0.0592,-0.0592
16.8184,pi,6.2800,3.3400,-0.0588,-0.0588
16.8234,pi,6.2800,3.3575,-0.0584,-0.0584
16.8284,pi,6.2800,3.3263,-0.0591,-0.0591
16.8335,pi,6.2800,3.3465,-0.0587,-0.0587
16.8384,pi,6.2800,3.3628,-0.0583,-0.0583
16.8434,pi,6.2800,3.3303,-0.0590,-0.0590
16.8484,pi,6.2800,3.3497,-0.0586,-0.0586
16.8534,pi,6.2800,3.3331,-0.0589,-0.0589
16.8584,pi,6.2800,3.3060,-0.0595,-0.0595
16.8634,pi,6.2800,3.3302,-0.0590,-0.0590
16.8684,pi,6.2800,3.3499,-0.0586,-0.0586
16.8734,pi,6.2800,3.3198,-0.0592,-0.0592
16.8784,pi,6.2800,3.3595,-0.0584,-0.0584
16.8835,pi,6.2800,3.3407,-0.0588,-0.0588
16.8884,pi,6.2800,3.3261,-0.0591,-0.0591
16.8934,pi,6.2800,3.3645,-0.0583,-0.0583
16.8984,pi,6.2800,3.3450,-0.0587,-0.0587
16.9035,pi,6.2800,3.3289,-0.0590,-0.0590
16.9084,pi,6.2800,3.3485,-0.0586,-0.0586
16.9134,pi,6.2800,3.3643,-0.0583,-0.0583
16.9185,pi,6.2800,3.3447,-0.0587,-0.0587
16.9234,pi,6.2800,3.3794,-0.0580,-0.0580
16.9284,pi,6.2800,3.3569,-0.0585,-0.0585
16.9334,pi,6.2800,3.3250,-0.0591,-0.0591
16.9384,pi,6.2800,3.3456,-0.0587,-0.0587
16.9435,pi,6.2800,3.3620,-0.0584,-0.0584
16.9485,pi,6.2800,3.3430,-0.0587,-0.0587
16.9534,pi,6.2800,3.3599,-0.0584,-0.0584
16.9585,pi,6.2800,3.3414,-0.0588,-0.0588
16.9634,pi,6.2800,3.3265,-0.0591,-0.0591
16.9684,pi,6.2800,3.3467,-0.0587,-0.0587
16.9734,pi,6.2800,3.3308,-0.0590,-0.0590
16.9784,pi,6.2800,3.3045,-0.0595,-0.0595
16.9834,pi,6.2800,3.3290,-0.0590,-0.0590
16.9884,pi,6.2800,3.3166,-0.0593,-0.0593
16.9935,pi,6.2800,3.3067,-0.0595,-0.0595
16.9984,pi,6.2800,3.3307,-0.0590,-0.0590
17.0034,pi,6.2800,3.3179,-0.0592,-0.0592
17.0084,pi,6.2800,3.3078,-0.0594,-0.0594
17.0134,pi,6.2800,3.3316,-0.0590,-0.0590
17.0184,pi,6.2800,3.3187,-0.0592,-0.0592
17.0234,pi,6.2800,3.3082,-0.0594,-0.0594
17.0284,pi,6.2800,3.3320,-0.0590,-0.0590
17.0334,pi,6.2800,3.3190,-0.0592,-0.0592
17.0384,pi,6.2800,3.3086,-0.0594,-0.0594
17.0434,pi,6.2800,3.3323,-0.0590,-0.0590
17.0484,pi,6.2800,3.3514,-0.0586,-0.0586
17.0534,pi,6.2800,3.3345,-0.0589,-0.0589
17.0584,pi,6.2800,3.3531,-0.0585,-0.0585
17.0634,pi,6.2800,3.3680,-0.0582,-0.0582
17.0685,pi,6.2800,3.3474,-0.0587,-0.0587
17.0734,pi,6.2800,3.3634,-0.0583,-0.0583
17.0784,pi,6.2800,3.3764,-0.0581,-0.0581
17.0834,pi,6.2800,3.3546,-0.0585,-0.0585
17.0884,pi,6.2800,3.3692,-0.0582,-0.0582
17.0934,pi,6.2800,3.3488,-0.0586,-0.0586
17.0984,pi,6.2800,3.3187,-0.0592,-0.0592
17.1034,pi,6.2800,3.3405,-0.0588,-0.0588
17.1084,pi,6.2800,3.3580,-0.0584,-0.0584
17.1137,pi,6.2800,3.3396,-0.0588,-0.0588
17.1185,pi,6.2800,3.3569,-0.0585,-0.0585
17.1235,pi,6.2800,3.3386,-0.0588,-0.0588
17.1292,pi,6.2800,3.3241,-0.0591,-0.0591
17.1338,pi,6.2800,3.3127,-0.0593,-0.0593
17.1384,pi,6.2800,3.3035,-0.0595,-0.0595
17.1435,pi,6.2800,3.2959,-0.0597,-0.0597
17.1486,pi,6.2800,3.3401,-0.0588,-0.0588
17.1535,pi,6.2800,3.3249,-0.0591,-0.0591
17.1584,pi,6.2800,3.3130,-0.0593,-0.0593
17.1634,pi,6.2800,3.3355,-0.0589,-0.0589
17.1684,pi,6.2800,3.3219,-0.0592,-0.0592
17.1734,pi,6.2800,3.2972,-0.0597,-0.0597
17.1784,pi,6.2800,3.3233,-0.0591,-0.0591
17.1834,pi,6.2800,3.3624,-0.0584,-0.0584
17.1884,pi,6.2800,3.3433,-0.0587,-0.0587
17.1935,pi,6.2800,3.3599,-0.0584,-0.0584
17.1985,pi,6.2800,3.3414,-0.0588,-0.0588
17.2034,pi,6.2800,3.3130,-0.0593,-0.0593
17.2084,pi,6.2800,3.3362,-0.0589,-0.0589
17.2135,pi,6.2800,3.3546,-0.0585,-0.0585
17.2186,pi,6.2800,3.3369,-0.0589,-0.0589
17.2234,pi,6.2800,3.3732,-0.0581,-0.0581
17.2287,pi,6.2800,3.3520,-0.0586,-0.0586
17.2335,pi,6.2800,3.3347,-0.0589,-0.0589
17.2384,pi,6.2800,3.3713,-0.0582,-0.0582
17.2433,pi,6.2800,3.3825,-0.0579,-0.0579
17.2484,pi,6.2800,3.3459,-0.0587,-0.0587
17.2534,pi,6.2800,3.3624,-0.0584,-0.0584
17.2584,pi,6.2800,3.3434,-0.0587,-0.0587
17.2635,pi,6.2800,3.3281,-0.0590,-0.0590
17.2684,pi,6.2800,3.3479,-0.0586,-0.0586
17.2734,pi,6.2800,3.3639,-0.0583,-0.0583
17.2786,pi,6.2800,3.3310,-0.0590,-0.0590
17.2835,pi,6.2800,3.3682,-0.0582,-0.0582
17.2884,pi,6.2800,3.3802,-0.0580,-0.0580
17.2934,pi,6.2800,3.3575,-0.0584,-0.0584
17.2984,pi,6.2800,3.3896,-0.0578,-0.0578
17.3034,pi,6.2800,3.3970,-0.0577,-0.0577
17.3085,pi,6.2800,3.3574,-0.0585,-0.0585
17.3135,pi,6.2800,3.3896,-0.0578,-0.0578
17.3184,pi,6.2800,3.3650,-0.0583,-0.0583
17.3234,pi,6.2800,3.3319,-0.0590,-0.0590
17.3284,pi,6.2800,3.3510,-0.0586,-0.0586
17.3335,pi,6.2800,3.3663,-0.0583,-0.0583
17.3386,pi,6.2800,3.3463,-0.0587,-0.0587
17.3437,pi,6.2800,3.3302,-0.0590,-0.0590
17.3487,pi,6.2800,3.3175,-0.0593,-0.0593
17.3537,pi,6.2800,3.3070,-0.0595,-0.0595
17.3585,pi,6.2800,3.2989,-0.0596,-0.0596
17.3634,pi,6.2800,3.3244,-0.0591,-0.0591
17.3684,pi,6.2800,3.2994,-0.0596,-0.0596
17.3735,pi,6.2800,3.3431,-0.0587,-0.0587
17.3784,pi,6.2800,3.3599,-0.0584,-0.0584
17.3835,pi,6.2800,3.3412,-0.0588,-0.0588
17.3886,pi,6.2800,3.3766,-0.0581,-0.0581
17.3935,pi,6.2800,3.4050,-0.0575,-0.0575
17.3984,pi,6.2800,3.4096,-0.0574,-0.0574
17.4039,pi,6.2800,3.4131,-0.0573,-0.0573
17.4085,pi,6.2800,3.4341,-0.0569,-0.0569
17.4134,pi,6.2800,3.4008,-0.0576,-0.0576
17.4184,pi,6.2800,3.4061,-0.0575,-0.0575
17.4234,pi,6.2800,3.4104,-0.0574,-0.0574
17.4286,pi,6.2800,3.3817,-0.0580,-0.0580
17.4335,pi,6.2800,3.3587,-0.0584,-0.0584
17.4384,pi,6.2800,3.3724,-0.0582,-0.0582
17.4434,pi,6.2800,3.3379,-0.0588,-0.0588
17.4486,pi,6.2800,3.3236,-0.0591,-0.0591
17.4534,pi,6.2800,3.3444,-0.0587,-0.0587
17.4585,pi,6.2800,3.3154,-0.0593,-0.0593
17.4634,pi,6.2800,3.2925,-0.0597,-0.0597
17.4684,pi,6.2800,3.3197,-0.0592,-0.0592
17.4734,pi,6.2800,3.3091,-0.0594,-0.0594
17.4784,pi,6.2800,3.2873,-0.0599,-0.0599
17.4834,pi,6.2800,3.3155,-0.0593,-0.0593
17.4884,pi,6.2800,3.3382,-0.0588,-0.0588
17.4935,pi,6.2800,3.3104,-0.0594,-0.0594
17.4984,pi,6.2800,3.3339,-0.0589,-0.0589
17.5034,pi,6.2800,3.3529,-0.0585,-0.0585
17.5085,pi,6.2800,3.3223,-0.0592,-0.0592
17.5134,pi,6.2800,3.3434,-0.0587,-0.0587
17.5184,pi,6.2800,3.3602,-0.0584,-0.0584
17.5234,pi,6.2800,3.3736,-0.0581,-0.0581
17.5285,pi,6.2800,3.4024,-0.0576,-0.0576
17.5334,pi,6.2800,3.3752,-0.0581,-0.0581
17.5384,pi,6.2800,3.4038,-0.0575,-0.0575
17.5434,pi,6.2800,3.4085,-0.0574,-0.0574
17.5484,pi,6.2800,3.4123,-0.0574,-0.0574
17.5534,pi,6.2800,3.4336,-0.0569,-0.0569
17.5584,pi,6.2800,3.4505,-0.0566,-0.0566
17.5634,pi,6.2800,3.4138,-0.0573,-0.0573
17.5684,pi,6.2800,3.3845,-0.0579,-0.0579
17.5734,pi,6.2800,3.3610,-0.0584,-0.0584
17.5784,pi,6.2800,3.3287,-0.0590,-0.0590
17.5835,pi,6.2800,3.3027,-0.0595,-0.0595
17.5884,pi,6.2800,3.2453,-0.0607,-0.0607
17.5935,pi,6.2800,3.2495,-0.0606,-0.0606
17.5985,pi,6.2800,3.2527,-0.0605,-0.0605
17.6034,pi,6.2800,3.2556,-0.0605,-0.0605
17.6084,pi,6.2800,3.2579,-0.0604,-0.0604
17.6135,pi,6.2800,3.2596,-0.0604,-0.0604
17.6184,pi,6.2800,3.2931,-0.0597,-0.0597
17.6234,pi,6.2800,3.2879,-0.0598,-0.0598
17.6285,pi,6.2800,3.2838,-0.0599,-0.0599
17.6334,pi,6.2800,3.3124,-0.0594,-0.0594
17.6384,pi,6.2800,3.3353,-0.0589,-0.0589
17.6434,pi,6.2800,3.3538,-0.0585,-0.0585
17.6484,pi,6.2800,3.3686,-0.0582,-0.0582
17.6534,pi,6.2800,3.3806,-0.0580,-0.0580
17.6585,pi,6.2800,3.3579,-0.0584,-0.0584
17.6634,pi,6.2800,3.3717,-0.0582,-0.0582
17.6684,pi,6.2800,3.3507,-0.0586,-0.0586
17.6734,pi,6.2800,3.3842,-0.0579,-0.0579
17.6784,pi,6.2800,3.4110,-0.0574,-0.0574
17.6833,pi,6.2800,3.4141,-0.0573,-0.0573
17.6885,pi,6.2800,3.4167,-0.0573,-0.0573
17.6934,pi,6.2800,3.4369,-0.0569,-0.0569
17.6983,pi,6.2800,3.4029,-0.0575,-0.0575
17.7035,pi,6.2800,3.3620,-0.0584,-0.0584
17.7084,pi,6.2800,3.3751,-0.0581,-0.0581
17.7134,pi,6.2800,3.3535,-0.0585,-0.0585
17.7184,pi,6.2800,3.3362,-0.0589,-0.0589
17.7233,pi,6.2800,3.3545,-0.0585,-0.0585
17.7284,pi,6.2800,3.3236,-0.0591,-0.0591
17.7335,pi,6.2800,3.2985,-0.0596,-0.0596
17.7384,pi,6.2800,3.3242,-0.0591,-0.0591
17.7434,pi,6.2800,3.2992,-0.0596,-0.0596
17.7484,pi,6.2800,3.2793,-0.0600,-0.0600
17.7534,pi,6.2800,3.3271,-0.0591,-0.0591
17.7584,pi,6.2800,3.3150,-0.0593,-0.0593
17.7635,pi,6.2800,3.3046,-0.0595,-0.0595
17.7683,pi,6.2800,3.3290,-0.0590,-0.0590
17.7735,pi,6.2800,3.3166,-0.0593,-0.0593
17.7784,pi,6.2800,3.3066,-0.0595,-0.0595
17.7834,pi,6.2800,3.3306,-0.0590,-0.0590
17.7885,pi,6.2800,3.3177,-0.0592,-0.0592
17.7934,pi,6.2800,3.3577,-0.0584,-0.0584
17.7984,pi,6.2800,3.3897,-0.0578,-0.0578
17.8033,pi,6.2800,3.3971,-0.0577,-0.0577
17.8084,pi,6.2800,3.3575,-0.0584,-0.0584
17.8135,pi,6.2800,3.3715,-0.0582,-0.0582
17.8184,pi,6.2800,3.3505,-0.0586,-0.0586
17.8234,pi,6.2800,3.3841,-0.0579,-0.0579
17.8284,pi,6.2800,3.3928,-0.0577,-0.0577
17.8335,pi,6.2800,3.3676,-0.0582,-0.0582
17.8384,pi,6.2800,3.3794,-0.0580,-0.0580
17.8434,pi,6.2800,3.3892,-0.0578,-0.0578
17.8485,pi,6.2800,3.3510,-0.0586,-0.0586
17.8535,pi,6.2800,3.3844,-0.0579,-0.0579
17.8584,pi,6.2800,3.3930,-0.0577,-0.0577
17.8635,pi,6.2800,3.3677,-0.0582,-0.0582
17.8684,pi,6.2800,3.3796,-0.0580,-0.0580
17.8734,pi,6.2800,3.3570,-0.0585,-0.0585
17.8785,pi,6.2800,3.3391,-0.0588,-0.0588
17.8834,pi,6.2800,3.3749,-0.0581,-0.0581
17.8884,pi,6.2800,3.3532,-0.0585,-0.0585
17.8934,pi,6.2800,3.3359,-0.0589,-0.0589
17.8984,pi,6.2800,3.3724,-0.0582,-0.0582
17.9034,pi,6.2800,3.3512,-0.0586,-0.0586
17.9085,pi,6.2800,3.3343,-0.0589,-0.0589
17.9134,pi,6.2800,3.3710,-0.0582,-0.0582
17.9185,pi,6.2800,3.3501,-0.0586,-0.0586
17.9235,pi,6.2800,3.3332,-0.0589,-0.0589
17.9285,pi,6.2800,3.3700,-0.0582,-0.0582
17.9334,pi,6.2800,3.3811,-0.0580,-0.0580
17.9385,pi,6.2800,3.3583,-0.0584,-0.0584
17.9434,pi,6.2800,3.3722,-0.0582,-0.0582
17.9484,pi,6.2800,3.3832,-0.0579,-0.0579
17.9534,pi,6.2800,3.3463,-0.0587,-0.0587
17.9584,pi,6.2800,3.3626,-0.0583,-0.0583
17.9634,pi,6.2800,3.3756,-0.0581,-0.0581
17.9684,pi,6.2800,3.3403,-0.0588,-0.0588
17.9734,pi,6.2800,3.3578,-0.0584,-0.0584
17.9784,pi,6.2800,3.3720,-0.0582,-0.0582
17.9834,pi,6.2800,3.3372,-0.0589,-0.0589
17.9884,pi,6.2800,3.3554,-0.0585,-0.0585
17.9934,pi,6.2800,3.3700,-0.0582,-0.0582
17.9984,pi,6.2800,3.3357,-0.0589,-0.0589
18.0034,pi,6.2800,3.3542,-0.0585,-0.0585
18.0084,pi,6.2800,3.3690,-0.0582,-0.0582
18.0134,pi,6.2800,3.3349,-0.0589,-0.0589
18.0184,pi,6.2800,3.3535,-0.0585,-0.0585
18.0234,pi,6.2800,3.3685,-0.0582,-0.0582
18.0284,pi,6.2800,3.3348,-0.0589,-0.0589
18.0334,pi,6.2800,3.3075,-0.0594,-0.0594
18.0385,pi,6.2800,3.2993,-0.0596,-0.0596
18.0437,pi,6.2800,3.2925,-0.0598,-0.0598
18.0488,pi,6.2800,3.3373,-0.0589,-0.0589
18.0536,pi,6.2800,3.3230,-0.0591,-0.0591
18.0584,pi,6.2800,3.3115,-0.0594,-0.0594
18.0634,pi,6.2800,3.3528,-0.0585,-0.0585
18.0684,pi,6.2800,3.3355,-0.0589,-0.0589
18.0734,pi,6.2800,3.3217,-0.0592,-0.0592
18.0784,pi,6.2800,3.3608,-0.0584,-0.0584
18.0834,pi,6.2800,3.3923,-0.0578,-0.0578
18.0884,pi,6.2800,3.3672,-0.0583,-0.0583
18.0934,pi,6.2800,3.3792,-0.0580,-0.0580
18.0984,pi,6.2800,3.3890,-0.0578,-0.0578
18.1034,pi,6.2800,3.3512,-0.0586,-0.0586
18.1084,pi,6.2800,3.3208,-0.0592,-0.0592
18.1134,pi,6.2800,3.3101,-0.0594,-0.0594
18.1184,pi,6.2800,3.3014,-0.0596,-0.0596
18.1235,pi,6.2800,3.3446,-0.0587,-0.0587
18.1284,pi,6.2800,3.3292,-0.0590,-0.0590
18.1334,pi,6.2800,3.3030,-0.0595,-0.0595
18.1384,pi,6.2800,3.3278,-0.0590,-0.0590
18.1436,pi,6.2800,3.3154,-0.0593,-0.0593
18.1486,pi,6.2800,3.3056,-0.0595,-0.0595
18.1534,pi,6.2800,3.3299,-0.0590,-0.0590
18.1584,pi,6.2800,3.3494,-0.0586,-0.0586
18.1634,pi,6.2800,3.3329,-0.0589,-0.0589
18.1685,pi,6.2800,3.3517,-0.0586,-0.0586
18.1735,pi,6.2800,3.3669,-0.0583,-0.0583
18.1785,pi,6.2800,3.3469,-0.0587,-0.0587
18.1834,pi,6.2800,3.3630,-0.0583,-0.0583
18.1884,pi,6.2800,3.3758,-0.0581,-0.0581
18.1934,pi,6.2800,3.3405,-0.0588,-0.0588
18.1984,pi,6.2800,3.3580,-0.0584,-0.0584
18.2034,pi,6.2800,3.3398,-0.0588,-0.0588
18.2084,pi,6.2800,3.3252,-0.0591,-0.0591
18.2134,pi,6.2800,3.3456,-0.0587,-0.0587
18.2185,pi,6.2800,3.3298,-0.0590,-0.0590
18.2234,pi,6.2800,3.3172,-0.0593,-0.0593
18.2284,pi,6.2800,3.3392,-0.0588,-0.0588
18.2335,pi,6.2800,3.3248,-0.0591,-0.0591
18.2384,pi,6.2800,3.3132,-0.0593,-0.0593
18.2435,pi,6.2800,3.3541,-0.0585,-0.0585
18.2484,pi,6.2800,3.3367,-0.0589,-0.0589
18.2539,pi,6.2800,3.3225,-0.0591,-0.0591
18.2587,pi,6.2800,3.3614,-0.0584,-0.0584
18.2634,pi,6.2800,3.3424,-0.0588,-0.0588
18.2683,pi,6.2800,3.3594,-0.0584,-0.0584
18.2734,pi,6.2800,3.3731,-0.0581,-0.0581
18.2784,pi,6.2800,3.3842,-0.0579,-0.0579
18.2834,pi,6.2800,3.3928,-0.0577,-0.0577
18.2884,pi,6.2800,3.3997,-0.0576,-0.0576
18.2935,pi,6.2800,3.4054,-0.0575,-0.0575
18.2987,pi,6.2800,3.4099,-0.0574,-0.0574
18.3035,pi,6.2800,3.4133,-0.0573,-0.0573
18.3085,pi,6.2800,3.4162,-0.0573,-0.0573
18.3134,pi,6.2800,3.4187,-0.0572,-0.0572
18.3185,pi,6.2800,3.3883,-0.0578,-0.0578
18.3235,pi,6.2800,3.3639,-0.0583,-0.0583
18.3284,pi,6.2800,3.3766,-0.0581,-0.0581
18.3334,pi,6.2800,3.3546,-0.0585,-0.0585
18.3384,pi,6.2800,3.3371,-0.0589,-0.0589
18.3435,pi,6.2800,3.3230,-0.0591,-0.0591
18.3484,pi,6.2800,3.3118,-0.0594,-0.0594
18.3534,pi,6.2800,3.2892,-0.0598,-0.0598
18.3584,pi,6.2800,3.3170,-0.0593,-0.0593
18.3634,pi,6.2800,3.3392,-0.0588,-0.0588
18.3684,pi,6.2800,3.3111,-0.0594,-0.0594
18.3735,pi,6.2800,3.3022,-0.0596,-0.0596
18.3784,pi,6.2800,3.2952,-0.0597,-0.0597
18.3836,pi,6.2800,3.2894,-0.0598,-0.0598
18.3886,pi,6.2800,3.2846,-0.0599,-0.0599
18.3934,pi,6.2800,3.3312,-0.0590,-0.0590
18.3984,pi,6.2800,3.3183,-0.0592,-0.0592
18.4038,pi,6.2800,3.3579,-0.0584,-0.0584
18.4084,pi,6.2800,3.3396,-0.0588,-0.0588
18.4137,pi,6.2800,3.3251,-0.0591,-0.0591
18.4184,pi,6.2800,3.3636,-0.0583,-0.0583
18.4235,pi,6.2800,3.3762,-0.0581,-0.0581
18.4287,pi,6.2800,3.3542,-0.0585,-0.0585
18.4339,pi,6.2800,3.3871,-0.0579,-0.0579
18.4385,pi,6.2800,3.3951,-0.0577,-0.0577
18.4435,pi,6.2800,3.4197,-0.0572,-0.0572
18.4484,pi,6.2800,3.4215,-0.0572,-0.0572
18.4534,pi,6.2800,3.4229,-0.0571,-0.0571
18.4584,pi,6.2800,3.4244,-0.0571,-0.0571
18.4634,pi,6.2800,3.4253,-0.0571,-0.0571
18.4684,pi,6.2800,3.4260,-0.0571,-0.0571
18.4734,pi,6.2800,3.4266,-0.0571,-0.0571
18.4784,pi,6.2800,3.4272,-0.0571,-0.0571
18.4834,pi,6.2800,3.4274,-0.0571,-0.0571
18.4884,pi,6.2800,3.3818,-0.0580,-0.0580
18.4934,pi,6.2800,3.3455,-0.0587,-0.0587
18.4984,pi,6.2800,3.3298,-0.0590,-0.0590
18.5034,pi,6.2800,3.3170,-0.0593,-0.0593
18.5085,pi,6.2800,3.2567,-0.0605,-0.0605
18.5134,pi,6.2800,3.2587,-0.0604,-0.0604
18.5184,pi,6.2800,3.2604,-0.0604,-0.0604
18.5235,pi,6.2800,3.2105,-0.0614,-0.0614
18.5284,pi,6.2800,3.2216,-0.0612,-0.0612
18.5335,pi,6.2800,3.2304,-0.0610,-0.0610
18.5385,pi,6.2800,3.2376,-0.0608,-0.0608
18.5435,pi,6.2800,3.2936,-0.0597,-0.0597
18.5484,pi,6.2800,3.2882,-0.0598,-0.0598
18.5534,pi,6.2800,3.3159,-0.0593,-0.0593
18.5585,pi,6.2800,3.3565,-0.0585,-0.0585
18.5634,pi,6.2800,3.3385,-0.0588,-0.0588
18.5684,pi,6.2800,3.3744,-0.0581,-0.0581
18.5734,pi,6.2800,3.3848,-0.0579,-0.0579
18.5784,pi,6.2800,3.3939,-0.0577,-0.0577
18.5834,pi,6.2800,3.4005,-0.0576,-0.0576
18.5884,pi,6.2800,3.4060,-0.0575,-0.0575
18.5934,pi,6.2800,3.4104,-0.0574,-0.0574
18.5984,pi,6.2800,3.4137,-0.0573,-0.0573
18.6034,pi,6.2800,3.3844,-0.0579,-0.0579
18.6084,pi,6.2800,3.3473,-0.0587,-0.0587
18.6134,pi,6.2800,3.3633,-0.0583,-0.0583
18.6185,pi,6.2800,3.3439,-0.0587,-0.0587
18.6235,pi,6.2800,3.3278,-0.0590,-0.0590
18.6284,pi,6.2800,3.3656,-0.0583,-0.0583
18.6334,pi,6.2800,3.3459,-0.0587,-0.0587
18.6384,pi,6.2800,3.3164,-0.0593,-0.0593
18.6435,pi,6.2800,3.3564,-0.0585,-0.0585
18.6484,pi,6.2800,3.3386,-0.0588,-0.0588
18.6534,pi,6.2800,3.3243,-0.0591,-0.0591
18.6584,pi,6.2800,3.3631,-0.0583,-0.0583
18.6634,pi,6.2800,3.3439,-0.0587,-0.0587
18.6684,pi,6.2800,3.3148,-0.0593,-0.0593
18.6734,pi,6.2800,3.3374,-0.0589,-0.0589
18.6784,pi,6.2800,3.3561,-0.0585,-0.0585
18.6834,pi,6.2800,3.3245,-0.0591,-0.0591
18.6884,pi,6.2800,3.3451,-0.0587,-0.0587
18.6934,pi,6.2800,3.3616,-0.0584,-0.0584
18.6984,pi,6.2800,3.3296,-0.0590,-0.0590
18.7035,pi,6.2800,3.3671,-0.0583,-0.0583
18.7084,pi,6.2800,3.3469,-0.0587,-0.0587
18.7134,pi,6.2800,3.3175,-0.0593,-0.0593
18.7184,pi,6.2800,3.3395,-0.0588,-0.0588
18.7234,pi,6.2800,3.3249,-0.0591,-0.0591
18.7284,pi,6.2800,3.3133,-0.0593,-0.0593
18.7334,pi,6.2800,3.3361,-0.0589,-0.0589
18.7385,pi,6.2800,3.3223,-0.0592,-0.0592
18.7434,pi,6.2800,3.3113,-0.0594,-0.0594
18.7485,pi,6.2800,3.3524,-0.0586,-0.0586
18.7534,pi,6.2800,3.3672,-0.0583,-0.0583
18.7585,pi,6.2800,3.3340,-0.0589,-0.0589
18.7634,pi,6.2800,3.3530,-0.0585,-0.0585
18.7684,pi,6.2800,3.3358,-0.0589,-0.0589
18.7734,pi,6.2800,3.3083,-0.0594,-0.0594
18.7784,pi,6.2800,3.3322,-0.0590,-0.0590
18.7835,pi,6.2800,3.3191,-0.0592,-0.0592
18.7885,pi,6.2800,3.3084,-0.0594,-0.0594
18.7934,pi,6.2800,3.3001,-0.0596,-0.0596
18.7984,pi,6.2800,3.3254,-0.0591,-0.0591
18.8034,pi,6.2800,3.3137,-0.0593,-0.0593
18.8085,pi,6.2800,3.3546,-0.0585,-0.0585
18.8134,pi,6.2800,3.3371,-0.0589,-0.0589
18.8184,pi,6.2800,3.3094,-0.0594,-0.0594
18.8235,pi,6.2800,3.2873,-0.0599,-0.0599
18.8284,pi,6.2800,3.3155,-0.0593,-0.0593
18.8334,pi,6.2800,3.2921,-0.0598,-0.0598
18.8384,pi,6.2800,3.2734,-0.0601,-0.0601
18.8434,pi,6.2800,3.3045,-0.0595,-0.0595
18.8484,pi,6.2800,3.3292,-0.0590,-0.0590
18.8534,pi,6.2800,3.3032,-0.0595,-0.0595
18.8584,pi,6.2800,3.3282,-0.0590,-0.0590
18.8634,pi,6.2800,3.3026,-0.0595,-0.0595
18.8684,pi,6.2800,3.2955,-0.0597,-0.0597
18.8733,pi,6.2800,3.3219,-0.0592,-0.0592
18.8784,pi,6.2800,3.3109,-0.0594,-0.0594
18.8835,pi,6.2800,3.3524,-0.0586,-0.0586
18.8884,pi,6.2800,3.3855,-0.0579,-0.0579
18.8934,pi,6.2800,3.3618,-0.0584,-0.0584
18.8984,pi,6.2800,3.3931,-0.0577,-0.0577
18.9034,pi,6.2800,3.4182,-0.0572,-0.0572
18.9084,pi,6.2800,3.3879,-0.0578,-0.0578
18.9134,pi,6.2800,3.4139,-0.0573,-0.0573
18.9184,pi,6.2800,3.4348,-0.0569,-0.0569
18.9235,pi,6.2800,3.4012,-0.0576,-0.0576
18.9284,pi,6.2800,3.4245,-0.0571,-0.0571
18.9334,pi,6.2800,3.4247,-0.0571,-0.0571
18.9384,pi,6.2800,3.3795,-0.0580,-0.0580
18.9435,pi,6.2800,3.3570,-0.0585,-0.0585
18.9484,pi,6.2800,3.3390,-0.0588,-0.0588
18.9534,pi,6.2800,3.3245,-0.0591,-0.0591
18.9584,pi,6.2800,3.3130,-0.0593,-0.0593
18.9634,pi,6.2800,3.3037,-0.0595,-0.0595
18.9684,pi,6.2800,3.2964,-0.0597,-0.0597
18.9734,pi,6.2800,3.2904,-0.0598,-0.0598
18.9784,pi,6.2800,3.2857,-0.0599,-0.0599
18.9834,pi,6.2800,3.2820,-0.0600,-0.0600
18.9884,pi,6.2800,3.2653,-0.0603,-0.0603
18.9934,pi,6.2800,3.2978,-0.0596,-0.0596
18.9985,pi,6.2800,3.2916,-0.0598,-0.0598
19.0034,pi,6.2800,3.2867,-0.0599,-0.0599
19.0084,pi,6.2800,3.3148,-0.0593,-0.0593
19.0134,pi,6.2800,3.3374,-0.0589,-0.0589
19.0185,pi,6.2800,3.3098,-0.0594,-0.0594
19.0235,pi,6.2800,3.3334,-0.0589,-0.0589
19.0295,pi,6.2800,3.3196,-0.0592,-0.0592
19.0348,pi,6.2800,3.3585,-0.0584,-0.0584
19.0399,pi,6.2800,3.3889,-0.0578,-0.0578
19.0453,pi,6.2800,3.3647,-0.0583,-0.0583
19.0520,pi,6.2800,3.3947,-0.0577,-0.0577
19.0581,pi,6.2800,3.4182,-0.0572,-0.0572
19.0630,pi,6.2800,3.3875,-0.0578,-0.0578
19.0690,pi,6.2800,3.3993,-0.0576,-0.0576
19.0742,pi,6.2800,3.4174,-0.0573,-0.0573
19.0787,pi,6.2800,3.3862,-0.0579,-0.0579
19.0854,pi,6.2800,3.3487,-0.0586,-0.0586
19.0921,pi,6.2800,3.3318,-0.0590,-0.0590
19.0969,pi,6.2800,3.3054,-0.0595,-0.0595
19.1018,pi,6.2800,3.2969,-0.0597,-0.0597
19.1065,pi,6.2800,3.3225,-0.0592,-0.0592
19.1120,pi,6.2800,3.2985,-0.0596,-0.0596
19.1170,pi,6.2800,3.2922,-0.0598,-0.0598
19.1217,pi,6.2800,3.3191,-0.0592,-0.0592
19.1285,pi,6.2800,3.3084,-0.0594,-0.0594
19.1350,pi,6.2800,3.2987,-0.0596,-0.0596
19.1399,pi,6.2800,3.3411,-0.0588,-0.0588
19.1468,pi,6.2800,3.3259,-0.0591,-0.0591
19.1519,pi,6.2800,3.3018,-0.0596,-0.0596
19.1572,pi,6.2800,3.3452,-0.0587,-0.0587
19.1639,pi,6.2800,3.3223,-0.0592,-0.0592
19.1707,pi,6.2800,3.3514,-0.0586,-0.0586
19.1752,pi,6.2800,3.3803,-0.0580,-0.0580
19.1802,pi,6.2800,3.3552,-0.0585,-0.0585
19.1850,pi,6.2800,3.3364,-0.0589,-0.0589
19.1894,pi,6.2800,3.3543,-0.0585,-0.0585
19.1935,pi,6.2800,3.3631,-0.0583,-0.0583
19.1976,pi,6.2800,3.3418,-0.0588,-0.0588
19.2017,pi,6.2800,3.3603,-0.0584,-0.0584
19.2058,pi,6.2800,3.3740,-0.0581,-0.0581
19.2099,pi,6.2800,3.3398,-0.0588,-0.0588
19.2140,pi,6.2800,3.3634,-0.0583,-0.0583
19.2180,pi,6.2800,3.3408,-0.0588,-0.0588
19.2219,pi,6.2800,3.3131,-0.0593,-0.0593
19.2259,pi,6.2800,3.3383,-0.0588,-0.0588
19.2299,pi,6.2800,3.3578,-0.0584,-0.0584
19.2339,pi,6.2800,3.3266,-0.0591,-0.0591
19.2379,pi,6.2800,3.3252,-0.0591,-0.0591
19.2419,pi,6.2800,3.3130,-0.0593,-0.0593
19.2459,pi,6.2800,3.2996,-0.0596,-0.0596
19.2498,pi,6.2800,3.3240,-0.0591,-0.0591
19.2538,pi,6.2800,3.3450,-0.0587,-0.0587
19.2586,pi,6.2800,3.3291,-0.0590,-0.0590
19.2637,pi,6.2800,3.3668,-0.0583,-0.0583
19.2687,pi,6.2800,3.3464,-0.0587,-0.0587
19.2736,pi,6.2800,3.3306,-0.0590,-0.0590
19.2785,pi,6.2800,3.3502,-0.0586,-0.0586
19.2835,pi,6.2800,3.3334,-0.0589,-0.0589
19.2885,pi,6.2800,3.3062,-0.0595,-0.0595
19.2935,pi,6.2800,3.3311,-0.0590,-0.0590
19.2985,pi,6.2800,3.3183,-0.0592,-0.0592
19.3035,pi,6.2800,3.3077,-0.0594,-0.0594
19.3084,pi,6.2800,3.3317,-0.0590,-0.0590
19.3137,pi,6.2800,3.3175,-0.0593,-0.0593
19.3185,pi,6.2800,3.2939,-0.0597,-0.0597
19.3235,pi,6.2800,3.3210,-0.0592,-0.0592
19.3285,pi,6.2800,3.3102,-0.0594,-0.0594
19.3335,pi,6.2800,3.2878,-0.0598,-0.0598
19.3385,pi,6.2800,3.3157,-0.0593,-0.0593
19.3435,pi,6.2800,3.3059,-0.0595,-0.0595
19.3485,pi,6.2800,3.3478,-0.0586,-0.0586
19.3534,pi,6.2800,3.3634,-0.0583,-0.0583
19.3585,pi,6.2800,3.3440,-0.0587,-0.0587
19.3635,pi,6.2800,3.3148,-0.0593,-0.0593
19.3685,pi,6.2800,3.3384,-0.0588,-0.0588
19.3735,pi,6.2800,3.3241,-0.0591,-0.0591
19.3785,pi,6.2800,3.2993,-0.0596,-0.0596
19.3835,pi,6.2800,3.3431,-0.0587,-0.0587
19.3886,pi,6.2800,3.3275,-0.0591,-0.0591
19.3936,pi,6.2800,3.3143,-0.0593,-0.0593
19.3984,pi,6.2800,3.3367,-0.0589,-0.0589
19.4035,pi,6.2800,3.3099,-0.0594,-0.0594
19.4088,pi,6.2800,3.3010,-0.0596,-0.0596
19.4135,pi,6.2800,3.3442,-0.0587,-0.0587
19.4186,pi,6.2800,3.3289,-0.0590,-0.0590
19.4235,pi,6.2800,3.3163,-0.0593,-0.0593
19.4285,pi,6.2800,3.3565,-0.0585,-0.0585
19.4335,pi,6.2800,3.3705,-0.0582,-0.0582
19.4385,pi,6.2800,3.3362,-0.0589,-0.0589
19.4435,pi,6.2800,3.3548,-0.0585,-0.0585
19.4485,pi,6.2800,3.3704,-0.0582,-0.0582
19.4535,pi,6.2800,3.3497,-0.0586,-0.0586
19.4584,pi,6.2800,3.3653,-0.0583,-0.0583
19.4635,pi,6.2800,3.3781,-0.0580,-0.0580
19.4685,pi,6.2800,3.3425,-0.0588,-0.0588
19.4734,pi,6.2800,3.3595,-0.0584,-0.0584
19.4784,pi,6.2800,3.3735,-0.0581,-0.0581
19.4835,pi,6.2800,3.3384,-0.0588,-0.0588
19.4885,pi,6.2800,3.3562,-0.0585,-0.0585
19.4935,pi,6.2800,3.3706,-0.0582,-0.0582
19.4986,pi,6.2800,3.3497,-0.0586,-0.0586
19.5034,pi,6.2800,3.3652,-0.0583,-0.0583
19.5085,pi,6.2800,3.3455,-0.0587,-0.0587
19.5135,pi,6.2800,3.3295,-0.0590,-0.0590
19.5184,pi,6.2800,3.3490,-0.0586,-0.0586
19.5235,pi,6.2800,3.3325,-0.0589,-0.0589
19.5285,pi,6.2800,3.3195,-0.0592,-0.0592
19.5334,pi,6.2800,3.3409,-0.0588,-0.0588
19.5384,pi,6.2800,3.3583,-0.0584,-0.0584
19.5435,pi,6.2800,3.3399,-0.0588,-0.0588
19.5484,pi,6.2800,3.3573,-0.0585,-0.0585
19.5535,pi,6.2800,3.3392,-0.0588,-0.0588
19.5586,pi,6.2800,3.3246,-0.0591,-0.0591
19.5634,pi,6.2800,3.3451,-0.0587,-0.0587
19.5685,pi,6.2800,3.3618,-0.0584,-0.0584
19.5736,pi,6.2800,3.3426,-0.0587,-0.0587
19.5785,pi,6.2800,3.3776,-0.0580,-0.0580
19.5835,pi,6.2800,3.3555,-0.0585,-0.0585
19.5886,pi,6.2800,3.3377,-0.0588,-0.0588
19.5935,pi,6.2800,3.3737,-0.0581,-0.0581
19.5985,pi,6.2800,3.3523,-0.0586,-0.0586
19.6035,pi,6.2800,3.3351,-0.0589,-0.0589
19.6084,pi,6.2800,3.3536,-0.0585,-0.0585
19.6135,pi,6.2800,3.3685,-0.0582,-0.0582
19.6189,pi,6.2800,3.3482,-0.0586,-0.0586
19.6243,pi,6.2800,3.3820,-0.0580,-0.0580
19.6289,pi,6.2800,3.3587,-0.0584,-0.0584
19.6338,pi,6.2800,3.3400,-0.0588,-0.0588
19.6384,pi,6.2800,3.3755,-0.0581,-0.0581
19.6433,pi,6.2800,3.3860,-0.0579,-0.0579
19.6484,pi,6.2800,3.3487,-0.0586,-0.0586
19.6538,pi,6.2800,3.3644,-0.0583,-0.0583
19.6596,pi,6.2800,3.3445,-0.0587,-0.0587
19.6639,pi,6.2800,3.3286,-0.0590,-0.0590
19.6687,pi,6.2800,3.3664,-0.0583,-0.0583
19.6734,pi,6.2800,3.3784,-0.0580,-0.0580
19.6784,pi,6.2800,3.3438,-0.0587,-0.0587
19.6834,pi,6.2800,3.3610,-0.0584,-0.0584
19.6884,pi,6.2800,3.3748,-0.0581,-0.0581
19.6934,pi,6.2800,3.3399,-0.0588,-0.0588
19.6984,pi,6.2800,3.3574,-0.0585,-0.0585
19.7034,pi,6.2800,3.3715,-0.0582,-0.0582
19.7084,pi,6.2800,3.3372,-0.0589,-0.0589
19.7134,pi,6.2800,3.3558,-0.0585,-0.0585
19.7184,pi,6.2800,3.3706,-0.0582,-0.0582
19.7237,pi,6.2800,3.3497,-0.0586,-0.0586
19.7292,pi,6.2800,3.3828,-0.0579,-0.0579
19.7340,pi,6.2800,3.3585,-0.0584,-0.0584
19.7389,pi,6.2800,3.3394,-0.0588,-0.0588
19.7443,pi,6.2800,3.3744,-0.0581,-0.0581
19.7489,pi,6.2800,3.3522,-0.0586,-0.0586
19.7537,pi,6.2800,3.3345,-0.0589,-0.0589
19.7591,pi,6.2800,3.3706,-0.0582,-0.0582
19.7638,pi,6.2800,3.3492,-0.0586,-0.0586
19.7692,pi,6.2800,3.3320,-0.0590,-0.0590
19.7744,pi,6.2800,3.3689,-0.0582,-0.0582
19.7792,pi,6.2800,3.3486,-0.0586,-0.0586
19.7839,pi,6.2800,3.3181,-0.0592,-0.0592
19.7892,pi,6.2800,3.3401,-0.0588,-0.0588
19.7938,pi,6.2800,3.3577,-0.0584,-0.0584
19.7988,pi,6.2800,3.3260,-0.0591,-0.0591
19.8035,pi,6.2800,3.3466,-0.0587,-0.0587
19.8084,pi,6.2800,3.3632,-0.0583,-0.0583
19.8134,pi,6.2800,3.3307,-0.0590,-0.0590
19.8185,pi,6.2800,3.3504,-0.0586,-0.0586
19.8234,pi,6.2800,3.3663,-0.0583,-0.0583
19.8284,pi,6.2800,3.3336,-0.0589,-0.0589
19.8334,pi,6.2800,3.3526,-0.0585,-0.0585
19.8384,pi,6.2800,3.3682,-0.0582,-0.0582
19.8435,pi,6.2800,3.3343,-0.0589,-0.0589
19.8484,pi,6.2800,3.3533,-0.0585,-0.0585
19.8535,pi,6.2800,3.3685,-0.0582,-0.0582
19.8585,pi,6.2800,3.3348,-0.0589,-0.0589
19.8634,pi,6.2800,3.3534,-0.0585,-0.0585
19.8684,pi,6.2800,3.3683,-0.0582,-0.0582
19.8735,pi,6.2800,3.3480,-0.0586,-0.0586
19.8784,pi,6.2800,3.3641,-0.0583,-0.0583
19.8835,pi,6.2800,3.3768,-0.0581,-0.0581
19.8884,pi,6.2800,3.3414,-0.0588,-0.0588
19.8934,pi,6.2800,3.3587,-0.0584,-0.0584
19.8984,pi,6.2800,3.3730,-0.0581,-0.0581
19.9034,pi,6.2800,3.3383,-0.0588,-0.0588
19.9084,pi,6.2800,3.3563,-0.0585,-0.0585
19.9134,pi,6.2800,3.3706,-0.0582,-0.0582
19.9184,pi,6.2800,3.3362,-0.0589,-0.0589
19.9235,pi,6.2800,3.3727,-0.0581,-0.0581
19.9286,pi,6.2800,3.3511,-0.0586,-0.0586
19.9343,pi,6.2800,3.3326,-0.0589,-0.0589
19.9388,pi,6.2800,3.3691,-0.0582,-0.0582
19.9434,pi,6.2800,3.3487,-0.0586,-0.0586
19.9484,pi,6.2800,3.3826,-0.0579,-0.0579
19.9534,pi,6.2800,3.4094,-0.0574,-0.0574
19.9584,pi,6.2800,3.3808,-0.0580,-0.0580
19.9635,pi,6.2800,3.3579,-0.0584,-0.0584
19.9684,pi,6.2800,3.3898,-0.0578,-0.0578
19.9734,pi,6.2800,3.3653,-0.0583,-0.0583
19.9784,pi,6.2800,3.3322,-0.0590,-0.0590
19.9834,pi,6.2800,3.3514,-0.0586,-0.0586
19.9886,pi,6.2800,3.3343,-0.0589,-0.0589
19.9937,pi,6.2800,3.3206,-0.0592,-0.0592
19.9987,pi,6.2800,3.3097,-0.0594,-0.0594
20.0035,pi,6.2800,3.3011,-0.0596,-0.0596
20.0084,pi,6.2800,3.2808,-0.0600,-0.0600
20.0134,pi,6.2800,3.3103,-0.0594,-0.0594
20.0184,pi,6.2800,3.3338,-0.0589,-0.0589
20.0238,pi,6.2800,3.3205,-0.0592,-0.0592
20.0287,pi,6.2800,3.3600,-0.0584,-0.0584
20.0334,pi,6.2800,3.3413,-0.0588,-0.0588
20.0386,pi,6.2800,3.3264,-0.0591,-0.0591
20.0434,pi,6.2800,3.3466,-0.0587,-0.0587
20.0485,pi,6.2800,3.3629,-0.0583,-0.0583
20.0534,pi,6.2800,3.3301,-0.0590,-0.0590
20.0584,pi,6.2800,3.3677,-0.0582,-0.0582
20.0634,pi,6.2800,3.3473,-0.0587,-0.0587
20.0685,pi,6.2800,3.3311,-0.0590,-0.0590
20.0734,pi,6.2800,3.3686,-0.0582,-0.0582
20.0784,pi,6.2800,3.3805,-0.0580,-0.0580
20.0835,pi,6.2800,3.3577,-0.0584,-0.0584
20.0884,pi,6.2800,3.3717,-0.0582,-0.0582
20.0935,pi,6.2800,3.3831,-0.0579,-0.0579
20.0985,pi,6.2800,3.3598,-0.0584,-0.0584
20.1034,pi,6.2800,3.3733,-0.0581,-0.0581
20.1085,pi,6.2800,3.3842,-0.0579,-0.0579
20.1138,pi,6.2800,3.3607,-0.0584,-0.0584
20.1192,pi,6.2800,3.3918,-0.0578,-0.0578
20.1243,pi,6.2800,3.3663,-0.0583,-0.0583
20.1288,pi,6.2800,3.3458,-0.0587,-0.0587
20.1341,pi,6.2800,3.3798,-0.0580,-0.0580
20.1391,pi,6.2800,3.3568,-0.0585,-0.0585
20.1444,pi,6.2800,3.3379,-0.0588,-0.0588
20.1498,pi,6.2800,3.3732,-0.0581,-0.0581
20.1542,pi,6.2800,3.3517,-0.0586,-0.0586
20.1588,pi,6.2800,3.3342,-0.0589,-0.0589
20.1635,pi,6.2800,3.3708,-0.0582,-0.0582
20.1686,pi,6.2800,3.3820,-0.0580,-0.0580
20.1736,pi,6.2800,3.3456,-0.0587,-0.0587
20.1785,pi,6.2800,3.3624,-0.0584,-0.0584
20.1840,pi,6.2800,3.3757,-0.0581,-0.0581
20.1888,pi,6.2800,3.3403,-0.0588,-0.0588
20.1940,pi,6.2800,3.3578,-0.0584,-0.0584
20.1988,pi,6.2800,3.3721,-0.0582,-0.0582
20.2054,pi,6.2800,3.3470,-0.0587,-0.0587
20.2102,pi,6.2800,3.3797,-0.0580,-0.0580
20.2150,pi,6.2800,3.3571,-0.0585,-0.0585
20.2196,pi,6.2800,3.3255,-0.0591,-0.0591
20.2242,pi,6.2800,3.3641,-0.0583,-0.0583
20.2287,pi,6.2800,3.3444,-0.0587,-0.0587
20.2338,pi,6.2800,3.3286,-0.0590,-0.0590
20.2388,pi,6.2800,3.3482,-0.0586,-0.0586
20.2442,pi,6.2800,3.3318,-0.0590,-0.0590
20.2487,pi,6.2800,3.3184,-0.0592,-0.0592
20.2537,pi,6.2800,3.3399,-0.0588,-0.0588
20.2589,pi,6.2800,3.3603,-0.0584,-0.0584
20.2640,pi,6.2800,3.3417,-0.0588,-0.0588
20.2690,pi,6.2800,3.3769,-0.0581,-0.0581
20.2735,pi,6.2800,3.3871,-0.0579,-0.0579
20.2785,pi,6.2800,3.3498,-0.0586,-0.0586
20.2834,pi,6.2800,3.3658,-0.0583,-0.0583
20.2884,pi,6.2800,3.3788,-0.0580,-0.0580
20.2935,pi,6.2800,3.3558,-0.0585,-0.0585
20.2984,pi,6.2800,3.3704,-0.0582,-0.0582
20.3038,pi,6.2800,3.3490,-0.0586,-0.0586
20.3085,pi,6.2800,3.3197,-0.0592,-0.0592
20.3134,pi,6.2800,3.3415,-0.0588,-0.0588
20.3184,pi,6.2800,3.3592,-0.0584,-0.0584
20.3234,pi,6.2800,3.3275,-0.0591,-0.0591
20.3284,pi,6.2800,3.3477,-0.0586,-0.0586
20.3334,pi,6.2800,3.3315,-0.0590,-0.0590
20.3384,pi,6.2800,3.3186,-0.0592,-0.0592
20.3434,pi,6.2800,3.3403,-0.0588,-0.0588
20.3484,pi,6.2800,3.3588,-0.0584,-0.0584
20.3534,pi,6.2800,3.3268,-0.0591,-0.0591
20.3584,pi,6.2800,3.3479,-0.0586,-0.0586
20.3634,pi,6.2800,3.3639,-0.0583,-0.0583
20.3684,pi,6.2800,3.3310,-0.0590,-0.0590
20.3734,pi,6.2800,3.3503,-0.0586,-0.0586
20.3784,pi,6.2800,3.3336,-0.0589,-0.0589
20.3834,pi,6.2800,3.3065,-0.0595,-0.0595
20.3885,pi,6.2800,3.3488,-0.0586,-0.0586
20.3934,pi,6.2800,3.3324,-0.0590,-0.0590
20.3986,pi,6.2800,3.3191,-0.0592,-0.0592
20.4038,pi,6.2800,3.3588,-0.0584,-0.0584
20.4084,pi,6.2800,3.3404,-0.0588,-0.0588
20.4134,pi,6.2800,3.3257,-0.0591,-0.0591
20.4185,pi,6.2800,3.3642,-0.0583,-0.0583
20.4234,pi,6.2800,3.3446,-0.0587,-0.0587
20.4284,pi,6.2800,3.3292,-0.0590,-0.0590
20.4334,pi,6.2800,3.3168,-0.0593,-0.0593
20.4383,pi,6.2800,3.3389,-0.0588,-0.0588
20.4434,pi,6.2800,3.3111,-0.0594,-0.0594
20.4484,pi,6.2800,3.3345,-0.0589,-0.0589
20.4534,pi,6.2800,3.3533,-0.0585,-0.0585
20.4584,pi,6.2800,3.3227,-0.0591,-0.0591
20.4634,pi,6.2800,3.3437,-0.0587,-0.0587
20.4684,pi,6.2800,3.3606,-0.0584,-0.0584
20.4734,pi,6.2800,3.3284,-0.0590,-0.0590
20.4784,pi,6.2800,3.3485,-0.0586,-0.0586
20.4834,pi,6.2800,3.3644,-0.0583,-0.0583
20.4884,pi,6.2800,3.3449,-0.0587,-0.0587
20.4934,pi,6.2800,3.3613,-0.0584,-0.0584
20.4984,pi,6.2800,3.3746,-0.0581,-0.0581
20.5034,pi,6.2800,3.3531,-0.0585,-0.0585
20.5084,pi,6.2800,3.3679,-0.0582,-0.0582
20.5134,pi,6.2800,3.3798,-0.0580,-0.0580
20.5185,pi,6.2800,3.3567,-0.0585,-0.0585
20.5234,pi,6.2800,3.3707,-0.0582,-0.0582
20.5284,pi,6.2800,3.3822,-0.0580,-0.0580
20.5334,pi,6.2800,3.3590,-0.0584,-0.0584
20.5384,pi,6.2800,3.3725,-0.0581,-0.0581
20.5434,pi,6.2800,3.3514,-0.0586,-0.0586
20.5484,pi,6.2800,3.3345,-0.0589,-0.0589
20.5534,pi,6.2800,3.3530,-0.0585,-0.0585
20.5584,pi,6.2800,3.3679,-0.0582,-0.0582
20.5634,pi,6.2800,3.3477,-0.0586,-0.0586
20.5684,pi,6.2800,3.3636,-0.0583,-0.0583
20.5734,pi,6.2800,3.3768,-0.0581,-0.0581
20.5784,pi,6.2800,3.3549,-0.0585,-0.0585
20.5834,pi,6.2800,3.3693,-0.0582,-0.0582
20.5884,pi,6.2800,3.3810,-0.0580,-0.0580
20.5934,pi,6.2800,3.3581,-0.0584,-0.0584
20.5984,pi,6.2800,3.3720,-0.0582,-0.0582
20.6035,pi,6.2800,3.3509,-0.0586,-0.0586
20.6084,pi,6.2800,3.3337,-0.0589,-0.0589
20.6134,pi,6.2800,3.3204,-0.0592,-0.0592
20.6184,pi,6.2800,3.3418,-0.0588,-0.0588
20.6235,pi,6.2800,3.3268,-0.0591,-0.0591
20.6284,pi,6.2800,3.3149,-0.0593,-0.0593
20.6334,pi,6.2800,3.3053,-0.0595,-0.0595
20.6384,pi,6.2800,3.2976,-0.0596,-0.0596
20.6434,pi,6.2800,3.2778,-0.0600,-0.0600
20.6484,pi,6.2800,3.3077,-0.0594,-0.0594
20.6534,pi,6.2800,3.2859,-0.0599,-0.0599
20.6584,pi,6.2800,3.2682,-0.0602,-0.0602
20.6635,pi,6.2800,3.3181,-0.0592,-0.0592
20.6684,pi,6.2800,3.3076,-0.0594,-0.0594
20.6734,pi,6.2800,3.2995,-0.0596,-0.0596
20.6784,pi,6.2800,3.3431,-0.0587,-0.0587
20.6834,pi,6.2800,3.3272,-0.0591,-0.0591
20.6884,pi,6.2800,3.3151,-0.0593,-0.0593
20.6934,pi,6.2800,3.3556,-0.0585,-0.0585
20.6984,pi,6.2800,3.3377,-0.0588,-0.0588
20.7035,pi,6.2800,3.3233,-0.0591,-0.0591
20.7084,pi,6.2800,3.3439,-0.0587,-0.0587
20.7134,pi,6.2800,3.3608,-0.0584,-0.0584
20.7184,pi,6.2800,3.3285,-0.0590,-0.0590
20.7234,pi,6.2800,3.3484,-0.0586,-0.0586
20.7284,pi,6.2800,3.3645,-0.0583,-0.0583
20.7334,pi,6.2800,3.3313,-0.0590,-0.0590
20.7384,pi,6.2800,3.3509,-0.0586,-0.0586
20.7434,pi,6.2800,3.3664,-0.0583,-0.0583
20.7484,pi,6.2800,3.3329,-0.0589,-0.0589
20.7534,pi,6.2800,3.3519,-0.0586,-0.0586
20.7584,pi,6.2800,3.3671,-0.0583,-0.0583
20.7635,pi,6.2800,3.3471,-0.0587,-0.0587
20.7684,pi,6.2800,3.3814,-0.0580,-0.0580
20.7734,pi,6.2800,3.3582,-0.0584,-0.0584
20.7784,pi,6.2800,3.3399,-0.0588,-0.0588
20.7834,pi,6.2800,3.3755,-0.0581,-0.0581
20.7884,pi,6.2800,3.3536,-0.0585,-0.0585
20.7934,pi,6.2800,3.3361,-0.0589,-0.0589
20.7986,pi,6.2800,3.3222,-0.0592,-0.0592
20.8035,pi,6.2800,3.3108,-0.0594,-0.0594
20.8084,pi,6.2800,3.3017,-0.0596,-0.0596
20.8135,pi,6.2800,3.2947,-0.0597,-0.0597
20.8184,pi,6.2800,3.2891,-0.0598,-0.0598
20.8234,pi,6.2800,3.2847,-0.0599,-0.0599
20.8287,pi,6.2800,3.3313,-0.0590,-0.0590
20.8335,pi,6.2800,3.3180,-0.0592,-0.0592
20.8386,pi,6.2800,3.3076,-0.0594,-0.0594
20.8436,pi,6.2800,3.3497,-0.0586,-0.0586
20.8488,pi,6.2800,3.3833,-0.0579,-0.0579
20.8535,pi,6.2800,3.3600,-0.0584,-0.0584
20.8584,pi,6.2800,3.3736,-0.0581,-0.0581
20.8634,pi,6.2800,3.3845,-0.0579,-0.0579
20.8684,pi,6.2800,3.3932,-0.0577,-0.0577
20.8734,pi,6.2800,3.4001,-0.0576,-0.0576
20.8784,pi,6.2800,3.4058,-0.0575,-0.0575
20.8836,pi,6.2800,3.3640,-0.0583,-0.0583
20.8885,pi,6.2800,3.3310,-0.0590,-0.0590
20.8934,pi,6.2800,3.3504,-0.0586,-0.0586
20.8985,pi,6.2800,3.3336,-0.0589,-0.0589
20.9034,pi,6.2800,3.3069,-0.0595,-0.0595
20.9086,pi,6.2800,3.2983,-0.0596,-0.0596
20.9135,pi,6.2800,3.2918,-0.0598,-0.0598
20.9185,pi,6.2800,3.2867,-0.0599,-0.0599
20.9234,pi,6.2800,3.3148,-0.0593,-0.0593
20.9284,pi,6.2800,3.2917,-0.0598,-0.0598
20.9334,pi,6.2800,3.2728,-0.0601,-0.0601
20.9384,pi,6.2800,3.3039,-0.0595,-0.0595
20.9434,pi,6.2800,3.3288,-0.0590,-0.0590
20.9485,pi,6.2800,3.3027,-0.0595,-0.0595
20.9534,pi,6.2800,3.3279,-0.0590,-0.0590
20.9584,pi,6.2800,3.3478,-0.0586,-0.0586
20.9634,pi,6.2800,3.3184,-0.0592,-0.0592
20.9684,pi,6.2800,3.3406,-0.0588,-0.0588
20.9735,pi,6.2800,3.3258,-0.0591,-0.0591
20.9784,pi,6.2800,3.3140,-0.0593,-0.0593
20.9834,pi,6.2800,3.3366,-0.0589,-0.0589
20.9884,pi,6.2800,3.3548,-0.0585,-0.0585
20.9935,pi,6.2800,3.3372,-0.0589,-0.0589
20.9984,pi,6.2800,3.3552,-0.0585,-0.0585
21.0036,pi,6.2800,3.3374,-0.0589,-0.0589
21.0084,pi,6.2800,3.3231,-0.0591,-0.0591
21.0135,pi,6.2800,3.3621,-0.0584,-0.0584
21.0185,pi,6.2800,3.3429,-0.0587,-0.0587
21.0234,pi,6.2800,3.3276,-0.0590,-0.0590
21.0284,pi,6.2800,3.3476,-0.0586,-0.0586
21.0335,pi,6.2800,3.3314,-0.0590,-0.0590
21.0384,pi,6.2800,3.3185,-0.0592,-0.0592
21.0434,pi,6.2800,3.3402,-0.0588,-0.0588
21.0484,pi,6.2800,3.3256,-0.0591,-0.0591
21.0534,pi,6.2800,3.3002,-0.0596,-0.0596
21.0584,pi,6.2800,3.3258,-0.0591,-0.0591
21.0634,pi,6.2800,3.3463,-0.0587,-0.0587
21.0684,pi,6.2800,3.3168,-0.0593,-0.0593
21.0734,pi,6.2800,3.3390,-0.0588,-0.0588
21.0784,pi,6.2800,3.3247,-0.0591,-0.0591
21.0834,pi,6.2800,3.3131,-0.0593,-0.0593
21.0884,pi,6.2800,3.3359,-0.0589,-0.0589
21.0934,pi,6.2800,3.3222,-0.0592,-0.0592
21.0984,pi,6.2800,3.3111,-0.0594,-0.0594
21.1034,pi,6.2800,3.3343,-0.0589,-0.0589
21.1084,pi,6.2800,3.3209,-0.0592,-0.0592
21.1134,pi,6.2800,3.2965,-0.0597,-0.0597
21.1184,pi,6.2800,3.3226,-0.0591,-0.0591
21.1234,pi,6.2800,3.3436,-0.0587,-0.0587
21.1284,pi,6.2800,3.3605,-0.0584,-0.0584
21.1335,pi,6.2800,3.3920,-0.0578,-0.0578
21.1384,pi,6.2800,3.3990,-0.0576,-0.0576
21.1434,pi,6.2800,3.4048,-0.0575,-0.0575
21.1484,pi,6.2800,3.4092,-0.0574,-0.0574
21.1535,pi,6.2800,3.3804,-0.0580,-0.0580
21.1586,pi,6.2800,3.4078,-0.0574,-0.0574
21.1635,pi,6.2800,3.4298,-0.0570,-0.0570
21.1684,pi,6.2800,3.4292,-0.0570,-0.0570
21.1734,pi,6.2800,3.4291,-0.0570,-0.0570
21.1784,pi,6.2800,3.4289,-0.0570,-0.0570
21.1837,pi,6.2800,3.3825,-0.0579,-0.0579
21.1885,pi,6.2800,3.3590,-0.0584,-0.0584
21.1935,pi,6.2800,3.3405,-0.0588,-0.0588
21.1984,pi,6.2800,3.3121,-0.0594,-0.0594
21.2035,pi,6.2800,3.2894,-0.0598,-0.0598
21.2084,pi,6.2800,3.3172,-0.0593,-0.0593
21.2134,pi,6.2800,3.2937,-0.0597,-0.0597
21.2185,pi,6.2800,3.2883,-0.0598,-0.0598
21.2234,pi,6.2800,3.2838,-0.0599,-0.0599
21.2284,pi,6.2800,3.2803,-0.0600,-0.0600
21.2334,pi,6.2800,3.2774,-0.0601,-0.0601
21.2384,pi,6.2800,3.3073,-0.0595,-0.0595
21.2434,pi,6.2800,3.3316,-0.0590,-0.0590
21.2485,pi,6.2800,3.3187,-0.0592,-0.0592
21.2535,pi,6.2800,3.3404,-0.0588,-0.0588
21.2585,pi,6.2800,3.3257,-0.0591,-0.0591
21.2634,pi,6.2800,3.3139,-0.0593,-0.0593
21.2684,pi,6.2800,3.3366,-0.0589,-0.0589
21.2736,pi,6.2800,3.3225,-0.0592,-0.0592
21.2789,pi,6.2800,3.3109,-0.0594,-0.0594
21.2839,pi,6.2800,3.3523,-0.0586,-0.0586
21.2890,pi,6.2800,3.3350,-0.0589,-0.0589
21.2941,pi,6.2800,3.3711,-0.0582,-0.0582
21.2994,pi,6.2800,3.4003,-0.0576,-0.0576
21.3037,pi,6.2800,3.3729,-0.0581,-0.0581
21.3088,pi,6.2800,3.3515,-0.0586,-0.0586
21.3143,pi,6.2800,3.3845,-0.0579,-0.0579
21.3188,pi,6.2800,3.3606,-0.0584,-0.0584
21.3238,pi,6.2800,3.3282,-0.0590,-0.0590
21.3289,pi,6.2800,3.3479,-0.0586,-0.0586
21.3334,pi,6.2800,3.3640,-0.0583,-0.0583
21.3384,pi,6.2800,3.3312,-0.0590,-0.0590
21.3434,pi,6.2800,3.3507,-0.0586,-0.0586
21.3484,pi,6.2800,3.3209,-0.0592,-0.0592
21.3534,pi,6.2800,3.2967,-0.0597,-0.0597
21.3584,pi,6.2800,3.3233,-0.0591,-0.0591
21.3634,pi,6.2800,3.3444,-0.0587,-0.0587
21.3684,pi,6.2800,3.3157,-0.0593,-0.0593
21.3734,pi,6.2800,3.3385,-0.0588,-0.0588
21.3784,pi,6.2800,3.3566,-0.0585,-0.0585
21.3835,pi,6.2800,3.3253,-0.0591,-0.0591
21.3886,pi,6.2800,3.3639,-0.0583,-0.0583
21.3938,pi,6.2800,3.3440,-0.0587,-0.0587
21.3992,pi,6.2800,3.3269,-0.0591,-0.0591
21.4035,pi,6.2800,3.3644,-0.0583,-0.0583
21.4085,pi,6.2800,3.3449,-0.0587,-0.0587
21.4135,pi,6.2800,3.3159,-0.0593,-0.0593
21.4188,pi,6.2800,3.3563,-0.0585,-0.0585
21.4234,pi,6.2800,3.3384,-0.0588,-0.0588
21.4285,pi,6.2800,3.3562,-0.0585,-0.0585
21.4334,pi,6.2800,3.3886,-0.0578,-0.0578
21.4385,pi,6.2800,3.3643,-0.0583,-0.0583
21.4434,pi,6.2800,3.3770,-0.0581,-0.0581
21.4484,pi,6.2800,3.3875,-0.0579,-0.0579
21.4534,pi,6.2800,3.3969,-0.0577,-0.0577
21.4584,pi,6.2800,3.4031,-0.0575,-0.0575
21.4634,pi,6.2800,3.4260,-0.0571,-0.0571
21.4684,pi,6.2800,3.4261,-0.0571,-0.0571
21.4734,pi,6.2800,3.4266,-0.0571,-0.0571
21.4785,pi,6.2800,3.3947,-0.0577,-0.0577
21.4836,pi,6.2800,3.3690,-0.0582,-0.0582
21.4885,pi,6.2800,3.3483,-0.0586,-0.0586
21.4936,pi,6.2800,3.3319,-0.0590,-0.0590
21.4990,pi,6.2800,3.3188,-0.0592,-0.0592
21.5035,pi,6.2800,3.3082,-0.0594,-0.0594
21.5083,pi,6.2800,3.3319,-0.0590,-0.0590
21.5135,pi,6.2800,3.3053,-0.0595,-0.0595
21.5185,pi,6.2800,3.2976,-0.0596,-0.0596
21.5234,pi,6.2800,3.3235,-0.0591,-0.0591
21.5285,pi,6.2800,3.3123,-0.0594,-0.0594
21.5334,pi,6.2800,3.2893,-0.0598,-0.0598
21.5384,pi,6.2800,3.3172,-0.0593,-0.0593
21.5435,pi,6.2800,3.3070,-0.0595,-0.0595
21.5484,pi,6.2800,3.2855,-0.0599,-0.0599
21.5534,pi,6.2800,3.3140,-0.0593,-0.0593
21.5584,pi,6.2800,3.3369,-0.0589,-0.0589
21.5635,pi,6.2800,3.3229,-0.0591,-0.0591
21.5684,pi,6.2800,3.3437,-0.0587,-0.0587
21.5735,pi,6.2800,3.3283,-0.0590,-0.0590
21.5784,pi,6.2800,3.3161,-0.0593,-0.0593
21.5834,pi,6.2800,3.3382,-0.0588,-0.0588
21.5885,pi,6.2800,3.3240,-0.0591,-0.0591
21.5934,pi,6.2800,3.3446,-0.0587,-0.0587
21.5984,pi,6.2800,3.3614,-0.0584,-0.0584
21.6036,pi,6.2800,3.3425,-0.0588,-0.0588
21.6084,pi,6.2800,3.3776,-0.0580,-0.0580
21.6134,pi,6.2800,3.3875,-0.0579,-0.0579
21.6184,pi,6.2800,3.3955,-0.0577,-0.0577
21.6234,pi,6.2800,3.4020,-0.0576,-0.0576
21.6284,pi,6.2800,3.4072,-0.0575,-0.0575
21.6334,pi,6.2800,3.4111,-0.0574,-0.0574
21.6384,pi,6.2800,3.4144,-0.0573,-0.0573
21.6434,pi,6.2800,3.3849,-0.0579,-0.0579
21.6484,pi,6.2800,3.3476,-0.0586,-0.0586
21.6534,pi,6.2800,3.3637,-0.0583,-0.0583
21.6584,pi,6.2800,3.3764,-0.0581,-0.0581
21.6635,pi,6.2800,3.3546,-0.0585,-0.0585
21.6684,pi,6.2800,3.3691,-0.0582,-0.0582
21.6734,pi,6.2800,3.3486,-0.0586,-0.0586
21.6784,pi,6.2800,3.3187,-0.0592,-0.0592
21.6834,pi,6.2800,3.3403,-0.0588,-0.0588
21.6886,pi,6.2800,3.3253,-0.0591,-0.0591
21.6938,pi,6.2800,3.3135,-0.0593,-0.0593
21.6990,pi,6.2800,3.3541,-0.0585,-0.0585
21.7037,pi,6.2800,3.3362,-0.0589,-0.0589
21.7089,pi,6.2800,3.3218,-0.0592,-0.0592
21.7137,pi,6.2800,3.3608,-0.0584,-0.0584
21.7184,pi,6.2800,3.3420,-0.0588,-0.0588
21.7234,pi,6.2800,3.3591,-0.0584,-0.0584
21.7284,pi,6.2800,3.3728,-0.0581,-0.0581
21.7335,pi,6.2800,3.3516,-0.0586,-0.0586
21.7384,pi,6.2800,3.3667,-0.0583,-0.0583
21.7434,pi,6.2800,3.3790,-0.0580,-0.0580
21.7485,pi,6.2800,3.3886,-0.0578,-0.0578
21.7534,pi,6.2800,3.3967,-0.0577,-0.0577
21.7584,pi,6.2800,3.4031,-0.0575,-0.0575
21.7634,pi,6.2800,3.4084,-0.0574,-0.0574
21.7684,pi,6.2800,3.4124,-0.0574,-0.0574
21.7735,pi,6.2800,3.3833,-0.0579,-0.0579
21.7785,pi,6.2800,3.3600,-0.0584,-0.0584
21.7834,pi,6.2800,3.3733,-0.0581,-0.0581
21.7884,pi,6.2800,3.3842,-0.0579,-0.0579
21.7935,pi,6.2800,3.3607,-0.0584,-0.0584
21.7985,pi,6.2800,3.3740,-0.0581,-0.0581
21.8035,pi,6.2800,3.3525,-0.0585,-0.0585
21.8085,pi,6.2800,3.3216,-0.0592,-0.0592
21.8134,pi,6.2800,3.3429,-0.0587,-0.0587
21.8185,pi,6.2800,3.3278,-0.0590,-0.0590
21.8234,pi,6.2800,3.3156,-0.0593,-0.0593
21.8284,pi,6.2800,3.3380,-0.0588,-0.0588
21.8335,pi,6.2800,3.3238,-0.0591,-0.0591
21.8385,pi,6.2800,3.3125,-0.0594,-0.0594
21.8434,pi,6.2800,3.3034,-0.0595,-0.0595
21.8484,pi,6.2800,3.3283,-0.0590,-0.0590
21.8534,pi,6.2800,3.3024,-0.0596,-0.0596
21.8585,pi,6.2800,3.2819,-0.0600,-0.0600
21.8634,pi,6.2800,3.3112,-0.0594,-0.0594
21.8684,pi,6.2800,3.2888,-0.0598,-0.0598
21.8734,pi,6.2800,3.3166,-0.0593,-0.0593
21.8784,pi,6.2800,3.3391,-0.0588,-0.0588
21.8834,pi,6.2800,3.3110,-0.0594,-0.0594
21.8884,pi,6.2800,3.3344,-0.0589,-0.0589
21.8934,pi,6.2800,3.3532,-0.0585,-0.0585
21.8984,pi,6.2800,3.3359,-0.0589,-0.0589
21.9034,pi,6.2800,3.3542,-0.0585,-0.0585
21.9084,pi,6.2800,3.3690,-0.0582,-0.0582
21.9134,pi,6.2800,3.3485,-0.0586,-0.0586
21.9184,pi,6.2800,3.3643,-0.0583,-0.0583
21.9234,pi,6.2800,3.3769,-0.0581,-0.0581
21.9284,pi,6.2800,3.3550,-0.0585,-0.0585
21.9334,pi,6.2800,3.3878,-0.0578,-0.0578
21.9384,pi,6.2800,3.3636,-0.0583,-0.0583
21.9434,pi,6.2800,3.3443,-0.0587,-0.0587
21.9484,pi,6.2800,3.3609,-0.0584,-0.0584
21.9534,pi,6.2800,3.3421,-0.0588,-0.0588
21.9584,pi,6.2800,3.3271,-0.0591,-0.0591
21.9634,pi,6.2800,3.3470,-0.0587,-0.0587
21.9684,pi,6.2800,3.3310,-0.0590,-0.0590
21.9734,pi,6.2800,3.3046,-0.0595,-0.0595
21.9784,pi,6.2800,3.3292,-0.0590,-0.0590
21.9834,pi,6.2800,3.3488,-0.0586,-0.0586
21.9885,pi,6.2800,3.3322,-0.0590,-0.0590
21.9934,pi,6.2800,3.3693,-0.0582,-0.0582
21.9984,pi,6.2800,3.3489,-0.0586,-0.0586
22.0034,pi,6.2800,3.3324,-0.0590,-0.0590
22.0085,pi,6.2800,3.3694,-0.0582,-0.0582
22.0135,pi,6.2800,3.3485,-0.0586,-0.0586
22.0184,pi,6.2800,3.3321,-0.0590,-0.0590
22.0234,pi,6.2800,3.3691,-0.0582,-0.0582
22.0284,pi,6.2800,3.3487,-0.0586,-0.0586
22.0335,pi,6.2800,3.3317,-0.0590,-0.0590
22.0384,pi,6.2800,3.3506,-0.0586,-0.0586
22.0434,pi,6.2800,3.3660,-0.0583,-0.0583
22.0485,pi,6.2800,3.3462,-0.0587,-0.0587
22.0534,pi,6.2800,3.3624,-0.0584,-0.0584
22.0584,pi,6.2800,3.3755,-0.0581,-0.0581
22.0634,pi,6.2800,3.3403,-0.0588,-0.0588
22.0684,pi,6.2800,3.3580,-0.0584,-0.0584
22.0734,pi,6.2800,3.3720,-0.0582,-0.0582
22.0784,pi,6.2800,3.3377,-0.0588,-0.0588
22.0834,pi,6.2800,3.3556,-0.0585,-0.0585
22.0884,pi,6.2800,3.3704,-0.0582,-0.0582
22.0934,pi,6.2800,3.3361,-0.0589,-0.0589
22.0984,pi,6.2800,3.3545,-0.0585,-0.0585
22.1034,pi,6.2800,3.3691,-0.0582,-0.0582
22.1084,pi,6.2800,3.3487,-0.0586,-0.0586
22.1134,pi,6.2800,3.3645,-0.0583,-0.0583
22.1184,pi,6.2800,3.3771,-0.0581,-0.0581
22.1234,pi,6.2800,3.3414,-0.0588,-0.0588
22.1284,pi,6.2800,3.3588,-0.0584,-0.0584
22.1335,pi,6.2800,3.3724,-0.0582,-0.0582
22.1385,pi,6.2800,3.3512,-0.0586,-0.0586
22.1434,pi,6.2800,3.3664,-0.0583,-0.0583
22.1484,pi,6.2800,3.3465,-0.0587,-0.0587
22.1535,pi,6.2800,3.3304,-0.0590,-0.0590
22.1586,pi,6.2800,3.3679,-0.0582,-0.0582
22.1634,pi,6.2800,3.3475,-0.0586,-0.0586
22.1684,pi,6.2800,3.3315,-0.0590,-0.0590
22.1737,pi,6.2800,3.3507,-0.0586,-0.0586
22.1785,pi,6.2800,3.3331,-0.0589,-0.0589
22.1838,pi,6.2800,3.3194,-0.0592,-0.0592
22.1889,pi,6.2800,3.3588,-0.0584,-0.0584
22.1939,pi,6.2800,3.3397,-0.0588,-0.0588
22.2003,pi,6.2800,3.3241,-0.0591,-0.0591
22.2043,pi,6.2800,3.3624,-0.0584,-0.0584
22.2086,pi,6.2800,3.3430,-0.0587,-0.0587
22.2141,pi,6.2800,3.3273,-0.0591,-0.0591
22.2187,pi,6.2800,3.3648,-0.0583,-0.0583
22.2234,pi,6.2800,3.3454,-0.0587,-0.0587
22.2284,pi,6.2800,3.3160,-0.0593,-0.0593
22.2340,pi,6.2800,3.3567,-0.0585,-0.0585
22.2388,pi,6.2800,3.3708,-0.0582,-0.0582
22.2434,pi,6.2800,3.3366,-0.0589,-0.0589
22.2484,pi,6.2800,3.3552,-0.0585,-0.0585
22.2534,pi,6.2800,3.3705,-0.0582,-0.0582
22.2584,pi,6.2800,3.3366,-0.0589,-0.0589
22.2634,pi,6.2800,3.3553,-0.0585,-0.0585
22.2684,pi,6.2800,3.3703,-0.0582,-0.0582
22.2735,pi,6.2800,3.3494,-0.0586,-0.0586
22.2785,pi,6.2800,3.3831,-0.0579,-0.0579
22.2834,pi,6.2800,3.3917,-0.0578,-0.0578
22.2885,pi,6.2800,3.3531,-0.0585,-0.0585
22.2934,pi,6.2800,3.3683,-0.0582,-0.0582
22.2984,pi,6.2800,3.3804,-0.0580,-0.0580
22.3035,pi,6.2800,3.3577,-0.0584,-0.0584
22.3084,pi,6.2800,3.3897,-0.0578,-0.0578
22.3135,pi,6.2800,3.3649,-0.0583,-0.0583
22.3185,pi,6.2800,3.3453,-0.0587,-0.0587
22.3234,pi,6.2800,3.3616,-0.0584,-0.0584
22.3284,pi,6.2800,3.3750,-0.0581,-0.0581
22.3334,pi,6.2800,3.3533,-0.0585,-0.0585
22.3384,pi,6.2800,3.3681,-0.0582,-0.0582
22.3435,pi,6.2800,3.3479,-0.0586,-0.0586
22.3485,pi,6.2800,3.3317,-0.0590,-0.0590
22.3534,pi,6.2800,3.3507,-0.0586,-0.0586
22.3585,pi,6.2800,3.3661,-0.0583,-0.0583
22.3634,pi,6.2800,3.3325,-0.0589,-0.0589
22.3684,pi,6.2800,3.3517,-0.0586,-0.0586
22.3734,pi,6.2800,3.3668,-0.0583,-0.0583
22.3785,pi,6.2800,3.3469,-0.0587,-0.0587
22.3835,pi,6.2800,3.3812,-0.0580,-0.0580
22.3884,pi,6.2800,3.3580,-0.0584,-0.0584
22.3933,pi,6.2800,3.3263,-0.0591,-0.0591
22.3984,pi,6.2800,3.3466,-0.0587,-0.0587
22.4069,pi,6.2800,3.2943,-0.0597,-0.0597
22.4119,pi,6.2800,3.2890,-0.0598,-0.0598
22.4164,pi,6.2800,3.3332,-0.0589,-0.0589
22.4204,pi,6.2800,3.3199,-0.0592,-0.0592
22.4246,pi,6.2800,3.3093,-0.0594,-0.0594
22.4287,pi,6.2800,3.3509,-0.0586,-0.0586
22.4335,pi,6.2800,3.3341,-0.0589,-0.0589
22.4384,pi,6.2800,3.3074,-0.0595,-0.0595
22.4435,pi,6.2800,3.3496,-0.0586,-0.0586
22.4491,pi,6.2800,3.3324,-0.0590,-0.0590
22.4537,pi,6.2800,3.3056,-0.0595,-0.0595
22.4584,pi,6.2800,3.3551,-0.0585,-0.0585
22.4634,pi,6.2800,3.3717,-0.0582,-0.0582
22.4684,pi,6.2800,3.3382,-0.0588,-0.0588
22.4734,pi,6.2800,3.3563,-0.0585,-0.0585
22.4785,pi,6.2800,3.3707,-0.0582,-0.0582
22.4839,pi,6.2800,3.3360,-0.0589,-0.0589
22.4886,pi,6.2800,3.3722,-0.0582,-0.0582
22.4934,pi,6.2800,3.3511,-0.0586,-0.0586
22.4984,pi,6.2800,3.3207,-0.0592,-0.0592
22.5034,pi,6.2800,3.3425,-0.0587,-0.0587
22.5084,pi,6.2800,3.3598,-0.0584,-0.0584
22.5134,pi,6.2800,3.3275,-0.0590,-0.0590
22.5184,pi,6.2800,3.3475,-0.0586,-0.0586
22.5235,pi,6.2800,3.3314,-0.0590,-0.0590
22.5284,pi,6.2800,3.3184,-0.0592,-0.0592
22.5334,pi,6.2800,3.3400,-0.0588,-0.0588
22.5384,pi,6.2800,3.3577,-0.0584,-0.0584
22.5434,pi,6.2800,3.3260,-0.0591,-0.0591
22.5485,pi,6.2800,3.3646,-0.0583,-0.0583
22.5534,pi,6.2800,3.3447,-0.0587,-0.0587
22.5584,pi,6.2800,3.3290,-0.0590,-0.0590
22.5635,pi,6.2800,3.3668,-0.0583,-0.0583
22.5684,pi,6.2800,3.3468,-0.0587,-0.0587
22.5734,pi,6.2800,3.3307,-0.0590,-0.0590
22.5784,pi,6.2800,3.3500,-0.0586,-0.0586
22.5835,pi,6.2800,3.3654,-0.0583,-0.0583
22.5884,pi,6.2800,3.3457,-0.0587,-0.0587
22.5934,pi,6.2800,3.3620,-0.0584,-0.0584
22.5984,pi,6.2800,3.3751,-0.0581,-0.0581
22.6035,pi,6.2800,3.3398,-0.0588,-0.0588
22.6085,pi,6.2800,3.3756,-0.0581,-0.0581
22.6134,pi,6.2800,3.3539,-0.0585,-0.0585
22.6184,pi,6.2800,3.3364,-0.0589,-0.0589
22.6234,pi,6.2800,3.3545,-0.0585,-0.0585
22.6285,pi,6.2800,3.3371,-0.0589,-0.0589
22.6334,pi,6.2800,3.3231,-0.0591,-0.0591
22.6384,pi,6.2800,3.3439,-0.0587,-0.0587
22.6434,pi,6.2800,3.3284,-0.0590,-0.0590
22.6484,pi,6.2800,3.3162,-0.0593,-0.0593
22.6534,pi,6.2800,3.3384,-0.0588,-0.0588
22.6585,pi,6.2800,3.3561,-0.0585,-0.0585
22.6635,pi,6.2800,3.3381,-0.0588,-0.0588
22.6684,pi,6.2800,3.3559,-0.0585,-0.0585
22.6735,pi,6.2800,3.3380,-0.0588,-0.0588
22.6784,pi,6.2800,3.3238,-0.0591,-0.0591
22.6834,pi,6.2800,3.3443,-0.0587,-0.0587
22.6885,pi,6.2800,3.3610,-0.0584,-0.0584
22.6935,pi,6.2800,3.3421,-0.0588,-0.0588
22.6984,pi,6.2800,3.3774,-0.0581,-0.0581
22.7034,pi,6.2800,3.3554,-0.0585,-0.0585
22.7084,pi,6.2800,3.3377,-0.0588,-0.0588
22.7134,pi,6.2800,3.3556,-0.0585,-0.0585
22.7184,pi,6.2800,3.3380,-0.0588,-0.0588
22.7234,pi,6.2800,3.3100,-0.0594,-0.0594
22.7284,pi,6.2800,3.3337,-0.0589,-0.0589
22.7334,pi,6.2800,3.3524,-0.0586,-0.0586
22.7384,pi,6.2800,3.3217,-0.0592,-0.0592
22.7434,pi,6.2800,3.2970,-0.0597,-0.0597
22.7484,pi,6.2800,3.3231,-0.0591,-0.0591
22.7534,pi,6.2800,3.3118,-0.0594,-0.0594
22.7585,pi,6.2800,3.3025,-0.0595,-0.0595
22.7634,pi,6.2800,3.2955,-0.0597,-0.0597
22.7685,pi,6.2800,3.2898,-0.0598,-0.0598
22.7734,pi,6.2800,3.3172,-0.0593,-0.0593
22.7785,pi,6.2800,3.3072,-0.0595,-0.0595
22.7834,pi,6.2800,3.2991,-0.0596,-0.0596
22.7884,pi,6.2800,3.3247,-0.0591,-0.0591
22.7934,pi,6.2800,3.3452,-0.0587,-0.0587
22.7987,pi,6.2800,3.3295,-0.0590,-0.0590
22.8034,pi,6.2800,3.3673,-0.0583,-0.0583
22.8085,pi,6.2800,3.3792,-0.0580,-0.0580
22.8134,pi,6.2800,3.3568,-0.0585,-0.0585
22.8184,pi,6.2800,3.3709,-0.0582,-0.0582
22.8234,pi,6.2800,3.3822,-0.0580,-0.0580
22.8285,pi,6.2800,3.3593,-0.0584,-0.0584
22.8335,pi,6.2800,3.3408,-0.0588,-0.0588
22.8385,pi,6.2800,3.3260,-0.0591,-0.0591
22.8434,pi,6.2800,3.3143,-0.0593,-0.0593
22.8484,pi,6.2800,3.3369,-0.0589,-0.0589
22.8534,pi,6.2800,3.3550,-0.0585,-0.0585
22.8584,pi,6.2800,3.3237,-0.0591,-0.0591
22.8634,pi,6.2800,3.3445,-0.0587,-0.0587
22.8685,pi,6.2800,3.3290,-0.0590,-0.0590
22.8734,pi,6.2800,3.3165,-0.0593,-0.0593
22.8785,pi,6.2800,3.3388,-0.0588,-0.0588
22.8835,pi,6.2800,3.3747,-0.0581,-0.0581
22.8884,pi,6.2800,3.3853,-0.0579,-0.0579
22.8934,pi,6.2800,3.3939,-0.0577,-0.0577
22.8984,pi,6.2800,3.4007,-0.0576,-0.0576
22.9034,pi,6.2800,3.3603,-0.0584,-0.0584
22.9084,pi,6.2800,3.3281,-0.0590,-0.0590
22.9134,pi,6.2800,3.3481,-0.0586,-0.0586
22.9184,pi,6.2800,3.3183,-0.0592,-0.0592
22.9234,pi,6.2800,3.3401,-0.0588,-0.0588
22.9285,pi,6.2800,3.3254,-0.0591,-0.0591
22.9334,pi,6.2800,3.2999,-0.0596,-0.0596
22.9384,pi,6.2800,3.3256,-0.0591,-0.0591
22.9434,pi,6.2800,3.3137,-0.0593,-0.0593
22.9484,pi,6.2800,3.3042,-0.0595,-0.0595
22.9534,pi,6.2800,3.3469,-0.0587,-0.0587
22.9584,pi,6.2800,3.3812,-0.0580,-0.0580
22.9634,pi,6.2800,3.3582,-0.0584,-0.0584
22.9684,pi,6.2800,3.3902,-0.0578,-0.0578
22.9734,pi,6.2800,3.3975,-0.0576,-0.0576
22.9784,pi,6.2800,3.3580,-0.0584,-0.0584
22.9834,pi,6.2800,3.3720,-0.0582,-0.0582
22.9884,pi,6.2800,3.3510,-0.0586,-0.0586
22.9934,pi,6.2800,3.3205,-0.0592,-0.0592
22.9984,pi,6.2800,3.3419,-0.0588,-0.0588
23.0035,pi,6.2800,3.3265,-0.0591,-0.0591
23.0084,pi,6.2800,3.3145,-0.0593,-0.0593
23.0134,pi,6.2800,3.3371,-0.0589,-0.0589
23.0184,pi,6.2800,3.3552,-0.0585,-0.0585
23.0235,pi,6.2800,3.3376,-0.0588,-0.0588
23.0284,pi,6.2800,3.3737,-0.0581,-0.0581
23.0335,pi,6.2800,3.3523,-0.0586,-0.0586
23.0384,pi,6.2800,3.3352,-0.0589,-0.0589
23.0434,pi,6.2800,3.3719,-0.0582,-0.0582
23.0484,pi,6.2800,3.3830,-0.0579,-0.0579
23.0535,pi,6.2800,3.3460,-0.0587,-0.0587
23.0585,pi,6.2800,3.3167,-0.0593,-0.0593
23.0634,pi,6.2800,3.3068,-0.0595,-0.0595
23.0684,pi,6.2800,3.2988,-0.0596,-0.0596
23.0734,pi,6.2800,3.3244,-0.0591,-0.0591
23.0784,pi,6.2800,3.3451,-0.0587,-0.0587
23.0835,pi,6.2800,3.3295,-0.0590,-0.0590
23.0884,pi,6.2800,3.3490,-0.0586,-0.0586
23.0934,pi,6.2800,3.3327,-0.0589,-0.0589
23.0984,pi,6.2800,3.3194,-0.0592,-0.0592
23.1034,pi,6.2800,3.3409,-0.0588,-0.0588
23.1084,pi,6.2800,3.3582,-0.0584,-0.0584
23.1138,pi,6.2800,3.3722,-0.0582,-0.0582
23.1188,pi,6.2800,3.4014,-0.0576,-0.0576
23.1237,pi,6.2800,3.3741,-0.0581,-0.0581
23.1285,pi,6.2800,3.3529,-0.0585,-0.0585
23.1333,pi,6.2800,3.3677,-0.0582,-0.0582
23.1385,pi,6.2800,3.3798,-0.0580,-0.0580
23.1434,pi,6.2800,3.3435,-0.0587,-0.0587
23.1484,pi,6.2800,3.3603,-0.0584,-0.0584
23.1534,pi,6.2800,3.3738,-0.0581,-0.0581
23.1585,pi,6.2800,3.3524,-0.0586,-0.0586
23.1639,pi,6.2800,3.3854,-0.0579,-0.0579
23.1687,pi,6.2800,3.3614,-0.0584,-0.0584
23.1737,pi,6.2800,3.3289,-0.0590,-0.0590
23.1786,pi,6.2800,3.3666,-0.0583,-0.0583
23.1836,pi,6.2800,3.3467,-0.0587,-0.0587
23.1886,pi,6.2800,3.3300,-0.0590,-0.0590
23.1937,pi,6.2800,3.3674,-0.0583,-0.0583
23.1988,pi,6.2800,3.3468,-0.0587,-0.0587
23.2034,pi,6.2800,3.3307,-0.0590,-0.0590
23.2084,pi,6.2800,3.3499,-0.0586,-0.0586
23.2134,pi,6.2800,3.3654,-0.0583,-0.0583
23.2184,pi,6.2800,3.3323,-0.0590,-0.0590
23.2234,pi,6.2800,3.3518,-0.0586,-0.0586
23.2285,pi,6.2800,3.3349,-0.0589,-0.0589
23.2334,pi,6.2800,3.3211,-0.0592,-0.0592
23.2384,pi,6.2800,3.3421,-0.0588,-0.0588
23.2435,pi,6.2800,3.3271,-0.0591,-0.0591
23.2484,pi,6.2800,3.3014,-0.0596,-0.0596
23.2534,pi,6.2800,3.3269,-0.0591,-0.0591
23.2584,pi,6.2800,3.3472,-0.0587,-0.0587
23.2635,pi,6.2800,3.3311,-0.0590,-0.0590
23.2684,pi,6.2800,3.3685,-0.0582,-0.0582
23.2734,pi,6.2800,3.3482,-0.0586,-0.0586
23.2784,pi,6.2800,3.3320,-0.0590,-0.0590
23.2834,pi,6.2800,3.3510,-0.0586,-0.0586
23.2885,pi,6.2800,3.3340,-0.0589,-0.0589
23.2934,pi,6.2800,3.3207,-0.0592,-0.0592
23.2984,pi,6.2800,3.3602,-0.0584,-0.0584
23.3034,pi,6.2800,3.3416,-0.0588,-0.0588
23.3085,pi,6.2800,3.3261,-0.0591,-0.0591
23.3134,pi,6.2800,3.3644,-0.0583,-0.0583
23.3184,pi,6.2800,3.3449,-0.0587,-0.0587
23.3234,pi,6.2800,3.3158,-0.0593,-0.0593
23.3285,pi,6.2800,3.3382,-0.0588,-0.0588
23.3335,pi,6.2800,3.3239,-0.0591,-0.0591
23.3384,pi,6.2800,3.2988,-0.0596,-0.0596
23.3434,pi,6.2800,3.3248,-0.0591,-0.0591
23.3484,pi,6.2800,3.3454,-0.0587,-0.0587
23.3535,pi,6.2800,3.3296,-0.0590,-0.0590
23.3584,pi,6.2800,3.3491,-0.0586,-0.0586
23.3634,pi,6.2800,3.3652,-0.0583,-0.0583
23.3685,pi,6.2800,3.3319,-0.0590,-0.0590
23.3735,pi,6.2800,3.3691,-0.0582,-0.0582
23.3784,pi,6.2800,3.3808,-0.0580,-0.0580
23.3836,pi,6.2800,3.3581,-0.0584,-0.0584
23.3888,pi,6.2800,3.3901,-0.0578,-0.0578
23.3934,pi,6.2800,3.3653,-0.0583,-0.0583
23.3984,pi,6.2800,3.3457,-0.0587,-0.0587
23.4034,pi,6.2800,3.3620,-0.0584,-0.0584
23.4085,pi,6.2800,3.3429,-0.0587,-0.0587
23.4135,pi,6.2800,3.3276,-0.0590,-0.0590
23.4184,pi,6.2800,3.3475,-0.0587,-0.0587
23.4234,pi,6.2800,3.3635,-0.0583,-0.0583
23.4285,pi,6.2800,3.3443,-0.0587,-0.0587
23.4334,pi,6.2800,3.3607,-0.0584,-0.0584
23.4384,pi,6.2800,3.3741,-0.0581,-0.0581
23.4434,pi,6.2800,3.3393,-0.0588,-0.0588
23.4484,pi,6.2800,3.3571,-0.0585,-0.0585
23.4535,pi,6.2800,3.3390,-0.0588,-0.0588
23.4595,pi,6.2800,3.3242,-0.0591,-0.0591
23.4637,pi,6.2800,3.3628,-0.0583,-0.0583
23.4685,pi,6.2800,3.3435,-0.0587,-0.0587
23.4734,pi,6.2800,3.3281,-0.0590,-0.0590
23.4784,pi,6.2800,3.3480,-0.0586,-0.0586
23.4835,pi,6.2800,3.3638,-0.0583,-0.0583
23.4885,pi,6.2800,3.3443,-0.0587,-0.0587
23.4934,pi,6.2800,3.3791,-0.0580,-0.0580
23.4984,pi,6.2800,3.3567,-0.0585,-0.0585
23.5034,pi,6.2800,3.3251,-0.0591,-0.0591
23.5084,pi,6.2800,3.3456,-0.0587,-0.0587
23.5134,pi,6.2800,3.3623,-0.0584,-0.0584
23.5184,pi,6.2800,3.3297,-0.0590,-0.0590
23.5234,pi,6.2800,3.3494,-0.0586,-0.0586
23.5284,pi,6.2800,3.3652,-0.0583,-0.0583
23.5334,pi,6.2800,3.3959,-0.0577,-0.0577
23.5384,pi,6.2800,3.4020,-0.0576,-0.0576
23.5434,pi,6.2800,3.4072,-0.0575,-0.0575
23.5484,pi,6.2800,3.4112,-0.0574,-0.0574
23.5534,pi,6.2800,3.4326,-0.0569,-0.0569
23.5584,pi,6.2800,3.3994,-0.0576,-0.0576
23.5634,pi,6.2800,3.4049,-0.0575,-0.0575
23.5684,pi,6.2800,3.4094,-0.0574,-0.0574
23.5735,pi,6.2800,3.3803,-0.0580,-0.0580
23.5785,pi,6.2800,3.4077,-0.0574,-0.0574
23.5835,pi,6.2800,3.3794,-0.0580,-0.0580
23.5884,pi,6.2800,3.3434,-0.0587,-0.0587
23.5935,pi,6.2800,3.3281,-0.0590,-0.0590
23.5984,pi,6.2800,3.3479,-0.0586,-0.0586
23.6034,pi,6.2800,3.3182,-0.0592,-0.0592
23.6085,pi,6.2800,3.2942,-0.0597,-0.0597
23.6134,pi,6.2800,3.3210,-0.0592,-0.0592
23.6184,pi,6.2800,3.2967,-0.0597,-0.0597
23.6235,pi,6.2800,3.2773,-0.0601,-0.0601
23.6284,pi,6.2800,3.3078,-0.0594,-0.0594
23.6334,pi,6.2800,3.2861,-0.0599,-0.0599
23.6384,pi,6.2800,3.2688,-0.0602,-0.0602
23.6434,pi,6.2800,3.3005,-0.0596,-0.0596
23.6484,pi,6.2800,3.3259,-0.0591,-0.0591
23.6534,pi,6.2800,3.3142,-0.0593,-0.0593
23.6583,pi,6.2800,3.3368,-0.0589,-0.0589
23.6634,pi,6.2800,3.3550,-0.0585,-0.0585
23.6684,pi,6.2800,3.3695,-0.0582,-0.0582
23.6734,pi,6.2800,3.3994,-0.0576,-0.0576
23.6784,pi,6.2800,3.4050,-0.0575,-0.0575
23.6834,pi,6.2800,3.4095,-0.0574,-0.0574
23.6884,pi,6.2800,3.4130,-0.0573,-0.0573
23.6934,pi,6.2800,3.3838,-0.0579,-0.0579
23.6984,pi,6.2800,3.3924,-0.0578,-0.0578
23.7034,pi,6.2800,3.3995,-0.0576,-0.0576
23.7085,pi,6.2800,3.3729,-0.0581,-0.0581
23.7134,pi,6.2800,3.3837,-0.0579,-0.0579
23.7184,pi,6.2800,3.3604,-0.0584,-0.0584
23.7234,pi,6.2800,3.3280,-0.0590,-0.0590
23.7285,pi,6.2800,3.3661,-0.0583,-0.0583
23.7334,pi,6.2800,3.3462,-0.0587,-0.0587
23.7384,pi,6.2800,3.3167,-0.0593,-0.0593
23.7435,pi,6.2800,3.3067,-0.0595,-0.0595
23.7484,pi,6.2800,3.2986,-0.0596,-0.0596
23.7534,pi,6.2800,3.2923,-0.0598,-0.0598
23.7584,pi,6.2800,3.3193,-0.0592,-0.0592
23.7634,pi,6.2800,3.3089,-0.0594,-0.0594
23.7684,pi,6.2800,3.3001,-0.0596,-0.0596
23.7734,pi,6.2800,3.3254,-0.0591,-0.0591
23.7784,pi,6.2800,3.3459,-0.0587,-0.0587
23.7834,pi,6.2800,3.3164,-0.0593,-0.0593
23.7885,pi,6.2800,3.3568,-0.0585,-0.0585
23.7934,pi,6.2800,3.3708,-0.0582,-0.0582
23.7985,pi,6.2800,3.3821,-0.0580,-0.0580
23.8035,pi,6.2800,3.4092,-0.0574,-0.0574
23.8085,pi,6.2800,3.3803,-0.0580,-0.0580
23.8134,pi,6.2800,3.4078,-0.0574,-0.0574
23.8184,pi,6.2800,3.4115,-0.0574,-0.0574
23.8234,pi,6.2800,3.3823,-0.0580,-0.0580
23.8285,pi,6.2800,3.4093,-0.0574,-0.0574
23.8334,pi,6.2800,3.4310,-0.0570,-0.0570
23.8385,pi,6.2800,3.3980,-0.0576,-0.0576
23.8434,pi,6.2800,3.4220,-0.0572,-0.0572
23.8485,pi,6.2800,3.4412,-0.0568,-0.0568
23.8534,pi,6.2800,3.4382,-0.0568,-0.0568
23.8585,pi,6.2800,3.4361,-0.0569,-0.0569
23.8634,pi,6.2800,3.4346,-0.0569,-0.0569
23.8685,pi,6.2800,3.4011,-0.0576,-0.0576
23.8734,pi,6.2800,3.4063,-0.0575,-0.0575
23.8784,pi,6.2800,3.4107,-0.0574,-0.0574
23.8835,pi,6.2800,3.3681,-0.0582,-0.0582
23.8885,pi,6.2800,3.3479,-0.0586,-0.0586
23.8934,pi,6.2800,3.3318,-0.0590,-0.0590
23.8984,pi,6.2800,3.3189,-0.0592,-0.0592
23.9034,pi,6.2800,3.2948,-0.0597,-0.0597
23.9084,pi,6.2800,3.3214,-0.0592,-0.0592
23.9135,pi,6.2800,3.3104,-0.0594,-0.0594
23.9184,pi,6.2800,3.3017,-0.0596,-0.0596
23.9234,pi,6.2800,3.2948,-0.0597,-0.0597
23.9284,pi,6.2800,3.2893,-0.0598,-0.0598
23.9334,pi,6.2800,3.2848,-0.0599,-0.0599
23.9384,pi,6.2800,3.3133,-0.0593,-0.0593
23.9435,pi,6.2800,3.3040,-0.0595,-0.0595
23.9484,pi,6.2800,3.2829,-0.0599,-0.0599
23.9534,pi,6.2800,3.3118,-0.0594,-0.0594
23.9585,pi,6.2800,3.3029,-0.0595,-0.0595
23.9634,pi,6.2800,3.2820,-0.0600,-0.0600
23.9684,pi,6.2800,3.3111,-0.0594,-0.0594
23.9734,pi,6.2800,3.3344,-0.0589,-0.0589
23.9784,pi,6.2800,3.3075,-0.0595,-0.0595
23.9835,pi,6.2800,3.3497,-0.0586,-0.0586
23.9884,pi,6.2800,3.3332,-0.0589,-0.0589
23.9934,pi,6.2800,3.3198,-0.0592,-0.0592
23.9984,pi,6.2800,3.3595,-0.0584,-0.0584
24.0035,pi,6.2800,3.3409,-0.0588,-0.0588
24.0085,pi,6.2800,3.3261,-0.0591,-0.0591
24.0134,pi,6.2800,3.3646,-0.0583,-0.0583
24.0184,pi,6.2800,3.3450,-0.0587,-0.0587
24.0234,pi,6.2800,3.3614,-0.0584,-0.0584
24.0285,pi,6.2800,3.3927,-0.0577,-0.0577
24.0334,pi,6.2800,3.3995,-0.0576,-0.0576
24.0384,pi,6.2800,3.4053,-0.0575,-0.0575
24.0434,pi,6.2800,3.4097,-0.0574,-0.0574
24.0485,pi,6.2800,3.3812,-0.0580,-0.0580
24.0534,pi,6.2800,3.3904,-0.0578,-0.0578
24.0584,pi,6.2800,3.3978,-0.0576,-0.0576
24.0635,pi,6.2800,3.3717,-0.0582,-0.0582
24.0684,pi,6.2800,3.3371,-0.0589,-0.0589
24.0734,pi,6.2800,3.3231,-0.0591,-0.0591
24.0784,pi,6.2800,3.2984,-0.0596,-0.0596
24.0834,pi,6.2800,3.3241,-0.0591,-0.0591
24.0884,pi,6.2800,3.3448,-0.0587,-0.0587
24.0935,pi,6.2800,3.3292,-0.0590,-0.0590
24.0984,pi,6.2800,3.3487,-0.0586,-0.0586
24.1034,pi,6.2800,3.3645,-0.0583,-0.0583
24.1085,pi,6.2800,3.3450,-0.0587,-0.0587
24.1134,pi,6.2800,3.3615,-0.0584,-0.0584
24.1185,pi,6.2800,3.3929,-0.0577,-0.0577
24.1234,pi,6.2800,3.3998,-0.0576,-0.0576
24.1285,pi,6.2800,3.4235,-0.0571,-0.0571
24.1334,pi,6.2800,3.3922,-0.0578,-0.0578
24.1384,pi,6.2800,3.3671,-0.0583,-0.0583
24.1434,pi,6.2800,3.3791,-0.0580,-0.0580
24.1484,pi,6.2800,3.3888,-0.0578,-0.0578
24.1534,pi,6.2800,3.3644,-0.0583,-0.0583
24.1585,pi,6.2800,3.3950,-0.0577,-0.0577
24.1636,pi,6.2800,3.3692,-0.0582,-0.0582
24.1685,pi,6.2800,3.3488,-0.0586,-0.0586
24.1734,pi,6.2800,3.3826,-0.0579,-0.0579
24.1784,pi,6.2800,3.3917,-0.0578,-0.0578
24.1839,pi,6.2800,3.3663,-0.0583,-0.0583
24.1892,pi,6.2800,3.3458,-0.0587,-0.0587
24.1937,pi,6.2800,3.3297,-0.0590,-0.0590
24.1988,pi,6.2800,3.3169,-0.0593,-0.0593
24.2039,pi,6.2800,3.3570,-0.0585,-0.0585
24.2084,pi,6.2800,3.3710,-0.0582,-0.0582
24.2134,pi,6.2800,3.3369,-0.0589,-0.0589
24.2184,pi,6.2800,3.3096,-0.0594,-0.0594
24.2234,pi,6.2800,3.3333,-0.0589,-0.0589
24.2284,pi,6.2800,3.3066,-0.0595,-0.0595
24.2335,pi,6.2800,3.3306,-0.0590,-0.0590
24.2384,pi,6.2800,3.3502,-0.0586,-0.0586
24.2434,pi,6.2800,3.3661,-0.0583,-0.0583
24.2484,pi,6.2800,3.3787,-0.0580,-0.0580
24.2535,pi,6.2800,3.3888,-0.0578,-0.0578
24.2584,pi,6.2800,3.3508,-0.0586,-0.0586
24.2634,pi,6.2800,3.3662,-0.0583,-0.0583
24.2684,pi,6.2800,3.3967,-0.0577,-0.0577
24.2734,pi,6.2800,3.3707,-0.0582,-0.0582
24.2785,pi,6.2800,3.3500,-0.0586,-0.0586
24.2836,pi,6.2800,3.3333,-0.0589,-0.0589
24.2887,pi,6.2800,3.3063,-0.0595,-0.0595
24.2937,pi,6.2800,3.3486,-0.0586,-0.0586
24.2983,pi,6.2800,3.3644,-0.0583,-0.0583
24.3034,pi,6.2800,3.3449,-0.0587,-0.0587
24.3083,pi,6.2800,3.3615,-0.0584,-0.0584
24.3115,coast,6.2800,3.3615,0.0000,0.0000
