t_s,mode,target_rad_s,speed_rad_s,u,u_unsaturated
0.0904,coast,6.2800,0.0000,0.0000,0.0000
0.0922,pi,6.2800,0.0000,-0.0016,-0.0016
0.0976,pi,6.2800,0.0000,-0.0016,-0.0016
0.1016,pi,6.2800,0.0000,-0.0016,-0.0016
0.1060,pi,6.2800,0.0000,-0.0016,-0.0016
0.1099,pi,6.2800,0.0000,-0.0016,-0.0016
0.1136,pi,6.2800,0.0000,-0.0016,-0.0016
0.1178,pi,6.2800,0.0000,-0.0016,-0.0016
0.1217,pi,6.2800,0.0000,-0.0016,-0.0016
0.1262,pi,6.2800,0.0000,-0.0016,-0.0016
0.1302,pi,6.2800,0.0000,-0.0016,-0.0016
0.1342,pi,6.2800,0.0000,-0.0016,-0.0016
0.1379,pi,6.2800,0.0000,-0.0016,-0.0016
0.1423,pi,6.2800,0.0000,-0.0016,-0.0016
0.1462,pi,6.2800,0.0000,-0.0016,-0.0016
0.1503,pi,6.2800,0.0000,-0.0016,-0.0016
0.1544,pi,6.2800,0.0000,-0.0016,-0.0016
0.1581,pi,6.2800,0.0000,-0.0016,-0.0016
0.1619,pi,6.2800,0.0000,-0.0016,-0.0016
0.1658,pi,6.2800,0.0000,-0.0016,-0.0016
0.1695,pi,6.2800,0.0000,-0.0016,-0.0016
0.1738,pi,6.2800,0.0000,-0.0016,-0.0016
0.1787,pi,6.2800,0.0000,-0.0016,-0.0016
0.1838,pi,6.2800,0.0000,-0.0016,-0.0016
0.1887,pi,6.2800,0.0000,-0.0016,-0.0016
0.1938,pi,6.2800,0.0000,-0.0016,-0.0016
0.1987,pi,6.2800,0.0000,-0.0016,-0.0016
0.2037,pi,6.2800,0.0000,-0.0016,-0.0016
0.2087,pi,6.2800,0.0000,-0.0016,-0.0016
0.2137,pi,6.2800,0.0000,-0.0016,-0.0016
0.2187,pi,6.2800,0.0000,-0.0016,-0.0016
0.2237,pi,6.2800,0.0000,-0.0016,-0.0016
0.2287,pi,6.2800,0.0000,-0.0016,-0.0016
0.2337,pi,6.2800,0.0000,-0.0016,-0.0016
0.2387,pi,6.2800,0.0000,-0.0016,-0.0016
0.2439,pi,6.2800,0.0000,-0.0016,-0.0016
0.2488,pi,6.2800,0.0000,-0.0016,-0.0016
0.2537,pi,6.2800,0.0000,-0.0016,-0.0016
0.2588,pi,6.2800,0.0000,-0.0016,-0.0016
0.2637,pi,6.2800,0.0000,-0.0016,-0.0016
0.2688,pi,6.2800,0.0000,-0.0016,-0.0016
0.2740,pi,6.2800,0.0000,-0.0016,-0.0016
0.2795,pi,6.2800,0.0000,-0.0016,-0.0016
0.2840,pi,6.2800,0.0000,-0.0016,-0.0016
0.2887,pi,6.2800,0.0000,-0.0016,-0.0016
0.2937,pi,6.2800,0.0000,-0.0016,-0.0016
0.2988,pi,6.2800,0.0000,-0.0016,-0.0016
0.3037,pi,6.2800,0.0000,-0.0016,-0.0016
0.3088,pi,6.2800,0.0000,-0.0016,-0.0016
0.3137,pi,6.2800,0.0000,-0.0016,-0.0016
0.3187,pi,6.2800,0.0000,-0.0016,-0.0016
0.3237,pi,6.2800,0.0000,-0.0016,-0.0016
0.3287,pi,6.2800,0.0000,-0.0016,-0.0016
0.3337,pi,6.2800,0.0000,-0.0016,-0.0016
0.3387,pi,6.2800,0.0000,-0.0016,-0.0016
0.3437,pi,6.2800,0.0000,-0.0016,-0.0016
0.3488,pi,6.2800,0.0000,-0.0016,-0.0016
0.3538,pi,6.2800,0.0000,-0.0016,-0.0016
0.3587,pi,6.2800,0.0000,-0.0016,-0.0016
0.3637,pi,6.2800,0.0000,-0.0016,-0.0016
0.3688,pi,6.2800,0.0000,-0.0016,-0.0016
0.3737,pi,6.2800,0.0000,-0.0016,-0.0016
0.3787,pi,6.2800,0.0000,-0.0016,-0.0016
0.3837,pi,6.2800,0.0000,-0.0016,-0.0016
0.3887,pi,6.2800,0.0000,-0.0016,-0.0016
0.3937,pi,6.2800,0.0000,-0.0016,-0.0016
0.3987,pi,6.2800,0.0000,-0.0016,-0.0016
0.4037,pi,6.2800,0.0000,-0.0016,-0.0016
0.4088,pi,6.2800,0.0000,-0.0016,-0.0016
0.4137,pi,6.2800,0.0000,-0.0016,-0.0016
0.4187,pi,6.2800,0.0000,-0.0016,-0.0016
0.4237,pi,6.2800,0.0000,-0.0016,-0.0016
0.4287,pi,6.2800,0.0000,-0.0016,-0.0016
0.4337,pi,6.2800,0.0000,-0.0016,-0.0016
0.4387,pi,6.2800,0.0000,-0.0016,-0.0016
0.4437,pi,6.2800,0.0000,-0.0016,-0.0016
0.4487,pi,6.2800,0.0000,-0.0016,-0.0016
0.4537,pi,6.2800,0.0000,-0.0016,-0.0016
0.4587,pi,6.2800,0.0000,-0.0016,-0.0016
0.4637,pi,6.2800,0.0000,-0.0016,-0.0016
0.4687,pi,6.2800,0.0000,-0.0016,-0.0016
0.4737,pi,6.2800,0.0000,-0.0016,-0.0016
0.4787,pi,6.2800,0.0000,-0.0016,-0.0016
0.4837,pi,6.2800,0.0000,-0.0016,-0.0016
0.4887,pi,6.2800,0.0000,-0.0016,-0.0016
0.4937,pi,6.2800,0.0000,-0.0016,-0.0016
0.4987,pi,6.2800,0.0000,-0.0016,-0.0016
0.5038,pi,6.2800,0.0000,-0.0016,-0.0016
0.5087,pi,6.2800,0.0000,-0.0016,-0.0016
0.5137,pi,6.2800,0.0000,-0.0016,-0.0016
0.5187,pi,6.2800,0.0000,-0.0016,-0.0016
0.5237,pi,6.2800,0.0000,-0.0016,-0.0016
0.5287,pi,6.2800,0.0000,-0.0016,-0.0016
0.5338,pi,6.2800,0.0000,-0.0016,-0.0016
0.5387,pi,6.2800,0.0000,-0.0016,-0.0016
0.5437,pi,6.2800,0.0000,-0.0016,-0.0016
0.5488,pi,6.2800,0.0000,-0.0016,-0.0016
0.5538,pi,6.2800,0.0000,-0.0016,-0.0016
0.5587,pi,6.2800,0.0000,-0.0016,-0.0016
0.5637,pi,6.2800,0.0000,-0.0016,-0.0016
0.5687,pi,6.2800,0.0000,-0.0016,-0.0016
0.5738,pi,6.2800,0.0000,-0.0016,-0.0016
0.5787,pi,6.2800,0.0000,-0.0016,-0.0016
0.5837,pi,6.2800,0.0000,-0.0016,-0.0016
0.5888,pi,6.2800,0.0000,-0.0016,-0.0016
0.5937,pi,6.2800,0.0000,-0.0016,-0.0016
0.5989,pi,6.2800,0.0000,-0.0016,-0.0016
0.6038,pi,6.2800,0.0000,-0.0016,-0.0016
0.6087,pi,6.2800,0.0000,-0.0016,-0.0016
0.6140,pi,6.2800,0.0000,-0.0016,-0.0016
0.6188,pi,6.2800,0.0000,-0.0016,-0.0016
0.6238,pi,6.2800,0.0000,-0.0016,-0.0016
0.6291,pi,6.2800,0.0000,-0.0016,-0.0016
0.6337,pi,6.2800,0.0000,-0.0016,-0.0016
0.6387,pi,6.2800,0.0000,-0.0016,-0.0016
0.6438,pi,6.2800,0.0000,-0.0016,-0.0016
0.6489,pi,6.2800,0.0000,-0.0016,-0.0016
0.6539,pi,6.2800,0.0000,-0.0016,-0.0016
0.6589,pi,6.2800,0.0000,-0.0016,-0.0016
0.6637,pi,6.2800,0.0000,-0.0016,-0.0016
0.6688,pi,6.2800,0.0000,-0.0016,-0.0016
0.6737,pi,6.2800,0.0000,-0.0016,-0.0016
0.6787,pi,6.2800,0.0000,-0.0016,-0.0016
0.6840,pi,6.2800,0.0000,-0.0016,-0.0016
0.6888,pi,6.2800,0.0000,-0.0016,-0.0016
0.6944,pi,6.2800,0.0000,-0.0016,-0.0016
0.6989,pi,6.2800,0.0000,-0.0016,-0.0016
0.7041,pi,6.2800,0.0000,-0.0016,-0.0016
0.7093,pi,6.2800,0.0000,-0.0016,-0.0016
0.7138,pi,6.2800,0.0000,-0.0016,-0.0016
0.7187,pi,6.2800,0.0000,-0.0016,-0.0016
0.7236,pi,6.2800,0.0000,-0.0016,-0.0016
0.7288,pi,6.2800,0.0000,-0.0016,-0.0016
0.7341,pi,6.2800,0.0000,-0.0016,-0.0016
0.7390,pi,6.2800,0.0000,-0.0016,-0.0016
0.7438,pi,6.2800,0.0000,-0.0016,-0.0016
0.7488,pi,6.2800,0.0000,-0.0016,-0.0016
0.7538,pi,6.2800,0.0000,-0.0016,-0.0016
0.7587,pi,6.2800,0.0000,-0.0016,-0.0016
0.7637,pi,6.2800,0.0000,-0.0016,-0.0016
0.7688,pi,6.2800,0.0000,-0.0016,-0.0016
0.7738,pi,6.2800,0.0000,-0.0016,-0.0016
0.7788,pi,6.2800,0.0000,-0.0016,-0.0016
0.7837,pi,6.2800,0.0000,-0.0016,-0.0016
0.7887,pi,6.2800,0.0000,-0.0016,-0.0016
0.7937,pi,6.2800,0.0000,-0.0016,-0.0016
0.7987,pi,6.2800,0.0000,-0.0016,-0.0016
0.8040,pi,6.2800,0.0000,-0.0016,-0.0016
0.8090,pi,6.2800,0.0000,-0.0016,-0.0016
0.8137,pi,6.2800,0.0000,-0.0016,-0.0016
0.8187,pi,6.2800,0.0000,-0.0016,-0.0016
0.8237,pi,6.2800,0.0000,-0.0016,-0.0016
0.8287,pi,6.2800,0.0000,-0.0016,-0.0016
0.8337,pi,6.2800,0.0000,-0.0016,-0.0016
0.8387,pi,6.2800,0.0000,-0.0016,-0.0016
0.8438,pi,6.2800,0.0000,-0.0016,-0.0016
0.8488,pi,6.2800,0.0000,-0.0016,-0.0016
0.8539,pi,6.2800,0.0000,-0.0016,-0.0016
0.8590,pi,6.2800,0.0000,-0.0016,-0.0016
0.8641,pi,6.2800,0.0000,-0.0016,-0.0016
0.8687,pi,6.2800,0.0000,-0.0016,-0.0016
0.8737,pi,6.2800,0.0000,-0.0016,-0.0016
0.8787,pi,6.2800,0.0000,-0.0016,-0.0016
0.8837,pi,6.2800,0.0000,-0.0016,-0.0016
0.8888,pi,6.2800,0.0000,-0.0016,-0.0016
0.8937,pi,6.2800,0.0000,-0.0016,-0.0016
0.8987,pi,6.2800,0.0000,-0.0016,-0.0016
0.9038,pi,6.2800,0.0000,-0.0016,-0.0016
0.9087,pi,6.2800,0.0000,-0.0016,-0.0016
0.9138,pi,6.2800,0.0000,-0.0016,-0.0016
0.9187,pi,6.2800,0.0000,-0.0016,-0.0016
0.9238,pi,6.2800,0.0000,-0.0016,-0.0016
0.9287,pi,6.2800,0.0000,-0.0016,-0.0016
0.9337,pi,6.2800,0.0000,-0.0016,-0.0016
0.9387,pi,6.2800,0.0000,-0.0016,-0.0016
0.9438,pi,6.2800,0.0000,-0.0016,-0.0016
0.9487,pi,6.2800,0.0000,-0.0016,-0.0016
0.9538,pi,6.2800,0.0000,-0.0016,-0.0016
0.9587,pi,6.2800,0.0000,-0.0016,-0.0016
0.9637,pi,6.2800,0.0000,-0.0016,-0.0016
0.9688,pi,6.2800,0.0000,-0.0016,-0.0016
0.9738,pi,6.2800,0.0000,-0.0016,-0.0016
0.9787,pi,6.2800,0.0000,-0.0016,-0.0016
0.9837,pi,6.2800,0.0000,-0.0016,-0.0016
0.9887,pi,6.2800,0.0000,-0.0016,-0.0016
0.9937,pi,6.2800,0.0000,-0.0016,-0.0016
0.9988,pi,6.2800,0.0000,-0.0016,-0.0016
1.0037,pi,6.2800,0.0000,-0.0016,-0.0016
1.0088,pi,6.2800,0.0000,-0.0016,-0.0016
1.0137,pi,6.2800,0.0000,-0.0016,-0.0016
1.0187,pi,6.2800,0.0000,-0.0016,-0.0016
1.0237,pi,6.2800,0.0000,-0.0016,-0.0016
1.0288,pi,6.2800,0.0000,-0.0016,-0.0016
1.0337,pi,6.2800,0.0000,-0.0016,-0.0016
1.0387,pi,6.2800,0.0000,-0.0016,-0.0016
1.0437,pi,6.2800,0.0000,-0.0016,-0.0016
1.0487,pi,6.2800,0.0000,-0.0016,-0.0016
1.0538,pi,6.2800,0.0000,-0.0016,-0.0016
1.0588,pi,6.2800,0.0000,-0.0016,-0.0016
1.0637,pi,6.2800,0.0000,-0.0016,-0.0016
1.0687,pi,6.2800,0.0000,-0.0016,-0.0016
1.0737,pi,6.2800,0.0000,-0.0016,-0.0016
1.0787,pi,6.2800,0.0000,-0.0016,-0.0016
1.0837,pi,6.2800,0.0000,-0.0016,-0.0016
1.0888,pi,6.2800,0.0000,-0.0016,-0.0016
1.0938,pi,6.2800,0.0000,-0.0016,-0.0016
1.0988,pi,6.2800,0.0000,-0.0016,-0.0016
1.1039,pi,6.2800,0.0000,-0.0016,-0.0016
1.1089,pi,6.2800,0.0000,-0.0016,-0.0016
1.1146,pi,6.2800,0.0000,-0.0015,-0.0015
1.1196,pi,6.2800,0.0000,-0.0016,-0.0016
1.1237,pi,6.2800,0.0000,-0.0016,-0.0016
1.1287,pi,6.2800,0.0000,-0.0016,-0.0016
1.1337,pi,6.2800,0.0000,-0.0016,-0.0016
1.1387,pi,6.2800,0.0000,-0.0016,-0.0016
1.1437,pi,6.2800,0.0000,-0.0016,-0.0016
1.1487,pi,6.2800,0.0000,-0.0016,-0.0016
1.1537,pi,6.2800,0.0000,-0.0016,-0.0016
1.1587,pi,6.2800,0.0000,-0.0016,-0.0016
1.1638,pi,6.2800,0.0000,-0.0016,-0.0016
1.1687,pi,6.2800,0.0000,-0.0016,-0.0016
1.1737,pi,6.2800,0.0000,-0.0016,-0.0016
1.1786,pi,6.2800,0.0000,-0.0016,-0.0016
1.1837,pi,6.2800,0.0000,-0.0016,-0.0016
1.1887,pi,6.2800,0.0000,-0.0016,-0.0016
1.1941,pi,6.2800,0.0000,-0.0016,-0.0016
1.1987,pi,6.2800,0.0000,-0.0016,-0.0016
1.2039,pi,6.2800,0.0000,-0.0016,-0.0016
1.2087,pi,6.2800,0.0000,-0.0016,-0.0016
1.2137,pi,6.2800,0.0000,-0.0016,-0.0016
1.2187,pi,6.2800,0.0000,-0.0016,-0.0016
1.2237,pi,6.2800,0.0000,-0.0016,-0.0016
1.2287,pi,6.2800,0.0000,-0.0016,-0.0016
1.2346,pi,6.2800,0.0000,-0.0016,-0.0016
1.2407,pi,6.2800,0.0000,-0.0016,-0.0016
1.2458,pi,6.2800,0.0000,-0.0016,-0.0016
1.2517,pi,6.2800,0.0000,-0.0016,-0.0016
1.2586,pi,6.2800,0.0000,-0.0016,-0.0016
1.2637,pi,6.2800,0.0000,-0.0016,-0.0016
1.2685,pi,6.2800,0.0000,-0.0015,-0.0015
1.2732,pi,6.2800,0.0000,-0.0016,-0.0016
1.2773,pi,6.2800,0.0000,-0.0016,-0.0016
1.2814,pi,6.2800,0.0000,-0.0016,-0.0016
1.2857,pi,6.2800,0.0000,-0.0016,-0.0016
1.2895,pi,6.2800,0.0000,-0.0016,-0.0016
1.2939,pi,6.2800,0.0000,-0.0016,-0.0016
1.2989,pi,6.2800,0.0000,-0.0016,-0.0016
1.3043,pi,6.2800,0.0000,-0.0016,-0.0016
1.3093,pi,6.2800,0.0000,-0.0016,-0.0016
1.3146,pi,6.2800,0.0000,-0.0016,-0.0016
1.3193,pi,6.2800,0.0000,-0.0016,-0.0016
1.3245,pi,6.2800,0.0000,-0.0016,-0.0016
1.3290,pi,6.2800,0.0000,-0.0016,-0.0016
1.3339,pi,6.2800,0.0000,-0.0015,-0.0015
1.3388,pi,6.2800,0.0000,-0.0016,-0.0016
1.3438,pi,6.2800,0.0000,-0.0016,-0.0016
1.3488,pi,6.2800,0.0000,-0.0016,-0.0016
1.3538,pi,6.2800,0.0000,-0.0016,-0.0016
1.3588,pi,6.2800,0.0000,-0.0016,-0.0016
1.3638,pi,6.2800,0.0000,-0.0016,-0.0016
1.3688,pi,6.2800,0.0000,-0.0016,-0.0016
1.3738,pi,6.2800,0.0000,-0.0016,-0.0016
1.3788,pi,6.2800,0.0000,-0.0016,-0.0016
1.3843,pi,6.2800,0.0000,-0.0016,-0.0016
1.3895,pi,6.2800,0.0000,-0.0016,-0.0016
1.3940,pi,6.2800,0.0000,-0.0016,-0.0016
1.3991,pi,6.2800,0.0000,-0.0016,-0.0016
1.4041,pi,6.2800,0.0000,-0.0016,-0.0016
1.4090,pi,6.2800,0.0000,-0.0016,-0.0016
1.4141,pi,6.2800,0.0000,-0.0016,-0.0016
1.4191,pi,6.2800,0.0000,-0.0016,-0.0016
1.4241,pi,6.2800,0.0000,-0.0016,-0.0016
1.4290,pi,6.2800,0.0000,-0.0016,-0.0016
1.4339,pi,6.2800,0.0000,-0.0016,-0.0016
1.4390,pi,6.2800,0.0000,-0.0016,-0.0016
1.4438,pi,6.2800,0.0000,-0.0016,-0.0016
1.4487,pi,6.2800,0.0000,-0.0016,-0.0016
1.4538,pi,6.2800,0.0000,-0.0016,-0.0016
1.4587,pi,6.2800,0.0000,-0.0016,-0.0016
1.4638,pi,6.2800,0.0000,-0.0016,-0.0016
1.4688,pi,6.2800,0.0000,-0.0016,-0.0016
1.4737,pi,6.2800,0.0000,-0.0016,-0.0016
1.4787,pi,6.2800,0.0000,-0.0016,-0.0016
1.4838,pi,6.2800,0.0000,-0.0016,-0.0016
1.4887,pi,6.2800,0.0000,-0.0016,-0.0016
1.4937,pi,6.2800,0.0000,-0.0016,-0.0016
1.4987,pi,6.2800,0.0000,-0.0016,-0.0016
1.5037,pi,6.2800,0.0000,-0.0016,-0.0016
1.5087,pi,6.2800,0.0000,-0.0016,-0.0016
1.5137,pi,6.2800,0.0000,-0.0016,-0.0016
1.5188,pi,6.2800,0.0000,-0.0016,-0.0016
1.5238,pi,6.2800,0.0000,-0.0016,-0.0016
1.5287,pi,6.2800,0.0000,-0.0016,-0.0016
1.5338,pi,6.2800,0.0000,-0.0016,-0.0016
1.5388,pi,6.2800,0.0000,-0.0016,-0.0016
1.5438,pi,6.2800,0.0000,-0.0016,-0.0016
1.5487,pi,6.2800,0.0000,-0.0016,-0.0016
1.5538,pi,6.2800,0.0000,-0.0016,-0.0016
1.5587,pi,6.2800,0.0000,-0.0016,-0.0016
1.5638,pi,6.2800,0.0000,-0.0016,-0.0016
1.5687,pi,6.2800,0.0000,-0.0016,-0.0016
1.5737,pi,6.2800,0.0000,-0.0016,-0.0016
1.5787,pi,6.2800,0.0000,-0.0016,-0.0016
1.5837,pi,6.2800,0.0000,-0.0016,-0.0016
1.5887,pi,6.2800,0.0000,-0.0016,-0.0016
1.5937,pi,6.2800,0.0000,-0.0016,-0.0016
1.5987,pi,6.2800,0.0000,-0.0016,-0.0016
1.6037,pi,6.2800,0.0000,-0.0016,-0.0016
1.6088,pi,6.2800,0.0000,-0.0016,-0.0016
1.6137,pi,6.2800,0.0000,-0.0016,-0.0016
1.6188,pi,6.2800,0.0000,-0.0016,-0.0016
1.6237,pi,6.2800,0.0000,-0.0016,-0.0016
1.6287,pi,6.2800,0.0000,-0.0016,-0.0016
1.6337,pi,6.2800,0.0000,-0.0016,-0.0016
1.6387,pi,6.2800,0.0000,-0.0016,-0.0016
1.6437,pi,6.2800,0.0000,-0.0016,-0.0016
1.6487,pi,6.2800,0.0000,-0.0016,-0.0016
1.6537,pi,6.2800,0.0000,-0.0016,-0.0016
1.6587,pi,6.2800,0.0000,-0.0016,-0.0016
1.6637,pi,6.2800,0.0000,-0.0016,-0.0016
1.6687,pi,6.2800,0.0000,-0.0016,-0.0016
1.6737,pi,6.2800,0.0000,-0.0016,-0.0016
1.6787,pi,6.2800,0.0000,-0.0016,-0.0016
1.6837,pi,6.2800,0.0000,-0.0016,-0.0016
1.6887,pi,6.2800,0.0000,-0.0016,-0.0016
1.6937,pi,6.2800,0.0000,-0.0016,-0.0016
1.6987,pi,6.2800,0.0000,-0.0016,-0.0016
1.7037,pi,6.2800,0.0000,-0.0016,-0.0016
1.7087,pi,6.2800,0.0000,-0.0016,-0.0016
1.7137,pi,6.2800,0.0000,-0.0016,-0.0016
1.7187,pi,6.2800,0.0000,-0.0016,-0.0016
1.7237,pi,6.2800,0.0000,-0.0016,-0.0016
1.7286,pi,6.2800,0.0000,-0.0016,-0.0016
1.7337,pi,6.2800,0.0000,-0.0016,-0.0016
1.7387,pi,6.2800,0.0000,-0.0016,-0.0016
1.7437,pi,6.2800,0.0000,-0.0016,-0.0016
1.7487,pi,6.2800,0.0000,-0.0016,-0.0016
1.7538,pi,6.2800,0.0000,-0.0016,-0.0016
1.7587,pi,6.2800,0.0000,-0.0016,-0.0016
1.7637,pi,6.2800,0.0000,-0.0016,-0.0016
1.7687,pi,6.2800,0.0000,-0.0016,-0.0016
1.7737,pi,6.2800,0.0000,-0.0016,-0.0016
1.7787,pi,6.2800,0.0000,-0.0016,-0.0016
1.7837,pi,6.2800,0.0000,-0.0016,-0.0016
1.7887,pi,6.2800,0.0000,-0.0016,-0.0016
1.7938,pi,6.2800,0.0000,-0.0016,-0.0016
1.7987,pi,6.2800,0.0000,-0.0016,-0.0016
1.8037,pi,6.2800,0.0000,-0.0016,-0.0016
1.8087,pi,6.2800,0.0000,-0.0016,-0.0016
1.8137,pi,6.2800,0.0000,-0.0016,-0.0016
1.8187,pi,6.2800,0.0000,-0.0016,-0.0016
1.8237,pi,6.2800,0.0000,-0.0016,-0.0016
1.8287,pi,6.2800,0.0000,-0.0016,-0.0016
1.8337,pi,6.2800,0.0000,-0.0016,-0.0016
1.8387,pi,6.2800,0.0000,-0.0016,-0.0016
1.8437,pi,6.2800,0.0000,-0.0016,-0.0016
1.8487,pi,6.2800,0.0000,-0.0016,-0.0016
1.8537,pi,6.2800,0.0000,-0.0016,-0.0016
1.8587,pi,6.2800,0.0000,-0.0016,-0.0016
1.8637,pi,6.2800,0.0000,-0.0016,-0.0016
1.8687,pi,6.2800,0.0000,-0.0016,-0.0016
1.8737,pi,6.2800,0.0000,-0.0016,-0.0016
1.8787,pi,6.2800,0.0000,-0.0016,-0.0016
1.8837,pi,6.2800,0.0000,-0.0016,-0.0016
1.8889,pi,6.2800,0.0000,-0.0016,-0.0016
1.8938,pi,6.2800,0.0000,-0.0016,-0.0016
1.8989,pi,6.2800,0.0000,-0.0016,-0.0016
1.9039,pi,6.2800,0.0000,-0.0016,-0.0016
1.9087,pi,6.2800,0.0000,-0.0016,-0.0016
1.9137,pi,6.2800,0.0000,-0.0016,-0.0016
1.9188,pi,6.2800,0.0000,-0.0016,-0.0016
1.9237,pi,6.2800,0.0000,-0.0016,-0.0016
1.9287,pi,6.2800,0.0000,-0.0016,-0.0016
1.9337,pi,6.2800,0.0000,-0.0016,-0.0016
1.9387,pi,6.2800,0.0000,-0.0016,-0.0016
1.9437,pi,6.2800,0.0000,-0.0016,-0.0016
1.9487,pi,6.2800,0.0000,-0.0016,-0.0016
1.9537,pi,6.2800,0.0000,-0.0016,-0.0016
1.9588,pi,6.2800,0.0000,-0.0016,-0.0016
1.9637,pi,6.2800,0.0000,-0.0016,-0.0016
1.9687,pi,6.2800,0.0000,-0.0016,-0.0016
1.9737,pi,6.2800,0.0000,-0.0016,-0.0016
1.9787,pi,6.2800,0.0000,-0.0016,-0.0016
1.9837,pi,6.2800,0.0000,-0.0016,-0.0016
1.9887,pi,6.2800,0.0000,-0.0016,-0.0016
1.9938,pi,6.2800,0.0000,-0.0016,-0.0016
1.9988,pi,6.2800,0.0000,-0.0016,-0.0016
2.0037,pi,6.2800,0.0000,-0.0016,-0.0016
2.0087,pi,6.2800,0.0000,-0.0016,-0.0016
2.0137,pi,6.2800,0.0000,-0.0016,-0.0016
2.0187,pi,6.2800,0.0000,-0.0016,-0.0016
2.0238,pi,6.2800,0.0000,-0.0016,-0.0016
2.0287,pi,6.2800,0.0000,-0.0016,-0.0016
2.0339,pi,6.2800,0.0000,-0.0016,-0.0016
2.0387,pi,6.2800,0.0000,-0.0016,-0.0016
2.0438,pi,6.2800,0.0000,-0.0016,-0.0016
2.0487,pi,6.2800,0.0000,-0.0016,-0.0016
2.0537,pi,6.2800,0.0000,-0.0016,-0.0016
2.0588,pi,6.2800,0.0000,-0.0016,-0.0016
2.0638,pi,6.2800,0.0000,-0.0016,-0.0016
2.0688,pi,6.2800,0.0000,-0.0016,-0.0016
2.0737,pi,6.2800,0.0000,-0.0016,-0.0016
2.0788,pi,6.2800,0.0000,-0.0016,-0.0016
2.0837,pi,6.2800,0.0000,-0.0016,-0.0016
2.0887,pi,6.2800,0.0000,-0.0016,-0.0016
2.0938,pi,6.2800,0.0000,-0.0016,-0.0016
2.0988,pi,6.2800,0.0000,-0.0016,-0.0016
2.1039,pi,6.2800,0.0000,-0.0016,-0.0016
2.1088,pi,6.2800,0.0000,-0.0016,-0.0016
2.1141,pi,6.2800,0.0000,-0.0016,-0.0016
2.1192,pi,6.2800,0.0000,-0.0016,-0.0016
2.1241,pi,6.2800,0.0000,-0.0016,-0.0016
2.1288,pi,6.2800,0.0000,-0.0016,-0.0016
2.1337,pi,6.2800,0.0000,-0.0016,-0.0016
2.1387,pi,6.2800,0.0000,-0.0016,-0.0016
2.1437,pi,6.2800,0.0000,-0.0016,-0.0016
2.1487,pi,6.2800,0.0000,-0.0016,-0.0016
2.1537,pi,6.2800,0.0000,-0.0016,-0.0016
2.1587,pi,6.2800,0.0000,-0.0016,-0.0016
2.1637,pi,6.2800,0.0000,-0.0016,-0.0016
2.1687,pi,6.2800,0.0000,-0.0016,-0.0016
2.1737,pi,6.2800,0.0000,-0.0016,-0.0016
2.1788,pi,6.2800,0.0000,-0.0016,-0.0016
2.1837,pi,6.2800,0.0000,-0.0016,-0.0016
2.1888,pi,6.2800,0.0000,-0.0016,-0.0016
2.1940,pi,6.2800,0.0000,-0.0016,-0.0016
2.1992,pi,6.2800,0.0000,-0.0016,-0.0016
2.2045,pi,6.2800,0.0000,-0.0016,-0.0016
2.2096,pi,6.2800,0.0000,-0.0016,-0.0016
2.2144,pi,6.2800,0.0000,-0.0016,-0.0016
2.2214,pi,6.2800,0.0000,-0.0016,-0.0016
2.2277,pi,6.2800,0.0000,-0.0015,-0.0015
2.2326,pi,6.2800,0.0000,-0.0016,-0.0016
2.2375,pi,6.2800,0.0000,-0.0016,-0.0016
2.2431,pi,6.2800,0.0000,-0.0016,-0.0016
2.2484,pi,6.2800,0.0000,-0.0016,-0.0016
2.2529,pi,6.2800,0.0000,-0.0016,-0.0016
2.2598,pi,6.2800,0.0000,-0.0016,-0.0016
2.2666,pi,6.2800,0.0000,-0.0016,-0.0016
2.2714,pi,6.2800,0.0000,-0.0016,-0.0016
2.2763,pi,6.2800,0.0000,-0.0015,-0.0015
2.2810,pi,6.2800,0.0000,-0.0016,-0.0016
2.2867,pi,6.2800,0.0000,-0.0016,-0.0016
2.2916,pi,6.2800,0.0000,-0.0016,-0.0016
2.2962,pi,6.2800,0.0000,-0.0015,-0.0015
2.3032,pi,6.2800,0.0000,-0.0016,-0.0016
2.3097,pi,6.2800,0.0000,-0.0016,-0.0016
2.3146,pi,6.2800,0.0000,-0.0016,-0.0016
2.3191,pi,6.2800,0.0000,-0.0016,-0.0016
2.3253,pi,6.2800,0.0000,-0.0015,-0.0015
2.3315,pi,6.2800,0.0000,-0.0016,-0.0016
2.3382,pi,6.2800,0.0000,-0.0018,-0.0018
2.3438,pi,6.2800,0.0000,-0.0014,-0.0014
2.3501,pi,6.2800,0.0000,-0.0021,-0.0021
2.3570,pi,6.2800,0.0000,-0.0010,-0.0010
2.3618,pi,6.2800,0.0000,-0.0016,-0.0016
2.3665,pi,6.2800,0.0000,-0.0016,-0.0016
2.3713,pi,6.2800,0.0000,-0.0016,-0.0016
2.3760,pi,6.2800,0.0000,-0.0015,-0.0015
2.3804,pi,6.2800,0.0000,-0.0017,-0.0017
2.3844,pi,6.2800,0.0000,-0.0016,-0.0016
2.3885,pi,6.2800,0.0000,-0.0014,-0.0014
2.3925,pi,6.2800,0.0000,-0.0016,-0.0016
2.3965,pi,6.2800,0.0000,-0.0016,-0.0016
2.4006,pi,6.2800,0.0000,-0.0016,-0.0016
2.4046,pi,6.2800,0.0000,-0.0016,-0.0016
2.4087,pi,6.2800,0.0000,-0.0016,-0.0016
2.4126,pi,6.2800,0.0000,-0.0016,-0.0016
2.4166,pi,6.2800,0.0000,-0.0016,-0.0016
2.4206,pi,6.2800,0.0000,-0.0016,-0.0016
2.4246,pi,6.2800,0.0000,-0.0016,-0.0016
2.4286,pi,6.2800,0.0000,-0.0016,-0.0016
2.4326,pi,6.2800,0.0000,-0.0016,-0.0016
2.4365,pi,6.2800,0.0000,-0.0016,-0.0016
2.4405,pi,6.2800,0.0000,-0.0016,-0.0016
2.4450,pi,6.2800,0.0000,-0.0016,-0.0016
2.4496,pi,6.2800,0.0000,-0.0016,-0.0016
2.4542,pi,6.2800,0.0000,-0.0015,-0.0015
2.4595,pi,6.2800,0.0000,-0.0016,-0.0016
2.4642,pi,6.2800,0.0000,-0.0016,-0.0016
2.4697,pi,6.2800,0.0000,-0.0016,-0.0016
2.4743,pi,6.2800,0.0000,-0.0016,-0.0016
2.4792,pi,6.2800,0.0000,-0.0016,-0.0016
2.4845,pi,6.2800,0.0000,-0.0016,-0.0016
2.4891,pi,6.2800,0.0000,-0.0016,-0.0016
2.4947,pi,6.2800,0.0000,-0.0016,-0.0016
2.4989,pi,6.2800,0.0000,-0.0016,-0.0016
2.5038,pi,6.2800,0.0000,-0.0016,-0.0016
2.5088,pi,6.2800,0.0000,-0.0016,-0.0016
2.5138,pi,6.2800,0.0000,-0.0016,-0.0016
2.5188,pi,6.2800,0.0000,-0.0016,-0.0016
2.5238,pi,6.2800,0.0000,-0.0016,-0.0016
2.5288,pi,6.2800,0.0000,-0.0016,-0.0016
2.5338,pi,6.2800,0.0000,-0.0016,-0.0016
2.5388,pi,6.2800,0.0000,-0.0016,-0.0016
2.5438,pi,6.2800,0.0000,-0.0016,-0.0016
2.5488,pi,6.2800,0.0000,-0.0016,-0.0016
2.5538,pi,6.2800,0.0000,-0.0016,-0.0016
2.5588,pi,6.2800,0.0000,-0.0016,-0.0016
2.5637,pi,6.2800,0.0000,-0.0016,-0.0016
2.5688,pi,6.2800,0.0000,-0.0016,-0.0016
2.5738,pi,6.2800,0.0000,-0.0016,-0.0016
2.5788,pi,6.2800,0.0000,-0.0016,-0.0016
2.5838,pi,6.2800,0.0000,-0.0016,-0.0016
2.5888,pi,6.2800,0.0000,-0.0016,-0.0016
2.5938,pi,6.2800,0.0000,-0.0016,-0.0016
2.5988,pi,6.2800,0.0000,-0.0016,-0.0016
2.6037,pi,6.2800,0.0000,-0.0016,-0.0016
2.6088,pi,6.2800,0.0000,-0.0016,-0.0016
2.6139,pi,6.2800,0.0000,-0.0016,-0.0016
2.6188,pi,6.2800,0.0000,-0.0016,-0.0016
2.6238,pi,6.2800,0.0000,-0.0016,-0.0016
2.6288,pi,6.2800,0.0000,-0.0016,-0.0016
2.6338,pi,6.2800,0.0000,-0.0016,-0.0016
2.6387,pi,6.2800,0.0000,-0.0016,-0.0016
2.6438,pi,6.2800,0.0000,-0.0016,-0.0016
2.6488,pi,6.2800,0.0000,-0.0016,-0.0016
2.6538,pi,6.2800,0.0000,-0.0016,-0.0016
2.6588,pi,6.2800,0.0000,-0.0016,-0.0016
2.6638,pi,6.2800,0.0000,-0.0016,-0.0016
2.6688,pi,6.2800,0.0000,-0.0016,-0.0016
2.6738,pi,6.2800,0.0000,-0.0016,-0.0016
2.6788,pi,6.2800,0.0000,-0.0016,-0.0016
2.6837,pi,6.2800,0.0000,-0.0016,-0.0016
2.6888,pi,6.2800,0.0000,-0.0016,-0.0016
2.6938,pi,6.2800,0.0000,-0.0016,-0.0016
2.6988,pi,6.2800,0.0000,-0.0016,-0.0016
2.7038,pi,6.2800,0.0000,-0.0016,-0.0016
2.7088,pi,6.2800,0.0000,-0.0016,-0.0016
2.7138,pi,6.2800,0.0000,-0.0016,-0.0016
2.7188,pi,6.2800,0.0000,-0.0016,-0.0016
2.7237,pi,6.2800,0.0000,-0.0016,-0.0016
2.7288,pi,6.2800,0.0000,-0.0016,-0.0016
2.7338,pi,6.2800,0.0000,-0.0016,-0.0016
2.7387,pi,6.2800,0.0000,-0.0016,-0.0016
2.7438,pi,6.2800,0.0000,-0.0016,-0.0016
2.7488,pi,6.2800,0.0000,-0.0016,-0.0016
2.7538,pi,6.2800,0.0000,-0.0016,-0.0016
2.7589,pi,6.2800,0.0000,-0.0016,-0.0016
2.7638,pi,6.2800,0.0000,-0.0016,-0.0016
2.7688,pi,6.2800,0.0000,-0.0016,-0.0016
2.7738,pi,6.2800,0.0000,-0.0016,-0.0016
2.7788,pi,6.2800,0.0000,-0.0016,-0.0016
2.7838,pi,6.2800,0.0000,-0.0016,-0.0016
2.7888,pi,6.2800,0.0000,-0.0016,-0.0016
2.7938,pi,6.2800,0.0000,-0.0016,-0.0016
2.7988,pi,6.2800,0.0000,-0.0016,-0.0016
2.8039,pi,6.2800,0.0000,-0.0016,-0.0016
2.8087,pi,6.2800,0.0000,-0.0016,-0.0016
2.8139,pi,6.2800,0.0000,-0.0016,-0.0016
2.8194,pi,6.2800,0.0000,-0.0016,-0.0016
2.8240,pi,6.2800,0.0000,-0.0016,-0.0016
2.8287,pi,6.2800,0.0000,-0.0016,-0.0016
2.8337,pi,6.2800,0.0000,-0.0016,-0.0016
2.8387,pi,6.2800,0.0000,-0.0016,-0.0016
2.8437,pi,6.2800,0.0000,-0.0016,-0.0016
2.8487,pi,6.2800,0.0000,-0.0016,-0.0016
2.8537,pi,6.2800,0.0000,-0.0016,-0.0016
2.8587,pi,6.2800,0.0000,-0.0016,-0.0016
2.8637,pi,6.2800,0.0000,-0.0016,-0.0016
2.8687,pi,6.2800,0.0000,-0.0016,-0.0016
2.8737,pi,6.2800,0.0000,-0.0016,-0.0016
2.8787,pi,6.2800,0.0000,-0.0016,-0.0016
2.8837,pi,6.2800,0.0000,-0.0016,-0.0016
2.8889,pi,6.2800,0.0000,-0.0016,-0.0016
2.8937,pi,6.2800,0.0000,-0.0016,-0.0016
2.8987,pi,6.2800,0.0000,-0.0016,-0.0016
2.9037,pi,6.2800,0.0000,-0.0016,-0.0016
2.9087,pi,6.2800,0.0000,-0.0016,-0.0016
2.9139,pi,6.2800,0.0000,-0.0016,-0.0016
2.9194,pi,6.2800,0.0000,-0.0016,-0.0016
2.9242,pi,6.2800,0.0000,-0.0016,-0.0016
2.9296,pi,6.2800,0.0000,-0.0016,-0.0016
2.9343,pi,6.2800,0.0000,-0.0016,-0.0016
2.9391,pi,6.2800,0.0000,-0.0016,-0.0016
2.9444,pi,6.2800,0.0000,-0.0016,-0.0016
2.9491,pi,6.2800,0.0000,-0.0016,-0.0016
2.9544,pi,6.2800,0.0000,-0.0016,-0.0016
2.9590,pi,6.2800,0.0000,-0.0016,-0.0016
2.9637,pi,6.2800,0.0000,-0.0016,-0.0016
2.9687,pi,6.2800,0.0000,-0.0016,-0.0016
2.9737,pi,6.2800,0.0000,-0.0016,-0.0016
2.9787,pi,6.2800,0.0000,-0.0016,-0.0016
2.9837,pi,6.2800,0.0000,-0.0016,-0.0016
2.9887,pi,6.2800,0.0000,-0.0016,-0.0016
2.9937,pi,6.2800,0.0000,-0.0016,-0.0016
2.9987,pi,6.2800,0.0000,-0.0016,-0.0016
3.0037,pi,6.2800,0.0000,-0.0016,-0.0016
3.0087,pi,6.2800,0.0000,-0.0016,-0.0016
3.0137,pi,6.2800,0.0000,-0.0016,-0.0016
3.0188,pi,6.2800,0.0000,-0.0016,-0.0016
3.0237,pi,6.2800,0.0000,-0.0016,-0.0016
3.0289,pi,6.2800,0.0000,-0.0016,-0.0016
3.0344,pi,6.2800,0.0000,-0.0016,-0.0016
3.0390,pi,6.2800,0.0000,-0.0016,-0.0016
3.0437,pi,6.2800,0.0000,-0.0016,-0.0016
3.0487,pi,6.2800,0.0000,-0.0016,-0.0016
3.0538,pi,6.2800,0.0000,-0.0016,-0.0016
3.0588,pi,6.2800,0.0000,-0.0016,-0.0016
3.0637,pi,6.2800,0.0000,-0.0016,-0.0016
3.0687,pi,6.2800,0.0000,-0.0016,-0.0016
3.0737,pi,6.2800,0.0000,-0.0016,-0.0016
3.0787,pi,6.2800,0.0000,-0.0016,-0.0016
3.0837,pi,6.2800,0.0000,-0.0016,-0.0016
3.0887,pi,6.2800,0.0000,-0.0016,-0.0016
3.0938,pi,6.2800,0.0000,-0.0016,-0.0016
3.0987,pi,6.2800,0.0000,-0.0016,-0.0016
3.1038,pi,6.2800,0.0000,-0.0016,-0.0016
3.1091,pi,6.2800,0.0000,-0.0016,-0.0016
3.1141,pi,6.2800,0.0000,-0.0016,-0.0016
3.1190,pi,6.2800,0.0000,-0.0016,-0.0016
3.1241,pi,6.2800,0.0000,-0.0016,-0.0016
3.1287,pi,6.2800,0.0000,-0.0016,-0.0016
3.1338,pi,6.2800,0.0000,-0.0016,-0.0016
3.1387,pi,6.2800,0.0000,-0.0016,-0.0016
3.1437,pi,6.2800,0.0000,-0.0016,-0.0016
3.1487,pi,6.2800,0.0000,-0.0016,-0.0016
3.1537,pi,6.2800,0.0000,-0.0016,-0.0016
3.1588,pi,6.2800,0.0000,-0.0016,-0.0016
3.1637,pi,6.2800,0.0000,-0.0016,-0.0016
3.1687,pi,6.2800,0.0000,-0.0016,-0.0016
3.1737,pi,6.2800,0.0000,-0.0016,-0.0016
3.1788,pi,6.2800,0.0000,-0.0016,-0.0016
3.1838,pi,6.2800,0.0000,-0.0016,-0.0016
3.1888,pi,6.2800,0.0000,-0.0016,-0.0016
3.1937,pi,6.2800,0.0000,-0.0016,-0.0016
3.1987,pi,6.2800,0.0000,-0.0016,-0.0016
3.2037,pi,6.2800,0.0000,-0.0016,-0.0016
3.2087,pi,6.2800,0.0000,-0.0016,-0.0016
3.2138,pi,6.2800,0.0000,-0.0016,-0.0016
3.2187,pi,6.2800,0.0000,-0.0016,-0.0016
3.2240,pi,6.2800,0.0000,-0.0016,-0.0016
3.2292,pi,6.2800,0.0000,-0.0016,-0.0016
3.2342,pi,6.2800,0.0000,-0.0016,-0.0016
3.2391,pi,6.2800,0.0000,-0.0016,-0.0016
3.2439,pi,6.2800,0.0000,-0.0016,-0.0016
3.2499,pi,6.2800,0.0000,-0.0016,-0.0016
3.2552,pi,6.2800,0.0000,-0.0016,-0.0016
3.2603,pi,6.2800,0.0000,-0.0016,-0.0016
3.2655,pi,6.2800,0.0000,-0.0015,-0.0015
3.2723,pi,6.2800,0.0000,-0.0016,-0.0016
3.2783,pi,6.2800,0.0000,-0.0016,-0.0016
3.2830,pi,6.2800,0.0000,-0.0016,-0.0016
3.2875,pi,6.2800,0.0000,-0.0016,-0.0016
3.2922,pi,6.2800,0.0000,-0.0016,-0.0016
3.2963,pi,6.2800,0.0000,-0.0016,-0.0016
3.3001,pi,6.2800,0.0000,-0.0016,-0.0016
3.3040,pi,6.2800,0.0000,-0.0016,-0.0016
3.3088,pi,6.2800,0.0000,-0.0016,-0.0016
3.3137,pi,6.2800,0.0000,-0.0016,-0.0016
3.3189,pi,6.2800,0.0000,-0.0016,-0.0016
3.3237,pi,6.2800,0.0000,-0.0016,-0.0016
3.3290,pi,6.2800,0.0000,-0.0016,-0.0016
3.3344,pi,6.2800,0.0000,-0.0016,-0.0016
3.3389,pi,6.2800,0.0000,-0.0016,-0.0016
3.3437,pi,6.2800,0.0000,-0.0016,-0.0016
3.3487,pi,6.2800,0.0000,-0.0016,-0.0016
3.3537,pi,6.2800,0.0000,-0.0016,-0.0016
3.3587,pi,6.2800,0.0000,-0.0016,-0.0016
3.3638,pi,6.2800,0.0000,-0.0016,-0.0016
3.3687,pi,6.2800,0.0000,-0.0016,-0.0016
3.3736,pi,6.2800,0.0000,-0.0016,-0.0016
3.3787,pi,6.2800,0.0000,-0.0016,-0.0016
3.3838,pi,6.2800,0.0000,-0.0016,-0.0016
3.3887,pi,6.2800,0.0000,-0.0016,-0.0016
3.3937,pi,6.2800,0.0000,-0.0016,-0.0016
3.3987,pi,6.2800,0.0000,-0.0016,-0.0016
3.4037,pi,6.2800,0.0000,-0.0016,-0.0016
3.4087,pi,6.2800,0.0000,-0.0016,-0.0016
3.4146,pi,6.2800,0.0000,-0.0016,-0.0016
3.4203,pi,6.2800,0.0000,-0.0016,-0.0016
3.4243,pi,6.2800,0.0000,-0.0015,-0.0015
3.4287,pi,6.2800,0.0000,-0.0016,-0.0016
3.4337,pi,6.2800,0.0000,-0.0016,-0.0016
3.4387,pi,6.2800,0.0000,-0.0016,-0.0016
3.4437,pi,6.2800,0.0000,-0.0016,-0.0016
3.4487,pi,6.2800,0.0000,-0.0016,-0.0016
3.4538,pi,6.2800,0.0000,-0.0016,-0.0016
3.4588,pi,6.2800,0.0000,-0.0016,-0.0016
3.4637,pi,6.2800,0.0000,-0.0016,-0.0016
3.4688,pi,6.2800,0.0000,-0.0016,-0.0016
3.4738,pi,6.2800,0.0000,-0.0016,-0.0016
3.4787,pi,6.2800,0.0000,-0.0016,-0.0016
3.4837,pi,6.2800,0.0000,-0.0016,-0.0016
3.4888,pi,6.2800,0.0000,-0.0016,-0.0016
3.4937,pi,6.2800,0.0000,-0.0016,-0.0016
3.4987,pi,6.2800,0.0000,-0.0016,-0.0016
3.5037,pi,6.2800,0.0000,-0.0016,-0.0016
3.5087,pi,6.2800,0.0000,-0.0016,-0.0016
3.5138,pi,6.2800,0.0000,-0.0016,-0.0016
3.5187,pi,6.2800,0.0000,-0.0016,-0.0016
3.5237,pi,6.2800,0.0000,-0.0016,-0.0016
3.5288,pi,6.2800,0.0000,-0.0016,-0.0016
3.5337,pi,6.2800,0.0000,-0.0016,-0.0016
3.5387,pi,6.2800,0.0000,-0.0016,-0.0016
3.5437,pi,6.2800,0.0000,-0.0016,-0.0016
3.5488,pi,6.2800,0.0000,-0.0016,-0.0016
3.5537,pi,6.2800,0.0000,-0.0016,-0.0016
3.5587,pi,6.2800,0.0000,-0.0016,-0.0016
3.5638,pi,6.2800,0.0000,-0.0016,-0.0016
3.5688,pi,6.2800,0.0000,-0.0016,-0.0016
3.5738,pi,6.2800,0.0000,-0.0016,-0.0016
3.5787,pi,6.2800,0.0000,-0.0016,-0.0016
3.5837,pi,6.2800,0.0000,-0.0016,-0.0016
3.5888,pi,6.2800,0.0000,-0.0016,-0.0016
3.5937,pi,6.2800,0.0000,-0.0016,-0.0016
3.5987,pi,6.2800,0.0000,-0.0016,-0.0016
3.6037,pi,6.2800,0.0000,-0.0016,-0.0016
3.6087,pi,6.2800,0.0000,-0.0016,-0.0016
3.6137,pi,6.2800,0.0000,-0.0016,-0.0016
3.6187,pi,6.2800,0.0000,-0.0016,-0.0016
3.6238,pi,6.2800,0.0000,-0.0016,-0.0016
3.6287,pi,6.2800,0.0000,-0.0016,-0.0016
3.6338,pi,6.2800,0.0000,-0.0016,-0.0016
3.6387,pi,6.2800,0.0000,-0.0016,-0.0016
3.6438,pi,6.2800,0.0000,-0.0016,-0.0016
3.6487,pi,6.2800,0.0000,-0.0016,-0.0016
3.6537,pi,6.2800,0.0000,-0.0016,-0.0016
3.6587,pi,6.2800,0.0000,-0.0016,-0.0016
3.6638,pi,6.2800,0.0000,-0.0016,-0.0016
3.6687,pi,6.2800,0.0000,-0.0016,-0.0016
3.6738,pi,6.2800,0.0000,-0.0016,-0.0016
3.6787,pi,6.2800,0.0000,-0.0016,-0.0016
3.6838,pi,6.2800,0.0000,-0.0016,-0.0016
3.6887,pi,6.2800,0.0000,-0.0016,-0.0016
3.6938,pi,6.2800,0.0000,-0.0016,-0.0016
3.6987,pi,6.2800,0.0000,-0.0016,-0.0016
3.7037,pi,6.2800,0.0000,-0.0016,-0.0016
3.7088,pi,6.2800,0.0000,-0.0016,-0.0016
3.7138,pi,6.2800,0.0000,-0.0016,-0.0016
3.7187,pi,6.2800,0.0000,-0.0016,-0.0016
3.7237,pi,6.2800,0.0000,-0.0016,-0.0016
3.7287,pi,6.2800,0.0000,-0.0016,-0.0016
3.7337,pi,6.2800,0.0000,-0.0016,-0.0016
3.7387,pi,6.2800,0.0000,-0.0016,-0.0016
3.7437,pi,6.2800,0.0000,-0.0016,-0.0016
3.7487,pi,6.2800,0.0000,-0.0016,-0.0016
3.7537,pi,6.2800,0.0000,-0.0016,-0.0016
3.7588,pi,6.2800,0.0000,-0.0016,-0.0016
3.7637,pi,6.2800,0.0000,-0.0016,-0.0016
3.7689,pi,6.2800,0.0000,-0.0016,-0.0016
3.7740,pi,6.2800,0.0000,-0.0016,-0.0016
3.7791,pi,6.2800,0.0000,-0.0016,-0.0016
3.7837,pi,6.2800,0.0000,-0.0016,-0.0016
3.7886,pi,6.2800,0.0000,-0.0016,-0.0016
3.7938,pi,6.2800,0.0000,-0.0016,-0.0016
3.7987,pi,6.2800,0.0000,-0.0016,-0.0016
3.8037,pi,6.2800,0.0000,-0.0016,-0.0016
3.8087,pi,6.2800,0.0000,-0.0016,-0.0016
3.8138,pi,6.2800,0.0000,-0.0016,-0.0016
3.8187,pi,6.2800,0.0000,-0.0016,-0.0016
3.8237,pi,6.2800,0.0000,-0.0016,-0.0016
3.8287,pi,6.2800,0.0000,-0.0016,-0.0016
3.8337,pi,6.2800,0.0000,-0.0016,-0.0016
3.8387,pi,6.2800,0.0000,-0.0016,-0.0016
3.8437,pi,6.2800,0.0000,-0.0016,-0.0016
3.8487,pi,6.2800,0.0000,-0.0016,-0.0016
3.8537,pi,6.2800,0.0000,-0.0016,-0.0016
3.8587,pi,6.2800,0.0000,-0.0016,-0.0016
3.8637,pi,6.2800,0.0000,-0.0016,-0.0016
3.8688,pi,6.2800,0.0000,-0.0016,-0.0016
3.8737,pi,6.2800,0.0000,-0.0016,-0.0016
3.8787,pi,6.2800,0.0000,-0.0016,-0.0016
3.8837,pi,6.2800,0.0000,-0.0016,-0.0016
3.8889,pi,6.2800,0.0000,-0.0016,-0.0016
3.8938,pi,6.2800,0.0000,-0.0016,-0.0016
3.8987,pi,6.2800,0.0000,-0.0016,-0.0016
3.9037,pi,6.2800,0.0000,-0.0016,-0.0016
3.9087,pi,6.2800,0.0000,-0.0016,-0.0016
3.9137,pi,6.2800,0.0000,-0.0016,-0.0016
3.9188,pi,6.2800,0.0000,-0.0016,-0.0016
3.9239,pi,6.2800,0.0000,-0.0016,-0.0016
3.9293,pi,6.2800,0.0000,-0.0016,-0.0016
3.9337,pi,6.2800,0.0000,-0.0016,-0.0016
3.9386,pi,6.2800,0.0000,-0.0016,-0.0016
3.9437,pi,6.2800,0.0000,-0.0016,-0.0016
3.9487,pi,6.2800,0.0000,-0.0016,-0.0016
3.9537,pi,6.2800,0.0000,-0.0016,-0.0016
3.9588,pi,6.2800,0.0000,-0.0016,-0.0016
3.9637,pi,6.2800,0.0000,-0.0016,-0.0016
3.9687,pi,6.2800,0.0000,-0.0016,-0.0016
3.9737,pi,6.2800,0.0000,-0.0016,-0.0016
3.9787,pi,6.2800,0.0000,-0.0016,-0.0016
3.9837,pi,6.2800,0.0000,-0.0016,-0.0016
3.9887,pi,6.2800,0.0000,-0.0016,-0.0016
3.9937,pi,6.2800,0.0000,-0.0016,-0.0016
3.9987,pi,6.2800,0.0000,-0.0016,-0.0016
4.0037,pi,6.2800,0.0000,-0.0016,-0.0016
4.0087,pi,6.2800,0.0000,-0.0016,-0.0016
4.0137,pi,6.2800,0.0000,-0.0016,-0.0016
4.0188,pi,6.2800,0.0000,-0.0016,-0.0016
4.0237,pi,6.2800,0.0000,-0.0016,-0.0016
4.0288,pi,6.2800,0.0000,-0.0016,-0.0016
4.0338,pi,6.2800,0.0000,-0.0016,-0.0016
4.0388,pi,6.2800,0.0000,-0.0016,-0.0016
4.0437,pi,6.2800,0.0000,-0.0016,-0.0016
4.0488,pi,6.2800,0.0000,-0.0016,-0.0016
4.0538,pi,6.2800,0.0000,-0.0016,-0.0016
4.0588,pi,6.2800,0.0000,-0.0016,-0.0016
4.0638,pi,6.2800,0.0000,-0.0016,-0.0016
4.0688,pi,6.2800,0.0000,-0.0016,-0.0016
4.0737,pi,6.2800,0.0000,-0.0016,-0.0016
4.0788,pi,6.2800,0.0000,-0.0016,-0.0016
4.0837,pi,6.2800,0.0000,-0.0016,-0.0016
4.0887,pi,6.2800,0.0000,-0.0016,-0.0016
4.0938,pi,6.2800,0.0000,-0.0016,-0.0016
4.0988,pi,6.2800,0.0000,-0.0016,-0.0016
4.1038,pi,6.2800,0.0000,-0.0016,-0.0016
4.1089,pi,6.2800,0.0000,-0.0016,-0.0016
4.1138,pi,6.2800,0.0000,-0.0016,-0.0016
4.1189,pi,6.2800,0.0000,-0.0016,-0.0016
4.1243,pi,6.2800,0.0000,-0.0016,-0.0016
4.1288,pi,6.2800,0.0000,-0.0016,-0.0016
4.1340,pi,6.2800,0.0000,-0.0016,-0.0016
4.1387,pi,6.2800,0.0000,-0.0015,-0.0015
4.1437,pi,6.2800,0.0000,-0.0016,-0.0016
4.1487,pi,6.2800,0.0000,-0.0016,-0.0016
4.1537,pi,6.2800,0.0000,-0.0016,-0.0016
4.1588,pi,6.2800,0.0000,-0.0016,-0.0016
4.1638,pi,6.2800,0.0000,-0.0016,-0.0016
4.1687,pi,6.2800,0.0000,-0.0016,-0.0016
4.1737,pi,6.2800,0.0000,-0.0016,-0.0016
4.1787,pi,6.2800,0.0000,-0.0016,-0.0016
4.1838,pi,6.2800,0.0000,-0.0016,-0.0016
4.1887,pi,6.2800,0.0000,-0.0016,-0.0016
4.1937,pi,6.2800,0.0000,-0.0016,-0.0016
4.1987,pi,6.2800,0.0000,-0.0016,-0.0016
4.2037,pi,6.2800,0.0000,-0.0016,-0.0016
4.2087,pi,6.2800,0.0000,-0.0016,-0.0016
4.2137,pi,6.2800,0.0000,-0.0016,-0.0016
4.2187,pi,6.2800,0.0000,-0.0016,-0.0016
4.2237,pi,6.2800,0.0000,-0.0016,-0.0016
4.2287,pi,6.2800,0.0000,-0.0016,-0.0016
4.2337,pi,6.2800,0.0000,-0.0016,-0.0016
4.2388,pi,6.2800,0.0000,-0.0016,-0.0016
4.2437,pi,6.2800,0.0000,-0.0016,-0.0016
4.2488,pi,6.2800,0.0000,-0.0016,-0.0016
4.2540,pi,6.2800,0.0000,-0.0016,-0.0016
4.2588,pi,6.2800,0.0000,-0.0016,-0.0016
4.2638,pi,6.2800,0.0000,-0.0016,-0.0016
4.2687,pi,6.2800,0.0000,-0.0016,-0.0016
4.2739,pi,6.2800,0.0000,-0.0016,-0.0016
4.2787,pi,6.2800,0.0000,-0.0016,-0.0016
4.2837,pi,6.2800,0.0000,-0.0016,-0.0016
4.2887,pi,6.2800,0.0000,-0.0016,-0.0016
4.2937,pi,6.2800,0.0000,-0.0016,-0.0016
4.2988,pi,6.2800,0.0000,-0.0016,-0.0016
4.3037,pi,6.2800,0.0000,-0.0016,-0.0016
4.3087,pi,6.2800,0.0000,-0.0016,-0.0016
4.3137,pi,6.2800,0.0000,-0.0016,-0.0016
4.3187,pi,6.2800,0.0000,-0.0016,-0.0016
4.3237,pi,6.2800,0.0000,-0.0016,-0.0016
4.3287,pi,6.2800,0.0000,-0.0016,-0.0016
4.3337,pi,6.2800,0.0000,-0.0016,-0.0016
4.3387,pi,6.2800,0.0000,-0.0016,-0.0016
4.3437,pi,6.2800,0.0000,-0.0016,-0.0016
4.3487,pi,6.2800,0.0000,-0.0016,-0.0016
4.3537,pi,6.2800,0.0000,-0.0016,-0.0016
4.3587,pi,6.2800,0.0000,-0.0016,-0.0016
4.3637,pi,6.2800,0.0000,-0.0016,-0.0016
4.3687,pi,6.2800,0.0000,-0.0016,-0.0016
4.3737,pi,6.2800,0.0000,-0.0016,-0.0016
4.3787,pi,6.2800,0.0000,-0.0016,-0.0016
4.3837,pi,6.2800,0.0000,-0.0016,-0.0016
4.3887,pi,6.2800,0.0000,-0.0016,-0.0016
4.3937,pi,6.2800,0.0000,-0.0016,-0.0016
4.3987,pi,6.2800,0.0000,-0.0016,-0.0016
4.4037,pi,6.2800,0.0000,-0.0016,-0.0016
4.4087,pi,6.2800,0.0000,-0.0016,-0.0016
4.4137,pi,6.2800,0.0000,-0.0016,-0.0016
4.4187,pi,6.2800,0.0000,-0.0016,-0.0016
4.4237,pi,6.2800,0.0000,-0.0016,-0.0016
4.4287,pi,6.2800,0.0000,-0.0016,-0.0016
4.4337,pi,6.2800,0.0000,-0.0016,-0.0016
4.4388,pi,6.2800,0.0000,-0.0016,-0.0016
4.4437,pi,6.2800,0.0000,-0.0016,-0.0016
4.4488,pi,6.2800,0.0000,-0.0016,-0.0016
4.4537,pi,6.2800,0.0000,-0.0016,-0.0016
4.4588,pi,6.2800,0.0000,-0.0016,-0.0016
4.4638,pi,6.2800,0.0000,-0.0016,-0.0016
4.4687,pi,6.2800,0.0000,-0.0016,-0.0016
4.4737,pi,6.2800,0.0000,-0.0016,-0.0016
4.4787,pi,6.2800,0.0000,-0.0016,-0.0016
4.4838,pi,6.2800,0.0000,-0.0016,-0.0016
4.4887,pi,6.2800,0.0000,-0.0016,-0.0016
4.4939,pi,6.2800,0.0000,-0.0016,-0.0016
4.4987,pi,6.2800,0.0000,-0.0016,-0.0016
4.5037,pi,6.2800,0.0000,-0.0016,-0.0016
4.5087,pi,6.2800,0.0000,-0.0016,-0.0016
4.5137,pi,6.2800,0.0000,-0.0016,-0.0016
4.5187,pi,6.2800,0.0000,-0.0016,-0.0016
4.5237,pi,6.2800,0.0000,-0.0016,-0.0016
4.5287,pi,6.2800,0.0000,-0.0016,-0.0016
4.5338,pi,6.2800,0.0000,-0.0016,-0.0016
4.5387,pi,6.2800,0.0000,-0.0016,-0.0016
4.5438,pi,6.2800,0.0000,-0.0016,-0.0016
4.5487,pi,6.2800,0.0000,-0.0016,-0.0016
4.5538,pi,6.2800,0.0000,-0.0016,-0.0016
4.5587,pi,6.2800,0.0000,-0.0016,-0.0016
4.5638,pi,6.2800,0.0000,-0.0016,-0.0016
4.5687,pi,6.2800,0.0000,-0.0016,-0.0016
4.5742,pi,6.2800,0.0000,-0.0016,-0.0016
4.5791,pi,6.2800,0.0000,-0.0016,-0.0016
4.5844,pi,6.2800,0.0000,-0.0016,-0.0016
4.5894,pi,6.2800,0.0000,-0.0015,-0.0015
4.5939,pi,6.2800,0.0000,-0.0016,-0.0016
4.5987,pi,6.2800,0.0000,-0.0016,-0.0016
4.6037,pi,6.2800,0.0000,-0.0016,-0.0016
4.6087,pi,6.2800,0.0000,-0.0016,-0.0016
4.6137,pi,6.2800,0.0000,-0.0016,-0.0016
4.6188,pi,6.2800,0.0000,-0.0016,-0.0016
4.6237,pi,6.2800,0.0000,-0.0016,-0.0016
4.6287,pi,6.2800,0.0000,-0.0016,-0.0016
4.6337,pi,6.2800,0.0000,-0.0016,-0.0016
4.6387,pi,6.2800,0.0000,-0.0016,-0.0016
4.6437,pi,6.2800,0.0000,-0.0016,-0.0016
4.6487,pi,6.2800,0.0000,-0.0016,-0.0016
4.6538,pi,6.2800,0.0000,-0.0016,-0.0016
4.6587,pi,6.2800,0.0000,-0.0016,-0.0016
4.6637,pi,6.2800,0.0000,-0.0016,-0.0016
4.6688,pi,6.2800,0.0000,-0.0016,-0.0016
4.6737,pi,6.2800,0.0000,-0.0016,-0.0016
4.6788,pi,6.2800,0.0000,-0.0016,-0.0016
4.6837,pi,6.2800,0.0000,-0.0016,-0.0016
4.6888,pi,6.2800,0.0000,-0.0016,-0.0016
4.6937,pi,6.2800,0.0000,-0.0016,-0.0016
4.6988,pi,6.2800,0.0000,-0.0016,-0.0016
4.7038,pi,6.2800,0.0000,-0.0016,-0.0016
4.7088,pi,6.2800,0.0000,-0.0016,-0.0016
4.7137,pi,6.2800,0.0000,-0.0016,-0.0016
4.7188,pi,6.2800,0.0000,-0.0016,-0.0016
4.7237,pi,6.2800,0.0000,-0.0016,-0.0016
4.7287,pi,6.2800,0.0000,-0.0016,-0.0016
4.7337,pi,6.2800,0.0000,-0.0016,-0.0016
4.7388,pi,6.2800,0.0000,-0.0016,-0.0016
4.7437,pi,6.2800,0.0000,-0.0016,-0.0016
4.7487,pi,6.2800,0.0000,-0.0016,-0.0016
4.7537,pi,6.2800,0.0000,-0.0016,-0.0016
4.7587,pi,6.2800,0.0000,-0.0016,-0.0016
4.7638,pi,6.2800,0.0000,-0.0016,-0.0016
4.7687,pi,6.2800,0.0000,-0.0016,-0.0016
4.7737,pi,6.2800,0.0000,-0.0016,-0.0016
4.7788,pi,6.2800,0.0000,-0.0016,-0.0016
4.7837,pi,6.2800,0.0000,-0.0016,-0.0016
4.7887,pi,6.2800,0.0000,-0.0016,-0.0016
4.7937,pi,6.2800,0.0000,-0.0016,-0.0016
4.7988,pi,6.2800,0.0000,-0.0016,-0.0016
4.8037,pi,6.2800,0.0000,-0.0016,-0.0016
4.8087,pi,6.2800,0.0000,-0.0016,-0.0016
4.8137,pi,6.2800,0.0000,-0.0016,-0.0016
4.8187,pi,6.2800,0.0000,-0.0016,-0.0016
4.8237,pi,6.2800,0.0000,-0.0016,-0.0016
4.8287,pi,6.2800,0.0000,-0.0016,-0.0016
4.8337,pi,6.2800,0.0000,-0.0016,-0.0016
4.8387,pi,6.2800,0.0000,-0.0016,-0.0016
4.8438,pi,6.2800,0.0000,-0.0016,-0.0016
4.8487,pi,6.2800,0.0000,-0.0016,-0.0016
4.8537,pi,6.2800,0.0000,-0.0016,-0.0016
4.8587,pi,6.2800,0.0000,-0.0016,-0.0016
4.8637,pi,6.2800,0.0000,-0.0016,-0.0016
4.8687,pi,6.2800,0.0000,-0.0016,-0.0016
4.8737,pi,6.2800,0.0000,-0.0016,-0.0016
4.8788,pi,6.2800,0.0000,-0.0016,-0.0016
4.8838,pi,6.2800,0.0000,-0.0016,-0.0016
4.8889,pi,6.2800,0.0000,-0.0016,-0.0016
4.8938,pi,6.2800,0.0000,-0.0016,-0.0016
4.8993,pi,6.2800,0.0000,-0.0016,-0.0016
4.9044,pi,6.2800,0.0000,-0.0016,-0.0016
4.9091,pi,6.2800,0.0000,-0.0016,-0.0016
4.9138,pi,6.2800,0.0000,-0.0016,-0.0016
4.9186,pi,6.2800,0.0000,-0.0016,-0.0016
4.9237,pi,6.2800,0.0000,-0.0016,-0.0016
4.9287,pi,6.2800,0.0000,-0.0016,-0.0016
4.9337,pi,6.2800,0.0000,-0.0016,-0.0016
4.9387,pi,6.2800,0.0000,-0.0016,-0.0016
4.9437,pi,6.2800,0.0000,-0.0016,-0.0016
4.9487,pi,6.2800,0.0000,-0.0016,-0.0016
4.9537,pi,6.2800,0.0000,-0.0016,-0.0016
4.9587,pi,6.2800,0.0000,-0.0016,-0.0016
4.9638,pi,6.2800,0.0000,-0.0016,-0.0016
4.9687,pi,6.2800,0.0000,-0.0016,-0.0016
4.9738,pi,6.2800,0.0000,-0.0016,-0.0016
4.9787,pi,6.2800,0.0000,-0.0016,-0.0016
4.9838,pi,6.2800,0.0000,-0.0016,-0.0016
4.9887,pi,6.2800,0.0000,-0.0016,-0.0016
4.9937,pi,6.2800,0.0000,-0.0016,-0.0016
4.9987,pi,6.2800,0.0000,-0.0016,-0.0016
5.0037,pi,6.2800,0.0000,-0.0016,-0.0016
5.0087,pi,6.2800,0.0000,-0.0016,-0.0016
5.0137,pi,6.2800,0.0000,-0.0016,-0.0016
5.0187,pi,6.2800,0.0000,-0.0016,-0.0016
5.0237,pi,6.2800,0.0000,-0.0016,-0.0016
5.0287,pi,6.2800,0.0000,-0.0016,-0.0016
5.0337,pi,6.2800,0.0000,-0.0016,-0.0016
5.0387,pi,6.2800,0.0000,-0.0016,-0.0016
5.0437,pi,6.2800,0.0000,-0.0016,-0.0016
5.0487,pi,6.2800,0.0000,-0.0016,-0.0016
5.0537,pi,6.2800,0.0000,-0.0016,-0.0016
5.0587,pi,6.2800,0.0000,-0.0016,-0.0016
5.0637,pi,6.2800,0.0000,-0.0016,-0.0016
5.0687,pi,6.2800,0.0000,-0.0016,-0.0016
5.0737,pi,6.2800,0.0000,-0.0016,-0.0016
5.0788,pi,6.2800,0.0000,-0.0016,-0.0016
5.0837,pi,6.2800,0.0000,-0.0016,-0.0016
5.0887,pi,6.2800,0.0000,-0.0016,-0.0016
5.0938,pi,6.2800,0.0000,-0.0016,-0.0016
5.0988,pi,6.2800,0.0000,-0.0016,-0.0016
5.1038,pi,6.2800,0.0000,-0.0016,-0.0016
5.1090,pi,6.2800,0.0000,-0.0016,-0.0016
5.1137,pi,6.2800,0.0000,-0.0016,-0.0016
5.1187,pi,6.2800,0.0000,-0.0016,-0.0016
5.1237,pi,6.2800,0.0000,-0.0016,-0.0016
5.1289,pi,6.2800,0.0000,-0.0016,-0.0016
5.1338,pi,6.2800,0.0000,-0.0016,-0.0016
5.1388,pi,6.2800,0.0000,-0.0016,-0.0016
5.1438,pi,6.2800,0.0000,-0.0016,-0.0016
5.1488,pi,6.2800,0.0000,-0.0016,-0.0016
5.1537,pi,6.2800,0.0000,-0.0016,-0.0016
5.1588,pi,6.2800,0.0000,-0.0016,-0.0016
5.1638,pi,6.2800,0.0000,-0.0016,-0.0016
5.1687,pi,6.2800,0.0000,-0.0016,-0.0016
5.1737,pi,6.2800,0.0000,-0.0016,-0.0016
5.1790,pi,6.2800,0.0000,-0.0016,-0.0016
5.1839,pi,6.2800,0.0000,-0.0016,-0.0016
5.1892,pi,6.2800,0.0000,-0.0016,-0.0016
5.1941,pi,6.2800,0.0000,-0.0016,-0.0016
5.1987,pi,6.2800,0.0000,-0.0016,-0.0016
5.2037,pi,6.2800,0.0000,-0.0016,-0.0016
5.2087,pi,6.2800,0.0000,-0.0016,-0.0016
5.2138,pi,6.2800,0.0000,-0.0016,-0.0016
5.2188,pi,6.2800,0.0000,-0.0016,-0.0016
5.2240,pi,6.2800,0.0000,-0.0016,-0.0016
5.2289,pi,6.2800,0.0000,-0.0016,-0.0016
5.2337,pi,6.2800,0.0000,-0.0016,-0.0016
5.2387,pi,6.2800,0.0000,-0.0016,-0.0016
5.2438,pi,6.2800,0.0000,-0.0016,-0.0016
5.2487,pi,6.2800,0.0000,-0.0016,-0.0016
5.2538,pi,6.2800,0.0000,-0.0016,-0.0016
5.2587,pi,6.2800,0.0000,-0.0016,-0.0016
5.2638,pi,6.2800,0.0000,-0.0016,-0.0016
5.2687,pi,6.2800,0.0000,-0.0016,-0.0016
5.2738,pi,6.2800,0.0000,-0.0016,-0.0016
5.2788,pi,6.2800,0.0000,-0.0016,-0.0016
5.2843,pi,6.2800,0.0000,-0.0016,-0.0016
5.2889,pi,6.2800,0.0000,-0.0016,-0.0016
5.2939,pi,6.2800,0.0000,-0.0016,-0.0016
5.2987,pi,6.2800,0.0000,-0.0016,-0.0016
5.3036,pi,6.2800,0.0000,-0.0016,-0.0016
5.3087,pi,6.2800,0.0000,-0.0016,-0.0016
5.3138,pi,6.2800,0.0000,-0.0016,-0.0016
5.3188,pi,6.2800,0.0000,-0.0016,-0.0016
5.3238,pi,6.2800,0.0000,-0.0016,-0.0016
5.3286,pi,6.2800,0.0000,-0.0015,-0.0015
5.3338,pi,6.2800,0.0000,-0.0016,-0.0016
5.3387,pi,6.2800,0.0000,-0.0016,-0.0016
5.3437,pi,6.2800,0.0000,-0.0016,-0.0016
5.3487,pi,6.2800,0.0000,-0.0016,-0.0016
5.3537,pi,6.2800,0.0000,-0.0016,-0.0016
5.3587,pi,6.2800,0.0000,-0.0016,-0.0016
5.3638,pi,6.2800,0.0000,-0.0016,-0.0016
5.3687,pi,6.2800,0.0000,-0.0016,-0.0016
5.3737,pi,6.2800,0.0000,-0.0016,-0.0016
5.3787,pi,6.2800,0.0000,-0.0016,-0.0016
5.3837,pi,6.2800,0.0000,-0.0016,-0.0016
5.3887,pi,6.2800,0.0000,-0.0016,-0.0016
5.3937,pi,6.2800,0.0000,-0.0016,-0.0016
5.3987,pi,6.2800,0.0000,-0.0016,-0.0016
5.4038,pi,6.2800,0.0000,-0.0016,-0.0016
5.4087,pi,6.2800,0.0000,-0.0016,-0.0016
5.4137,pi,6.2800,0.0000,-0.0016,-0.0016
5.4187,pi,6.2800,0.0000,-0.0016,-0.0016
5.4237,pi,6.2800,0.0000,-0.0016,-0.0016
5.4287,pi,6.2800,0.0000,-0.0016,-0.0016
5.4337,pi,6.2800,0.0000,-0.0016,-0.0016
5.4387,pi,6.2800,0.0000,-0.0016,-0.0016
5.4437,pi,6.2800,0.0000,-0.0016,-0.0016
5.4487,pi,6.2800,0.0000,-0.0016,-0.0016
5.4537,pi,6.2800,0.0000,-0.0016,-0.0016
5.4588,pi,6.2800,0.0000,-0.0016,-0.0016
5.4638,pi,6.2800,0.0000,-0.0016,-0.0016
5.4686,pi,6.2800,0.0000,-0.0016,-0.0016
5.4737,pi,6.2800,0.0000,-0.0016,-0.0016
5.4787,pi,6.2800,0.0000,-0.0016,-0.0016
5.4837,pi,6.2800,0.0000,-0.0016,-0.0016
5.4887,pi,6.2800,0.0000,-0.0016,-0.0016
5.4937,pi,6.2800,0.0000,-0.0016,-0.0016
5.4987,pi,6.2800,0.0000,-0.0016,-0.0016
5.5037,pi,6.2800,0.0000,-0.0016,-0.0016
5.5087,pi,6.2800,0.0000,-0.0016,-0.0016
5.5138,pi,6.2800,0.0000,-0.0016,-0.0016
5.5187,pi,6.2800,0.0000,-0.0016,-0.0016
5.5237,pi,6.2800,0.0000,-0.0016,-0.0016
5.5287,pi,6.2800,0.0000,-0.0016,-0.0016
5.5337,pi,6.2800,0.0000,-0.0016,-0.0016
5.5387,pi,6.2800,0.0000,-0.0016,-0.0016
5.5437,pi,6.2800,0.0000,-0.0016,-0.0016
5.5487,pi,6.2800,0.0000,-0.0016,-0.0016
5.5537,pi,6.2800,0.0000,-0.0016,-0.0016
5.5586,pi,6.2800,0.0000,-0.0016,-0.0016
5.5637,pi,6.2800,0.0000,-0.0016,-0.0016
5.5687,pi,6.2800,0.0000,-0.0016,-0.0016
5.5737,pi,6.2800,0.0000,-0.0016,-0.0016
5.5787,pi,6.2800,0.0000,-0.0016,-0.0016
5.5838,pi,6.2800,0.0000,-0.0016,-0.0016
5.5887,pi,6.2800,0.0000,-0.0016,-0.0016
5.5937,pi,6.2800,0.0000,-0.0016,-0.0016
5.5987,pi,6.2800,0.0000,-0.0016,-0.0016
5.6037,pi,6.2800,0.0000,-0.0016,-0.0016
5.6087,pi,6.2800,0.0000,-0.0016,-0.0016
5.6137,pi,6.2800,0.0000,-0.0016,-0.0016
5.6188,pi,6.2800,0.0000,-0.0016,-0.0016
5.6237,pi,6.2800,0.0000,-0.0016,-0.0016
5.6288,pi,6.2800,0.0000,-0.0016,-0.0016
5.6337,pi,6.2800,0.0000,-0.0016,-0.0016
5.6387,pi,6.2800,0.0000,-0.0016,-0.0016
5.6437,pi,6.2800,0.0000,-0.0016,-0.0016
5.6488,pi,6.2800,0.0000,-0.0016,-0.0016
5.6537,pi,6.2800,0.0000,-0.0016,-0.0016
5.6587,pi,6.2800,0.0000,-0.0016,-0.0016
5.6637,pi,6.2800,0.0000,-0.0016,-0.0016
5.6687,pi,6.2800,0.0000,-0.0016,-0.0016
5.6737,pi,6.2800,0.0000,-0.0016,-0.0016
5.6787,pi,6.2800,0.0000,-0.0016,-0.0016
5.6837,pi,6.2800,0.0000,-0.0016,-0.0016
5.6887,pi,6.2800,0.0000,-0.0016,-0.0016
5.6937,pi,6.2800,0.0000,-0.0016,-0.0016
5.6988,pi,6.2800,0.0000,-0.0016,-0.0016
5.7037,pi,6.2800,0.0000,-0.0016,-0.0016
5.7087,pi,6.2800,0.0000,-0.0016,-0.0016
5.7137,pi,6.2800,0.0000,-0.0016,-0.0016
5.7187,pi,6.2800,0.0000,-0.0016,-0.0016
5.7237,pi,6.2800,0.0000,-0.0016,-0.0016
5.7287,pi,6.2800,0.0000,-0.0016,-0.0016
5.7337,pi,6.2800,0.0000,-0.0016,-0.0016
5.7388,pi,6.2800,0.0000,-0.0016,-0.0016
5.7438,pi,6.2800,0.0000,-0.0016,-0.0016
5.7487,pi,6.2800,0.0000,-0.0016,-0.0016
5.7537,pi,6.2800,0.0000,-0.0016,-0.0016
5.7588,pi,6.2800,0.0000,-0.0016,-0.0016
5.7637,pi,6.2800,0.0000,-0.0016,-0.0016
5.7687,pi,6.2800,0.0000,-0.0016,-0.0016
5.7737,pi,6.2800,0.0000,-0.0016,-0.0016
5.7787,pi,6.2800,0.0000,-0.0016,-0.0016
5.7837,pi,6.2800,0.0000,-0.0016,-0.0016
5.7887,pi,6.2800,0.0000,-0.0016,-0.0016
5.7937,pi,6.2800,0.0000,-0.0016,-0.0016
5.7987,pi,6.2800,0.0000,-0.0016,-0.0016
5.8037,pi,6.2800,0.0000,-0.0016,-0.0016
5.8087,pi,6.2800,0.0000,-0.0016,-0.0016
5.8138,pi,6.2800,0.0000,-0.0016,-0.0016
5.8187,pi,6.2800,0.0000,-0.0016,-0.0016
5.8238,pi,6.2800,0.0000,-0.0016,-0.0016
5.8287,pi,6.2800,0.0000,-0.0016,-0.0016
5.8338,pi,6.2800,0.0000,-0.0016,-0.0016
5.8387,pi,6.2800,0.0000,-0.0016,-0.0016
5.8437,pi,6.2800,0.0000,-0.0016,-0.0016
5.8487,pi,6.2800,0.0000,-0.0016,-0.0016
5.8538,pi,6.2800,0.0000,-0.0016,-0.0016
5.8587,pi,6.2800,0.0000,-0.0016,-0.0016
5.8637,pi,6.2800,0.0000,-0.0016,-0.0016
5.8687,pi,6.2800,0.0000,-0.0016,-0.0016
5.8737,pi,6.2800,0.0000,-0.0016,-0.0016
5.8787,pi,6.2800,0.0000,-0.0016,-0.0016
5.8838,pi,6.2800,0.0000,-0.0016,-0.0016
5.8889,pi,6.2800,0.0000,-0.0016,-0.0016
5.8938,pi,6.2800,0.0000,-0.0016,-0.0016
5.8987,pi,6.2800,0.0000,-0.0016,-0.0016
5.9037,pi,6.2800,0.0000,-0.0016,-0.0016
5.9087,pi,6.2800,0.0000,-0.0016,-0.0016
5.9137,pi,6.2800,0.0000,-0.0016,-0.0016
5.9187,pi,6.2800,0.0000,-0.0016,-0.0016
5.9237,pi,6.2800,0.0000,-0.0016,-0.0016
5.9287,pi,6.2800,0.0000,-0.0016,-0.0016
5.9337,pi,6.2800,0.0000,-0.0016,-0.0016
5.9387,pi,6.2800,0.0000,-0.0016,-0.0016
5.9437,pi,6.2800,0.0000,-0.0016,-0.0016
5.9488,pi,6.2800,0.0000,-0.0016,-0.0016
5.9537,pi,6.2800,0.0000,-0.0016,-0.0016
5.9587,pi,6.2800,0.0000,-0.0016,-0.0016
5.9637,pi,6.2800,0.0000,-0.0016,-0.0016
5.9687,pi,6.2800,0.0000,-0.0016,-0.0016
5.9738,pi,6.2800,0.0000,-0.0016,-0.0016
5.9787,pi,6.2800,0.0000,-0.0016,-0.0016
5.9837,pi,6.2800,0.0000,-0.0016,-0.0016
5.9887,pi,6.2800,0.0000,-0.0016,-0.0016
5.9937,pi,6.2800,0.0000,-0.0016,-0.0016
5.9987,pi,6.2800,0.0000,-0.0016,-0.0016
6.0037,pi,6.2800,0.0000,-0.0016,-0.0016
6.0087,pi,6.2800,0.0000,-0.0016,-0.0016
6.0137,pi,6.2800,0.0000,-0.0016,-0.0016
6.0187,pi,6.2800,0.0000,-0.0016,-0.0016
6.0237,pi,6.2800,0.0000,-0.0016,-0.0016
6.0288,pi,6.2800,0.0000,-0.0016,-0.0016
6.0337,pi,6.2800,0.0000,-0.0016,-0.0016
6.0388,pi,6.2800,0.0000,-0.0016,-0.0016
6.0437,pi,6.2800,0.0000,-0.0016,-0.0016
6.0488,pi,6.2800,0.0000,-0.0016,-0.0016
6.0537,pi,6.2800,0.0000,-0.0016,-0.0016
6.0588,pi,6.2800,0.0000,-0.0016,-0.0016
6.0637,pi,6.2800,0.0000,-0.0016,-0.0016
6.0687,pi,6.2800,0.0000,-0.0016,-0.0016
6.0737,pi,6.2800,0.0000,-0.0016,-0.0016
6.0788,pi,6.2800,0.0000,-0.0016,-0.0016
6.0837,pi,6.2800,0.0000,-0.0016,-0.0016
6.0888,pi,6.2800,0.0000,-0.0016,-0.0016
6.0937,pi,6.2800,0.0000,-0.0016,-0.0016
6.0987,pi,6.2800,0.0000,-0.0016,-0.0016
6.1037,pi,6.2800,0.0000,-0.0016,-0.0016
6.1088,pi,6.2800,0.0000,-0.0016,-0.0016
6.1145,pi,6.2800,0.0000,-0.0016,-0.0016
6.1191,pi,6.2800,0.0000,-0.0016,-0.0016
6.1237,pi,6.2800,0.0000,-0.0016,-0.0016
6.1287,pi,6.2800,0.0000,-0.0016,-0.0016
6.1337,pi,6.2800,0.0000,-0.0016,-0.0016
6.1387,pi,6.2800,0.0000,-0.0016,-0.0016
6.1437,pi,6.2800,0.0000,-0.0016,-0.0016
6.1488,pi,6.2800,0.0000,-0.0016,-0.0016
6.1538,pi,6.2800,0.0000,-0.0016,-0.0016
6.1590,pi,6.2800,0.0000,-0.0016,-0.0016
6.1639,pi,6.2800,0.0000,-0.0016,-0.0016
6.1691,pi,6.2800,0.0000,-0.0016,-0.0016
6.1743,pi,6.2800,0.0000,-0.0016,-0.0016
6.1793,pi,6.2800,0.0000,-0.0016,-0.0016
6.1837,pi,6.2800,0.0000,-0.0016,-0.0016
6.1887,pi,6.2800,0.0000,-0.0016,-0.0016
6.1937,pi,6.2800,0.0000,-0.0016,-0.0016
6.1988,pi,6.2800,0.0000,-0.0016,-0.0016
6.2037,pi,6.2800,0.0000,-0.0016,-0.0016
6.2089,pi,6.2800,0.0000,-0.0016,-0.0016
6.2139,pi,6.2800,0.0000,-0.0016,-0.0016
6.2187,pi,6.2800,0.0000,-0.0016,-0.0016
6.2238,pi,6.2800,0.0000,-0.0016,-0.0016
6.2287,pi,6.2800,0.0000,-0.0015,-0.0015
6.2337,pi,6.2800,0.0000,-0.0016,-0.0016
6.2387,pi,6.2800,0.0000,-0.0016,-0.0016
6.2438,pi,6.2800,0.0000,-0.0016,-0.0016
6.2487,pi,6.2800,0.0000,-0.0016,-0.0016
6.2538,pi,6.2800,0.0000,-0.0016,-0.0016
6.2587,pi,6.2800,0.0000,-0.0016,-0.0016
6.2638,pi,6.2800,0.0000,-0.0016,-0.0016
6.2687,pi,6.2800,0.0000,-0.0016,-0.0016
6.2737,pi,6.2800,0.0000,-0.0016,-0.0016
6.2787,pi,6.2800,0.0000,-0.0016,-0.0016
6.2838,pi,6.2800,0.0000,-0.0016,-0.0016
6.2890,pi,6.2800,0.0000,-0.0016,-0.0016
6.2938,pi,6.2800,0.0000,-0.0016,-0.0016
6.2990,pi,6.2800,0.0000,-0.0016,-0.0016
6.3047,pi,6.2800,0.0000,-0.0016,-0.0016
6.3097,pi,6.2800,0.0000,-0.0016,-0.0016
6.3143,pi,6.2800,0.0000,-0.0016,-0.0016
6.3199,pi,6.2800,0.0000,-0.0016,-0.0016
6.3245,pi,6.2800,0.0000,-0.0015,-0.0015
6.3294,pi,6.2800,0.0000,-0.0016,-0.0016
6.3338,pi,6.2800,0.0000,-0.0016,-0.0016
6.3388,pi,6.2800,0.0000,-0.0016,-0.0016
6.3438,pi,6.2800,0.0000,-0.0016,-0.0016
6.3488,pi,6.2800,0.0000,-0.0016,-0.0016
6.3538,pi,6.2800,0.0000,-0.0016,-0.0016
6.3588,pi,6.2800,0.0000,-0.0016,-0.0016
6.3639,pi,6.2800,0.0000,-0.0016,-0.0016
6.3688,pi,6.2800,0.0000,-0.0016,-0.0016
6.3739,pi,6.2800,0.0000,-0.0016,-0.0016
6.3788,pi,6.2800,0.0000,-0.0016,-0.0016
6.3838,pi,6.2800,0.0000,-0.0016,-0.0016
6.3895,pi,6.2800,0.0000,-0.0016,-0.0016
6.3940,pi,6.2800,0.0000,-0.0016,-0.0016
6.3995,pi,6.2800,0.0000,-0.0016,-0.0016
6.4039,pi,6.2800,0.0000,-0.0016,-0.0016
6.4088,pi,6.2800,0.0000,-0.0016,-0.0016
6.4140,pi,6.2800,0.0000,-0.0016,-0.0016
6.4190,pi,6.2800,0.0000,-0.0016,-0.0016
6.4239,pi,6.2800,0.0000,-0.0016,-0.0016
6.4289,pi,6.2800,0.0000,-0.0016,-0.0016
6.4340,pi,6.2800,0.0000,-0.0016,-0.0016
6.4389,pi,6.2800,0.0000,-0.0016,-0.0016
6.4439,pi,6.2800,0.0000,-0.0016,-0.0016
6.4489,pi,6.2800,0.0000,-0.0016,-0.0016
6.4537,pi,6.2800,0.0000,-0.0016,-0.0016
6.4588,pi,6.2800,0.0000,-0.0016,-0.0016
6.4637,pi,6.2800,0.0000,-0.0016,-0.0016
6.4688,pi,6.2800,0.0000,-0.0016,-0.0016
6.4737,pi,6.2800,0.0000,-0.0016,-0.0016
6.4788,pi,6.2800,0.0000,-0.0016,-0.0016
6.4837,pi,6.2800,0.0000,-0.0016,-0.0016
6.4888,pi,6.2800,0.0000,-0.0016,-0.0016
6.4937,pi,6.2800,0.0000,-0.0016,-0.0016
6.4987,pi,6.2800,0.0000,-0.0016,-0.0016
6.5037,pi,6.2800,0.0000,-0.0016,-0.0016
6.5087,pi,6.2800,0.0000,-0.0016,-0.0016
6.5137,pi,6.2800,0.0000,-0.0016,-0.0016
6.5187,pi,6.2800,0.0000,-0.0016,-0.0016
6.5237,pi,6.2800,0.0000,-0.0016,-0.0016
6.5288,pi,6.2800,0.0000,-0.0016,-0.0016
6.5337,pi,6.2800,0.0000,-0.0016,-0.0016
6.5387,pi,6.2800,0.0000,-0.0016,-0.0016
6.5437,pi,6.2800,0.0000,-0.0016,-0.0016
6.5487,pi,6.2800,0.0000,-0.0016,-0.0016
6.5537,pi,6.2800,0.0000,-0.0016,-0.0016
6.5587,pi,6.2800,0.0000,-0.0016,-0.0016
6.5637,pi,6.2800,0.0000,-0.0016,-0.0016
6.5687,pi,6.2800,0.0000,-0.0016,-0.0016
6.5737,pi,6.2800,0.0000,-0.0016,-0.0016
6.5787,pi,6.2800,0.0000,-0.0016,-0.0016
6.5837,pi,6.2800,0.0000,-0.0016,-0.0016
6.5887,pi,6.2800,0.0000,-0.0016,-0.0016
6.5937,pi,6.2800,0.0000,-0.0016,-0.0016
6.5987,pi,6.2800,0.0000,-0.0016,-0.0016
6.6037,pi,6.2800,0.0000,-0.0016,-0.0016
6.6087,pi,6.2800,0.0000,-0.0016,-0.0016
6.6137,pi,6.2800,0.0000,-0.0016,-0.0016
6.6187,pi,6.2800,0.0000,-0.0016,-0.0016
6.6237,pi,6.2800,0.0000,-0.0016,-0.0016
6.6287,pi,6.2800,0.0000,-0.0016,-0.0016
6.6337,pi,6.2800,0.0000,-0.0016,-0.0016
6.6387,pi,6.2800,0.0000,-0.0016,-0.0016
6.6438,pi,6.2800,0.0000,-0.0016,-0.0016
6.6487,pi,6.2800,0.0000,-0.0016,-0.0016
6.6537,pi,6.2800,0.0000,-0.0016,-0.0016
6.6587,pi,6.2800,0.0000,-0.0016,-0.0016
6.6638,pi,6.2800,0.0000,-0.0016,-0.0016
6.6687,pi,6.2800,0.0000,-0.0016,-0.0016
6.6738,pi,6.2800,0.0000,-0.0016,-0.0016
6.6787,pi,6.2800,0.0000,-0.0016,-0.0016
6.6838,pi,6.2800,0.0000,-0.0016,-0.0016
6.6888,pi,6.2800,0.0000,-0.0016,-0.0016
6.6937,pi,6.2800,0.0000,-0.0016,-0.0016
6.6987,pi,6.2800,0.0000,-0.0016,-0.0016
6.7037,pi,6.2800,0.0000,-0.0016,-0.0016
6.7087,pi,6.2800,0.0000,-0.0016,-0.0016
6.7137,pi,6.2800,0.0000,-0.0016,-0.0016
6.7187,pi,6.2800,0.0000,-0.0016,-0.0016
6.7237,pi,6.2800,0.0000,-0.0016,-0.0016
6.7287,pi,6.2800,0.0000,-0.0016,-0.0016
6.7337,pi,6.2800,0.0000,-0.0016,-0.0016
6.7387,pi,6.2800,0.0000,-0.0016,-0.0016
6.7437,pi,6.2800,0.0000,-0.0016,-0.0016
6.7487,pi,6.2800,0.0000,-0.0016,-0.0016
6.7537,pi,6.2800,0.0000,-0.0016,-0.0016
6.7587,pi,6.2800,0.0000,-0.0016,-0.0016
6.7638,pi,6.2800,0.0000,-0.0016,-0.0016
6.7687,pi,6.2800,0.0000,-0.0016,-0.0016
6.7737,pi,6.2800,0.0000,-0.0016,-0.0016
6.7787,pi,6.2800,0.0000,-0.0016,-0.0016
6.7837,pi,6.2800,0.0000,-0.0016,-0.0016
6.7887,pi,6.2800,0.0000,-0.0016,-0.0016
6.7937,pi,6.2800,0.0000,-0.0016,-0.0016
6.7987,pi,6.2800,0.0000,-0.0016,-0.0016
6.8037,pi,6.2800,0.0000,-0.0016,-0.0016
6.8087,pi,6.2800,0.0000,-0.0016,-0.0016
6.8137,pi,6.2800,0.0000,-0.0016,-0.0016
6.8187,pi,6.2800,0.0000,-0.0016,-0.0016
6.8237,pi,6.2800,0.0000,-0.0016,-0.0016
6.8287,pi,6.2800,0.0000,-0.0016,-0.0016
6.8337,pi,6.2800,0.0000,-0.0016,-0.0016
6.8388,pi,6.2800,0.0000,-0.0016,-0.0016
6.8437,pi,6.2800,0.0000,-0.0016,-0.0016
6.8488,pi,6.2800,0.0000,-0.0016,-0.0016
6.8537,pi,6.2800,0.0000,-0.0016,-0.0016
6.8587,pi,6.2800,0.0000,-0.0016,-0.0016
6.8637,pi,6.2800,0.0000,-0.0016,-0.0016
6.8687,pi,6.2800,0.0000,-0.0016,-0.0016
6.8737,pi,6.2800,0.0000,-0.0016,-0.0016
6.8787,pi,6.2800,0.0000,-0.0016,-0.0016
6.8837,pi,6.2800,0.0000,-0.0016,-0.0016
6.8890,pi,6.2800,0.0000,-0.0016,-0.0016
6.8938,pi,6.2800,0.0000,-0.0016,-0.0016
6.8987,pi,6.2800,0.0000,-0.0016,-0.0016
6.9038,pi,6.2800,0.0000,-0.0016,-0.0016
6.9087,pi,6.2800,0.0000,-0.0016,-0.0016
6.9138,pi,6.2800,0.0000,-0.0016,-0.0016
6.9188,pi,6.2800,0.0000,-0.0016,-0.0016
6.9237,pi,6.2800,0.0000,-0.0016,-0.0016
6.9287,pi,6.2800,0.0000,-0.0016,-0.0016
6.9337,pi,6.2800,0.0000,-0.0016,-0.0016
6.9387,pi,6.2800,0.0000,-0.0016,-0.0016
6.9437,pi,6.2800,0.0000,-0.0016,-0.0016
6.9487,pi,6.2800,0.0000,-0.0016,-0.0016
6.9537,pi,6.2800,0.0000,-0.0016,-0.0016
6.9587,pi,6.2800,0.0000,-0.0016,-0.0016
6.9638,pi,6.2800,0.0000,-0.0016,-0.0016
6.9687,pi,6.2800,0.0000,-0.0016,-0.0016
6.9738,pi,6.2800,0.0000,-0.0016,-0.0016
6.9787,pi,6.2800,0.0000,-0.0016,-0.0016
6.9837,pi,6.2800,0.0000,-0.0016,-0.0016
6.9887,pi,6.2800,0.0000,-0.0016,-0.0016
6.9939,pi,6.2800,0.0000,-0.0016,-0.0016
6.9987,pi,6.2800,0.0000,-0.0016,-0.0016
7.0038,pi,6.2800,0.0000,-0.0016,-0.0016
7.0087,pi,6.2800,0.0000,-0.0016,-0.0016
7.0137,pi,6.2800,0.0000,-0.0016,-0.0016
7.0188,pi,6.2800,0.0000,-0.0016,-0.0016
7.0237,pi,6.2800,0.0000,-0.0016,-0.0016
7.0287,pi,6.2800,0.0000,-0.0016,-0.0016
7.0338,pi,6.2800,0.0000,-0.0016,-0.0016
7.0387,pi,6.2800,0.0000,-0.0016,-0.0016
7.0437,pi,6.2800,0.0000,-0.0016,-0.0016
7.0487,pi,6.2800,0.0000,-0.0016,-0.0016
7.0537,pi,6.2800,0.0000,-0.0016,-0.0016
7.0588,pi,6.2800,0.0000,-0.0016,-0.0016
7.0637,pi,6.2800,0.0000,-0.0016,-0.0016
7.0687,pi,6.2800,0.0000,-0.0016,-0.0016
7.0738,pi,6.2800,0.0000,-0.0016,-0.0016
7.0787,pi,6.2800,0.0000,-0.0016,-0.0016
7.0837,pi,6.2800,0.0000,-0.0016,-0.0016
7.0887,pi,6.2800,0.0000,-0.0016,-0.0016
7.0937,pi,6.2800,0.0000,-0.0016,-0.0016
7.0987,pi,6.2800,0.0000,-0.0016,-0.0016
7.1037,pi,6.2800,0.0000,-0.0016,-0.0016
7.1088,pi,6.2800,0.0000,-0.0016,-0.0016
7.1139,pi,6.2800,0.0000,-0.0016,-0.0016
7.1190,pi,6.2800,0.0000,-0.0016,-0.0016
7.1237,pi,6.2800,0.0000,-0.0016,-0.0016
7.1287,pi,6.2800,0.0000,-0.0016,-0.0016
7.1337,pi,6.2800,0.0000,-0.0016,-0.0016
7.1387,pi,6.2800,0.0000,-0.0016,-0.0016
7.1438,pi,6.2800,0.0000,-0.0016,-0.0016
7.1487,pi,6.2800,0.0000,-0.0016,-0.0016
7.1537,pi,6.2800,0.0000,-0.0016,-0.0016
7.1587,pi,6.2800,0.0000,-0.0016,-0.0016
7.1638,pi,6.2800,0.0000,-0.0016,-0.0016
7.1687,pi,6.2800,0.0000,-0.0016,-0.0016
7.1737,pi,6.2800,0.0000,-0.0016,-0.0016
7.1787,pi,6.2800,0.0000,-0.0016,-0.0016
7.1837,pi,6.2800,0.0000,-0.0016,-0.0016
7.1887,pi,6.2800,0.0000,-0.0016,-0.0016
7.1937,pi,6.2800,0.0000,-0.0016,-0.0016
7.1987,pi,6.2800,0.0000,-0.0016,-0.0016
7.2037,pi,6.2800,0.0000,-0.0016,-0.0016
7.2087,pi,6.2800,0.0000,-0.0016,-0.0016
7.2137,pi,6.2800,0.0000,-0.0016,-0.0016
7.2187,pi,6.2800,0.0000,-0.0016,-0.0016
7.2237,pi,6.2800,0.0000,-0.0016,-0.0016
7.2289,pi,6.2800,0.0000,-0.0016,-0.0016
7.2340,pi,6.2800,0.0000,-0.0016,-0.0016
7.2393,pi,6.2800,0.0000,-0.0016,-0.0016
7.2450,pi,6.2800,0.0000,-0.0016,-0.0016
7.2501,pi,6.2800,0.0000,-0.0016,-0.0016
7.2540,pi,6.2800,0.0000,-0.0015,-0.0015
7.2587,pi,6.2800,0.0000,-0.0016,-0.0016
7.2637,pi,6.2800,0.0000,-0.0016,-0.0016
7.2687,pi,6.2800,0.0000,-0.0016,-0.0016
7.2738,pi,6.2800,0.0000,-0.0016,-0.0016
7.2789,pi,6.2800,0.0000,-0.0016,-0.0016
7.2838,pi,6.2800,0.0000,-0.0016,-0.0016
7.2888,pi,6.2800,0.0000,-0.0016,-0.0016
7.2937,pi,6.2800,0.0000,-0.0016,-0.0016
7.2988,pi,6.2800,0.0000,-0.0016,-0.0016
7.3038,pi,6.2800,0.0000,-0.0016,-0.0016
7.3088,pi,6.2800,0.0000,-0.0016,-0.0016
7.3138,pi,6.2800,0.0000,-0.0016,-0.0016
7.3189,pi,6.2800,0.0000,-0.0016,-0.0016
7.3240,pi,6.2800,0.0000,-0.0016,-0.0016
7.3289,pi,6.2800,0.0000,-0.0016,-0.0016
7.3339,pi,6.2800,0.0000,-0.0016,-0.0016
7.3389,pi,6.2800,0.0000,-0.0016,-0.0016
7.3437,pi,6.2800,0.0000,-0.0016,-0.0016
7.3487,pi,6.2800,0.0000,-0.0016,-0.0016
7.3538,pi,6.2800,0.0000,-0.0016,-0.0016
7.3587,pi,6.2800,0.0000,-0.0016,-0.0016
7.3637,pi,6.2800,0.0000,-0.0016,-0.0016
7.3687,pi,6.2800,0.0000,-0.0016,-0.0016
7.3737,pi,6.2800,0.0000,-0.0016,-0.0016
7.3787,pi,6.2800,0.0000,-0.0016,-0.0016
7.3837,pi,6.2800,0.0000,-0.0016,-0.0016
7.3887,pi,6.2800,0.0000,-0.0016,-0.0016
7.3937,pi,6.2800,0.0000,-0.0016,-0.0016
7.3987,pi,6.2800,0.0000,-0.0016,-0.0016
7.4037,pi,6.2800,0.0000,-0.0016,-0.0016
7.4087,pi,6.2800,0.0000,-0.0016,-0.0016
7.4137,pi,6.2800,0.0000,-0.0016,-0.0016
7.4187,pi,6.2800,0.0000,-0.0016,-0.0016
7.4237,pi,6.2800,0.0000,-0.0016,-0.0016
7.4287,pi,6.2800,0.0000,-0.0016,-0.0016
7.4337,pi,6.2800,0.0000,-0.0016,-0.0016
7.4387,pi,6.2800,0.0000,-0.0016,-0.0016
7.4437,pi,6.2800,0.0000,-0.0016,-0.0016
7.4487,pi,6.2800,0.0000,-0.0016,-0.0016
7.4540,pi,6.2800,0.0000,-0.0016,-0.0016
7.4592,pi,6.2800,0.0000,-0.0016,-0.0016
7.4645,pi,6.2800,0.0000,-0.0016,-0.0016
7.4690,pi,6.2800,0.0000,-0.0016,-0.0016
7.4740,pi,6.2800,0.0000,-0.0016,-0.0016
7.4791,pi,6.2800,0.0000,-0.0016,-0.0016
7.4842,pi,6.2800,0.0000,-0.0016,-0.0016
7.4895,pi,6.2800,0.0000,-0.0016,-0.0016
7.4939,pi,6.2800,0.0000,-0.0016,-0.0016
7.4990,pi,6.2800,0.0000,-0.0016,-0.0016
7.5040,pi,6.2800,0.0000,-0.0016,-0.0016
7.5092,pi,6.2800,0.0000,-0.0016,-0.0016
7.5138,pi,6.2800,0.0000,-0.0016,-0.0016
7.5187,pi,6.2800,0.0000,-0.0016,-0.0016
7.5237,pi,6.2800,0.0000,-0.0016,-0.0016
7.5287,pi,6.2800,0.0000,-0.0016,-0.0016
7.5337,pi,6.2800,0.0000,-0.0016,-0.0016
7.5387,pi,6.2800,0.0000,-0.0016,-0.0016
7.5437,pi,6.2800,0.0000,-0.0016,-0.0016
7.5487,pi,6.2800,0.0000,-0.0016,-0.0016
7.5537,pi,6.2800,0.0000,-0.0016,-0.0016
7.5587,pi,6.2800,0.0000,-0.0016,-0.0016
7.5637,pi,6.2800,0.0000,-0.0016,-0.0016
7.5688,pi,6.2800,0.0000,-0.0016,-0.0016
7.5737,pi,6.2800,0.0000,-0.0016,-0.0016
7.5787,pi,6.2800,0.0000,-0.0016,-0.0016
7.5837,pi,6.2800,0.0000,-0.0016,-0.0016
7.5887,pi,6.2800,0.0000,-0.0016,-0.0016
7.5937,pi,6.2800,0.0000,-0.0016,-0.0016
7.5987,pi,6.2800,0.0000,-0.0016,-0.0016
7.6037,pi,6.2800,0.0000,-0.0016,-0.0016
7.6087,pi,6.2800,0.0000,-0.0016,-0.0016
7.6137,pi,6.2800,0.0000,-0.0016,-0.0016
7.6187,pi,6.2800,0.0000,-0.0016,-0.0016
7.6237,pi,6.2800,0.0000,-0.0016,-0.0016
7.6287,pi,6.2800,0.0000,-0.0016,-0.0016
7.6338,pi,6.2800,0.0000,-0.0016,-0.0016
7.6387,pi,6.2800,0.0000,-0.0016,-0.0016
7.6437,pi,6.2800,0.0000,-0.0016,-0.0016
7.6488,pi,6.2800,0.0000,-0.0016,-0.0016
7.6537,pi,6.2800,0.0000,-0.0016,-0.0016
7.6588,pi,6.2800,0.0000,-0.0016,-0.0016
7.6637,pi,6.2800,0.0000,-0.0016,-0.0016
7.6688,pi,6.2800,0.0000,-0.0016,-0.0016
7.6737,pi,6.2800,0.0000,-0.0016,-0.0016
7.6787,pi,6.2800,0.0000,-0.0016,-0.0016
7.6837,pi,6.2800,0.0000,-0.0016,-0.0016
7.6888,pi,6.2800,0.0000,-0.0016,-0.0016
7.6938,pi,6.2800,0.0000,-0.0016,-0.0016
7.6987,pi,6.2800,0.0000,-0.0016,-0.0016
7.7037,pi,6.2800,0.0000,-0.0016,-0.0016
7.7087,pi,6.2800,0.0000,-0.0016,-0.0016
7.7138,pi,6.2800,0.0000,-0.0016,-0.0016
7.7188,pi,6.2800,0.0000,-0.0016,-0.0016
7.7237,pi,6.2800,0.0000,-0.0016,-0.0016
7.7287,pi,6.2800,0.0000,-0.0016,-0.0016
7.7337,pi,6.2800,0.0000,-0.0016,-0.0016
7.7388,pi,6.2800,0.0000,-0.0016,-0.0016
7.7437,pi,6.2800,0.0000,-0.0016,-0.0016
7.7487,pi,6.2800,0.0000,-0.0016,-0.0016
7.7538,pi,6.2800,0.0000,-0.0016,-0.0016
7.7587,pi,6.2800,0.0000,-0.0016,-0.0016
7.7638,pi,6.2800,0.0000,-0.0016,-0.0016
7.7687,pi,6.2800,0.0000,-0.0016,-0.0016
7.7737,pi,6.2800,0.0000,-0.0016,-0.0016
7.7788,pi,6.2800,0.0000,-0.0016,-0.0016
7.7837,pi,6.2800,0.0000,-0.0016,-0.0016
7.7887,pi,6.2800,0.0000,-0.0016,-0.0016
7.7938,pi,6.2800,0.0000,-0.0016,-0.0016
7.7988,pi,6.2800,0.0000,-0.0016,-0.0016
7.8037,pi,6.2800,0.0000,-0.0016,-0.0016
7.8088,pi,6.2800,0.0000,-0.0016,-0.0016
7.8137,pi,6.2800,0.0000,-0.0016,-0.0016
7.8188,pi,6.2800,0.0000,-0.0016,-0.0016
7.8240,pi,6.2800,0.0000,-0.0016,-0.0016
7.8298,pi,6.2800,0.0000,-0.0016,-0.0016
7.8349,pi,6.2800,0.0000,-0.0016,-0.0016
7.8395,pi,6.2800,0.0000,-0.0015,-0.0015
7.8461,pi,6.2800,0.0000,-0.0016,-0.0016
7.8529,pi,6.2800,0.0000,-0.0015,-0.0015
7.8578,pi,6.2800,0.0000,-0.0016,-0.0016
7.8636,pi,6.2800,0.0000,-0.0016,-0.0016
7.8688,pi,6.2800,0.0000,-0.0016,-0.0016
7.8738,pi,6.2800,0.0000,-0.0016,-0.0016
7.8798,pi,6.2800,0.0000,-0.0016,-0.0016
7.8868,pi,6.2800,0.0000,-0.0016,-0.0016
7.8920,pi,6.2800,0.0000,-0.0016,-0.0016
7.8975,pi,6.2800,0.0000,-0.0016,-0.0016
7.9021,pi,6.2800,0.0000,-0.0021,-0.0021
7.9077,pi,6.2800,0.0000,-0.0010,-0.0010
7.9127,pi,6.2800,0.0000,-0.0016,-0.0016
7.9176,pi,6.2800,0.0000,-0.0016,-0.0016
7.9235,pi,6.2800,0.0000,-0.0016,-0.0016
7.9300,pi,6.2800,0.0000,-0.0015,-0.0015
7.9355,pi,6.2800,0.0000,-0.0016,-0.0016
7.9412,pi,6.2800,0.0000,-0.0016,-0.0016
7.9477,pi,6.2800,0.0000,-0.0016,-0.0016
7.9528,pi,6.2800,0.0000,-0.0016,-0.0016
7.9583,pi,6.2800,0.0000,-0.0017,-0.0017
7.9650,pi,6.2800,0.0000,-0.0014,-0.0014
7.9713,pi,6.2800,0.0000,-0.0018,-0.0018
7.9763,pi,6.2800,0.0000,-0.0014,-0.0014
7.9811,pi,6.2800,0.0000,-0.0027,-0.0027
7.9859,pi,6.2800,0.0000,-0.0004,-0.0004
7.9911,pi,6.2800,0.0000,-0.0019,-0.0019
7.9956,pi,6.2800,0.0000,-0.0012,-0.0012
7.9998,pi,6.2800,0.0000,-0.0016,-0.0016
8.0039,pi,6.2800,0.0000,-0.0016,-0.0016
8.0079,pi,6.2800,0.0000,-0.0016,-0.0016
8.0119,pi,6.2800,0.0000,-0.0016,-0.0016
8.0159,pi,6.2800,0.0000,-0.0016,-0.0016
8.0199,pi,6.2800,0.0000,-0.0016,-0.0016
8.0239,pi,6.2800,0.0000,-0.0016,-0.0016
8.0279,pi,6.2800,0.0000,-0.0016,-0.0016
8.0318,pi,6.2800,0.0000,-0.0016,-0.0016
8.0358,pi,6.2800,0.0000,-0.0016,-0.0016
8.0398,pi,6.2800,0.0000,-0.0016,-0.0016
8.0438,pi,6.2800,0.0000,-0.0016,-0.0016
8.0477,pi,6.2800,0.0000,-0.0016,-0.0016
8.0516,pi,6.2800,0.0000,-0.0016,-0.0016
8.0557,pi,6.2800,0.0000,-0.0016,-0.0016
8.0599,pi,6.2800,0.0000,-0.0016,-0.0016
8.0639,pi,6.2800,0.0000,-0.0016,-0.0016
8.0688,pi,6.2800,0.0000,-0.0016,-0.0016
8.0738,pi,6.2800,0.0000,-0.0016,-0.0016
8.0788,pi,6.2800,0.0000,-0.0016,-0.0016
8.0838,pi,6.2800,0.0000,-0.0016,-0.0016
8.0888,pi,6.2800,0.0000,-0.0016,-0.0016
8.0937,pi,6.2800,0.0000,-0.0016,-0.0016
8.0988,pi,6.2800,0.0000,-0.0016,-0.0016
8.1038,pi,6.2800,0.0000,-0.0016,-0.0016
8.1088,pi,6.2800,0.0000,-0.0016,-0.0016
8.1139,pi,6.2800,0.0000,-0.0016,-0.0016
8.1189,pi,6.2800,0.0000,-0.0016,-0.0016
8.1237,pi,6.2800,0.0000,-0.0016,-0.0016
8.1288,pi,6.2800,0.0000,-0.0016,-0.0016
8.1338,pi,6.2800,0.0000,-0.0016,-0.0016
8.1388,pi,6.2800,0.0000,-0.0016,-0.0016
8.1438,pi,6.2800,0.0000,-0.0016,-0.0016
8.1488,pi,6.2800,0.0000,-0.0016,-0.0016
8.1538,pi,6.2800,0.0000,-0.0016,-0.0016
8.1588,pi,6.2800,0.0000,-0.0016,-0.0016
8.1638,pi,6.2800,0.0000,-0.0016,-0.0016
8.1688,pi,6.2800,0.0000,-0.0016,-0.0016
8.1738,pi,6.2800,0.0000,-0.0016,-0.0016
8.1788,pi,6.2800,0.0000,-0.0016,-0.0016
8.1838,pi,6.2800,0.0000,-0.0016,-0.0016
8.1888,pi,6.2800,0.0000,-0.0016,-0.0016
8.1938,pi,6.2800,0.0000,-0.0016,-0.0016
8.1987,pi,6.2800,0.0000,-0.0016,-0.0016
8.2038,pi,6.2800,0.0000,-0.0016,-0.0016
8.2088,pi,6.2800,0.0000,-0.0016,-0.0016
8.2138,pi,6.2800,0.0000,-0.0016,-0.0016
8.2189,pi,6.2800,0.0000,-0.0016,-0.0016
8.2238,pi,6.2800,0.0000,-0.0016,-0.0016
8.2288,pi,6.2800,0.0000,-0.0016,-0.0016
8.2337,pi,6.2800,0.0000,-0.0016,-0.0016
8.2389,pi,6.2800,0.0000,-0.0016,-0.0016
8.2441,pi,6.2800,0.0000,-0.0016,-0.0016
8.2489,pi,6.2800,0.0000,-0.0016,-0.0016
8.2538,pi,6.2800,0.0000,-0.0016,-0.0016
8.2588,pi,6.2800,0.0000,-0.0016,-0.0016
8.2640,pi,6.2800,0.0000,-0.0016,-0.0016
8.2688,pi,6.2800,0.0000,-0.0016,-0.0016
8.2737,pi,6.2800,0.0000,-0.0016,-0.0016
8.2788,pi,6.2800,0.0000,-0.0016,-0.0016
8.2838,pi,6.2800,0.0000,-0.0016,-0.0016
8.2888,pi,6.2800,0.0000,-0.0016,-0.0016
8.2937,pi,6.2800,0.0000,-0.0016,-0.0016
8.2988,pi,6.2800,0.0000,-0.0016,-0.0016
8.3040,pi,6.2800,0.0000,-0.0016,-0.0016
8.3107,pi,6.2800,0.0000,-0.0021,-0.0021
8.3147,pi,6.2800,0.0000,-0.0010,-0.0010
8.3193,pi,6.2800,0.0000,-0.0016,-0.0016
8.3237,pi,6.2800,0.0000,-0.0016,-0.0016
8.3288,pi,6.2800,0.0000,-0.0016,-0.0016
8.3338,pi,6.2800,0.0000,-0.0016,-0.0016
8.3388,pi,6.2800,0.0000,-0.0016,-0.0016
8.3438,pi,6.2800,0.0000,-0.0016,-0.0016
8.3488,pi,6.2800,0.0000,-0.0016,-0.0016
8.3542,pi,6.2800,0.0000,-0.0016,-0.0016
8.3591,pi,6.2800,0.0000,-0.0016,-0.0016
8.3640,pi,6.2800,0.0000,-0.0016,-0.0016
8.3694,pi,6.2800,0.0000,-0.0016,-0.0016
8.3740,pi,6.2800,0.0000,-0.0016,-0.0016
8.3789,pi,6.2800,0.0000,-0.0016,-0.0016
8.3843,pi,6.2800,0.0000,-0.0016,-0.0016
8.3889,pi,6.2800,0.0000,-0.0016,-0.0016
8.3938,pi,6.2800,0.0000,-0.0016,-0.0016
8.3988,pi,6.2800,0.0000,-0.0016,-0.0016
8.4038,pi,6.2800,0.0000,-0.0016,-0.0016
8.4088,pi,6.2800,0.0000,-0.0016,-0.0016
8.4138,pi,6.2800,0.0000,-0.0016,-0.0016
8.4191,pi,6.2800,0.0000,-0.0016,-0.0016
8.4240,pi,6.2800,0.0000,-0.0016,-0.0016
8.4289,pi,6.2800,0.0000,-0.0016,-0.0016
8.4337,pi,6.2800,0.0000,-0.0016,-0.0016
8.4387,pi,6.2800,0.0000,-0.0016,-0.0016
8.4440,pi,6.2800,0.0000,-0.0016,-0.0016
8.4490,pi,6.2800,0.0000,-0.0016,-0.0016
8.4538,pi,6.2800,0.0000,-0.0016,-0.0016
8.4587,pi,6.2800,0.0000,-0.0015,-0.0015
8.4637,pi,6.2800,0.0000,-0.0016,-0.0016
8.4687,pi,6.2800,0.0000,-0.0016,-0.0016
8.4738,pi,6.2800,0.0000,-0.0016,-0.0016
8.4787,pi,6.2800,0.0000,-0.0016,-0.0016
8.4837,pi,6.2800,0.0000,-0.0016,-0.0016
8.4888,pi,6.2800,0.0000,-0.0016,-0.0016
8.4937,pi,6.2800,0.0000,-0.0016,-0.0016
8.4987,pi,6.2800,0.0000,-0.0016,-0.0016
8.5037,pi,6.2800,0.0000,-0.0016,-0.0016
8.5088,pi,6.2800,0.0000,-0.0016,-0.0016
8.5138,pi,6.2800,0.0000,-0.0016,-0.0016
8.5187,pi,6.2800,0.0000,-0.0016,-0.0016
8.5241,pi,6.2800,0.0000,-0.0016,-0.0016
8.5293,pi,6.2800,0.0000,-0.0016,-0.0016
8.5347,pi,6.2800,0.0000,-0.0016,-0.0016
8.5396,pi,6.2800,0.0000,-0.0015,-0.0015
8.5442,pi,6.2800,0.0000,-0.0016,-0.0016
8.5496,pi,6.2800,0.0000,-0.0016,-0.0016
8.5542,pi,6.2800,0.0000,-0.0016,-0.0016
8.5596,pi,6.2800,0.0000,-0.0016,-0.0016
8.5641,pi,6.2800,0.0000,-0.0016,-0.0016
8.5691,pi,6.2800,0.0000,-0.0016,-0.0016
8.5737,pi,6.2800,0.0000,-0.0016,-0.0016
8.5788,pi,6.2800,0.0000,-0.0016,-0.0016
8.5838,pi,6.2800,0.0000,-0.0016,-0.0016
8.5887,pi,6.2800,0.0000,-0.0016,-0.0016
8.5945,pi,6.2800,0.0000,-0.0016,-0.0016
8.5997,pi,6.2800,0.0000,-0.0016,-0.0016
8.6038,pi,6.2800,0.0000,-0.0016,-0.0016
8.6087,pi,6.2800,0.0000,-0.0016,-0.0016
8.6137,pi,6.2800,0.0000,-0.0016,-0.0016
8.6188,pi,6.2800,0.0000,-0.0016,-0.0016
8.6237,pi,6.2800,0.0000,-0.0016,-0.0016
8.6288,pi,6.2800,0.0000,-0.0016,-0.0016
8.6337,pi,6.2800,0.0000,-0.0016,-0.0016
8.6387,pi,6.2800,0.0000,-0.0016,-0.0016
8.6437,pi,6.2800,0.0000,-0.0016,-0.0016
8.6487,pi,6.2800,0.0000,-0.0016,-0.0016
8.6537,pi,6.2800,0.0000,-0.0016,-0.0016
8.6588,pi,6.2800,0.0000,-0.0016,-0.0016
8.6637,pi,6.2800,0.0000,-0.0016,-0.0016
8.6688,pi,6.2800,0.0000,-0.0016,-0.0016
8.6737,pi,6.2800,0.0000,-0.0016,-0.0016
8.6787,pi,6.2800,0.0000,-0.0016,-0.0016
8.6838,pi,6.2800,0.0000,-0.0016,-0.0016
8.6887,pi,6.2800,0.0000,-0.0016,-0.0016
8.6937,pi,6.2800,0.0000,-0.0016,-0.0016
8.6988,pi,6.2800,0.0000,-0.0016,-0.0016
8.7037,pi,6.2800,0.0000,-0.0016,-0.0016
8.7087,pi,6.2800,0.0000,-0.0016,-0.0016
8.7138,pi,6.2800,0.0000,-0.0016,-0.0016
8.7188,pi,6.2800,0.0000,-0.0016,-0.0016
8.7237,pi,6.2800,0.0000,-0.0016,-0.0016
8.7289,pi,6.2800,0.0000,-0.0016,-0.0016
8.7338,pi,6.2800,0.0000,-0.0016,-0.0016
8.7387,pi,6.2800,0.0000,-0.0016,-0.0016
8.7438,pi,6.2800,0.0000,-0.0016,-0.0016
8.7487,pi,6.2800,0.0000,-0.0016,-0.0016
8.7537,pi,6.2800,0.0000,-0.0016,-0.0016
8.7587,pi,6.2800,0.0000,-0.0016,-0.0016
8.7639,pi,6.2800,0.0000,-0.0016,-0.0016
8.7687,pi,6.2800,0.0000,-0.0016,-0.0016
8.7738,pi,6.2800,0.0000,-0.0016,-0.0016
8.7788,pi,6.2800,0.0000,-0.0016,-0.0016
8.7840,pi,6.2800,0.0000,-0.0016,-0.0016
8.7889,pi,6.2800,0.0000,-0.0016,-0.0016
8.7938,pi,6.2800,0.0000,-0.0016,-0.0016
8.7991,pi,6.2800,0.0000,-0.0016,-0.0016
8.8046,pi,6.2800,0.0000,-0.0016,-0.0016
8.8097,pi,6.2800,0.0000,-0.0016,-0.0016
8.8148,pi,6.2800,0.0000,-0.0016,-0.0016
8.8217,pi,6.2800,0.0000,-0.0016,-0.0016
8.8277,pi,6.2800,0.0000,-0.0016,-0.0016
8.8327,pi,6.2800,0.0000,-0.0015,-0.0015
8.8373,pi,6.2800,0.0000,-0.0016,-0.0016
8.8417,pi,6.2800,0.0000,-0.0016,-0.0016
8.8457,pi,6.2800,0.0000,-0.0015,-0.0015
8.8497,pi,6.2800,0.0000,-0.0016,-0.0016
8.8616,pi,6.2800,0.0000,-0.0021,-0.0021
8.8730,pi,6.2800,0.0000,-0.0010,-0.0010
8.8801,pi,6.2800,0.0000,-0.0016,-0.0016
8.8850,pi,6.2800,0.0000,-0.0016,-0.0016
8.8889,pi,6.2800,0.0000,-0.0020,-0.0020
8.8928,pi,6.2800,0.0000,-0.0014,-0.0014
8.8968,pi,6.2800,0.0000,-0.0013,-0.0013
8.9008,pi,6.2800,0.0000,-0.0016,-0.0016
8.9046,pi,6.2800,0.0000,-0.0016,-0.0016
8.9084,pi,6.2800,0.0000,-0.0016,-0.0016
8.9121,pi,6.2800,0.0000,-0.0016,-0.0016
8.9160,pi,6.2800,0.0000,-0.0016,-0.0016
8.9199,pi,6.2800,0.0000,-0.0016,-0.0016
8.9237,pi,6.2800,0.0000,-0.0016,-0.0016
8.9275,pi,6.2800,0.0000,-0.0016,-0.0016
8.9313,pi,6.2800,0.0000,-0.0016,-0.0016
8.9351,pi,6.2800,0.0000,-0.0016,-0.0016
8.9389,pi,6.2800,0.0000,-0.0016,-0.0016
8.9437,pi,6.2800,0.0000,-0.0016,-0.0016
8.9487,pi,6.2800,0.0000,-0.0016,-0.0016
8.9537,pi,6.2800,0.0000,-0.0016,-0.0016
8.9587,pi,6.2800,0.0000,-0.0016,-0.0016
8.9638,pi,6.2800,0.0000,-0.0016,-0.0016
8.9687,pi,6.2800,0.0000,-0.0016,-0.0016
8.9737,pi,6.2800,0.0000,-0.0016,-0.0016
8.9787,pi,6.2800,0.0000,-0.0016,-0.0016
8.9837,pi,6.2800,0.0000,-0.0016,-0.0016
8.9887,pi,6.2800,0.0000,-0.0016,-0.0016
8.9937,pi,6.2800,0.0000,-0.0016,-0.0016
8.9987,pi,6.2800,0.0000,-0.0016,-0.0016
9.0037,pi,6.2800,0.0000,-0.0016,-0.0016
9.0087,pi,6.2800,0.0000,-0.0016,-0.0016
9.0137,pi,6.2800,0.0000,-0.0016,-0.0016
9.0187,pi,6.2800,0.0000,-0.0016,-0.0016
9.0237,pi,6.2800,0.0000,-0.0016,-0.0016
9.0287,pi,6.2800,0.0000,-0.0016,-0.0016
9.0337,pi,6.2800,0.0000,-0.0016,-0.0016
9.0387,pi,6.2800,0.0000,-0.0016,-0.0016
9.0437,pi,6.2800,0.0000,-0.0016,-0.0016
9.0487,pi,6.2800,0.0000,-0.0016,-0.0016
9.0537,pi,6.2800,0.0000,-0.0016,-0.0016
9.0587,pi,6.2800,0.0000,-0.0016,-0.0016
9.0637,pi,6.2800,0.0000,-0.0016,-0.0016
9.0687,pi,6.2800,0.0000,-0.0016,-0.0016
9.0738,pi,6.2800,0.0000,-0.0016,-0.0016
9.0788,pi,6.2800,0.0000,-0.0016,-0.0016
9.0837,pi,6.2800,0.0000,-0.0016,-0.0016
9.0888,pi,6.2800,0.0000,-0.0016,-0.0016
9.0937,pi,6.2800,0.0000,-0.0016,-0.0016
9.0988,pi,6.2800,0.0000,-0.0016,-0.0016
9.1037,pi,6.2800,0.0000,-0.0016,-0.0016
9.1088,pi,6.2800,0.0000,-0.0016,-0.0016
9.1138,pi,6.2800,0.0000,-0.0016,-0.0016
9.1191,pi,6.2800,0.0000,-0.0016,-0.0016
9.1239,pi,6.2800,0.0000,-0.0016,-0.0016
9.1287,pi,6.2800,0.0000,-0.0016,-0.0016
9.1337,pi,6.2800,0.0000,-0.0016,-0.0016
9.1387,pi,6.2800,0.0000,-0.0016,-0.0016
9.1437,pi,6.2800,0.0000,-0.0016,-0.0016
9.1487,pi,6.2800,0.0000,-0.0016,-0.0016
9.1538,pi,6.2800,0.0000,-0.0016,-0.0016
9.1587,pi,6.2800,0.0000,-0.0016,-0.0016
9.1638,pi,6.2800,0.0000,-0.0016,-0.0016
9.1687,pi,6.2800,0.0000,-0.0016,-0.0016
9.1737,pi,6.2800,0.0000,-0.0016,-0.0016
9.1788,pi,6.2800,0.0000,-0.0016,-0.0016
9.1838,pi,6.2800,0.0000,-0.0016,-0.0016
9.1887,pi,6.2800,0.0000,-0.0016,-0.0016
9.1937,pi,6.2800,0.0000,-0.0016,-0.0016
9.1987,pi,6.2800,0.0000,-0.0016,-0.0016
9.2037,pi,6.2800,0.0000,-0.0016,-0.0016
9.2087,pi,6.2800,0.0000,-0.0016,-0.0016
9.2137,pi,6.2800,0.0000,-0.0016,-0.0016
9.2187,pi,6.2800,0.0000,-0.0016,-0.0016
9.2237,pi,6.2800,0.0000,-0.0016,-0.0016
9.2287,pi,6.2800,0.0000,-0.0016,-0.0016
9.2337,pi,6.2800,0.0000,-0.0016,-0.0016
9.2387,pi,6.2800,0.0000,-0.0016,-0.0016
9.2437,pi,6.2800,0.0000,-0.0016,-0.0016
9.2487,pi,6.2800,0.0000,-0.0016,-0.0016
9.2538,pi,6.2800,0.0000,-0.0016,-0.0016
9.2587,pi,6.2800,0.0000,-0.0016,-0.0016
9.2637,pi,6.2800,0.0000,-0.0016,-0.0016
9.2687,pi,6.2800,0.0000,-0.0016,-0.0016
9.2739,pi,6.2800,0.0000,-0.0016,-0.0016
9.2787,pi,6.2800,0.0000,-0.0016,-0.0016
9.2837,pi,6.2800,0.0000,-0.0016,-0.0016
9.2889,pi,6.2800,0.0000,-0.0016,-0.0016
9.2938,pi,6.2800,0.0000,-0.0016,-0.0016
9.2987,pi,6.2800,0.0000,-0.0016,-0.0016
9.3037,pi,6.2800,0.0000,-0.0016,-0.0016
9.3087,pi,6.2800,0.0000,-0.0016,-0.0016
9.3137,pi,6.2800,0.0000,-0.0016,-0.0016
9.3187,pi,6.2800,0.0000,-0.0016,-0.0016
9.3237,pi,6.2800,0.0000,-0.0016,-0.0016
9.3287,pi,6.2800,0.0000,-0.0016,-0.0016
9.3338,pi,6.2800,0.0000,-0.0016,-0.0016
9.3387,pi,6.2800,0.0000,-0.0016,-0.0016
9.3438,pi,6.2800,0.0000,-0.0016,-0.0016
9.3487,pi,6.2800,0.0000,-0.0016,-0.0016
9.3538,pi,6.2800,0.0000,-0.0016,-0.0016
9.3587,pi,6.2800,0.0000,-0.0016,-0.0016
9.3639,pi,6.2800,0.0000,-0.0016,-0.0016
9.3687,pi,6.2800,0.0000,-0.0016,-0.0016
9.3737,pi,6.2800,0.0000,-0.0016,-0.0016
9.3791,pi,6.2800,0.0000,-0.0016,-0.0016
9.3839,pi,6.2800,0.0000,-0.0016,-0.0016
9.3888,pi,6.2800,0.0000,-0.0016,-0.0016
9.3937,pi,6.2800,0.0000,-0.0016,-0.0016
9.3986,pi,6.2800,0.0000,-0.0016,-0.0016
9.4037,pi,6.2800,0.0000,-0.0016,-0.0016
9.4087,pi,6.2800,0.0000,-0.0016,-0.0016
9.4137,pi,6.2800,0.0000,-0.0016,-0.0016
9.4187,pi,6.2800,0.0000,-0.0016,-0.0016
9.4237,pi,6.2800,0.0000,-0.0016,-0.0016
9.4287,pi,6.2800,0.0000,-0.0016,-0.0016
9.4337,pi,6.2800,0.0000,-0.0016,-0.0016
9.4387,pi,6.2800,0.0000,-0.0016,-0.0016
9.4437,pi,6.2800,0.0000,-0.0016,-0.0016
9.4488,pi,6.2800,0.0000,-0.0016,-0.0016
9.4537,pi,6.2800,0.0000,-0.0016,-0.0016
9.4588,pi,6.2800,0.0000,-0.0016,-0.0016
9.4637,pi,6.2800,0.0000,-0.0016,-0.0016
9.4687,pi,6.2800,0.0000,-0.0016,-0.0016
9.4737,pi,6.2800,0.0000,-0.0016,-0.0016
9.4788,pi,6.2800,0.0000,-0.0016,-0.0016
9.4837,pi,6.2800,0.0000,-0.0016,-0.0016
9.4887,pi,6.2800,0.0000,-0.0016,-0.0016
9.4938,pi,6.2800,0.0000,-0.0016,-0.0016
9.4987,pi,6.2800,0.0000,-0.0016,-0.0016
9.5037,pi,6.2800,0.0000,-0.0016,-0.0016
9.5087,pi,6.2800,0.0000,-0.0016,-0.0016
9.5137,pi,6.2800,0.0000,-0.0016,-0.0016
9.5188,pi,6.2800,0.0000,-0.0016,-0.0016
9.5237,pi,6.2800,0.0000,-0.0016,-0.0016
9.5287,pi,6.2800,0.0000,-0.0016,-0.0016
9.5337,pi,6.2800,0.0000,-0.0016,-0.0016
9.5387,pi,6.2800,0.0000,-0.0016,-0.0016
9.5437,pi,6.2800,0.0000,-0.0016,-0.0016
9.5487,pi,6.2800,0.0000,-0.0016,-0.0016
9.5537,pi,6.2800,0.0000,-0.0016,-0.0016
9.5587,pi,6.2800,0.0000,-0.0016,-0.0016
9.5637,pi,6.2800,0.0000,-0.0016,-0.0016
9.5688,pi,6.2800,0.0000,-0.0016,-0.0016
9.5737,pi,6.2800,0.0000,-0.0016,-0.0016
9.5787,pi,6.2800,0.0000,-0.0016,-0.0016
9.5837,pi,6.2800,0.0000,-0.0016,-0.0016
9.5887,pi,6.2800,0.0000,-0.0016,-0.0016
9.5940,pi,6.2800,0.0000,-0.0016,-0.0016
9.5989,pi,6.2800,0.0000,-0.0016,-0.0016
9.6049,pi,6.2800,0.0000,-0.0016,-0.0016
9.6099,pi,6.2800,0.0000,-0.0016,-0.0016
9.6144,pi,6.2800,0.0000,-0.0016,-0.0016
9.6188,pi,6.2800,0.0000,-0.0016,-0.0016
9.6238,pi,6.2800,0.0000,-0.0016,-0.0016
9.6287,pi,6.2800,0.0000,-0.0016,-0.0016
9.6338,pi,6.2800,0.0000,-0.0016,-0.0016
9.6388,pi,6.2800,0.0000,-0.0016,-0.0016
9.6437,pi,6.2800,0.0000,-0.0016,-0.0016
9.6487,pi,6.2800,0.0000,-0.0016,-0.0016
9.6537,pi,6.2800,0.0000,-0.0016,-0.0016
9.6587,pi,6.2800,0.0000,-0.0016,-0.0016
9.6637,pi,6.2800,0.0000,-0.0016,-0.0016
9.6687,pi,6.2800,0.0000,-0.0016,-0.0016
9.6737,pi,6.2800,0.0000,-0.0016,-0.0016
9.6787,pi,6.2800,0.0000,-0.0016,-0.0016
9.6837,pi,6.2800,0.0000,-0.0016,-0.0016
9.6887,pi,6.2800,0.0000,-0.0016,-0.0016
9.6937,pi,6.2800,0.0000,-0.0016,-0.0016
9.6987,pi,6.2800,0.0000,-0.0016,-0.0016
9.7038,pi,6.2800,0.0000,-0.0016,-0.0016
9.7087,pi,6.2800,0.0000,-0.0016,-0.0016
9.7137,pi,6.2800,0.0000,-0.0016,-0.0016
9.7187,pi,6.2800,0.0000,-0.0016,-0.0016
9.7238,pi,6.2800,0.0000,-0.0016,-0.0016
9.7287,pi,6.2800,0.0000,-0.0016,-0.0016
9.7337,pi,6.2800,0.0000,-0.0016,-0.0016
9.7388,pi,6.2800,0.0000,-0.0016,-0.0016
9.7437,pi,6.2800,0.0000,-0.0016,-0.0016
9.7487,pi,6.2800,0.0000,-0.0016,-0.0016
9.7538,pi,6.2800,0.0000,-0.0016,-0.0016
9.7587,pi,6.2800,0.0000,-0.0016,-0.0016
9.7638,pi,6.2800,0.0000,-0.0016,-0.0016
9.7687,pi,6.2800,0.0000,-0.0016,-0.0016
9.7737,pi,6.2800,0.0000,-0.0016,-0.0016
9.7787,pi,6.2800,0.0000,-0.0016,-0.0016
9.7837,pi,6.2800,0.0000,-0.0016,-0.0016
9.7887,pi,6.2800,0.0000,-0.0016,-0.0016
9.7937,pi,6.2800,0.0000,-0.0016,-0.0016
9.7988,pi,6.2800,0.0000,-0.0016,-0.0016
9.8038,pi,6.2800,0.0000,-0.0016,-0.0016
9.8087,pi,6.2800,0.0000,-0.0016,-0.0016
9.8137,pi,6.2800,0.0000,-0.0016,-0.0016
9.8187,pi,6.2800,0.0000,-0.0016,-0.0016
9.8237,pi,6.2800,0.0000,-0.0016,-0.0016
9.8287,pi,6.2800,0.0000,-0.0016,-0.0016
9.8337,pi,6.2800,0.0000,-0.0016,-0.0016
9.8387,pi,6.2800,0.0000,-0.0016,-0.0016
9.8437,pi,6.2800,0.0000,-0.0016,-0.0016
9.8487,pi,6.2800,0.0000,-0.0016,-0.0016
9.8537,pi,6.2800,0.0000,-0.0016,-0.0016
9.8588,pi,6.2800,0.0000,-0.0016,-0.0016
9.8637,pi,6.2800,0.0000,-0.0016,-0.0016
9.8687,pi,6.2800,0.0000,-0.0016,-0.0016
9.8737,pi,6.2800,0.0000,-0.0016,-0.0016
9.8787,pi,6.2800,0.0000,-0.0016,-0.0016
9.8837,pi,6.2800,0.0000,-0.0016,-0.0016
9.8887,pi,6.2800,0.0000,-0.0016,-0.0016
9.8938,pi,6.2800,0.0000,-0.0016,-0.0016
9.8988,pi,6.2800,0.0000,-0.0016,-0.0016
9.9037,pi,6.2800,0.0000,-0.0016,-0.0016
9.9087,pi,6.2800,0.0000,-0.0016,-0.0016
9.9137,pi,6.2800,0.0000,-0.0016,-0.0016
9.9187,pi,6.2800,0.0000,-0.0016,-0.0016
9.9238,pi,6.2800,0.0000,-0.0016,-0.0016
9.9288,pi,6.2800,0.0000,-0.0016,-0.0016
9.9336,pi,6.2800,0.0000,-0.0016,-0.0016
9.9388,pi,6.2800,0.0000,-0.0016,-0.0016
9.9437,pi,6.2800,0.0000,-0.0016,-0.0016
9.9487,pi,6.2800,0.0000,-0.0016,-0.0016
9.9538,pi,6.2800,0.0000,-0.0016,-0.0016
9.9587,pi,6.2800,0.0000,-0.0016,-0.0016
9.9637,pi,6.2800,0.0000,-0.0016,-0.0016
9.9688,pi,6.2800,0.0000,-0.0016,-0.0016
9.9737,pi,6.2800,0.0000,-0.0016,-0.0016
9.9788,pi,6.2800,0.0000,-0.0016,-0.0016
9.9837,pi,6.2800,0.0000,-0.0016,-0.0016
9.9888,pi,6.2800,0.0000,-0.0016,-0.0016
9.9937,pi,6.2800,0.0000,-0.0016,-0.0016
9.9987,pi,6.2800,0.0000,-0.0016,-0.0016
10.0037,pi,6.2800,0.0000,-0.0016,-0.0016
10.0088,pi,6.2800,0.0000,-0.0016,-0.0016
10.0137,pi,6.2800,0.0000,-0.0016,-0.0016
10.0187,pi,6.2800,0.0000,-0.0016,-0.0016
10.0237,pi,6.2800,0.0000,-0.0016,-0.0016
10.0287,pi,6.2800,0.0000,-0.0016,-0.0016
10.0337,pi,6.2800,0.0000,-0.0016,-0.0016
10.0387,pi,6.2800,0.0000,-0.0016,-0.0016
10.0437,pi,6.2800,0.0000,-0.0016,-0.0016
10.0487,pi,6.2800,0.0000,-0.0016,-0.0016
10.0537,pi,6.2800,0.0000,-0.0016,-0.0016
10.0588,pi,6.2800,0.0000,-0.0016,-0.0016
10.0637,pi,6.2800,0.0000,-0.0016,-0.0016
10.0687,pi,6.2800,0.0000,-0.0016,-0.0016
10.0737,pi,6.2800,0.0000,-0.0016,-0.0016
10.0787,pi,6.2800,0.0000,-0.0016,-0.0016
10.0837,pi,6.2800,0.0000,-0.0016,-0.0016
10.0888,pi,6.2800,0.0000,-0.0016,-0.0016
10.0938,pi,6.2800,0.0000,-0.0016,-0.0016
10.0988,pi,6.2800,0.0000,-0.0016,-0.0016
10.1037,pi,6.2800,0.0000,-0.0016,-0.0016
10.1087,pi,6.2800,0.0000,-0.0016,-0.0016
10.1138,pi,6.2800,0.0000,-0.0016,-0.0016
10.1188,pi,6.2800,0.0000,-0.0016,-0.0016
10.1243,pi,6.2800,0.0000,-0.0016,-0.0016
10.1291,pi,6.2800,0.0000,-0.0016,-0.0016
10.1338,pi,6.2800,0.0000,-0.0016,-0.0016
10.1387,pi,6.2800,0.0000,-0.0015,-0.0015
10.1438,pi,6.2800,0.0000,-0.0016,-0.0016
10.1489,pi,6.2800,0.0000,-0.0016,-0.0016
10.1538,pi,6.2800,0.0000,-0.0016,-0.0016
10.1587,pi,6.2800,0.0000,-0.0016,-0.0016
10.1637,pi,6.2800,0.0000,-0.0016,-0.0016
10.1687,pi,6.2800,0.0000,-0.0016,-0.0016
10.1738,pi,6.2800,0.0000,-0.0016,-0.0016
10.1787,pi,6.2800,0.0000,-0.0016,-0.0016
10.1837,pi,6.2800,0.0000,-0.0016,-0.0016
10.1888,pi,6.2800,0.0000,-0.0016,-0.0016
10.1937,pi,6.2800,0.0000,-0.0016,-0.0016
10.1988,pi,6.2800,0.0000,-0.0016,-0.0016
10.2037,pi,6.2800,0.0000,-0.0016,-0.0016
10.2087,pi,6.2800,0.0000,-0.0016,-0.0016
10.2137,pi,6.2800,0.0000,-0.0016,-0.0016
10.2187,pi,6.2800,0.0000,-0.0016,-0.0016
10.2237,pi,6.2800,0.0000,-0.0016,-0.0016
10.2287,pi,6.2800,0.0000,-0.0016,-0.0016
10.2337,pi,6.2800,0.0000,-0.0016,-0.0016
10.2387,pi,6.2800,0.0000,-0.0016,-0.0016
10.2437,pi,6.2800,0.0000,-0.0016,-0.0016
10.2487,pi,6.2800,0.0000,-0.0016,-0.0016
10.2537,pi,6.2800,0.0000,-0.0016,-0.0016
10.2588,pi,6.2800,0.0000,-0.0016,-0.0016
10.2637,pi,6.2800,0.0000,-0.0016,-0.0016
10.2687,pi,6.2800,0.0000,-0.0016,-0.0016
10.2738,pi,6.2800,0.0000,-0.0016,-0.0016
10.2787,pi,6.2800,0.0000,-0.0016,-0.0016
10.2837,pi,6.2800,0.0000,-0.0016,-0.0016
10.2887,pi,6.2800,0.0000,-0.0016,-0.0016
10.2937,pi,6.2800,0.0000,-0.0016,-0.0016
10.2988,pi,6.2800,0.0000,-0.0016,-0.0016
10.3038,pi,6.2800,0.0000,-0.0016,-0.0016
10.3088,pi,6.2800,0.0000,-0.0016,-0.0016
10.3138,pi,6.2800,0.0000,-0.0016,-0.0016
10.3188,pi,6.2800,0.0000,-0.0016,-0.0016
10.3241,pi,6.2800,0.0000,-0.0016,-0.0016
10.3289,pi,6.2800,0.0000,-0.0016,-0.0016
10.3340,pi,6.2800,0.0000,-0.0016,-0.0016
10.3387,pi,6.2800,0.0000,-0.0016,-0.0016
10.3436,pi,6.2800,0.0000,-0.0016,-0.0016
10.3488,pi,6.2800,0.0000,-0.0016,-0.0016
10.3537,pi,6.2800,0.0000,-0.0016,-0.0016
10.3588,pi,6.2800,0.0000,-0.0016,-0.0016
10.3637,pi,6.2800,0.0000,-0.0016,-0.0016
10.3688,pi,6.2800,0.0000,-0.0016,-0.0016
10.3737,pi,6.2800,0.0000,-0.0016,-0.0016
10.3787,pi,6.2800,0.0000,-0.0016,-0.0016
10.3838,pi,6.2800,0.0000,-0.0016,-0.0016
10.3889,pi,6.2800,0.0000,-0.0016,-0.0016
10.3937,pi,6.2800,0.0000,-0.0016,-0.0016
10.3990,pi,6.2800,0.0000,-0.0016,-0.0016
10.4038,pi,6.2800,0.0000,-0.0016,-0.0016
10.4090,pi,6.2800,0.0000,-0.0016,-0.0016
10.4137,pi,6.2800,0.0000,-0.0016,-0.0016
10.4187,pi,6.2800,0.0000,-0.0016,-0.0016
10.4237,pi,6.2800,0.0000,-0.0016,-0.0016
10.4287,pi,6.2800,0.0000,-0.0016,-0.0016
10.4337,pi,6.2800,0.0000,-0.0016,-0.0016
10.4387,pi,6.2800,0.0000,-0.0016,-0.0016
10.4437,pi,6.2800,0.0000,-0.0016,-0.0016
10.4487,pi,6.2800,0.0000,-0.0016,-0.0016
10.4537,pi,6.2800,0.0000,-0.0016,-0.0016
10.4587,pi,6.2800,0.0000,-0.0016,-0.0016
10.4637,pi,6.2800,0.0000,-0.0016,-0.0016
10.4687,pi,6.2800,0.0000,-0.0016,-0.0016
10.4737,pi,6.2800,0.0000,-0.0016,-0.0016
10.4787,pi,6.2800,0.0000,-0.0016,-0.0016
10.4837,pi,6.2800,0.0000,-0.0016,-0.0016
10.4887,pi,6.2800,0.0000,-0.0016,-0.0016
10.4937,pi,6.2800,0.0000,-0.0016,-0.0016
10.4987,pi,6.2800,0.0000,-0.0016,-0.0016
10.5037,pi,6.2800,0.0000,-0.0016,-0.0016
10.5087,pi,6.2800,0.0000,-0.0016,-0.0016
10.5138,pi,6.2800,0.0000,-0.0016,-0.0016
10.5187,pi,6.2800,0.0000,-0.0016,-0.0016
10.5238,pi,6.2800,0.0000,-0.0016,-0.0016
10.5287,pi,6.2800,0.0000,-0.0016,-0.0016
10.5337,pi,6.2800,0.0000,-0.0016,-0.0016
10.5387,pi,6.2800,0.0000,-0.0016,-0.0016
10.5437,pi,6.2800,0.0000,-0.0016,-0.0016
10.5488,pi,6.2800,0.0000,-0.0016,-0.0016
10.5537,pi,6.2800,0.0000,-0.0016,-0.0016
10.5587,pi,6.2800,0.0000,-0.0016,-0.0016
10.5638,pi,6.2800,0.0000,-0.0016,-0.0016
10.5688,pi,6.2800,0.0000,-0.0016,-0.0016
10.5737,pi,6.2800,0.0000,-0.0016,-0.0016
10.5787,pi,6.2800,0.0000,-0.0016,-0.0016
10.5837,pi,6.2800,0.0000,-0.0016,-0.0016
10.5887,pi,6.2800,0.0000,-0.0016,-0.0016
10.5938,pi,6.2800,0.0000,-0.0016,-0.0016
10.5987,pi,6.2800,0.0000,-0.0016,-0.0016
10.6038,pi,6.2800,0.0000,-0.0016,-0.0016
10.6087,pi,6.2800,0.0000,-0.0016,-0.0016
10.6138,pi,6.2800,0.0000,-0.0016,-0.0016
10.6187,pi,6.2800,0.0000,-0.0016,-0.0016
10.6238,pi,6.2800,0.0000,-0.0016,-0.0016
10.6287,pi,6.2800,0.0000,-0.0016,-0.0016
10.6337,pi,6.2800,0.0000,-0.0016,-0.0016
10.6387,pi,6.2800,0.0000,-0.0016,-0.0016
10.6438,pi,6.2800,0.0000,-0.0016,-0.0016
10.6487,pi,6.2800,0.0000,-0.0016,-0.0016
10.6537,pi,6.2800,0.0000,-0.0016,-0.0016
10.6587,pi,6.2800,0.0000,-0.0016,-0.0016
10.6637,pi,6.2800,0.0000,-0.0016,-0.0016
10.6687,pi,6.2800,0.0000,-0.0016,-0.0016
10.6737,pi,6.2800,0.0000,-0.0016,-0.0016
10.6787,pi,6.2800,0.0000,-0.0016,-0.0016
10.6837,pi,6.2800,0.0000,-0.0016,-0.0016
10.6888,pi,6.2800,0.0000,-0.0016,-0.0016
10.6937,pi,6.2800,0.0000,-0.0016,-0.0016
10.6987,pi,6.2800,0.0000,-0.0016,-0.0016
10.7037,pi,6.2800,0.0000,-0.0016,-0.0016
10.7087,pi,6.2800,0.0000,-0.0016,-0.0016
10.7137,pi,6.2800,0.0000,-0.0016,-0.0016
10.7187,pi,6.2800,0.0000,-0.0016,-0.0016
10.7237,pi,6.2800,0.0000,-0.0016,-0.0016
10.7287,pi,6.2800,0.0000,-0.0016,-0.0016
10.7337,pi,6.2800,0.0000,-0.0016,-0.0016
10.7388,pi,6.2800,0.0000,-0.0016,-0.0016
10.7439,pi,6.2800,0.0000,-0.0016,-0.0016
10.7487,pi,6.2800,0.0000,-0.0016,-0.0016
10.7537,pi,6.2800,0.0000,-0.0016,-0.0016
10.7587,pi,6.2800,0.0000,-0.0016,-0.0016
10.7637,pi,6.2800,0.0000,-0.0016,-0.0016
10.7688,pi,6.2800,0.0000,-0.0016,-0.0016
10.7737,pi,6.2800,0.0000,-0.0016,-0.0016
10.7787,pi,6.2800,0.0000,-0.0016,-0.0016
10.7837,pi,6.2800,0.0000,-0.0016,-0.0016
10.7887,pi,6.2800,0.0000,-0.0016,-0.0016
10.7938,pi,6.2800,0.0000,-0.0016,-0.0016
10.7988,pi,6.2800,0.0000,-0.0016,-0.0016
10.8037,pi,6.2800,0.0000,-0.0016,-0.0016
10.8087,pi,6.2800,0.0000,-0.0016,-0.0016
10.8137,pi,6.2800,0.0000,-0.0016,-0.0016
10.8188,pi,6.2800,0.0000,-0.0016,-0.0016
10.8238,pi,6.2800,0.0000,-0.0016,-0.0016
10.8288,pi,6.2800,0.0000,-0.0016,-0.0016
10.8336,pi,6.2800,0.0000,-0.0016,-0.0016
10.8387,pi,6.2800,0.0000,-0.0016,-0.0016
10.8437,pi,6.2800,0.0000,-0.0016,-0.0016
10.8487,pi,6.2800,0.0000,-0.0016,-0.0016
10.8537,pi,6.2800,0.0000,-0.0016,-0.0016
10.8587,pi,6.2800,0.0000,-0.0016,-0.0016
10.8637,pi,6.2800,0.0000,-0.0016,-0.0016
10.8688,pi,6.2800,0.0000,-0.0016,-0.0016
10.8737,pi,6.2800,0.0000,-0.0016,-0.0016
10.8787,pi,6.2800,0.0000,-0.0016,-0.0016
10.8837,pi,6.2800,0.0000,-0.0016,-0.0016
10.8887,pi,6.2800,0.0000,-0.0016,-0.0016
10.8938,pi,6.2800,0.0000,-0.0016,-0.0016
10.8987,pi,6.2800,0.0000,-0.0016,-0.0016
10.9038,pi,6.2800,0.0000,-0.0016,-0.0016
10.9087,pi,6.2800,0.0000,-0.0016,-0.0016
10.9137,pi,6.2800,0.0000,-0.0016,-0.0016
10.9187,pi,6.2800,0.0000,-0.0016,-0.0016
10.9237,pi,6.2800,0.0000,-0.0016,-0.0016
10.9287,pi,6.2800,0.0000,-0.0016,-0.0016
10.9337,pi,6.2800,0.0000,-0.0016,-0.0016
10.9387,pi,6.2800,0.0000,-0.0016,-0.0016
10.9437,pi,6.2800,0.0000,-0.0016,-0.0016
10.9487,pi,6.2800,0.0000,-0.0016,-0.0016
10.9538,pi,6.2800,0.0000,-0.0016,-0.0016
10.9587,pi,6.2800,0.0000,-0.0016,-0.0016
10.9638,pi,6.2800,0.0000,-0.0016,-0.0016
10.9687,pi,6.2800,0.0000,-0.0016,-0.0016
10.9737,pi,6.2800,0.0000,-0.0016,-0.0016
10.9787,pi,6.2800,0.0000,-0.0016,-0.0016
10.9838,pi,6.2800,0.0000,-0.0016,-0.0016
10.9887,pi,6.2800,0.0000,-0.0016,-0.0016
10.9937,pi,6.2800,0.0000,-0.0016,-0.0016
10.9988,pi,6.2800,0.0000,-0.0016,-0.0016
11.0037,pi,6.2800,0.0000,-0.0016,-0.0016
11.0088,pi,6.2800,0.0000,-0.0016,-0.0016
11.0137,pi,6.2800,0.0000,-0.0016,-0.0016
11.0187,pi,6.2800,0.0000,-0.0016,-0.0016
11.0238,pi,6.2800,0.0000,-0.0016,-0.0016
11.0288,pi,6.2800,0.0000,-0.0016,-0.0016
11.0337,pi,6.2800,0.0000,-0.0016,-0.0016
11.0387,pi,6.2800,0.0000,-0.0016,-0.0016
11.0438,pi,6.2800,0.0000,-0.0016,-0.0016
11.0487,pi,6.2800,0.0000,-0.0016,-0.0016
11.0537,pi,6.2800,0.0000,-0.0016,-0.0016
11.0587,pi,6.2800,0.0000,-0.0016,-0.0016
11.0637,pi,6.2800,0.0000,-0.0016,-0.0016
11.0687,pi,6.2800,0.0000,-0.0016,-0.0016
11.0738,pi,6.2800,0.0000,-0.0016,-0.0016
11.0787,pi,6.2800,0.0000,-0.0016,-0.0016
11.0837,pi,6.2800,0.0000,-0.0016,-0.0016
11.0887,pi,6.2800,0.0000,-0.0016,-0.0016
11.0938,pi,6.2800,0.0000,-0.0016,-0.0016
11.0987,pi,6.2800,0.0000,-0.0016,-0.0016
11.1037,pi,6.2800,0.0000,-0.0016,-0.0016
11.1087,pi,6.2800,0.0000,-0.0016,-0.0016
11.1138,pi,6.2800,0.0000,-0.0016,-0.0016
11.1188,pi,6.2800,0.0000,-0.0016,-0.0016
11.1239,pi,6.2800,0.0000,-0.0016,-0.0016
11.1287,pi,6.2800,0.0000,-0.0016,-0.0016
11.1337,pi,6.2800,0.0000,-0.0016,-0.0016
11.1387,pi,6.2800,0.0000,-0.0016,-0.0016
11.1437,pi,6.2800,0.0000,-0.0016,-0.0016
11.1487,pi,6.2800,0.0000,-0.0016,-0.0016
11.1537,pi,6.2800,0.0000,-0.0016,-0.0016
11.1587,pi,6.2800,0.0000,-0.0016,-0.0016
11.1637,pi,6.2800,0.0000,-0.0016,-0.0016
11.1688,pi,6.2800,0.0000,-0.0016,-0.0016
11.1738,pi,6.2800,0.0000,-0.0016,-0.0016
11.1787,pi,6.2800,0.0000,-0.0016,-0.0016
11.1837,pi,6.2800,0.0000,-0.0016,-0.0016
11.1887,pi,6.2800,0.0000,-0.0016,-0.0016
11.1937,pi,6.2800,0.0000,-0.0016,-0.0016
11.1987,pi,6.2800,0.0000,-0.0016,-0.0016
11.2037,pi,6.2800,0.0000,-0.0016,-0.0016
11.2087,pi,6.2800,0.0000,-0.0016,-0.0016
11.2137,pi,6.2800,0.0000,-0.0016,-0.0016
11.2187,pi,6.2800,0.0000,-0.0016,-0.0016
11.2238,pi,6.2800,0.0000,-0.0016,-0.0016
11.2287,pi,6.2800,0.0000,-0.0016,-0.0016
11.2337,pi,6.2800,0.0000,-0.0016,-0.0016
11.2387,pi,6.2800,0.0000,-0.0016,-0.0016
11.2439,pi,6.2800,0.0000,-0.0016,-0.0016
11.2488,pi,6.2800,0.0000,-0.0016,-0.0016
11.2546,pi,6.2800,0.0000,-0.0016,-0.0016
11.2600,pi,6.2800,0.0000,-0.0016,-0.0016
11.2641,pi,6.2800,0.0000,-0.0016,-0.0016
11.2687,pi,6.2800,0.0000,-0.0016,-0.0016
11.2740,pi,6.2800,0.0000,-0.0016,-0.0016
11.2788,pi,6.2800,0.0000,-0.0016,-0.0016
11.2836,pi,6.2800,0.0000,-0.0016,-0.0016
11.2887,pi,6.2800,0.0000,-0.0016,-0.0016
11.2937,pi,6.2800,0.0000,-0.0016,-0.0016
11.2988,pi,6.2800,0.0000,-0.0016,-0.0016
11.3041,pi,6.2800,0.0000,-0.0016,-0.0016
11.3097,pi,6.2800,0.0000,-0.0016,-0.0016
11.3144,pi,6.2800,0.0000,-0.0016,-0.0016
11.3197,pi,6.2800,0.0000,-0.0016,-0.0016
11.3242,pi,6.2800,0.0000,-0.0016,-0.0016
11.3294,pi,6.2800,0.0000,-0.0016,-0.0016
11.3343,pi,6.2800,0.0000,-0.0016,-0.0016
11.3390,pi,6.2800,0.0000,-0.0016,-0.0016
11.3438,pi,6.2800,0.0000,-0.0016,-0.0016
11.3488,pi,6.2800,0.0000,-0.0016,-0.0016
11.3538,pi,6.2800,0.0000,-0.0016,-0.0016
11.3588,pi,6.2800,0.0000,-0.0016,-0.0016
11.3639,pi,6.2800,0.0000,-0.0016,-0.0016
11.3688,pi,6.2800,0.0000,-0.0016,-0.0016
11.3739,pi,6.2800,0.0000,-0.0016,-0.0016
11.3788,pi,6.2800,0.0000,-0.0016,-0.0016
11.3840,pi,6.2800,0.0000,-0.0016,-0.0016
11.3890,pi,6.2800,0.0000,-0.0016,-0.0016
11.3943,pi,6.2800,0.0000,-0.0016,-0.0016
11.3995,pi,6.2800,0.0000,-0.0016,-0.0016
11.4046,pi,6.2800,0.0000,-0.0016,-0.0016
11.4090,pi,6.2800,0.0000,-0.0016,-0.0016
11.4145,pi,6.2800,0.0000,-0.0016,-0.0016
11.4194,pi,6.2800,0.0000,-0.0016,-0.0016
11.4244,pi,6.2800,0.0000,-0.0016,-0.0016
11.4294,pi,6.2800,0.0000,-0.0016,-0.0016
11.4344,pi,6.2800,0.0000,-0.0016,-0.0016
11.4393,pi,6.2800,0.0000,-0.0016,-0.0016
11.4444,pi,6.2800,0.0000,-0.0016,-0.0016
11.4494,pi,6.2800,0.0000,-0.0016,-0.0016
11.4541,pi,6.2800,0.0000,-0.0016,-0.0016
11.4588,pi,6.2800,0.0000,-0.0016,-0.0016
11.4637,pi,6.2800,0.0000,-0.0016,-0.0016
11.4687,pi,6.2800,0.0000,-0.0016,-0.0016
11.4737,pi,6.2800,0.0000,-0.0016,-0.0016
11.4788,pi,6.2800,0.0000,-0.0016,-0.0016
11.4839,pi,6.2800,0.0000,-0.0016,-0.0016
11.4887,pi,6.2800,0.0000,-0.0015,-0.0015
11.4938,pi,6.2800,0.0000,-0.0016,-0.0016
11.4987,pi,6.2800,0.0000,-0.0016,-0.0016
11.5037,pi,6.2800,0.0000,-0.0016,-0.0016
11.5087,pi,6.2800,0.0000,-0.0016,-0.0016
11.5138,pi,6.2800,0.0000,-0.0016,-0.0016
11.5187,pi,6.2800,0.0000,-0.0016,-0.0016
11.5237,pi,6.2800,0.0000,-0.0016,-0.0016
11.5287,pi,6.2800,0.0000,-0.0016,-0.0016
11.5337,pi,6.2800,0.0000,-0.0016,-0.0016
11.5388,pi,6.2800,0.0000,-0.0016,-0.0016
11.5438,pi,6.2800,0.0000,-0.0016,-0.0016
11.5487,pi,6.2800,0.0000,-0.0016,-0.0016
11.5538,pi,6.2800,0.0000,-0.0016,-0.0016
11.5588,pi,6.2800,0.0000,-0.0016,-0.0016
11.5638,pi,6.2800,0.0000,-0.0016,-0.0016
11.5687,pi,6.2800,0.0000,-0.0016,-0.0016
11.5738,pi,6.2800,0.0000,-0.0016,-0.0016
11.5787,pi,6.2800,0.0000,-0.0016,-0.0016
11.5837,pi,6.2800,0.0000,-0.0016,-0.0016
11.5887,pi,6.2800,0.0000,-0.0016,-0.0016
11.5937,pi,6.2800,0.0000,-0.0016,-0.0016
11.5988,pi,6.2800,0.0000,-0.0016,-0.0016
11.6037,pi,6.2800,0.0000,-0.0016,-0.0016
11.6087,pi,6.2800,0.0000,-0.0016,-0.0016
11.6137,pi,6.2800,0.0000,-0.0016,-0.0016
11.6187,pi,6.2800,0.0000,-0.0016,-0.0016
11.6237,pi,6.2800,0.0000,-0.0016,-0.0016
11.6287,pi,6.2800,0.0000,-0.0016,-0.0016
11.6337,pi,6.2800,0.0000,-0.0016,-0.0016
11.6387,pi,6.2800,0.0000,-0.0016,-0.0016
11.6437,pi,6.2800,0.0000,-0.0016,-0.0016
11.6488,pi,6.2800,0.0000,-0.0016,-0.0016
11.6537,pi,6.2800,0.0000,-0.0016,-0.0016
11.6588,pi,6.2800,0.0000,-0.0016,-0.0016
11.6637,pi,6.2800,0.0000,-0.0016,-0.0016
11.6688,pi,6.2800,0.0000,-0.0016,-0.0016
11.6737,pi,6.2800,0.0000,-0.0016,-0.0016
11.6787,pi,6.2800,0.0000,-0.0016,-0.0016
11.6837,pi,6.2800,0.0000,-0.0016,-0.0016
11.6888,pi,6.2800,0.0000,-0.0016,-0.0016
11.6937,pi,6.2800,0.0000,-0.0016,-0.0016
11.6987,pi,6.2800,0.0000,-0.0016,-0.0016
11.7038,pi,6.2800,0.0000,-0.0016,-0.0016
11.7087,pi,6.2800,0.0000,-0.0016,-0.0016
11.7137,pi,6.2800,0.0000,-0.0016,-0.0016
11.7187,pi,6.2800,0.0000,-0.0016,-0.0016
11.7237,pi,6.2800,0.0000,-0.0016,-0.0016
11.7287,pi,6.2800,0.0000,-0.0016,-0.0016
11.7337,pi,6.2800,0.0000,-0.0016,-0.0016
11.7387,pi,6.2800,0.0000,-0.0016,-0.0016
11.7437,pi,6.2800,0.0000,-0.0016,-0.0016
11.7488,pi,6.2800,0.0000,-0.0016,-0.0016
11.7537,pi,6.2800,0.0000,-0.0016,-0.0016
11.7587,pi,6.2800,0.0000,-0.0016,-0.0016
11.7637,pi,6.2800,0.0000,-0.0016,-0.0016
11.7688,pi,6.2800,0.0000,-0.0016,-0.0016
11.7737,pi,6.2800,0.0000,-0.0016,-0.0016
11.7788,pi,6.2800,0.0000,-0.0016,-0.0016
11.7837,pi,6.2800,0.0000,-0.0016,-0.0016
11.7887,pi,6.2800,0.0000,-0.0016,-0.0016
11.7937,pi,6.2800,0.0000,-0.0016,-0.0016
11.7987,pi,6.2800,0.0000,-0.0016,-0.0016
11.8038,pi,6.2800,0.0000,-0.0016,-0.0016
11.8087,pi,6.2800,0.0000,-0.0016,-0.0016
11.8138,pi,6.2800,0.0000,-0.0016,-0.0016
11.8187,pi,6.2800,0.0000,-0.0016,-0.0016
11.8237,pi,6.2800,0.0000,-0.0016,-0.0016
11.8287,pi,6.2800,0.0000,-0.0016,-0.0016
11.8337,pi,6.2800,0.0000,-0.0016,-0.0016
11.8387,pi,6.2800,0.0000,-0.0016,-0.0016
11.8438,pi,6.2800,0.0000,-0.0016,-0.0016
11.8487,pi,6.2800,0.0000,-0.0016,-0.0016
11.8537,pi,6.2800,0.0000,-0.0016,-0.0016
11.8588,pi,6.2800,0.0000,-0.0016,-0.0016
11.8637,pi,6.2800,0.0000,-0.0016,-0.0016
11.8687,pi,6.2800,0.0000,-0.0016,-0.0016
11.8738,pi,6.2800,0.0000,-0.0016,-0.0016
11.8787,pi,6.2800,0.0000,-0.0016,-0.0016
11.8838,pi,6.2800,0.0000,-0.0016,-0.0016
11.8887,pi,6.2800,0.0000,-0.0016,-0.0016
11.8938,pi,6.2800,0.0000,-0.0016,-0.0016
11.8987,pi,6.2800,0.0000,-0.0016,-0.0016
11.9038,pi,6.2800,0.0000,-0.0016,-0.0016
11.9087,pi,6.2800,0.0000,-0.0016,-0.0016
11.9138,pi,6.2800,0.0000,-0.0016,-0.0016
11.9187,pi,6.2800,0.0000,-0.0016,-0.0016
11.9237,pi,6.2800,0.0000,-0.0016,-0.0016
11.9287,pi,6.2800,0.0000,-0.0016,-0.0016
11.9337,pi,6.2800,0.0000,-0.0016,-0.0016
11.9387,pi,6.2800,0.0000,-0.0016,-0.0016
11.9437,pi,6.2800,0.0000,-0.0016,-0.0016
11.9487,pi,6.2800,0.0000,-0.0016,-0.0016
11.9538,pi,6.2800,0.0000,-0.0016,-0.0016
11.9587,pi,6.2800,0.0000,-0.0016,-0.0016
11.9637,pi,6.2800,0.0000,-0.0016,-0.0016
11.9688,pi,6.2800,0.0000,-0.0016,-0.0016
11.9737,pi,6.2800,0.0000,-0.0016,-0.0016
11.9787,pi,6.2800,0.0000,-0.0016,-0.0016
11.9837,pi,6.2800,0.0000,-0.0016,-0.0016
11.9887,pi,6.2800,0.0000,-0.0016,-0.0016
11.9938,pi,6.2800,0.0000,-0.0016,-0.0016
11.9987,pi,6.2800,0.0000,-0.0016,-0.0016
12.0037,pi,6.2800,0.0000,-0.0016,-0.0016
12.0087,pi,6.2800,0.0000,-0.0016,-0.0016
12.0137,pi,6.2800,0.0000,-0.0016,-0.0016
12.0187,pi,6.2800,0.0000,-0.0016,-0.0016
12.0237,pi,6.2800,0.0000,-0.0016,-0.0016
12.0288,pi,6.2800,0.0000,-0.0016,-0.0016
12.0337,pi,6.2800,0.0000,-0.0016,-0.0016
12.0387,pi,6.2800,0.0000,-0.0016,-0.0016
12.0437,pi,6.2800,0.0000,-0.0016,-0.0016
12.0487,pi,6.2800,0.0000,-0.0016,-0.0016
12.0537,pi,6.2800,0.0000,-0.0016,-0.0016
12.0587,pi,6.2800,0.0000,-0.0016,-0.0016
12.0637,pi,6.2800,0.0000,-0.0016,-0.0016
12.0687,pi,6.2800,0.0000,-0.0016,-0.0016
12.0737,pi,6.2800,0.0000,-0.0016,-0.0016
12.0788,pi,6.2800,0.0000,-0.0016,-0.0016
12.0837,pi,6.2800,0.0000,-0.0016,-0.0016
12.0887,pi,6.2800,0.0000,-0.0016,-0.0016
12.0937,pi,6.2800,0.0000,-0.0016,-0.0016
12.0988,pi,6.2800,0.0000,-0.0016,-0.0016
12.1037,pi,6.2800,0.0000,-0.0016,-0.0016
12.1087,pi,6.2800,0.0000,-0.0016,-0.0016
12.1137,pi,6.2800,0.0000,-0.0016,-0.0016
12.1187,pi,6.2800,0.0000,-0.0016,-0.0016
12.1238,pi,6.2800,0.0000,-0.0016,-0.0016
12.1289,pi,6.2800,0.0000,-0.0016,-0.0016
12.1338,pi,6.2800,0.0000,-0.0016,-0.0016
12.1387,pi,6.2800,0.0000,-0.0016,-0.0016
12.1437,pi,6.2800,0.0000,-0.0016,-0.0016
12.1487,pi,6.2800,0.0000,-0.0016,-0.0016
12.1537,pi,6.2800,0.0000,-0.0016,-0.0016
12.1587,pi,6.2800,0.0000,-0.0016,-0.0016
12.1637,pi,6.2800,0.0000,-0.0016,-0.0016
12.1688,pi,6.2800,0.0000,-0.0016,-0.0016
12.1737,pi,6.2800,0.0000,-0.0016,-0.0016
12.1787,pi,6.2800,0.0000,-0.0016,-0.0016
12.1837,pi,6.2800,0.0000,-0.0016,-0.0016
12.1887,pi,6.2800,0.0000,-0.0016,-0.0016
12.1937,pi,6.2800,0.0000,-0.0016,-0.0016
12.1988,pi,6.2800,0.0000,-0.0016,-0.0016
12.2037,pi,6.2800,0.0000,-0.0016,-0.0016
12.2087,pi,6.2800,0.0000,-0.0016,-0.0016
12.2137,pi,6.2800,0.0000,-0.0016,-0.0016
12.2187,pi,6.2800,0.0000,-0.0016,-0.0016
12.2237,pi,6.2800,0.0000,-0.0016,-0.0016
12.2288,pi,6.2800,0.0000,-0.0016,-0.0016
12.2337,pi,6.2800,0.0000,-0.0016,-0.0016
12.2389,pi,6.2800,0.0000,-0.0016,-0.0016
12.2438,pi,6.2800,0.0000,-0.0016,-0.0016
12.2491,pi,6.2800,0.0000,-0.0016,-0.0016
12.2539,pi,6.2800,0.0000,-0.0016,-0.0016
12.2587,pi,6.2800,0.0000,-0.0016,-0.0016
12.2636,pi,6.2800,0.0000,-0.0016,-0.0016
12.2687,pi,6.2800,0.0000,-0.0016,-0.0016
12.2738,pi,6.2800,0.0000,-0.0016,-0.0016
12.2787,pi,6.2800,0.0000,-0.0016,-0.0016
12.2838,pi,6.2800,0.0000,-0.0016,-0.0016
12.2887,pi,6.2800,0.0000,-0.0016,-0.0016
12.2939,pi,6.2800,0.0000,-0.0016,-0.0016
12.2989,pi,6.2800,0.0000,-0.0016,-0.0016
12.3037,pi,6.2800,0.0000,-0.0016,-0.0016
12.3087,pi,6.2800,0.0000,-0.0016,-0.0016
12.3137,pi,6.2800,0.0000,-0.0016,-0.0016
12.3187,pi,6.2800,0.0000,-0.0016,-0.0016
12.3237,pi,6.2800,0.0000,-0.0016,-0.0016
12.3287,pi,6.2800,0.0000,-0.0016,-0.0016
12.3337,pi,6.2800,0.0000,-0.0016,-0.0016
12.3387,pi,6.2800,0.0000,-0.0016,-0.0016
12.3437,pi,6.2800,0.0000,-0.0016,-0.0016
12.3487,pi,6.2800,0.0000,-0.0016,-0.0016
12.3537,pi,6.2800,0.0000,-0.0016,-0.0016
12.3587,pi,6.2800,0.0000,-0.0016,-0.0016
12.3637,pi,6.2800,0.0000,-0.0016,-0.0016
12.3687,pi,6.2800,0.0000,-0.0016,-0.0016
12.3738,pi,6.2800,0.0000,-0.0016,-0.0016
12.3787,pi,6.2800,0.0000,-0.0016,-0.0016
12.3838,pi,6.2800,0.0000,-0.0016,-0.0016
12.3887,pi,6.2800,0.0000,-0.0016,-0.0016
12.3936,pi,6.2800,0.0000,-0.0016,-0.0016
12.3987,pi,6.2800,0.0000,-0.0016,-0.0016
12.4038,pi,6.2800,0.0000,-0.0016,-0.0016
12.4087,pi,6.2800,0.0000,-0.0016,-0.0016
12.4137,pi,6.2800,0.0000,-0.0016,-0.0016
12.4187,pi,6.2800,0.0000,-0.0016,-0.0016
12.4237,pi,6.2800,0.0000,-0.0016,-0.0016
12.4287,pi,6.2800,0.0000,-0.0016,-0.0016
12.4337,pi,6.2800,0.0000,-0.0016,-0.0016
12.4388,pi,6.2800,0.0000,-0.0016,-0.0016
12.4441,pi,6.2800,0.0000,-0.0016,-0.0016
12.4494,pi,6.2800,0.0000,-0.0016,-0.0016
12.4540,pi,6.2800,0.0000,-0.0016,-0.0016
12.4591,pi,6.2800,0.0000,-0.0016,-0.0016
12.4648,pi,6.2800,0.0000,-0.0016,-0.0016
12.4699,pi,6.2800,0.0000,-0.0016,-0.0016
12.4753,pi,6.2800,0.0000,-0.0016,-0.0016
12.4805,pi,6.2800,0.0000,-0.0016,-0.0016
12.4861,pi,6.2800,0.0000,-0.0017,-0.0017
12.4910,pi,6.2800,0.0000,-0.0015,-0.0015
12.4955,pi,6.2800,0.0000,-0.0016,-0.0016
12.5000,pi,6.2800,0.0000,-0.0016,-0.0016
12.5045,pi,6.2800,0.0000,-0.0016,-0.0016
12.5089,pi,6.2800,0.0000,-0.0016,-0.0016
12.5145,pi,6.2800,0.0000,-0.0016,-0.0016
12.5189,pi,6.2800,0.0000,-0.0016,-0.0016
12.5238,pi,6.2800,0.0000,-0.0016,-0.0016
12.5287,pi,6.2800,0.0000,-0.0016,-0.0016
12.5337,pi,6.2800,0.0000,-0.0016,-0.0016
12.5387,pi,6.2800,0.0000,-0.0016,-0.0016
12.5437,pi,6.2800,0.0000,-0.0016,-0.0016
12.5487,pi,6.2800,0.0000,-0.0016,-0.0016
12.5537,pi,6.2800,0.0000,-0.0016,-0.0016
12.5587,pi,6.2800,0.0000,-0.0016,-0.0016
12.5637,pi,6.2800,0.0000,-0.0016,-0.0016
12.5687,pi,6.2800,0.0000,-0.0016,-0.0016
12.5737,pi,6.2800,0.0000,-0.0016,-0.0016
12.5787,pi,6.2800,0.0000,-0.0016,-0.0016
12.5837,pi,6.2800,0.0000,-0.0016,-0.0016
12.5887,pi,6.2800,0.0000,-0.0016,-0.0016
12.5937,pi,6.2800,0.0000,-0.0016,-0.0016
12.5988,pi,6.2800,0.0000,-0.0016,-0.0016
12.6037,pi,6.2800,0.0000,-0.0016,-0.0016
12.6087,pi,6.2800,0.0000,-0.0016,-0.0016
12.6137,pi,6.2800,0.0000,-0.0016,-0.0016
12.6188,pi,6.2800,0.0000,-0.0016,-0.0016
12.6237,pi,6.2800,0.0000,-0.0016,-0.0016
12.6287,pi,6.2800,0.0000,-0.0016,-0.0016
12.6337,pi,6.2800,0.0000,-0.0016,-0.0016
12.6387,pi,6.2800,0.0000,-0.0016,-0.0016
12.6437,pi,6.2800,0.0000,-0.0016,-0.0016
12.6487,pi,6.2800,0.0000,-0.0016,-0.0016
12.6537,pi,6.2800,0.0000,-0.0016,-0.0016
12.6587,pi,6.2800,0.0000,-0.0016,-0.0016
12.6637,pi,6.2800,0.0000,-0.0016,-0.0016
12.6687,pi,6.2800,0.0000,-0.0016,-0.0016
12.6737,pi,6.2800,0.0000,-0.0016,-0.0016
12.6787,pi,6.2800,0.0000,-0.0016,-0.0016
12.6837,pi,6.2800,0.0000,-0.0016,-0.0016
12.6887,pi,6.2800,0.0000,-0.0016,-0.0016
12.6937,pi,6.2800,0.0000,-0.0016,-0.0016
12.6987,pi,6.2800,0.0000,-0.0016,-0.0016
12.7037,pi,6.2800,0.0000,-0.0016,-0.0016
12.7087,pi,6.2800,0.0000,-0.0016,-0.0016
12.7137,pi,6.2800,0.0000,-0.0016,-0.0016
12.7187,pi,6.2800,0.0000,-0.0016,-0.0016
12.7237,pi,6.2800,0.0000,-0.0016,-0.0016
12.7287,pi,6.2800,0.0000,-0.0016,-0.0016
12.7337,pi,6.2800,0.0000,-0.0016,-0.0016
12.7387,pi,6.2800,0.0000,-0.0016,-0.0016
12.7437,pi,6.2800,0.0000,-0.0016,-0.0016
12.7487,pi,6.2800,0.0000,-0.0016,-0.0016
12.7537,pi,6.2800,0.0000,-0.0016,-0.0016
12.7587,pi,6.2800,0.0000,-0.0016,-0.0016
12.7637,pi,6.2800,0.0000,-0.0016,-0.0016
12.7687,pi,6.2800,0.0000,-0.0016,-0.0016
12.7737,pi,6.2800,0.0000,-0.0016,-0.0016
12.7787,pi,6.2800,0.0000,-0.0016,-0.0016
12.7837,pi,6.2800,0.0000,-0.0016,-0.0016
12.7887,pi,6.2800,0.0000,-0.0016,-0.0016
12.7938,pi,6.2800,0.0000,-0.0016,-0.0016
12.7987,pi,6.2800,0.0000,-0.0016,-0.0016
12.8037,pi,6.2800,0.0000,-0.0016,-0.0016
12.8087,pi,6.2800,0.0000,-0.0016,-0.0016
12.8137,pi,6.2800,0.0000,-0.0016,-0.0016
12.8187,pi,6.2800,0.0000,-0.0016,-0.0016
12.8238,pi,6.2800,0.0000,-0.0016,-0.0016
12.8287,pi,6.2800,0.0000,-0.0016,-0.0016
12.8337,pi,6.2800,0.0000,-0.0016,-0.0016
12.8387,pi,6.2800,0.0000,-0.0016,-0.0016
12.8437,pi,6.2800,0.0000,-0.0016,-0.0016
12.8487,pi,6.2800,0.0000,-0.0016,-0.0016
12.8537,pi,6.2800,0.0000,-0.0016,-0.0016
12.8587,pi,6.2800,0.0000,-0.0016,-0.0016
12.8637,pi,6.2800,0.0000,-0.0016,-0.0016
12.8687,pi,6.2800,0.0000,-0.0016,-0.0016
12.8737,pi,6.2800,0.0000,-0.0016,-0.0016
12.8787,pi,6.2800,0.0000,-0.0016,-0.0016
12.8837,pi,6.2800,0.0000,-0.0016,-0.0016
12.8887,pi,6.2800,0.0000,-0.0016,-0.0016
12.8937,pi,6.2800,0.0000,-0.0016,-0.0016
12.8988,pi,6.2800,0.0000,-0.0016,-0.0016
12.9037,pi,6.2800,0.0000,-0.0016,-0.0016
12.9087,pi,6.2800,0.0000,-0.0016,-0.0016
12.9137,pi,6.2800,0.0000,-0.0016,-0.0016
12.9187,pi,6.2800,0.0000,-0.0016,-0.0016
12.9237,pi,6.2800,0.0000,-0.0016,-0.0016
12.9287,pi,6.2800,0.0000,-0.0016,-0.0016
12.9337,pi,6.2800,0.0000,-0.0016,-0.0016
12.9387,pi,6.2800,0.0000,-0.0016,-0.0016
12.9437,pi,6.2800,0.0000,-0.0016,-0.0016
12.9487,pi,6.2800,0.0000,-0.0016,-0.0016
12.9537,pi,6.2800,0.0000,-0.0016,-0.0016
12.9587,pi,6.2800,0.0000,-0.0016,-0.0016
12.9637,pi,6.2800,0.0000,-0.0016,-0.0016
12.9688,pi,6.2800,0.0000,-0.0016,-0.0016
12.9737,pi,6.2800,0.0000,-0.0016,-0.0016
12.9787,pi,6.2800,0.0000,-0.0016,-0.0016
12.9837,pi,6.2800,0.0000,-0.0016,-0.0016
12.9888,pi,6.2800,0.0000,-0.0016,-0.0016
12.9937,pi,6.2800,0.0000,-0.0016,-0.0016
12.9987,pi,6.2800,0.0000,-0.0016,-0.0016
13.0037,pi,6.2800,0.0000,-0.0016,-0.0016
13.0087,pi,6.2800,0.0000,-0.0016,-0.0016
13.0137,pi,6.2800,0.0000,-0.0016,-0.0016
13.0187,pi,6.2800,0.0000,-0.0016,-0.0016
13.0237,pi,6.2800,0.0000,-0.0016,-0.0016
13.0287,pi,6.2800,0.0000,-0.0016,-0.0016
13.0337,pi,6.2800,0.0000,-0.0016,-0.0016
13.0387,pi,6.2800,0.0000,-0.0016,-0.0016
13.0438,pi,6.2800,0.0000,-0.0016,-0.0016
13.0487,pi,6.2800,0.0000,-0.0016,-0.0016
13.0537,pi,6.2800,0.0000,-0.0016,-0.0016
13.0587,pi,6.2800,0.0000,-0.0016,-0.0016
13.0637,pi,6.2800,0.0000,-0.0016,-0.0016
13.0687,pi,6.2800,0.0000,-0.0016,-0.0016
13.0737,pi,6.2800,0.0000,-0.0016,-0.0016
13.0788,pi,6.2800,0.0000,-0.0016,-0.0016
13.0837,pi,6.2800,0.0000,-0.0016,-0.0016
13.0888,pi,6.2800,0.0000,-0.0016,-0.0016
13.0937,pi,6.2800,0.0000,-0.0016,-0.0016
13.0987,pi,6.2800,0.0000,-0.0016,-0.0016
13.1037,pi,6.2800,0.0000,-0.0016,-0.0016
13.1087,pi,6.2800,0.0000,-0.0016,-0.0016
13.1137,pi,6.2800,0.0000,-0.0016,-0.0016
13.1187,pi,6.2800,0.0000,-0.0016,-0.0016
13.1238,pi,6.2800,0.0000,-0.0016,-0.0016
13.1292,pi,6.2800,0.0000,-0.0016,-0.0016
13.1340,pi,6.2800,0.0000,-0.0016,-0.0016
13.1387,pi,6.2800,0.0000,-0.0016,-0.0016
13.1437,pi,6.2800,0.0000,-0.0016,-0.0016
13.1488,pi,6.2800,0.0000,-0.0016,-0.0016
13.1538,pi,6.2800,0.0000,-0.0016,-0.0016
13.1587,pi,6.2800,0.0000,-0.0016,-0.0016
13.1638,pi,6.2800,0.0000,-0.0016,-0.0016
13.1688,pi,6.2800,0.0000,-0.0016,-0.0016
13.1738,pi,6.2800,0.0000,-0.0016,-0.0016
13.1788,pi,6.2800,0.0000,-0.0016,-0.0016
13.1837,pi,6.2800,0.0000,-0.0016,-0.0016
13.1887,pi,6.2800,0.0000,-0.0016,-0.0016
13.1937,pi,6.2800,0.0000,-0.0016,-0.0016
13.1987,pi,6.2800,0.0000,-0.0016,-0.0016
13.2037,pi,6.2800,0.0000,-0.0016,-0.0016
13.2088,pi,6.2800,0.0000,-0.0016,-0.0016
13.2137,pi,6.2800,0.0000,-0.0016,-0.0016
13.2187,pi,6.2800,0.0000,-0.0016,-0.0016
13.2238,pi,6.2800,0.0000,-0.0016,-0.0016
13.2287,pi,6.2800,0.0000,-0.0016,-0.0016
13.2337,pi,6.2800,0.0000,-0.0016,-0.0016
13.2387,pi,6.2800,0.0000,-0.0016,-0.0016
13.2439,pi,6.2800,0.0000,-0.0016,-0.0016
13.2488,pi,6.2800,0.0000,-0.0016,-0.0016
13.2537,pi,6.2800,0.0000,-0.0016,-0.0016
13.2587,pi,6.2800,0.0000,-0.0016,-0.0016
13.2637,pi,6.2800,0.0000,-0.0016,-0.0016
13.2687,pi,6.2800,0.0000,-0.0016,-0.0016
13.2737,pi,6.2800,0.0000,-0.0016,-0.0016
13.2787,pi,6.2800,0.0000,-0.0016,-0.0016
13.2837,pi,6.2800,0.0000,-0.0016,-0.0016
13.2887,pi,6.2800,0.0000,-0.0016,-0.0016
13.2937,pi,6.2800,0.0000,-0.0016,-0.0016
13.2987,pi,6.2800,0.0000,-0.0016,-0.0016
13.3038,pi,6.2800,0.0000,-0.0016,-0.0016
13.3088,pi,6.2800,0.0000,-0.0016,-0.0016
13.3138,pi,6.2800,0.0000,-0.0016,-0.0016
13.3187,pi,6.2800,0.0000,-0.0016,-0.0016
13.3237,pi,6.2800,0.0000,-0.0016,-0.0016
13.3287,pi,6.2800,0.0000,-0.0016,-0.0016
13.3337,pi,6.2800,0.0000,-0.0016,-0.0016
13.3387,pi,6.2800,0.0000,-0.0016,-0.0016
13.3437,pi,6.2800,0.0000,-0.0016,-0.0016
13.3487,pi,6.2800,0.0000,-0.0016,-0.0016
13.3537,pi,6.2800,0.0000,-0.0016,-0.0016
13.3587,pi,6.2800,0.0000,-0.0016,-0.0016
13.3638,pi,6.2800,0.0000,-0.0016,-0.0016
13.3687,pi,6.2800,0.0000,-0.0016,-0.0016
13.3738,pi,6.2800,0.0000,-0.0016,-0.0016
13.3787,pi,6.2800,0.0000,-0.0016,-0.0016
13.3838,pi,6.2800,0.0000,-0.0016,-0.0016
13.3887,pi,6.2800,0.0000,-0.0016,-0.0016
13.3937,pi,6.2800,0.0000,-0.0016,-0.0016
13.3987,pi,6.2800,0.0000,-0.0016,-0.0016
13.4038,pi,6.2800,0.0000,-0.0016,-0.0016
13.4087,pi,6.2800,0.0000,-0.0016,-0.0016
13.4137,pi,6.2800,0.0000,-0.0016,-0.0016
13.4187,pi,6.2800,0.0000,-0.0016,-0.0016
13.4238,pi,6.2800,0.0000,-0.0016,-0.0016
13.4290,pi,6.2800,0.0000,-0.0016,-0.0016
13.4349,pi,6.2800,0.0000,-0.0016,-0.0016
13.4398,pi,6.2800,0.0000,-0.0015,-0.0015
13.4447,pi,6.2800,0.0000,-0.0016,-0.0016
13.4505,pi,6.2800,0.0000,-0.0016,-0.0016
13.4571,pi,6.2800,0.0000,-0.0016,-0.0016
13.4623,pi,6.2800,0.0000,-0.0016,-0.0016
13.4678,pi,6.2800,0.0000,-0.0016,-0.0016
13.4738,pi,6.2800,0.0000,-0.0016,-0.0016
13.4787,pi,6.2800,0.0000,-0.0016,-0.0016
13.4836,pi,6.2800,0.0000,-0.0015,-0.0015
13.4905,pi,6.2800,0.0000,-0.0015,-0.0015
13.4973,pi,6.2800,0.0000,-0.0016,-0.0016
13.5021,pi,6.2800,0.0000,-0.0016,-0.0016
13.5073,pi,6.2800,0.0000,-0.0016,-0.0016
13.5120,pi,6.2800,0.0000,-0.0025,-0.0025
13.5177,pi,6.2800,0.0000,-0.0006,-0.0006
13.5226,pi,6.2800,0.0000,-0.0016,-0.0016
13.5272,pi,6.2800,0.0000,-0.0016,-0.0016
13.5336,pi,6.2800,0.0000,-0.0015,-0.0015
13.5406,pi,6.2800,0.0000,-0.0021,-0.0021
13.5455,pi,6.2800,0.0000,-0.0011,-0.0011
13.5525,pi,6.2800,0.0000,-0.0016,-0.0016
13.5573,pi,6.2800,0.0000,-0.0015,-0.0015
13.5624,pi,6.2800,0.0000,-0.0016,-0.0016
13.5687,pi,6.2800,0.0000,-0.0021,-0.0021
13.5755,pi,6.2800,0.0000,-0.0016,-0.0016
13.5809,pi,6.2800,0.0000,-0.0011,-0.0011
13.5858,pi,6.2800,0.0000,-0.0016,-0.0016
13.5906,pi,6.2800,0.0000,-0.0024,-0.0024
13.5954,pi,6.2800,0.0000,-0.0007,-0.0007
13.5996,pi,6.2800,0.0000,-0.0016,-0.0016
13.6037,pi,6.2800,0.0000,-0.0016,-0.0016
13.6077,pi,6.2800,0.0000,-0.0016,-0.0016
13.6118,pi,6.2800,0.0000,-0.0016,-0.0016
13.6159,pi,6.2800,0.0000,-0.0016,-0.0016
13.6199,pi,6.2800,0.0000,-0.0016,-0.0016
13.6239,pi,6.2800,0.0000,-0.0016,-0.0016
13.6281,pi,6.2800,0.0000,-0.0015,-0.0015
13.6320,pi,6.2800,0.0000,-0.0016,-0.0016
13.6359,pi,6.2800,0.0000,-0.0015,-0.0015
13.6399,pi,6.2800,0.0000,-0.0016,-0.0016
13.6439,pi,6.2800,0.0000,-0.0016,-0.0016
13.6478,pi,6.2800,0.0000,-0.0016,-0.0016
13.6518,pi,6.2800,0.0000,-0.0016,-0.0016
13.6557,pi,6.2800,0.0000,-0.0016,-0.0016
13.6597,pi,6.2800,0.0000,-0.0016,-0.0016
13.6644,pi,6.2800,0.0000,-0.0016,-0.0016
13.6689,pi,6.2800,0.0000,-0.0016,-0.0016
13.6740,pi,6.2800,0.0000,-0.0016,-0.0016
13.6788,pi,6.2800,0.0000,-0.0015,-0.0015
13.6838,pi,6.2800,0.0000,-0.0016,-0.0016
13.6888,pi,6.2800,0.0000,-0.0016,-0.0016
13.6938,pi,6.2800,0.0000,-0.0016,-0.0016
13.6988,pi,6.2800,0.0000,-0.0016,-0.0016
13.7038,pi,6.2800,0.0000,-0.0016,-0.0016
13.7088,pi,6.2800,0.0000,-0.0016,-0.0016
13.7137,pi,6.2800,0.0000,-0.0016,-0.0016
13.7188,pi,6.2800,0.0000,-0.0016,-0.0016
13.7238,pi,6.2800,0.0000,-0.0016,-0.0016
13.7288,pi,6.2800,0.0000,-0.0016,-0.0016
13.7338,pi,6.2800,0.0000,-0.0016,-0.0016
13.7388,pi,6.2800,0.0000,-0.0016,-0.0016
13.7438,pi,6.2800,0.0000,-0.0016,-0.0016
13.7488,pi,6.2800,0.0000,-0.0016,-0.0016
13.7538,pi,6.2800,0.0000,-0.0016,-0.0016
13.7587,pi,6.2800,0.0000,-0.0016,-0.0016
13.7638,pi,6.2800,0.0000,-0.0016,-0.0016
13.7688,pi,6.2800,0.0000,-0.0016,-0.0016
13.7738,pi,6.2800,0.0000,-0.0016,-0.0016
13.7788,pi,6.2800,0.0000,-0.0016,-0.0016
13.7837,pi,6.2800,0.0000,-0.0016,-0.0016
13.7888,pi,6.2800,0.0000,-0.0016,-0.0016
13.7938,pi,6.2800,0.0000,-0.0016,-0.0016
13.7988,pi,6.2800,0.0000,-0.0016,-0.0016
13.8038,pi,6.2800,0.0000,-0.0016,-0.0016
13.8088,pi,6.2800,0.0000,-0.0016,-0.0016
13.8138,pi,6.2800,0.0000,-0.0016,-0.0016
13.8188,pi,6.2800,0.0000,-0.0016,-0.0016
13.8238,pi,6.2800,0.0000,-0.0016,-0.0016
13.8288,pi,6.2800,0.0000,-0.0016,-0.0016
13.8337,pi,6.2800,0.0000,-0.0016,-0.0016
13.8388,pi,6.2800,0.0000,-0.0016,-0.0016
13.8438,pi,6.2800,0.0000,-0.0016,-0.0016
13.8488,pi,6.2800,0.0000,-0.0016,-0.0016
13.8538,pi,6.2800,0.0000,-0.0016,-0.0016
13.8588,pi,6.2800,0.0000,-0.0016,-0.0016
13.8638,pi,6.2800,0.0000,-0.0016,-0.0016
13.8688,pi,6.2800,0.0000,-0.0016,-0.0016
13.8738,pi,6.2800,0.0000,-0.0016,-0.0016
13.8788,pi,6.2800,0.0000,-0.0016,-0.0016
13.8837,pi,6.2800,0.0000,-0.0016,-0.0016
13.8888,pi,6.2800,0.0000,-0.0016,-0.0016
13.8938,pi,6.2800,0.0000,-0.0016,-0.0016
13.8988,pi,6.2800,0.0000,-0.0016,-0.0016
13.9037,pi,6.2800,0.0000,-0.0016,-0.0016
13.9088,pi,6.2800,0.0000,-0.0016,-0.0016
13.9138,pi,6.2800,0.0000,-0.0016,-0.0016
13.9187,pi,6.2800,0.0000,-0.0016,-0.0016
13.9239,pi,6.2800,0.0000,-0.0016,-0.0016
13.9288,pi,6.2800,0.0000,-0.0016,-0.0016
13.9338,pi,6.2800,0.0000,-0.0016,-0.0016
13.9388,pi,6.2800,0.0000,-0.0016,-0.0016
13.9438,pi,6.2800,0.0000,-0.0016,-0.0016
13.9488,pi,6.2800,0.0000,-0.0016,-0.0016
13.9538,pi,6.2800,0.0000,-0.0016,-0.0016
13.9588,pi,6.2800,0.0000,-0.0016,-0.0016
13.9637,pi,6.2800,0.0000,-0.0016,-0.0016
13.9688,pi,6.2800,0.0000,-0.0016,-0.0016
13.9740,pi,6.2800,0.0000,-0.0016,-0.0016
13.9788,pi,6.2800,0.0000,-0.0016,-0.0016
13.9838,pi,6.2800,0.0000,-0.0016,-0.0016
13.9888,pi,6.2800,0.0000,-0.0016,-0.0016
13.9938,pi,6.2800,0.0000,-0.0016,-0.0016
13.9988,pi,6.2800,0.0000,-0.0016,-0.0016
14.0038,pi,6.2800,0.0000,-0.0016,-0.0016
14.0088,pi,6.2800,0.0000,-0.0016,-0.0016
14.0139,pi,6.2800,0.0000,-0.0016,-0.0016
14.0188,pi,6.2800,0.0000,-0.0016,-0.0016
14.0244,pi,6.2800,0.0000,-0.0017,-0.0017
14.0291,pi,6.2800,0.0000,-0.0015,-0.0015
14.0350,pi,6.2800,0.0000,-0.0016,-0.0016
14.0390,pi,6.2800,0.0000,-0.0016,-0.0016
14.0437,pi,6.2800,0.0000,-0.0016,-0.0016
14.0487,pi,6.2800,0.0000,-0.0016,-0.0016
14.0537,pi,6.2800,0.0000,-0.0016,-0.0016
14.0587,pi,6.2800,0.0000,-0.0016,-0.0016
14.0637,pi,6.2800,0.0000,-0.0016,-0.0016
14.0687,pi,6.2800,0.0000,-0.0016,-0.0016
14.0737,pi,6.2800,0.0000,-0.0016,-0.0016
14.0788,pi,6.2800,0.0000,-0.0016,-0.0016
14.0838,pi,6.2800,0.0000,-0.0016,-0.0016
14.0889,pi,6.2800,0.0000,-0.0016,-0.0016
14.0949,pi,6.2800,0.0000,-0.0016,-0.0016
14.0993,pi,6.2800,0.0000,-0.0016,-0.0016
14.1037,pi,6.2800,0.0000,-0.0016,-0.0016
14.1087,pi,6.2800,0.0000,-0.0016,-0.0016
14.1136,pi,6.2800,0.0000,-0.0016,-0.0016
14.1187,pi,6.2800,0.0000,-0.0016,-0.0016
14.1238,pi,6.2800,0.0000,-0.0016,-0.0016
14.1294,pi,6.2800,0.0000,-0.0016,-0.0016
14.1346,pi,6.2800,0.0000,-0.0016,-0.0016
14.1395,pi,6.2800,0.0000,-0.0016,-0.0016
14.1442,pi,6.2800,0.0000,-0.0015,-0.0015
14.1496,pi,6.2800,0.0000,-0.0016,-0.0016
14.1551,pi,6.2800,0.0000,-0.0016,-0.0016
14.1598,pi,6.2800,0.0000,-0.0016,-0.0016
14.1645,pi,6.2800,0.0000,-0.0016,-0.0016
14.1696,pi,6.2800,0.0000,-0.0016,-0.0016
14.1743,pi,6.2800,0.0000,-0.0016,-0.0016
14.1787,pi,6.2800,0.0000,-0.0016,-0.0016
14.1838,pi,6.2800,0.0000,-0.0016,-0.0016
14.1887,pi,6.2800,0.0000,-0.0016,-0.0016
14.1937,pi,6.2800,0.0000,-0.0016,-0.0016
14.1988,pi,6.2800,0.0000,-0.0016,-0.0016
14.2038,pi,6.2800,0.0000,-0.0016,-0.0016
14.2087,pi,6.2800,0.0000,-0.0016,-0.0016
14.2137,pi,6.2800,0.0000,-0.0016,-0.0016
14.2187,pi,6.2800,0.0000,-0.0016,-0.0016
14.2238,pi,6.2800,0.0000,-0.0016,-0.0016
14.2287,pi,6.2800,0.0000,-0.0016,-0.0016
14.2339,pi,6.2800,0.0000,-0.0016,-0.0016
14.2390,pi,6.2800,0.0000,-0.0016,-0.0016
14.2437,pi,6.2800,0.0000,-0.0016,-0.0016
14.2487,pi,6.2800,0.0000,-0.0016,-0.0016
14.2537,pi,6.2800,0.0000,-0.0016,-0.0016
14.2587,pi,6.2800,0.0000,-0.0016,-0.0016
14.2637,pi,6.2800,0.0000,-0.0016,-0.0016
14.2687,pi,6.2800,0.0000,-0.0016,-0.0016
14.2738,pi,6.2800,0.0000,-0.0016,-0.0016
14.2787,pi,6.2800,0.0000,-0.0016,-0.0016
14.2838,pi,6.2800,0.0000,-0.0016,-0.0016
14.2887,pi,6.2800,0.0000,-0.0016,-0.0016
14.2937,pi,6.2800,0.0000,-0.0016,-0.0016
14.2989,pi,6.2800,0.0000,-0.0016,-0.0016
14.3048,pi,6.2800,0.0000,-0.0016,-0.0016
14.3099,pi,6.2800,0.0000,-0.0016,-0.0016
14.3146,pi,6.2800,0.0000,-0.0016,-0.0016
14.3190,pi,6.2800,0.0000,-0.0016,-0.0016
14.3238,pi,6.2800,0.0000,-0.0016,-0.0016
14.3287,pi,6.2800,0.0000,-0.0016,-0.0016
14.3338,pi,6.2800,0.0000,-0.0016,-0.0016
14.3387,pi,6.2800,0.0000,-0.0016,-0.0016
14.3438,pi,6.2800,0.0000,-0.0016,-0.0016
14.3487,pi,6.2800,0.0000,-0.0016,-0.0016
14.3538,pi,6.2800,0.0000,-0.0016,-0.0016
14.3587,pi,6.2800,0.0000,-0.0016,-0.0016
14.3638,pi,6.2800,0.0000,-0.0016,-0.0016
14.3687,pi,6.2800,0.0000,-0.0016,-0.0016
14.3738,pi,6.2800,0.0000,-0.0016,-0.0016
14.3787,pi,6.2800,0.0000,-0.0016,-0.0016
14.3839,pi,6.2800,0.0000,-0.0016,-0.0016
14.3895,pi,6.2800,0.0000,-0.0016,-0.0016
14.3945,pi,6.2800,0.0000,-0.0016,-0.0016
14.3997,pi,6.2800,0.0000,-0.0016,-0.0016
14.4047,pi,6.2800,0.0000,-0.0016,-0.0016
14.4105,pi,6.2800,0.0000,-0.0016,-0.0016
14.4160,pi,6.2800,0.0000,-0.0016,-0.0016
14.4213,pi,6.2800,0.0000,-0.0015,-0.0015
14.4283,pi,6.2800,0.0000,-0.0018,-0.0018
14.4341,pi,6.2800,0.0000,-0.0014,-0.0014
14.4392,pi,6.2800,0.0000,-0.0016,-0.0016
14.4439,pi,6.2800,0.0000,-0.0016,-0.0016
14.4483,pi,6.2800,0.0000,-0.0016,-0.0016
14.4521,pi,6.2800,0.0000,-0.0016,-0.0016
14.4560,pi,6.2800,0.0000,-0.0016,-0.0016
14.4599,pi,6.2800,0.0000,-0.0016,-0.0016
14.4637,pi,6.2800,0.0000,-0.0016,-0.0016
14.4687,pi,6.2800,0.0000,-0.0016,-0.0016
14.4737,pi,6.2800,0.0000,-0.0016,-0.0016
14.4788,pi,6.2800,0.0000,-0.0016,-0.0016
14.4837,pi,6.2800,0.0000,-0.0016,-0.0016
14.4887,pi,6.2800,0.0000,-0.0016,-0.0016
14.4939,pi,6.2800,0.0000,-0.0016,-0.0016
14.4987,pi,6.2800,0.0000,-0.0016,-0.0016
14.5037,pi,6.2800,0.0000,-0.0016,-0.0016
14.5088,pi,6.2800,0.0000,-0.0016,-0.0016
14.5137,pi,6.2800,0.0000,-0.0016,-0.0016
14.5187,pi,6.2800,0.0000,-0.0016,-0.0016
14.5237,pi,6.2800,0.0000,-0.0016,-0.0016
14.5287,pi,6.2800,0.0000,-0.0016,-0.0016
14.5339,pi,6.2800,0.0000,-0.0016,-0.0016
14.5390,pi,6.2800,0.0000,-0.0016,-0.0016
14.5438,pi,6.2800,0.0000,-0.0016,-0.0016
14.5487,pi,6.2800,0.0000,-0.0016,-0.0016
14.5537,pi,6.2800,0.0000,-0.0016,-0.0016
14.5587,pi,6.2800,0.0000,-0.0016,-0.0016
14.5638,pi,6.2800,0.0000,-0.0016,-0.0016
14.5687,pi,6.2800,0.0000,-0.0016,-0.0016
14.5738,pi,6.2800,0.0000,-0.0016,-0.0016
14.5787,pi,6.2800,0.0000,-0.0016,-0.0016
14.5837,pi,6.2800,0.0000,-0.0016,-0.0016
14.5887,pi,6.2800,0.0000,-0.0016,-0.0016
14.5937,pi,6.2800,0.0000,-0.0016,-0.0016
14.5988,pi,6.2800,0.0000,-0.0016,-0.0016
14.6037,pi,6.2800,0.0000,-0.0016,-0.0016
14.6088,pi,6.2800,0.0000,-0.0016,-0.0016
14.6137,pi,6.2800,0.0000,-0.0016,-0.0016
14.6188,pi,6.2800,0.0000,-0.0016,-0.0016
14.6238,pi,6.2800,0.0000,-0.0016,-0.0016
14.6289,pi,6.2800,0.0000,-0.0016,-0.0016
14.6339,pi,6.2800,0.0000,-0.0016,-0.0016
14.6388,pi,6.2800,0.0000,-0.0016,-0.0016
14.6443,pi,6.2800,0.0000,-0.0015,-0.0015
14.6488,pi,6.2800,0.0000,-0.0016,-0.0016
14.6536,pi,6.2800,0.0000,-0.0016,-0.0016
14.6588,pi,6.2800,0.0000,-0.0016,-0.0016
14.6637,pi,6.2800,0.0000,-0.0016,-0.0016
14.6687,pi,6.2800,0.0000,-0.0016,-0.0016
14.6738,pi,6.2800,0.0000,-0.0016,-0.0016
14.6788,pi,6.2800,0.0000,-0.0016,-0.0016
14.6844,pi,6.2800,0.0000,-0.0016,-0.0016
14.6895,pi,6.2800,0.0000,-0.0016,-0.0016
14.6941,pi,6.2800,0.0000,-0.0016,-0.0016
14.6987,pi,6.2800,0.0000,-0.0016,-0.0016
14.7037,pi,6.2800,0.0000,-0.0016,-0.0016
14.7087,pi,6.2800,0.0000,-0.0016,-0.0016
14.7138,pi,6.2800,0.0000,-0.0016,-0.0016
14.7188,pi,6.2800,0.0000,-0.0016,-0.0016
14.7237,pi,6.2800,0.0000,-0.0016,-0.0016
14.7287,pi,6.2800,0.0000,-0.0016,-0.0016
14.7337,pi,6.2800,0.0000,-0.0016,-0.0016
14.7387,pi,6.2800,0.0000,-0.0016,-0.0016
14.7438,pi,6.2800,0.0000,-0.0016,-0.0016
14.7487,pi,6.2800,0.0000,-0.0016,-0.0016
14.7537,pi,6.2800,0.0000,-0.0016,-0.0016
14.7587,pi,6.2800,0.0000,-0.0016,-0.0016
14.7637,pi,6.2800,0.0000,-0.0016,-0.0016
14.7687,pi,6.2800,0.0000,-0.0016,-0.0016
14.7738,pi,6.2800,0.0000,-0.0016,-0.0016
14.7787,pi,6.2800,0.0000,-0.0016,-0.0016
14.7837,pi,6.2800,0.0000,-0.0016,-0.0016
14.7887,pi,6.2800,0.0000,-0.0016,-0.0016
14.7937,pi,6.2800,0.0000,-0.0016,-0.0016
14.7987,pi,6.2800,0.0000,-0.0016,-0.0016
14.8037,pi,6.2800,0.0000,-0.0016,-0.0016
14.8087,pi,6.2800,0.0000,-0.0016,-0.0016
14.8137,pi,6.2800,0.0000,-0.0016,-0.0016
14.8188,pi,6.2800,0.0000,-0.0016,-0.0016
14.8237,pi,6.2800,0.0000,-0.0016,-0.0016
14.8287,pi,6.2800,0.0000,-0.0016,-0.0016
14.8338,pi,6.2800,0.0000,-0.0016,-0.0016
14.8387,pi,6.2800,0.0000,-0.0016,-0.0016
14.8438,pi,6.2800,0.0000,-0.0016,-0.0016
14.8487,pi,6.2800,0.0000,-0.0016,-0.0016
14.8538,pi,6.2800,0.0000,-0.0016,-0.0016
14.8587,pi,6.2800,0.0000,-0.0016,-0.0016
14.8637,pi,6.2800,0.0000,-0.0016,-0.0016
14.8687,pi,6.2800,0.0000,-0.0016,-0.0016
14.8738,pi,6.2800,0.0000,-0.0016,-0.0016
14.8787,pi,6.2800,0.0000,-0.0016,-0.0016
14.8837,pi,6.2800,0.0000,-0.0016,-0.0016
14.8887,pi,6.2800,0.0000,-0.0016,-0.0016
14.8938,pi,6.2800,0.0000,-0.0016,-0.0016
14.8988,pi,6.2800,0.0000,-0.0016,-0.0016
14.9037,pi,6.2800,0.0000,-0.0016,-0.0016
14.9087,pi,6.2800,0.0000,-0.0016,-0.0016
14.9137,pi,6.2800,0.0000,-0.0016,-0.0016
14.9188,pi,6.2800,0.0000,-0.0016,-0.0016
14.9237,pi,6.2800,0.0000,-0.0016,-0.0016
14.9287,pi,6.2800,0.0000,-0.0016,-0.0016
14.9338,pi,6.2800,0.0000,-0.0016,-0.0016
14.9387,pi,6.2800,0.0000,-0.0016,-0.0016
14.9437,pi,6.2800,0.0000,-0.0016,-0.0016
14.9488,pi,6.2800,0.0000,-0.0016,-0.0016
14.9538,pi,6.2800,0.0000,-0.0016,-0.0016
14.9587,pi,6.2800,0.0000,-0.0016,-0.0016
14.9637,pi,6.2800,0.0000,-0.0016,-0.0016
14.9687,pi,6.2800,0.0000,-0.0016,-0.0016
14.9738,pi,6.2800,0.0000,-0.0016,-0.0016
14.9788,pi,6.2800,0.0000,-0.0016,-0.0016
14.9838,pi,6.2800,0.0000,-0.0016,-0.0016
14.9888,pi,6.2800,0.0000,-0.0016,-0.0016
14.9937,pi,6.2800,0.0000,-0.0016,-0.0016
14.9987,pi,6.2800,0.0000,-0.0016,-0.0016
15.0037,pi,6.2800,0.0000,-0.0016,-0.0016
15.0087,pi,6.2800,0.0000,-0.0016,-0.0016
15.0138,pi,6.2800,0.0000,-0.0016,-0.0016
15.0187,pi,6.2800,0.0000,-0.0016,-0.0016
15.0237,pi,6.2800,0.0000,-0.0016,-0.0016
15.0288,pi,6.2800,0.0000,-0.0016,-0.0016
15.0337,pi,6.2800,0.0000,-0.0016,-0.0016
15.0387,pi,6.2800,0.0000,-0.0016,-0.0016
15.0438,pi,6.2800,0.0000,-0.0016,-0.0016
15.0487,pi,6.2800,0.0000,-0.0016,-0.0016
15.0537,pi,6.2800,0.0000,-0.0016,-0.0016
15.0588,pi,6.2800,0.0000,-0.0016,-0.0016
15.0637,pi,6.2800,0.0000,-0.0016,-0.0016
15.0688,pi,6.2800,0.0000,-0.0016,-0.0016
15.0737,pi,6.2800,0.0000,-0.0016,-0.0016
15.0788,pi,6.2800,0.0000,-0.0016,-0.0016
15.0838,pi,6.2800,0.0000,-0.0016,-0.0016
15.0887,pi,6.2800,0.0000,-0.0016,-0.0016
15.0937,pi,6.2800,0.0000,-0.0016,-0.0016
15.0989,pi,6.2800,0.0000,-0.0016,-0.0016
15.1037,pi,6.2800,0.0000,-0.0016,-0.0016
15.1088,pi,6.2800,0.0000,-0.0016,-0.0016
15.1137,pi,6.2800,0.0000,-0.0016,-0.0016
15.1187,pi,6.2800,0.0000,-0.0016,-0.0016
15.1237,pi,6.2800,0.0000,-0.0016,-0.0016
15.1288,pi,6.2800,0.0000,-0.0016,-0.0016
15.1340,pi,6.2800,0.0000,-0.0016,-0.0016
15.1389,pi,6.2800,0.0000,-0.0016,-0.0016
15.1441,pi,6.2800,0.0000,-0.0016,-0.0016
15.1491,pi,6.2800,0.0000,-0.0016,-0.0016
15.1542,pi,6.2800,0.0000,-0.0016,-0.0016
15.1587,pi,6.2800,0.0000,-0.0016,-0.0016
15.1637,pi,6.2800,0.0000,-0.0016,-0.0016
15.1687,pi,6.2800,0.0000,-0.0016,-0.0016
15.1738,pi,6.2800,0.0000,-0.0016,-0.0016
15.1788,pi,6.2800,0.0000,-0.0016,-0.0016
15.1837,pi,6.2800,0.0000,-0.0016,-0.0016
15.1887,pi,6.2800,0.0000,-0.0016,-0.0016
15.1937,pi,6.2800,0.0000,-0.0016,-0.0016
15.1987,pi,6.2800,0.0000,-0.0016,-0.0016
15.2038,pi,6.2800,0.0000,-0.0016,-0.0016
15.2087,pi,6.2800,0.0000,-0.0016,-0.0016
15.2138,pi,6.2800,0.0000,-0.0016,-0.0016
15.2199,pi,6.2800,0.0000,-0.0016,-0.0016
15.2255,pi,6.2800,0.0000,-0.0016,-0.0016
15.2296,pi,6.2800,0.0000,-0.0016,-0.0016
15.2340,pi,6.2800,0.0000,-0.0016,-0.0016
15.2387,pi,6.2800,0.0000,-0.0016,-0.0016
15.2437,pi,6.2800,0.0000,-0.0016,-0.0016
15.2487,pi,6.2800,0.0000,-0.0016,-0.0016
15.2538,pi,6.2800,0.0000,-0.0016,-0.0016
15.2588,pi,6.2800,0.0000,-0.0016,-0.0016
15.2637,pi,6.2800,0.0000,-0.0016,-0.0016
15.2688,pi,6.2800,0.0000,-0.0016,-0.0016
15.2738,pi,6.2800,0.0000,-0.0016,-0.0016
15.2787,pi,6.2800,0.0000,-0.0016,-0.0016
15.2837,pi,6.2800,0.0000,-0.0016,-0.0016
15.2887,pi,6.2800,0.0000,-0.0016,-0.0016
15.2937,pi,6.2800,0.0000,-0.0016,-0.0016
15.2987,pi,6.2800,0.0000,-0.0016,-0.0016
15.3037,pi,6.2800,0.0000,-0.0016,-0.0016
15.3088,pi,6.2800,0.0000,-0.0016,-0.0016
15.3137,pi,6.2800,0.0000,-0.0016,-0.0016
15.3187,pi,6.2800,0.0000,-0.0016,-0.0016
15.3237,pi,6.2800,0.0000,-0.0016,-0.0016
15.3287,pi,6.2800,0.0000,-0.0016,-0.0016
15.3337,pi,6.2800,0.0000,-0.0016,-0.0016
15.3387,pi,6.2800,0.0000,-0.0016,-0.0016
15.3437,pi,6.2800,0.0000,-0.0016,-0.0016
15.3487,pi,6.2800,0.0000,-0.0016,-0.0016
15.3537,pi,6.2800,0.0000,-0.0016,-0.0016
15.3587,pi,6.2800,0.0000,-0.0016,-0.0016
15.3637,pi,6.2800,0.0000,-0.0016,-0.0016
15.3687,pi,6.2800,0.0000,-0.0016,-0.0016
15.3738,pi,6.2800,0.0000,-0.0016,-0.0016
15.3787,pi,6.2800,0.0000,-0.0016,-0.0016
15.3838,pi,6.2800,0.0000,-0.0016,-0.0016
15.3888,pi,6.2800,0.0000,-0.0016,-0.0016
15.3937,pi,6.2800,0.0000,-0.0016,-0.0016
15.3991,pi,6.2800,0.0000,-0.0016,-0.0016
15.4040,pi,6.2800,0.0000,-0.0016,-0.0016
15.4088,pi,6.2800,0.0000,-0.0016,-0.0016
15.4138,pi,6.2800,0.0000,-0.0016,-0.0016
15.4187,pi,6.2800,0.0000,-0.0016,-0.0016
15.4237,pi,6.2800,0.0000,-0.0016,-0.0016
15.4288,pi,6.2800,0.0000,-0.0016,-0.0016
15.4337,pi,6.2800,0.0000,-0.0016,-0.0016
15.4387,pi,6.2800,0.0000,-0.0016,-0.0016
15.4438,pi,6.2800,0.0000,-0.0016,-0.0016
15.4487,pi,6.2800,0.0000,-0.0016,-0.0016
15.4538,pi,6.2800,0.0000,-0.0016,-0.0016
15.4588,pi,6.2800,0.0000,-0.0016,-0.0016
15.4637,pi,6.2800,0.0000,-0.0016,-0.0016
15.4688,pi,6.2800,0.0000,-0.0016,-0.0016
15.4738,pi,6.2800,0.0000,-0.0016,-0.0016
15.4787,pi,6.2800,0.0000,-0.0016,-0.0016
15.4837,pi,6.2800,0.0000,-0.0016,-0.0016
15.4887,pi,6.2800,0.0000,-0.0016,-0.0016
15.4937,pi,6.2800,0.0000,-0.0016,-0.0016
15.4987,pi,6.2800,0.0000,-0.0016,-0.0016
15.5037,pi,6.2800,0.0000,-0.0016,-0.0016
15.5088,pi,6.2800,0.0000,-0.0016,-0.0016
15.5137,pi,6.2800,0.0000,-0.0016,-0.0016
15.5188,pi,6.2800,0.0000,-0.0016,-0.0016
15.5237,pi,6.2800,0.0000,-0.0016,-0.0016
15.5287,pi,6.2800,0.0000,-0.0016,-0.0016
15.5337,pi,6.2800,0.0000,-0.0016,-0.0016
15.5387,pi,6.2800,0.0000,-0.0016,-0.0016
15.5437,pi,6.2800,0.0000,-0.0016,-0.0016
15.5487,pi,6.2800,0.0000,-0.0016,-0.0016
15.5537,pi,6.2800,0.0000,-0.0016,-0.0016
15.5588,pi,6.2800,0.0000,-0.0016,-0.0016
15.5637,pi,6.2800,0.0000,-0.0016,-0.0016
15.5688,pi,6.2800,0.0000,-0.0016,-0.0016
15.5738,pi,6.2800,0.0000,-0.0016,-0.0016
15.5787,pi,6.2800,0.0000,-0.0016,-0.0016
15.5837,pi,6.2800,0.0000,-0.0016,-0.0016
15.5887,pi,6.2800,0.0000,-0.0016,-0.0016
15.5937,pi,6.2800,0.0000,-0.0016,-0.0016
15.5988,pi,6.2800,0.0000,-0.0016,-0.0016
15.6037,pi,6.2800,0.0000,-0.0016,-0.0016
15.6087,pi,6.2800,0.0000,-0.0016,-0.0016
15.6137,pi,6.2800,0.0000,-0.0016,-0.0016
15.6187,pi,6.2800,0.0000,-0.0016,-0.0016
15.6237,pi,6.2800,0.0000,-0.0016,-0.0016
15.6288,pi,6.2800,0.0000,-0.0016,-0.0016
15.6337,pi,6.2800,0.0000,-0.0016,-0.0016
15.6387,pi,6.2800,0.0000,-0.0016,-0.0016
15.6437,pi,6.2800,0.0000,-0.0016,-0.0016
15.6487,pi,6.2800,0.0000,-0.0016,-0.0016
15.6538,pi,6.2800,0.0000,-0.0016,-0.0016
15.6587,pi,6.2800,0.0000,-0.0016,-0.0016
15.6638,pi,6.2800,0.0000,-0.0016,-0.0016
15.6687,pi,6.2800,0.0000,-0.0016,-0.0016
15.6738,pi,6.2800,0.0000,-0.0016,-0.0016
15.6787,pi,6.2800,0.0000,-0.0016,-0.0016
15.6838,pi,6.2800,0.0000,-0.0016,-0.0016
15.6887,pi,6.2800,0.0000,-0.0016,-0.0016
15.6937,pi,6.2800,0.0000,-0.0016,-0.0016
15.6987,pi,6.2800,0.0000,-0.0016,-0.0016
15.7037,pi,6.2800,0.0000,-0.0016,-0.0016
15.7088,pi,6.2800,0.0000,-0.0016,-0.0016
15.7137,pi,6.2800,0.0000,-0.0016,-0.0016
15.7188,pi,6.2800,0.0000,-0.0016,-0.0016
15.7237,pi,6.2800,0.0000,-0.0016,-0.0016
15.7287,pi,6.2800,0.0000,-0.0016,-0.0016
15.7337,pi,6.2800,0.0000,-0.0016,-0.0016
15.7387,pi,6.2800,0.0000,-0.0016,-0.0016
15.7439,pi,6.2800,0.0000,-0.0016,-0.0016
15.7487,pi,6.2800,0.0000,-0.0016,-0.0016
15.7537,pi,6.2800,0.0000,-0.0016,-0.0016
15.7587,pi,6.2800,0.0000,-0.0016,-0.0016
15.7638,pi,6.2800,0.0000,-0.0016,-0.0016
15.7687,pi,6.2800,0.0000,-0.0016,-0.0016
15.7738,pi,6.2800,0.0000,-0.0016,-0.0016
15.7787,pi,6.2800,0.0000,-0.0016,-0.0016
15.7837,pi,6.2800,0.0000,-0.0016,-0.0016
15.7887,pi,6.2800,0.0000,-0.0016,-0.0016
15.7937,pi,6.2800,0.0000,-0.0016,-0.0016
15.7987,pi,6.2800,0.0000,-0.0016,-0.0016
15.8038,pi,6.2800,0.0000,-0.0016,-0.0016
15.8087,pi,6.2800,0.0000,-0.0016,-0.0016
15.8137,pi,6.2800,0.0000,-0.0016,-0.0016
15.8188,pi,6.2800,0.0000,-0.0016,-0.0016
15.8237,pi,6.2800,0.0000,-0.0016,-0.0016
15.8286,pi,6.2800,0.0000,-0.0016,-0.0016
15.8337,pi,6.2800,0.0000,-0.0016,-0.0016
15.8387,pi,6.2800,0.0000,-0.0016,-0.0016
15.8437,pi,6.2800,0.0000,-0.0016,-0.0016
15.8487,pi,6.2800,0.0000,-0.0016,-0.0016
15.8537,pi,6.2800,0.0000,-0.0016,-0.0016
15.8587,pi,6.2800,0.0000,-0.0016,-0.0016
15.8637,pi,6.2800,0.0000,-0.0016,-0.0016
15.8688,pi,6.2800,0.0000,-0.0016,-0.0016
15.8737,pi,6.2800,0.0000,-0.0016,-0.0016
15.8788,pi,6.2800,0.0000,-0.0016,-0.0016
15.8837,pi,6.2800,0.0000,-0.0016,-0.0016
15.8887,pi,6.2800,0.0000,-0.0016,-0.0016
15.8937,pi,6.2800,0.0000,-0.0016,-0.0016
15.8988,pi,6.2800,0.0000,-0.0016,-0.0016
15.9037,pi,6.2800,0.0000,-0.0016,-0.0016
15.9087,pi,6.2800,0.0000,-0.0016,-0.0016
15.9137,pi,6.2800,0.0000,-0.0016,-0.0016
15.9187,pi,6.2800,0.0000,-0.0016,-0.0016
15.9237,pi,6.2800,0.0000,-0.0016,-0.0016
15.9287,pi,6.2800,0.0000,-0.0016,-0.0016
15.9337,pi,6.2800,0.0000,-0.0016,-0.0016
15.9387,pi,6.2800,0.0000,-0.0016,-0.0016
15.9437,pi,6.2800,0.0000,-0.0016,-0.0016
15.9487,pi,6.2800,0.0000,-0.0016,-0.0016
15.9537,pi,6.2800,0.0000,-0.0016,-0.0016
15.9587,pi,6.2800,0.0000,-0.0016,-0.0016
15.9637,pi,6.2800,0.0000,-0.0016,-0.0016
15.9687,pi,6.2800,0.0000,-0.0016,-0.0016
15.9737,pi,6.2800,0.0000,-0.0016,-0.0016
15.9787,pi,6.2800,0.0000,-0.0016,-0.0016
15.9837,pi,6.2800,0.0000,-0.0016,-0.0016
15.9887,pi,6.2800,0.0000,-0.0016,-0.0016
15.9937,pi,6.2800,0.0000,-0.0016,-0.0016
15.9988,pi,6.2800,0.0000,-0.0016,-0.0016
16.0037,pi,6.2800,0.0000,-0.0016,-0.0016
16.0087,pi,6.2800,0.0000,-0.0016,-0.0016
16.0137,pi,6.2800,0.0000,-0.0016,-0.0016
16.0187,pi,6.2800,0.0000,-0.0016,-0.0016
16.0237,pi,6.2800,0.0000,-0.0016,-0.0016
16.0287,pi,6.2800,0.0000,-0.0016,-0.0016
16.0337,pi,6.2800,0.0000,-0.0016,-0.0016
16.0387,pi,6.2800,0.0000,-0.0016,-0.0016
16.0437,pi,6.2800,0.0000,-0.0016,-0.0016
16.0487,pi,6.2800,0.0000,-0.0016,-0.0016
16.0537,pi,6.2800,0.0000,-0.0016,-0.0016
16.0588,pi,6.2800,0.0000,-0.0016,-0.0016
16.0637,pi,6.2800,0.0000,-0.0016,-0.0016
16.0687,pi,6.2800,0.0000,-0.0016,-0.0016
16.0737,pi,6.2800,0.0000,-0.0016,-0.0016
16.0787,pi,6.2800,0.0000,-0.0016,-0.0016
16.0837,pi,6.2800,0.0000,-0.0016,-0.0016
16.0887,pi,6.2800,0.0000,-0.0016,-0.0016
16.0937,pi,6.2800,0.0000,-0.0016,-0.0016
16.0988,pi,6.2800,0.0000,-0.0016,-0.0016
16.1037,pi,6.2800,0.0000,-0.0016,-0.0016
16.1087,pi,6.2800,0.0000,-0.0016,-0.0016
16.1137,pi,6.2800,0.0000,-0.0016,-0.0016
16.1187,pi,6.2800,0.0000,-0.0016,-0.0016
16.1237,pi,6.2800,0.0000,-0.0016,-0.0016
16.1287,pi,6.2800,0.0000,-0.0016,-0.0016
16.1338,pi,6.2800,0.0000,-0.0016,-0.0016
16.1389,pi,6.2800,0.0000,-0.0016,-0.0016
16.1438,pi,6.2800,0.0000,-0.0016,-0.0016
16.1486,pi,6.2800,0.0000,-0.0015,-0.0015
16.1538,pi,6.2800,0.0000,-0.0016,-0.0016
16.1588,pi,6.2800,0.0000,-0.0016,-0.0016
16.1638,pi,6.2800,0.0000,-0.0016,-0.0016
16.1688,pi,6.2800,0.0000,-0.0016,-0.0016
16.1738,pi,6.2800,0.0000,-0.0016,-0.0016
16.1788,pi,6.2800,0.0000,-0.0016,-0.0016
16.1837,pi,6.2800,0.0000,-0.0016,-0.0016
16.1887,pi,6.2800,0.0000,-0.0016,-0.0016
16.1938,pi,6.2800,0.0000,-0.0016,-0.0016
16.1988,pi,6.2800,0.0000,-0.0016,-0.0016
16.2037,pi,6.2800,0.0000,-0.0016,-0.0016
16.2088,pi,6.2800,0.0000,-0.0016,-0.0016
16.2138,pi,6.2800,0.0000,-0.0016,-0.0016
16.2187,pi,6.2800,0.0000,-0.0016,-0.0016
16.2237,pi,6.2800,0.0000,-0.0016,-0.0016
16.2287,pi,6.2800,0.0000,-0.0016,-0.0016
16.2337,pi,6.2800,0.0000,-0.0016,-0.0016
16.2387,pi,6.2800,0.0000,-0.0016,-0.0016
16.2438,pi,6.2800,0.0000,-0.0016,-0.0016
16.2487,pi,6.2800,0.0000,-0.0016,-0.0016
16.2537,pi,6.2800,0.0000,-0.0016,-0.0016
16.2587,pi,6.2800,0.0000,-0.0016,-0.0016
16.2637,pi,6.2800,0.0000,-0.0016,-0.0016
16.2687,pi,6.2800,0.0000,-0.0016,-0.0016
16.2737,pi,6.2800,0.0000,-0.0016,-0.0016
16.2787,pi,6.2800,0.0000,-0.0016,-0.0016
16.2837,pi,6.2800,0.0000,-0.0016,-0.0016
16.2887,pi,6.2800,0.0000,-0.0016,-0.0016
16.2937,pi,6.2800,0.0000,-0.0016,-0.0016
16.2987,pi,6.2800,0.0000,-0.0016,-0.0016
16.3040,pi,6.2800,0.0000,-0.0016,-0.0016
16.3093,pi,6.2800,0.0000,-0.0016,-0.0016
16.3144,pi,6.2800,0.0000,-0.0016,-0.0016
16.3191,pi,6.2800,0.0000,-0.0016,-0.0016
16.3244,pi,6.2800,0.0000,-0.0016,-0.0016
16.3289,pi,6.2800,0.0000,-0.0016,-0.0016
16.3338,pi,6.2800,0.0000,-0.0016,-0.0016
16.3388,pi,6.2800,0.0000,-0.0016,-0.0016
16.3438,pi,6.2800,0.0000,-0.0016,-0.0016
16.3488,pi,6.2800,0.0000,-0.0016,-0.0016
16.3538,pi,6.2800,0.0000,-0.0016,-0.0016
16.3588,pi,6.2800,0.0000,-0.0016,-0.0016
16.3638,pi,6.2800,0.0000,-0.0016,-0.0016
16.3688,pi,6.2800,0.0000,-0.0016,-0.0016
16.3739,pi,6.2800,0.0000,-0.0016,-0.0016
16.3788,pi,6.2800,0.0000,-0.0016,-0.0016
16.3840,pi,6.2800,0.0000,-0.0016,-0.0016
16.3891,pi,6.2800,0.0000,-0.0016,-0.0016
16.3941,pi,6.2800,0.0000,-0.0016,-0.0016
16.4003,pi,6.2800,0.0000,-0.0016,-0.0016
16.4048,pi,6.2800,0.0000,-0.0016,-0.0016
16.4097,pi,6.2800,0.0000,-0.0016,-0.0016
16.4143,pi,6.2800,0.0000,-0.0016,-0.0016
16.4193,pi,6.2800,0.0000,-0.0016,-0.0016
16.4244,pi,6.2800,0.0000,-0.0016,-0.0016
16.4295,pi,6.2800,0.0000,-0.0016,-0.0016
16.4345,pi,6.2800,0.0000,-0.0016,-0.0016
16.4389,pi,6.2800,0.0000,-0.0016,-0.0016
16.4440,pi,6.2800,0.0000,-0.0016,-0.0016
16.4490,pi,6.2800,0.0000,-0.0016,-0.0016
16.4540,pi,6.2800,0.0000,-0.0016,-0.0016
16.4587,pi,6.2800,0.0000,-0.0016,-0.0016
16.4637,pi,6.2800,0.0000,-0.0016,-0.0016
16.4687,pi,6.2800,0.0000,-0.0016,-0.0016
16.4737,pi,6.2800,0.0000,-0.0016,-0.0016
16.4787,pi,6.2800,0.0000,-0.0016,-0.0016
16.4837,pi,6.2800,0.0000,-0.0016,-0.0016
16.4887,pi,6.2800,0.0000,-0.0016,-0.0016
16.4937,pi,6.2800,0.0000,-0.0016,-0.0016
16.4987,pi,6.2800,0.0000,-0.0016,-0.0016
16.5037,pi,6.2800,0.0000,-0.0016,-0.0016
16.5087,pi,6.2800,0.0000,-0.0016,-0.0016
16.5137,pi,6.2800,0.0000,-0.0016,-0.0016
16.5188,pi,6.2800,0.0000,-0.0016,-0.0016
16.5237,pi,6.2800,0.0000,-0.0016,-0.0016
16.5287,pi,6.2800,0.0000,-0.0016,-0.0016
16.5337,pi,6.2800,0.0000,-0.0016,-0.0016
16.5387,pi,6.2800,0.0000,-0.0016,-0.0016
16.5437,pi,6.2800,0.0000,-0.0016,-0.0016
16.5487,pi,6.2800,0.0000,-0.0016,-0.0016
16.5537,pi,6.2800,0.0000,-0.0016,-0.0016
16.5587,pi,6.2800,0.0000,-0.0016,-0.0016
16.5637,pi,6.2800,0.0000,-0.0016,-0.0016
16.5687,pi,6.2800,0.0000,-0.0016,-0.0016
16.5738,pi,6.2800,0.0000,-0.0016,-0.0016
16.5788,pi,6.2800,0.0000,-0.0016,-0.0016
16.5840,pi,6.2800,0.0000,-0.0016,-0.0016
16.5894,pi,6.2800,0.0000,-0.0016,-0.0016
16.5939,pi,6.2800,0.0000,-0.0016,-0.0016
16.5987,pi,6.2800,0.0000,-0.0016,-0.0016
16.6037,pi,6.2800,0.0000,-0.0016,-0.0016
16.6087,pi,6.2800,0.0000,-0.0016,-0.0016
16.6138,pi,6.2800,0.0000,-0.0016,-0.0016
16.6187,pi,6.2800,0.0000,-0.0016,-0.0016
16.6237,pi,6.2800,0.0000,-0.0016,-0.0016
16.6287,pi,6.2800,0.0000,-0.0016,-0.0016
16.6337,pi,6.2800,0.0000,-0.0016,-0.0016
16.6387,pi,6.2800,0.0000,-0.0016,-0.0016
16.6437,pi,6.2800,0.0000,-0.0016,-0.0016
16.6487,pi,6.2800,0.0000,-0.0016,-0.0016
16.6538,pi,6.2800,0.0000,-0.0016,-0.0016
16.6587,pi,6.2800,0.0000,-0.0016,-0.0016
16.6637,pi,6.2800,0.0000,-0.0016,-0.0016
16.6687,pi,6.2800,0.0000,-0.0016,-0.0016
16.6738,pi,6.2800,0.0000,-0.0016,-0.0016
16.6787,pi,6.2800,0.0000,-0.0016,-0.0016
16.6838,pi,6.2800,0.0000,-0.0016,-0.0016
16.6887,pi,6.2800,0.0000,-0.0016,-0.0016
16.6938,pi,6.2800,0.0000,-0.0016,-0.0016
16.6987,pi,6.2800,0.0000,-0.0016,-0.0016
16.7038,pi,6.2800,0.0000,-0.0016,-0.0016
16.7087,pi,6.2800,0.0000,-0.0016,-0.0016
16.7137,pi,6.2800,0.0000,-0.0016,-0.0016
16.7187,pi,6.2800,0.0000,-0.0016,-0.0016
16.7237,pi,6.2800,0.0000,-0.0016,-0.0016
16.7288,pi,6.2800,0.0000,-0.0016,-0.0016
16.7337,pi,6.2800,0.0000,-0.0016,-0.0016
16.7387,pi,6.2800,0.0000,-0.0016,-0.0016
16.7438,pi,6.2800,0.0000,-0.0016,-0.0016
16.7487,pi,6.2800,0.0000,-0.0016,-0.0016
16.7537,pi,6.2800,0.0000,-0.0016,-0.0016
16.7587,pi,6.2800,0.0000,-0.0016,-0.0016
16.7638,pi,6.2800,0.0000,-0.0016,-0.0016
16.7687,pi,6.2800,0.0000,-0.0016,-0.0016
16.7737,pi,6.2800,0.0000,-0.0016,-0.0016
16.7787,pi,6.2800,0.0000,-0.0016,-0.0016
16.7838,pi,6.2800,0.0000,-0.0016,-0.0016
16.7887,pi,6.2800,0.0000,-0.0016,-0.0016
16.7937,pi,6.2800,0.0000,-0.0016,-0.0016
16.7987,pi,6.2800,0.0000,-0.0016,-0.0016
16.8037,pi,6.2800,0.0000,-0.0016,-0.0016
16.8087,pi,6.2800,0.0000,-0.0016,-0.0016
16.8137,pi,6.2800,0.0000,-0.0016,-0.0016
16.8187,pi,6.2800,0.0000,-0.0016,-0.0016
16.8237,pi,6.2800,0.0000,-0.0016,-0.0016
16.8287,pi,6.2800,0.0000,-0.0016,-0.0016
16.8337,pi,6.2800,0.0000,-0.0016,-0.0016
16.8387,pi,6.2800,0.0000,-0.0016,-0.0016
16.8437,pi,6.2800,0.0000,-0.0016,-0.0016
16.8487,pi,6.2800,0.0000,-0.0016,-0.0016
16.8537,pi,6.2800,0.0000,-0.0016,-0.0016
16.8587,pi,6.2800,0.0000,-0.0016,-0.0016
16.8637,pi,6.2800,0.0000,-0.0016,-0.0016
16.8687,pi,6.2800,0.0000,-0.0016,-0.0016
16.8737,pi,6.2800,0.0000,-0.0016,-0.0016
16.8787,pi,6.2800,0.0000,-0.0016,-0.0016
16.8837,pi,6.2800,0.0000,-0.0016,-0.0016
16.8887,pi,6.2800,0.0000,-0.0016,-0.0016
16.8937,pi,6.2800,0.0000,-0.0016,-0.0016
16.8989,pi,6.2800,0.0000,-0.0016,-0.0016
16.9037,pi,6.2800,0.0000,-0.0016,-0.0016
16.9087,pi,6.2800,0.0000,-0.0016,-0.0016
16.9137,pi,6.2800,0.0000,-0.0016,-0.0016
16.9187,pi,6.2800,0.0000,-0.0016,-0.0016
16.9237,pi,6.2800,0.0000,-0.0016,-0.0016
16.9288,pi,6.2800,0.0000,-0.0016,-0.0016
16.9337,pi,6.2800,0.0000,-0.0016,-0.0016
16.9388,pi,6.2800,0.0000,-0.0016,-0.0016
16.9437,pi,6.2800,0.0000,-0.0016,-0.0016
16.9487,pi,6.2800,0.0000,-0.0016,-0.0016
16.9537,pi,6.2800,0.0000,-0.0016,-0.0016
16.9588,pi,6.2800,0.0000,-0.0016,-0.0016
16.9637,pi,6.2800,0.0000,-0.0016,-0.0016
16.9687,pi,6.2800,0.0000,-0.0016,-0.0016
16.9737,pi,6.2800,0.0000,-0.0016,-0.0016
16.9787,pi,6.2800,0.0000,-0.0016,-0.0016
16.9838,pi,6.2800,0.0000,-0.0016,-0.0016
16.9888,pi,6.2800,0.0000,-0.0016,-0.0016
16.9939,pi,6.2800,0.0000,-0.0016,-0.0016
16.9987,pi,6.2800,0.0000,-0.0016,-0.0016
17.0037,pi,6.2800,0.0000,-0.0016,-0.0016
17.0088,pi,6.2800,0.0000,-0.0016,-0.0016
17.0137,pi,6.2800,0.0000,-0.0016,-0.0016
17.0187,pi,6.2800,0.0000,-0.0016,-0.0016
17.0237,pi,6.2800,0.0000,-0.0016,-0.0016
17.0287,pi,6.2800,0.0000,-0.0016,-0.0016
17.0337,pi,6.2800,0.0000,-0.0016,-0.0016
17.0387,pi,6.2800,0.0000,-0.0016,-0.0016
17.0437,pi,6.2800,0.0000,-0.0016,-0.0016
17.0487,pi,6.2800,0.0000,-0.0016,-0.0016
17.0537,pi,6.2800,0.0000,-0.0016,-0.0016
17.0587,pi,6.2800,0.0000,-0.0016,-0.0016
17.0637,pi,6.2800,0.0000,-0.0016,-0.0016
17.0688,pi,6.2800,0.0000,-0.0016,-0.0016
17.0737,pi,6.2800,0.0000,-0.0016,-0.0016
17.0787,pi,6.2800,0.0000,-0.0016,-0.0016
17.0837,pi,6.2800,0.0000,-0.0016,-0.0016
17.0887,pi,6.2800,0.0000,-0.0016,-0.0016
17.0938,pi,6.2800,0.0000,-0.0016,-0.0016
17.0988,pi,6.2800,0.0000,-0.0016,-0.0016
17.1037,pi,6.2800,0.0000,-0.0016,-0.0016
17.1087,pi,6.2800,0.0000,-0.0016,-0.0016
17.1138,pi,6.2800,0.0000,-0.0016,-0.0016
17.1187,pi,6.2800,0.0000,-0.0016,-0.0016
17.1238,pi,6.2800,0.0000,-0.0016,-0.0016
17.1287,pi,6.2800,0.0000,-0.0016,-0.0016
17.1338,pi,6.2800,0.0000,-0.0016,-0.0016
17.1390,pi,6.2800,0.0000,-0.0016,-0.0016
17.1440,pi,6.2800,0.0000,-0.0016,-0.0016
17.1487,pi,6.2800,0.0000,-0.0016,-0.0016
17.1550,coast,6.2800,0.0000,0.0000,0.0000
