t_s,mode,target_rad_s,speed_rad_s,u,u_unsaturated
0.0897,coast,6.2800,0.0000,0.0000,0.0000
0.0916,pi,6.2800,0.0000,-0.1272,-0.1272
0.0962,pi,6.2800,0.0000,-0.1288,-0.1288
0.1001,pi,6.2800,0.0000,-0.1303,-0.1303
0.1045,pi,6.2800,0.0000,-0.1319,-0.1319
0.1084,pi,6.2800,0.0000,-0.1335,-0.1335
0.1121,pi,6.2800,0.0000,-0.1350,-0.1350
0.1159,pi,6.2800,0.0720,-0.1352,-0.1352
0.1197,pi,6.2800,0.1829,-0.1345,-0.1345
0.1235,pi,6.2800,0.3685,-0.1322,-0.1322
0.1273,pi,6.2800,0.5962,-0.1291,-0.1291
0.1311,pi,6.2800,0.8290,-0.1258,-0.1258
0.1349,pi,6.2800,1.0747,-0.1222,-0.1222
0.1388,pi,6.2800,1.3615,-0.1177,-0.1177
0.1425,pi,6.2800,1.6374,-0.1133,-0.1133
0.1464,pi,6.2800,2.0144,-0.1068,-0.1068
0.1502,pi,6.2800,2.4154,-0.0998,-0.0998
0.1542,pi,6.2800,2.7545,-0.0939,-0.0939
0.1587,pi,6.2800,3.0726,-0.0883,-0.0883
0.1639,pi,6.2800,3.3623,-0.0833,-0.0833
0.1687,pi,6.2800,3.5946,-0.0793,-0.0793
0.1738,pi,6.2800,3.8308,-0.0752,-0.0752
0.1791,pi,6.2800,4.0204,-0.0720,-0.0720
0.1838,pi,6.2800,4.2189,-0.0685,-0.0685
0.1892,pi,6.2800,4.3799,-0.0658,-0.0658
0.1939,pi,6.2800,4.5086,-0.0636,-0.0636
0.1993,pi,6.2800,4.6117,-0.0620,-0.0620
0.2038,pi,6.2800,4.6441,-0.0617,-0.0617
0.2087,pi,6.2800,4.6750,-0.0615,-0.0615
0.2138,pi,6.2800,4.6541,-0.0623,-0.0623
0.2188,pi,6.2800,4.6373,-0.0631,-0.0631
0.2238,pi,6.2800,4.6241,-0.0638,-0.0638
0.2287,pi,6.2800,4.5679,-0.0653,-0.0653
0.2338,pi,6.2800,4.4781,-0.0676,-0.0676
0.2388,pi,6.2800,4.4046,-0.0695,-0.0695
0.2443,pi,6.2800,4.3465,-0.0712,-0.0712
0.2497,pi,6.2800,4.2546,-0.0735,-0.0735
0.2546,pi,6.2800,4.1809,-0.0755,-0.0755
0.2591,pi,6.2800,4.1486,-0.0767,-0.0767
0.2638,pi,6.2800,4.1230,-0.0777,-0.0777
0.2687,pi,6.2800,4.1210,-0.0783,-0.0783
0.2738,pi,6.2800,4.1009,-0.0793,-0.0793
0.2787,pi,6.2800,4.1351,-0.0791,-0.0791
0.2838,pi,6.2800,4.1762,-0.0788,-0.0788
0.2888,pi,6.2800,4.2093,-0.0787,-0.0787
0.2940,pi,6.2800,4.2360,-0.0786,-0.0786
0.2994,pi,6.2800,4.2935,-0.0780,-0.0780
0.3043,pi,6.2800,4.3393,-0.0776,-0.0776
0.3087,pi,6.2800,4.3259,-0.0783,-0.0783
0.3137,pi,6.2800,4.3292,-0.0787,-0.0787
0.3187,pi,6.2800,4.3774,-0.0782,-0.0782
0.3238,pi,6.2800,4.3701,-0.0789,-0.0789
0.3287,pi,6.2800,4.3643,-0.0795,-0.0795
0.3338,pi,6.2800,4.3143,-0.0810,-0.0810
0.3390,pi,6.2800,4.3056,-0.0816,-0.0816
0.3437,pi,6.2800,4.3125,-0.0820,-0.0820
0.3487,pi,6.2800,4.3185,-0.0823,-0.0823
0.3538,pi,6.2800,4.2775,-0.0837,-0.0837
0.3587,pi,6.2800,4.2449,-0.0848,-0.0848
0.3637,pi,6.2800,4.2645,-0.0849,-0.0849
0.3688,pi,6.2800,4.2660,-0.0854,-0.0854
0.3737,pi,6.2800,4.2673,-0.0859,-0.0859
0.3787,pi,6.2800,4.2683,-0.0864,-0.0864
0.3838,pi,6.2800,4.3191,-0.0859,-0.0859
0.3889,pi,6.2800,4.3688,-0.0853,-0.0853
0.3939,pi,6.2800,4.3996,-0.0852,-0.0852
0.3988,pi,6.2800,4.4242,-0.0852,-0.0852
0.4040,pi,6.2800,4.4435,-0.0852,-0.0852
0.4087,pi,6.2800,4.4595,-0.0854,-0.0854
0.4138,pi,6.2800,4.4817,-0.0854,-0.0854
0.4188,pi,6.2800,4.4901,-0.0857,-0.0857
0.4237,pi,6.2800,4.5060,-0.0858,-0.0858
0.4287,pi,6.2800,4.5646,-0.0850,-0.0850
0.4338,pi,6.2800,4.6115,-0.0845,-0.0845
0.4387,pi,6.2800,4.6494,-0.0842,-0.0842
0.4438,pi,6.2800,4.6337,-0.0849,-0.0849
0.4487,pi,6.2800,4.6214,-0.0855,-0.0855
0.4538,pi,6.2800,4.6113,-0.0862,-0.0862
0.4587,pi,6.2800,4.6494,-0.0858,-0.0858
0.4637,pi,6.2800,4.6795,-0.0856,-0.0856
0.4687,pi,6.2800,4.7031,-0.0855,-0.0855
0.4738,pi,6.2800,4.7174,-0.0856,-0.0856
0.4787,pi,6.2800,4.7290,-0.0858,-0.0858
0.4838,pi,6.2800,4.7381,-0.0860,-0.0860
0.4887,pi,6.2800,4.7455,-0.0862,-0.0862
0.4937,pi,6.2800,4.8016,-0.0855,-0.0855
0.4987,pi,6.2800,4.8466,-0.0849,-0.0849
0.5037,pi,6.2800,4.8828,-0.0846,-0.0846
0.5090,pi,6.2800,4.8611,-0.0854,-0.0854
0.5144,pi,6.2800,4.8421,-0.0861,-0.0861
0.5199,pi,6.2800,4.8278,-0.0867,-0.0867
0.5251,pi,6.2800,4.8162,-0.0873,-0.0873
0.5302,pi,6.2800,4.8069,-0.0879,-0.0879
0.5349,pi,6.2800,4.7997,-0.0884,-0.0884
0.5395,pi,6.2800,4.7939,-0.0889,-0.0889
0.5445,pi,6.2800,4.7885,-0.0894,-0.0894
0.5498,pi,6.2800,4.7846,-0.0898,-0.0898
0.5545,pi,6.2800,4.7819,-0.0903,-0.0903
0.5592,pi,6.2800,4.8301,-0.0897,-0.0897
0.5644,pi,6.2800,4.8688,-0.0892,-0.0892
0.5692,pi,6.2800,4.9013,-0.0889,-0.0889
0.5739,pi,6.2800,4.9270,-0.0888,-0.0888
0.5788,pi,6.2800,4.9478,-0.0887,-0.0887
0.5840,pi,6.2800,4.9641,-0.0887,-0.0887
0.5888,pi,6.2800,4.9771,-0.0887,-0.0887
0.5940,pi,6.2800,4.9877,-0.0889,-0.0889
0.5991,pi,6.2800,4.9502,-0.0899,-0.0899
0.6043,pi,6.2800,4.9150,-0.0910,-0.0910
0.6092,pi,6.2800,4.9362,-0.0909,-0.0909
0.6144,pi,6.2800,4.9544,-0.0909,-0.0909
0.6194,pi,6.2800,4.9681,-0.0909,-0.0909
0.6244,pi,6.2800,4.9793,-0.0910,-0.0910
0.6289,pi,6.2800,4.9883,-0.0912,-0.0912
0.6339,pi,6.2800,4.9958,-0.0913,-0.0913
0.6389,pi,6.2800,5.0017,-0.0915,-0.0915
0.6440,pi,6.2800,5.0060,-0.0918,-0.0918
0.6489,pi,6.2800,5.0097,-0.0920,-0.0920
0.6539,pi,6.2800,5.0589,-0.0913,-0.0913
0.6589,pi,6.2800,5.0983,-0.0908,-0.0908
0.6638,pi,6.2800,5.0859,-0.0914,-0.0914
0.6688,pi,6.2800,5.0743,-0.0919,-0.0919
0.6738,pi,6.2800,5.0658,-0.0924,-0.0924
0.6787,pi,6.2800,5.0586,-0.0928,-0.0928
0.6840,pi,6.2800,5.0521,-0.0933,-0.0933
0.6888,pi,6.2800,5.0469,-0.0937,-0.0937
0.6937,pi,6.2800,5.0432,-0.0941,-0.0941
0.6987,pi,6.2800,5.0408,-0.0944,-0.0944
0.7039,pi,6.2800,5.0840,-0.0939,-0.0939
0.7094,pi,6.2800,5.1228,-0.0934,-0.0934
0.7145,pi,6.2800,5.1531,-0.0931,-0.0931
0.7192,pi,6.2800,5.1768,-0.0929,-0.0929
0.7244,pi,6.2800,5.1965,-0.0927,-0.0927
0.7293,pi,6.2800,5.2116,-0.0927,-0.0927
0.7347,pi,6.2800,5.2241,-0.0927,-0.0927
0.7394,pi,6.2800,5.2338,-0.0928,-0.0928
0.7444,pi,6.2800,5.2401,-0.0929,-0.0929
0.7498,pi,6.2800,5.2463,-0.0930,-0.0930
0.7540,pi,6.2800,5.2022,-0.0942,-0.0942
0.7588,pi,6.2800,5.1674,-0.0952,-0.0952
0.7638,pi,6.2800,5.1855,-0.0951,-0.0951
0.7687,pi,6.2800,5.2004,-0.0951,-0.0951
0.7739,pi,6.2800,5.2126,-0.0951,-0.0951
0.7787,pi,6.2800,5.2213,-0.0952,-0.0952
0.7837,pi,6.2800,5.2292,-0.0953,-0.0953
0.7887,pi,6.2800,5.2358,-0.0954,-0.0954
0.7937,pi,6.2800,5.2412,-0.0956,-0.0956
0.7987,pi,6.2800,5.2465,-0.0957,-0.0957
0.8038,pi,6.2800,5.2493,-0.0959,-0.0959
0.8087,pi,6.2800,5.2970,-0.0952,-0.0952
0.8137,pi,6.2800,5.3347,-0.0947,-0.0947
0.8187,pi,6.2800,5.3192,-0.0952,-0.0952
0.8237,pi,6.2800,5.3065,-0.0957,-0.0957
0.8287,pi,6.2800,5.2963,-0.0962,-0.0962
0.8339,pi,6.2800,5.2920,-0.0965,-0.0965
0.8388,pi,6.2800,5.2887,-0.0968,-0.0968
0.8438,pi,6.2800,5.3353,-0.0961,-0.0961
0.8487,pi,6.2800,5.3735,-0.0956,-0.0956
0.8538,pi,6.2800,5.4042,-0.0952,-0.0952
0.8589,pi,6.2800,5.3787,-0.0959,-0.0959
0.8641,pi,6.2800,5.3579,-0.0966,-0.0966
0.8691,pi,6.2800,5.3905,-0.0962,-0.0962
0.8740,pi,6.2800,5.4175,-0.0958,-0.0958
0.8787,pi,6.2800,5.4396,-0.0956,-0.0956
0.8837,pi,6.2800,5.4481,-0.0956,-0.0956
0.8887,pi,6.2800,5.4558,-0.0957,-0.0957
0.8939,pi,6.2800,5.4613,-0.0958,-0.0958
0.8989,pi,6.2800,5.4245,-0.0967,-0.0967
0.9037,pi,6.2800,5.3906,-0.0976,-0.0976
0.9088,pi,6.2800,5.3638,-0.0984,-0.0984
0.9137,pi,6.2800,5.3881,-0.0981,-0.0981
0.9188,pi,6.2800,5.4077,-0.0980,-0.0980
0.9240,pi,6.2800,5.3783,-0.0988,-0.0988
0.9292,pi,6.2800,5.3572,-0.0994,-0.0994
0.9340,pi,6.2800,5.3414,-0.1000,-0.1000
0.9389,pi,6.2800,5.3786,-0.0995,-0.0995
0.9437,pi,6.2800,5.3994,-0.0993,-0.0993
0.9487,pi,6.2800,5.4167,-0.0991,-0.0991
0.9537,pi,6.2800,5.4304,-0.0991,-0.0991
0.9588,pi,6.2800,5.4501,-0.0989,-0.0989
0.9638,pi,6.2800,5.4153,-0.0998,-0.0998
0.9688,pi,6.2800,5.4378,-0.0996,-0.0996
0.9740,pi,6.2800,5.4557,-0.0994,-0.0994
0.9795,pi,6.2800,5.4608,-0.0995,-0.0995
0.9846,pi,6.2800,5.5238,-0.0984,-0.0984
0.9890,pi,6.2800,5.5246,-0.0986,-0.0986
0.9937,pi,6.2800,5.5168,-0.0990,-0.0990
0.9988,pi,6.2800,5.5104,-0.0993,-0.0993
1.0038,pi,6.2800,5.5140,-0.0994,-0.0994
1.0088,pi,6.2800,5.5170,-0.0995,-0.0995
1.0137,pi,6.2800,5.5561,-0.0989,-0.0989
1.0188,pi,6.2800,5.5876,-0.0985,-0.0985
1.0237,pi,6.2800,5.5670,-0.0991,-0.0991
1.0288,pi,6.2800,5.5969,-0.0986,-0.0986
1.0337,pi,6.2800,5.6208,-0.0983,-0.0983
1.0387,pi,6.2800,5.5949,-0.0990,-0.0990
1.0438,pi,6.2800,5.5817,-0.0994,-0.0994
1.0488,pi,6.2800,5.5711,-0.0998,-0.0998
1.0537,pi,6.2800,5.5993,-0.0994,-0.0994
1.0587,pi,6.2800,5.6219,-0.0991,-0.0991
1.0638,pi,6.2800,5.6033,-0.0997,-0.0997
1.0687,pi,6.2800,5.5795,-0.1003,-0.1003
1.0738,pi,6.2800,5.6197,-0.0997,-0.0997
1.0787,pi,6.2800,5.6016,-0.1002,-0.1002
1.0837,pi,6.2800,5.5870,-0.1007,-0.1007
1.0888,pi,6.2800,5.5747,-0.1011,-0.1011
1.0938,pi,6.2800,5.6152,-0.1005,-0.1005
1.0988,pi,6.2800,5.6476,-0.1000,-0.1000
1.1040,pi,6.2800,5.6234,-0.1006,-0.1006
1.1089,pi,6.2800,5.6035,-0.1012,-0.1012
1.1138,pi,6.2800,5.6384,-0.1007,-0.1007
1.1190,pi,6.2800,5.6664,-0.1003,-0.1003
1.1239,pi,6.2800,5.6385,-0.1010,-0.1010
1.1289,pi,6.2800,5.6161,-0.1016,-0.1016
1.1337,pi,6.2800,5.6488,-0.1011,-0.1011
1.1387,pi,6.2800,5.6614,-0.1010,-0.1010
1.1437,pi,6.2800,5.6721,-0.1009,-0.1009
1.1487,pi,6.2800,5.6806,-0.1009,-0.1009
1.1537,pi,6.2800,5.6874,-0.1009,-0.1009
1.1588,pi,6.2800,5.6925,-0.1010,-0.1010
1.1638,pi,6.2800,5.6594,-0.1018,-0.1018
1.1687,pi,6.2800,5.6243,-0.1027,-0.1027
1.1738,pi,6.2800,5.6556,-0.1022,-0.1022
1.1787,pi,6.2800,5.6671,-0.1021,-0.1021
1.1838,pi,6.2800,5.6379,-0.1029,-0.1029
1.1891,pi,6.2800,5.6656,-0.1025,-0.1025
1.1938,pi,6.2800,5.6881,-0.1022,-0.1022
1.1990,pi,6.2800,5.6561,-0.1030,-0.1030
1.2038,pi,6.2800,5.6300,-0.1036,-0.1036
1.2096,pi,6.2800,5.6595,-0.1032,-0.1032
1.2148,pi,6.2800,5.6696,-0.1032,-0.1032
1.2190,pi,6.2800,5.6914,-0.1029,-0.1029
1.2237,pi,6.2800,5.7411,-0.1020,-0.1020
1.2288,pi,6.2800,5.7490,-0.1020,-0.1020
1.2337,pi,6.2800,5.7415,-0.1023,-0.1023
1.2388,pi,6.2800,5.7825,-0.1016,-0.1016
1.2438,pi,6.2800,5.7689,-0.1020,-0.1020
1.2488,pi,6.2800,5.7578,-0.1023,-0.1023
1.2538,pi,6.2800,5.7488,-0.1026,-0.1026
1.2587,pi,6.2800,5.7877,-0.1020,-0.1020
1.2637,pi,6.2800,5.7732,-0.1024,-0.1024
1.2688,pi,6.2800,5.7611,-0.1028,-0.1028
1.2738,pi,6.2800,5.7147,-0.1038,-0.1038
1.2787,pi,6.2800,5.7142,-0.1040,-0.1040
1.2838,pi,6.2800,5.7138,-0.1041,-0.1041
1.2887,pi,6.2800,5.6768,-0.1050,-0.1050
1.2937,pi,6.2800,5.6840,-0.1050,-0.1050
1.2987,pi,6.2800,5.6897,-0.1051,-0.1051
1.3038,pi,6.2800,5.7078,-0.1048,-0.1048
1.3087,pi,6.2800,5.7543,-0.1040,-0.1040
1.3138,pi,6.2800,5.7459,-0.1043,-0.1043
1.3188,pi,6.2800,5.7390,-0.1046,-0.1046
1.3237,pi,6.2800,5.7796,-0.1039,-0.1039
1.3287,pi,6.2800,5.8120,-0.1034,-0.1034
1.3337,pi,6.2800,5.7921,-0.1039,-0.1039
1.3387,pi,6.2800,5.8219,-0.1034,-0.1034
1.3439,pi,6.2800,5.8132,-0.1037,-0.1037
1.3488,pi,6.2800,5.8064,-0.1040,-0.1040
1.3537,pi,6.2800,5.8332,-0.1036,-0.1036
1.3588,pi,6.2800,5.8226,-0.1039,-0.1039
1.3638,pi,6.2800,5.8138,-0.1042,-0.1042
1.3688,pi,6.2800,5.8569,-0.1034,-0.1034
1.3738,pi,6.2800,5.8414,-0.1038,-0.1038
1.3788,pi,6.2800,5.8287,-0.1042,-0.1042
1.3837,pi,6.2800,5.8691,-0.1035,-0.1035
1.3888,pi,6.2800,5.8513,-0.1040,-0.1040
1.3937,pi,6.2800,5.8230,-0.1046,-0.1046
1.3988,pi,6.2800,5.8468,-0.1043,-0.1043
1.4038,pi,6.2800,5.8334,-0.1047,-0.1047
1.4088,pi,6.2800,5.8730,-0.1040,-0.1040
1.4137,pi,6.2800,5.8864,-0.1038,-0.1038
1.4188,pi,6.2800,5.8973,-0.1037,-0.1037
1.4238,pi,6.2800,5.8738,-0.1043,-0.1043
1.4303,pi,6.2800,5.9047,-0.1037,-0.1037
1.4356,pi,6.2800,5.8791,-0.1043,-0.1043
1.4407,pi,6.2800,5.9084,-0.1038,-0.1038
1.4471,pi,6.2800,5.9306,-0.1035,-0.1035
1.4542,pi,6.2800,5.8974,-0.1043,-0.1043
1.4595,pi,6.2800,5.8703,-0.1049,-0.1049
1.4644,pi,6.2800,5.8520,-0.1054,-0.1054
1.4691,pi,6.2800,5.8360,-0.1058,-0.1058
1.4732,pi,6.2800,5.8734,-0.1052,-0.1052
1.4774,pi,6.2800,5.9047,-0.1046,-0.1046
1.4815,pi,6.2800,5.9113,-0.1046,-0.1046
1.4855,pi,6.2800,5.9181,-0.1045,-0.1045
1.4897,pi,6.2800,5.9228,-0.1045,-0.1045
1.4942,pi,6.2800,5.8816,-0.1055,-0.1055
1.4987,pi,6.2800,5.8957,-0.1053,-0.1053
1.5037,pi,6.2800,5.9075,-0.1051,-0.1051
1.5088,pi,6.2800,5.9175,-0.1050,-0.1050
1.5138,pi,6.2800,5.9227,-0.1050,-0.1050
1.5188,pi,6.2800,5.9277,-0.1050,-0.1050
1.5238,pi,6.2800,5.9319,-0.1050,-0.1050
1.5288,pi,6.2800,5.9333,-0.1050,-0.1050
1.5339,pi,6.2800,5.9028,-0.1058,-0.1058
1.5393,pi,6.2800,5.9102,-0.1057,-0.1057
1.5441,pi,6.2800,5.9344,-0.1053,-0.1053
1.5488,pi,6.2800,5.9032,-0.1060,-0.1060
1.5537,pi,6.2800,5.9288,-0.1056,-0.1056
1.5588,pi,6.2800,5.9493,-0.1053,-0.1053
1.5637,pi,6.2800,5.9658,-0.1050,-0.1050
1.5688,pi,6.2800,5.9607,-0.1052,-0.1052
1.5738,pi,6.2800,5.9747,-0.1050,-0.1050
1.5787,pi,6.2800,5.9683,-0.1052,-0.1052
1.5837,pi,6.2800,5.9636,-0.1054,-0.1054
1.5887,pi,6.2800,5.9594,-0.1055,-0.1055
1.5937,pi,6.2800,5.9564,-0.1057,-0.1057
1.5987,pi,6.2800,5.9539,-0.1058,-0.1058
1.6038,pi,6.2800,5.9979,-0.1050,-0.1050
1.6087,pi,6.2800,5.9866,-0.1053,-0.1053
1.6137,pi,6.2800,5.9777,-0.1056,-0.1056
1.6187,pi,6.2800,5.9706,-0.1058,-0.1058
1.6237,pi,6.2800,5.9651,-0.1060,-0.1060
1.6288,pi,6.2800,5.9275,-0.1068,-0.1068
1.6338,pi,6.2800,5.9479,-0.1065,-0.1065
1.6387,pi,6.2800,5.9643,-0.1062,-0.1062
1.6437,pi,6.2800,5.9774,-0.1060,-0.1060
1.6487,pi,6.2800,5.9879,-0.1059,-0.1059
1.6538,pi,6.2800,5.9459,-0.1068,-0.1068
1.6587,pi,6.2800,5.9628,-0.1066,-0.1066
1.6640,pi,6.2800,5.9758,-0.1064,-0.1064
1.6692,pi,6.2800,5.9359,-0.1073,-0.1073
1.6744,pi,6.2800,5.9539,-0.1070,-0.1070
1.6790,pi,6.2800,5.9691,-0.1068,-0.1068
1.6840,pi,6.2800,5.9813,-0.1066,-0.1066
1.6891,pi,6.2800,5.9908,-0.1065,-0.1065
1.6942,pi,6.2800,5.9479,-0.1074,-0.1074
1.6992,pi,6.2800,5.9634,-0.1072,-0.1072
1.7043,pi,6.2800,5.9761,-0.1070,-0.1070
1.7094,pi,6.2800,5.9865,-0.1069,-0.1069
1.7139,pi,6.2800,5.9769,-0.1071,-0.1071
1.7188,pi,6.2800,5.9699,-0.1074,-0.1074
1.7237,pi,6.2800,6.0101,-0.1066,-0.1066
1.7289,pi,6.2800,6.0427,-0.1060,-0.1060
1.7338,pi,6.2800,6.0683,-0.1056,-0.1056
1.7388,pi,6.2800,6.0429,-0.1061,-0.1061
1.7438,pi,6.2800,6.0687,-0.1057,-0.1057
1.7488,pi,6.2800,6.0896,-0.1053,-0.1053
1.7538,pi,6.2800,6.1068,-0.1050,-0.1050
1.7588,pi,6.2800,6.1200,-0.1048,-0.1048
1.7638,pi,6.2800,6.0845,-0.1055,-0.1055
1.7688,pi,6.2800,6.1019,-0.1052,-0.1052
1.7738,pi,6.2800,6.0879,-0.1056,-0.1056
1.7787,pi,6.2800,6.0765,-0.1058,-0.1058
1.7837,pi,6.2800,6.0491,-0.1064,-0.1064
1.7887,pi,6.2800,6.0276,-0.1069,-0.1069
1.7937,pi,6.2800,6.0561,-0.1064,-0.1064
1.7987,pi,6.2800,6.0330,-0.1070,-0.1070
1.8038,pi,6.2800,6.0327,-0.1070,-0.1070
1.8087,pi,6.2800,6.0142,-0.1075,-0.1075
1.8138,pi,6.2800,5.9995,-0.1078,-0.1078
1.8188,pi,6.2800,6.0054,-0.1078,-0.1078
1.8238,pi,6.2800,6.0106,-0.1077,-0.1077
1.8288,pi,6.2800,6.0148,-0.1077,-0.1077
1.8337,pi,6.2800,6.0000,-0.1081,-0.1081
1.8388,pi,6.2800,6.0062,-0.1080,-0.1080
1.8437,pi,6.2800,6.0112,-0.1080,-0.1080
1.8488,pi,6.2800,6.0654,-0.1070,-0.1070
1.8537,pi,6.2800,6.0861,-0.1066,-0.1066
1.8587,pi,6.2800,6.0571,-0.1072,-0.1072
1.8637,pi,6.2800,6.0798,-0.1068,-0.1068
1.8687,pi,6.2800,6.0979,-0.1065,-0.1065
1.8737,pi,6.2800,6.1131,-0.1063,-0.1063
1.8787,pi,6.2800,6.1246,-0.1061,-0.1061
1.8837,pi,6.2800,6.0880,-0.1068,-0.1068
1.8887,pi,6.2800,6.1044,-0.1066,-0.1066
1.8937,pi,6.2800,6.1177,-0.1063,-0.1063
1.8987,pi,6.2800,6.1283,-0.1062,-0.1062
1.9037,pi,6.2800,6.0910,-0.1069,-0.1069
1.9087,pi,6.2800,6.1069,-0.1067,-0.1067
1.9137,pi,6.2800,6.0917,-0.1070,-0.1070
1.9187,pi,6.2800,6.1072,-0.1068,-0.1068
1.9237,pi,6.2800,6.0921,-0.1071,-0.1071
1.9288,pi,6.2800,6.0795,-0.1074,-0.1074
1.9337,pi,6.2800,6.0973,-0.1071,-0.1071
1.9388,pi,6.2800,6.0841,-0.1074,-0.1074
1.9437,pi,6.2800,6.1010,-0.1071,-0.1071
1.9488,pi,6.2800,6.0871,-0.1074,-0.1074
1.9537,pi,6.2800,6.0578,-0.1081,-0.1081
1.9589,pi,6.2800,6.0521,-0.1083,-0.1083
1.9638,pi,6.2800,6.0473,-0.1084,-0.1084
1.9687,pi,6.2800,6.0437,-0.1085,-0.1085
1.9738,pi,6.2800,6.0409,-0.1087,-0.1087
1.9787,pi,6.2800,6.0661,-0.1082,-0.1082
1.9838,pi,6.2800,6.0591,-0.1084,-0.1084
1.9887,pi,6.2800,6.1038,-0.1076,-0.1076
1.9938,pi,6.2800,6.0891,-0.1079,-0.1079
1.9987,pi,6.2800,6.0774,-0.1082,-0.1082
2.0038,pi,6.2800,6.1183,-0.1074,-0.1074
2.0087,pi,6.2800,6.1280,-0.1072,-0.1072
2.0137,pi,6.2800,6.1363,-0.1071,-0.1071
2.0188,pi,6.2800,6.1154,-0.1076,-0.1076
2.0237,pi,6.2800,6.1261,-0.1074,-0.1074
2.0288,pi,6.2800,6.1072,-0.1078,-0.1078
2.0337,pi,6.2800,6.1423,-0.1072,-0.1072
2.0387,pi,6.2800,6.1201,-0.1076,-0.1076
2.0437,pi,6.2800,6.1298,-0.1075,-0.1075
2.0488,pi,6.2800,6.1605,-0.1069,-0.1069
2.0537,pi,6.2800,6.2079,-0.1060,-0.1060
2.0587,pi,6.2800,6.2000,-0.1061,-0.1061
2.0638,pi,6.2800,6.1663,-0.1068,-0.1068
2.0687,pi,6.2800,6.1667,-0.1069,-0.1069
2.0738,pi,6.2800,6.1672,-0.1069,-0.1069
2.0789,pi,6.2800,6.1903,-0.1064,-0.1064
2.0838,pi,6.2800,6.1582,-0.1071,-0.1071
2.0893,pi,6.2800,6.1324,-0.1077,-0.1077
2.0944,pi,6.2800,6.1119,-0.1081,-0.1081
2.0989,pi,6.2800,6.0957,-0.1085,-0.1085
2.1038,pi,6.2800,6.0827,-0.1088,-0.1088
2.1088,pi,6.2800,6.0721,-0.1091,-0.1091
2.1138,pi,6.2800,6.1141,-0.1083,-0.1083
2.1188,pi,6.2800,6.0977,-0.1086,-0.1086
2.1237,pi,6.2800,6.1347,-0.1079,-0.1079
2.1288,pi,6.2800,6.1413,-0.1078,-0.1078
2.1338,pi,6.2800,6.1017,-0.1087,-0.1087
2.1388,pi,6.2800,6.1154,-0.1084,-0.1084
2.1437,pi,6.2800,6.1266,-0.1083,-0.1083
2.1487,pi,6.2800,6.1356,-0.1081,-0.1081
2.1538,pi,6.2800,6.1423,-0.1080,-0.1080
2.1588,pi,6.2800,6.1477,-0.1079,-0.1079
2.1637,pi,6.2800,6.1524,-0.1079,-0.1079
2.1687,pi,6.2800,6.1563,-0.1078,-0.1078
2.1738,pi,6.2800,6.1588,-0.1078,-0.1078
2.1789,pi,6.2800,6.1332,-0.1084,-0.1084
2.1838,pi,6.2800,6.1629,-0.1078,-0.1078
2.1901,pi,6.2800,6.1594,-0.1079,-0.1079
2.1958,pi,6.2800,6.1787,-0.1075,-0.1075
2.2009,pi,6.2800,6.1479,-0.1082,-0.1082
2.2057,pi,6.2800,6.1731,-0.1077,-0.1077
2.2114,pi,6.2800,6.1934,-0.1073,-0.1073
2.2183,pi,6.2800,6.2070,-0.1071,-0.1071
2.2236,pi,6.2800,6.1677,-0.1079,-0.1079
2.2288,pi,6.2800,6.1884,-0.1075,-0.1075
2.2342,pi,6.2800,6.2565,-0.1061,-0.1061
2.2394,pi,6.2800,6.2595,-0.1061,-0.1061
2.2446,pi,6.2800,6.2400,-0.1065,-0.1065
2.2495,pi,6.2800,6.2466,-0.1064,-0.1064
2.2562,pi,6.2800,6.2529,-0.1062,-0.1062
2.2625,pi,6.2800,6.1582,-0.1082,-0.1082
2.2672,pi,6.2800,6.0320,-0.1108,-0.1108
2.2723,pi,6.2800,5.9223,-0.1130,-0.1130
2.2771,pi,6.2800,5.7897,-0.1158,-0.1158
2.2828,pi,6.2800,5.6855,-0.1180,-0.1180
2.2876,pi,6.2800,5.6010,-0.1199,-0.1199
2.2924,pi,6.2800,5.4830,-0.1225,-0.1225
2.2984,pi,6.2800,5.4387,-0.1236,-0.1236
2.3050,pi,6.2800,5.4024,-0.1245,-0.1245
2.3104,pi,6.2800,5.3770,-0.1252,-0.1252
2.3161,pi,6.2800,5.4073,-0.1248,-0.1248
2.3218,pi,6.2800,5.4687,-0.1238,-0.1238
2.3274,pi,6.2800,5.6008,-0.1214,-0.1214
2.3325,pi,6.2800,5.6321,-0.1209,-0.1209
2.3389,pi,6.2800,5.6951,-0.1198,-0.1198
2.3455,pi,6.2800,5.7908,-0.1180,-0.1180
2.3504,pi,6.2800,5.8198,-0.1175,-0.1175
2.3557,pi,6.2800,5.8913,-0.1162,-0.1162
2.3603,pi,6.2800,5.9472,-0.1152,-0.1152
2.3647,pi,6.2800,5.9917,-0.1143,-0.1143
2.3688,pi,6.2800,6.0284,-0.1137,-0.1137
2.3728,pi,6.2800,6.0794,-0.1127,-0.1127
2.3768,pi,6.2800,6.0978,-0.1124,-0.1124
2.3810,pi,6.2800,6.1355,-0.1117,-0.1117
2.3851,pi,6.2800,6.1892,-0.1106,-0.1106
2.3891,pi,6.2800,6.3223,-0.1079,-0.1079
2.3931,pi,6.2800,6.3833,-0.1067,-0.1067
2.3970,pi,6.2800,6.4793,-0.1047,-0.1047
2.4011,pi,6.2800,6.5552,-0.1031,-0.1031
2.4053,pi,6.2800,6.5701,-0.1028,-0.1028
2.4094,pi,6.2800,6.6276,-0.1015,-0.1015
2.4136,pi,6.2800,6.6278,-0.1014,-0.1014
2.4176,pi,6.2800,6.6593,-0.1007,-0.1007
2.4216,pi,6.2800,6.6343,-0.1011,-0.1011
2.4256,pi,6.2800,6.6330,-0.1011,-0.1011
2.4297,pi,6.2800,6.5629,-0.1024,-0.1024
2.4342,pi,6.2800,6.5055,-0.1035,-0.1035
2.4388,pi,6.2800,6.4841,-0.1039,-0.1039
2.4438,pi,6.2800,6.4211,-0.1051,-0.1051
2.4488,pi,6.2800,6.3708,-0.1061,-0.1061
2.4539,pi,6.2800,6.3027,-0.1074,-0.1074
2.4588,pi,6.2800,6.2483,-0.1085,-0.1085
2.4638,pi,6.2800,6.2329,-0.1088,-0.1088
2.4688,pi,6.2800,6.1747,-0.1100,-0.1100
2.4744,pi,6.2800,6.1323,-0.1109,-0.1109
2.4790,pi,6.2800,6.1133,-0.1113,-0.1113
2.4838,pi,6.2800,6.0785,-0.1121,-0.1121
2.4888,pi,6.2800,6.0978,-0.1117,-0.1117
2.4938,pi,6.2800,6.1123,-0.1115,-0.1115
2.4988,pi,6.2800,6.1238,-0.1113,-0.1113
2.5038,pi,6.2800,6.0871,-0.1121,-0.1121
2.5088,pi,6.2800,6.1041,-0.1118,-0.1118
2.5138,pi,6.2800,6.1397,-0.1111,-0.1111
2.5187,pi,6.2800,6.1456,-0.1110,-0.1110
2.5238,pi,6.2800,6.1503,-0.1110,-0.1110
2.5288,pi,6.2800,6.1644,-0.1107,-0.1107
2.5338,pi,6.2800,6.2116,-0.1098,-0.1098
2.5388,pi,6.2800,6.2258,-0.1095,-0.1095
2.5438,pi,6.2800,6.2373,-0.1093,-0.1093
2.5488,pi,6.2800,6.2464,-0.1091,-0.1091
2.5538,pi,6.2800,6.3038,-0.1080,-0.1080
2.5590,pi,6.2800,6.2976,-0.1081,-0.1081
2.5638,pi,6.2800,6.2946,-0.1081,-0.1081
2.5688,pi,6.2800,6.2923,-0.1082,-0.1082
2.5737,pi,6.2800,6.3132,-0.1078,-0.1078
2.5788,pi,6.2800,6.3301,-0.1074,-0.1074
2.5838,pi,6.2800,6.3440,-0.1071,-0.1071
2.5888,pi,6.2800,6.3089,-0.1078,-0.1078
2.5938,pi,6.2800,6.3267,-0.1074,-0.1074
2.5988,pi,6.2800,6.2951,-0.1081,-0.1081
2.6038,pi,6.2800,6.2694,-0.1086,-0.1086
2.6088,pi,6.2800,6.2495,-0.1090,-0.1090
2.6138,pi,6.2800,6.2561,-0.1089,-0.1089
2.6188,pi,6.2800,6.2613,-0.1088,-0.1088
2.6238,pi,6.2800,6.2152,-0.1097,-0.1097
2.6288,pi,6.2800,6.2285,-0.1094,-0.1094
2.6338,pi,6.2800,6.1889,-0.1103,-0.1103
2.6388,pi,6.2800,6.2076,-0.1099,-0.1099
2.6438,pi,6.2800,6.1721,-0.1106,-0.1106
2.6488,pi,6.2800,6.1941,-0.1102,-0.1102
2.6538,pi,6.2800,6.1888,-0.1104,-0.1104
2.6588,pi,6.2800,6.2308,-0.1095,-0.1095
2.6638,pi,6.2800,6.2194,-0.1098,-0.1098
2.6688,pi,6.2800,6.2096,-0.1100,-0.1100
2.6739,pi,6.2800,6.2242,-0.1097,-0.1097
2.6788,pi,6.2800,6.2588,-0.1090,-0.1090
2.6838,pi,6.2800,6.2636,-0.1089,-0.1089
2.6888,pi,6.2800,6.2672,-0.1089,-0.1089
2.6938,pi,6.2800,6.2476,-0.1093,-0.1093
2.6988,pi,6.2800,6.2543,-0.1091,-0.1091
2.7038,pi,6.2800,6.2373,-0.1095,-0.1095
2.7088,pi,6.2800,6.2463,-0.1093,-0.1093
2.7138,pi,6.2800,6.3032,-0.1082,-0.1082
2.7188,pi,6.2800,6.3215,-0.1078,-0.1078
2.7238,pi,6.2800,6.2909,-0.1084,-0.1084
2.7288,pi,6.2800,6.3125,-0.1080,-0.1080
2.7339,pi,6.2800,6.2839,-0.1085,-0.1085
2.7388,pi,6.2800,6.3068,-0.1081,-0.1081
2.7438,pi,6.2800,6.2797,-0.1086,-0.1086
2.7488,pi,6.2800,6.3034,-0.1081,-0.1081
2.7540,pi,6.2800,6.2987,-0.1082,-0.1082
2.7589,pi,6.2800,6.2953,-0.1083,-0.1083
2.7638,pi,6.2800,6.2422,-0.1093,-0.1093
2.7688,pi,6.2800,6.2503,-0.1092,-0.1092
2.7738,pi,6.2800,6.2340,-0.1095,-0.1095
2.7789,pi,6.2800,6.2436,-0.1093,-0.1093
2.7838,pi,6.2800,6.2513,-0.1092,-0.1092
2.7888,pi,6.2800,6.2805,-0.1086,-0.1086
2.7939,pi,6.2800,6.2810,-0.1086,-0.1086
2.7988,pi,6.2800,6.2814,-0.1086,-0.1086
2.8038,pi,6.2800,6.2589,-0.1091,-0.1091
2.8091,pi,6.2800,6.2617,-0.1090,-0.1090
2.8144,pi,6.2800,6.2655,-0.1089,-0.1089
2.8188,pi,6.2800,6.2687,-0.1089,-0.1089
2.8237,pi,6.2800,6.2714,-0.1088,-0.1088
2.8288,pi,6.2800,6.2736,-0.1088,-0.1088
2.8338,pi,6.2800,6.2529,-0.1092,-0.1092
2.8387,pi,6.2800,6.2821,-0.1086,-0.1086
2.8438,pi,6.2800,6.2595,-0.1091,-0.1091
2.8487,pi,6.2800,6.2873,-0.1085,-0.1085
2.8538,pi,6.2800,6.2637,-0.1090,-0.1090
2.8588,pi,6.2800,6.2905,-0.1084,-0.1084
2.8638,pi,6.2800,6.2687,-0.1089,-0.1089
2.8687,pi,6.2800,6.2954,-0.1084,-0.1084
2.8738,pi,6.2800,6.2705,-0.1089,-0.1089
2.8787,pi,6.2800,6.2961,-0.1083,-0.1083
2.8838,pi,6.2800,6.2710,-0.1088,-0.1088
2.8888,pi,6.2800,6.2232,-0.1098,-0.1098
2.8937,pi,6.2800,6.2124,-0.1100,-0.1100
2.8988,pi,6.2800,6.2265,-0.1098,-0.1098
2.9038,pi,6.2800,6.2378,-0.1096,-0.1096
2.9088,pi,6.2800,6.1963,-0.1104,-0.1104
2.9139,pi,6.2800,6.2134,-0.1101,-0.1101
2.9195,pi,6.2800,6.1756,-0.1109,-0.1109
2.9246,pi,6.2800,6.1959,-0.1105,-0.1105
2.9301,pi,6.2800,6.1609,-0.1112,-0.1112
2.9348,pi,6.2800,6.1835,-0.1108,-0.1108
2.9394,pi,6.2800,6.2522,-0.1094,-0.1094
2.9441,pi,6.2800,6.2570,-0.1093,-0.1093
2.9494,pi,6.2800,6.2111,-0.1103,-0.1103
2.9540,pi,6.2800,6.2245,-0.1100,-0.1100
2.9594,pi,6.2800,6.2858,-0.1088,-0.1088
2.9640,pi,6.2800,6.2844,-0.1088,-0.1088
2.9691,pi,6.2800,6.3335,-0.1078,-0.1078
2.9749,pi,6.2800,6.3222,-0.1080,-0.1080
2.9793,pi,6.2800,6.3376,-0.1077,-0.1077
2.9838,pi,6.2800,6.3510,-0.1074,-0.1074
2.9888,pi,6.2800,6.2869,-0.1087,-0.1087
2.9937,pi,6.2800,6.2642,-0.1092,-0.1092
2.9988,pi,6.2800,6.2922,-0.1086,-0.1086
3.0037,pi,6.2800,6.3141,-0.1081,-0.1081
3.0088,pi,6.2800,6.2860,-0.1087,-0.1087
3.0137,pi,6.2800,6.2633,-0.1092,-0.1092
3.0187,pi,6.2800,6.2913,-0.1086,-0.1086
3.0237,pi,6.2800,6.2690,-0.1091,-0.1091
3.0288,pi,6.2800,6.2718,-0.1090,-0.1090
3.0337,pi,6.2800,6.2518,-0.1094,-0.1094
3.0388,pi,6.2800,6.2813,-0.1088,-0.1088
3.0437,pi,6.2800,6.3056,-0.1083,-0.1083
3.0488,pi,6.2800,6.2507,-0.1094,-0.1094
3.0537,pi,6.2800,6.2344,-0.1098,-0.1098
3.0588,pi,6.2800,6.2214,-0.1100,-0.1100
3.0637,pi,6.2800,6.2568,-0.1093,-0.1093
3.0688,pi,6.2800,6.2117,-0.1103,-0.1103
3.0737,pi,6.2800,6.2031,-0.1104,-0.1104
3.0787,pi,6.2800,6.1965,-0.1106,-0.1106
3.0837,pi,6.2800,6.1918,-0.1107,-0.1107
3.0887,pi,6.2800,6.1876,-0.1108,-0.1108
3.0937,pi,6.2800,6.1840,-0.1109,-0.1109
3.0987,pi,6.2800,6.1813,-0.1110,-0.1110
3.1038,pi,6.2800,6.2010,-0.1106,-0.1106
3.1090,pi,6.2800,6.2171,-0.1103,-0.1103
3.1141,pi,6.2800,6.2297,-0.1101,-0.1101
3.1191,pi,6.2800,6.2401,-0.1099,-0.1099
3.1237,pi,6.2800,6.2483,-0.1097,-0.1097
3.1288,pi,6.2800,6.2544,-0.1096,-0.1096
3.1343,pi,6.2800,6.2591,-0.1095,-0.1095
3.1396,pi,6.2800,6.2621,-0.1095,-0.1095
3.1442,pi,6.2800,6.2649,-0.1094,-0.1094
3.1488,pi,6.2800,6.2678,-0.1094,-0.1094
3.1537,pi,6.2800,6.2934,-0.1088,-0.1088
3.1588,pi,6.2800,6.2692,-0.1093,-0.1093
3.1638,pi,6.2800,6.2950,-0.1088,-0.1088
3.1688,pi,6.2800,6.2921,-0.1089,-0.1089
3.1738,pi,6.2800,6.3132,-0.1084,-0.1084
3.1789,pi,6.2800,6.3299,-0.1081,-0.1081
3.1840,pi,6.2800,6.3437,-0.1078,-0.1078
3.1888,pi,6.2800,6.3552,-0.1075,-0.1075
3.1938,pi,6.2800,6.3651,-0.1073,-0.1073
3.1989,pi,6.2800,6.3987,-0.1066,-0.1066
3.2038,pi,6.2800,6.3752,-0.1071,-0.1071
3.2088,pi,6.2800,6.3564,-0.1074,-0.1074
3.2140,pi,6.2800,6.3411,-0.1077,-0.1077
3.2187,pi,6.2800,6.3069,-0.1084,-0.1084
3.2243,pi,6.2800,6.3013,-0.1085,-0.1085
3.2304,pi,6.2800,6.2432,-0.1097,-0.1097
3.2364,pi,6.2800,6.1511,-0.1115,-0.1115
3.2417,pi,6.2800,6.0235,-0.1142,-0.1142
3.2479,pi,6.2800,5.9743,-0.1152,-0.1152
3.2547,pi,6.2800,5.8817,-0.1172,-0.1172
3.2598,pi,6.2800,5.8592,-0.1177,-0.1177
3.2652,pi,6.2800,5.8425,-0.1182,-0.1182
3.2699,pi,6.2800,5.8294,-0.1185,-0.1185
3.2742,pi,6.2800,5.8187,-0.1189,-0.1189
3.2781,pi,6.2800,5.8428,-0.1185,-0.1185
3.2819,pi,6.2800,5.8169,-0.1191,-0.1191
3.2863,pi,6.2800,5.8447,-0.1187,-0.1187
3.2903,pi,6.2800,5.9564,-0.1165,-0.1165
3.2942,pi,6.2800,6.0468,-0.1148,-0.1148
3.2987,pi,6.2800,6.1179,-0.1134,-0.1134
3.3037,pi,6.2800,6.1770,-0.1123,-0.1123
3.3087,pi,6.2800,6.2237,-0.1113,-0.1113
3.3137,pi,6.2800,6.3055,-0.1097,-0.1097
3.3187,pi,6.2800,6.3253,-0.1093,-0.1093
3.3237,pi,6.2800,6.3865,-0.1080,-0.1080
3.3288,pi,6.2800,6.3888,-0.1080,-0.1080
3.3338,pi,6.2800,6.4367,-0.1070,-0.1070
3.3387,pi,6.2800,6.4748,-0.1061,-0.1061
3.3438,pi,6.2800,6.4860,-0.1059,-0.1059
3.3487,pi,6.2800,6.5139,-0.1053,-0.1053
3.3541,pi,6.2800,6.4907,-0.1057,-0.1057
3.3589,pi,6.2800,6.4484,-0.1065,-0.1065
3.3638,pi,6.2800,6.4150,-0.1071,-0.1071
3.3687,pi,6.2800,6.3884,-0.1076,-0.1076
3.3737,pi,6.2800,6.3903,-0.1075,-0.1075
3.3788,pi,6.2800,6.3457,-0.1084,-0.1084
3.3838,pi,6.2800,6.3563,-0.1082,-0.1082
3.3888,pi,6.2800,6.2913,-0.1095,-0.1095
3.3937,pi,6.2800,6.2667,-0.1100,-0.1100
3.3988,pi,6.2800,6.2196,-0.1109,-0.1109
3.4037,pi,6.2800,6.2094,-0.1112,-0.1112
3.4087,pi,6.2800,6.2014,-0.1113,-0.1113
3.4137,pi,6.2800,6.2415,-0.1105,-0.1105
3.4187,pi,6.2800,6.2274,-0.1108,-0.1108
3.4237,pi,6.2800,6.2618,-0.1102,-0.1102
3.4287,pi,6.2800,6.2432,-0.1105,-0.1105
3.4337,pi,6.2800,6.2744,-0.1099,-0.1099
3.4387,pi,6.2800,6.2534,-0.1103,-0.1103
3.4438,pi,6.2800,6.2087,-0.1113,-0.1113
3.4487,pi,6.2800,6.2007,-0.1114,-0.1114
3.4537,pi,6.2800,6.2402,-0.1107,-0.1107
3.4588,pi,6.2800,6.2488,-0.1105,-0.1105
3.4637,pi,6.2800,6.2556,-0.1104,-0.1104
3.4688,pi,6.2800,6.2610,-0.1103,-0.1103
3.4737,pi,6.2800,6.2653,-0.1102,-0.1102
3.4787,pi,6.2800,6.2687,-0.1101,-0.1101
3.4838,pi,6.2800,6.2712,-0.1101,-0.1101
3.4888,pi,6.2800,6.2736,-0.1100,-0.1100
3.4937,pi,6.2800,6.2984,-0.1095,-0.1095
3.4987,pi,6.2800,6.3186,-0.1091,-0.1091
3.5037,pi,6.2800,6.3345,-0.1088,-0.1088
3.5087,pi,6.2800,6.3471,-0.1085,-0.1085
3.5138,pi,6.2800,6.3341,-0.1087,-0.1087
3.5187,pi,6.2800,6.3010,-0.1094,-0.1094
3.5237,pi,6.2800,6.3205,-0.1090,-0.1090
3.5287,pi,6.2800,6.2902,-0.1096,-0.1096
3.5338,pi,6.2800,6.3116,-0.1092,-0.1092
3.5388,pi,6.2800,6.3058,-0.1093,-0.1093
3.5437,pi,6.2800,6.3011,-0.1094,-0.1094
3.5488,pi,6.2800,6.2975,-0.1094,-0.1094
3.5537,pi,6.2800,6.2945,-0.1095,-0.1095
3.5588,pi,6.2800,6.2409,-0.1106,-0.1106
3.5638,pi,6.2800,6.2493,-0.1104,-0.1104
3.5688,pi,6.2800,6.2558,-0.1103,-0.1103
3.5737,pi,6.2800,6.2611,-0.1102,-0.1102
3.5788,pi,6.2800,6.2654,-0.1101,-0.1101
3.5837,pi,6.2800,6.2918,-0.1096,-0.1096
3.5887,pi,6.2800,6.2674,-0.1101,-0.1101
3.5938,pi,6.2800,6.2704,-0.1100,-0.1100
3.5987,pi,6.2800,6.2729,-0.1100,-0.1100
3.6037,pi,6.2800,6.2748,-0.1099,-0.1099
3.6087,pi,6.2800,6.2534,-0.1104,-0.1104
3.6137,pi,6.2800,6.2828,-0.1098,-0.1098
3.6187,pi,6.2800,6.2601,-0.1102,-0.1102
3.6237,pi,6.2800,6.2878,-0.1097,-0.1097
3.6288,pi,6.2800,6.2641,-0.1102,-0.1102
3.6338,pi,6.2800,6.2676,-0.1101,-0.1101
3.6388,pi,6.2800,6.2706,-0.1100,-0.1100
3.6439,pi,6.2800,6.2730,-0.1100,-0.1100
3.6488,pi,6.2800,6.2746,-0.1100,-0.1100
3.6537,pi,6.2800,6.2763,-0.1099,-0.1099
3.6587,pi,6.2800,6.2548,-0.1104,-0.1104
3.6638,pi,6.2800,6.2604,-0.1102,-0.1102
3.6688,pi,6.2800,6.2643,-0.1102,-0.1102
3.6738,pi,6.2800,6.2679,-0.1101,-0.1101
3.6788,pi,6.2800,6.2708,-0.1101,-0.1101
3.6837,pi,6.2800,6.2961,-0.1095,-0.1095
3.6888,pi,6.2800,6.2707,-0.1101,-0.1101
3.6937,pi,6.2800,6.2961,-0.1095,-0.1095
3.6988,pi,6.2800,6.2708,-0.1100,-0.1100
3.7037,pi,6.2800,6.2966,-0.1095,-0.1095
3.7088,pi,6.2800,6.2711,-0.1100,-0.1100
3.7137,pi,6.2800,6.2965,-0.1095,-0.1095
3.7188,pi,6.2800,6.2709,-0.1100,-0.1100
3.7238,pi,6.2800,6.2730,-0.1100,-0.1100
3.7288,pi,6.2800,6.2523,-0.1104,-0.1104
3.7337,pi,6.2800,6.2815,-0.1098,-0.1098
3.7388,pi,6.2800,6.2818,-0.1098,-0.1098
3.7437,pi,6.2800,6.3050,-0.1094,-0.1094
3.7488,pi,6.2800,6.3006,-0.1094,-0.1094
3.7538,pi,6.2800,6.2968,-0.1095,-0.1095
3.7589,pi,6.2800,6.2941,-0.1096,-0.1096
3.7638,pi,6.2800,6.2916,-0.1096,-0.1096
3.7687,pi,6.2800,6.2670,-0.1101,-0.1101
3.7738,pi,6.2800,6.2693,-0.1101,-0.1101
3.7788,pi,6.2800,6.2719,-0.1100,-0.1100
3.7838,pi,6.2800,6.2735,-0.1100,-0.1100
3.7888,pi,6.2800,6.2526,-0.1104,-0.1104
3.7938,pi,6.2800,6.2584,-0.1103,-0.1103
3.7988,pi,6.2800,6.2633,-0.1102,-0.1102
3.8037,pi,6.2800,6.2901,-0.1097,-0.1097
3.8088,pi,6.2800,6.2885,-0.1097,-0.1097
3.8138,pi,6.2800,6.2873,-0.1097,-0.1097
3.8188,pi,6.2800,6.2863,-0.1097,-0.1097
3.8237,pi,6.2800,6.3085,-0.1093,-0.1093
3.8288,pi,6.2800,6.3537,-0.1084,-0.1084
3.8338,pi,6.2800,6.3625,-0.1082,-0.1082
3.8388,pi,6.2800,6.3466,-0.1085,-0.1085
3.8438,pi,6.2800,6.3337,-0.1087,-0.1087
3.8487,pi,6.2800,6.3009,-0.1094,-0.1094
3.8539,pi,6.2800,6.2973,-0.1094,-0.1094
3.8588,pi,6.2800,6.2942,-0.1095,-0.1095
3.8638,pi,6.2800,6.3149,-0.1091,-0.1091
3.8687,pi,6.2800,6.3084,-0.1092,-0.1092
3.8737,pi,6.2800,6.3032,-0.1093,-0.1093
3.8788,pi,6.2800,6.2763,-0.1098,-0.1098
3.8838,pi,6.2800,6.2772,-0.1098,-0.1098
3.8888,pi,6.2800,6.2557,-0.1102,-0.1102
3.8937,pi,6.2800,6.2841,-0.1097,-0.1097
3.8988,pi,6.2800,6.2615,-0.1101,-0.1101
3.9037,pi,6.2800,6.2889,-0.1096,-0.1096
3.9087,pi,6.2800,6.2649,-0.1101,-0.1101
3.9138,pi,6.2800,6.2684,-0.1100,-0.1100
3.9187,pi,6.2800,6.2487,-0.1104,-0.1104
3.9237,pi,6.2800,6.2787,-0.1098,-0.1098
3.9288,pi,6.2800,6.2796,-0.1098,-0.1098
3.9337,pi,6.2800,6.3034,-0.1093,-0.1093
3.9388,pi,6.2800,6.2773,-0.1098,-0.1098
3.9437,pi,6.2800,6.3014,-0.1093,-0.1093
3.9488,pi,6.2800,6.2976,-0.1094,-0.1094
3.9537,pi,6.2800,6.2946,-0.1095,-0.1095
3.9588,pi,6.2800,6.2922,-0.1095,-0.1095
3.9638,pi,6.2800,6.3134,-0.1091,-0.1091
3.9688,pi,6.2800,6.2847,-0.1097,-0.1097
3.9737,pi,6.2800,6.3074,-0.1092,-0.1092
3.9787,pi,6.2800,6.2797,-0.1097,-0.1097
3.9837,pi,6.2800,6.3035,-0.1093,-0.1093
3.9888,pi,6.2800,6.2994,-0.1093,-0.1093
3.9937,pi,6.2800,6.2959,-0.1094,-0.1094
3.9988,pi,6.2800,6.2705,-0.1099,-0.1099
4.0038,pi,6.2800,6.2731,-0.1099,-0.1099
4.0088,pi,6.2800,6.2751,-0.1098,-0.1098
4.0137,pi,6.2800,6.2765,-0.1098,-0.1098
4.0188,pi,6.2800,6.2777,-0.1098,-0.1098
4.0237,pi,6.2800,6.2788,-0.1098,-0.1098
4.0288,pi,6.2800,6.2782,-0.1098,-0.1098
4.0337,pi,6.2800,6.2789,-0.1098,-0.1098
4.0388,pi,6.2800,6.2796,-0.1097,-0.1097
4.0437,pi,6.2800,6.2572,-0.1102,-0.1102
4.0488,pi,6.2800,6.2624,-0.1101,-0.1101
4.0537,pi,6.2800,6.2894,-0.1096,-0.1096
4.0588,pi,6.2800,6.2654,-0.1100,-0.1100
4.0638,pi,6.2800,6.2461,-0.1104,-0.1104
4.0688,pi,6.2800,6.2308,-0.1107,-0.1107
4.0738,pi,6.2800,6.2644,-0.1101,-0.1101
4.0788,pi,6.2800,6.2453,-0.1105,-0.1105
4.0838,pi,6.2800,6.2313,-0.1108,-0.1108
4.0888,pi,6.2800,6.2417,-0.1106,-0.1106
4.0937,pi,6.2800,6.2728,-0.1099,-0.1099
4.0988,pi,6.2800,6.2748,-0.1099,-0.1099
4.1038,pi,6.2800,6.2250,-0.1109,-0.1109
4.1090,pi,6.2800,6.2359,-0.1107,-0.1107
4.1141,pi,6.2800,6.2952,-0.1095,-0.1095
4.1188,pi,6.2800,6.2925,-0.1096,-0.1096
4.1238,pi,6.2800,6.2400,-0.1106,-0.1106
4.1287,pi,6.2800,6.2486,-0.1105,-0.1105
4.1340,pi,6.2800,6.3057,-0.1093,-0.1093
4.1388,pi,6.2800,6.3008,-0.1094,-0.1094
4.1437,pi,6.2800,6.2971,-0.1095,-0.1095
4.1487,pi,6.2800,6.2942,-0.1095,-0.1095
4.1537,pi,6.2800,6.3148,-0.1091,-0.1091
4.1588,pi,6.2800,6.3321,-0.1088,-0.1088
4.1639,pi,6.2800,6.3456,-0.1085,-0.1085
4.1688,pi,6.2800,6.3106,-0.1092,-0.1092
4.1737,pi,6.2800,6.3283,-0.1088,-0.1088
4.1787,pi,6.2800,6.3424,-0.1085,-0.1085
4.1839,pi,6.2800,6.3533,-0.1083,-0.1083
4.1888,pi,6.2800,6.3166,-0.1090,-0.1090
4.1937,pi,6.2800,6.3332,-0.1086,-0.1086
4.1987,pi,6.2800,6.3007,-0.1093,-0.1093
4.2038,pi,6.2800,6.2744,-0.1098,-0.1098
4.2088,pi,6.2800,6.2533,-0.1102,-0.1102
4.2138,pi,6.2800,6.2821,-0.1097,-0.1097
4.2187,pi,6.2800,6.2598,-0.1101,-0.1101
4.2238,pi,6.2800,6.2142,-0.1110,-0.1110
4.2288,pi,6.2800,6.2277,-0.1108,-0.1108
4.2337,pi,6.2800,6.2615,-0.1101,-0.1101
4.2388,pi,6.2800,6.2654,-0.1100,-0.1100
4.2438,pi,6.2800,6.2184,-0.1110,-0.1110
4.2487,pi,6.2800,6.2311,-0.1108,-0.1108
4.2539,pi,6.2800,6.2185,-0.1110,-0.1110
4.2588,pi,6.2800,6.2310,-0.1108,-0.1108
4.2638,pi,6.2800,6.1893,-0.1116,-0.1116
4.2687,pi,6.2800,6.2077,-0.1113,-0.1113
4.2737,pi,6.2800,6.2001,-0.1115,-0.1115
4.2787,pi,6.2800,6.2397,-0.1107,-0.1107
4.2838,pi,6.2800,6.2257,-0.1110,-0.1110
4.2888,pi,6.2800,6.2143,-0.1112,-0.1112
4.2940,pi,6.2800,6.2780,-0.1099,-0.1099
4.2988,pi,6.2800,6.2785,-0.1099,-0.1099
4.3038,pi,6.2800,6.2792,-0.1099,-0.1099
4.3087,pi,6.2800,6.3026,-0.1094,-0.1094
4.3137,pi,6.2800,6.3219,-0.1091,-0.1091
4.3188,pi,6.2800,6.3140,-0.1092,-0.1092
4.3238,pi,6.2800,6.3074,-0.1093,-0.1093
4.3287,pi,6.2800,6.3023,-0.1094,-0.1094
4.3338,pi,6.2800,6.2971,-0.1095,-0.1095
4.3388,pi,6.2800,6.2943,-0.1096,-0.1096
4.3437,pi,6.2800,6.2691,-0.1101,-0.1101
4.3487,pi,6.2800,6.2499,-0.1105,-0.1105
4.3538,pi,6.2800,6.2565,-0.1103,-0.1103
4.3588,pi,6.2800,6.2617,-0.1102,-0.1102
4.3638,pi,6.2800,6.2153,-0.1112,-0.1112
4.3687,pi,6.2800,6.2287,-0.1109,-0.1109
4.3737,pi,6.2800,6.2169,-0.1112,-0.1112
4.3788,pi,6.2800,6.2300,-0.1109,-0.1109
4.3837,pi,6.2800,6.2176,-0.1112,-0.1112
4.3887,pi,6.2800,6.2551,-0.1105,-0.1105
4.3938,pi,6.2800,6.2381,-0.1108,-0.1108
4.3987,pi,6.2800,6.2702,-0.1102,-0.1102
4.4037,pi,6.2800,6.2500,-0.1106,-0.1106
4.4087,pi,6.2800,6.2798,-0.1100,-0.1100
4.4138,pi,6.2800,6.2579,-0.1104,-0.1104
4.4187,pi,6.2800,6.2863,-0.1099,-0.1099
4.4238,pi,6.2800,6.2632,-0.1103,-0.1103
4.4287,pi,6.2800,6.2902,-0.1098,-0.1098
4.4337,pi,6.2800,6.2662,-0.1103,-0.1103
4.4388,pi,6.2800,6.2691,-0.1102,-0.1102
4.4437,pi,6.2800,6.2719,-0.1102,-0.1102
4.4488,pi,6.2800,6.2740,-0.1101,-0.1101
4.4537,pi,6.2800,6.2532,-0.1105,-0.1105
4.4588,pi,6.2800,6.2585,-0.1104,-0.1104
4.4637,pi,6.2800,6.2407,-0.1108,-0.1108
4.4688,pi,6.2800,6.2723,-0.1102,-0.1102
4.4738,pi,6.2800,6.2744,-0.1101,-0.1101
4.4787,pi,6.2800,6.2991,-0.1096,-0.1096
4.4837,pi,6.2800,6.2732,-0.1102,-0.1102
4.4888,pi,6.2800,6.2242,-0.1111,-0.1111
4.4937,pi,6.2800,6.2133,-0.1114,-0.1114
4.4987,pi,6.2800,6.2504,-0.1106,-0.1106
4.5037,pi,6.2800,6.2344,-0.1110,-0.1110
4.5088,pi,6.2800,6.2668,-0.1103,-0.1103
4.5138,pi,6.2800,6.2698,-0.1103,-0.1103
4.5188,pi,6.2800,6.2723,-0.1102,-0.1102
4.5237,pi,6.2800,6.2514,-0.1107,-0.1107
4.5288,pi,6.2800,6.2073,-0.1116,-0.1116
4.5338,pi,6.2800,6.2221,-0.1113,-0.1113
4.5387,pi,6.2800,6.2570,-0.1106,-0.1106
4.5438,pi,6.2800,6.2621,-0.1105,-0.1105
4.5487,pi,6.2800,6.2663,-0.1104,-0.1104
4.5537,pi,6.2800,6.2696,-0.1103,-0.1103
4.5588,pi,6.2800,6.2952,-0.1098,-0.1098
4.5639,pi,6.2800,6.2924,-0.1099,-0.1099
4.5688,pi,6.2800,6.2398,-0.1109,-0.1109
4.5738,pi,6.2800,6.2482,-0.1108,-0.1108
4.5787,pi,6.2800,6.2779,-0.1102,-0.1102
4.5839,pi,6.2800,6.2787,-0.1102,-0.1102
4.5888,pi,6.2800,6.2791,-0.1102,-0.1102
4.5938,pi,6.2800,6.2792,-0.1102,-0.1102
4.5988,pi,6.2800,6.2797,-0.1102,-0.1102
4.6037,pi,6.2800,6.2802,-0.1101,-0.1101
4.6087,pi,6.2800,6.2806,-0.1101,-0.1101
4.6138,pi,6.2800,6.2580,-0.1106,-0.1106
4.6188,pi,6.2800,6.2862,-0.1100,-0.1100
4.6239,pi,6.2800,6.2853,-0.1100,-0.1100
4.6291,pi,6.2800,6.2842,-0.1101,-0.1101
4.6341,pi,6.2800,6.3339,-0.1091,-0.1091
4.6387,pi,6.2800,6.3468,-0.1088,-0.1088
4.6437,pi,6.2800,6.3116,-0.1095,-0.1095
4.6492,pi,6.2800,6.3057,-0.1096,-0.1096
4.6541,pi,6.2800,6.3006,-0.1097,-0.1097
4.6590,pi,6.2800,6.2966,-0.1098,-0.1098
4.6639,pi,6.2800,6.2920,-0.1098,-0.1098
4.6687,pi,6.2800,6.3129,-0.1094,-0.1094
4.6738,pi,6.2800,6.2845,-0.1100,-0.1100
4.6787,pi,6.2800,6.3075,-0.1095,-0.1095
4.6838,pi,6.2800,6.2803,-0.1101,-0.1101
4.6887,pi,6.2800,6.2588,-0.1105,-0.1105
4.6938,pi,6.2800,6.2636,-0.1104,-0.1104
4.6987,pi,6.2800,6.2904,-0.1099,-0.1099
4.7038,pi,6.2800,6.2663,-0.1104,-0.1104
4.7087,pi,6.2800,6.2931,-0.1098,-0.1098
4.7138,pi,6.2800,6.2687,-0.1103,-0.1103
4.7188,pi,6.2800,6.2715,-0.1103,-0.1103
4.7238,pi,6.2800,6.2738,-0.1102,-0.1102
4.7288,pi,6.2800,6.2985,-0.1097,-0.1097
4.7338,pi,6.2800,6.2951,-0.1098,-0.1098
4.7387,pi,6.2800,6.3157,-0.1094,-0.1094
4.7437,pi,6.2800,6.2865,-0.1099,-0.1099
4.7487,pi,6.2800,6.3090,-0.1095,-0.1095
4.7537,pi,6.2800,6.2812,-0.1100,-0.1100
4.7588,pi,6.2800,6.3047,-0.1096,-0.1096
4.7637,pi,6.2800,6.2776,-0.1101,-0.1101
4.7687,pi,6.2800,6.3017,-0.1096,-0.1096
4.7737,pi,6.2800,6.2753,-0.1101,-0.1101
4.7787,pi,6.2800,6.2999,-0.1096,-0.1096
4.7837,pi,6.2800,6.2737,-0.1102,-0.1102
4.7887,pi,6.2800,6.2991,-0.1097,-0.1097
4.7937,pi,6.2800,6.3189,-0.1093,-0.1093
4.7987,pi,6.2800,6.3117,-0.1094,-0.1094
4.8037,pi,6.2800,6.3059,-0.1095,-0.1095
4.8087,pi,6.2800,6.3013,-0.1096,-0.1096
4.8137,pi,6.2800,6.2747,-0.1101,-0.1101
4.8187,pi,6.2800,6.2993,-0.1096,-0.1096
4.8238,pi,6.2800,6.2960,-0.1097,-0.1097
4.8287,pi,6.2800,6.2934,-0.1097,-0.1097
4.8338,pi,6.2800,6.2910,-0.1098,-0.1098
4.8387,pi,6.2800,6.2892,-0.1098,-0.1098
4.8437,pi,6.2800,6.2373,-0.1109,-0.1109
4.8487,pi,6.2800,6.2462,-0.1107,-0.1107
4.8538,pi,6.2800,6.2533,-0.1106,-0.1106
4.8587,pi,6.2800,6.2590,-0.1104,-0.1104
4.8638,pi,6.2800,6.2635,-0.1104,-0.1104
4.8688,pi,6.2800,6.2673,-0.1103,-0.1103
4.8738,pi,6.2800,6.2702,-0.1102,-0.1102
4.8788,pi,6.2800,6.2718,-0.1102,-0.1102
4.8837,pi,6.2800,6.2741,-0.1102,-0.1102
4.8887,pi,6.2800,6.2989,-0.1097,-0.1097
4.8938,pi,6.2800,6.2729,-0.1102,-0.1102
4.8988,pi,6.2800,6.2749,-0.1101,-0.1101
4.9038,pi,6.2800,6.2765,-0.1101,-0.1101
4.9088,pi,6.2800,6.2776,-0.1101,-0.1101
4.9138,pi,6.2800,6.2787,-0.1101,-0.1101
4.9188,pi,6.2800,6.2794,-0.1101,-0.1101
4.9238,pi,6.2800,6.2801,-0.1100,-0.1100
4.9288,pi,6.2800,6.3036,-0.1096,-0.1096
4.9338,pi,6.2800,6.2773,-0.1101,-0.1101
4.9388,pi,6.2800,6.2782,-0.1101,-0.1101
4.9443,pi,6.2800,6.2787,-0.1101,-0.1101
4.9499,pi,6.2800,6.2790,-0.1101,-0.1101
4.9548,pi,6.2800,6.3296,-0.1090,-0.1090
4.9592,pi,6.2800,6.3432,-0.1087,-0.1087
4.9638,pi,6.2800,6.3311,-0.1090,-0.1090
4.9687,pi,6.2800,6.3446,-0.1087,-0.1087
4.9739,pi,6.2800,6.3095,-0.1094,-0.1094
4.9788,pi,6.2800,6.3041,-0.1095,-0.1095
4.9837,pi,6.2800,6.2998,-0.1096,-0.1096
4.9887,pi,6.2800,6.3194,-0.1092,-0.1092
4.9939,pi,6.2800,6.2888,-0.1098,-0.1098
4.9994,pi,6.2800,6.3104,-0.1093,-0.1093
5.0042,pi,6.2800,6.2824,-0.1099,-0.1099
5.0091,pi,6.2800,6.2825,-0.1099,-0.1099
5.0140,pi,6.2800,6.2809,-0.1099,-0.1099
5.0187,pi,6.2800,6.2813,-0.1099,-0.1099
5.0238,pi,6.2800,6.2589,-0.1104,-0.1104
5.0287,pi,6.2800,6.2868,-0.1098,-0.1098
5.0338,pi,6.2800,6.2636,-0.1103,-0.1103
5.0387,pi,6.2800,6.2907,-0.1097,-0.1097
5.0438,pi,6.2800,6.2663,-0.1102,-0.1102
5.0487,pi,6.2800,6.2932,-0.1097,-0.1097
5.0538,pi,6.2800,6.2691,-0.1102,-0.1102
5.0587,pi,6.2800,6.2953,-0.1096,-0.1096
5.0638,pi,6.2800,6.2704,-0.1101,-0.1101
5.0687,pi,6.2800,6.2979,-0.1096,-0.1096
5.0738,pi,6.2800,6.2948,-0.1096,-0.1096
5.0789,pi,6.2800,6.2899,-0.1097,-0.1097
5.0838,pi,6.2800,6.2879,-0.1098,-0.1098
5.0888,pi,6.2800,6.2868,-0.1098,-0.1098
5.0937,pi,6.2800,6.2632,-0.1103,-0.1103
5.0988,pi,6.2800,6.2671,-0.1102,-0.1102
5.1038,pi,6.2800,6.2695,-0.1102,-0.1102
5.1091,pi,6.2800,6.2716,-0.1101,-0.1101
5.1141,pi,6.2800,6.3230,-0.1091,-0.1091
5.1188,pi,6.2800,6.3145,-0.1092,-0.1092
5.1242,pi,6.2800,6.3077,-0.1094,-0.1094
5.1293,pi,6.2800,6.3253,-0.1090,-0.1090
5.1339,pi,6.2800,6.2959,-0.1096,-0.1096
5.1387,pi,6.2800,6.2932,-0.1096,-0.1096
5.1437,pi,6.2800,6.2910,-0.1097,-0.1097
5.1487,pi,6.2800,6.2893,-0.1097,-0.1097
5.1537,pi,6.2800,6.2649,-0.1102,-0.1102
5.1589,pi,6.2800,6.2676,-0.1101,-0.1101
5.1637,pi,6.2800,6.2484,-0.1105,-0.1105
5.1688,pi,6.2800,6.2335,-0.1108,-0.1108
5.1738,pi,6.2800,6.2207,-0.1111,-0.1111
5.1788,pi,6.2800,6.2564,-0.1104,-0.1104
5.1838,pi,6.2800,6.2390,-0.1108,-0.1108
5.1890,pi,6.2800,6.2475,-0.1106,-0.1106
5.1937,pi,6.2800,6.3047,-0.1095,-0.1095
5.1989,pi,6.2800,6.3000,-0.1095,-0.1095
5.2038,pi,6.2800,6.2966,-0.1096,-0.1096
5.2087,pi,6.2800,6.3170,-0.1092,-0.1092
5.2138,pi,6.2800,6.3102,-0.1093,-0.1093
5.2188,pi,6.2800,6.3045,-0.1094,-0.1094
5.2238,pi,6.2800,6.3002,-0.1095,-0.1095
5.2288,pi,6.2800,6.3198,-0.1091,-0.1091
5.2337,pi,6.2800,6.3352,-0.1088,-0.1088
5.2390,pi,6.2800,6.3476,-0.1085,-0.1085
5.2439,pi,6.2800,6.2839,-0.1098,-0.1098
5.2487,pi,6.2800,6.2610,-0.1103,-0.1103
5.2538,pi,6.2800,6.2654,-0.1102,-0.1102
5.2587,pi,6.2800,6.2689,-0.1101,-0.1101
5.2638,pi,6.2800,6.2715,-0.1101,-0.1101
5.2687,pi,6.2800,6.2738,-0.1100,-0.1100
5.2737,pi,6.2800,6.2528,-0.1104,-0.1104
5.2790,pi,6.2800,6.2585,-0.1103,-0.1103
5.2837,pi,6.2800,6.2132,-0.1113,-0.1113
5.2887,pi,6.2800,6.2047,-0.1114,-0.1114
5.2938,pi,6.2800,6.1977,-0.1116,-0.1116
5.2990,pi,6.2800,6.2142,-0.1113,-0.1113
5.3038,pi,6.2800,6.2276,-0.1110,-0.1110
5.3087,pi,6.2800,6.2617,-0.1104,-0.1104
5.3137,pi,6.2800,6.2433,-0.1107,-0.1107
5.3187,pi,6.2800,6.2747,-0.1101,-0.1101
5.3238,pi,6.2800,6.2538,-0.1105,-0.1105
5.3287,pi,6.2800,6.2827,-0.1100,-0.1100
5.3338,pi,6.2800,6.2603,-0.1104,-0.1104
5.3389,pi,6.2800,6.2638,-0.1103,-0.1103
5.3438,pi,6.2800,6.2672,-0.1103,-0.1103
5.3487,pi,6.2800,6.2932,-0.1098,-0.1098
5.3538,pi,6.2800,6.2690,-0.1102,-0.1102
5.3588,pi,6.2800,6.2717,-0.1102,-0.1102
5.3638,pi,6.2800,6.2736,-0.1102,-0.1102
5.3687,pi,6.2800,6.2753,-0.1101,-0.1101
5.3737,pi,6.2800,6.2540,-0.1106,-0.1106
5.3787,pi,6.2800,6.2828,-0.1100,-0.1100
5.3838,pi,6.2800,6.2828,-0.1100,-0.1100
5.3887,pi,6.2800,6.3059,-0.1095,-0.1095
5.3937,pi,6.2800,6.2797,-0.1100,-0.1100
5.3987,pi,6.2800,6.3040,-0.1095,-0.1095
5.4037,pi,6.2800,6.2774,-0.1101,-0.1101
5.4087,pi,6.2800,6.3016,-0.1096,-0.1096
5.4143,pi,6.2800,6.2929,-0.1098,-0.1098
5.4205,pi,6.2800,6.2894,-0.1098,-0.1098
5.4249,pi,6.2800,6.2857,-0.1099,-0.1099
5.4288,pi,6.2800,6.2849,-0.1099,-0.1099
5.4337,pi,6.2800,6.2615,-0.1104,-0.1104
5.4387,pi,6.2800,6.2658,-0.1103,-0.1103
5.4438,pi,6.2800,6.2691,-0.1102,-0.1102
5.4487,pi,6.2800,6.2717,-0.1102,-0.1102
5.4538,pi,6.2800,6.2731,-0.1102,-0.1102
5.4587,pi,6.2800,6.2751,-0.1101,-0.1101
5.4637,pi,6.2800,6.2537,-0.1106,-0.1106
5.4688,pi,6.2800,6.2870,-0.1099,-0.1099
5.4738,pi,6.2800,6.2649,-0.1103,-0.1103
5.4787,pi,6.2800,6.2936,-0.1098,-0.1098
5.4837,pi,6.2800,6.2689,-0.1103,-0.1103
5.4888,pi,6.2800,6.2708,-0.1102,-0.1102
5.4938,pi,6.2800,6.2732,-0.1102,-0.1102
5.4987,pi,6.2800,6.2981,-0.1097,-0.1097
5.5037,pi,6.2800,6.2724,-0.1102,-0.1102
5.5088,pi,6.2800,6.2241,-0.1112,-0.1112
5.5141,pi,6.2800,6.2352,-0.1110,-0.1110
5.5190,pi,6.2800,6.2444,-0.1108,-0.1108
5.5242,pi,6.2800,6.2509,-0.1107,-0.1107
5.5296,pi,6.2800,6.2035,-0.1116,-0.1116
5.5342,pi,6.2800,6.2180,-0.1113,-0.1113
5.5395,pi,6.2800,6.2309,-0.1111,-0.1111
5.5439,pi,6.2800,6.2403,-0.1109,-0.1109
5.5488,pi,6.2800,6.2482,-0.1108,-0.1108
5.5538,pi,6.2800,6.2545,-0.1107,-0.1107
5.5589,pi,6.2800,6.3099,-0.1095,-0.1095
5.5639,pi,6.2800,6.3044,-0.1096,-0.1096
5.5688,pi,6.2800,6.3235,-0.1092,-0.1092
5.5739,pi,6.2800,6.2925,-0.1099,-0.1099
5.5788,pi,6.2800,6.3141,-0.1094,-0.1094
5.5839,pi,6.2800,6.3330,-0.1090,-0.1090
5.5889,pi,6.2800,6.3465,-0.1087,-0.1087
5.5938,pi,6.2800,6.3573,-0.1085,-0.1085
5.5996,pi,6.2800,6.3348,-0.1089,-0.1089
5.6042,pi,6.2800,6.3235,-0.1092,-0.1092
5.6096,pi,6.2800,6.3152,-0.1093,-0.1093
5.6142,pi,6.2800,6.2858,-0.1099,-0.1099
5.6197,pi,6.2800,6.2844,-0.1099,-0.1099
5.6243,pi,6.2800,6.2837,-0.1099,-0.1099
5.6294,pi,6.2800,6.2831,-0.1100,-0.1100
5.6347,pi,6.2800,6.2825,-0.1100,-0.1100
5.6393,pi,6.2800,6.2821,-0.1100,-0.1100
5.6444,pi,6.2800,6.2307,-0.1110,-0.1110
5.6494,pi,6.2800,6.2181,-0.1113,-0.1113
5.6544,pi,6.2800,6.2131,-0.1114,-0.1114
5.6595,pi,6.2800,6.2269,-0.1111,-0.1111
5.6639,pi,6.2800,6.2156,-0.1114,-0.1114
5.6687,pi,6.2800,6.2524,-0.1107,-0.1107
5.6738,pi,6.2800,6.2368,-0.1110,-0.1110
5.6787,pi,6.2800,6.2698,-0.1103,-0.1103
5.6840,pi,6.2800,6.2497,-0.1107,-0.1107
5.6894,pi,6.2800,6.2797,-0.1101,-0.1101
5.6940,pi,6.2800,6.2582,-0.1106,-0.1106
5.6987,pi,6.2800,6.2874,-0.1100,-0.1100
5.7037,pi,6.2800,6.2644,-0.1104,-0.1104
5.7087,pi,6.2800,6.2928,-0.1099,-0.1099
5.7137,pi,6.2800,6.2690,-0.1103,-0.1103
5.7187,pi,6.2800,6.2953,-0.1098,-0.1098
5.7238,pi,6.2800,6.2704,-0.1103,-0.1103
5.7288,pi,6.2800,6.2958,-0.1098,-0.1098
5.7337,pi,6.2800,6.3164,-0.1094,-0.1094
5.7388,pi,6.2800,6.3333,-0.1090,-0.1090
5.7437,pi,6.2800,6.3467,-0.1087,-0.1087
5.7488,pi,6.2800,6.3338,-0.1090,-0.1090
5.7537,pi,6.2800,6.3737,-0.1082,-0.1082
5.7588,pi,6.2800,6.3552,-0.1085,-0.1085
5.7637,pi,6.2800,6.3910,-0.1078,-0.1078
5.7688,pi,6.2800,6.3691,-0.1082,-0.1082
5.7737,pi,6.2800,6.4020,-0.1075,-0.1075
5.7788,pi,6.2800,6.3779,-0.1080,-0.1080
5.7837,pi,6.2800,6.3588,-0.1083,-0.1083
5.7888,pi,6.2800,6.3434,-0.1086,-0.1086
5.7937,pi,6.2800,6.3541,-0.1084,-0.1084
5.7988,pi,6.2800,6.3399,-0.1087,-0.1087
5.8038,pi,6.2800,6.2781,-0.1099,-0.1099
5.8087,pi,6.2800,6.2565,-0.1103,-0.1103
5.8141,pi,6.2800,6.2616,-0.1102,-0.1102
5.8195,pi,6.2800,6.2655,-0.1102,-0.1102
5.8240,pi,6.2800,6.2920,-0.1096,-0.1096
5.8287,pi,6.2800,6.2675,-0.1101,-0.1101
5.8337,pi,6.2800,6.2939,-0.1096,-0.1096
5.8387,pi,6.2800,6.2693,-0.1101,-0.1101
5.8439,pi,6.2800,6.2216,-0.1110,-0.1110
5.8488,pi,6.2800,6.2336,-0.1108,-0.1108
5.8539,pi,6.2800,6.2935,-0.1096,-0.1096
5.8594,pi,6.2800,6.2906,-0.1097,-0.1097
5.8640,pi,6.2800,6.3114,-0.1093,-0.1093
5.8688,pi,6.2800,6.2831,-0.1098,-0.1098
5.8737,pi,6.2800,6.2831,-0.1098,-0.1098
5.8787,pi,6.2800,6.2830,-0.1098,-0.1098
5.8837,pi,6.2800,6.2827,-0.1098,-0.1098
5.8888,pi,6.2800,6.2822,-0.1098,-0.1098
5.8938,pi,6.2800,6.3325,-0.1088,-0.1088
5.8988,pi,6.2800,6.3453,-0.1085,-0.1085
5.9038,pi,6.2800,6.3560,-0.1083,-0.1083
5.9088,pi,6.2800,6.3185,-0.1090,-0.1090
5.9138,pi,6.2800,6.3347,-0.1087,-0.1087
5.9187,pi,6.2800,6.3018,-0.1094,-0.1094
5.9237,pi,6.2800,6.3212,-0.1090,-0.1090
5.9288,pi,6.2800,6.3132,-0.1091,-0.1091
5.9338,pi,6.2800,6.3069,-0.1092,-0.1092
5.9388,pi,6.2800,6.3021,-0.1093,-0.1093
5.9437,pi,6.2800,6.3212,-0.1089,-0.1089
5.9487,pi,6.2800,6.2908,-0.1095,-0.1095
5.9537,pi,6.2800,6.3124,-0.1091,-0.1091
5.9589,pi,6.2800,6.2836,-0.1097,-0.1097
5.9638,pi,6.2800,6.3066,-0.1092,-0.1092
5.9688,pi,6.2800,6.3018,-0.1093,-0.1093
5.9738,pi,6.2800,6.2979,-0.1094,-0.1094
5.9788,pi,6.2800,6.2718,-0.1099,-0.1099
5.9838,pi,6.2800,6.2738,-0.1099,-0.1099
5.9887,pi,6.2800,6.2533,-0.1103,-0.1103
5.9937,pi,6.2800,6.2827,-0.1097,-0.1097
5.9988,pi,6.2800,6.2600,-0.1101,-0.1101
6.0038,pi,6.2800,6.2139,-0.1111,-0.1111
6.0088,pi,6.2800,6.2049,-0.1113,-0.1113
6.0138,pi,6.2800,6.2436,-0.1105,-0.1105
6.0188,pi,6.2800,6.2287,-0.1108,-0.1108
6.0238,pi,6.2800,6.2625,-0.1102,-0.1102
6.0288,pi,6.2800,6.2437,-0.1105,-0.1105
6.0338,pi,6.2800,6.2747,-0.1099,-0.1099
6.0388,pi,6.2800,6.2761,-0.1099,-0.1099
6.0438,pi,6.2800,6.2773,-0.1099,-0.1099
6.0488,pi,6.2800,6.2784,-0.1098,-0.1098
6.0537,pi,6.2800,6.3023,-0.1094,-0.1094
6.0588,pi,6.2800,6.3216,-0.1090,-0.1090
6.0638,pi,6.2800,6.3368,-0.1087,-0.1087
6.0688,pi,6.2800,6.3033,-0.1093,-0.1093
6.0738,pi,6.2800,6.3222,-0.1089,-0.1089
6.0788,pi,6.2800,6.2916,-0.1095,-0.1095
6.0838,pi,6.2800,6.2394,-0.1106,-0.1106
6.0888,pi,6.2800,6.2252,-0.1109,-0.1109
6.0938,pi,6.2800,6.2366,-0.1107,-0.1107
6.0987,pi,6.2800,6.2459,-0.1105,-0.1105
6.1039,pi,6.2800,6.2025,-0.1114,-0.1114
6.1089,pi,6.2800,6.2179,-0.1111,-0.1111
6.1138,pi,6.2800,6.2304,-0.1109,-0.1109
6.1186,pi,6.2800,6.2185,-0.1111,-0.1111
6.1238,pi,6.2800,6.2088,-0.1113,-0.1113
6.1288,pi,6.2800,6.2009,-0.1115,-0.1115
6.1339,pi,6.2800,6.2676,-0.1102,-0.1102
6.1387,pi,6.2800,6.2936,-0.1096,-0.1096
6.1437,pi,6.2800,6.3147,-0.1092,-0.1092
6.1488,pi,6.2800,6.2859,-0.1098,-0.1098
6.1538,pi,6.2800,6.3085,-0.1093,-0.1093
6.1588,pi,6.2800,6.3267,-0.1089,-0.1089
6.1639,pi,6.2800,6.2957,-0.1096,-0.1096
6.1688,pi,6.2800,6.2929,-0.1096,-0.1096
6.1737,pi,6.2800,6.3411,-0.1086,-0.1086
6.1788,pi,6.2800,6.3292,-0.1089,-0.1089
6.1839,pi,6.2800,6.3424,-0.1086,-0.1086
6.1888,pi,6.2800,6.3305,-0.1088,-0.1088
6.1937,pi,6.2800,6.3209,-0.1090,-0.1090
6.1988,pi,6.2800,6.3131,-0.1091,-0.1091
6.2038,pi,6.2800,6.3066,-0.1093,-0.1093
6.2088,pi,6.2800,6.3019,-0.1094,-0.1094
6.2138,pi,6.2800,6.3210,-0.1090,-0.1090
6.2188,pi,6.2800,6.3133,-0.1091,-0.1091
6.2237,pi,6.2800,6.3303,-0.1088,-0.1088
6.2288,pi,6.2800,6.2979,-0.1094,-0.1094
6.2337,pi,6.2800,6.3180,-0.1090,-0.1090
6.2388,pi,6.2800,6.2885,-0.1096,-0.1096
6.2438,pi,6.2800,6.2368,-0.1106,-0.1106
6.2488,pi,6.2800,6.2231,-0.1109,-0.1109
6.2538,pi,6.2800,6.2351,-0.1107,-0.1107
6.2587,pi,6.2800,6.2221,-0.1109,-0.1109
6.2638,pi,6.2800,6.1840,-0.1117,-0.1117
6.2690,pi,6.2800,6.2038,-0.1114,-0.1114
6.2744,pi,6.2800,6.2186,-0.1111,-0.1111
6.2792,pi,6.2800,6.2311,-0.1108,-0.1108
6.2838,pi,6.2800,6.1912,-0.1117,-0.1117
6.2887,pi,6.2800,6.2095,-0.1113,-0.1113
6.2937,pi,6.2800,6.2015,-0.1115,-0.1115
6.2987,pi,6.2800,6.2411,-0.1107,-0.1107
6.3041,pi,6.2800,6.1985,-0.1116,-0.1116
6.3090,pi,6.2800,6.2151,-0.1113,-0.1113
6.3137,pi,6.2800,6.2516,-0.1105,-0.1105
6.3188,pi,6.2800,6.2578,-0.1104,-0.1104
6.3237,pi,6.2800,6.2403,-0.1108,-0.1108
6.3287,pi,6.2800,6.2271,-0.1111,-0.1111
6.3337,pi,6.2800,6.2617,-0.1104,-0.1104
6.3388,pi,6.2800,6.2891,-0.1098,-0.1098
6.3438,pi,6.2800,6.3380,-0.1088,-0.1088
6.3488,pi,6.2800,6.3267,-0.1090,-0.1090
6.3537,pi,6.2800,6.3405,-0.1088,-0.1088
6.3588,pi,6.2800,6.3289,-0.1090,-0.1090
6.3638,pi,6.2800,6.3194,-0.1092,-0.1092
6.3688,pi,6.2800,6.2892,-0.1098,-0.1098
6.3737,pi,6.2800,6.3113,-0.1093,-0.1093
6.3788,pi,6.2800,6.3055,-0.1094,-0.1094
6.3837,pi,6.2800,6.3009,-0.1095,-0.1095
6.3887,pi,6.2800,6.2974,-0.1096,-0.1096
6.3937,pi,6.2800,6.3172,-0.1092,-0.1092
6.3987,pi,6.2800,6.2881,-0.1097,-0.1097
6.4037,pi,6.2800,6.2645,-0.1102,-0.1102
6.4087,pi,6.2800,6.2456,-0.1106,-0.1106
6.4137,pi,6.2800,6.2305,-0.1109,-0.1109
6.4187,pi,6.2800,6.2184,-0.1112,-0.1112
6.4238,pi,6.2800,6.1808,-0.1120,-0.1120
6.4287,pi,6.2800,6.2011,-0.1116,-0.1116
6.4337,pi,6.2800,6.1670,-0.1123,-0.1123
6.4387,pi,6.2800,6.1902,-0.1118,-0.1118
6.4437,pi,6.2800,6.1583,-0.1125,-0.1125
6.4487,pi,6.2800,6.1832,-0.1120,-0.1120
6.4537,pi,6.2800,6.2532,-0.1106,-0.1106
6.4587,pi,6.2800,6.2589,-0.1105,-0.1105
6.4637,pi,6.2800,6.2636,-0.1104,-0.1104
6.4687,pi,6.2800,6.2674,-0.1104,-0.1104
6.4737,pi,6.2800,6.3208,-0.1093,-0.1093
6.4788,pi,6.2800,6.3126,-0.1094,-0.1094
6.4837,pi,6.2800,6.3065,-0.1096,-0.1096
6.4888,pi,6.2800,6.3014,-0.1097,-0.1097
6.4937,pi,6.2800,6.3479,-0.1087,-0.1087
6.4988,pi,6.2800,6.3347,-0.1090,-0.1090
6.5037,pi,6.2800,6.3471,-0.1087,-0.1087
6.5088,pi,6.2800,6.3117,-0.1094,-0.1094
6.5137,pi,6.2800,6.3288,-0.1090,-0.1090
6.5188,pi,6.2800,6.3428,-0.1087,-0.1087
6.5238,pi,6.2800,6.2803,-0.1100,-0.1100
6.5288,pi,6.2800,6.2579,-0.1104,-0.1104
6.5342,pi,6.2800,6.3131,-0.1093,-0.1093
6.5392,pi,6.2800,6.3066,-0.1095,-0.1095
6.5438,pi,6.2800,6.3015,-0.1096,-0.1096
6.5487,pi,6.2800,6.2978,-0.1096,-0.1096
6.5537,pi,6.2800,6.2948,-0.1097,-0.1097
6.5588,pi,6.2800,6.2923,-0.1097,-0.1097
6.5638,pi,6.2800,6.2398,-0.1108,-0.1108
6.5687,pi,6.2800,6.2484,-0.1106,-0.1106
6.5739,pi,6.2800,6.3054,-0.1095,-0.1095
6.5790,pi,6.2800,6.3003,-0.1096,-0.1096
6.5837,pi,6.2800,6.2744,-0.1101,-0.1101
6.5887,pi,6.2800,6.2538,-0.1105,-0.1105
6.5937,pi,6.2800,6.2374,-0.1109,-0.1109
6.5987,pi,6.2800,6.2242,-0.1111,-0.1111
6.6037,pi,6.2800,6.2133,-0.1114,-0.1114
6.6087,pi,6.2800,6.2046,-0.1116,-0.1116
6.6137,pi,6.2800,6.2433,-0.1108,-0.1108
6.6187,pi,6.2800,6.2745,-0.1102,-0.1102
6.6237,pi,6.2800,6.2990,-0.1097,-0.1097
6.6287,pi,6.2800,6.2737,-0.1102,-0.1102
6.6337,pi,6.2800,6.2995,-0.1097,-0.1097
6.6387,pi,6.2800,6.3193,-0.1093,-0.1093
6.6437,pi,6.2800,6.2893,-0.1099,-0.1099
6.6487,pi,6.2800,6.3112,-0.1094,-0.1094
6.6537,pi,6.2800,6.3287,-0.1090,-0.1090
6.6587,pi,6.2800,6.3427,-0.1088,-0.1088
6.6638,pi,6.2800,6.3304,-0.1090,-0.1090
6.6689,pi,6.2800,6.3206,-0.1092,-0.1092
6.6742,pi,6.2800,6.3129,-0.1093,-0.1093
6.6791,pi,6.2800,6.3062,-0.1094,-0.1094
6.6843,pi,6.2800,6.2999,-0.1096,-0.1096
6.6894,pi,6.2800,6.2950,-0.1097,-0.1097
6.6945,pi,6.2800,6.3420,-0.1087,-0.1087
6.6989,pi,6.2800,6.3293,-0.1089,-0.1089
6.7039,pi,6.2800,6.3191,-0.1091,-0.1091
6.7090,pi,6.2800,6.3602,-0.1083,-0.1083
6.7140,pi,6.2800,6.3446,-0.1086,-0.1086
6.7191,pi,6.2800,6.3319,-0.1088,-0.1088
6.7242,pi,6.2800,6.3189,-0.1091,-0.1091
6.7289,pi,6.2800,6.2894,-0.1097,-0.1097
6.7337,pi,6.2800,6.3114,-0.1092,-0.1092
6.7387,pi,6.2800,6.2843,-0.1098,-0.1098
6.7437,pi,6.2800,6.3082,-0.1093,-0.1093
6.7487,pi,6.2800,6.2807,-0.1098,-0.1098
6.7537,pi,6.2800,6.3046,-0.1093,-0.1093
6.7587,pi,6.2800,6.2783,-0.1099,-0.1099
6.7638,pi,6.2800,6.2582,-0.1103,-0.1103
6.7688,pi,6.2800,6.2409,-0.1106,-0.1106
6.7737,pi,6.2800,6.2729,-0.1100,-0.1100
6.7788,pi,6.2800,6.2552,-0.1104,-0.1104
6.7837,pi,6.2800,6.2842,-0.1098,-0.1098
6.7888,pi,6.2800,6.3340,-0.1088,-0.1088
6.7937,pi,6.2800,6.3238,-0.1090,-0.1090
6.7987,pi,6.2800,6.2929,-0.1096,-0.1096
6.8037,pi,6.2800,6.3141,-0.1091,-0.1091
6.8087,pi,6.2800,6.2854,-0.1097,-0.1097
6.8137,pi,6.2800,6.3078,-0.1093,-0.1093
6.8187,pi,6.2800,6.2803,-0.1098,-0.1098
6.8237,pi,6.2800,6.3041,-0.1093,-0.1093
6.8287,pi,6.2800,6.3229,-0.1089,-0.1089
6.8337,pi,6.2800,6.3379,-0.1086,-0.1086
6.8387,pi,6.2800,6.3043,-0.1093,-0.1093
6.8437,pi,6.2800,6.2776,-0.1098,-0.1098
6.8487,pi,6.2800,6.3018,-0.1093,-0.1093
6.8537,pi,6.2800,6.2980,-0.1094,-0.1094
6.8587,pi,6.2800,6.3179,-0.1090,-0.1090
6.8638,pi,6.2800,6.3109,-0.1091,-0.1091
6.8687,pi,6.2800,6.3283,-0.1088,-0.1088
6.8737,pi,6.2800,6.3421,-0.1085,-0.1085
6.8788,pi,6.2800,6.3074,-0.1092,-0.1092
6.8837,pi,6.2800,6.2798,-0.1097,-0.1097
6.8888,pi,6.2800,6.3307,-0.1087,-0.1087
6.8937,pi,6.2800,6.3210,-0.1089,-0.1089
6.8988,pi,6.2800,6.2627,-0.1100,-0.1100
6.9037,pi,6.2800,6.2668,-0.1100,-0.1100
6.9088,pi,6.2800,6.2700,-0.1099,-0.1099
6.9137,pi,6.2800,6.2726,-0.1099,-0.1099
6.9187,pi,6.2800,6.2243,-0.1108,-0.1108
6.9237,pi,6.2800,6.2133,-0.1111,-0.1111
6.9288,pi,6.2800,6.2774,-0.1098,-0.1098
6.9337,pi,6.2800,6.2785,-0.1098,-0.1098
6.9387,pi,6.2800,6.3023,-0.1093,-0.1093
6.9437,pi,6.2800,6.2756,-0.1098,-0.1098
6.9487,pi,6.2800,6.3001,-0.1093,-0.1093
6.9537,pi,6.2800,6.2967,-0.1094,-0.1094
6.9587,pi,6.2800,6.2712,-0.1099,-0.1099
6.9638,pi,6.2800,6.2733,-0.1099,-0.1099
6.9687,pi,6.2800,6.2982,-0.1094,-0.1094
6.9738,pi,6.2800,6.2951,-0.1094,-0.1094
6.9788,pi,6.2800,6.2927,-0.1095,-0.1095
6.9837,pi,6.2800,6.2683,-0.1100,-0.1100
6.9887,pi,6.2800,6.2942,-0.1094,-0.1094
6.9938,pi,6.2800,6.2919,-0.1095,-0.1095
6.9987,pi,6.2800,6.2398,-0.1105,-0.1105
7.0037,pi,6.2800,6.2256,-0.1108,-0.1108
7.0088,pi,6.2800,6.2872,-0.1096,-0.1096
7.0137,pi,6.2800,6.3090,-0.1091,-0.1091
7.0188,pi,6.2800,6.3037,-0.1092,-0.1092
7.0238,pi,6.2800,6.2992,-0.1093,-0.1093
7.0287,pi,6.2800,6.3186,-0.1089,-0.1089
7.0338,pi,6.2800,6.3112,-0.1091,-0.1091
7.0387,pi,6.2800,6.3056,-0.1092,-0.1092
7.0438,pi,6.2800,6.3010,-0.1093,-0.1093
7.0487,pi,6.2800,6.3476,-0.1083,-0.1083
7.0537,pi,6.2800,6.3344,-0.1086,-0.1086
7.0587,pi,6.2800,6.3469,-0.1083,-0.1083
7.0637,pi,6.2800,6.3113,-0.1090,-0.1090
7.0687,pi,6.2800,6.3287,-0.1086,-0.1086
7.0737,pi,6.2800,6.2966,-0.1093,-0.1093
7.0788,pi,6.2800,6.2436,-0.1104,-0.1104
7.0837,pi,6.2800,6.2287,-0.1107,-0.1107
7.0887,pi,6.2800,6.2396,-0.1105,-0.1105
7.0937,pi,6.2800,6.2254,-0.1108,-0.1108
7.0987,pi,6.2800,6.2600,-0.1101,-0.1101
7.1038,pi,6.2800,6.2641,-0.1100,-0.1100
7.1088,pi,6.2800,6.2669,-0.1099,-0.1099
7.1140,pi,6.2800,6.2679,-0.1099,-0.1099
7.1188,pi,6.2800,6.2206,-0.1109,-0.1109
7.1238,pi,6.2800,6.2330,-0.1106,-0.1106
7.1287,pi,6.2800,6.2659,-0.1100,-0.1100
7.1338,pi,6.2800,6.2693,-0.1099,-0.1099
7.1387,pi,6.2800,6.2719,-0.1099,-0.1099
7.1438,pi,6.2800,6.2741,-0.1098,-0.1098
7.1487,pi,6.2800,6.2757,-0.1098,-0.1098
7.1537,pi,6.2800,6.2542,-0.1102,-0.1102
7.1588,pi,6.2800,6.2835,-0.1097,-0.1097
7.1638,pi,6.2800,6.2612,-0.1101,-0.1101
7.1687,pi,6.2800,6.2904,-0.1095,-0.1095
7.1738,pi,6.2800,6.2887,-0.1095,-0.1095
7.1787,pi,6.2800,6.2874,-0.1096,-0.1096
7.1837,pi,6.2800,6.3095,-0.1091,-0.1091
7.1888,pi,6.2800,6.3042,-0.1092,-0.1092
7.1938,pi,6.2800,6.3500,-0.1083,-0.1083
7.1987,pi,6.2800,6.3596,-0.1081,-0.1081
7.2038,pi,6.2800,6.3945,-0.1073,-0.1073
7.2087,pi,6.2800,6.3720,-0.1078,-0.1078
7.2137,pi,6.2800,6.3314,-0.1086,-0.1086
7.2188,pi,6.2800,6.3449,-0.1083,-0.1083
7.2237,pi,6.2800,6.3100,-0.1090,-0.1090
7.2288,pi,6.2800,6.3275,-0.1086,-0.1086
7.2338,pi,6.2800,6.2677,-0.1098,-0.1098
7.2390,pi,6.2800,6.2707,-0.1098,-0.1098
7.2439,pi,6.2800,6.2227,-0.1107,-0.1107
7.2488,pi,6.2800,6.2348,-0.1105,-0.1105
7.2537,pi,6.2800,6.2216,-0.1108,-0.1108
7.2588,pi,6.2800,6.2113,-0.1110,-0.1110
7.2638,pi,6.2800,6.2257,-0.1107,-0.1107
7.2688,pi,6.2800,6.2370,-0.1105,-0.1105
7.2738,pi,6.2800,6.2457,-0.1103,-0.1103
7.2788,pi,6.2800,6.2530,-0.1102,-0.1102
7.2838,pi,6.2800,6.2362,-0.1106,-0.1106
7.2892,pi,6.2800,6.2452,-0.1104,-0.1104
7.2940,pi,6.2800,6.2524,-0.1102,-0.1102
7.2991,pi,6.2800,6.2574,-0.1102,-0.1102
7.3041,pi,6.2800,6.2616,-0.1101,-0.1101
7.3091,pi,6.2800,6.2652,-0.1100,-0.1100
7.3140,pi,6.2800,6.2682,-0.1099,-0.1099
7.3189,pi,6.2800,6.2708,-0.1099,-0.1099
7.3241,pi,6.2800,6.2731,-0.1099,-0.1099
7.3289,pi,6.2800,6.2751,-0.1098,-0.1098
7.3338,pi,6.2800,6.2541,-0.1102,-0.1102
7.3388,pi,6.2800,6.2826,-0.1097,-0.1097
7.3441,pi,6.2800,6.2597,-0.1101,-0.1101
7.3496,pi,6.2800,6.2629,-0.1101,-0.1101
7.3540,pi,6.2800,6.2449,-0.1104,-0.1104
7.3588,pi,6.2800,6.2518,-0.1103,-0.1103
7.3637,pi,6.2800,6.2359,-0.1106,-0.1106
7.3687,pi,6.2800,6.2685,-0.1100,-0.1100
7.3737,pi,6.2800,6.2491,-0.1104,-0.1104
7.3789,pi,6.2800,6.2558,-0.1103,-0.1103
7.3838,pi,6.2800,6.2609,-0.1102,-0.1102
7.3887,pi,6.2800,6.2881,-0.1096,-0.1096
7.3938,pi,6.2800,6.2645,-0.1101,-0.1101
7.3987,pi,6.2800,6.2916,-0.1095,-0.1095
7.4038,pi,6.2800,6.2692,-0.1100,-0.1100
7.4088,pi,6.2800,6.2952,-0.1095,-0.1095
7.4138,pi,6.2800,6.2925,-0.1095,-0.1095
7.4188,pi,6.2800,6.3133,-0.1091,-0.1091
7.4238,pi,6.2800,6.3069,-0.1092,-0.1092
7.4288,pi,6.2800,6.3022,-0.1093,-0.1093
7.4337,pi,6.2800,6.2760,-0.1098,-0.1098
7.4387,pi,6.2800,6.3005,-0.1093,-0.1093
7.4438,pi,6.2800,6.2970,-0.1094,-0.1094
7.4487,pi,6.2800,6.2943,-0.1095,-0.1095
7.4537,pi,6.2800,6.2920,-0.1095,-0.1095
7.4588,pi,6.2800,6.2902,-0.1095,-0.1095
7.4637,pi,6.2800,6.2661,-0.1100,-0.1100
7.4687,pi,6.2800,6.2927,-0.1095,-0.1095
7.4737,pi,6.2800,6.2681,-0.1100,-0.1100
7.4788,pi,6.2800,6.2940,-0.1095,-0.1095
7.4837,pi,6.2800,6.2695,-0.1100,-0.1100
7.4887,pi,6.2800,6.2953,-0.1094,-0.1094
7.4938,pi,6.2800,6.2701,-0.1099,-0.1099
7.4987,pi,6.2800,6.2958,-0.1094,-0.1094
7.5037,pi,6.2800,6.2705,-0.1099,-0.1099
7.5087,pi,6.2800,6.2961,-0.1094,-0.1094
7.5138,pi,6.2800,6.2934,-0.1095,-0.1095
7.5187,pi,6.2800,6.2913,-0.1095,-0.1095
7.5238,pi,6.2800,6.2895,-0.1095,-0.1095
7.5287,pi,6.2800,6.3110,-0.1091,-0.1091
7.5338,pi,6.2800,6.2828,-0.1097,-0.1097
7.5387,pi,6.2800,6.2827,-0.1097,-0.1097
7.5438,pi,6.2800,6.2599,-0.1101,-0.1101
7.5488,pi,6.2800,6.2641,-0.1100,-0.1100
7.5538,pi,6.2800,6.2677,-0.1100,-0.1100
7.5588,pi,6.2800,6.2705,-0.1099,-0.1099
7.5639,pi,6.2800,6.2724,-0.1099,-0.1099
7.5687,pi,6.2800,6.2741,-0.1099,-0.1099
7.5737,pi,6.2800,6.2529,-0.1103,-0.1103
7.5787,pi,6.2800,6.2819,-0.1097,-0.1097
7.5837,pi,6.2800,6.2594,-0.1102,-0.1102
7.5887,pi,6.2800,6.2640,-0.1101,-0.1101
7.5938,pi,6.2800,6.2676,-0.1100,-0.1100
7.5987,pi,6.2800,6.2934,-0.1095,-0.1095
7.6038,pi,6.2800,6.2909,-0.1095,-0.1095
7.6087,pi,6.2800,6.3122,-0.1091,-0.1091
7.6137,pi,6.2800,6.2836,-0.1097,-0.1097
7.6187,pi,6.2800,6.3071,-0.1092,-0.1092
7.6239,pi,6.2800,6.3018,-0.1093,-0.1093
7.6288,pi,6.2800,6.2978,-0.1094,-0.1094
7.6338,pi,6.2800,6.2943,-0.1094,-0.1094
7.6387,pi,6.2800,6.2920,-0.1095,-0.1095
7.6438,pi,6.2800,6.2902,-0.1095,-0.1095
7.6487,pi,6.2800,6.2888,-0.1095,-0.1095
7.6538,pi,6.2800,6.2649,-0.1100,-0.1100
7.6588,pi,6.2800,6.2921,-0.1095,-0.1095
7.6638,pi,6.2800,6.3131,-0.1090,-0.1090
7.6688,pi,6.2800,6.3069,-0.1092,-0.1092
7.6738,pi,6.2800,6.2790,-0.1097,-0.1097
7.6788,pi,6.2800,6.3032,-0.1092,-0.1092
7.6838,pi,6.2800,6.2765,-0.1098,-0.1098
7.6887,pi,6.2800,6.3011,-0.1093,-0.1093
7.6938,pi,6.2800,6.2748,-0.1098,-0.1098
7.6988,pi,6.2800,6.2995,-0.1093,-0.1093
7.7038,pi,6.2800,6.2960,-0.1094,-0.1094
7.7087,pi,6.2800,6.2933,-0.1094,-0.1094
7.7138,pi,6.2800,6.2682,-0.1099,-0.1099
7.7187,pi,6.2800,6.2208,-0.1109,-0.1109
7.7237,pi,6.2800,6.2106,-0.1111,-0.1111
7.7288,pi,6.2800,6.2482,-0.1104,-0.1104
7.7338,pi,6.2800,6.2551,-0.1102,-0.1102
7.7388,pi,6.2800,6.2607,-0.1101,-0.1101
7.7438,pi,6.2800,6.2651,-0.1100,-0.1100
7.7487,pi,6.2800,6.2916,-0.1095,-0.1095
7.7537,pi,6.2800,6.2672,-0.1100,-0.1100
7.7588,pi,6.2800,6.2704,-0.1099,-0.1099
7.7638,pi,6.2800,6.2728,-0.1099,-0.1099
7.7687,pi,6.2800,6.2977,-0.1094,-0.1094
7.7738,pi,6.2800,6.2946,-0.1094,-0.1094
7.7787,pi,6.2800,6.2922,-0.1095,-0.1095
7.7837,pi,6.2800,6.2676,-0.1100,-0.1100
7.7888,pi,6.2800,6.2706,-0.1099,-0.1099
7.7938,pi,6.2800,6.2731,-0.1099,-0.1099
7.7987,pi,6.2800,6.2980,-0.1094,-0.1094
7.8038,pi,6.2800,6.2951,-0.1094,-0.1094
7.8087,pi,6.2800,6.3155,-0.1090,-0.1090
7.8138,pi,6.2800,6.2862,-0.1096,-0.1096
7.8193,pi,6.2800,6.2850,-0.1096,-0.1096
7.8253,pi,6.2800,6.3315,-0.1087,-0.1087
7.8307,pi,6.2800,6.3189,-0.1089,-0.1089
7.8355,pi,6.2800,6.3099,-0.1091,-0.1091
7.8431,pi,6.2800,6.3012,-0.1093,-0.1093
7.8494,pi,6.2800,6.3437,-0.1084,-0.1084
7.8544,pi,6.2800,6.3283,-0.1087,-0.1087
7.8608,pi,6.2800,6.3479,-0.1083,-0.1083
7.8660,pi,6.2800,6.3415,-0.1084,-0.1084
7.8707,pi,6.2800,6.3279,-0.1086,-0.1086
7.8777,pi,6.2800,6.3177,-0.1088,-0.1088
7.8847,pi,6.2800,6.2845,-0.1095,-0.1095
7.8898,pi,6.2800,6.2842,-0.1095,-0.1095
7.8947,pi,6.2800,6.2833,-0.1095,-0.1095
7.8995,pi,6.2800,6.3061,-0.1091,-0.1091
7.9052,pi,6.2800,6.2808,-0.1096,-0.1096
7.9104,pi,6.2800,6.2618,-0.1100,-0.1100
7.9151,pi,6.2800,6.2449,-0.1103,-0.1103
7.9225,pi,6.2800,6.2513,-0.1102,-0.1102
7.9291,pi,6.2800,6.2349,-0.1105,-0.1105
7.9344,pi,6.2800,6.2414,-0.1104,-0.1104
7.9408,pi,6.2800,6.2264,-0.1107,-0.1107
7.9470,pi,6.2800,6.2367,-0.1105,-0.1105
7.9528,pi,6.2800,6.2213,-0.1108,-0.1108
7.9608,pi,6.2800,6.2517,-0.1102,-0.1102
7.9695,pi,6.2800,6.2221,-0.1109,-0.1109
7.9761,pi,6.2800,6.2129,-0.1111,-0.1111
7.9819,pi,6.2800,6.2428,-0.1105,-0.1105
7.9869,pi,6.2800,6.2486,-0.1104,-0.1104
7.9913,pi,6.2800,6.2777,-0.1098,-0.1098
7.9959,pi,6.2800,6.2595,-0.1102,-0.1102
8.0001,pi,6.2800,6.2888,-0.1096,-0.1096
8.0042,pi,6.2800,6.3139,-0.1091,-0.1091
8.0083,pi,6.2800,6.3546,-0.1082,-0.1082
8.0123,pi,6.2800,6.3637,-0.1080,-0.1080
8.0164,pi,6.2800,6.3484,-0.1083,-0.1083
8.0206,pi,6.2800,6.3808,-0.1076,-0.1076
8.0247,pi,6.2800,6.3846,-0.1075,-0.1075
8.0289,pi,6.2800,6.3617,-0.1080,-0.1080
8.0330,pi,6.2800,6.3696,-0.1078,-0.1078
8.0370,pi,6.2800,6.3769,-0.1076,-0.1076
8.0412,pi,6.2800,6.3817,-0.1075,-0.1075
8.0454,pi,6.2800,6.3116,-0.1089,-0.1089
8.0497,pi,6.2800,6.3058,-0.1090,-0.1090
8.0538,pi,6.2800,6.2502,-0.1101,-0.1101
8.0579,pi,6.2800,6.2349,-0.1104,-0.1104
8.0620,pi,6.2800,6.1939,-0.1113,-0.1113
8.0661,pi,6.2800,6.1887,-0.1114,-0.1114
8.0702,pi,6.2800,6.1843,-0.1115,-0.1115
8.0744,pi,6.2800,6.2298,-0.1106,-0.1106
8.0787,pi,6.2800,6.1899,-0.1114,-0.1114
8.0829,pi,6.2800,6.2065,-0.1111,-0.1111
8.0869,pi,6.2800,6.2216,-0.1108,-0.1108
8.0910,pi,6.2800,6.2572,-0.1101,-0.1101
8.0951,pi,6.2800,6.2619,-0.1100,-0.1100
8.0992,pi,6.2800,6.2899,-0.1095,-0.1095
8.1040,pi,6.2800,6.2885,-0.1095,-0.1095
8.1092,pi,6.2800,6.2873,-0.1095,-0.1095
8.1142,pi,6.2800,6.2634,-0.1100,-0.1100
8.1192,pi,6.2800,6.2162,-0.1110,-0.1110
8.1241,pi,6.2800,6.2287,-0.1107,-0.1107
8.1288,pi,6.2800,6.2621,-0.1101,-0.1101
8.1339,pi,6.2800,6.2458,-0.1104,-0.1104
8.1388,pi,6.2800,6.2531,-0.1103,-0.1103
8.1439,pi,6.2800,6.2585,-0.1102,-0.1102
8.1488,pi,6.2800,6.2630,-0.1101,-0.1101
8.1538,pi,6.2800,6.2440,-0.1105,-0.1105
8.1588,pi,6.2800,6.2750,-0.1098,-0.1098
8.1638,pi,6.2800,6.2539,-0.1103,-0.1103
8.1688,pi,6.2800,6.2827,-0.1097,-0.1097
8.1738,pi,6.2800,6.3062,-0.1092,-0.1092
8.1789,pi,6.2800,6.3252,-0.1088,-0.1088
8.1839,pi,6.2800,6.3165,-0.1090,-0.1090
8.1887,pi,6.2800,6.3328,-0.1087,-0.1087
8.1938,pi,6.2800,6.2999,-0.1093,-0.1093
8.1988,pi,6.2800,6.3216,-0.1089,-0.1089
8.2039,pi,6.2800,6.3138,-0.1090,-0.1090
8.2089,pi,6.2800,6.3069,-0.1091,-0.1091
8.2138,pi,6.2800,6.3018,-0.1092,-0.1092
8.2188,pi,6.2800,6.3208,-0.1089,-0.1089
8.2238,pi,6.2800,6.3132,-0.1090,-0.1090
8.2290,pi,6.2800,6.2386,-0.1105,-0.1105
8.2338,pi,6.2800,6.1330,-0.1126,-0.1126
8.2388,pi,6.2800,6.0626,-0.1141,-0.1141
8.2439,pi,6.2800,6.0016,-0.1154,-0.1154
8.2488,pi,6.2800,5.9583,-0.1163,-0.1163
8.2539,pi,6.2800,5.9227,-0.1171,-0.1171
8.2587,pi,6.2800,5.9265,-0.1172,-0.1172
8.2638,pi,6.2800,5.8839,-0.1181,-0.1181
8.2688,pi,6.2800,5.8956,-0.1180,-0.1180
8.2739,pi,6.2800,5.8724,-0.1185,-0.1185
8.2788,pi,6.2800,5.9543,-0.1170,-0.1170
8.2838,pi,6.2800,6.0427,-0.1153,-0.1153
8.2888,pi,6.2800,6.0908,-0.1144,-0.1144
8.2939,pi,6.2800,6.1519,-0.1132,-0.1132
8.2988,pi,6.2800,6.2282,-0.1117,-0.1117
8.3037,pi,6.2800,6.2625,-0.1110,-0.1110
8.3088,pi,6.2800,6.3170,-0.1099,-0.1099
8.3138,pi,6.2800,6.3604,-0.1090,-0.1090
8.3188,pi,6.2800,6.3951,-0.1083,-0.1083
8.3238,pi,6.2800,6.3954,-0.1082,-0.1082
8.3288,pi,6.2800,6.4417,-0.1073,-0.1073
8.3338,pi,6.2800,6.4338,-0.1074,-0.1074
8.3389,pi,6.2800,6.4539,-0.1069,-0.1069
8.3444,pi,6.2800,6.4563,-0.1068,-0.1068
8.3489,pi,6.2800,6.4246,-0.1074,-0.1074
8.3539,pi,6.2800,6.3954,-0.1080,-0.1080
8.3591,pi,6.2800,6.3722,-0.1084,-0.1084
8.3649,pi,6.2800,6.3535,-0.1088,-0.1088
8.3704,pi,6.2800,6.3562,-0.1087,-0.1087
8.3756,pi,6.2800,6.3442,-0.1089,-0.1089
8.3806,pi,6.2800,6.3302,-0.1092,-0.1092
8.3856,pi,6.2800,6.2196,-0.1114,-0.1114
8.3906,pi,6.2800,6.1295,-0.1133,-0.1133
8.3953,pi,6.2800,5.9952,-0.1160,-0.1160
8.3999,pi,6.2800,5.9555,-0.1169,-0.1169
8.4039,pi,6.2800,5.9073,-0.1180,-0.1180
8.4089,pi,6.2800,5.8687,-0.1188,-0.1188
8.4143,pi,6.2800,5.8502,-0.1193,-0.1193
8.4189,pi,6.2800,5.8684,-0.1191,-0.1191
8.4242,pi,6.2800,5.8505,-0.1195,-0.1195
8.4287,pi,6.2800,5.8686,-0.1193,-0.1193
8.4337,pi,6.2800,5.8391,-0.1200,-0.1200
8.4388,pi,6.2800,5.9515,-0.1178,-0.1178
8.4438,pi,6.2800,6.0419,-0.1160,-0.1160
8.4489,pi,6.2800,6.1291,-0.1143,-0.1143
8.4537,pi,6.2800,6.1844,-0.1133,-0.1133
8.4591,pi,6.2800,6.3045,-0.1109,-0.1109
8.4640,pi,6.2800,6.3682,-0.1096,-0.1096
8.4688,pi,6.2800,6.4212,-0.1085,-0.1085
8.4737,pi,6.2800,6.4172,-0.1085,-0.1085
8.4787,pi,6.2800,6.4603,-0.1076,-0.1076
8.4838,pi,6.2800,6.5253,-0.1062,-0.1062
8.4887,pi,6.2800,6.5457,-0.1058,-0.1058
8.4938,pi,6.2800,6.5428,-0.1058,-0.1058
8.4987,pi,6.2800,6.5141,-0.1063,-0.1063
8.5037,pi,6.2800,6.5366,-0.1058,-0.1058
8.5087,pi,6.2800,6.5092,-0.1062,-0.1062
8.5139,pi,6.2800,6.4415,-0.1076,-0.1076
8.5190,pi,6.2800,6.4090,-0.1082,-0.1082
8.5244,pi,6.2800,6.4329,-0.1077,-0.1077
8.5303,pi,6.2800,6.4015,-0.1083,-0.1083
8.5363,pi,6.2800,6.3223,-0.1098,-0.1098
8.5415,pi,6.2800,6.3132,-0.1100,-0.1100
8.5464,pi,6.2800,6.2568,-0.1111,-0.1111
8.5513,pi,6.2800,6.2614,-0.1111,-0.1111
8.5562,pi,6.2800,6.2148,-0.1120,-0.1120
8.5611,pi,6.2800,6.2276,-0.1118,-0.1118
8.5661,pi,6.2800,6.2379,-0.1116,-0.1116
8.5709,pi,6.2800,6.2466,-0.1114,-0.1114
8.5755,pi,6.2800,6.2312,-0.1117,-0.1117
8.5804,pi,6.2800,6.2411,-0.1115,-0.1115
8.5843,pi,6.2800,6.2277,-0.1118,-0.1118
8.5888,pi,6.2800,6.2654,-0.1111,-0.1111
8.5938,pi,6.2800,6.2469,-0.1114,-0.1114
8.5987,pi,6.2800,6.2777,-0.1108,-0.1108
8.6038,pi,6.2800,6.2564,-0.1113,-0.1113
8.6088,pi,6.2800,6.2850,-0.1107,-0.1107
8.6138,pi,6.2800,6.2621,-0.1111,-0.1111
8.6188,pi,6.2800,6.2897,-0.1106,-0.1106
8.6239,pi,6.2800,6.3381,-0.1096,-0.1096
8.6287,pi,6.2800,6.3504,-0.1093,-0.1093
8.6338,pi,6.2800,6.3357,-0.1096,-0.1096
8.6388,pi,6.2800,6.3251,-0.1098,-0.1098
8.6438,pi,6.2800,6.3663,-0.1090,-0.1090
8.6488,pi,6.2800,6.3724,-0.1088,-0.1088
8.6538,pi,6.2800,6.3544,-0.1092,-0.1092
8.6587,pi,6.2800,6.3629,-0.1090,-0.1090
8.6638,pi,6.2800,6.3699,-0.1088,-0.1088
8.6688,pi,6.2800,6.3755,-0.1087,-0.1087
8.6738,pi,6.2800,6.3341,-0.1095,-0.1095
8.6788,pi,6.2800,6.3238,-0.1097,-0.1097
8.6837,pi,6.2800,6.2927,-0.1103,-0.1103
8.6887,pi,6.2800,6.3150,-0.1099,-0.1099
8.6939,pi,6.2800,6.2855,-0.1104,-0.1104
8.6988,pi,6.2800,6.2850,-0.1105,-0.1105
8.7037,pi,6.2800,6.3349,-0.1094,-0.1094
8.7087,pi,6.2800,6.3476,-0.1092,-0.1092
8.7138,pi,6.2800,6.2844,-0.1104,-0.1104
8.7188,pi,6.2800,6.2613,-0.1109,-0.1109
8.7241,pi,6.2800,6.2653,-0.1108,-0.1108
8.7288,pi,6.2800,6.2686,-0.1108,-0.1108
8.7339,pi,6.2800,6.2714,-0.1107,-0.1107
8.7387,pi,6.2800,6.2969,-0.1102,-0.1102
8.7439,pi,6.2800,6.3169,-0.1098,-0.1098
8.7489,pi,6.2800,6.3097,-0.1099,-0.1099
8.7538,pi,6.2800,6.2540,-0.1110,-0.1110
8.7587,pi,6.2800,6.2598,-0.1109,-0.1109
8.7637,pi,6.2800,6.2872,-0.1104,-0.1104
8.7689,pi,6.2800,6.2862,-0.1104,-0.1104
8.7737,pi,6.2800,6.3082,-0.1100,-0.1100
8.7788,pi,6.2800,6.3267,-0.1096,-0.1096
8.7838,pi,6.2800,6.3412,-0.1093,-0.1093
8.7888,pi,6.2800,6.3291,-0.1095,-0.1095
8.7937,pi,6.2800,6.3426,-0.1092,-0.1092
8.7992,pi,6.2800,6.3306,-0.1094,-0.1094
8.8041,pi,6.2800,6.3709,-0.1086,-0.1086
8.8090,pi,6.2800,6.3526,-0.1090,-0.1090
8.8147,pi,6.2800,6.3366,-0.1093,-0.1093
8.8201,pi,6.2800,6.3247,-0.1095,-0.1095
8.8255,pi,6.2800,6.3141,-0.1097,-0.1097
8.8310,pi,6.2800,6.3066,-0.1098,-0.1098
8.8384,pi,6.2800,6.3006,-0.1100,-0.1100
8.8439,pi,6.2800,6.2931,-0.1101,-0.1101
8.8489,pi,6.2800,6.2897,-0.1102,-0.1102
8.8537,pi,6.2800,6.2882,-0.1102,-0.1102
8.8582,pi,6.2800,6.3101,-0.1097,-0.1097
8.8621,pi,6.2800,6.2820,-0.1103,-0.1103
8.8663,pi,6.2800,6.3058,-0.1098,-0.1098
8.8706,pi,6.2800,6.2797,-0.1103,-0.1103
8.8748,pi,6.2800,6.3045,-0.1098,-0.1098
8.8789,pi,6.2800,6.3252,-0.1094,-0.1094
8.8837,pi,6.2800,6.3410,-0.1091,-0.1091
8.8887,pi,6.2800,6.3077,-0.1097,-0.1097
8.8938,pi,6.2800,6.3296,-0.1093,-0.1093
8.8987,pi,6.2800,6.3445,-0.1090,-0.1090
8.9037,pi,6.2800,6.3560,-0.1087,-0.1087
8.9088,pi,6.2800,6.3192,-0.1095,-0.1095
8.9138,pi,6.2800,6.3120,-0.1096,-0.1096
8.9187,pi,6.2800,6.3288,-0.1092,-0.1092
8.9238,pi,6.2800,6.3431,-0.1089,-0.1089
8.9288,pi,6.2800,6.3539,-0.1087,-0.1087
8.9337,pi,6.2800,6.3174,-0.1094,-0.1094
8.9387,pi,6.2800,6.3336,-0.1091,-0.1091
8.9438,pi,6.2800,6.3233,-0.1093,-0.1093
8.9487,pi,6.2800,6.3381,-0.1090,-0.1090
8.9538,pi,6.2800,6.3271,-0.1092,-0.1092
8.9588,pi,6.2800,6.3411,-0.1089,-0.1089
8.9638,pi,6.2800,6.3523,-0.1087,-0.1087
8.9689,pi,6.2800,6.3154,-0.1094,-0.1094
8.9738,pi,6.2800,6.3089,-0.1095,-0.1095
8.9787,pi,6.2800,6.3266,-0.1091,-0.1091
8.9837,pi,6.2800,6.3178,-0.1093,-0.1093
8.9888,pi,6.2800,6.2604,-0.1105,-0.1105
8.9938,pi,6.2800,6.2647,-0.1104,-0.1104
8.9988,pi,6.2800,6.2678,-0.1103,-0.1103
9.0037,pi,6.2800,6.2707,-0.1103,-0.1103
9.0087,pi,6.2800,6.2505,-0.1107,-0.1107
9.0139,pi,6.2800,6.2567,-0.1106,-0.1106
9.0191,pi,6.2800,6.3122,-0.1094,-0.1094
9.0237,pi,6.2800,6.3061,-0.1096,-0.1096
9.0288,pi,6.2800,6.2511,-0.1107,-0.1107
9.0338,pi,6.2800,6.2575,-0.1105,-0.1105
9.0388,pi,6.2800,6.3128,-0.1094,-0.1094
9.0437,pi,6.2800,6.3297,-0.1091,-0.1091
9.0488,pi,6.2800,6.2979,-0.1097,-0.1097
9.0538,pi,6.2800,6.2727,-0.1102,-0.1102
9.0588,pi,6.2800,6.2747,-0.1102,-0.1102
9.0637,pi,6.2800,6.2992,-0.1097,-0.1097
9.0688,pi,6.2800,6.2736,-0.1102,-0.1102
9.0738,pi,6.2800,6.2529,-0.1106,-0.1106
9.0791,pi,6.2800,6.3087,-0.1095,-0.1095
9.0842,pi,6.2800,6.3028,-0.1096,-0.1096
9.0887,pi,6.2800,6.2987,-0.1097,-0.1097
9.0937,pi,6.2800,6.2733,-0.1102,-0.1102
9.0987,pi,6.2800,6.2983,-0.1097,-0.1097
9.1037,pi,6.2800,6.2952,-0.1097,-0.1097
9.1087,pi,6.2800,6.3430,-0.1088,-0.1088
9.1138,pi,6.2800,6.3304,-0.1090,-0.1090
9.1190,pi,6.2800,6.3707,-0.1082,-0.1082
9.1240,pi,6.2800,6.3527,-0.1085,-0.1085
9.1294,pi,6.2800,6.2883,-0.1098,-0.1098
9.1346,pi,6.2800,6.2856,-0.1099,-0.1099
9.1387,pi,6.2800,6.3081,-0.1094,-0.1094
9.1438,pi,6.2800,6.3029,-0.1095,-0.1095
9.1488,pi,6.2800,6.2483,-0.1106,-0.1106
9.1537,pi,6.2800,6.2325,-0.1109,-0.1109
9.1588,pi,6.2800,6.1922,-0.1118,-0.1118
9.1637,pi,6.2800,6.1874,-0.1119,-0.1119
9.1698,pi,6.2800,6.1554,-0.1125,-0.1125
9.1754,pi,6.2800,6.1580,-0.1125,-0.1125
9.1797,pi,6.2800,6.1607,-0.1125,-0.1125
9.1841,pi,6.2800,6.2088,-0.1116,-0.1116
9.1888,pi,6.2800,6.1733,-0.1123,-0.1123
9.1937,pi,6.2800,6.1728,-0.1123,-0.1123
9.1988,pi,6.2800,6.1721,-0.1124,-0.1124
9.2038,pi,6.2800,6.1942,-0.1119,-0.1119
9.2087,pi,6.2800,6.1891,-0.1121,-0.1121
9.2138,pi,6.2800,6.2308,-0.1113,-0.1113
9.2189,pi,6.2800,6.2642,-0.1106,-0.1106
9.2238,pi,6.2800,6.2917,-0.1100,-0.1100
9.2290,pi,6.2800,6.2898,-0.1101,-0.1101
9.2337,pi,6.2800,6.3112,-0.1096,-0.1096
9.2387,pi,6.2800,6.3287,-0.1093,-0.1093
9.2437,pi,6.2800,6.3194,-0.1094,-0.1094
9.2488,pi,6.2800,6.3349,-0.1091,-0.1091
9.2538,pi,6.2800,6.3245,-0.1093,-0.1093
9.2587,pi,6.2800,6.3664,-0.1085,-0.1085
9.2637,pi,6.2800,6.3727,-0.1083,-0.1083
9.2687,pi,6.2800,6.3776,-0.1082,-0.1082
9.2739,pi,6.2800,6.3585,-0.1086,-0.1086
9.2788,pi,6.2800,6.3432,-0.1088,-0.1088
9.2837,pi,6.2800,6.3542,-0.1086,-0.1086
9.2888,pi,6.2800,6.2897,-0.1099,-0.1099
9.2938,pi,6.2800,6.2881,-0.1099,-0.1099
9.2988,pi,6.2800,6.2365,-0.1110,-0.1110
9.3037,pi,6.2800,6.2230,-0.1112,-0.1112
9.3087,pi,6.2800,6.2123,-0.1115,-0.1115
9.3138,pi,6.2800,6.1761,-0.1122,-0.1122
9.3188,pi,6.2800,6.1464,-0.1129,-0.1129
9.3237,pi,6.2800,6.1509,-0.1128,-0.1128
9.3288,pi,6.2800,6.1548,-0.1128,-0.1128
9.3337,pi,6.2800,6.2038,-0.1118,-0.1118
9.3388,pi,6.2800,6.1969,-0.1120,-0.1120
9.3437,pi,6.2800,6.2371,-0.1112,-0.1112
9.3488,pi,6.2800,6.2235,-0.1114,-0.1114
9.3538,pi,6.2800,6.1851,-0.1122,-0.1122
9.3588,pi,6.2800,6.2044,-0.1119,-0.1119
9.3637,pi,6.2800,6.2430,-0.1111,-0.1111
9.3689,pi,6.2800,6.2735,-0.1105,-0.1105
9.3737,pi,6.2800,6.2989,-0.1100,-0.1100
9.3788,pi,6.2800,6.2732,-0.1105,-0.1105
9.3837,pi,6.2800,6.2983,-0.1100,-0.1100
9.3892,pi,6.2800,6.2944,-0.1101,-0.1101
9.3937,pi,6.2800,6.2918,-0.1101,-0.1101
9.3992,pi,6.2800,6.2896,-0.1102,-0.1102
9.4037,pi,6.2800,6.3382,-0.1092,-0.1092
9.4088,pi,6.2800,6.3500,-0.1089,-0.1089
9.4137,pi,6.2800,6.3366,-0.1092,-0.1092
9.4187,pi,6.2800,6.3030,-0.1098,-0.1098
9.4238,pi,6.2800,6.2988,-0.1099,-0.1099
9.4288,pi,6.2800,6.2953,-0.1100,-0.1100
9.4338,pi,6.2800,6.2925,-0.1100,-0.1100
9.4388,pi,6.2800,6.2674,-0.1105,-0.1105
9.4437,pi,6.2800,6.2942,-0.1100,-0.1100
9.4488,pi,6.2800,6.2692,-0.1105,-0.1105
9.4538,pi,6.2800,6.2956,-0.1100,-0.1100
9.4588,pi,6.2800,6.2931,-0.1100,-0.1100
9.4637,pi,6.2800,6.2911,-0.1101,-0.1101
9.4688,pi,6.2800,6.2895,-0.1101,-0.1101
9.4738,pi,6.2800,6.2655,-0.1106,-0.1106
9.4788,pi,6.2800,6.2462,-0.1110,-0.1110
9.4838,pi,6.2800,6.2766,-0.1104,-0.1104
9.4888,pi,6.2800,6.2550,-0.1108,-0.1108
9.4938,pi,6.2800,6.2838,-0.1102,-0.1102
9.4988,pi,6.2800,6.2607,-0.1107,-0.1107
9.5038,pi,6.2800,6.2650,-0.1106,-0.1106
9.5088,pi,6.2800,6.2686,-0.1105,-0.1105
9.5138,pi,6.2800,6.2212,-0.1115,-0.1115
9.5187,pi,6.2800,6.2108,-0.1117,-0.1117
9.5239,pi,6.2800,6.2754,-0.1104,-0.1104
9.5290,pi,6.2800,6.2766,-0.1104,-0.1104
9.5342,pi,6.2800,6.2774,-0.1104,-0.1104
9.5387,pi,6.2800,6.2783,-0.1104,-0.1104
9.5437,pi,6.2800,6.2793,-0.1104,-0.1104
9.5487,pi,6.2800,6.2572,-0.1108,-0.1108
9.5538,pi,6.2800,6.2397,-0.1112,-0.1112
9.5587,pi,6.2800,6.2255,-0.1115,-0.1115
9.5638,pi,6.2800,6.2600,-0.1108,-0.1108
9.5688,pi,6.2800,6.2643,-0.1107,-0.1107
9.5738,pi,6.2800,6.2679,-0.1106,-0.1106
9.5788,pi,6.2800,6.2482,-0.1110,-0.1110
9.5838,pi,6.2800,6.2783,-0.1104,-0.1104
9.5888,pi,6.2800,6.2792,-0.1104,-0.1104
9.5938,pi,6.2800,6.2799,-0.1104,-0.1104
9.5987,pi,6.2800,6.2803,-0.1104,-0.1104
9.6038,pi,6.2800,6.3299,-0.1094,-0.1094
9.6088,pi,6.2800,6.3204,-0.1096,-0.1096
9.6138,pi,6.2800,6.3122,-0.1097,-0.1097
9.6187,pi,6.2800,6.2834,-0.1103,-0.1103
9.6238,pi,6.2800,6.3065,-0.1098,-0.1098
9.6288,pi,6.2800,6.3016,-0.1099,-0.1099
9.6338,pi,6.2800,6.2970,-0.1100,-0.1100
9.6387,pi,6.2800,6.2717,-0.1105,-0.1105
9.6437,pi,6.2800,6.2971,-0.1100,-0.1100
9.6487,pi,6.2800,6.2714,-0.1105,-0.1105
9.6537,pi,6.2800,6.2967,-0.1100,-0.1100
9.6587,pi,6.2800,6.2725,-0.1105,-0.1105
9.6638,pi,6.2800,6.2976,-0.1100,-0.1100
9.6687,pi,6.2800,6.2724,-0.1105,-0.1105
9.6738,pi,6.2800,6.2242,-0.1115,-0.1115
9.6787,pi,6.2800,6.2132,-0.1117,-0.1117
9.6838,pi,6.2800,6.2494,-0.1110,-0.1110
9.6887,pi,6.2800,6.2344,-0.1113,-0.1113
9.6938,pi,6.2800,6.1937,-0.1121,-0.1121
9.6988,pi,6.2800,6.2115,-0.1118,-0.1118
9.7037,pi,6.2800,6.2258,-0.1115,-0.1115
9.7087,pi,6.2800,6.2372,-0.1113,-0.1113
9.7138,pi,6.2800,6.1959,-0.1122,-0.1122
9.7187,pi,6.2800,6.2134,-0.1118,-0.1118
9.7237,pi,6.2800,6.2502,-0.1111,-0.1111
9.7288,pi,6.2800,6.2798,-0.1105,-0.1105
9.7338,pi,6.2800,6.3031,-0.1100,-0.1100
9.7388,pi,6.2800,6.2773,-0.1105,-0.1105
9.7437,pi,6.2800,6.3015,-0.1101,-0.1101
9.7488,pi,6.2800,6.3207,-0.1097,-0.1097
9.7538,pi,6.2800,6.3120,-0.1098,-0.1098
9.7588,pi,6.2800,6.3062,-0.1099,-0.1099
9.7637,pi,6.2800,6.3246,-0.1096,-0.1096
9.7688,pi,6.2800,6.3394,-0.1092,-0.1092
9.7737,pi,6.2800,6.3514,-0.1090,-0.1090
9.7788,pi,6.2800,6.3370,-0.1093,-0.1093
9.7837,pi,6.2800,6.3492,-0.1090,-0.1090
9.7887,pi,6.2800,6.3137,-0.1097,-0.1097
9.7937,pi,6.2800,6.3305,-0.1094,-0.1094
9.7988,pi,6.2800,6.2979,-0.1100,-0.1100
9.8037,pi,6.2800,6.3178,-0.1096,-0.1096
9.8088,pi,6.2800,6.2890,-0.1102,-0.1102
9.8139,pi,6.2800,6.2875,-0.1102,-0.1102
9.8188,pi,6.2800,6.2854,-0.1102,-0.1102
9.8245,pi,6.2800,6.2840,-0.1103,-0.1103
9.8296,pi,6.2800,6.2821,-0.1103,-0.1103
9.8337,pi,6.2800,6.2818,-0.1103,-0.1103
9.8388,pi,6.2800,6.2818,-0.1103,-0.1103
9.8438,pi,6.2800,6.2818,-0.1103,-0.1103
9.8488,pi,6.2800,6.2590,-0.1108,-0.1108
9.8537,pi,6.2800,6.2869,-0.1102,-0.1102
9.8588,pi,6.2800,6.2636,-0.1107,-0.1107
9.8637,pi,6.2800,6.2907,-0.1101,-0.1101
9.8688,pi,6.2800,6.2666,-0.1106,-0.1106
9.8737,pi,6.2800,6.2941,-0.1101,-0.1101
9.8788,pi,6.2800,6.2697,-0.1106,-0.1106
9.8837,pi,6.2800,6.2973,-0.1100,-0.1100
9.8888,pi,6.2800,6.2945,-0.1101,-0.1101
9.8938,pi,6.2800,6.2912,-0.1101,-0.1101
9.8987,pi,6.2800,6.3124,-0.1097,-0.1097
9.9037,pi,6.2800,6.3297,-0.1093,-0.1093
9.9087,pi,6.2800,6.3433,-0.1090,-0.1090
9.9138,pi,6.2800,6.3311,-0.1093,-0.1093
9.9188,pi,6.2800,6.3717,-0.1084,-0.1084
9.9237,pi,6.2800,6.3538,-0.1088,-0.1088
9.9288,pi,6.2800,6.3396,-0.1090,-0.1090
9.9338,pi,6.2800,6.3283,-0.1093,-0.1093
9.9388,pi,6.2800,6.3693,-0.1084,-0.1084
9.9437,pi,6.2800,6.3752,-0.1083,-0.1083
9.9488,pi,6.2800,6.3060,-0.1097,-0.1097
9.9538,pi,6.2800,6.3012,-0.1097,-0.1097
9.9587,pi,6.2800,6.2470,-0.1108,-0.1108
9.9637,pi,6.2800,6.2312,-0.1112,-0.1112
9.9688,pi,6.2800,6.1911,-0.1120,-0.1120
9.9737,pi,6.2800,6.1868,-0.1121,-0.1121
9.9788,pi,6.2800,6.1833,-0.1122,-0.1122
9.9837,pi,6.2800,6.2263,-0.1113,-0.1113
9.9887,pi,6.2800,6.2151,-0.1116,-0.1116
9.9937,pi,6.2800,6.2064,-0.1118,-0.1118
9.9988,pi,6.2800,6.1987,-0.1119,-0.1119
10.0037,pi,6.2800,6.2387,-0.1112,-0.1112
10.0088,pi,6.2800,6.2248,-0.1115,-0.1115
10.0137,pi,6.2800,6.2595,-0.1108,-0.1108
10.0188,pi,6.2800,6.2413,-0.1111,-0.1111
10.0238,pi,6.2800,6.2495,-0.1110,-0.1110
10.0288,pi,6.2800,6.2560,-0.1109,-0.1109
10.0338,pi,6.2800,6.2611,-0.1108,-0.1108
10.0387,pi,6.2800,6.3156,-0.1097,-0.1097
10.0437,pi,6.2800,6.3089,-0.1098,-0.1098
10.0488,pi,6.2800,6.3037,-0.1099,-0.1099
10.0538,pi,6.2800,6.2992,-0.1100,-0.1100
10.0591,pi,6.2800,6.3453,-0.1090,-0.1090
10.0645,pi,6.2800,6.3323,-0.1093,-0.1093
10.0691,pi,6.2800,6.3223,-0.1095,-0.1095
10.0737,pi,6.2800,6.3374,-0.1092,-0.1092
10.0787,pi,6.2800,6.3038,-0.1098,-0.1098
10.0838,pi,6.2800,6.2985,-0.1099,-0.1099
10.0887,pi,6.2800,6.2731,-0.1104,-0.1104
10.0938,pi,6.2800,6.2524,-0.1109,-0.1109
10.0988,pi,6.2800,6.2584,-0.1107,-0.1107
10.1038,pi,6.2800,6.2631,-0.1106,-0.1106
10.1093,pi,6.2800,6.2437,-0.1110,-0.1110
10.1149,pi,6.2800,6.2512,-0.1109,-0.1109
10.1190,pi,6.2800,6.2572,-0.1108,-0.1108
10.1239,pi,6.2800,6.2619,-0.1107,-0.1107
10.1287,pi,6.2800,6.2434,-0.1111,-0.1111
10.1337,pi,6.2800,6.2744,-0.1105,-0.1105
10.1388,pi,6.2800,6.2759,-0.1104,-0.1104
10.1438,pi,6.2800,6.2771,-0.1104,-0.1104
10.1489,pi,6.2800,6.2780,-0.1104,-0.1104
10.1537,pi,6.2800,6.3018,-0.1099,-0.1099
10.1587,pi,6.2800,6.2758,-0.1104,-0.1104
10.1637,pi,6.2800,6.3008,-0.1099,-0.1099
10.1690,pi,6.2800,6.2970,-0.1100,-0.1100
10.1744,pi,6.2800,6.2940,-0.1100,-0.1100
10.1792,pi,6.2800,6.2910,-0.1101,-0.1101
10.1837,pi,6.2800,6.2886,-0.1102,-0.1102
10.1887,pi,6.2800,6.2644,-0.1106,-0.1106
10.1938,pi,6.2800,6.2678,-0.1106,-0.1106
10.1988,pi,6.2800,6.2937,-0.1101,-0.1101
10.2039,pi,6.2800,6.2910,-0.1101,-0.1101
10.2092,pi,6.2800,6.3389,-0.1091,-0.1091
10.2137,pi,6.2800,6.3277,-0.1093,-0.1093
10.2187,pi,6.2800,6.3420,-0.1090,-0.1090
10.2237,pi,6.2800,6.3542,-0.1088,-0.1088
10.2287,pi,6.2800,6.3635,-0.1086,-0.1086
10.2338,pi,6.2800,6.3708,-0.1084,-0.1084
10.2387,pi,6.2800,6.3766,-0.1083,-0.1083
10.2438,pi,6.2800,6.3808,-0.1082,-0.1082
10.2488,pi,6.2800,6.3110,-0.1095,-0.1095
10.2537,pi,6.2800,6.2825,-0.1101,-0.1101
10.2588,pi,6.2800,6.3061,-0.1096,-0.1096
10.2638,pi,6.2800,6.3015,-0.1097,-0.1097
10.2689,pi,6.2800,6.2459,-0.1108,-0.1108
10.2740,pi,6.2800,6.2526,-0.1107,-0.1107
10.2788,pi,6.2800,6.2081,-0.1116,-0.1116
10.2837,pi,6.2800,6.2001,-0.1118,-0.1118
10.2888,pi,6.2800,6.1663,-0.1125,-0.1125
10.2937,pi,6.2800,6.1895,-0.1121,-0.1121
10.2988,pi,6.2800,6.2080,-0.1117,-0.1117
10.3037,pi,6.2800,6.2228,-0.1114,-0.1114
10.3088,pi,6.2800,6.2122,-0.1117,-0.1117
10.3139,pi,6.2800,6.2254,-0.1114,-0.1114
10.3188,pi,6.2800,6.2598,-0.1107,-0.1107
10.3237,pi,6.2800,6.2886,-0.1101,-0.1101
10.3288,pi,6.2800,6.2648,-0.1106,-0.1106
10.3338,pi,6.2800,6.2684,-0.1106,-0.1106
10.3391,pi,6.2800,6.3214,-0.1095,-0.1095
10.3437,pi,6.2800,6.3133,-0.1096,-0.1096
10.3487,pi,6.2800,6.3303,-0.1093,-0.1093
10.3537,pi,6.2800,6.3443,-0.1090,-0.1090
10.3588,pi,6.2800,6.3821,-0.1082,-0.1082
10.3637,pi,6.2800,6.3849,-0.1081,-0.1081
10.3688,pi,6.2800,6.3644,-0.1085,-0.1085
10.3738,pi,6.2800,6.3480,-0.1088,-0.1088
10.3788,pi,6.2800,6.3853,-0.1081,-0.1081
10.3837,pi,6.2800,6.3877,-0.1080,-0.1080
10.3888,pi,6.2800,6.3895,-0.1079,-0.1079
10.3937,pi,6.2800,6.3457,-0.1088,-0.1088
10.3988,pi,6.2800,6.3332,-0.1090,-0.1090
10.4041,pi,6.2800,6.3218,-0.1092,-0.1092
10.4087,pi,6.2800,6.3365,-0.1089,-0.1089
10.4139,pi,6.2800,6.3031,-0.1096,-0.1096
10.4187,pi,6.2800,6.3220,-0.1092,-0.1092
10.4239,pi,6.2800,6.3142,-0.1093,-0.1093
10.4295,pi,6.2800,6.3076,-0.1095,-0.1095
10.4343,pi,6.2800,6.3021,-0.1096,-0.1096
10.4391,pi,6.2800,6.3210,-0.1092,-0.1092
10.4438,pi,6.2800,6.3134,-0.1093,-0.1093
10.4487,pi,6.2800,6.2568,-0.1105,-0.1105
10.4537,pi,6.2800,6.2392,-0.1108,-0.1108
10.4587,pi,6.2800,6.2720,-0.1102,-0.1102
10.4637,pi,6.2800,6.2517,-0.1106,-0.1106
10.4688,pi,6.2800,6.2066,-0.1115,-0.1115
10.4737,pi,6.2800,6.2218,-0.1112,-0.1112
10.4787,pi,6.2800,6.2113,-0.1114,-0.1114
10.4837,pi,6.2800,6.2034,-0.1116,-0.1116
10.4888,pi,6.2800,6.1970,-0.1118,-0.1118
10.4938,pi,6.2800,6.1917,-0.1119,-0.1119
10.4993,pi,6.2800,6.2601,-0.1105,-0.1105
10.5049,pi,6.2800,6.2641,-0.1105,-0.1105
10.5092,pi,6.2800,6.2176,-0.1114,-0.1114
10.5145,pi,6.2800,6.2300,-0.1112,-0.1112
10.5192,pi,6.2800,6.2630,-0.1105,-0.1105
10.5245,pi,6.2800,6.2655,-0.1105,-0.1105
10.5293,pi,6.2800,6.2678,-0.1104,-0.1104
10.5341,pi,6.2800,6.2698,-0.1104,-0.1104
10.5395,pi,6.2800,6.3219,-0.1093,-0.1093
10.5441,pi,6.2800,6.3134,-0.1095,-0.1095
10.5488,pi,6.2800,6.3298,-0.1092,-0.1092
10.5538,pi,6.2800,6.2975,-0.1098,-0.1098
10.5588,pi,6.2800,6.3446,-0.1088,-0.1088
10.5639,pi,6.2800,6.3548,-0.1086,-0.1086
10.5688,pi,6.2800,6.3638,-0.1084,-0.1084
10.5739,pi,6.2800,6.3246,-0.1092,-0.1092
10.5792,pi,6.2800,6.3406,-0.1089,-0.1089
10.5841,pi,6.2800,6.3525,-0.1086,-0.1086
10.5889,pi,6.2800,6.3620,-0.1084,-0.1084
10.5939,pi,6.2800,6.3237,-0.1091,-0.1091
10.5992,pi,6.2800,6.3151,-0.1093,-0.1093
10.6039,pi,6.2800,6.3078,-0.1094,-0.1094
10.6098,pi,6.2800,6.3024,-0.1096,-0.1096
10.6144,pi,6.2800,6.2979,-0.1096,-0.1096
10.6189,pi,6.2800,6.2946,-0.1097,-0.1097
10.6241,pi,6.2800,6.2912,-0.1098,-0.1098
10.6292,pi,6.2800,6.2889,-0.1098,-0.1098
10.6344,pi,6.2800,6.2872,-0.1098,-0.1098
10.6389,pi,6.2800,6.2861,-0.1099,-0.1099
10.6447,pi,6.2800,6.2850,-0.1099,-0.1099
10.6494,pi,6.2800,6.2844,-0.1099,-0.1099
10.6541,pi,6.2800,6.2611,-0.1104,-0.1104
10.6589,pi,6.2800,6.2892,-0.1098,-0.1098
10.6638,pi,6.2800,6.2654,-0.1103,-0.1103
10.6687,pi,6.2800,6.2927,-0.1097,-0.1097
10.6737,pi,6.2800,6.2686,-0.1102,-0.1102
10.6787,pi,6.2800,6.2959,-0.1097,-0.1097
10.6838,pi,6.2800,6.2709,-0.1102,-0.1102
10.6887,pi,6.2800,6.2974,-0.1096,-0.1096
10.6938,pi,6.2800,6.2722,-0.1101,-0.1101
10.6988,pi,6.2800,6.2980,-0.1096,-0.1096
10.7048,pi,6.2800,6.2727,-0.1101,-0.1101
10.7103,pi,6.2800,6.2738,-0.1101,-0.1101
10.7149,pi,6.2800,6.2749,-0.1101,-0.1101
10.7195,pi,6.2800,6.2757,-0.1101,-0.1101
10.7241,pi,6.2800,6.2760,-0.1101,-0.1101
10.7291,pi,6.2800,6.2765,-0.1101,-0.1101
10.7337,pi,6.2800,6.3003,-0.1096,-0.1096
10.7388,pi,6.2800,6.2952,-0.1097,-0.1097
10.7438,pi,6.2800,6.2927,-0.1097,-0.1097
10.7488,pi,6.2800,6.2904,-0.1098,-0.1098
10.7537,pi,6.2800,6.3119,-0.1093,-0.1093
10.7588,pi,6.2800,6.3290,-0.1090,-0.1090
10.7637,pi,6.2800,6.2982,-0.1096,-0.1096
10.7689,pi,6.2800,6.2942,-0.1097,-0.1097
10.7737,pi,6.2800,6.3154,-0.1092,-0.1092
10.7788,pi,6.2800,6.3327,-0.1089,-0.1089
10.7837,pi,6.2800,6.3464,-0.1086,-0.1086
10.7888,pi,6.2800,6.3110,-0.1093,-0.1093
10.7937,pi,6.2800,6.3297,-0.1089,-0.1089
10.7988,pi,6.2800,6.3433,-0.1086,-0.1086
10.8038,pi,6.2800,6.2809,-0.1099,-0.1099
10.8088,pi,6.2800,6.2585,-0.1103,-0.1103
10.8137,pi,6.2800,6.2866,-0.1097,-0.1097
10.8188,pi,6.2800,6.3087,-0.1093,-0.1093
10.8238,pi,6.2800,6.3036,-0.1094,-0.1094
10.8288,pi,6.2800,6.2994,-0.1095,-0.1095
10.8337,pi,6.2800,6.3191,-0.1091,-0.1091
10.8388,pi,6.2800,6.3119,-0.1092,-0.1092
10.8437,pi,6.2800,6.3062,-0.1093,-0.1093
10.8488,pi,6.2800,6.3015,-0.1094,-0.1094
10.8537,pi,6.2800,6.3207,-0.1090,-0.1090
10.8587,pi,6.2800,6.3361,-0.1087,-0.1087
10.8638,pi,6.2800,6.3255,-0.1089,-0.1089
10.8688,pi,6.2800,6.3170,-0.1090,-0.1090
10.8738,pi,6.2800,6.3101,-0.1092,-0.1092
10.8788,pi,6.2800,6.3047,-0.1093,-0.1093
10.8837,pi,6.2800,6.3004,-0.1094,-0.1094
10.8887,pi,6.2800,6.2740,-0.1099,-0.1099
10.8937,pi,6.2800,6.2988,-0.1094,-0.1094
10.8988,pi,6.2800,6.2728,-0.1099,-0.1099
10.9037,pi,6.2800,6.2980,-0.1094,-0.1094
10.9088,pi,6.2800,6.2722,-0.1099,-0.1099
10.9137,pi,6.2800,6.2974,-0.1094,-0.1094
10.9187,pi,6.2800,6.2717,-0.1099,-0.1099
10.9237,pi,6.2800,6.2970,-0.1094,-0.1094
10.9288,pi,6.2800,6.3445,-0.1084,-0.1084
10.9337,pi,6.2800,6.3553,-0.1082,-0.1082
10.9388,pi,6.2800,6.3179,-0.1089,-0.1089
10.9437,pi,6.2800,6.3340,-0.1086,-0.1086
10.9488,pi,6.2800,6.3238,-0.1088,-0.1088
10.9537,pi,6.2800,6.3156,-0.1090,-0.1090
10.9588,pi,6.2800,6.3090,-0.1091,-0.1091
10.9637,pi,6.2800,6.3269,-0.1087,-0.1087
10.9688,pi,6.2800,6.3682,-0.1079,-0.1079
10.9737,pi,6.2800,6.3746,-0.1077,-0.1077
10.9788,pi,6.2800,6.3333,-0.1085,-0.1085
10.9838,pi,6.2800,6.3219,-0.1087,-0.1087
10.9887,pi,6.2800,6.2915,-0.1094,-0.1094
10.9938,pi,6.2800,6.2891,-0.1094,-0.1094
10.9988,pi,6.2800,6.2879,-0.1094,-0.1094
11.0038,pi,6.2800,6.2868,-0.1094,-0.1094
11.0087,pi,6.2800,6.3089,-0.1090,-0.1090
11.0138,pi,6.2800,6.3036,-0.1091,-0.1091
11.0187,pi,6.2800,6.3224,-0.1087,-0.1087
11.0238,pi,6.2800,6.3140,-0.1089,-0.1089
11.0287,pi,6.2800,6.3303,-0.1085,-0.1085
11.0338,pi,6.2800,6.3436,-0.1082,-0.1082
11.0388,pi,6.2800,6.3817,-0.1075,-0.1075
11.0438,pi,6.2800,6.3849,-0.1074,-0.1074
11.0487,pi,6.2800,6.3881,-0.1073,-0.1073
11.0537,pi,6.2800,6.3901,-0.1072,-0.1072
11.0588,pi,6.2800,6.3183,-0.1086,-0.1086
11.0638,pi,6.2800,6.3112,-0.1088,-0.1088
11.0688,pi,6.2800,6.2551,-0.1099,-0.1099
11.0737,pi,6.2800,6.2378,-0.1103,-0.1103
11.0790,pi,6.2800,6.1966,-0.1111,-0.1111
11.0837,pi,6.2800,6.2136,-0.1108,-0.1108
11.0887,pi,6.2800,6.2047,-0.1110,-0.1110
11.0937,pi,6.2800,6.1978,-0.1111,-0.1111
11.0988,pi,6.2800,6.1645,-0.1118,-0.1118
11.1038,pi,6.2800,6.1883,-0.1114,-0.1114
11.1087,pi,6.2800,6.2072,-0.1110,-0.1110
11.1137,pi,6.2800,6.2454,-0.1103,-0.1103
11.1189,pi,6.2800,6.2526,-0.1101,-0.1101
11.1240,pi,6.2800,6.2584,-0.1100,-0.1100
11.1292,pi,6.2800,6.3127,-0.1089,-0.1089
11.1340,pi,6.2800,6.3292,-0.1086,-0.1086
11.1388,pi,6.2800,6.3701,-0.1077,-0.1077
11.1437,pi,6.2800,6.3758,-0.1076,-0.1076
11.1487,pi,6.2800,6.3803,-0.1075,-0.1075
11.1537,pi,6.2800,6.3840,-0.1074,-0.1074
11.1587,pi,6.2800,6.3871,-0.1073,-0.1073
11.1637,pi,6.2800,6.3895,-0.1072,-0.1072
11.1687,pi,6.2800,6.3912,-0.1072,-0.1072
11.1737,pi,6.2800,6.3930,-0.1071,-0.1071
11.1787,pi,6.2800,6.3945,-0.1070,-0.1070
11.1837,pi,6.2800,6.3505,-0.1079,-0.1079
11.1887,pi,6.2800,6.3605,-0.1077,-0.1077
11.1937,pi,6.2800,6.3225,-0.1084,-0.1084
11.1987,pi,6.2800,6.3376,-0.1081,-0.1081
11.2038,pi,6.2800,6.3267,-0.1083,-0.1083
11.2087,pi,6.2800,6.3172,-0.1085,-0.1085
11.2137,pi,6.2800,6.2876,-0.1091,-0.1091
11.2188,pi,6.2800,6.2359,-0.1101,-0.1101
11.2237,pi,6.2800,6.2225,-0.1104,-0.1104
11.2289,pi,6.2800,6.2326,-0.1102,-0.1102
11.2337,pi,6.2800,6.2421,-0.1100,-0.1100
11.2388,pi,6.2800,6.2000,-0.1109,-0.1109
11.2438,pi,6.2800,6.2162,-0.1106,-0.1106
11.2488,pi,6.2800,6.2291,-0.1103,-0.1103
11.2537,pi,6.2800,6.2394,-0.1101,-0.1101
11.2588,pi,6.2800,6.2248,-0.1105,-0.1105
11.2638,pi,6.2800,6.2360,-0.1102,-0.1102
11.2688,pi,6.2800,6.2453,-0.1101,-0.1101
11.2737,pi,6.2800,6.2524,-0.1099,-0.1099
11.2788,pi,6.2800,6.2354,-0.1103,-0.1103
11.2837,pi,6.2800,6.2239,-0.1105,-0.1105
11.2887,pi,6.2800,6.2134,-0.1108,-0.1108
11.2937,pi,6.2800,6.2502,-0.1100,-0.1100
11.2988,pi,6.2800,6.2342,-0.1104,-0.1104
11.3037,pi,6.2800,6.2215,-0.1106,-0.1106
11.3087,pi,6.2800,6.2112,-0.1108,-0.1108
11.3140,pi,6.2800,6.2255,-0.1106,-0.1106
11.3191,pi,6.2800,6.2366,-0.1104,-0.1104
11.3237,pi,6.2800,6.2688,-0.1097,-0.1097
11.3287,pi,6.2800,6.2948,-0.1092,-0.1092
11.3337,pi,6.2800,6.2924,-0.1092,-0.1092
11.3386,pi,6.2800,6.3135,-0.1088,-0.1088
11.3437,pi,6.2800,6.3304,-0.1085,-0.1085
11.3487,pi,6.2800,6.3439,-0.1082,-0.1082
11.3538,pi,6.2800,6.3316,-0.1084,-0.1084
11.3588,pi,6.2800,6.3720,-0.1076,-0.1076
11.3637,pi,6.2800,6.3773,-0.1074,-0.1074
11.3687,pi,6.2800,6.3820,-0.1073,-0.1073
11.3737,pi,6.2800,6.3860,-0.1072,-0.1072
11.3787,pi,6.2800,6.3887,-0.1071,-0.1071
11.3838,pi,6.2800,6.3673,-0.1075,-0.1075
11.3891,pi,6.2800,6.3497,-0.1079,-0.1079
11.3938,pi,6.2800,6.3361,-0.1081,-0.1081
11.3987,pi,6.2800,6.2750,-0.1094,-0.1094
11.4041,pi,6.2800,6.2755,-0.1094,-0.1094
11.4087,pi,6.2800,6.2770,-0.1093,-0.1093
11.4137,pi,6.2800,6.2780,-0.1093,-0.1093
11.4188,pi,6.2800,6.2274,-0.1103,-0.1103
11.4238,pi,6.2800,6.2370,-0.1101,-0.1101
11.4288,pi,6.2800,6.1960,-0.1110,-0.1110
11.4337,pi,6.2800,6.1905,-0.1111,-0.1111
11.4388,pi,6.2800,6.1864,-0.1112,-0.1112
11.4437,pi,6.2800,6.1836,-0.1113,-0.1113
11.4487,pi,6.2800,6.1808,-0.1114,-0.1114
11.4537,pi,6.2800,6.2244,-0.1105,-0.1105
11.4588,pi,6.2800,6.2143,-0.1107,-0.1107
11.4638,pi,6.2800,6.2057,-0.1109,-0.1109
11.4687,pi,6.2800,6.1985,-0.1111,-0.1111
11.4737,pi,6.2800,6.2393,-0.1103,-0.1103
11.4788,pi,6.2800,6.2265,-0.1106,-0.1106
11.4839,pi,6.2800,6.2375,-0.1104,-0.1104
11.4887,pi,6.2800,6.2968,-0.1092,-0.1092
11.4937,pi,6.2800,6.2938,-0.1092,-0.1092
11.4987,pi,6.2800,6.3145,-0.1088,-0.1088
11.5038,pi,6.2800,6.3082,-0.1089,-0.1089
11.5087,pi,6.2800,6.3260,-0.1086,-0.1086
11.5137,pi,6.2800,6.3403,-0.1083,-0.1083
11.5187,pi,6.2800,6.3519,-0.1080,-0.1080
11.5238,pi,6.2800,6.3381,-0.1083,-0.1083
11.5287,pi,6.2800,6.3499,-0.1080,-0.1080
11.5338,pi,6.2800,6.3592,-0.1078,-0.1078
11.5388,pi,6.2800,6.3439,-0.1081,-0.1081
11.5438,pi,6.2800,6.3317,-0.1083,-0.1083
11.5487,pi,6.2800,6.3219,-0.1085,-0.1085
11.5537,pi,6.2800,6.3142,-0.1087,-0.1087
11.5587,pi,6.2800,6.2575,-0.1098,-0.1098
11.5637,pi,6.2800,6.2399,-0.1102,-0.1102
11.5687,pi,6.2800,6.2485,-0.1100,-0.1100
11.5737,pi,6.2800,6.2326,-0.1103,-0.1103
11.5787,pi,6.2800,6.2656,-0.1097,-0.1097
11.5838,pi,6.2800,6.2691,-0.1096,-0.1096
11.5887,pi,6.2800,6.2718,-0.1095,-0.1095
11.5937,pi,6.2800,6.2739,-0.1095,-0.1095
11.5988,pi,6.2800,6.2250,-0.1105,-0.1105
11.6038,pi,6.2800,6.2364,-0.1103,-0.1103
11.6087,pi,6.2800,6.2958,-0.1091,-0.1091
11.6138,pi,6.2800,6.2930,-0.1091,-0.1091
11.6187,pi,6.2800,6.2907,-0.1092,-0.1092
11.6238,pi,6.2800,6.2889,-0.1092,-0.1092
11.6287,pi,6.2800,6.2874,-0.1092,-0.1092
11.6338,pi,6.2800,6.2865,-0.1093,-0.1093
11.6387,pi,6.2800,6.3087,-0.1088,-0.1088
11.6438,pi,6.2800,6.3036,-0.1089,-0.1089
11.6487,pi,6.2800,6.3223,-0.1085,-0.1085
11.6538,pi,6.2800,6.3144,-0.1087,-0.1087
11.6587,pi,6.2800,6.3311,-0.1083,-0.1083
11.6641,pi,6.2800,6.3207,-0.1085,-0.1085
11.6693,pi,6.2800,6.3122,-0.1087,-0.1087
11.6746,pi,6.2800,6.3050,-0.1088,-0.1088
11.6799,pi,6.2800,6.2493,-0.1099,-0.1099
11.6846,pi,6.2800,6.2548,-0.1098,-0.1098
11.6890,pi,6.2800,6.2591,-0.1098,-0.1098
11.6947,pi,6.2800,6.2447,-0.1101,-0.1101
11.6991,pi,6.2800,6.1172,-0.1126,-0.1126
11.7043,pi,6.2800,5.9991,-0.1151,-0.1151
11.7093,pi,6.2800,5.9043,-0.1171,-0.1171
11.7138,pi,6.2800,5.8653,-0.1180,-0.1180
11.7190,pi,6.2800,5.8350,-0.1187,-0.1187
11.7241,pi,6.2800,5.8109,-0.1193,-0.1193
11.7288,pi,6.2800,5.8373,-0.1189,-0.1189
11.7337,pi,6.2800,5.8589,-0.1185,-0.1185
11.7388,pi,6.2800,5.8766,-0.1183,-0.1183
11.7437,pi,6.2800,5.8908,-0.1181,-0.1181
11.7488,pi,6.2800,5.9167,-0.1177,-0.1177
11.7537,pi,6.2800,6.0595,-0.1149,-0.1149
11.7588,pi,6.2800,6.1737,-0.1126,-0.1126
11.7638,pi,6.2800,6.2651,-0.1108,-0.1108
11.7688,pi,6.2800,6.3382,-0.1093,-0.1093
11.7737,pi,6.2800,6.3963,-0.1081,-0.1081
11.7787,pi,6.2800,6.4429,-0.1071,-0.1071
11.7837,pi,6.2800,6.4347,-0.1073,-0.1073
11.7888,pi,6.2800,6.4546,-0.1068,-0.1068
11.7937,pi,6.2800,6.4888,-0.1061,-0.1061
11.7987,pi,6.2800,6.4705,-0.1064,-0.1064
11.8037,pi,6.2800,6.5017,-0.1057,-0.1057
11.8087,pi,6.2800,6.4808,-0.1061,-0.1061
11.8137,pi,6.2800,6.5100,-0.1054,-0.1054
11.8188,pi,6.2800,6.4646,-0.1063,-0.1063
11.8237,pi,6.2800,6.4513,-0.1065,-0.1065
11.8288,pi,6.2800,6.4175,-0.1072,-0.1072
11.8337,pi,6.2800,6.4134,-0.1072,-0.1072
11.8388,pi,6.2800,6.3872,-0.1077,-0.1077
11.8437,pi,6.2800,6.3663,-0.1081,-0.1081
11.8488,pi,6.2800,6.3495,-0.1084,-0.1084
11.8539,pi,6.2800,6.3355,-0.1087,-0.1087
11.8595,pi,6.2800,6.3241,-0.1089,-0.1089
11.8643,pi,6.2800,6.3151,-0.1091,-0.1091
11.8687,pi,6.2800,6.3580,-0.1082,-0.1082
11.8737,pi,6.2800,6.3427,-0.1085,-0.1085
11.8787,pi,6.2800,6.3307,-0.1087,-0.1087
11.8837,pi,6.2800,6.3212,-0.1089,-0.1089
11.8888,pi,6.2800,6.3133,-0.1091,-0.1091
11.8938,pi,6.2800,6.3071,-0.1092,-0.1092
11.8988,pi,6.2800,6.3022,-0.1093,-0.1093
11.9037,pi,6.2800,6.3213,-0.1089,-0.1089
11.9088,pi,6.2800,6.2912,-0.1095,-0.1095
11.9138,pi,6.2800,6.3131,-0.1090,-0.1090
11.9188,pi,6.2800,6.2849,-0.1096,-0.1096
11.9238,pi,6.2800,6.2626,-0.1100,-0.1100
11.9288,pi,6.2800,6.2439,-0.1104,-0.1104
11.9338,pi,6.2800,6.2511,-0.1103,-0.1103
11.9387,pi,6.2800,6.2345,-0.1106,-0.1106
11.9438,pi,6.2800,6.2436,-0.1105,-0.1105
11.9488,pi,6.2800,6.2512,-0.1103,-0.1103
11.9538,pi,6.2800,6.2576,-0.1102,-0.1102
11.9588,pi,6.2800,6.2627,-0.1101,-0.1101
11.9638,pi,6.2800,6.2667,-0.1100,-0.1100
11.9688,pi,6.2800,6.2697,-0.1100,-0.1100
11.9737,pi,6.2800,6.2953,-0.1094,-0.1094
11.9787,pi,6.2800,6.2701,-0.1099,-0.1099
11.9838,pi,6.2800,6.2955,-0.1094,-0.1094
11.9888,pi,6.2800,6.2707,-0.1099,-0.1099
11.9937,pi,6.2800,6.2963,-0.1094,-0.1094
11.9987,pi,6.2800,6.2718,-0.1099,-0.1099
12.0037,pi,6.2800,6.2975,-0.1094,-0.1094
12.0088,pi,6.2800,6.2718,-0.1099,-0.1099
12.0137,pi,6.2800,6.2972,-0.1094,-0.1094
12.0188,pi,6.2800,6.2716,-0.1099,-0.1099
12.0237,pi,6.2800,6.2974,-0.1094,-0.1094
12.0288,pi,6.2800,6.2946,-0.1094,-0.1094
12.0338,pi,6.2800,6.2921,-0.1095,-0.1095
12.0388,pi,6.2800,6.2902,-0.1095,-0.1095
12.0437,pi,6.2800,6.2887,-0.1096,-0.1096
12.0488,pi,6.2800,6.2872,-0.1096,-0.1096
12.0538,pi,6.2800,6.2850,-0.1096,-0.1096
12.0588,pi,6.2800,6.2844,-0.1096,-0.1096
12.0637,pi,6.2800,6.2840,-0.1096,-0.1096
12.0688,pi,6.2800,6.2836,-0.1096,-0.1096
12.0738,pi,6.2800,6.2833,-0.1097,-0.1097
12.0788,pi,6.2800,6.2828,-0.1097,-0.1097
12.0837,pi,6.2800,6.3055,-0.1092,-0.1092
12.0888,pi,6.2800,6.3010,-0.1093,-0.1093
12.0938,pi,6.2800,6.2974,-0.1094,-0.1094
12.0987,pi,6.2800,6.2718,-0.1099,-0.1099
12.1037,pi,6.2800,6.2971,-0.1094,-0.1094
12.1087,pi,6.2800,6.2723,-0.1099,-0.1099
12.1139,pi,6.2800,6.2728,-0.1098,-0.1098
12.1189,pi,6.2800,6.2740,-0.1098,-0.1098
12.1240,pi,6.2800,6.2751,-0.1098,-0.1098
12.1287,pi,6.2800,6.2993,-0.1093,-0.1093
12.1337,pi,6.2800,6.3193,-0.1089,-0.1089
12.1387,pi,6.2800,6.3349,-0.1086,-0.1086
12.1440,pi,6.2800,6.3245,-0.1088,-0.1088
12.1491,pi,6.2800,6.3660,-0.1079,-0.1079
12.1538,pi,6.2800,6.3491,-0.1082,-0.1082
12.1588,pi,6.2800,6.3357,-0.1085,-0.1085
12.1637,pi,6.2800,6.3480,-0.1082,-0.1082
12.1688,pi,6.2800,6.3852,-0.1075,-0.1075
12.1737,pi,6.2800,6.3884,-0.1074,-0.1074
12.1788,pi,6.2800,6.3451,-0.1082,-0.1082
12.1838,pi,6.2800,6.3326,-0.1085,-0.1085
12.1888,pi,6.2800,6.3224,-0.1087,-0.1087
12.1937,pi,6.2800,6.2919,-0.1093,-0.1093
12.1988,pi,6.2800,6.2673,-0.1098,-0.1098
12.2038,pi,6.2800,6.2477,-0.1102,-0.1102
12.2088,pi,6.2800,6.3049,-0.1090,-0.1090
12.2138,pi,6.2800,6.3005,-0.1091,-0.1091
12.2188,pi,6.2800,6.2738,-0.1096,-0.1096
12.2238,pi,6.2800,6.2756,-0.1096,-0.1096
12.2288,pi,6.2800,6.3271,-0.1086,-0.1086
12.2338,pi,6.2800,6.3180,-0.1087,-0.1087
12.2388,pi,6.2800,6.2881,-0.1093,-0.1093
12.2437,pi,6.2800,6.2647,-0.1098,-0.1098
12.2487,pi,6.2800,6.2454,-0.1102,-0.1102
12.2539,pi,6.2800,6.2759,-0.1096,-0.1096
12.2588,pi,6.2800,6.2547,-0.1100,-0.1100
12.2638,pi,6.2800,6.2380,-0.1104,-0.1104
12.2688,pi,6.2800,6.2243,-0.1106,-0.1106
12.2738,pi,6.2800,6.2593,-0.1099,-0.1099
12.2788,pi,6.2800,6.2411,-0.1103,-0.1103
12.2838,pi,6.2800,6.2268,-0.1106,-0.1106
12.2888,pi,6.2800,6.2614,-0.1099,-0.1099
12.2938,pi,6.2800,6.2655,-0.1099,-0.1099
12.2987,pi,6.2800,6.2690,-0.1098,-0.1098
12.3038,pi,6.2800,6.2718,-0.1097,-0.1097
12.3087,pi,6.2800,6.2970,-0.1092,-0.1092
12.3138,pi,6.2800,6.2938,-0.1093,-0.1093
12.3188,pi,6.2800,6.2913,-0.1093,-0.1093
12.3238,pi,6.2800,6.2896,-0.1094,-0.1094
12.3287,pi,6.2800,6.3113,-0.1089,-0.1089
12.3337,pi,6.2800,6.3288,-0.1086,-0.1086
12.3388,pi,6.2800,6.2693,-0.1098,-0.1098
12.3437,pi,6.2800,6.2493,-0.1102,-0.1102
12.3487,pi,6.2800,6.2790,-0.1096,-0.1096
12.3538,pi,6.2800,6.2792,-0.1096,-0.1096
12.3588,pi,6.2800,6.2291,-0.1106,-0.1106
12.3638,pi,6.2800,6.2172,-0.1108,-0.1108
12.3688,pi,6.2800,6.2536,-0.1101,-0.1101
12.3737,pi,6.2800,6.2828,-0.1095,-0.1095
12.3788,pi,6.2800,6.2326,-0.1105,-0.1105
12.3838,pi,6.2800,6.2427,-0.1103,-0.1103
12.3891,pi,6.2800,6.2505,-0.1102,-0.1102
12.3938,pi,6.2800,6.2567,-0.1101,-0.1101
12.3988,pi,6.2800,6.2116,-0.1110,-0.1110
12.4041,pi,6.2800,6.2026,-0.1112,-0.1112
12.4088,pi,6.2800,6.2689,-0.1099,-0.1099
12.4142,pi,6.2800,6.2713,-0.1098,-0.1098
12.4187,pi,6.2800,6.2229,-0.1108,-0.1108
12.4237,pi,6.2800,6.2124,-0.1110,-0.1110
12.4287,pi,6.2800,6.2495,-0.1103,-0.1103
12.4338,pi,6.2800,6.2560,-0.1102,-0.1102
12.4387,pi,6.2800,6.2838,-0.1096,-0.1096
12.4438,pi,6.2800,6.2837,-0.1096,-0.1096
12.4487,pi,6.2800,6.3065,-0.1092,-0.1092
12.4538,pi,6.2800,6.3246,-0.1088,-0.1088
12.4587,pi,6.2800,6.3396,-0.1085,-0.1085
12.4638,pi,6.2800,6.3063,-0.1091,-0.1091
12.4689,pi,6.2800,6.3249,-0.1087,-0.1087
12.4743,pi,6.2800,6.3158,-0.1089,-0.1089
12.4791,pi,6.2800,6.3081,-0.1091,-0.1091
12.4838,pi,6.2800,6.3031,-0.1092,-0.1092
12.4887,pi,6.2800,6.3223,-0.1088,-0.1088
12.4937,pi,6.2800,6.2923,-0.1094,-0.1094
12.4988,pi,6.2800,6.2900,-0.1094,-0.1094
12.5037,pi,6.2800,6.2662,-0.1099,-0.1099
12.5087,pi,6.2800,6.2931,-0.1093,-0.1093
12.5138,pi,6.2800,6.2908,-0.1094,-0.1094
12.5188,pi,6.2800,6.2387,-0.1104,-0.1104
12.5237,pi,6.2800,6.2246,-0.1107,-0.1107
12.5288,pi,6.2800,6.2591,-0.1101,-0.1101
12.5338,pi,6.2800,6.2417,-0.1104,-0.1104
12.5388,pi,6.2800,6.2491,-0.1103,-0.1103
12.5440,pi,6.2800,6.2549,-0.1102,-0.1102
12.5492,pi,6.2800,6.2586,-0.1101,-0.1101
12.5543,pi,6.2800,6.2622,-0.1100,-0.1100
12.5594,pi,6.2800,6.2149,-0.1110,-0.1110
12.5638,pi,6.2800,6.2279,-0.1107,-0.1107
12.5688,pi,6.2800,6.2890,-0.1095,-0.1095
12.5737,pi,6.2800,6.2878,-0.1095,-0.1095
12.5786,pi,6.2800,6.3099,-0.1091,-0.1091
12.5837,pi,6.2800,6.2823,-0.1096,-0.1096
12.5887,pi,6.2800,6.3054,-0.1092,-0.1092
12.5937,pi,6.2800,6.2787,-0.1097,-0.1097
12.5987,pi,6.2800,6.3031,-0.1092,-0.1092
12.6037,pi,6.2800,6.2785,-0.1097,-0.1097
12.6087,pi,6.2800,6.3032,-0.1092,-0.1092
12.6138,pi,6.2800,6.3228,-0.1088,-0.1088
12.6187,pi,6.2800,6.3383,-0.1085,-0.1085
12.6238,pi,6.2800,6.3272,-0.1087,-0.1087
12.6287,pi,6.2800,6.3183,-0.1089,-0.1089
12.6337,pi,6.2800,6.3111,-0.1090,-0.1090
12.6387,pi,6.2800,6.3055,-0.1091,-0.1091
12.6438,pi,6.2800,6.3009,-0.1092,-0.1092
12.6487,pi,6.2800,6.3203,-0.1088,-0.1088
12.6538,pi,6.2800,6.3128,-0.1089,-0.1089
12.6587,pi,6.2800,6.3068,-0.1090,-0.1090
12.6637,pi,6.2800,6.2793,-0.1096,-0.1096
12.6687,pi,6.2800,6.3032,-0.1091,-0.1091
12.6738,pi,6.2800,6.2765,-0.1096,-0.1096
12.6788,pi,6.2800,6.2777,-0.1096,-0.1096
12.6837,pi,6.2800,6.2558,-0.1101,-0.1101
12.6887,pi,6.2800,6.2843,-0.1095,-0.1095
12.6937,pi,6.2800,6.2612,-0.1100,-0.1100
12.6988,pi,6.2800,6.2656,-0.1099,-0.1099
12.7037,pi,6.2800,6.2462,-0.1103,-0.1103
12.7087,pi,6.2800,6.2766,-0.1097,-0.1097
12.7139,pi,6.2800,6.2778,-0.1096,-0.1096
12.7187,pi,6.2800,6.2785,-0.1096,-0.1096
12.7239,pi,6.2800,6.2777,-0.1096,-0.1096
12.7287,pi,6.2800,6.3013,-0.1092,-0.1092
12.7338,pi,6.2800,6.2750,-0.1097,-0.1097
12.7388,pi,6.2800,6.2766,-0.1097,-0.1097
12.7438,pi,6.2800,6.2778,-0.1096,-0.1096
12.7487,pi,6.2800,6.3017,-0.1092,-0.1092
12.7538,pi,6.2800,6.2751,-0.1097,-0.1097
12.7588,pi,6.2800,6.2767,-0.1097,-0.1097
12.7639,pi,6.2800,6.2776,-0.1096,-0.1096
12.7687,pi,6.2800,6.3015,-0.1092,-0.1092
12.7738,pi,6.2800,6.2750,-0.1097,-0.1097
12.7788,pi,6.2800,6.2763,-0.1097,-0.1097
12.7838,pi,6.2800,6.2772,-0.1096,-0.1096
12.7887,pi,6.2800,6.3014,-0.1092,-0.1092
12.7937,pi,6.2800,6.2752,-0.1097,-0.1097
12.7987,pi,6.2800,6.2999,-0.1092,-0.1092
12.8038,pi,6.2800,6.2737,-0.1097,-0.1097
12.8088,pi,6.2800,6.2756,-0.1097,-0.1097
12.8138,pi,6.2800,6.2770,-0.1096,-0.1096
12.8187,pi,6.2800,6.3014,-0.1092,-0.1092
12.8237,pi,6.2800,6.2751,-0.1097,-0.1097
12.8288,pi,6.2800,6.2997,-0.1092,-0.1092
12.8338,pi,6.2800,6.2733,-0.1097,-0.1097
12.8388,pi,6.2800,6.2751,-0.1097,-0.1097
12.8437,pi,6.2800,6.2762,-0.1097,-0.1097
12.8487,pi,6.2800,6.2776,-0.1096,-0.1096
12.8537,pi,6.2800,6.2786,-0.1096,-0.1096
12.8587,pi,6.2800,6.3023,-0.1091,-0.1091
12.8638,pi,6.2800,6.2757,-0.1097,-0.1097
12.8690,pi,6.2800,6.2768,-0.1096,-0.1096
12.8739,pi,6.2800,6.2774,-0.1096,-0.1096
12.8789,pi,6.2800,6.2780,-0.1096,-0.1096
12.8837,pi,6.2800,6.3015,-0.1091,-0.1091
12.8891,pi,6.2800,6.2977,-0.1092,-0.1092
12.8905,coast,6.2800,6.2977,0.0000,0.0000
